[2026-09-17T09:31:26.414+0000] {processor.py:157} INFO - Started process (PID=38549) to work on /workspaces/hands-on-introduction-data-engineering-4395021/airflow/dags/basic_etl_dag.py
[2026-09-17T09:31:26.415+0000] {processor.py:826} INFO - Processing file /workspaces/hands-on-introduction-data-engineering-4395021/airflow/dags/basic_etl_dag.py for tasks to queue
[2026-09-17T09:31:26.416+0000] {logging_mixin.py:150} INFO - [2026-09-17T09:31:26.415+0000] {dagbag.py:541} INFO - Filling up the DagBag from /workspaces/hands-on-introduction-data-engineering-4395021/airflow/dags/basic_etl_dag.py
[2026-09-17T09:31:26.775+0000] {processor.py:836} INFO - DAG(s) dict_keys(['basic_etl_dag']) retrieved from /workspaces/hands-on-introduction-data-engineering-4395021/airflow/dags/basic_etl_dag.py
[2026-09-17T09:31:26.860+0000] {logging_mixin.py:150} INFO - [2026-09-17T09:31:26.860+0000] {manager.py:504} INFO - Created Permission View: can delete on DAG:basic_etl_dag
[2026-09-17T09:31:26.872+0000] {logging_mixin.py:150} INFO - [2026-09-17T09:31:26.872+0000] {manager.py:504} INFO - Created Permission View: can read on DAG:basic_etl_dag
[2026-09-17T09:31:26.884+0000] {logging_mixin.py:150} INFO - [2026-09-17T09:31:26.884+0000] {manager.py:504} INFO - Created Permission View: can edit on DAG:basic_etl_dag
[2026-09-17T09:31:26.895+0000] {logging_mixin.py:150} INFO - [2026-09-17T09:31:26.895+0000] {dag.py:2742} INFO - Sync 1 DAGs
[2026-09-17T09:31:26.908+0000] {logging_mixin.py:150} INFO - [2026-09-17T09:31:26.907+0000] {dag.py:2763} INFO - Creating ORM DAG for basic_etl_dag
[2026-09-17T09:31:26.917+0000] {logging_mixin.py:150} INFO - [2026-09-17T09:31:26.917+0000] {dag.py:3504} INFO - Setting next_dagrun for basic_etl_dag to None, run_after=None
[2026-09-17T09:31:26.938+0000] {processor.py:179} INFO - Processing /workspaces/hands-on-introduction-data-engineering-4395021/airflow/dags/basic_etl_dag.py took 0.527 seconds
[2026-09-17T09:31:57.476+0000] {processor.py:157} INFO - Started process (PID=38776) to work on /workspaces/hands-on-introduction-data-engineering-4395021/airflow/dags/basic_etl_dag.py
[2026-09-17T09:31:57.477+0000] {processor.py:826} INFO - Processing file /workspaces/hands-on-introduction-data-engineering-4395021/airflow/dags/basic_etl_dag.py for tasks to queue
[2026-09-17T09:31:57.477+0000] {logging_mixin.py:150} INFO - [2026-09-17T09:31:57.477+0000] {dagbag.py:541} INFO - Filling up the DagBag from /workspaces/hands-on-introduction-data-engineering-4395021/airflow/dags/basic_etl_dag.py
[2026-09-17T09:31:57.754+0000] {processor.py:836} INFO - DAG(s) dict_keys(['basic_etl_dag']) retrieved from /workspaces/hands-on-introduction-data-engineering-4395021/airflow/dags/basic_etl_dag.py
[2026-09-17T09:31:57.777+0000] {logging_mixin.py:150} INFO - [2026-09-17T09:31:57.777+0000] {dag.py:2742} INFO - Sync 1 DAGs
[2026-09-17T09:31:57.800+0000] {logging_mixin.py:150} INFO - [2026-09-17T09:31:57.800+0000] {dag.py:3504} INFO - Setting next_dagrun for basic_etl_dag to None, run_after=None
[2026-09-17T09:31:57.831+0000] {processor.py:179} INFO - Processing /workspaces/hands-on-introduction-data-engineering-4395021/airflow/dags/basic_etl_dag.py took 0.358 seconds
[2026-09-17T09:32:28.084+0000] {processor.py:157} INFO - Started process (PID=38965) to work on /workspaces/hands-on-introduction-data-engineering-4395021/airflow/dags/basic_etl_dag.py
[2026-09-17T09:32:28.085+0000] {processor.py:826} INFO - Processing file /workspaces/hands-on-introduction-data-engineering-4395021/airflow/dags/basic_etl_dag.py for tasks to queue
[2026-09-17T09:32:28.086+0000] {logging_mixin.py:150} INFO - [2026-09-17T09:32:28.085+0000] {dagbag.py:541} INFO - Filling up the DagBag from /workspaces/hands-on-introduction-data-engineering-4395021/airflow/dags/basic_etl_dag.py
[2026-09-17T09:32:28.410+0000] {processor.py:836} INFO - DAG(s) dict_keys(['basic_etl_dag']) retrieved from /workspaces/hands-on-introduction-data-engineering-4395021/airflow/dags/basic_etl_dag.py
[2026-09-17T09:32:28.428+0000] {logging_mixin.py:150} INFO - [2026-09-17T09:32:28.428+0000] {dag.py:2742} INFO - Sync 1 DAGs
[2026-09-17T09:32:28.442+0000] {logging_mixin.py:150} INFO - [2026-09-17T09:32:28.441+0000] {dag.py:3504} INFO - Setting next_dagrun for basic_etl_dag to None, run_after=None
[2026-09-17T09:32:28.458+0000] {processor.py:179} INFO - Processing /workspaces/hands-on-introduction-data-engineering-4395021/airflow/dags/basic_etl_dag.py took 0.376 seconds
[2026-09-17T09:32:59.304+0000] {processor.py:157} INFO - Started process (PID=39147) to work on /workspaces/hands-on-introduction-data-engineering-4395021/airflow/dags/basic_etl_dag.py
[2026-09-17T09:32:59.305+0000] {processor.py:826} INFO - Processing file /workspaces/hands-on-introduction-data-engineering-4395021/airflow/dags/basic_etl_dag.py for tasks to queue
[2026-09-17T09:32:59.306+0000] {logging_mixin.py:150} INFO - [2026-09-17T09:32:59.306+0000] {dagbag.py:541} INFO - Filling up the DagBag from /workspaces/hands-on-introduction-data-engineering-4395021/airflow/dags/basic_etl_dag.py
[2026-09-17T09:32:59.588+0000] {processor.py:836} INFO - DAG(s) dict_keys(['basic_etl_dag']) retrieved from /workspaces/hands-on-introduction-data-engineering-4395021/airflow/dags/basic_etl_dag.py
[2026-09-17T09:32:59.603+0000] {logging_mixin.py:150} INFO - [2026-09-17T09:32:59.603+0000] {dag.py:2742} INFO - Sync 1 DAGs
[2026-09-17T09:32:59.617+0000] {logging_mixin.py:150} INFO - [2026-09-17T09:32:59.617+0000] {dag.py:3504} INFO - Setting next_dagrun for basic_etl_dag to None, run_after=None
[2026-09-17T09:32:59.633+0000] {processor.py:179} INFO - Processing /workspaces/hands-on-introduction-data-engineering-4395021/airflow/dags/basic_etl_dag.py took 0.332 seconds
[2026-09-17T09:33:29.814+0000] {processor.py:157} INFO - Started process (PID=39325) to work on /workspaces/hands-on-introduction-data-engineering-4395021/airflow/dags/basic_etl_dag.py
[2026-09-17T09:33:29.814+0000] {processor.py:826} INFO - Processing file /workspaces/hands-on-introduction-data-engineering-4395021/airflow/dags/basic_etl_dag.py for tasks to queue
[2026-09-17T09:33:29.815+0000] {logging_mixin.py:150} INFO - [2026-09-17T09:33:29.815+0000] {dagbag.py:541} INFO - Filling up the DagBag from /workspaces/hands-on-introduction-data-engineering-4395021/airflow/dags/basic_etl_dag.py
[2026-09-17T09:33:30.091+0000] {processor.py:836} INFO - DAG(s) dict_keys(['basic_etl_dag']) retrieved from /workspaces/hands-on-introduction-data-engineering-4395021/airflow/dags/basic_etl_dag.py
[2026-09-17T09:33:30.108+0000] {logging_mixin.py:150} INFO - [2026-09-17T09:33:30.107+0000] {dag.py:2742} INFO - Sync 1 DAGs
[2026-09-17T09:33:30.125+0000] {logging_mixin.py:150} INFO - [2026-09-17T09:33:30.125+0000] {dag.py:3504} INFO - Setting next_dagrun for basic_etl_dag to None, run_after=None
[2026-09-17T09:33:30.150+0000] {processor.py:179} INFO - Processing /workspaces/hands-on-introduction-data-engineering-4395021/airflow/dags/basic_etl_dag.py took 0.339 seconds
[2026-09-17T09:34:00.639+0000] {processor.py:157} INFO - Started process (PID=39598) to work on /workspaces/hands-on-introduction-data-engineering-4395021/airflow/dags/basic_etl_dag.py
[2026-09-17T09:34:00.640+0000] {processor.py:826} INFO - Processing file /workspaces/hands-on-introduction-data-engineering-4395021/airflow/dags/basic_etl_dag.py for tasks to queue
[2026-09-17T09:34:00.640+0000] {logging_mixin.py:150} INFO - [2026-09-17T09:34:00.640+0000] {dagbag.py:541} INFO - Filling up the DagBag from /workspaces/hands-on-introduction-data-engineering-4395021/airflow/dags/basic_etl_dag.py
[2026-09-17T09:34:00.917+0000] {processor.py:836} INFO - DAG(s) dict_keys(['basic_etl_dag']) retrieved from /workspaces/hands-on-introduction-data-engineering-4395021/airflow/dags/basic_etl_dag.py
[2026-09-17T09:34:00.931+0000] {logging_mixin.py:150} INFO - [2026-09-17T09:34:00.931+0000] {dag.py:2742} INFO - Sync 1 DAGs
[2026-09-17T09:34:00.945+0000] {logging_mixin.py:150} INFO - [2026-09-17T09:34:00.945+0000] {dag.py:3504} INFO - Setting next_dagrun for basic_etl_dag to None, run_after=None
[2026-09-17T09:34:00.965+0000] {processor.py:179} INFO - Processing /workspaces/hands-on-introduction-data-engineering-4395021/airflow/dags/basic_etl_dag.py took 0.328 seconds
[2026-09-17T09:34:31.897+0000] {processor.py:157} INFO - Started process (PID=39780) to work on /workspaces/hands-on-introduction-data-engineering-4395021/airflow/dags/basic_etl_dag.py
[2026-09-17T09:34:31.898+0000] {processor.py:826} INFO - Processing file /workspaces/hands-on-introduction-data-engineering-4395021/airflow/dags/basic_etl_dag.py for tasks to queue
[2026-09-17T09:34:31.898+0000] {logging_mixin.py:150} INFO - [2026-09-17T09:34:31.898+0000] {dagbag.py:541} INFO - Filling up the DagBag from /workspaces/hands-on-introduction-data-engineering-4395021/airflow/dags/basic_etl_dag.py
[2026-09-17T09:34:32.177+0000] {processor.py:836} INFO - DAG(s) dict_keys(['basic_etl_dag']) retrieved from /workspaces/hands-on-introduction-data-engineering-4395021/airflow/dags/basic_etl_dag.py
[2026-09-17T09:34:32.191+0000] {logging_mixin.py:150} INFO - [2026-09-17T09:34:32.191+0000] {dag.py:2742} INFO - Sync 1 DAGs
[2026-09-17T09:34:32.210+0000] {logging_mixin.py:150} INFO - [2026-09-17T09:34:32.210+0000] {dag.py:3504} INFO - Setting next_dagrun for basic_etl_dag to None, run_after=None
[2026-09-17T09:34:32.228+0000] {processor.py:179} INFO - Processing /workspaces/hands-on-introduction-data-engineering-4395021/airflow/dags/basic_etl_dag.py took 0.334 seconds
[2026-09-17T09:35:03.154+0000] {processor.py:157} INFO - Started process (PID=39990) to work on /workspaces/hands-on-introduction-data-engineering-4395021/airflow/dags/basic_etl_dag.py
[2026-09-17T09:35:03.155+0000] {processor.py:826} INFO - Processing file /workspaces/hands-on-introduction-data-engineering-4395021/airflow/dags/basic_etl_dag.py for tasks to queue
[2026-09-17T09:35:03.156+0000] {logging_mixin.py:150} INFO - [2026-09-17T09:35:03.156+0000] {dagbag.py:541} INFO - Filling up the DagBag from /workspaces/hands-on-introduction-data-engineering-4395021/airflow/dags/basic_etl_dag.py
[2026-09-17T09:35:03.470+0000] {processor.py:836} INFO - DAG(s) dict_keys(['basic_etl_dag']) retrieved from /workspaces/hands-on-introduction-data-engineering-4395021/airflow/dags/basic_etl_dag.py
[2026-09-17T09:35:03.485+0000] {logging_mixin.py:150} INFO - [2026-09-17T09:35:03.485+0000] {dag.py:2742} INFO - Sync 1 DAGs
[2026-09-17T09:35:03.499+0000] {logging_mixin.py:150} INFO - [2026-09-17T09:35:03.499+0000] {dag.py:3504} INFO - Setting next_dagrun for basic_etl_dag to None, run_after=None
[2026-09-17T09:35:03.517+0000] {processor.py:179} INFO - Processing /workspaces/hands-on-introduction-data-engineering-4395021/airflow/dags/basic_etl_dag.py took 0.366 seconds
[2026-09-17T09:35:33.777+0000] {processor.py:157} INFO - Started process (PID=40203) to work on /workspaces/hands-on-introduction-data-engineering-4395021/airflow/dags/basic_etl_dag.py
[2026-09-17T09:35:33.777+0000] {processor.py:826} INFO - Processing file /workspaces/hands-on-introduction-data-engineering-4395021/airflow/dags/basic_etl_dag.py for tasks to queue
[2026-09-17T09:35:33.778+0000] {logging_mixin.py:150} INFO - [2026-09-17T09:35:33.778+0000] {dagbag.py:541} INFO - Filling up the DagBag from /workspaces/hands-on-introduction-data-engineering-4395021/airflow/dags/basic_etl_dag.py
[2026-09-17T09:35:34.069+0000] {processor.py:836} INFO - DAG(s) dict_keys(['basic_etl_dag']) retrieved from /workspaces/hands-on-introduction-data-engineering-4395021/airflow/dags/basic_etl_dag.py
[2026-09-17T09:35:34.087+0000] {logging_mixin.py:150} INFO - [2026-09-17T09:35:34.087+0000] {dag.py:2742} INFO - Sync 1 DAGs
[2026-09-17T09:35:34.104+0000] {logging_mixin.py:150} INFO - [2026-09-17T09:35:34.104+0000] {dag.py:3504} INFO - Setting next_dagrun for basic_etl_dag to None, run_after=None
[2026-09-17T09:35:34.122+0000] {processor.py:179} INFO - Processing /workspaces/hands-on-introduction-data-engineering-4395021/airflow/dags/basic_etl_dag.py took 0.348 seconds
[2026-09-17T09:36:04.277+0000] {processor.py:157} INFO - Started process (PID=40402) to work on /workspaces/hands-on-introduction-data-engineering-4395021/airflow/dags/basic_etl_dag.py
[2026-09-17T09:36:04.278+0000] {processor.py:826} INFO - Processing file /workspaces/hands-on-introduction-data-engineering-4395021/airflow/dags/basic_etl_dag.py for tasks to queue
[2026-09-17T09:36:04.278+0000] {logging_mixin.py:150} INFO - [2026-09-17T09:36:04.278+0000] {dagbag.py:541} INFO - Filling up the DagBag from /workspaces/hands-on-introduction-data-engineering-4395021/airflow/dags/basic_etl_dag.py
[2026-09-17T09:36:04.579+0000] {processor.py:836} INFO - DAG(s) dict_keys(['basic_etl_dag']) retrieved from /workspaces/hands-on-introduction-data-engineering-4395021/airflow/dags/basic_etl_dag.py
[2026-09-17T09:36:04.600+0000] {logging_mixin.py:150} INFO - [2026-09-17T09:36:04.600+0000] {dag.py:2742} INFO - Sync 1 DAGs
[2026-09-17T09:36:04.626+0000] {logging_mixin.py:150} INFO - [2026-09-17T09:36:04.625+0000] {dag.py:3504} INFO - Setting next_dagrun for basic_etl_dag to None, run_after=None
[2026-09-17T09:36:04.644+0000] {processor.py:179} INFO - Processing /workspaces/hands-on-introduction-data-engineering-4395021/airflow/dags/basic_etl_dag.py took 0.369 seconds
[2026-09-17T09:36:34.809+0000] {processor.py:157} INFO - Started process (PID=40624) to work on /workspaces/hands-on-introduction-data-engineering-4395021/airflow/dags/basic_etl_dag.py
[2026-09-17T09:36:34.810+0000] {processor.py:826} INFO - Processing file /workspaces/hands-on-introduction-data-engineering-4395021/airflow/dags/basic_etl_dag.py for tasks to queue
[2026-09-17T09:36:34.811+0000] {logging_mixin.py:150} INFO - [2026-09-17T09:36:34.811+0000] {dagbag.py:541} INFO - Filling up the DagBag from /workspaces/hands-on-introduction-data-engineering-4395021/airflow/dags/basic_etl_dag.py
[2026-09-17T09:36:35.127+0000] {processor.py:836} INFO - DAG(s) dict_keys(['basic_etl_dag']) retrieved from /workspaces/hands-on-introduction-data-engineering-4395021/airflow/dags/basic_etl_dag.py
[2026-09-17T09:36:35.142+0000] {logging_mixin.py:150} INFO - [2026-09-17T09:36:35.142+0000] {dag.py:2742} INFO - Sync 1 DAGs
[2026-09-17T09:36:35.156+0000] {logging_mixin.py:150} INFO - [2026-09-17T09:36:35.156+0000] {dag.py:3504} INFO - Setting next_dagrun for basic_etl_dag to None, run_after=None
[2026-09-17T09:36:35.171+0000] {processor.py:179} INFO - Processing /workspaces/hands-on-introduction-data-engineering-4395021/airflow/dags/basic_etl_dag.py took 0.365 seconds
[2026-09-17T09:37:05.314+0000] {processor.py:157} INFO - Started process (PID=40829) to work on /workspaces/hands-on-introduction-data-engineering-4395021/airflow/dags/basic_etl_dag.py
[2026-09-17T09:37:05.315+0000] {processor.py:826} INFO - Processing file /workspaces/hands-on-introduction-data-engineering-4395021/airflow/dags/basic_etl_dag.py for tasks to queue
[2026-09-17T09:37:05.315+0000] {logging_mixin.py:150} INFO - [2026-09-17T09:37:05.315+0000] {dagbag.py:541} INFO - Filling up the DagBag from /workspaces/hands-on-introduction-data-engineering-4395021/airflow/dags/basic_etl_dag.py
[2026-09-17T09:37:05.589+0000] {processor.py:836} INFO - DAG(s) dict_keys(['basic_etl_dag']) retrieved from /workspaces/hands-on-introduction-data-engineering-4395021/airflow/dags/basic_etl_dag.py
[2026-09-17T09:37:05.605+0000] {logging_mixin.py:150} INFO - [2026-09-17T09:37:05.605+0000] {dag.py:2742} INFO - Sync 1 DAGs
[2026-09-17T09:37:05.621+0000] {logging_mixin.py:150} INFO - [2026-09-17T09:37:05.621+0000] {dag.py:3504} INFO - Setting next_dagrun for basic_etl_dag to None, run_after=None
[2026-09-17T09:37:05.640+0000] {processor.py:179} INFO - Processing /workspaces/hands-on-introduction-data-engineering-4395021/airflow/dags/basic_etl_dag.py took 0.330 seconds
[2026-09-17T09:37:35.818+0000] {processor.py:157} INFO - Started process (PID=41032) to work on /workspaces/hands-on-introduction-data-engineering-4395021/airflow/dags/basic_etl_dag.py
[2026-09-17T09:37:35.819+0000] {processor.py:826} INFO - Processing file /workspaces/hands-on-introduction-data-engineering-4395021/airflow/dags/basic_etl_dag.py for tasks to queue
[2026-09-17T09:37:35.820+0000] {logging_mixin.py:150} INFO - [2026-09-17T09:37:35.820+0000] {dagbag.py:541} INFO - Filling up the DagBag from /workspaces/hands-on-introduction-data-engineering-4395021/airflow/dags/basic_etl_dag.py
[2026-09-17T09:37:36.135+0000] {processor.py:836} INFO - DAG(s) dict_keys(['basic_etl_dag']) retrieved from /workspaces/hands-on-introduction-data-engineering-4395021/airflow/dags/basic_etl_dag.py
[2026-09-17T09:37:36.150+0000] {logging_mixin.py:150} INFO - [2026-09-17T09:37:36.150+0000] {dag.py:2742} INFO - Sync 1 DAGs
[2026-09-17T09:37:36.164+0000] {logging_mixin.py:150} INFO - [2026-09-17T09:37:36.164+0000] {dag.py:3504} INFO - Setting next_dagrun for basic_etl_dag to None, run_after=None
[2026-09-17T09:37:36.179+0000] {processor.py:179} INFO - Processing /workspaces/hands-on-introduction-data-engineering-4395021/airflow/dags/basic_etl_dag.py took 0.364 seconds
[2026-09-17T09:38:06.347+0000] {processor.py:157} INFO - Started process (PID=41238) to work on /workspaces/hands-on-introduction-data-engineering-4395021/airflow/dags/basic_etl_dag.py
[2026-09-17T09:38:06.348+0000] {processor.py:826} INFO - Processing file /workspaces/hands-on-introduction-data-engineering-4395021/airflow/dags/basic_etl_dag.py for tasks to queue
[2026-09-17T09:38:06.349+0000] {logging_mixin.py:150} INFO - [2026-09-17T09:38:06.348+0000] {dagbag.py:541} INFO - Filling up the DagBag from /workspaces/hands-on-introduction-data-engineering-4395021/airflow/dags/basic_etl_dag.py
[2026-09-17T09:38:06.662+0000] {processor.py:836} INFO - DAG(s) dict_keys(['basic_etl_dag']) retrieved from /workspaces/hands-on-introduction-data-engineering-4395021/airflow/dags/basic_etl_dag.py
[2026-09-17T09:38:06.678+0000] {logging_mixin.py:150} INFO - [2026-09-17T09:38:06.678+0000] {dag.py:2742} INFO - Sync 1 DAGs
[2026-09-17T09:38:06.691+0000] {logging_mixin.py:150} INFO - [2026-09-17T09:38:06.691+0000] {dag.py:3504} INFO - Setting next_dagrun for basic_etl_dag to None, run_after=None
[2026-09-17T09:38:06.709+0000] {processor.py:179} INFO - Processing /workspaces/hands-on-introduction-data-engineering-4395021/airflow/dags/basic_etl_dag.py took 0.365 seconds
[2026-09-17T09:38:36.856+0000] {processor.py:157} INFO - Started process (PID=41448) to work on /workspaces/hands-on-introduction-data-engineering-4395021/airflow/dags/basic_etl_dag.py
[2026-09-17T09:38:36.857+0000] {processor.py:826} INFO - Processing file /workspaces/hands-on-introduction-data-engineering-4395021/airflow/dags/basic_etl_dag.py for tasks to queue
[2026-09-17T09:38:36.858+0000] {logging_mixin.py:150} INFO - [2026-09-17T09:38:36.857+0000] {dagbag.py:541} INFO - Filling up the DagBag from /workspaces/hands-on-introduction-data-engineering-4395021/airflow/dags/basic_etl_dag.py
[2026-09-17T09:38:37.135+0000] {processor.py:836} INFO - DAG(s) dict_keys(['basic_etl_dag']) retrieved from /workspaces/hands-on-introduction-data-engineering-4395021/airflow/dags/basic_etl_dag.py
[2026-09-17T09:38:37.149+0000] {logging_mixin.py:150} INFO - [2026-09-17T09:38:37.149+0000] {dag.py:2742} INFO - Sync 1 DAGs
[2026-09-17T09:38:37.167+0000] {logging_mixin.py:150} INFO - [2026-09-17T09:38:37.167+0000] {dag.py:3504} INFO - Setting next_dagrun for basic_etl_dag to None, run_after=None
[2026-09-17T09:38:37.182+0000] {processor.py:179} INFO - Processing /workspaces/hands-on-introduction-data-engineering-4395021/airflow/dags/basic_etl_dag.py took 0.329 seconds
[2026-09-17T09:39:07.359+0000] {processor.py:157} INFO - Started process (PID=41653) to work on /workspaces/hands-on-introduction-data-engineering-4395021/airflow/dags/basic_etl_dag.py
[2026-09-17T09:39:07.360+0000] {processor.py:826} INFO - Processing file /workspaces/hands-on-introduction-data-engineering-4395021/airflow/dags/basic_etl_dag.py for tasks to queue
[2026-09-17T09:39:07.361+0000] {logging_mixin.py:150} INFO - [2026-09-17T09:39:07.360+0000] {dagbag.py:541} INFO - Filling up the DagBag from /workspaces/hands-on-introduction-data-engineering-4395021/airflow/dags/basic_etl_dag.py
[2026-09-17T09:39:07.710+0000] {processor.py:836} INFO - DAG(s) dict_keys(['basic_etl_dag']) retrieved from /workspaces/hands-on-introduction-data-engineering-4395021/airflow/dags/basic_etl_dag.py
[2026-09-17T09:39:07.727+0000] {logging_mixin.py:150} INFO - [2026-09-17T09:39:07.727+0000] {dag.py:2742} INFO - Sync 1 DAGs
[2026-09-17T09:39:07.743+0000] {logging_mixin.py:150} INFO - [2026-09-17T09:39:07.742+0000] {dag.py:3504} INFO - Setting next_dagrun for basic_etl_dag to None, run_after=None
[2026-09-17T09:39:07.758+0000] {processor.py:179} INFO - Processing /workspaces/hands-on-introduction-data-engineering-4395021/airflow/dags/basic_etl_dag.py took 0.402 seconds
[2026-09-17T09:39:37.965+0000] {processor.py:157} INFO - Started process (PID=41844) to work on /workspaces/hands-on-introduction-data-engineering-4395021/airflow/dags/basic_etl_dag.py
[2026-09-17T09:39:37.966+0000] {processor.py:826} INFO - Processing file /workspaces/hands-on-introduction-data-engineering-4395021/airflow/dags/basic_etl_dag.py for tasks to queue
[2026-09-17T09:39:37.967+0000] {logging_mixin.py:150} INFO - [2026-09-17T09:39:37.966+0000] {dagbag.py:541} INFO - Filling up the DagBag from /workspaces/hands-on-introduction-data-engineering-4395021/airflow/dags/basic_etl_dag.py
[2026-09-17T09:39:38.236+0000] {processor.py:836} INFO - DAG(s) dict_keys(['basic_etl_dag']) retrieved from /workspaces/hands-on-introduction-data-engineering-4395021/airflow/dags/basic_etl_dag.py
[2026-09-17T09:39:38.251+0000] {logging_mixin.py:150} INFO - [2026-09-17T09:39:38.251+0000] {dag.py:2742} INFO - Sync 1 DAGs
[2026-09-17T09:39:38.267+0000] {logging_mixin.py:150} INFO - [2026-09-17T09:39:38.266+0000] {dag.py:3504} INFO - Setting next_dagrun for basic_etl_dag to None, run_after=None
[2026-09-17T09:39:38.282+0000] {processor.py:179} INFO - Processing /workspaces/hands-on-introduction-data-engineering-4395021/airflow/dags/basic_etl_dag.py took 0.320 seconds
[2026-09-17T09:40:08.464+0000] {processor.py:157} INFO - Started process (PID=42024) to work on /workspaces/hands-on-introduction-data-engineering-4395021/airflow/dags/basic_etl_dag.py
[2026-09-17T09:40:08.465+0000] {processor.py:826} INFO - Processing file /workspaces/hands-on-introduction-data-engineering-4395021/airflow/dags/basic_etl_dag.py for tasks to queue
[2026-09-17T09:40:08.466+0000] {logging_mixin.py:150} INFO - [2026-09-17T09:40:08.465+0000] {dagbag.py:541} INFO - Filling up the DagBag from /workspaces/hands-on-introduction-data-engineering-4395021/airflow/dags/basic_etl_dag.py
[2026-09-17T09:40:08.743+0000] {processor.py:836} INFO - DAG(s) dict_keys(['basic_etl_dag']) retrieved from /workspaces/hands-on-introduction-data-engineering-4395021/airflow/dags/basic_etl_dag.py
[2026-09-17T09:40:08.758+0000] {logging_mixin.py:150} INFO - [2026-09-17T09:40:08.758+0000] {dag.py:2742} INFO - Sync 1 DAGs
[2026-09-17T09:40:08.773+0000] {logging_mixin.py:150} INFO - [2026-09-17T09:40:08.773+0000] {dag.py:3504} INFO - Setting next_dagrun for basic_etl_dag to None, run_after=None
[2026-09-17T09:40:08.788+0000] {processor.py:179} INFO - Processing /workspaces/hands-on-introduction-data-engineering-4395021/airflow/dags/basic_etl_dag.py took 0.326 seconds
[2026-09-17T09:40:38.967+0000] {processor.py:157} INFO - Started process (PID=42198) to work on /workspaces/hands-on-introduction-data-engineering-4395021/airflow/dags/basic_etl_dag.py
[2026-09-17T09:40:38.967+0000] {processor.py:826} INFO - Processing file /workspaces/hands-on-introduction-data-engineering-4395021/airflow/dags/basic_etl_dag.py for tasks to queue
[2026-09-17T09:40:38.968+0000] {logging_mixin.py:150} INFO - [2026-09-17T09:40:38.968+0000] {dagbag.py:541} INFO - Filling up the DagBag from /workspaces/hands-on-introduction-data-engineering-4395021/airflow/dags/basic_etl_dag.py
[2026-09-17T09:40:39.245+0000] {processor.py:836} INFO - DAG(s) dict_keys(['basic_etl_dag']) retrieved from /workspaces/hands-on-introduction-data-engineering-4395021/airflow/dags/basic_etl_dag.py
[2026-09-17T09:40:39.261+0000] {logging_mixin.py:150} INFO - [2026-09-17T09:40:39.261+0000] {dag.py:2742} INFO - Sync 1 DAGs
[2026-09-17T09:40:39.275+0000] {logging_mixin.py:150} INFO - [2026-09-17T09:40:39.275+0000] {dag.py:3504} INFO - Setting next_dagrun for basic_etl_dag to None, run_after=None
[2026-09-17T09:40:39.290+0000] {processor.py:179} INFO - Processing /workspaces/hands-on-introduction-data-engineering-4395021/airflow/dags/basic_etl_dag.py took 0.327 seconds
[2026-09-17T09:41:09.466+0000] {processor.py:157} INFO - Started process (PID=42372) to work on /workspaces/hands-on-introduction-data-engineering-4395021/airflow/dags/basic_etl_dag.py
[2026-09-17T09:41:09.467+0000] {processor.py:826} INFO - Processing file /workspaces/hands-on-introduction-data-engineering-4395021/airflow/dags/basic_etl_dag.py for tasks to queue
[2026-09-17T09:41:09.467+0000] {logging_mixin.py:150} INFO - [2026-09-17T09:41:09.467+0000] {dagbag.py:541} INFO - Filling up the DagBag from /workspaces/hands-on-introduction-data-engineering-4395021/airflow/dags/basic_etl_dag.py
[2026-09-17T09:41:09.762+0000] {processor.py:836} INFO - DAG(s) dict_keys(['basic_etl_dag']) retrieved from /workspaces/hands-on-introduction-data-engineering-4395021/airflow/dags/basic_etl_dag.py
[2026-09-17T09:41:09.779+0000] {logging_mixin.py:150} INFO - [2026-09-17T09:41:09.779+0000] {dag.py:2742} INFO - Sync 1 DAGs
[2026-09-17T09:41:09.794+0000] {logging_mixin.py:150} INFO - [2026-09-17T09:41:09.794+0000] {dag.py:3504} INFO - Setting next_dagrun for basic_etl_dag to None, run_after=None
[2026-09-17T09:41:09.811+0000] {processor.py:179} INFO - Processing /workspaces/hands-on-introduction-data-engineering-4395021/airflow/dags/basic_etl_dag.py took 0.348 seconds
[2026-09-17T09:41:39.967+0000] {processor.py:157} INFO - Started process (PID=42565) to work on /workspaces/hands-on-introduction-data-engineering-4395021/airflow/dags/basic_etl_dag.py
[2026-09-17T09:41:39.968+0000] {processor.py:826} INFO - Processing file /workspaces/hands-on-introduction-data-engineering-4395021/airflow/dags/basic_etl_dag.py for tasks to queue
[2026-09-17T09:41:39.969+0000] {logging_mixin.py:150} INFO - [2026-09-17T09:41:39.968+0000] {dagbag.py:541} INFO - Filling up the DagBag from /workspaces/hands-on-introduction-data-engineering-4395021/airflow/dags/basic_etl_dag.py
[2026-09-17T09:41:40.284+0000] {processor.py:836} INFO - DAG(s) dict_keys(['basic_etl_dag']) retrieved from /workspaces/hands-on-introduction-data-engineering-4395021/airflow/dags/basic_etl_dag.py
[2026-09-17T09:41:40.299+0000] {logging_mixin.py:150} INFO - [2026-09-17T09:41:40.299+0000] {dag.py:2742} INFO - Sync 1 DAGs
[2026-09-17T09:41:40.318+0000] {logging_mixin.py:150} INFO - [2026-09-17T09:41:40.318+0000] {dag.py:3504} INFO - Setting next_dagrun for basic_etl_dag to None, run_after=None
[2026-09-17T09:41:40.334+0000] {processor.py:179} INFO - Processing /workspaces/hands-on-introduction-data-engineering-4395021/airflow/dags/basic_etl_dag.py took 0.370 seconds
[2026-09-17T09:42:10.481+0000] {processor.py:157} INFO - Started process (PID=42744) to work on /workspaces/hands-on-introduction-data-engineering-4395021/airflow/dags/basic_etl_dag.py
[2026-09-17T09:42:10.485+0000] {processor.py:826} INFO - Processing file /workspaces/hands-on-introduction-data-engineering-4395021/airflow/dags/basic_etl_dag.py for tasks to queue
[2026-09-17T09:42:10.485+0000] {logging_mixin.py:150} INFO - [2026-09-17T09:42:10.485+0000] {dagbag.py:541} INFO - Filling up the DagBag from /workspaces/hands-on-introduction-data-engineering-4395021/airflow/dags/basic_etl_dag.py
[2026-09-17T09:42:10.770+0000] {processor.py:836} INFO - DAG(s) dict_keys(['basic_etl_dag']) retrieved from /workspaces/hands-on-introduction-data-engineering-4395021/airflow/dags/basic_etl_dag.py
[2026-09-17T09:42:10.787+0000] {logging_mixin.py:150} INFO - [2026-09-17T09:42:10.786+0000] {dag.py:2742} INFO - Sync 1 DAGs
[2026-09-17T09:42:10.804+0000] {logging_mixin.py:150} INFO - [2026-09-17T09:42:10.804+0000] {dag.py:3504} INFO - Setting next_dagrun for basic_etl_dag to None, run_after=None
[2026-09-17T09:42:10.826+0000] {processor.py:179} INFO - Processing /workspaces/hands-on-introduction-data-engineering-4395021/airflow/dags/basic_etl_dag.py took 0.349 seconds
[2026-09-17T09:42:40.996+0000] {processor.py:157} INFO - Started process (PID=42918) to work on /workspaces/hands-on-introduction-data-engineering-4395021/airflow/dags/basic_etl_dag.py
[2026-09-17T09:42:40.998+0000] {processor.py:826} INFO - Processing file /workspaces/hands-on-introduction-data-engineering-4395021/airflow/dags/basic_etl_dag.py for tasks to queue
[2026-09-17T09:42:40.998+0000] {logging_mixin.py:150} INFO - [2026-09-17T09:42:40.998+0000] {dagbag.py:541} INFO - Filling up the DagBag from /workspaces/hands-on-introduction-data-engineering-4395021/airflow/dags/basic_etl_dag.py
[2026-09-17T09:42:41.315+0000] {processor.py:836} INFO - DAG(s) dict_keys(['basic_etl_dag']) retrieved from /workspaces/hands-on-introduction-data-engineering-4395021/airflow/dags/basic_etl_dag.py
[2026-09-17T09:42:41.333+0000] {logging_mixin.py:150} INFO - [2026-09-17T09:42:41.333+0000] {dag.py:2742} INFO - Sync 1 DAGs
[2026-09-17T09:42:41.350+0000] {logging_mixin.py:150} INFO - [2026-09-17T09:42:41.350+0000] {dag.py:3504} INFO - Setting next_dagrun for basic_etl_dag to None, run_after=None
[2026-09-17T09:42:41.366+0000] {processor.py:179} INFO - Processing /workspaces/hands-on-introduction-data-engineering-4395021/airflow/dags/basic_etl_dag.py took 0.373 seconds
[2026-09-17T09:43:11.519+0000] {processor.py:157} INFO - Started process (PID=43091) to work on /workspaces/hands-on-introduction-data-engineering-4395021/airflow/dags/basic_etl_dag.py
[2026-09-17T09:43:11.520+0000] {processor.py:826} INFO - Processing file /workspaces/hands-on-introduction-data-engineering-4395021/airflow/dags/basic_etl_dag.py for tasks to queue
[2026-09-17T09:43:11.521+0000] {logging_mixin.py:150} INFO - [2026-09-17T09:43:11.521+0000] {dagbag.py:541} INFO - Filling up the DagBag from /workspaces/hands-on-introduction-data-engineering-4395021/airflow/dags/basic_etl_dag.py
[2026-09-17T09:43:11.811+0000] {processor.py:836} INFO - DAG(s) dict_keys(['basic_etl_dag']) retrieved from /workspaces/hands-on-introduction-data-engineering-4395021/airflow/dags/basic_etl_dag.py
[2026-09-17T09:43:11.829+0000] {logging_mixin.py:150} INFO - [2026-09-17T09:43:11.829+0000] {dag.py:2742} INFO - Sync 1 DAGs
[2026-09-17T09:43:11.845+0000] {logging_mixin.py:150} INFO - [2026-09-17T09:43:11.845+0000] {dag.py:3504} INFO - Setting next_dagrun for basic_etl_dag to None, run_after=None
[2026-09-17T09:43:11.862+0000] {processor.py:179} INFO - Processing /workspaces/hands-on-introduction-data-engineering-4395021/airflow/dags/basic_etl_dag.py took 0.346 seconds
[2026-09-17T09:43:42.031+0000] {processor.py:157} INFO - Started process (PID=43270) to work on /workspaces/hands-on-introduction-data-engineering-4395021/airflow/dags/basic_etl_dag.py
[2026-09-17T09:43:42.032+0000] {processor.py:826} INFO - Processing file /workspaces/hands-on-introduction-data-engineering-4395021/airflow/dags/basic_etl_dag.py for tasks to queue
[2026-09-17T09:43:42.033+0000] {logging_mixin.py:150} INFO - [2026-09-17T09:43:42.032+0000] {dagbag.py:541} INFO - Filling up the DagBag from /workspaces/hands-on-introduction-data-engineering-4395021/airflow/dags/basic_etl_dag.py
[2026-09-17T09:43:42.320+0000] {processor.py:836} INFO - DAG(s) dict_keys(['basic_etl_dag']) retrieved from /workspaces/hands-on-introduction-data-engineering-4395021/airflow/dags/basic_etl_dag.py
[2026-09-17T09:43:42.337+0000] {logging_mixin.py:150} INFO - [2026-09-17T09:43:42.336+0000] {dag.py:2742} INFO - Sync 1 DAGs
[2026-09-17T09:43:42.352+0000] {logging_mixin.py:150} INFO - [2026-09-17T09:43:42.352+0000] {dag.py:3504} INFO - Setting next_dagrun for basic_etl_dag to None, run_after=None
[2026-09-17T09:43:42.369+0000] {processor.py:179} INFO - Processing /workspaces/hands-on-introduction-data-engineering-4395021/airflow/dags/basic_etl_dag.py took 0.341 seconds
[2026-09-17T09:44:12.534+0000] {processor.py:157} INFO - Started process (PID=43438) to work on /workspaces/hands-on-introduction-data-engineering-4395021/airflow/dags/basic_etl_dag.py
[2026-09-17T09:44:12.535+0000] {processor.py:826} INFO - Processing file /workspaces/hands-on-introduction-data-engineering-4395021/airflow/dags/basic_etl_dag.py for tasks to queue
[2026-09-17T09:44:12.536+0000] {logging_mixin.py:150} INFO - [2026-09-17T09:44:12.536+0000] {dagbag.py:541} INFO - Filling up the DagBag from /workspaces/hands-on-introduction-data-engineering-4395021/airflow/dags/basic_etl_dag.py
[2026-09-17T09:44:12.825+0000] {processor.py:836} INFO - DAG(s) dict_keys(['basic_etl_dag']) retrieved from /workspaces/hands-on-introduction-data-engineering-4395021/airflow/dags/basic_etl_dag.py
[2026-09-17T09:44:12.842+0000] {logging_mixin.py:150} INFO - [2026-09-17T09:44:12.842+0000] {dag.py:2742} INFO - Sync 1 DAGs
[2026-09-17T09:44:12.857+0000] {logging_mixin.py:150} INFO - [2026-09-17T09:44:12.857+0000] {dag.py:3504} INFO - Setting next_dagrun for basic_etl_dag to None, run_after=None
[2026-09-17T09:44:12.873+0000] {processor.py:179} INFO - Processing /workspaces/hands-on-introduction-data-engineering-4395021/airflow/dags/basic_etl_dag.py took 0.341 seconds
[2026-09-17T09:44:43.053+0000] {processor.py:157} INFO - Started process (PID=43617) to work on /workspaces/hands-on-introduction-data-engineering-4395021/airflow/dags/basic_etl_dag.py
[2026-09-17T09:44:43.053+0000] {processor.py:826} INFO - Processing file /workspaces/hands-on-introduction-data-engineering-4395021/airflow/dags/basic_etl_dag.py for tasks to queue
[2026-09-17T09:44:43.054+0000] {logging_mixin.py:150} INFO - [2026-09-17T09:44:43.054+0000] {dagbag.py:541} INFO - Filling up the DagBag from /workspaces/hands-on-introduction-data-engineering-4395021/airflow/dags/basic_etl_dag.py
[2026-09-17T09:44:43.328+0000] {processor.py:836} INFO - DAG(s) dict_keys(['basic_etl_dag']) retrieved from /workspaces/hands-on-introduction-data-engineering-4395021/airflow/dags/basic_etl_dag.py
[2026-09-17T09:44:43.345+0000] {logging_mixin.py:150} INFO - [2026-09-17T09:44:43.344+0000] {dag.py:2742} INFO - Sync 1 DAGs
[2026-09-17T09:44:43.362+0000] {logging_mixin.py:150} INFO - [2026-09-17T09:44:43.361+0000] {dag.py:3504} INFO - Setting next_dagrun for basic_etl_dag to None, run_after=None
[2026-09-17T09:44:43.377+0000] {processor.py:179} INFO - Processing /workspaces/hands-on-introduction-data-engineering-4395021/airflow/dags/basic_etl_dag.py took 0.327 seconds
[2026-09-17T09:45:13.556+0000] {processor.py:157} INFO - Started process (PID=43790) to work on /workspaces/hands-on-introduction-data-engineering-4395021/airflow/dags/basic_etl_dag.py
[2026-09-17T09:45:13.556+0000] {processor.py:826} INFO - Processing file /workspaces/hands-on-introduction-data-engineering-4395021/airflow/dags/basic_etl_dag.py for tasks to queue
[2026-09-17T09:45:13.557+0000] {logging_mixin.py:150} INFO - [2026-09-17T09:45:13.557+0000] {dagbag.py:541} INFO - Filling up the DagBag from /workspaces/hands-on-introduction-data-engineering-4395021/airflow/dags/basic_etl_dag.py
[2026-09-17T09:45:13.845+0000] {processor.py:836} INFO - DAG(s) dict_keys(['basic_etl_dag']) retrieved from /workspaces/hands-on-introduction-data-engineering-4395021/airflow/dags/basic_etl_dag.py
[2026-09-17T09:45:13.862+0000] {logging_mixin.py:150} INFO - [2026-09-17T09:45:13.862+0000] {dag.py:2742} INFO - Sync 1 DAGs
[2026-09-17T09:45:13.876+0000] {logging_mixin.py:150} INFO - [2026-09-17T09:45:13.876+0000] {dag.py:3504} INFO - Setting next_dagrun for basic_etl_dag to None, run_after=None
[2026-09-17T09:45:13.892+0000] {processor.py:179} INFO - Processing /workspaces/hands-on-introduction-data-engineering-4395021/airflow/dags/basic_etl_dag.py took 0.339 seconds
[2026-09-17T09:45:44.075+0000] {processor.py:157} INFO - Started process (PID=43965) to work on /workspaces/hands-on-introduction-data-engineering-4395021/airflow/dags/basic_etl_dag.py
[2026-09-17T09:45:44.076+0000] {processor.py:826} INFO - Processing file /workspaces/hands-on-introduction-data-engineering-4395021/airflow/dags/basic_etl_dag.py for tasks to queue
[2026-09-17T09:45:44.076+0000] {logging_mixin.py:150} INFO - [2026-09-17T09:45:44.076+0000] {dagbag.py:541} INFO - Filling up the DagBag from /workspaces/hands-on-introduction-data-engineering-4395021/airflow/dags/basic_etl_dag.py
[2026-09-17T09:45:44.463+0000] {processor.py:836} INFO - DAG(s) dict_keys(['basic_etl_dag']) retrieved from /workspaces/hands-on-introduction-data-engineering-4395021/airflow/dags/basic_etl_dag.py
[2026-09-17T09:45:44.480+0000] {logging_mixin.py:150} INFO - [2026-09-17T09:45:44.480+0000] {dag.py:2742} INFO - Sync 1 DAGs
[2026-09-17T09:45:44.497+0000] {logging_mixin.py:150} INFO - [2026-09-17T09:45:44.497+0000] {dag.py:3504} INFO - Setting next_dagrun for basic_etl_dag to None, run_after=None
[2026-09-17T09:45:44.523+0000] {processor.py:179} INFO - Processing /workspaces/hands-on-introduction-data-engineering-4395021/airflow/dags/basic_etl_dag.py took 0.452 seconds
[2026-09-17T09:46:14.696+0000] {processor.py:157} INFO - Started process (PID=44139) to work on /workspaces/hands-on-introduction-data-engineering-4395021/airflow/dags/basic_etl_dag.py
[2026-09-17T09:46:14.696+0000] {processor.py:826} INFO - Processing file /workspaces/hands-on-introduction-data-engineering-4395021/airflow/dags/basic_etl_dag.py for tasks to queue
[2026-09-17T09:46:14.697+0000] {logging_mixin.py:150} INFO - [2026-09-17T09:46:14.697+0000] {dagbag.py:541} INFO - Filling up the DagBag from /workspaces/hands-on-introduction-data-engineering-4395021/airflow/dags/basic_etl_dag.py
[2026-09-17T09:46:15.016+0000] {processor.py:836} INFO - DAG(s) dict_keys(['basic_etl_dag']) retrieved from /workspaces/hands-on-introduction-data-engineering-4395021/airflow/dags/basic_etl_dag.py
[2026-09-17T09:46:15.044+0000] {logging_mixin.py:150} INFO - [2026-09-17T09:46:15.044+0000] {dag.py:2742} INFO - Sync 1 DAGs
[2026-09-17T09:46:15.070+0000] {logging_mixin.py:150} INFO - [2026-09-17T09:46:15.070+0000] {dag.py:3504} INFO - Setting next_dagrun for basic_etl_dag to None, run_after=None
[2026-09-17T09:46:15.090+0000] {processor.py:179} INFO - Processing /workspaces/hands-on-introduction-data-engineering-4395021/airflow/dags/basic_etl_dag.py took 0.397 seconds
[2026-09-17T09:46:45.251+0000] {processor.py:157} INFO - Started process (PID=44339) to work on /workspaces/hands-on-introduction-data-engineering-4395021/airflow/dags/basic_etl_dag.py
[2026-09-17T09:46:45.251+0000] {processor.py:826} INFO - Processing file /workspaces/hands-on-introduction-data-engineering-4395021/airflow/dags/basic_etl_dag.py for tasks to queue
[2026-09-17T09:46:45.252+0000] {logging_mixin.py:150} INFO - [2026-09-17T09:46:45.252+0000] {dagbag.py:541} INFO - Filling up the DagBag from /workspaces/hands-on-introduction-data-engineering-4395021/airflow/dags/basic_etl_dag.py
[2026-09-17T09:46:45.574+0000] {processor.py:836} INFO - DAG(s) dict_keys(['basic_etl_dag']) retrieved from /workspaces/hands-on-introduction-data-engineering-4395021/airflow/dags/basic_etl_dag.py
[2026-09-17T09:46:45.590+0000] {logging_mixin.py:150} INFO - [2026-09-17T09:46:45.590+0000] {dag.py:2742} INFO - Sync 1 DAGs
[2026-09-17T09:46:45.607+0000] {logging_mixin.py:150} INFO - [2026-09-17T09:46:45.607+0000] {dag.py:3504} INFO - Setting next_dagrun for basic_etl_dag to None, run_after=None
[2026-09-17T09:46:45.626+0000] {processor.py:179} INFO - Processing /workspaces/hands-on-introduction-data-engineering-4395021/airflow/dags/basic_etl_dag.py took 0.378 seconds
[2026-09-17T09:47:15.763+0000] {processor.py:157} INFO - Started process (PID=44511) to work on /workspaces/hands-on-introduction-data-engineering-4395021/airflow/dags/basic_etl_dag.py
[2026-09-17T09:47:15.764+0000] {processor.py:826} INFO - Processing file /workspaces/hands-on-introduction-data-engineering-4395021/airflow/dags/basic_etl_dag.py for tasks to queue
[2026-09-17T09:47:15.765+0000] {logging_mixin.py:150} INFO - [2026-09-17T09:47:15.765+0000] {dagbag.py:541} INFO - Filling up the DagBag from /workspaces/hands-on-introduction-data-engineering-4395021/airflow/dags/basic_etl_dag.py
[2026-09-17T09:47:16.167+0000] {processor.py:836} INFO - DAG(s) dict_keys(['basic_etl_dag']) retrieved from /workspaces/hands-on-introduction-data-engineering-4395021/airflow/dags/basic_etl_dag.py
[2026-09-17T09:47:16.183+0000] {logging_mixin.py:150} INFO - [2026-09-17T09:47:16.183+0000] {dag.py:2742} INFO - Sync 1 DAGs
[2026-09-17T09:47:16.198+0000] {logging_mixin.py:150} INFO - [2026-09-17T09:47:16.198+0000] {dag.py:3504} INFO - Setting next_dagrun for basic_etl_dag to None, run_after=None
[2026-09-17T09:47:16.217+0000] {processor.py:179} INFO - Processing /workspaces/hands-on-introduction-data-engineering-4395021/airflow/dags/basic_etl_dag.py took 0.458 seconds
[2026-09-17T09:47:46.365+0000] {processor.py:157} INFO - Started process (PID=44687) to work on /workspaces/hands-on-introduction-data-engineering-4395021/airflow/dags/basic_etl_dag.py
[2026-09-17T09:47:46.365+0000] {processor.py:826} INFO - Processing file /workspaces/hands-on-introduction-data-engineering-4395021/airflow/dags/basic_etl_dag.py for tasks to queue
[2026-09-17T09:47:46.366+0000] {logging_mixin.py:150} INFO - [2026-09-17T09:47:46.366+0000] {dagbag.py:541} INFO - Filling up the DagBag from /workspaces/hands-on-introduction-data-engineering-4395021/airflow/dags/basic_etl_dag.py
[2026-09-17T09:47:46.647+0000] {processor.py:836} INFO - DAG(s) dict_keys(['basic_etl_dag']) retrieved from /workspaces/hands-on-introduction-data-engineering-4395021/airflow/dags/basic_etl_dag.py
[2026-09-17T09:47:46.670+0000] {logging_mixin.py:150} INFO - [2026-09-17T09:47:46.670+0000] {dag.py:2742} INFO - Sync 1 DAGs
[2026-09-17T09:47:46.686+0000] {logging_mixin.py:150} INFO - [2026-09-17T09:47:46.686+0000] {dag.py:3504} INFO - Setting next_dagrun for basic_etl_dag to None, run_after=None
[2026-09-17T09:47:46.703+0000] {processor.py:179} INFO - Processing /workspaces/hands-on-introduction-data-engineering-4395021/airflow/dags/basic_etl_dag.py took 0.340 seconds
[2026-09-17T09:48:16.870+0000] {processor.py:157} INFO - Started process (PID=44867) to work on /workspaces/hands-on-introduction-data-engineering-4395021/airflow/dags/basic_etl_dag.py
[2026-09-17T09:48:16.871+0000] {processor.py:826} INFO - Processing file /workspaces/hands-on-introduction-data-engineering-4395021/airflow/dags/basic_etl_dag.py for tasks to queue
[2026-09-17T09:48:16.872+0000] {logging_mixin.py:150} INFO - [2026-09-17T09:48:16.872+0000] {dagbag.py:541} INFO - Filling up the DagBag from /workspaces/hands-on-introduction-data-engineering-4395021/airflow/dags/basic_etl_dag.py
[2026-09-17T09:48:17.144+0000] {processor.py:836} INFO - DAG(s) dict_keys(['basic_etl_dag']) retrieved from /workspaces/hands-on-introduction-data-engineering-4395021/airflow/dags/basic_etl_dag.py
[2026-09-17T09:48:17.160+0000] {logging_mixin.py:150} INFO - [2026-09-17T09:48:17.160+0000] {dag.py:2742} INFO - Sync 1 DAGs
[2026-09-17T09:48:17.174+0000] {logging_mixin.py:150} INFO - [2026-09-17T09:48:17.174+0000] {dag.py:3504} INFO - Setting next_dagrun for basic_etl_dag to None, run_after=None
[2026-09-17T09:48:17.189+0000] {processor.py:179} INFO - Processing /workspaces/hands-on-introduction-data-engineering-4395021/airflow/dags/basic_etl_dag.py took 0.321 seconds
[2026-09-17T09:48:47.377+0000] {processor.py:157} INFO - Started process (PID=45041) to work on /workspaces/hands-on-introduction-data-engineering-4395021/airflow/dags/basic_etl_dag.py
[2026-09-17T09:48:47.378+0000] {processor.py:826} INFO - Processing file /workspaces/hands-on-introduction-data-engineering-4395021/airflow/dags/basic_etl_dag.py for tasks to queue
[2026-09-17T09:48:47.379+0000] {logging_mixin.py:150} INFO - [2026-09-17T09:48:47.378+0000] {dagbag.py:541} INFO - Filling up the DagBag from /workspaces/hands-on-introduction-data-engineering-4395021/airflow/dags/basic_etl_dag.py
[2026-09-17T09:48:47.647+0000] {processor.py:836} INFO - DAG(s) dict_keys(['basic_etl_dag']) retrieved from /workspaces/hands-on-introduction-data-engineering-4395021/airflow/dags/basic_etl_dag.py
[2026-09-17T09:48:47.663+0000] {logging_mixin.py:150} INFO - [2026-09-17T09:48:47.662+0000] {dag.py:2742} INFO - Sync 1 DAGs
[2026-09-17T09:48:47.677+0000] {logging_mixin.py:150} INFO - [2026-09-17T09:48:47.677+0000] {dag.py:3504} INFO - Setting next_dagrun for basic_etl_dag to None, run_after=None
[2026-09-17T09:48:47.692+0000] {processor.py:179} INFO - Processing /workspaces/hands-on-introduction-data-engineering-4395021/airflow/dags/basic_etl_dag.py took 0.317 seconds
[2026-09-17T09:49:17.881+0000] {processor.py:157} INFO - Started process (PID=45213) to work on /workspaces/hands-on-introduction-data-engineering-4395021/airflow/dags/basic_etl_dag.py
[2026-09-17T09:49:17.882+0000] {processor.py:826} INFO - Processing file /workspaces/hands-on-introduction-data-engineering-4395021/airflow/dags/basic_etl_dag.py for tasks to queue
[2026-09-17T09:49:17.882+0000] {logging_mixin.py:150} INFO - [2026-09-17T09:49:17.882+0000] {dagbag.py:541} INFO - Filling up the DagBag from /workspaces/hands-on-introduction-data-engineering-4395021/airflow/dags/basic_etl_dag.py
[2026-09-17T09:49:18.160+0000] {processor.py:836} INFO - DAG(s) dict_keys(['basic_etl_dag']) retrieved from /workspaces/hands-on-introduction-data-engineering-4395021/airflow/dags/basic_etl_dag.py
[2026-09-17T09:49:18.176+0000] {logging_mixin.py:150} INFO - [2026-09-17T09:49:18.176+0000] {dag.py:2742} INFO - Sync 1 DAGs
[2026-09-17T09:49:18.191+0000] {logging_mixin.py:150} INFO - [2026-09-17T09:49:18.191+0000] {dag.py:3504} INFO - Setting next_dagrun for basic_etl_dag to None, run_after=None
[2026-09-17T09:49:18.208+0000] {processor.py:179} INFO - Processing /workspaces/hands-on-introduction-data-engineering-4395021/airflow/dags/basic_etl_dag.py took 0.329 seconds
[2026-09-17T09:49:48.401+0000] {processor.py:157} INFO - Started process (PID=45389) to work on /workspaces/hands-on-introduction-data-engineering-4395021/airflow/dags/basic_etl_dag.py
[2026-09-17T09:49:48.401+0000] {processor.py:826} INFO - Processing file /workspaces/hands-on-introduction-data-engineering-4395021/airflow/dags/basic_etl_dag.py for tasks to queue
[2026-09-17T09:49:48.402+0000] {logging_mixin.py:150} INFO - [2026-09-17T09:49:48.402+0000] {dagbag.py:541} INFO - Filling up the DagBag from /workspaces/hands-on-introduction-data-engineering-4395021/airflow/dags/basic_etl_dag.py
[2026-09-17T09:49:48.681+0000] {processor.py:836} INFO - DAG(s) dict_keys(['basic_etl_dag']) retrieved from /workspaces/hands-on-introduction-data-engineering-4395021/airflow/dags/basic_etl_dag.py
[2026-09-17T09:49:48.697+0000] {logging_mixin.py:150} INFO - [2026-09-17T09:49:48.697+0000] {dag.py:2742} INFO - Sync 1 DAGs
[2026-09-17T09:49:48.715+0000] {logging_mixin.py:150} INFO - [2026-09-17T09:49:48.715+0000] {dag.py:3504} INFO - Setting next_dagrun for basic_etl_dag to None, run_after=None
[2026-09-17T09:49:48.732+0000] {processor.py:179} INFO - Processing /workspaces/hands-on-introduction-data-engineering-4395021/airflow/dags/basic_etl_dag.py took 0.334 seconds
[2026-09-17T09:50:18.905+0000] {processor.py:157} INFO - Started process (PID=45569) to work on /workspaces/hands-on-introduction-data-engineering-4395021/airflow/dags/basic_etl_dag.py
[2026-09-17T09:50:18.906+0000] {processor.py:826} INFO - Processing file /workspaces/hands-on-introduction-data-engineering-4395021/airflow/dags/basic_etl_dag.py for tasks to queue
[2026-09-17T09:50:18.907+0000] {logging_mixin.py:150} INFO - [2026-09-17T09:50:18.907+0000] {dagbag.py:541} INFO - Filling up the DagBag from /workspaces/hands-on-introduction-data-engineering-4395021/airflow/dags/basic_etl_dag.py
[2026-09-17T09:50:19.196+0000] {processor.py:836} INFO - DAG(s) dict_keys(['basic_etl_dag']) retrieved from /workspaces/hands-on-introduction-data-engineering-4395021/airflow/dags/basic_etl_dag.py
[2026-09-17T09:50:19.216+0000] {logging_mixin.py:150} INFO - [2026-09-17T09:50:19.216+0000] {dag.py:2742} INFO - Sync 1 DAGs
[2026-09-17T09:50:19.232+0000] {logging_mixin.py:150} INFO - [2026-09-17T09:50:19.232+0000] {dag.py:3504} INFO - Setting next_dagrun for basic_etl_dag to None, run_after=None
[2026-09-17T09:50:19.248+0000] {processor.py:179} INFO - Processing /workspaces/hands-on-introduction-data-engineering-4395021/airflow/dags/basic_etl_dag.py took 0.346 seconds
[2026-09-17T09:50:49.410+0000] {processor.py:157} INFO - Started process (PID=45736) to work on /workspaces/hands-on-introduction-data-engineering-4395021/airflow/dags/basic_etl_dag.py
[2026-09-17T09:50:49.411+0000] {processor.py:826} INFO - Processing file /workspaces/hands-on-introduction-data-engineering-4395021/airflow/dags/basic_etl_dag.py for tasks to queue
[2026-09-17T09:50:49.412+0000] {logging_mixin.py:150} INFO - [2026-09-17T09:50:49.411+0000] {dagbag.py:541} INFO - Filling up the DagBag from /workspaces/hands-on-introduction-data-engineering-4395021/airflow/dags/basic_etl_dag.py
[2026-09-17T09:50:49.787+0000] {processor.py:836} INFO - DAG(s) dict_keys(['basic_etl_dag']) retrieved from /workspaces/hands-on-introduction-data-engineering-4395021/airflow/dags/basic_etl_dag.py
[2026-09-17T09:50:49.805+0000] {logging_mixin.py:150} INFO - [2026-09-17T09:50:49.805+0000] {dag.py:2742} INFO - Sync 1 DAGs
[2026-09-17T09:50:49.823+0000] {logging_mixin.py:150} INFO - [2026-09-17T09:50:49.823+0000] {dag.py:3504} INFO - Setting next_dagrun for basic_etl_dag to None, run_after=None
[2026-09-17T09:50:49.839+0000] {processor.py:179} INFO - Processing /workspaces/hands-on-introduction-data-engineering-4395021/airflow/dags/basic_etl_dag.py took 0.433 seconds
[2026-09-17T09:51:20.021+0000] {processor.py:157} INFO - Started process (PID=45917) to work on /workspaces/hands-on-introduction-data-engineering-4395021/airflow/dags/basic_etl_dag.py
[2026-09-17T09:51:20.022+0000] {processor.py:826} INFO - Processing file /workspaces/hands-on-introduction-data-engineering-4395021/airflow/dags/basic_etl_dag.py for tasks to queue
[2026-09-17T09:51:20.023+0000] {logging_mixin.py:150} INFO - [2026-09-17T09:51:20.022+0000] {dagbag.py:541} INFO - Filling up the DagBag from /workspaces/hands-on-introduction-data-engineering-4395021/airflow/dags/basic_etl_dag.py
[2026-09-17T09:51:20.299+0000] {processor.py:836} INFO - DAG(s) dict_keys(['basic_etl_dag']) retrieved from /workspaces/hands-on-introduction-data-engineering-4395021/airflow/dags/basic_etl_dag.py
[2026-09-17T09:51:20.321+0000] {logging_mixin.py:150} INFO - [2026-09-17T09:51:20.321+0000] {dag.py:2742} INFO - Sync 1 DAGs
[2026-09-17T09:51:20.337+0000] {logging_mixin.py:150} INFO - [2026-09-17T09:51:20.337+0000] {dag.py:3504} INFO - Setting next_dagrun for basic_etl_dag to None, run_after=None
[2026-09-17T09:51:20.353+0000] {processor.py:179} INFO - Processing /workspaces/hands-on-introduction-data-engineering-4395021/airflow/dags/basic_etl_dag.py took 0.334 seconds
[2026-09-17T09:51:50.522+0000] {processor.py:157} INFO - Started process (PID=46117) to work on /workspaces/hands-on-introduction-data-engineering-4395021/airflow/dags/basic_etl_dag.py
[2026-09-17T09:51:50.523+0000] {processor.py:826} INFO - Processing file /workspaces/hands-on-introduction-data-engineering-4395021/airflow/dags/basic_etl_dag.py for tasks to queue
[2026-09-17T09:51:50.523+0000] {logging_mixin.py:150} INFO - [2026-09-17T09:51:50.523+0000] {dagbag.py:541} INFO - Filling up the DagBag from /workspaces/hands-on-introduction-data-engineering-4395021/airflow/dags/basic_etl_dag.py
[2026-09-17T09:51:50.798+0000] {processor.py:836} INFO - DAG(s) dict_keys(['basic_etl_dag']) retrieved from /workspaces/hands-on-introduction-data-engineering-4395021/airflow/dags/basic_etl_dag.py
[2026-09-17T09:51:50.819+0000] {logging_mixin.py:150} INFO - [2026-09-17T09:51:50.819+0000] {dag.py:2742} INFO - Sync 1 DAGs
[2026-09-17T09:51:50.835+0000] {logging_mixin.py:150} INFO - [2026-09-17T09:51:50.835+0000] {dag.py:3504} INFO - Setting next_dagrun for basic_etl_dag to None, run_after=None
[2026-09-17T09:51:50.851+0000] {processor.py:179} INFO - Processing /workspaces/hands-on-introduction-data-engineering-4395021/airflow/dags/basic_etl_dag.py took 0.332 seconds
[2026-09-17T09:52:21.024+0000] {processor.py:157} INFO - Started process (PID=46286) to work on /workspaces/hands-on-introduction-data-engineering-4395021/airflow/dags/basic_etl_dag.py
[2026-09-17T09:52:21.025+0000] {processor.py:826} INFO - Processing file /workspaces/hands-on-introduction-data-engineering-4395021/airflow/dags/basic_etl_dag.py for tasks to queue
[2026-09-17T09:52:21.026+0000] {logging_mixin.py:150} INFO - [2026-09-17T09:52:21.025+0000] {dagbag.py:541} INFO - Filling up the DagBag from /workspaces/hands-on-introduction-data-engineering-4395021/airflow/dags/basic_etl_dag.py
[2026-09-17T09:52:21.325+0000] {processor.py:836} INFO - DAG(s) dict_keys(['basic_etl_dag']) retrieved from /workspaces/hands-on-introduction-data-engineering-4395021/airflow/dags/basic_etl_dag.py
[2026-09-17T09:52:21.343+0000] {logging_mixin.py:150} INFO - [2026-09-17T09:52:21.343+0000] {dag.py:2742} INFO - Sync 1 DAGs
[2026-09-17T09:52:21.358+0000] {logging_mixin.py:150} INFO - [2026-09-17T09:52:21.357+0000] {dag.py:3504} INFO - Setting next_dagrun for basic_etl_dag to None, run_after=None
[2026-09-17T09:52:21.373+0000] {processor.py:179} INFO - Processing /workspaces/hands-on-introduction-data-engineering-4395021/airflow/dags/basic_etl_dag.py took 0.352 seconds
[2026-09-17T09:52:51.523+0000] {processor.py:157} INFO - Started process (PID=46466) to work on /workspaces/hands-on-introduction-data-engineering-4395021/airflow/dags/basic_etl_dag.py
[2026-09-17T09:52:51.524+0000] {processor.py:826} INFO - Processing file /workspaces/hands-on-introduction-data-engineering-4395021/airflow/dags/basic_etl_dag.py for tasks to queue
[2026-09-17T09:52:51.524+0000] {logging_mixin.py:150} INFO - [2026-09-17T09:52:51.524+0000] {dagbag.py:541} INFO - Filling up the DagBag from /workspaces/hands-on-introduction-data-engineering-4395021/airflow/dags/basic_etl_dag.py
[2026-09-17T09:52:51.797+0000] {processor.py:836} INFO - DAG(s) dict_keys(['basic_etl_dag']) retrieved from /workspaces/hands-on-introduction-data-engineering-4395021/airflow/dags/basic_etl_dag.py
[2026-09-17T09:52:51.836+0000] {logging_mixin.py:150} INFO - [2026-09-17T09:52:51.835+0000] {dag.py:2742} INFO - Sync 1 DAGs
[2026-09-17T09:52:51.864+0000] {logging_mixin.py:150} INFO - [2026-09-17T09:52:51.864+0000] {dag.py:3504} INFO - Setting next_dagrun for basic_etl_dag to None, run_after=None
[2026-09-17T09:52:51.904+0000] {processor.py:179} INFO - Processing /workspaces/hands-on-introduction-data-engineering-4395021/airflow/dags/basic_etl_dag.py took 0.384 seconds
[2026-09-17T09:53:22.062+0000] {processor.py:157} INFO - Started process (PID=46641) to work on /workspaces/hands-on-introduction-data-engineering-4395021/airflow/dags/basic_etl_dag.py
[2026-09-17T09:53:22.063+0000] {processor.py:826} INFO - Processing file /workspaces/hands-on-introduction-data-engineering-4395021/airflow/dags/basic_etl_dag.py for tasks to queue
[2026-09-17T09:53:22.063+0000] {logging_mixin.py:150} INFO - [2026-09-17T09:53:22.063+0000] {dagbag.py:541} INFO - Filling up the DagBag from /workspaces/hands-on-introduction-data-engineering-4395021/airflow/dags/basic_etl_dag.py
[2026-09-17T09:53:22.392+0000] {processor.py:836} INFO - DAG(s) dict_keys(['basic_etl_dag']) retrieved from /workspaces/hands-on-introduction-data-engineering-4395021/airflow/dags/basic_etl_dag.py
[2026-09-17T09:53:22.410+0000] {logging_mixin.py:150} INFO - [2026-09-17T09:53:22.410+0000] {dag.py:2742} INFO - Sync 1 DAGs
[2026-09-17T09:53:22.427+0000] {logging_mixin.py:150} INFO - [2026-09-17T09:53:22.427+0000] {dag.py:3504} INFO - Setting next_dagrun for basic_etl_dag to None, run_after=None
[2026-09-17T09:53:22.442+0000] {processor.py:179} INFO - Processing /workspaces/hands-on-introduction-data-engineering-4395021/airflow/dags/basic_etl_dag.py took 0.383 seconds
[2026-09-17T09:53:52.583+0000] {processor.py:157} INFO - Started process (PID=46827) to work on /workspaces/hands-on-introduction-data-engineering-4395021/airflow/dags/basic_etl_dag.py
[2026-09-17T09:53:52.584+0000] {processor.py:826} INFO - Processing file /workspaces/hands-on-introduction-data-engineering-4395021/airflow/dags/basic_etl_dag.py for tasks to queue
[2026-09-17T09:53:52.585+0000] {logging_mixin.py:150} INFO - [2026-09-17T09:53:52.584+0000] {dagbag.py:541} INFO - Filling up the DagBag from /workspaces/hands-on-introduction-data-engineering-4395021/airflow/dags/basic_etl_dag.py
[2026-09-17T09:53:52.870+0000] {processor.py:836} INFO - DAG(s) dict_keys(['basic_etl_dag']) retrieved from /workspaces/hands-on-introduction-data-engineering-4395021/airflow/dags/basic_etl_dag.py
[2026-09-17T09:53:52.887+0000] {logging_mixin.py:150} INFO - [2026-09-17T09:53:52.887+0000] {dag.py:2742} INFO - Sync 1 DAGs
[2026-09-17T09:53:52.901+0000] {logging_mixin.py:150} INFO - [2026-09-17T09:53:52.901+0000] {dag.py:3504} INFO - Setting next_dagrun for basic_etl_dag to None, run_after=None
[2026-09-17T09:53:52.921+0000] {processor.py:179} INFO - Processing /workspaces/hands-on-introduction-data-engineering-4395021/airflow/dags/basic_etl_dag.py took 0.341 seconds
[2026-09-17T09:54:23.084+0000] {processor.py:157} INFO - Started process (PID=46996) to work on /workspaces/hands-on-introduction-data-engineering-4395021/airflow/dags/basic_etl_dag.py
[2026-09-17T09:54:23.085+0000] {processor.py:826} INFO - Processing file /workspaces/hands-on-introduction-data-engineering-4395021/airflow/dags/basic_etl_dag.py for tasks to queue
[2026-09-17T09:54:23.085+0000] {logging_mixin.py:150} INFO - [2026-09-17T09:54:23.085+0000] {dagbag.py:541} INFO - Filling up the DagBag from /workspaces/hands-on-introduction-data-engineering-4395021/airflow/dags/basic_etl_dag.py
[2026-09-17T09:54:23.356+0000] {processor.py:836} INFO - DAG(s) dict_keys(['basic_etl_dag']) retrieved from /workspaces/hands-on-introduction-data-engineering-4395021/airflow/dags/basic_etl_dag.py
[2026-09-17T09:54:23.372+0000] {logging_mixin.py:150} INFO - [2026-09-17T09:54:23.372+0000] {dag.py:2742} INFO - Sync 1 DAGs
[2026-09-17T09:54:23.386+0000] {logging_mixin.py:150} INFO - [2026-09-17T09:54:23.386+0000] {dag.py:3504} INFO - Setting next_dagrun for basic_etl_dag to None, run_after=None
[2026-09-17T09:54:23.403+0000] {processor.py:179} INFO - Processing /workspaces/hands-on-introduction-data-engineering-4395021/airflow/dags/basic_etl_dag.py took 0.322 seconds
[2026-09-17T09:54:53.584+0000] {processor.py:157} INFO - Started process (PID=47176) to work on /workspaces/hands-on-introduction-data-engineering-4395021/airflow/dags/basic_etl_dag.py
[2026-09-17T09:54:53.585+0000] {processor.py:826} INFO - Processing file /workspaces/hands-on-introduction-data-engineering-4395021/airflow/dags/basic_etl_dag.py for tasks to queue
[2026-09-17T09:54:53.586+0000] {logging_mixin.py:150} INFO - [2026-09-17T09:54:53.585+0000] {dagbag.py:541} INFO - Filling up the DagBag from /workspaces/hands-on-introduction-data-engineering-4395021/airflow/dags/basic_etl_dag.py
[2026-09-17T09:54:53.856+0000] {processor.py:836} INFO - DAG(s) dict_keys(['basic_etl_dag']) retrieved from /workspaces/hands-on-introduction-data-engineering-4395021/airflow/dags/basic_etl_dag.py
[2026-09-17T09:54:53.872+0000] {logging_mixin.py:150} INFO - [2026-09-17T09:54:53.871+0000] {dag.py:2742} INFO - Sync 1 DAGs
[2026-09-17T09:54:53.887+0000] {logging_mixin.py:150} INFO - [2026-09-17T09:54:53.887+0000] {dag.py:3504} INFO - Setting next_dagrun for basic_etl_dag to None, run_after=None
[2026-09-17T09:54:53.905+0000] {processor.py:179} INFO - Processing /workspaces/hands-on-introduction-data-engineering-4395021/airflow/dags/basic_etl_dag.py took 0.323 seconds
[2026-09-17T09:55:24.085+0000] {processor.py:157} INFO - Started process (PID=47350) to work on /workspaces/hands-on-introduction-data-engineering-4395021/airflow/dags/basic_etl_dag.py
[2026-09-17T09:55:24.086+0000] {processor.py:826} INFO - Processing file /workspaces/hands-on-introduction-data-engineering-4395021/airflow/dags/basic_etl_dag.py for tasks to queue
[2026-09-17T09:55:24.087+0000] {logging_mixin.py:150} INFO - [2026-09-17T09:55:24.086+0000] {dagbag.py:541} INFO - Filling up the DagBag from /workspaces/hands-on-introduction-data-engineering-4395021/airflow/dags/basic_etl_dag.py
[2026-09-17T09:55:24.441+0000] {processor.py:836} INFO - DAG(s) dict_keys(['basic_etl_dag']) retrieved from /workspaces/hands-on-introduction-data-engineering-4395021/airflow/dags/basic_etl_dag.py
[2026-09-17T09:55:24.466+0000] {logging_mixin.py:150} INFO - [2026-09-17T09:55:24.465+0000] {dag.py:2742} INFO - Sync 1 DAGs
[2026-09-17T09:55:24.490+0000] {logging_mixin.py:150} INFO - [2026-09-17T09:55:24.490+0000] {dag.py:3504} INFO - Setting next_dagrun for basic_etl_dag to None, run_after=None
[2026-09-17T09:55:24.532+0000] {processor.py:179} INFO - Processing /workspaces/hands-on-introduction-data-engineering-4395021/airflow/dags/basic_etl_dag.py took 0.449 seconds
[2026-09-17T09:55:54.727+0000] {processor.py:157} INFO - Started process (PID=47524) to work on /workspaces/hands-on-introduction-data-engineering-4395021/airflow/dags/basic_etl_dag.py
[2026-09-17T09:55:54.728+0000] {processor.py:826} INFO - Processing file /workspaces/hands-on-introduction-data-engineering-4395021/airflow/dags/basic_etl_dag.py for tasks to queue
[2026-09-17T09:55:54.729+0000] {logging_mixin.py:150} INFO - [2026-09-17T09:55:54.728+0000] {dagbag.py:541} INFO - Filling up the DagBag from /workspaces/hands-on-introduction-data-engineering-4395021/airflow/dags/basic_etl_dag.py
[2026-09-17T09:55:55.033+0000] {processor.py:836} INFO - DAG(s) dict_keys(['basic_etl_dag']) retrieved from /workspaces/hands-on-introduction-data-engineering-4395021/airflow/dags/basic_etl_dag.py
[2026-09-17T09:55:55.049+0000] {logging_mixin.py:150} INFO - [2026-09-17T09:55:55.049+0000] {dag.py:2742} INFO - Sync 1 DAGs
[2026-09-17T09:55:55.064+0000] {logging_mixin.py:150} INFO - [2026-09-17T09:55:55.064+0000] {dag.py:3504} INFO - Setting next_dagrun for basic_etl_dag to None, run_after=None
[2026-09-17T09:55:55.078+0000] {processor.py:179} INFO - Processing /workspaces/hands-on-introduction-data-engineering-4395021/airflow/dags/basic_etl_dag.py took 0.355 seconds
[2026-09-17T09:56:25.228+0000] {processor.py:157} INFO - Started process (PID=47705) to work on /workspaces/hands-on-introduction-data-engineering-4395021/airflow/dags/basic_etl_dag.py
[2026-09-17T09:56:25.229+0000] {processor.py:826} INFO - Processing file /workspaces/hands-on-introduction-data-engineering-4395021/airflow/dags/basic_etl_dag.py for tasks to queue
[2026-09-17T09:56:25.230+0000] {logging_mixin.py:150} INFO - [2026-09-17T09:56:25.230+0000] {dagbag.py:541} INFO - Filling up the DagBag from /workspaces/hands-on-introduction-data-engineering-4395021/airflow/dags/basic_etl_dag.py
[2026-09-17T09:56:25.517+0000] {processor.py:836} INFO - DAG(s) dict_keys(['basic_etl_dag']) retrieved from /workspaces/hands-on-introduction-data-engineering-4395021/airflow/dags/basic_etl_dag.py
[2026-09-17T09:56:25.536+0000] {logging_mixin.py:150} INFO - [2026-09-17T09:56:25.535+0000] {dag.py:2742} INFO - Sync 1 DAGs
[2026-09-17T09:56:25.550+0000] {logging_mixin.py:150} INFO - [2026-09-17T09:56:25.549+0000] {dag.py:3504} INFO - Setting next_dagrun for basic_etl_dag to None, run_after=None
[2026-09-17T09:56:25.565+0000] {processor.py:179} INFO - Processing /workspaces/hands-on-introduction-data-engineering-4395021/airflow/dags/basic_etl_dag.py took 0.340 seconds
[2026-09-17T09:56:55.728+0000] {processor.py:157} INFO - Started process (PID=47899) to work on /workspaces/hands-on-introduction-data-engineering-4395021/airflow/dags/basic_etl_dag.py
[2026-09-17T09:56:55.729+0000] {processor.py:826} INFO - Processing file /workspaces/hands-on-introduction-data-engineering-4395021/airflow/dags/basic_etl_dag.py for tasks to queue
[2026-09-17T09:56:55.729+0000] {logging_mixin.py:150} INFO - [2026-09-17T09:56:55.729+0000] {dagbag.py:541} INFO - Filling up the DagBag from /workspaces/hands-on-introduction-data-engineering-4395021/airflow/dags/basic_etl_dag.py
[2026-09-17T09:56:56.001+0000] {processor.py:836} INFO - DAG(s) dict_keys(['basic_etl_dag']) retrieved from /workspaces/hands-on-introduction-data-engineering-4395021/airflow/dags/basic_etl_dag.py
[2026-09-17T09:56:56.023+0000] {logging_mixin.py:150} INFO - [2026-09-17T09:56:56.023+0000] {dag.py:2742} INFO - Sync 1 DAGs
[2026-09-17T09:56:56.042+0000] {logging_mixin.py:150} INFO - [2026-09-17T09:56:56.041+0000] {dag.py:3504} INFO - Setting next_dagrun for basic_etl_dag to None, run_after=None
[2026-09-17T09:56:56.058+0000] {processor.py:179} INFO - Processing /workspaces/hands-on-introduction-data-engineering-4395021/airflow/dags/basic_etl_dag.py took 0.333 seconds
[2026-09-17T09:57:26.239+0000] {processor.py:157} INFO - Started process (PID=48073) to work on /workspaces/hands-on-introduction-data-engineering-4395021/airflow/dags/basic_etl_dag.py
[2026-09-17T09:57:26.240+0000] {processor.py:826} INFO - Processing file /workspaces/hands-on-introduction-data-engineering-4395021/airflow/dags/basic_etl_dag.py for tasks to queue
[2026-09-17T09:57:26.240+0000] {logging_mixin.py:150} INFO - [2026-09-17T09:57:26.240+0000] {dagbag.py:541} INFO - Filling up the DagBag from /workspaces/hands-on-introduction-data-engineering-4395021/airflow/dags/basic_etl_dag.py
[2026-09-17T09:57:26.530+0000] {processor.py:836} INFO - DAG(s) dict_keys(['basic_etl_dag']) retrieved from /workspaces/hands-on-introduction-data-engineering-4395021/airflow/dags/basic_etl_dag.py
[2026-09-17T09:57:26.546+0000] {logging_mixin.py:150} INFO - [2026-09-17T09:57:26.546+0000] {dag.py:2742} INFO - Sync 1 DAGs
[2026-09-17T09:57:26.561+0000] {logging_mixin.py:150} INFO - [2026-09-17T09:57:26.560+0000] {dag.py:3504} INFO - Setting next_dagrun for basic_etl_dag to None, run_after=None
[2026-09-17T09:57:26.576+0000] {processor.py:179} INFO - Processing /workspaces/hands-on-introduction-data-engineering-4395021/airflow/dags/basic_etl_dag.py took 0.340 seconds
[2026-09-17T09:57:56.751+0000] {processor.py:157} INFO - Started process (PID=48248) to work on /workspaces/hands-on-introduction-data-engineering-4395021/airflow/dags/basic_etl_dag.py
[2026-09-17T09:57:56.751+0000] {processor.py:826} INFO - Processing file /workspaces/hands-on-introduction-data-engineering-4395021/airflow/dags/basic_etl_dag.py for tasks to queue
[2026-09-17T09:57:56.752+0000] {logging_mixin.py:150} INFO - [2026-09-17T09:57:56.752+0000] {dagbag.py:541} INFO - Filling up the DagBag from /workspaces/hands-on-introduction-data-engineering-4395021/airflow/dags/basic_etl_dag.py
[2026-09-17T09:57:57.042+0000] {processor.py:836} INFO - DAG(s) dict_keys(['basic_etl_dag']) retrieved from /workspaces/hands-on-introduction-data-engineering-4395021/airflow/dags/basic_etl_dag.py
[2026-09-17T09:57:57.057+0000] {logging_mixin.py:150} INFO - [2026-09-17T09:57:57.057+0000] {dag.py:2742} INFO - Sync 1 DAGs
[2026-09-17T09:57:57.071+0000] {logging_mixin.py:150} INFO - [2026-09-17T09:57:57.071+0000] {dag.py:3504} INFO - Setting next_dagrun for basic_etl_dag to None, run_after=None
[2026-09-17T09:57:57.087+0000] {processor.py:179} INFO - Processing /workspaces/hands-on-introduction-data-engineering-4395021/airflow/dags/basic_etl_dag.py took 0.339 seconds
[2026-09-17T09:58:27.251+0000] {processor.py:157} INFO - Started process (PID=48427) to work on /workspaces/hands-on-introduction-data-engineering-4395021/airflow/dags/basic_etl_dag.py
[2026-09-17T09:58:27.252+0000] {processor.py:826} INFO - Processing file /workspaces/hands-on-introduction-data-engineering-4395021/airflow/dags/basic_etl_dag.py for tasks to queue
[2026-09-17T09:58:27.252+0000] {logging_mixin.py:150} INFO - [2026-09-17T09:58:27.252+0000] {dagbag.py:541} INFO - Filling up the DagBag from /workspaces/hands-on-introduction-data-engineering-4395021/airflow/dags/basic_etl_dag.py
[2026-09-17T09:58:27.526+0000] {processor.py:836} INFO - DAG(s) dict_keys(['basic_etl_dag']) retrieved from /workspaces/hands-on-introduction-data-engineering-4395021/airflow/dags/basic_etl_dag.py
[2026-09-17T09:58:27.542+0000] {logging_mixin.py:150} INFO - [2026-09-17T09:58:27.541+0000] {dag.py:2742} INFO - Sync 1 DAGs
[2026-09-17T09:58:27.556+0000] {logging_mixin.py:150} INFO - [2026-09-17T09:58:27.556+0000] {dag.py:3504} INFO - Setting next_dagrun for basic_etl_dag to None, run_after=None
[2026-09-17T09:58:27.570+0000] {processor.py:179} INFO - Processing /workspaces/hands-on-introduction-data-engineering-4395021/airflow/dags/basic_etl_dag.py took 0.322 seconds
[2026-09-17T09:58:57.749+0000] {processor.py:157} INFO - Started process (PID=48596) to work on /workspaces/hands-on-introduction-data-engineering-4395021/airflow/dags/basic_etl_dag.py
[2026-09-17T09:58:57.750+0000] {processor.py:826} INFO - Processing file /workspaces/hands-on-introduction-data-engineering-4395021/airflow/dags/basic_etl_dag.py for tasks to queue
[2026-09-17T09:58:57.751+0000] {logging_mixin.py:150} INFO - [2026-09-17T09:58:57.750+0000] {dagbag.py:541} INFO - Filling up the DagBag from /workspaces/hands-on-introduction-data-engineering-4395021/airflow/dags/basic_etl_dag.py
[2026-09-17T09:58:58.063+0000] {processor.py:836} INFO - DAG(s) dict_keys(['basic_etl_dag']) retrieved from /workspaces/hands-on-introduction-data-engineering-4395021/airflow/dags/basic_etl_dag.py
[2026-09-17T09:58:58.079+0000] {logging_mixin.py:150} INFO - [2026-09-17T09:58:58.079+0000] {dag.py:2742} INFO - Sync 1 DAGs
[2026-09-17T09:58:58.093+0000] {logging_mixin.py:150} INFO - [2026-09-17T09:58:58.093+0000] {dag.py:3504} INFO - Setting next_dagrun for basic_etl_dag to None, run_after=None
[2026-09-17T09:58:58.115+0000] {processor.py:179} INFO - Processing /workspaces/hands-on-introduction-data-engineering-4395021/airflow/dags/basic_etl_dag.py took 0.368 seconds
[2026-09-17T09:59:28.259+0000] {processor.py:157} INFO - Started process (PID=48776) to work on /workspaces/hands-on-introduction-data-engineering-4395021/airflow/dags/basic_etl_dag.py
[2026-09-17T09:59:28.259+0000] {processor.py:826} INFO - Processing file /workspaces/hands-on-introduction-data-engineering-4395021/airflow/dags/basic_etl_dag.py for tasks to queue
[2026-09-17T09:59:28.260+0000] {logging_mixin.py:150} INFO - [2026-09-17T09:59:28.260+0000] {dagbag.py:541} INFO - Filling up the DagBag from /workspaces/hands-on-introduction-data-engineering-4395021/airflow/dags/basic_etl_dag.py
[2026-09-17T09:59:28.532+0000] {processor.py:836} INFO - DAG(s) dict_keys(['basic_etl_dag']) retrieved from /workspaces/hands-on-introduction-data-engineering-4395021/airflow/dags/basic_etl_dag.py
[2026-09-17T09:59:28.548+0000] {logging_mixin.py:150} INFO - [2026-09-17T09:59:28.547+0000] {dag.py:2742} INFO - Sync 1 DAGs
[2026-09-17T09:59:28.563+0000] {logging_mixin.py:150} INFO - [2026-09-17T09:59:28.563+0000] {dag.py:3504} INFO - Setting next_dagrun for basic_etl_dag to None, run_after=None
[2026-09-17T09:59:28.578+0000] {processor.py:179} INFO - Processing /workspaces/hands-on-introduction-data-engineering-4395021/airflow/dags/basic_etl_dag.py took 0.322 seconds
[2026-09-17T09:59:58.758+0000] {processor.py:157} INFO - Started process (PID=48958) to work on /workspaces/hands-on-introduction-data-engineering-4395021/airflow/dags/basic_etl_dag.py
[2026-09-17T09:59:58.759+0000] {processor.py:826} INFO - Processing file /workspaces/hands-on-introduction-data-engineering-4395021/airflow/dags/basic_etl_dag.py for tasks to queue
[2026-09-17T09:59:58.759+0000] {logging_mixin.py:150} INFO - [2026-09-17T09:59:58.759+0000] {dagbag.py:541} INFO - Filling up the DagBag from /workspaces/hands-on-introduction-data-engineering-4395021/airflow/dags/basic_etl_dag.py
[2026-09-17T09:59:59.068+0000] {processor.py:836} INFO - DAG(s) dict_keys(['basic_etl_dag']) retrieved from /workspaces/hands-on-introduction-data-engineering-4395021/airflow/dags/basic_etl_dag.py
[2026-09-17T09:59:59.084+0000] {logging_mixin.py:150} INFO - [2026-09-17T09:59:59.084+0000] {dag.py:2742} INFO - Sync 1 DAGs
[2026-09-17T09:59:59.098+0000] {logging_mixin.py:150} INFO - [2026-09-17T09:59:59.098+0000] {dag.py:3504} INFO - Setting next_dagrun for basic_etl_dag to None, run_after=None
[2026-09-17T09:59:59.118+0000] {processor.py:179} INFO - Processing /workspaces/hands-on-introduction-data-engineering-4395021/airflow/dags/basic_etl_dag.py took 0.363 seconds
[2026-09-17T10:00:29.190+0000] {processor.py:157} INFO - Started process (PID=49126) to work on /workspaces/hands-on-introduction-data-engineering-4395021/airflow/dags/basic_etl_dag.py
[2026-09-17T10:00:29.191+0000] {processor.py:826} INFO - Processing file /workspaces/hands-on-introduction-data-engineering-4395021/airflow/dags/basic_etl_dag.py for tasks to queue
[2026-09-17T10:00:29.192+0000] {logging_mixin.py:150} INFO - [2026-09-17T10:00:29.191+0000] {dagbag.py:541} INFO - Filling up the DagBag from /workspaces/hands-on-introduction-data-engineering-4395021/airflow/dags/basic_etl_dag.py
[2026-09-17T10:00:29.470+0000] {processor.py:836} INFO - DAG(s) dict_keys(['basic_etl_dag']) retrieved from /workspaces/hands-on-introduction-data-engineering-4395021/airflow/dags/basic_etl_dag.py
[2026-09-17T10:00:29.487+0000] {logging_mixin.py:150} INFO - [2026-09-17T10:00:29.487+0000] {dag.py:2742} INFO - Sync 1 DAGs
[2026-09-17T10:00:29.502+0000] {logging_mixin.py:150} INFO - [2026-09-17T10:00:29.502+0000] {dag.py:3504} INFO - Setting next_dagrun for basic_etl_dag to None, run_after=None
[2026-09-17T10:00:29.521+0000] {processor.py:179} INFO - Processing /workspaces/hands-on-introduction-data-engineering-4395021/airflow/dags/basic_etl_dag.py took 0.334 seconds
[2026-09-17T10:00:59.685+0000] {processor.py:157} INFO - Started process (PID=49305) to work on /workspaces/hands-on-introduction-data-engineering-4395021/airflow/dags/basic_etl_dag.py
[2026-09-17T10:00:59.686+0000] {processor.py:826} INFO - Processing file /workspaces/hands-on-introduction-data-engineering-4395021/airflow/dags/basic_etl_dag.py for tasks to queue
[2026-09-17T10:00:59.687+0000] {logging_mixin.py:150} INFO - [2026-09-17T10:00:59.686+0000] {dagbag.py:541} INFO - Filling up the DagBag from /workspaces/hands-on-introduction-data-engineering-4395021/airflow/dags/basic_etl_dag.py
[2026-09-17T10:00:59.969+0000] {processor.py:836} INFO - DAG(s) dict_keys(['basic_etl_dag']) retrieved from /workspaces/hands-on-introduction-data-engineering-4395021/airflow/dags/basic_etl_dag.py
[2026-09-17T10:00:59.985+0000] {logging_mixin.py:150} INFO - [2026-09-17T10:00:59.985+0000] {dag.py:2742} INFO - Sync 1 DAGs
[2026-09-17T10:00:59.999+0000] {logging_mixin.py:150} INFO - [2026-09-17T10:00:59.999+0000] {dag.py:3504} INFO - Setting next_dagrun for basic_etl_dag to None, run_after=None
[2026-09-17T10:01:00.020+0000] {processor.py:179} INFO - Processing /workspaces/hands-on-introduction-data-engineering-4395021/airflow/dags/basic_etl_dag.py took 0.337 seconds
[2026-09-17T10:01:30.195+0000] {processor.py:157} INFO - Started process (PID=49500) to work on /workspaces/hands-on-introduction-data-engineering-4395021/airflow/dags/basic_etl_dag.py
[2026-09-17T10:01:30.195+0000] {processor.py:826} INFO - Processing file /workspaces/hands-on-introduction-data-engineering-4395021/airflow/dags/basic_etl_dag.py for tasks to queue
[2026-09-17T10:01:30.196+0000] {logging_mixin.py:150} INFO - [2026-09-17T10:01:30.196+0000] {dagbag.py:541} INFO - Filling up the DagBag from /workspaces/hands-on-introduction-data-engineering-4395021/airflow/dags/basic_etl_dag.py
[2026-09-17T10:01:30.492+0000] {processor.py:836} INFO - DAG(s) dict_keys(['basic_etl_dag']) retrieved from /workspaces/hands-on-introduction-data-engineering-4395021/airflow/dags/basic_etl_dag.py
[2026-09-17T10:01:30.511+0000] {logging_mixin.py:150} INFO - [2026-09-17T10:01:30.511+0000] {dag.py:2742} INFO - Sync 1 DAGs
[2026-09-17T10:01:30.535+0000] {logging_mixin.py:150} INFO - [2026-09-17T10:01:30.535+0000] {dag.py:3504} INFO - Setting next_dagrun for basic_etl_dag to None, run_after=None
[2026-09-17T10:01:30.550+0000] {processor.py:179} INFO - Processing /workspaces/hands-on-introduction-data-engineering-4395021/airflow/dags/basic_etl_dag.py took 0.358 seconds
[2026-09-17T10:02:00.694+0000] {processor.py:157} INFO - Started process (PID=49671) to work on /workspaces/hands-on-introduction-data-engineering-4395021/airflow/dags/basic_etl_dag.py
[2026-09-17T10:02:00.695+0000] {processor.py:826} INFO - Processing file /workspaces/hands-on-introduction-data-engineering-4395021/airflow/dags/basic_etl_dag.py for tasks to queue
[2026-09-17T10:02:00.696+0000] {logging_mixin.py:150} INFO - [2026-09-17T10:02:00.696+0000] {dagbag.py:541} INFO - Filling up the DagBag from /workspaces/hands-on-introduction-data-engineering-4395021/airflow/dags/basic_etl_dag.py
[2026-09-17T10:02:00.986+0000] {processor.py:836} INFO - DAG(s) dict_keys(['basic_etl_dag']) retrieved from /workspaces/hands-on-introduction-data-engineering-4395021/airflow/dags/basic_etl_dag.py
[2026-09-17T10:02:01.002+0000] {logging_mixin.py:150} INFO - [2026-09-17T10:02:01.002+0000] {dag.py:2742} INFO - Sync 1 DAGs
[2026-09-17T10:02:01.021+0000] {logging_mixin.py:150} INFO - [2026-09-17T10:02:01.020+0000] {dag.py:3504} INFO - Setting next_dagrun for basic_etl_dag to None, run_after=None
[2026-09-17T10:02:01.037+0000] {processor.py:179} INFO - Processing /workspaces/hands-on-introduction-data-engineering-4395021/airflow/dags/basic_etl_dag.py took 0.346 seconds
[2026-09-17T10:02:31.224+0000] {processor.py:157} INFO - Started process (PID=49844) to work on /workspaces/hands-on-introduction-data-engineering-4395021/airflow/dags/basic_etl_dag.py
[2026-09-17T10:02:31.225+0000] {processor.py:826} INFO - Processing file /workspaces/hands-on-introduction-data-engineering-4395021/airflow/dags/basic_etl_dag.py for tasks to queue
[2026-09-17T10:02:31.226+0000] {logging_mixin.py:150} INFO - [2026-09-17T10:02:31.226+0000] {dagbag.py:541} INFO - Filling up the DagBag from /workspaces/hands-on-introduction-data-engineering-4395021/airflow/dags/basic_etl_dag.py
[2026-09-17T10:02:31.508+0000] {processor.py:836} INFO - DAG(s) dict_keys(['basic_etl_dag']) retrieved from /workspaces/hands-on-introduction-data-engineering-4395021/airflow/dags/basic_etl_dag.py
[2026-09-17T10:02:31.526+0000] {logging_mixin.py:150} INFO - [2026-09-17T10:02:31.526+0000] {dag.py:2742} INFO - Sync 1 DAGs
[2026-09-17T10:02:31.542+0000] {logging_mixin.py:150} INFO - [2026-09-17T10:02:31.542+0000] {dag.py:3504} INFO - Setting next_dagrun for basic_etl_dag to None, run_after=None
[2026-09-17T10:02:31.557+0000] {processor.py:179} INFO - Processing /workspaces/hands-on-introduction-data-engineering-4395021/airflow/dags/basic_etl_dag.py took 0.335 seconds
[2026-09-17T10:03:01.726+0000] {processor.py:157} INFO - Started process (PID=50024) to work on /workspaces/hands-on-introduction-data-engineering-4395021/airflow/dags/basic_etl_dag.py
[2026-09-17T10:03:01.726+0000] {processor.py:826} INFO - Processing file /workspaces/hands-on-introduction-data-engineering-4395021/airflow/dags/basic_etl_dag.py for tasks to queue
[2026-09-17T10:03:01.727+0000] {logging_mixin.py:150} INFO - [2026-09-17T10:03:01.727+0000] {dagbag.py:541} INFO - Filling up the DagBag from /workspaces/hands-on-introduction-data-engineering-4395021/airflow/dags/basic_etl_dag.py
[2026-09-17T10:03:02.013+0000] {processor.py:836} INFO - DAG(s) dict_keys(['basic_etl_dag']) retrieved from /workspaces/hands-on-introduction-data-engineering-4395021/airflow/dags/basic_etl_dag.py
[2026-09-17T10:03:02.030+0000] {logging_mixin.py:150} INFO - [2026-09-17T10:03:02.030+0000] {dag.py:2742} INFO - Sync 1 DAGs
[2026-09-17T10:03:02.046+0000] {logging_mixin.py:150} INFO - [2026-09-17T10:03:02.046+0000] {dag.py:3504} INFO - Setting next_dagrun for basic_etl_dag to None, run_after=None
[2026-09-17T10:03:02.061+0000] {processor.py:179} INFO - Processing /workspaces/hands-on-introduction-data-engineering-4395021/airflow/dags/basic_etl_dag.py took 0.338 seconds
[2026-09-17T10:03:32.225+0000] {processor.py:157} INFO - Started process (PID=50191) to work on /workspaces/hands-on-introduction-data-engineering-4395021/airflow/dags/basic_etl_dag.py
[2026-09-17T10:03:32.226+0000] {processor.py:826} INFO - Processing file /workspaces/hands-on-introduction-data-engineering-4395021/airflow/dags/basic_etl_dag.py for tasks to queue
[2026-09-17T10:03:32.227+0000] {logging_mixin.py:150} INFO - [2026-09-17T10:03:32.227+0000] {dagbag.py:541} INFO - Filling up the DagBag from /workspaces/hands-on-introduction-data-engineering-4395021/airflow/dags/basic_etl_dag.py
[2026-09-17T10:03:32.590+0000] {processor.py:836} INFO - DAG(s) dict_keys(['basic_etl_dag']) retrieved from /workspaces/hands-on-introduction-data-engineering-4395021/airflow/dags/basic_etl_dag.py
[2026-09-17T10:03:32.608+0000] {logging_mixin.py:150} INFO - [2026-09-17T10:03:32.608+0000] {dag.py:2742} INFO - Sync 1 DAGs
[2026-09-17T10:03:32.627+0000] {logging_mixin.py:150} INFO - [2026-09-17T10:03:32.627+0000] {dag.py:3504} INFO - Setting next_dagrun for basic_etl_dag to None, run_after=None
[2026-09-17T10:03:32.642+0000] {processor.py:179} INFO - Processing /workspaces/hands-on-introduction-data-engineering-4395021/airflow/dags/basic_etl_dag.py took 0.419 seconds
[2026-09-17T10:04:02.835+0000] {processor.py:157} INFO - Started process (PID=50369) to work on /workspaces/hands-on-introduction-data-engineering-4395021/airflow/dags/basic_etl_dag.py
[2026-09-17T10:04:02.836+0000] {processor.py:826} INFO - Processing file /workspaces/hands-on-introduction-data-engineering-4395021/airflow/dags/basic_etl_dag.py for tasks to queue
[2026-09-17T10:04:02.837+0000] {logging_mixin.py:150} INFO - [2026-09-17T10:04:02.836+0000] {dagbag.py:541} INFO - Filling up the DagBag from /workspaces/hands-on-introduction-data-engineering-4395021/airflow/dags/basic_etl_dag.py
[2026-09-17T10:04:03.114+0000] {processor.py:836} INFO - DAG(s) dict_keys(['basic_etl_dag']) retrieved from /workspaces/hands-on-introduction-data-engineering-4395021/airflow/dags/basic_etl_dag.py
[2026-09-17T10:04:03.134+0000] {logging_mixin.py:150} INFO - [2026-09-17T10:04:03.134+0000] {dag.py:2742} INFO - Sync 1 DAGs
[2026-09-17T10:04:03.148+0000] {logging_mixin.py:150} INFO - [2026-09-17T10:04:03.148+0000] {dag.py:3504} INFO - Setting next_dagrun for basic_etl_dag to None, run_after=None
[2026-09-17T10:04:03.163+0000] {processor.py:179} INFO - Processing /workspaces/hands-on-introduction-data-engineering-4395021/airflow/dags/basic_etl_dag.py took 0.331 seconds
[2026-09-17T10:04:33.336+0000] {processor.py:157} INFO - Started process (PID=50550) to work on /workspaces/hands-on-introduction-data-engineering-4395021/airflow/dags/basic_etl_dag.py
[2026-09-17T10:04:33.337+0000] {processor.py:826} INFO - Processing file /workspaces/hands-on-introduction-data-engineering-4395021/airflow/dags/basic_etl_dag.py for tasks to queue
[2026-09-17T10:04:33.338+0000] {logging_mixin.py:150} INFO - [2026-09-17T10:04:33.338+0000] {dagbag.py:541} INFO - Filling up the DagBag from /workspaces/hands-on-introduction-data-engineering-4395021/airflow/dags/basic_etl_dag.py
[2026-09-17T10:04:33.625+0000] {processor.py:836} INFO - DAG(s) dict_keys(['basic_etl_dag']) retrieved from /workspaces/hands-on-introduction-data-engineering-4395021/airflow/dags/basic_etl_dag.py
[2026-09-17T10:04:33.643+0000] {logging_mixin.py:150} INFO - [2026-09-17T10:04:33.643+0000] {dag.py:2742} INFO - Sync 1 DAGs
[2026-09-17T10:04:33.658+0000] {logging_mixin.py:150} INFO - [2026-09-17T10:04:33.658+0000] {dag.py:3504} INFO - Setting next_dagrun for basic_etl_dag to None, run_after=None
[2026-09-17T10:04:33.675+0000] {processor.py:179} INFO - Processing /workspaces/hands-on-introduction-data-engineering-4395021/airflow/dags/basic_etl_dag.py took 0.341 seconds
[2026-09-17T10:05:03.850+0000] {processor.py:157} INFO - Started process (PID=50721) to work on /workspaces/hands-on-introduction-data-engineering-4395021/airflow/dags/basic_etl_dag.py
[2026-09-17T10:05:03.851+0000] {processor.py:826} INFO - Processing file /workspaces/hands-on-introduction-data-engineering-4395021/airflow/dags/basic_etl_dag.py for tasks to queue
[2026-09-17T10:05:03.853+0000] {logging_mixin.py:150} INFO - [2026-09-17T10:05:03.852+0000] {dagbag.py:541} INFO - Filling up the DagBag from /workspaces/hands-on-introduction-data-engineering-4395021/airflow/dags/basic_etl_dag.py
[2026-09-17T10:05:04.131+0000] {processor.py:836} INFO - DAG(s) dict_keys(['basic_etl_dag']) retrieved from /workspaces/hands-on-introduction-data-engineering-4395021/airflow/dags/basic_etl_dag.py
[2026-09-17T10:05:04.147+0000] {logging_mixin.py:150} INFO - [2026-09-17T10:05:04.147+0000] {dag.py:2742} INFO - Sync 1 DAGs
[2026-09-17T10:05:04.161+0000] {logging_mixin.py:150} INFO - [2026-09-17T10:05:04.161+0000] {dag.py:3504} INFO - Setting next_dagrun for basic_etl_dag to None, run_after=None
[2026-09-17T10:05:04.176+0000] {processor.py:179} INFO - Processing /workspaces/hands-on-introduction-data-engineering-4395021/airflow/dags/basic_etl_dag.py took 0.329 seconds
[2026-09-17T10:05:34.349+0000] {processor.py:157} INFO - Started process (PID=50896) to work on /workspaces/hands-on-introduction-data-engineering-4395021/airflow/dags/basic_etl_dag.py
[2026-09-17T10:05:34.350+0000] {processor.py:826} INFO - Processing file /workspaces/hands-on-introduction-data-engineering-4395021/airflow/dags/basic_etl_dag.py for tasks to queue
[2026-09-17T10:05:34.351+0000] {logging_mixin.py:150} INFO - [2026-09-17T10:05:34.350+0000] {dagbag.py:541} INFO - Filling up the DagBag from /workspaces/hands-on-introduction-data-engineering-4395021/airflow/dags/basic_etl_dag.py
[2026-09-17T10:05:34.637+0000] {processor.py:836} INFO - DAG(s) dict_keys(['basic_etl_dag']) retrieved from /workspaces/hands-on-introduction-data-engineering-4395021/airflow/dags/basic_etl_dag.py
[2026-09-17T10:05:34.653+0000] {logging_mixin.py:150} INFO - [2026-09-17T10:05:34.653+0000] {dag.py:2742} INFO - Sync 1 DAGs
[2026-09-17T10:05:34.668+0000] {logging_mixin.py:150} INFO - [2026-09-17T10:05:34.668+0000] {dag.py:3504} INFO - Setting next_dagrun for basic_etl_dag to None, run_after=None
[2026-09-17T10:05:34.685+0000] {processor.py:179} INFO - Processing /workspaces/hands-on-introduction-data-engineering-4395021/airflow/dags/basic_etl_dag.py took 0.338 seconds
[2026-09-17T10:06:04.898+0000] {processor.py:157} INFO - Started process (PID=51070) to work on /workspaces/hands-on-introduction-data-engineering-4395021/airflow/dags/basic_etl_dag.py
[2026-09-17T10:06:04.899+0000] {processor.py:826} INFO - Processing file /workspaces/hands-on-introduction-data-engineering-4395021/airflow/dags/basic_etl_dag.py for tasks to queue
[2026-09-17T10:06:04.900+0000] {logging_mixin.py:150} INFO - [2026-09-17T10:06:04.899+0000] {dagbag.py:541} INFO - Filling up the DagBag from /workspaces/hands-on-introduction-data-engineering-4395021/airflow/dags/basic_etl_dag.py
[2026-09-17T10:06:05.185+0000] {processor.py:836} INFO - DAG(s) dict_keys(['basic_etl_dag']) retrieved from /workspaces/hands-on-introduction-data-engineering-4395021/airflow/dags/basic_etl_dag.py
[2026-09-17T10:06:05.207+0000] {logging_mixin.py:150} INFO - [2026-09-17T10:06:05.207+0000] {dag.py:2742} INFO - Sync 1 DAGs
[2026-09-17T10:06:05.230+0000] {logging_mixin.py:150} INFO - [2026-09-17T10:06:05.230+0000] {dag.py:3504} INFO - Setting next_dagrun for basic_etl_dag to None, run_after=None
[2026-09-17T10:06:05.253+0000] {processor.py:179} INFO - Processing /workspaces/hands-on-introduction-data-engineering-4395021/airflow/dags/basic_etl_dag.py took 0.359 seconds
[2026-09-17T10:06:35.408+0000] {processor.py:157} INFO - Started process (PID=51270) to work on /workspaces/hands-on-introduction-data-engineering-4395021/airflow/dags/basic_etl_dag.py
[2026-09-17T10:06:35.409+0000] {processor.py:826} INFO - Processing file /workspaces/hands-on-introduction-data-engineering-4395021/airflow/dags/basic_etl_dag.py for tasks to queue
[2026-09-17T10:06:35.409+0000] {logging_mixin.py:150} INFO - [2026-09-17T10:06:35.409+0000] {dagbag.py:541} INFO - Filling up the DagBag from /workspaces/hands-on-introduction-data-engineering-4395021/airflow/dags/basic_etl_dag.py
[2026-09-17T10:06:35.720+0000] {processor.py:836} INFO - DAG(s) dict_keys(['basic_etl_dag']) retrieved from /workspaces/hands-on-introduction-data-engineering-4395021/airflow/dags/basic_etl_dag.py
[2026-09-17T10:06:35.735+0000] {logging_mixin.py:150} INFO - [2026-09-17T10:06:35.735+0000] {dag.py:2742} INFO - Sync 1 DAGs
[2026-09-17T10:06:35.750+0000] {logging_mixin.py:150} INFO - [2026-09-17T10:06:35.750+0000] {dag.py:3504} INFO - Setting next_dagrun for basic_etl_dag to None, run_after=None
[2026-09-17T10:06:35.765+0000] {processor.py:179} INFO - Processing /workspaces/hands-on-introduction-data-engineering-4395021/airflow/dags/basic_etl_dag.py took 0.361 seconds
[2026-09-17T10:07:05.911+0000] {processor.py:157} INFO - Started process (PID=51438) to work on /workspaces/hands-on-introduction-data-engineering-4395021/airflow/dags/basic_etl_dag.py
[2026-09-17T10:07:05.912+0000] {processor.py:826} INFO - Processing file /workspaces/hands-on-introduction-data-engineering-4395021/airflow/dags/basic_etl_dag.py for tasks to queue
[2026-09-17T10:07:05.913+0000] {logging_mixin.py:150} INFO - [2026-09-17T10:07:05.912+0000] {dagbag.py:541} INFO - Filling up the DagBag from /workspaces/hands-on-introduction-data-engineering-4395021/airflow/dags/basic_etl_dag.py
[2026-09-17T10:07:06.191+0000] {processor.py:836} INFO - DAG(s) dict_keys(['basic_etl_dag']) retrieved from /workspaces/hands-on-introduction-data-engineering-4395021/airflow/dags/basic_etl_dag.py
[2026-09-17T10:07:06.210+0000] {logging_mixin.py:150} INFO - [2026-09-17T10:07:06.209+0000] {dag.py:2742} INFO - Sync 1 DAGs
[2026-09-17T10:07:06.228+0000] {logging_mixin.py:150} INFO - [2026-09-17T10:07:06.228+0000] {dag.py:3504} INFO - Setting next_dagrun for basic_etl_dag to None, run_after=None
[2026-09-17T10:07:06.243+0000] {processor.py:179} INFO - Processing /workspaces/hands-on-introduction-data-engineering-4395021/airflow/dags/basic_etl_dag.py took 0.335 seconds
[2026-09-17T10:07:36.406+0000] {processor.py:157} INFO - Started process (PID=51618) to work on /workspaces/hands-on-introduction-data-engineering-4395021/airflow/dags/basic_etl_dag.py
[2026-09-17T10:07:36.407+0000] {processor.py:826} INFO - Processing file /workspaces/hands-on-introduction-data-engineering-4395021/airflow/dags/basic_etl_dag.py for tasks to queue
[2026-09-17T10:07:36.408+0000] {logging_mixin.py:150} INFO - [2026-09-17T10:07:36.407+0000] {dagbag.py:541} INFO - Filling up the DagBag from /workspaces/hands-on-introduction-data-engineering-4395021/airflow/dags/basic_etl_dag.py
[2026-09-17T10:07:36.683+0000] {processor.py:836} INFO - DAG(s) dict_keys(['basic_etl_dag']) retrieved from /workspaces/hands-on-introduction-data-engineering-4395021/airflow/dags/basic_etl_dag.py
[2026-09-17T10:07:36.698+0000] {logging_mixin.py:150} INFO - [2026-09-17T10:07:36.698+0000] {dag.py:2742} INFO - Sync 1 DAGs
[2026-09-17T10:07:36.719+0000] {logging_mixin.py:150} INFO - [2026-09-17T10:07:36.719+0000] {dag.py:3504} INFO - Setting next_dagrun for basic_etl_dag to None, run_after=None
[2026-09-17T10:07:36.734+0000] {processor.py:179} INFO - Processing /workspaces/hands-on-introduction-data-engineering-4395021/airflow/dags/basic_etl_dag.py took 0.331 seconds
[2026-09-17T10:08:06.908+0000] {processor.py:157} INFO - Started process (PID=51799) to work on /workspaces/hands-on-introduction-data-engineering-4395021/airflow/dags/basic_etl_dag.py
[2026-09-17T10:08:06.909+0000] {processor.py:826} INFO - Processing file /workspaces/hands-on-introduction-data-engineering-4395021/airflow/dags/basic_etl_dag.py for tasks to queue
[2026-09-17T10:08:06.910+0000] {logging_mixin.py:150} INFO - [2026-09-17T10:08:06.910+0000] {dagbag.py:541} INFO - Filling up the DagBag from /workspaces/hands-on-introduction-data-engineering-4395021/airflow/dags/basic_etl_dag.py
[2026-09-17T10:08:07.195+0000] {processor.py:836} INFO - DAG(s) dict_keys(['basic_etl_dag']) retrieved from /workspaces/hands-on-introduction-data-engineering-4395021/airflow/dags/basic_etl_dag.py
[2026-09-17T10:08:07.216+0000] {logging_mixin.py:150} INFO - [2026-09-17T10:08:07.216+0000] {dag.py:2742} INFO - Sync 1 DAGs
[2026-09-17T10:08:07.231+0000] {logging_mixin.py:150} INFO - [2026-09-17T10:08:07.231+0000] {dag.py:3504} INFO - Setting next_dagrun for basic_etl_dag to None, run_after=None
[2026-09-17T10:08:07.246+0000] {processor.py:179} INFO - Processing /workspaces/hands-on-introduction-data-engineering-4395021/airflow/dags/basic_etl_dag.py took 0.341 seconds
[2026-09-17T10:08:37.419+0000] {processor.py:157} INFO - Started process (PID=51967) to work on /workspaces/hands-on-introduction-data-engineering-4395021/airflow/dags/basic_etl_dag.py
[2026-09-17T10:08:37.420+0000] {processor.py:826} INFO - Processing file /workspaces/hands-on-introduction-data-engineering-4395021/airflow/dags/basic_etl_dag.py for tasks to queue
[2026-09-17T10:08:37.421+0000] {logging_mixin.py:150} INFO - [2026-09-17T10:08:37.420+0000] {dagbag.py:541} INFO - Filling up the DagBag from /workspaces/hands-on-introduction-data-engineering-4395021/airflow/dags/basic_etl_dag.py
[2026-09-17T10:08:37.692+0000] {processor.py:836} INFO - DAG(s) dict_keys(['basic_etl_dag']) retrieved from /workspaces/hands-on-introduction-data-engineering-4395021/airflow/dags/basic_etl_dag.py
[2026-09-17T10:08:37.710+0000] {logging_mixin.py:150} INFO - [2026-09-17T10:08:37.710+0000] {dag.py:2742} INFO - Sync 1 DAGs
[2026-09-17T10:08:37.727+0000] {logging_mixin.py:150} INFO - [2026-09-17T10:08:37.727+0000] {dag.py:3504} INFO - Setting next_dagrun for basic_etl_dag to None, run_after=None
[2026-09-17T10:08:37.746+0000] {processor.py:179} INFO - Processing /workspaces/hands-on-introduction-data-engineering-4395021/airflow/dags/basic_etl_dag.py took 0.331 seconds
[2026-09-17T10:09:07.919+0000] {processor.py:157} INFO - Started process (PID=52148) to work on /workspaces/hands-on-introduction-data-engineering-4395021/airflow/dags/basic_etl_dag.py
[2026-09-17T10:09:07.920+0000] {processor.py:826} INFO - Processing file /workspaces/hands-on-introduction-data-engineering-4395021/airflow/dags/basic_etl_dag.py for tasks to queue
[2026-09-17T10:09:07.920+0000] {logging_mixin.py:150} INFO - [2026-09-17T10:09:07.920+0000] {dagbag.py:541} INFO - Filling up the DagBag from /workspaces/hands-on-introduction-data-engineering-4395021/airflow/dags/basic_etl_dag.py
[2026-09-17T10:09:08.194+0000] {processor.py:836} INFO - DAG(s) dict_keys(['basic_etl_dag']) retrieved from /workspaces/hands-on-introduction-data-engineering-4395021/airflow/dags/basic_etl_dag.py
[2026-09-17T10:09:08.214+0000] {logging_mixin.py:150} INFO - [2026-09-17T10:09:08.214+0000] {dag.py:2742} INFO - Sync 1 DAGs
[2026-09-17T10:09:08.230+0000] {logging_mixin.py:150} INFO - [2026-09-17T10:09:08.230+0000] {dag.py:3504} INFO - Setting next_dagrun for basic_etl_dag to None, run_after=None
[2026-09-17T10:09:08.246+0000] {processor.py:179} INFO - Processing /workspaces/hands-on-introduction-data-engineering-4395021/airflow/dags/basic_etl_dag.py took 0.331 seconds
[2026-09-17T10:09:38.411+0000] {processor.py:157} INFO - Started process (PID=52323) to work on /workspaces/hands-on-introduction-data-engineering-4395021/airflow/dags/basic_etl_dag.py
[2026-09-17T10:09:38.412+0000] {processor.py:826} INFO - Processing file /workspaces/hands-on-introduction-data-engineering-4395021/airflow/dags/basic_etl_dag.py for tasks to queue
[2026-09-17T10:09:38.413+0000] {logging_mixin.py:150} INFO - [2026-09-17T10:09:38.413+0000] {dagbag.py:541} INFO - Filling up the DagBag from /workspaces/hands-on-introduction-data-engineering-4395021/airflow/dags/basic_etl_dag.py
[2026-09-17T10:09:38.681+0000] {processor.py:836} INFO - DAG(s) dict_keys(['basic_etl_dag']) retrieved from /workspaces/hands-on-introduction-data-engineering-4395021/airflow/dags/basic_etl_dag.py
[2026-09-17T10:09:38.698+0000] {logging_mixin.py:150} INFO - [2026-09-17T10:09:38.697+0000] {dag.py:2742} INFO - Sync 1 DAGs
[2026-09-17T10:09:38.716+0000] {logging_mixin.py:150} INFO - [2026-09-17T10:09:38.716+0000] {dag.py:3504} INFO - Setting next_dagrun for basic_etl_dag to None, run_after=None
[2026-09-17T10:09:38.733+0000] {processor.py:179} INFO - Processing /workspaces/hands-on-introduction-data-engineering-4395021/airflow/dags/basic_etl_dag.py took 0.324 seconds
[2026-09-17T10:10:08.912+0000] {processor.py:157} INFO - Started process (PID=52497) to work on /workspaces/hands-on-introduction-data-engineering-4395021/airflow/dags/basic_etl_dag.py
[2026-09-17T10:10:08.913+0000] {processor.py:826} INFO - Processing file /workspaces/hands-on-introduction-data-engineering-4395021/airflow/dags/basic_etl_dag.py for tasks to queue
[2026-09-17T10:10:08.914+0000] {logging_mixin.py:150} INFO - [2026-09-17T10:10:08.914+0000] {dagbag.py:541} INFO - Filling up the DagBag from /workspaces/hands-on-introduction-data-engineering-4395021/airflow/dags/basic_etl_dag.py
[2026-09-17T10:10:09.214+0000] {processor.py:836} INFO - DAG(s) dict_keys(['basic_etl_dag']) retrieved from /workspaces/hands-on-introduction-data-engineering-4395021/airflow/dags/basic_etl_dag.py
[2026-09-17T10:10:09.241+0000] {logging_mixin.py:150} INFO - [2026-09-17T10:10:09.241+0000] {dag.py:2742} INFO - Sync 1 DAGs
[2026-09-17T10:10:09.262+0000] {logging_mixin.py:150} INFO - [2026-09-17T10:10:09.262+0000] {dag.py:3504} INFO - Setting next_dagrun for basic_etl_dag to None, run_after=None
[2026-09-17T10:10:09.284+0000] {processor.py:179} INFO - Processing /workspaces/hands-on-introduction-data-engineering-4395021/airflow/dags/basic_etl_dag.py took 0.375 seconds
[2026-09-17T10:10:39.480+0000] {processor.py:157} INFO - Started process (PID=52672) to work on /workspaces/hands-on-introduction-data-engineering-4395021/airflow/dags/basic_etl_dag.py
[2026-09-17T10:10:39.481+0000] {processor.py:826} INFO - Processing file /workspaces/hands-on-introduction-data-engineering-4395021/airflow/dags/basic_etl_dag.py for tasks to queue
[2026-09-17T10:10:39.482+0000] {logging_mixin.py:150} INFO - [2026-09-17T10:10:39.482+0000] {dagbag.py:541} INFO - Filling up the DagBag from /workspaces/hands-on-introduction-data-engineering-4395021/airflow/dags/basic_etl_dag.py
[2026-09-17T10:10:39.783+0000] {processor.py:836} INFO - DAG(s) dict_keys(['basic_etl_dag']) retrieved from /workspaces/hands-on-introduction-data-engineering-4395021/airflow/dags/basic_etl_dag.py
[2026-09-17T10:10:39.798+0000] {logging_mixin.py:150} INFO - [2026-09-17T10:10:39.797+0000] {dag.py:2742} INFO - Sync 1 DAGs
[2026-09-17T10:10:39.817+0000] {logging_mixin.py:150} INFO - [2026-09-17T10:10:39.817+0000] {dag.py:3504} INFO - Setting next_dagrun for basic_etl_dag to None, run_after=None
[2026-09-17T10:10:39.833+0000] {processor.py:179} INFO - Processing /workspaces/hands-on-introduction-data-engineering-4395021/airflow/dags/basic_etl_dag.py took 0.356 seconds
[2026-09-17T10:11:09.980+0000] {processor.py:157} INFO - Started process (PID=52858) to work on /workspaces/hands-on-introduction-data-engineering-4395021/airflow/dags/basic_etl_dag.py
[2026-09-17T10:11:09.980+0000] {processor.py:826} INFO - Processing file /workspaces/hands-on-introduction-data-engineering-4395021/airflow/dags/basic_etl_dag.py for tasks to queue
[2026-09-17T10:11:09.981+0000] {logging_mixin.py:150} INFO - [2026-09-17T10:11:09.981+0000] {dagbag.py:541} INFO - Filling up the DagBag from /workspaces/hands-on-introduction-data-engineering-4395021/airflow/dags/basic_etl_dag.py
[2026-09-17T10:11:10.254+0000] {processor.py:836} INFO - DAG(s) dict_keys(['basic_etl_dag']) retrieved from /workspaces/hands-on-introduction-data-engineering-4395021/airflow/dags/basic_etl_dag.py
[2026-09-17T10:11:10.270+0000] {logging_mixin.py:150} INFO - [2026-09-17T10:11:10.270+0000] {dag.py:2742} INFO - Sync 1 DAGs
[2026-09-17T10:11:10.284+0000] {logging_mixin.py:150} INFO - [2026-09-17T10:11:10.284+0000] {dag.py:3504} INFO - Setting next_dagrun for basic_etl_dag to None, run_after=None
[2026-09-17T10:11:10.299+0000] {processor.py:179} INFO - Processing /workspaces/hands-on-introduction-data-engineering-4395021/airflow/dags/basic_etl_dag.py took 0.322 seconds
