[2026-09-17T00:56:06.246+0000] {processor.py:157} INFO - Started process (PID=22338) to work on /workspaces/hands-on-introduction-data-engineering-4395021/airflow/dags/extract_dag.py
[2026-09-17T00:56:06.247+0000] {processor.py:826} INFO - Processing file /workspaces/hands-on-introduction-data-engineering-4395021/airflow/dags/extract_dag.py for tasks to queue
[2026-09-17T00:56:06.247+0000] {logging_mixin.py:150} INFO - [2026-09-17T00:56:06.247+0000] {dagbag.py:541} INFO - Filling up the DagBag from /workspaces/hands-on-introduction-data-engineering-4395021/airflow/dags/extract_dag.py
[2026-09-17T00:56:06.255+0000] {processor.py:836} INFO - DAG(s) dict_keys(['extract_dag']) retrieved from /workspaces/hands-on-introduction-data-engineering-4395021/airflow/dags/extract_dag.py
[2026-09-17T00:56:06.408+0000] {logging_mixin.py:150} INFO - [2026-09-17T00:56:06.407+0000] {manager.py:504} INFO - Created Permission View: can delete on DAG:extract_dag
[2026-09-17T00:56:06.436+0000] {logging_mixin.py:150} INFO - [2026-09-17T00:56:06.436+0000] {manager.py:504} INFO - Created Permission View: can edit on DAG:extract_dag
[2026-09-17T00:56:06.459+0000] {logging_mixin.py:150} INFO - [2026-09-17T00:56:06.459+0000] {manager.py:504} INFO - Created Permission View: can read on DAG:extract_dag
[2026-09-17T00:56:06.474+0000] {logging_mixin.py:150} INFO - [2026-09-17T00:56:06.474+0000] {dag.py:2742} INFO - Sync 1 DAGs
[2026-09-17T00:56:06.487+0000] {logging_mixin.py:150} INFO - [2026-09-17T00:56:06.487+0000] {dag.py:2763} INFO - Creating ORM DAG for extract_dag
[2026-09-17T00:56:06.508+0000] {logging_mixin.py:150} INFO - [2026-09-17T00:56:06.508+0000] {dag.py:3504} INFO - Setting next_dagrun for extract_dag to None, run_after=None
[2026-09-17T00:56:06.542+0000] {processor.py:179} INFO - Processing /workspaces/hands-on-introduction-data-engineering-4395021/airflow/dags/extract_dag.py took 0.300 seconds
[2026-09-17T00:56:28.577+0000] {processor.py:157} INFO - Started process (PID=22524) to work on /workspaces/hands-on-introduction-data-engineering-4395021/airflow/dags/extract_dag.py
[2026-09-17T00:56:28.578+0000] {processor.py:826} INFO - Processing file /workspaces/hands-on-introduction-data-engineering-4395021/airflow/dags/extract_dag.py for tasks to queue
[2026-09-17T00:56:28.578+0000] {logging_mixin.py:150} INFO - [2026-09-17T00:56:28.578+0000] {dagbag.py:541} INFO - Filling up the DagBag from /workspaces/hands-on-introduction-data-engineering-4395021/airflow/dags/extract_dag.py
[2026-09-17T00:56:28.583+0000] {processor.py:836} INFO - DAG(s) dict_keys(['extract_dag']) retrieved from /workspaces/hands-on-introduction-data-engineering-4395021/airflow/dags/extract_dag.py
[2026-09-17T00:56:28.593+0000] {logging_mixin.py:150} INFO - [2026-09-17T00:56:28.592+0000] {dag.py:2742} INFO - Sync 1 DAGs
[2026-09-17T00:56:28.608+0000] {logging_mixin.py:150} INFO - [2026-09-17T00:56:28.608+0000] {dag.py:3504} INFO - Setting next_dagrun for extract_dag to None, run_after=None
[2026-09-17T00:56:28.624+0000] {processor.py:179} INFO - Processing /workspaces/hands-on-introduction-data-engineering-4395021/airflow/dags/extract_dag.py took 0.049 seconds
[2026-09-17T00:57:10.016+0000] {processor.py:157} INFO - Started process (PID=22925) to work on /workspaces/hands-on-introduction-data-engineering-4395021/airflow/dags/extract_dag.py
[2026-09-17T00:57:10.017+0000] {processor.py:826} INFO - Processing file /workspaces/hands-on-introduction-data-engineering-4395021/airflow/dags/extract_dag.py for tasks to queue
[2026-09-17T00:57:10.018+0000] {logging_mixin.py:150} INFO - [2026-09-17T00:57:10.017+0000] {dagbag.py:541} INFO - Filling up the DagBag from /workspaces/hands-on-introduction-data-engineering-4395021/airflow/dags/extract_dag.py
[2026-09-17T00:57:10.022+0000] {processor.py:836} INFO - DAG(s) dict_keys(['extract_dag']) retrieved from /workspaces/hands-on-introduction-data-engineering-4395021/airflow/dags/extract_dag.py
[2026-09-17T00:57:10.039+0000] {logging_mixin.py:150} INFO - [2026-09-17T00:57:10.039+0000] {dag.py:2742} INFO - Sync 1 DAGs
[2026-09-17T00:57:10.061+0000] {logging_mixin.py:150} INFO - [2026-09-17T00:57:10.061+0000] {dag.py:3504} INFO - Setting next_dagrun for extract_dag to None, run_after=None
[2026-09-17T00:57:10.079+0000] {processor.py:179} INFO - Processing /workspaces/hands-on-introduction-data-engineering-4395021/airflow/dags/extract_dag.py took 0.066 seconds
[2026-09-17T00:57:28.657+0000] {processor.py:157} INFO - Started process (PID=23058) to work on /workspaces/hands-on-introduction-data-engineering-4395021/airflow/dags/extract_dag.py
[2026-09-17T00:57:28.658+0000] {processor.py:826} INFO - Processing file /workspaces/hands-on-introduction-data-engineering-4395021/airflow/dags/extract_dag.py for tasks to queue
[2026-09-17T00:57:28.659+0000] {logging_mixin.py:150} INFO - [2026-09-17T00:57:28.658+0000] {dagbag.py:541} INFO - Filling up the DagBag from /workspaces/hands-on-introduction-data-engineering-4395021/airflow/dags/extract_dag.py
[2026-09-17T00:57:28.664+0000] {processor.py:836} INFO - DAG(s) dict_keys(['extract_dag']) retrieved from /workspaces/hands-on-introduction-data-engineering-4395021/airflow/dags/extract_dag.py
[2026-09-17T00:57:28.678+0000] {logging_mixin.py:150} INFO - [2026-09-17T00:57:28.678+0000] {dag.py:2742} INFO - Sync 1 DAGs
[2026-09-17T00:57:28.697+0000] {logging_mixin.py:150} INFO - [2026-09-17T00:57:28.697+0000] {dag.py:3504} INFO - Setting next_dagrun for extract_dag to None, run_after=None
[2026-09-17T00:57:28.713+0000] {processor.py:179} INFO - Processing /workspaces/hands-on-introduction-data-engineering-4395021/airflow/dags/extract_dag.py took 0.058 seconds
[2026-09-17T00:58:02.752+0000] {processor.py:157} INFO - Started process (PID=23325) to work on /workspaces/hands-on-introduction-data-engineering-4395021/airflow/dags/extract_dag.py
[2026-09-17T00:58:02.753+0000] {processor.py:826} INFO - Processing file /workspaces/hands-on-introduction-data-engineering-4395021/airflow/dags/extract_dag.py for tasks to queue
[2026-09-17T00:58:02.754+0000] {logging_mixin.py:150} INFO - [2026-09-17T00:58:02.753+0000] {dagbag.py:541} INFO - Filling up the DagBag from /workspaces/hands-on-introduction-data-engineering-4395021/airflow/dags/extract_dag.py
[2026-09-17T00:58:02.761+0000] {processor.py:836} INFO - DAG(s) dict_keys(['extract_dag']) retrieved from /workspaces/hands-on-introduction-data-engineering-4395021/airflow/dags/extract_dag.py
[2026-09-17T00:58:02.776+0000] {logging_mixin.py:150} INFO - [2026-09-17T00:58:02.776+0000] {dag.py:2742} INFO - Sync 1 DAGs
[2026-09-17T00:58:02.800+0000] {logging_mixin.py:150} INFO - [2026-09-17T00:58:02.800+0000] {dag.py:3504} INFO - Setting next_dagrun for extract_dag to None, run_after=None
[2026-09-17T00:58:02.829+0000] {processor.py:179} INFO - Processing /workspaces/hands-on-introduction-data-engineering-4395021/airflow/dags/extract_dag.py took 0.081 seconds
[2026-09-17T00:58:21.607+0000] {processor.py:157} INFO - Started process (PID=23540) to work on /workspaces/hands-on-introduction-data-engineering-4395021/airflow/dags/extract_dag.py
[2026-09-17T00:58:21.608+0000] {processor.py:826} INFO - Processing file /workspaces/hands-on-introduction-data-engineering-4395021/airflow/dags/extract_dag.py for tasks to queue
[2026-09-17T00:58:21.608+0000] {logging_mixin.py:150} INFO - [2026-09-17T00:58:21.608+0000] {dagbag.py:541} INFO - Filling up the DagBag from /workspaces/hands-on-introduction-data-engineering-4395021/airflow/dags/extract_dag.py
[2026-09-17T00:58:21.615+0000] {processor.py:836} INFO - DAG(s) dict_keys(['extract_dag']) retrieved from /workspaces/hands-on-introduction-data-engineering-4395021/airflow/dags/extract_dag.py
[2026-09-17T00:58:21.630+0000] {logging_mixin.py:150} INFO - [2026-09-17T00:58:21.630+0000] {dag.py:2742} INFO - Sync 1 DAGs
[2026-09-17T00:58:21.650+0000] {logging_mixin.py:150} INFO - [2026-09-17T00:58:21.650+0000] {dag.py:3504} INFO - Setting next_dagrun for extract_dag to None, run_after=None
[2026-09-17T00:58:21.668+0000] {processor.py:179} INFO - Processing /workspaces/hands-on-introduction-data-engineering-4395021/airflow/dags/extract_dag.py took 0.064 seconds
[2026-09-17T00:58:52.335+0000] {processor.py:157} INFO - Started process (PID=23888) to work on /workspaces/hands-on-introduction-data-engineering-4395021/airflow/dags/extract_dag.py
[2026-09-17T00:58:52.337+0000] {processor.py:826} INFO - Processing file /workspaces/hands-on-introduction-data-engineering-4395021/airflow/dags/extract_dag.py for tasks to queue
[2026-09-17T00:58:52.338+0000] {logging_mixin.py:150} INFO - [2026-09-17T00:58:52.338+0000] {dagbag.py:541} INFO - Filling up the DagBag from /workspaces/hands-on-introduction-data-engineering-4395021/airflow/dags/extract_dag.py
[2026-09-17T00:58:52.346+0000] {processor.py:836} INFO - DAG(s) dict_keys(['extract_dag']) retrieved from /workspaces/hands-on-introduction-data-engineering-4395021/airflow/dags/extract_dag.py
[2026-09-17T00:58:52.362+0000] {logging_mixin.py:150} INFO - [2026-09-17T00:58:52.362+0000] {dag.py:2742} INFO - Sync 1 DAGs
[2026-09-17T00:58:52.388+0000] {logging_mixin.py:150} INFO - [2026-09-17T00:58:52.388+0000] {dag.py:3504} INFO - Setting next_dagrun for extract_dag to None, run_after=None
[2026-09-17T00:58:52.409+0000] {processor.py:179} INFO - Processing /workspaces/hands-on-introduction-data-engineering-4395021/airflow/dags/extract_dag.py took 0.079 seconds
[2026-09-17T00:59:15.227+0000] {processor.py:157} INFO - Started process (PID=24144) to work on /workspaces/hands-on-introduction-data-engineering-4395021/airflow/dags/extract_dag.py
[2026-09-17T00:59:15.227+0000] {processor.py:826} INFO - Processing file /workspaces/hands-on-introduction-data-engineering-4395021/airflow/dags/extract_dag.py for tasks to queue
[2026-09-17T00:59:15.228+0000] {logging_mixin.py:150} INFO - [2026-09-17T00:59:15.228+0000] {dagbag.py:541} INFO - Filling up the DagBag from /workspaces/hands-on-introduction-data-engineering-4395021/airflow/dags/extract_dag.py
[2026-09-17T00:59:15.234+0000] {processor.py:836} INFO - DAG(s) dict_keys(['extract_dag']) retrieved from /workspaces/hands-on-introduction-data-engineering-4395021/airflow/dags/extract_dag.py
[2026-09-17T00:59:15.246+0000] {logging_mixin.py:150} INFO - [2026-09-17T00:59:15.246+0000] {dag.py:2742} INFO - Sync 1 DAGs
[2026-09-17T00:59:15.266+0000] {logging_mixin.py:150} INFO - [2026-09-17T00:59:15.266+0000] {dag.py:3504} INFO - Setting next_dagrun for extract_dag to None, run_after=None
[2026-09-17T00:59:15.289+0000] {processor.py:179} INFO - Processing /workspaces/hands-on-introduction-data-engineering-4395021/airflow/dags/extract_dag.py took 0.065 seconds
[2026-09-17T00:59:41.680+0000] {processor.py:157} INFO - Started process (PID=24517) to work on /workspaces/hands-on-introduction-data-engineering-4395021/airflow/dags/extract_dag.py
[2026-09-17T00:59:41.681+0000] {processor.py:826} INFO - Processing file /workspaces/hands-on-introduction-data-engineering-4395021/airflow/dags/extract_dag.py for tasks to queue
[2026-09-17T00:59:41.682+0000] {logging_mixin.py:150} INFO - [2026-09-17T00:59:41.682+0000] {dagbag.py:541} INFO - Filling up the DagBag from /workspaces/hands-on-introduction-data-engineering-4395021/airflow/dags/extract_dag.py
[2026-09-17T00:59:41.692+0000] {processor.py:836} INFO - DAG(s) dict_keys(['extract_dag']) retrieved from /workspaces/hands-on-introduction-data-engineering-4395021/airflow/dags/extract_dag.py
[2026-09-17T00:59:41.707+0000] {logging_mixin.py:150} INFO - [2026-09-17T00:59:41.707+0000] {dag.py:2742} INFO - Sync 1 DAGs
[2026-09-17T00:59:41.721+0000] {logging_mixin.py:150} INFO - [2026-09-17T00:59:41.721+0000] {dag.py:3504} INFO - Setting next_dagrun for extract_dag to None, run_after=None
[2026-09-17T00:59:41.737+0000] {processor.py:179} INFO - Processing /workspaces/hands-on-introduction-data-engineering-4395021/airflow/dags/extract_dag.py took 0.059 seconds
[2026-09-17T01:00:08.608+0000] {processor.py:157} INFO - Started process (PID=24922) to work on /workspaces/hands-on-introduction-data-engineering-4395021/airflow/dags/extract_dag.py
[2026-09-17T01:00:08.608+0000] {processor.py:826} INFO - Processing file /workspaces/hands-on-introduction-data-engineering-4395021/airflow/dags/extract_dag.py for tasks to queue
[2026-09-17T01:00:08.609+0000] {logging_mixin.py:150} INFO - [2026-09-17T01:00:08.609+0000] {dagbag.py:541} INFO - Filling up the DagBag from /workspaces/hands-on-introduction-data-engineering-4395021/airflow/dags/extract_dag.py
[2026-09-17T01:00:08.614+0000] {processor.py:836} INFO - DAG(s) dict_keys(['extract_dag']) retrieved from /workspaces/hands-on-introduction-data-engineering-4395021/airflow/dags/extract_dag.py
[2026-09-17T01:00:08.629+0000] {logging_mixin.py:150} INFO - [2026-09-17T01:00:08.629+0000] {dag.py:2742} INFO - Sync 1 DAGs
[2026-09-17T01:00:08.644+0000] {logging_mixin.py:150} INFO - [2026-09-17T01:00:08.644+0000] {dag.py:3504} INFO - Setting next_dagrun for extract_dag to None, run_after=None
[2026-09-17T01:00:08.660+0000] {processor.py:179} INFO - Processing /workspaces/hands-on-introduction-data-engineering-4395021/airflow/dags/extract_dag.py took 0.055 seconds
[2026-09-17T01:00:36.184+0000] {processor.py:157} INFO - Started process (PID=25277) to work on /workspaces/hands-on-introduction-data-engineering-4395021/airflow/dags/extract_dag.py
[2026-09-17T01:00:36.185+0000] {processor.py:826} INFO - Processing file /workspaces/hands-on-introduction-data-engineering-4395021/airflow/dags/extract_dag.py for tasks to queue
[2026-09-17T01:00:36.186+0000] {logging_mixin.py:150} INFO - [2026-09-17T01:00:36.185+0000] {dagbag.py:541} INFO - Filling up the DagBag from /workspaces/hands-on-introduction-data-engineering-4395021/airflow/dags/extract_dag.py
[2026-09-17T01:00:36.192+0000] {processor.py:836} INFO - DAG(s) dict_keys(['extract_dag']) retrieved from /workspaces/hands-on-introduction-data-engineering-4395021/airflow/dags/extract_dag.py
[2026-09-17T01:00:36.205+0000] {logging_mixin.py:150} INFO - [2026-09-17T01:00:36.205+0000] {dag.py:2742} INFO - Sync 1 DAGs
[2026-09-17T01:00:36.220+0000] {logging_mixin.py:150} INFO - [2026-09-17T01:00:36.220+0000] {dag.py:3504} INFO - Setting next_dagrun for extract_dag to None, run_after=None
[2026-09-17T01:00:36.238+0000] {processor.py:179} INFO - Processing /workspaces/hands-on-introduction-data-engineering-4395021/airflow/dags/extract_dag.py took 0.057 seconds
[2026-09-17T01:00:58.002+0000] {processor.py:157} INFO - Started process (PID=25484) to work on /workspaces/hands-on-introduction-data-engineering-4395021/airflow/dags/extract_dag.py
[2026-09-17T01:00:58.004+0000] {processor.py:826} INFO - Processing file /workspaces/hands-on-introduction-data-engineering-4395021/airflow/dags/extract_dag.py for tasks to queue
[2026-09-17T01:00:58.005+0000] {logging_mixin.py:150} INFO - [2026-09-17T01:00:58.004+0000] {dagbag.py:541} INFO - Filling up the DagBag from /workspaces/hands-on-introduction-data-engineering-4395021/airflow/dags/extract_dag.py
[2026-09-17T01:00:58.010+0000] {processor.py:836} INFO - DAG(s) dict_keys(['extract_dag']) retrieved from /workspaces/hands-on-introduction-data-engineering-4395021/airflow/dags/extract_dag.py
[2026-09-17T01:00:58.026+0000] {logging_mixin.py:150} INFO - [2026-09-17T01:00:58.026+0000] {dag.py:2742} INFO - Sync 1 DAGs
[2026-09-17T01:00:58.043+0000] {logging_mixin.py:150} INFO - [2026-09-17T01:00:58.043+0000] {dag.py:3504} INFO - Setting next_dagrun for extract_dag to None, run_after=None
[2026-09-17T01:00:58.063+0000] {processor.py:179} INFO - Processing /workspaces/hands-on-introduction-data-engineering-4395021/airflow/dags/extract_dag.py took 0.065 seconds
[2026-09-17T01:01:27.739+0000] {processor.py:157} INFO - Started process (PID=25741) to work on /workspaces/hands-on-introduction-data-engineering-4395021/airflow/dags/extract_dag.py
[2026-09-17T01:01:27.740+0000] {processor.py:826} INFO - Processing file /workspaces/hands-on-introduction-data-engineering-4395021/airflow/dags/extract_dag.py for tasks to queue
[2026-09-17T01:01:27.741+0000] {logging_mixin.py:150} INFO - [2026-09-17T01:01:27.740+0000] {dagbag.py:541} INFO - Filling up the DagBag from /workspaces/hands-on-introduction-data-engineering-4395021/airflow/dags/extract_dag.py
[2026-09-17T01:01:27.750+0000] {processor.py:836} INFO - DAG(s) dict_keys(['extract_dag']) retrieved from /workspaces/hands-on-introduction-data-engineering-4395021/airflow/dags/extract_dag.py
[2026-09-17T01:01:27.787+0000] {logging_mixin.py:150} INFO - [2026-09-17T01:01:27.786+0000] {dag.py:2742} INFO - Sync 1 DAGs
[2026-09-17T01:01:27.810+0000] {logging_mixin.py:150} INFO - [2026-09-17T01:01:27.810+0000] {dag.py:3504} INFO - Setting next_dagrun for extract_dag to None, run_after=None
[2026-09-17T01:01:27.827+0000] {processor.py:179} INFO - Processing /workspaces/hands-on-introduction-data-engineering-4395021/airflow/dags/extract_dag.py took 0.092 seconds
[2026-09-17T01:01:46.404+0000] {processor.py:157} INFO - Started process (PID=25883) to work on /workspaces/hands-on-introduction-data-engineering-4395021/airflow/dags/extract_dag.py
[2026-09-17T01:01:46.405+0000] {processor.py:826} INFO - Processing file /workspaces/hands-on-introduction-data-engineering-4395021/airflow/dags/extract_dag.py for tasks to queue
[2026-09-17T01:01:46.406+0000] {logging_mixin.py:150} INFO - [2026-09-17T01:01:46.405+0000] {dagbag.py:541} INFO - Filling up the DagBag from /workspaces/hands-on-introduction-data-engineering-4395021/airflow/dags/extract_dag.py
[2026-09-17T01:01:46.411+0000] {processor.py:836} INFO - DAG(s) dict_keys(['extract_dag']) retrieved from /workspaces/hands-on-introduction-data-engineering-4395021/airflow/dags/extract_dag.py
[2026-09-17T01:01:46.422+0000] {logging_mixin.py:150} INFO - [2026-09-17T01:01:46.422+0000] {dag.py:2742} INFO - Sync 1 DAGs
[2026-09-17T01:01:46.436+0000] {logging_mixin.py:150} INFO - [2026-09-17T01:01:46.436+0000] {dag.py:3504} INFO - Setting next_dagrun for extract_dag to None, run_after=None
[2026-09-17T01:01:46.452+0000] {processor.py:179} INFO - Processing /workspaces/hands-on-introduction-data-engineering-4395021/airflow/dags/extract_dag.py took 0.051 seconds
[2026-09-17T01:02:21.459+0000] {processor.py:157} INFO - Started process (PID=26177) to work on /workspaces/hands-on-introduction-data-engineering-4395021/airflow/dags/extract_dag.py
[2026-09-17T01:02:21.460+0000] {processor.py:826} INFO - Processing file /workspaces/hands-on-introduction-data-engineering-4395021/airflow/dags/extract_dag.py for tasks to queue
[2026-09-17T01:02:21.461+0000] {logging_mixin.py:150} INFO - [2026-09-17T01:02:21.461+0000] {dagbag.py:541} INFO - Filling up the DagBag from /workspaces/hands-on-introduction-data-engineering-4395021/airflow/dags/extract_dag.py
[2026-09-17T01:02:21.466+0000] {processor.py:836} INFO - DAG(s) dict_keys(['extract_dag']) retrieved from /workspaces/hands-on-introduction-data-engineering-4395021/airflow/dags/extract_dag.py
[2026-09-17T01:02:21.477+0000] {logging_mixin.py:150} INFO - [2026-09-17T01:02:21.477+0000] {dag.py:2742} INFO - Sync 1 DAGs
[2026-09-17T01:02:21.494+0000] {logging_mixin.py:150} INFO - [2026-09-17T01:02:21.494+0000] {dag.py:3504} INFO - Setting next_dagrun for extract_dag to None, run_after=None
[2026-09-17T01:02:21.512+0000] {processor.py:179} INFO - Processing /workspaces/hands-on-introduction-data-engineering-4395021/airflow/dags/extract_dag.py took 0.055 seconds
[2026-09-17T01:02:32.000+0000] {processor.py:157} INFO - Started process (PID=26279) to work on /workspaces/hands-on-introduction-data-engineering-4395021/airflow/dags/extract_dag.py
[2026-09-17T01:02:32.001+0000] {processor.py:826} INFO - Processing file /workspaces/hands-on-introduction-data-engineering-4395021/airflow/dags/extract_dag.py for tasks to queue
[2026-09-17T01:02:32.002+0000] {logging_mixin.py:150} INFO - [2026-09-17T01:02:32.002+0000] {dagbag.py:541} INFO - Filling up the DagBag from /workspaces/hands-on-introduction-data-engineering-4395021/airflow/dags/extract_dag.py
[2026-09-17T01:02:32.010+0000] {processor.py:836} INFO - DAG(s) dict_keys(['extract_dag']) retrieved from /workspaces/hands-on-introduction-data-engineering-4395021/airflow/dags/extract_dag.py
[2026-09-17T01:02:32.028+0000] {logging_mixin.py:150} INFO - [2026-09-17T01:02:32.028+0000] {dag.py:2742} INFO - Sync 1 DAGs
[2026-09-17T01:02:32.060+0000] {logging_mixin.py:150} INFO - [2026-09-17T01:02:32.059+0000] {dag.py:3504} INFO - Setting next_dagrun for extract_dag to None, run_after=None
[2026-09-17T01:02:32.082+0000] {processor.py:179} INFO - Processing /workspaces/hands-on-introduction-data-engineering-4395021/airflow/dags/extract_dag.py took 0.085 seconds
[2026-09-17T01:03:14.607+0000] {processor.py:157} INFO - Started process (PID=26644) to work on /workspaces/hands-on-introduction-data-engineering-4395021/airflow/dags/extract_dag.py
[2026-09-17T01:03:14.608+0000] {processor.py:826} INFO - Processing file /workspaces/hands-on-introduction-data-engineering-4395021/airflow/dags/extract_dag.py for tasks to queue
[2026-09-17T01:03:14.609+0000] {logging_mixin.py:150} INFO - [2026-09-17T01:03:14.608+0000] {dagbag.py:541} INFO - Filling up the DagBag from /workspaces/hands-on-introduction-data-engineering-4395021/airflow/dags/extract_dag.py
[2026-09-17T01:03:14.614+0000] {processor.py:836} INFO - DAG(s) dict_keys(['extract_dag']) retrieved from /workspaces/hands-on-introduction-data-engineering-4395021/airflow/dags/extract_dag.py
[2026-09-17T01:03:14.625+0000] {logging_mixin.py:150} INFO - [2026-09-17T01:03:14.625+0000] {dag.py:2742} INFO - Sync 1 DAGs
[2026-09-17T01:03:14.639+0000] {logging_mixin.py:150} INFO - [2026-09-17T01:03:14.639+0000] {dag.py:3504} INFO - Setting next_dagrun for extract_dag to None, run_after=None
[2026-09-17T01:03:14.654+0000] {processor.py:179} INFO - Processing /workspaces/hands-on-introduction-data-engineering-4395021/airflow/dags/extract_dag.py took 0.049 seconds
[2026-09-17T01:03:18.738+0000] {processor.py:157} INFO - Started process (PID=26681) to work on /workspaces/hands-on-introduction-data-engineering-4395021/airflow/dags/extract_dag.py
[2026-09-17T01:03:18.738+0000] {processor.py:826} INFO - Processing file /workspaces/hands-on-introduction-data-engineering-4395021/airflow/dags/extract_dag.py for tasks to queue
[2026-09-17T01:03:18.739+0000] {logging_mixin.py:150} INFO - [2026-09-17T01:03:18.739+0000] {dagbag.py:541} INFO - Filling up the DagBag from /workspaces/hands-on-introduction-data-engineering-4395021/airflow/dags/extract_dag.py
[2026-09-17T01:03:18.744+0000] {processor.py:836} INFO - DAG(s) dict_keys(['extract_dag']) retrieved from /workspaces/hands-on-introduction-data-engineering-4395021/airflow/dags/extract_dag.py
[2026-09-17T01:03:18.755+0000] {logging_mixin.py:150} INFO - [2026-09-17T01:03:18.755+0000] {dag.py:2742} INFO - Sync 1 DAGs
[2026-09-17T01:03:18.770+0000] {logging_mixin.py:150} INFO - [2026-09-17T01:03:18.770+0000] {dag.py:3504} INFO - Setting next_dagrun for extract_dag to None, run_after=None
[2026-09-17T01:03:18.787+0000] {processor.py:179} INFO - Processing /workspaces/hands-on-introduction-data-engineering-4395021/airflow/dags/extract_dag.py took 0.052 seconds
[2026-09-17T01:04:04.817+0000] {processor.py:157} INFO - Started process (PID=27069) to work on /workspaces/hands-on-introduction-data-engineering-4395021/airflow/dags/extract_dag.py
[2026-09-17T01:04:04.818+0000] {processor.py:826} INFO - Processing file /workspaces/hands-on-introduction-data-engineering-4395021/airflow/dags/extract_dag.py for tasks to queue
[2026-09-17T01:04:04.819+0000] {logging_mixin.py:150} INFO - [2026-09-17T01:04:04.819+0000] {dagbag.py:541} INFO - Filling up the DagBag from /workspaces/hands-on-introduction-data-engineering-4395021/airflow/dags/extract_dag.py
[2026-09-17T01:04:04.826+0000] {processor.py:836} INFO - DAG(s) dict_keys(['extract_dag']) retrieved from /workspaces/hands-on-introduction-data-engineering-4395021/airflow/dags/extract_dag.py
[2026-09-17T01:04:04.847+0000] {logging_mixin.py:150} INFO - [2026-09-17T01:04:04.847+0000] {dag.py:2742} INFO - Sync 1 DAGs
[2026-09-17T01:04:04.870+0000] {logging_mixin.py:150} INFO - [2026-09-17T01:04:04.870+0000] {dag.py:3504} INFO - Setting next_dagrun for extract_dag to None, run_after=None
[2026-09-17T01:04:04.893+0000] {processor.py:179} INFO - Processing /workspaces/hands-on-introduction-data-engineering-4395021/airflow/dags/extract_dag.py took 0.079 seconds
[2026-09-17T01:04:08.296+0000] {processor.py:157} INFO - Started process (PID=27097) to work on /workspaces/hands-on-introduction-data-engineering-4395021/airflow/dags/extract_dag.py
[2026-09-17T01:04:08.297+0000] {processor.py:826} INFO - Processing file /workspaces/hands-on-introduction-data-engineering-4395021/airflow/dags/extract_dag.py for tasks to queue
[2026-09-17T01:04:08.301+0000] {logging_mixin.py:150} INFO - [2026-09-17T01:04:08.301+0000] {dagbag.py:541} INFO - Filling up the DagBag from /workspaces/hands-on-introduction-data-engineering-4395021/airflow/dags/extract_dag.py
[2026-09-17T01:04:08.307+0000] {processor.py:836} INFO - DAG(s) dict_keys(['extract_dag']) retrieved from /workspaces/hands-on-introduction-data-engineering-4395021/airflow/dags/extract_dag.py
[2026-09-17T01:04:08.318+0000] {logging_mixin.py:150} INFO - [2026-09-17T01:04:08.318+0000] {dag.py:2742} INFO - Sync 1 DAGs
[2026-09-17T01:04:08.334+0000] {logging_mixin.py:150} INFO - [2026-09-17T01:04:08.333+0000] {dag.py:3504} INFO - Setting next_dagrun for extract_dag to None, run_after=None
[2026-09-17T01:04:08.352+0000] {processor.py:179} INFO - Processing /workspaces/hands-on-introduction-data-engineering-4395021/airflow/dags/extract_dag.py took 0.059 seconds
[2026-09-17T01:04:54.074+0000] {processor.py:157} INFO - Started process (PID=27478) to work on /workspaces/hands-on-introduction-data-engineering-4395021/airflow/dags/extract_dag.py
[2026-09-17T01:04:54.075+0000] {processor.py:826} INFO - Processing file /workspaces/hands-on-introduction-data-engineering-4395021/airflow/dags/extract_dag.py for tasks to queue
[2026-09-17T01:04:54.076+0000] {logging_mixin.py:150} INFO - [2026-09-17T01:04:54.076+0000] {dagbag.py:541} INFO - Filling up the DagBag from /workspaces/hands-on-introduction-data-engineering-4395021/airflow/dags/extract_dag.py
[2026-09-17T01:04:54.081+0000] {processor.py:836} INFO - DAG(s) dict_keys(['extract_dag']) retrieved from /workspaces/hands-on-introduction-data-engineering-4395021/airflow/dags/extract_dag.py
[2026-09-17T01:04:54.098+0000] {logging_mixin.py:150} INFO - [2026-09-17T01:04:54.097+0000] {dag.py:2742} INFO - Sync 1 DAGs
[2026-09-17T01:04:54.125+0000] {logging_mixin.py:150} INFO - [2026-09-17T01:04:54.125+0000] {dag.py:3504} INFO - Setting next_dagrun for extract_dag to None, run_after=None
[2026-09-17T01:04:54.151+0000] {processor.py:179} INFO - Processing /workspaces/hands-on-introduction-data-engineering-4395021/airflow/dags/extract_dag.py took 0.080 seconds
[2026-09-17T01:05:00.632+0000] {processor.py:157} INFO - Started process (PID=27533) to work on /workspaces/hands-on-introduction-data-engineering-4395021/airflow/dags/extract_dag.py
[2026-09-17T01:05:00.633+0000] {processor.py:826} INFO - Processing file /workspaces/hands-on-introduction-data-engineering-4395021/airflow/dags/extract_dag.py for tasks to queue
[2026-09-17T01:05:00.634+0000] {logging_mixin.py:150} INFO - [2026-09-17T01:05:00.634+0000] {dagbag.py:541} INFO - Filling up the DagBag from /workspaces/hands-on-introduction-data-engineering-4395021/airflow/dags/extract_dag.py
[2026-09-17T01:05:00.642+0000] {processor.py:836} INFO - DAG(s) dict_keys(['extract_dag']) retrieved from /workspaces/hands-on-introduction-data-engineering-4395021/airflow/dags/extract_dag.py
[2026-09-17T01:05:00.659+0000] {logging_mixin.py:150} INFO - [2026-09-17T01:05:00.659+0000] {dag.py:2742} INFO - Sync 1 DAGs
[2026-09-17T01:05:00.674+0000] {logging_mixin.py:150} INFO - [2026-09-17T01:05:00.674+0000] {dag.py:3504} INFO - Setting next_dagrun for extract_dag to None, run_after=None
[2026-09-17T01:05:00.697+0000] {processor.py:179} INFO - Processing /workspaces/hands-on-introduction-data-engineering-4395021/airflow/dags/extract_dag.py took 0.068 seconds
[2026-09-17T01:05:42.378+0000] {processor.py:157} INFO - Started process (PID=27904) to work on /workspaces/hands-on-introduction-data-engineering-4395021/airflow/dags/extract_dag.py
[2026-09-17T01:05:42.379+0000] {processor.py:826} INFO - Processing file /workspaces/hands-on-introduction-data-engineering-4395021/airflow/dags/extract_dag.py for tasks to queue
[2026-09-17T01:05:42.379+0000] {logging_mixin.py:150} INFO - [2026-09-17T01:05:42.379+0000] {dagbag.py:541} INFO - Filling up the DagBag from /workspaces/hands-on-introduction-data-engineering-4395021/airflow/dags/extract_dag.py
[2026-09-17T01:05:42.385+0000] {processor.py:836} INFO - DAG(s) dict_keys(['extract_dag']) retrieved from /workspaces/hands-on-introduction-data-engineering-4395021/airflow/dags/extract_dag.py
[2026-09-17T01:05:42.401+0000] {logging_mixin.py:150} INFO - [2026-09-17T01:05:42.401+0000] {dag.py:2742} INFO - Sync 1 DAGs
[2026-09-17T01:05:42.415+0000] {logging_mixin.py:150} INFO - [2026-09-17T01:05:42.415+0000] {dag.py:3504} INFO - Setting next_dagrun for extract_dag to None, run_after=None
[2026-09-17T01:05:42.434+0000] {processor.py:179} INFO - Processing /workspaces/hands-on-introduction-data-engineering-4395021/airflow/dags/extract_dag.py took 0.059 seconds
[2026-09-17T01:05:50.700+0000] {processor.py:157} INFO - Started process (PID=27996) to work on /workspaces/hands-on-introduction-data-engineering-4395021/airflow/dags/extract_dag.py
[2026-09-17T01:05:50.701+0000] {processor.py:826} INFO - Processing file /workspaces/hands-on-introduction-data-engineering-4395021/airflow/dags/extract_dag.py for tasks to queue
[2026-09-17T01:05:50.701+0000] {logging_mixin.py:150} INFO - [2026-09-17T01:05:50.701+0000] {dagbag.py:541} INFO - Filling up the DagBag from /workspaces/hands-on-introduction-data-engineering-4395021/airflow/dags/extract_dag.py
[2026-09-17T01:05:50.707+0000] {processor.py:836} INFO - DAG(s) dict_keys(['extract_dag']) retrieved from /workspaces/hands-on-introduction-data-engineering-4395021/airflow/dags/extract_dag.py
[2026-09-17T01:05:50.720+0000] {logging_mixin.py:150} INFO - [2026-09-17T01:05:50.719+0000] {dag.py:2742} INFO - Sync 1 DAGs
[2026-09-17T01:05:50.739+0000] {logging_mixin.py:150} INFO - [2026-09-17T01:05:50.739+0000] {dag.py:3504} INFO - Setting next_dagrun for extract_dag to None, run_after=None
[2026-09-17T01:05:50.757+0000] {processor.py:179} INFO - Processing /workspaces/hands-on-introduction-data-engineering-4395021/airflow/dags/extract_dag.py took 0.061 seconds
[2026-09-17T01:06:30.337+0000] {processor.py:157} INFO - Started process (PID=28328) to work on /workspaces/hands-on-introduction-data-engineering-4395021/airflow/dags/extract_dag.py
[2026-09-17T01:06:30.338+0000] {processor.py:826} INFO - Processing file /workspaces/hands-on-introduction-data-engineering-4395021/airflow/dags/extract_dag.py for tasks to queue
[2026-09-17T01:06:30.338+0000] {logging_mixin.py:150} INFO - [2026-09-17T01:06:30.338+0000] {dagbag.py:541} INFO - Filling up the DagBag from /workspaces/hands-on-introduction-data-engineering-4395021/airflow/dags/extract_dag.py
[2026-09-17T01:06:30.350+0000] {processor.py:836} INFO - DAG(s) dict_keys(['extract_dag']) retrieved from /workspaces/hands-on-introduction-data-engineering-4395021/airflow/dags/extract_dag.py
[2026-09-17T01:06:30.366+0000] {logging_mixin.py:150} INFO - [2026-09-17T01:06:30.366+0000] {dag.py:2742} INFO - Sync 1 DAGs
[2026-09-17T01:06:30.391+0000] {logging_mixin.py:150} INFO - [2026-09-17T01:06:30.391+0000] {dag.py:3504} INFO - Setting next_dagrun for extract_dag to None, run_after=None
[2026-09-17T01:06:30.413+0000] {processor.py:179} INFO - Processing /workspaces/hands-on-introduction-data-engineering-4395021/airflow/dags/extract_dag.py took 0.079 seconds
[2026-09-17T01:06:39.073+0000] {processor.py:157} INFO - Started process (PID=28399) to work on /workspaces/hands-on-introduction-data-engineering-4395021/airflow/dags/extract_dag.py
[2026-09-17T01:06:39.073+0000] {processor.py:826} INFO - Processing file /workspaces/hands-on-introduction-data-engineering-4395021/airflow/dags/extract_dag.py for tasks to queue
[2026-09-17T01:06:39.074+0000] {logging_mixin.py:150} INFO - [2026-09-17T01:06:39.074+0000] {dagbag.py:541} INFO - Filling up the DagBag from /workspaces/hands-on-introduction-data-engineering-4395021/airflow/dags/extract_dag.py
[2026-09-17T01:06:39.080+0000] {processor.py:836} INFO - DAG(s) dict_keys(['extract_dag']) retrieved from /workspaces/hands-on-introduction-data-engineering-4395021/airflow/dags/extract_dag.py
[2026-09-17T01:06:39.094+0000] {logging_mixin.py:150} INFO - [2026-09-17T01:06:39.094+0000] {dag.py:2742} INFO - Sync 1 DAGs
[2026-09-17T01:06:39.110+0000] {logging_mixin.py:150} INFO - [2026-09-17T01:06:39.110+0000] {dag.py:3504} INFO - Setting next_dagrun for extract_dag to None, run_after=None
[2026-09-17T01:06:39.126+0000] {processor.py:179} INFO - Processing /workspaces/hands-on-introduction-data-engineering-4395021/airflow/dags/extract_dag.py took 0.056 seconds
[2026-09-17T01:07:22.203+0000] {processor.py:157} INFO - Started process (PID=28768) to work on /workspaces/hands-on-introduction-data-engineering-4395021/airflow/dags/extract_dag.py
[2026-09-17T01:07:22.204+0000] {processor.py:826} INFO - Processing file /workspaces/hands-on-introduction-data-engineering-4395021/airflow/dags/extract_dag.py for tasks to queue
[2026-09-17T01:07:22.205+0000] {logging_mixin.py:150} INFO - [2026-09-17T01:07:22.204+0000] {dagbag.py:541} INFO - Filling up the DagBag from /workspaces/hands-on-introduction-data-engineering-4395021/airflow/dags/extract_dag.py
[2026-09-17T01:07:22.210+0000] {processor.py:836} INFO - DAG(s) dict_keys(['extract_dag']) retrieved from /workspaces/hands-on-introduction-data-engineering-4395021/airflow/dags/extract_dag.py
[2026-09-17T01:07:22.220+0000] {logging_mixin.py:150} INFO - [2026-09-17T01:07:22.220+0000] {dag.py:2742} INFO - Sync 1 DAGs
[2026-09-17T01:07:22.235+0000] {logging_mixin.py:150} INFO - [2026-09-17T01:07:22.234+0000] {dag.py:3504} INFO - Setting next_dagrun for extract_dag to None, run_after=None
[2026-09-17T01:07:22.250+0000] {processor.py:179} INFO - Processing /workspaces/hands-on-introduction-data-engineering-4395021/airflow/dags/extract_dag.py took 0.050 seconds
[2026-09-17T01:07:30.512+0000] {processor.py:157} INFO - Started process (PID=28833) to work on /workspaces/hands-on-introduction-data-engineering-4395021/airflow/dags/extract_dag.py
[2026-09-17T01:07:30.513+0000] {processor.py:826} INFO - Processing file /workspaces/hands-on-introduction-data-engineering-4395021/airflow/dags/extract_dag.py for tasks to queue
[2026-09-17T01:07:30.514+0000] {logging_mixin.py:150} INFO - [2026-09-17T01:07:30.513+0000] {dagbag.py:541} INFO - Filling up the DagBag from /workspaces/hands-on-introduction-data-engineering-4395021/airflow/dags/extract_dag.py
[2026-09-17T01:07:30.519+0000] {processor.py:836} INFO - DAG(s) dict_keys(['extract_dag']) retrieved from /workspaces/hands-on-introduction-data-engineering-4395021/airflow/dags/extract_dag.py
[2026-09-17T01:07:30.530+0000] {logging_mixin.py:150} INFO - [2026-09-17T01:07:30.530+0000] {dag.py:2742} INFO - Sync 1 DAGs
[2026-09-17T01:07:30.544+0000] {logging_mixin.py:150} INFO - [2026-09-17T01:07:30.544+0000] {dag.py:3504} INFO - Setting next_dagrun for extract_dag to None, run_after=None
[2026-09-17T01:07:30.560+0000] {processor.py:179} INFO - Processing /workspaces/hands-on-introduction-data-engineering-4395021/airflow/dags/extract_dag.py took 0.051 seconds
[2026-09-17T01:08:10.343+0000] {processor.py:157} INFO - Started process (PID=29178) to work on /workspaces/hands-on-introduction-data-engineering-4395021/airflow/dags/extract_dag.py
[2026-09-17T01:08:10.344+0000] {processor.py:826} INFO - Processing file /workspaces/hands-on-introduction-data-engineering-4395021/airflow/dags/extract_dag.py for tasks to queue
[2026-09-17T01:08:10.344+0000] {logging_mixin.py:150} INFO - [2026-09-17T01:08:10.344+0000] {dagbag.py:541} INFO - Filling up the DagBag from /workspaces/hands-on-introduction-data-engineering-4395021/airflow/dags/extract_dag.py
[2026-09-17T01:08:10.349+0000] {processor.py:836} INFO - DAG(s) dict_keys(['extract_dag']) retrieved from /workspaces/hands-on-introduction-data-engineering-4395021/airflow/dags/extract_dag.py
[2026-09-17T01:08:10.361+0000] {logging_mixin.py:150} INFO - [2026-09-17T01:08:10.360+0000] {dag.py:2742} INFO - Sync 1 DAGs
[2026-09-17T01:08:10.377+0000] {logging_mixin.py:150} INFO - [2026-09-17T01:08:10.377+0000] {dag.py:3504} INFO - Setting next_dagrun for extract_dag to None, run_after=None
[2026-09-17T01:08:10.402+0000] {processor.py:179} INFO - Processing /workspaces/hands-on-introduction-data-engineering-4395021/airflow/dags/extract_dag.py took 0.061 seconds
[2026-09-17T01:08:20.576+0000] {processor.py:157} INFO - Started process (PID=29260) to work on /workspaces/hands-on-introduction-data-engineering-4395021/airflow/dags/extract_dag.py
[2026-09-17T01:08:20.578+0000] {processor.py:826} INFO - Processing file /workspaces/hands-on-introduction-data-engineering-4395021/airflow/dags/extract_dag.py for tasks to queue
[2026-09-17T01:08:20.579+0000] {logging_mixin.py:150} INFO - [2026-09-17T01:08:20.579+0000] {dagbag.py:541} INFO - Filling up the DagBag from /workspaces/hands-on-introduction-data-engineering-4395021/airflow/dags/extract_dag.py
[2026-09-17T01:08:20.586+0000] {processor.py:836} INFO - DAG(s) dict_keys(['extract_dag']) retrieved from /workspaces/hands-on-introduction-data-engineering-4395021/airflow/dags/extract_dag.py
[2026-09-17T01:08:20.605+0000] {logging_mixin.py:150} INFO - [2026-09-17T01:08:20.605+0000] {dag.py:2742} INFO - Sync 1 DAGs
[2026-09-17T01:08:20.639+0000] {logging_mixin.py:150} INFO - [2026-09-17T01:08:20.639+0000] {dag.py:3504} INFO - Setting next_dagrun for extract_dag to None, run_after=None
[2026-09-17T01:08:20.661+0000] {processor.py:179} INFO - Processing /workspaces/hands-on-introduction-data-engineering-4395021/airflow/dags/extract_dag.py took 0.088 seconds
[2026-09-17T01:08:58.932+0000] {processor.py:157} INFO - Started process (PID=29589) to work on /workspaces/hands-on-introduction-data-engineering-4395021/airflow/dags/extract_dag.py
[2026-09-17T01:08:58.933+0000] {processor.py:826} INFO - Processing file /workspaces/hands-on-introduction-data-engineering-4395021/airflow/dags/extract_dag.py for tasks to queue
[2026-09-17T01:08:58.933+0000] {logging_mixin.py:150} INFO - [2026-09-17T01:08:58.933+0000] {dagbag.py:541} INFO - Filling up the DagBag from /workspaces/hands-on-introduction-data-engineering-4395021/airflow/dags/extract_dag.py
[2026-09-17T01:08:58.940+0000] {processor.py:836} INFO - DAG(s) dict_keys(['extract_dag']) retrieved from /workspaces/hands-on-introduction-data-engineering-4395021/airflow/dags/extract_dag.py
[2026-09-17T01:08:58.961+0000] {logging_mixin.py:150} INFO - [2026-09-17T01:08:58.961+0000] {dag.py:2742} INFO - Sync 1 DAGs
[2026-09-17T01:08:58.984+0000] {logging_mixin.py:150} INFO - [2026-09-17T01:08:58.984+0000] {dag.py:3504} INFO - Setting next_dagrun for extract_dag to None, run_after=None
[2026-09-17T01:08:59.007+0000] {processor.py:179} INFO - Processing /workspaces/hands-on-introduction-data-engineering-4395021/airflow/dags/extract_dag.py took 0.079 seconds
[2026-09-17T01:09:06.862+0000] {processor.py:157} INFO - Started process (PID=29664) to work on /workspaces/hands-on-introduction-data-engineering-4395021/airflow/dags/extract_dag.py
[2026-09-17T01:09:06.863+0000] {processor.py:826} INFO - Processing file /workspaces/hands-on-introduction-data-engineering-4395021/airflow/dags/extract_dag.py for tasks to queue
[2026-09-17T01:09:06.864+0000] {logging_mixin.py:150} INFO - [2026-09-17T01:09:06.863+0000] {dagbag.py:541} INFO - Filling up the DagBag from /workspaces/hands-on-introduction-data-engineering-4395021/airflow/dags/extract_dag.py
[2026-09-17T01:09:06.869+0000] {processor.py:836} INFO - DAG(s) dict_keys(['extract_dag']) retrieved from /workspaces/hands-on-introduction-data-engineering-4395021/airflow/dags/extract_dag.py
[2026-09-17T01:09:06.880+0000] {logging_mixin.py:150} INFO - [2026-09-17T01:09:06.880+0000] {dag.py:2742} INFO - Sync 1 DAGs
[2026-09-17T01:09:06.900+0000] {logging_mixin.py:150} INFO - [2026-09-17T01:09:06.899+0000] {dag.py:3504} INFO - Setting next_dagrun for extract_dag to None, run_after=None
[2026-09-17T01:09:06.920+0000] {processor.py:179} INFO - Processing /workspaces/hands-on-introduction-data-engineering-4395021/airflow/dags/extract_dag.py took 0.060 seconds
[2026-09-17T01:09:50.922+0000] {processor.py:157} INFO - Started process (PID=30037) to work on /workspaces/hands-on-introduction-data-engineering-4395021/airflow/dags/extract_dag.py
[2026-09-17T01:09:50.923+0000] {processor.py:826} INFO - Processing file /workspaces/hands-on-introduction-data-engineering-4395021/airflow/dags/extract_dag.py for tasks to queue
[2026-09-17T01:09:50.924+0000] {logging_mixin.py:150} INFO - [2026-09-17T01:09:50.923+0000] {dagbag.py:541} INFO - Filling up the DagBag from /workspaces/hands-on-introduction-data-engineering-4395021/airflow/dags/extract_dag.py
[2026-09-17T01:09:50.930+0000] {processor.py:836} INFO - DAG(s) dict_keys(['extract_dag']) retrieved from /workspaces/hands-on-introduction-data-engineering-4395021/airflow/dags/extract_dag.py
[2026-09-17T01:09:50.942+0000] {logging_mixin.py:150} INFO - [2026-09-17T01:09:50.942+0000] {dag.py:2742} INFO - Sync 1 DAGs
[2026-09-17T01:09:50.957+0000] {logging_mixin.py:150} INFO - [2026-09-17T01:09:50.957+0000] {dag.py:3504} INFO - Setting next_dagrun for extract_dag to None, run_after=None
[2026-09-17T01:09:50.972+0000] {processor.py:179} INFO - Processing /workspaces/hands-on-introduction-data-engineering-4395021/airflow/dags/extract_dag.py took 0.054 seconds
[2026-09-17T01:09:55.850+0000] {processor.py:157} INFO - Started process (PID=30079) to work on /workspaces/hands-on-introduction-data-engineering-4395021/airflow/dags/extract_dag.py
[2026-09-17T01:09:55.851+0000] {processor.py:826} INFO - Processing file /workspaces/hands-on-introduction-data-engineering-4395021/airflow/dags/extract_dag.py for tasks to queue
[2026-09-17T01:09:55.851+0000] {logging_mixin.py:150} INFO - [2026-09-17T01:09:55.851+0000] {dagbag.py:541} INFO - Filling up the DagBag from /workspaces/hands-on-introduction-data-engineering-4395021/airflow/dags/extract_dag.py
[2026-09-17T01:09:55.856+0000] {processor.py:836} INFO - DAG(s) dict_keys(['extract_dag']) retrieved from /workspaces/hands-on-introduction-data-engineering-4395021/airflow/dags/extract_dag.py
[2026-09-17T01:09:55.867+0000] {logging_mixin.py:150} INFO - [2026-09-17T01:09:55.867+0000] {dag.py:2742} INFO - Sync 1 DAGs
[2026-09-17T01:09:55.884+0000] {logging_mixin.py:150} INFO - [2026-09-17T01:09:55.884+0000] {dag.py:3504} INFO - Setting next_dagrun for extract_dag to None, run_after=None
[2026-09-17T01:09:55.910+0000] {processor.py:179} INFO - Processing /workspaces/hands-on-introduction-data-engineering-4395021/airflow/dags/extract_dag.py took 0.062 seconds
[2026-09-17T01:10:40.662+0000] {processor.py:157} INFO - Started process (PID=30457) to work on /workspaces/hands-on-introduction-data-engineering-4395021/airflow/dags/extract_dag.py
[2026-09-17T01:10:40.663+0000] {processor.py:826} INFO - Processing file /workspaces/hands-on-introduction-data-engineering-4395021/airflow/dags/extract_dag.py for tasks to queue
[2026-09-17T01:10:40.663+0000] {logging_mixin.py:150} INFO - [2026-09-17T01:10:40.663+0000] {dagbag.py:541} INFO - Filling up the DagBag from /workspaces/hands-on-introduction-data-engineering-4395021/airflow/dags/extract_dag.py
[2026-09-17T01:10:40.668+0000] {processor.py:836} INFO - DAG(s) dict_keys(['extract_dag']) retrieved from /workspaces/hands-on-introduction-data-engineering-4395021/airflow/dags/extract_dag.py
[2026-09-17T01:10:40.679+0000] {logging_mixin.py:150} INFO - [2026-09-17T01:10:40.679+0000] {dag.py:2742} INFO - Sync 1 DAGs
[2026-09-17T01:10:40.698+0000] {logging_mixin.py:150} INFO - [2026-09-17T01:10:40.698+0000] {dag.py:3504} INFO - Setting next_dagrun for extract_dag to None, run_after=None
[2026-09-17T01:10:40.714+0000] {processor.py:179} INFO - Processing /workspaces/hands-on-introduction-data-engineering-4395021/airflow/dags/extract_dag.py took 0.055 seconds
[2026-09-17T01:10:59.307+0000] {processor.py:157} INFO - Started process (PID=30659) to work on /workspaces/hands-on-introduction-data-engineering-4395021/airflow/dags/extract_dag.py
[2026-09-17T01:10:59.308+0000] {processor.py:826} INFO - Processing file /workspaces/hands-on-introduction-data-engineering-4395021/airflow/dags/extract_dag.py for tasks to queue
[2026-09-17T01:10:59.309+0000] {logging_mixin.py:150} INFO - [2026-09-17T01:10:59.308+0000] {dagbag.py:541} INFO - Filling up the DagBag from /workspaces/hands-on-introduction-data-engineering-4395021/airflow/dags/extract_dag.py
[2026-09-17T01:10:59.315+0000] {processor.py:836} INFO - DAG(s) dict_keys(['extract_dag']) retrieved from /workspaces/hands-on-introduction-data-engineering-4395021/airflow/dags/extract_dag.py
[2026-09-17T01:10:59.326+0000] {logging_mixin.py:150} INFO - [2026-09-17T01:10:59.326+0000] {dag.py:2742} INFO - Sync 1 DAGs
[2026-09-17T01:10:59.347+0000] {logging_mixin.py:150} INFO - [2026-09-17T01:10:59.347+0000] {dag.py:3504} INFO - Setting next_dagrun for extract_dag to None, run_after=None
[2026-09-17T01:10:59.372+0000] {processor.py:179} INFO - Processing /workspaces/hands-on-introduction-data-engineering-4395021/airflow/dags/extract_dag.py took 0.068 seconds
[2026-09-17T01:11:28.777+0000] {processor.py:157} INFO - Started process (PID=30916) to work on /workspaces/hands-on-introduction-data-engineering-4395021/airflow/dags/extract_dag.py
[2026-09-17T01:11:28.778+0000] {processor.py:826} INFO - Processing file /workspaces/hands-on-introduction-data-engineering-4395021/airflow/dags/extract_dag.py for tasks to queue
[2026-09-17T01:11:28.778+0000] {logging_mixin.py:150} INFO - [2026-09-17T01:11:28.778+0000] {dagbag.py:541} INFO - Filling up the DagBag from /workspaces/hands-on-introduction-data-engineering-4395021/airflow/dags/extract_dag.py
[2026-09-17T01:11:28.784+0000] {processor.py:836} INFO - DAG(s) dict_keys(['extract_dag']) retrieved from /workspaces/hands-on-introduction-data-engineering-4395021/airflow/dags/extract_dag.py
[2026-09-17T01:11:28.797+0000] {logging_mixin.py:150} INFO - [2026-09-17T01:11:28.796+0000] {dag.py:2742} INFO - Sync 1 DAGs
[2026-09-17T01:11:28.814+0000] {logging_mixin.py:150} INFO - [2026-09-17T01:11:28.813+0000] {dag.py:3504} INFO - Setting next_dagrun for extract_dag to None, run_after=None
[2026-09-17T01:11:28.831+0000] {processor.py:179} INFO - Processing /workspaces/hands-on-introduction-data-engineering-4395021/airflow/dags/extract_dag.py took 0.057 seconds
[2026-09-17T01:11:49.579+0000] {processor.py:157} INFO - Started process (PID=31090) to work on /workspaces/hands-on-introduction-data-engineering-4395021/airflow/dags/extract_dag.py
[2026-09-17T01:11:49.580+0000] {processor.py:826} INFO - Processing file /workspaces/hands-on-introduction-data-engineering-4395021/airflow/dags/extract_dag.py for tasks to queue
[2026-09-17T01:11:49.580+0000] {logging_mixin.py:150} INFO - [2026-09-17T01:11:49.580+0000] {dagbag.py:541} INFO - Filling up the DagBag from /workspaces/hands-on-introduction-data-engineering-4395021/airflow/dags/extract_dag.py
[2026-09-17T01:11:49.586+0000] {processor.py:836} INFO - DAG(s) dict_keys(['extract_dag']) retrieved from /workspaces/hands-on-introduction-data-engineering-4395021/airflow/dags/extract_dag.py
[2026-09-17T01:11:49.598+0000] {logging_mixin.py:150} INFO - [2026-09-17T01:11:49.598+0000] {dag.py:2742} INFO - Sync 1 DAGs
[2026-09-17T01:11:49.613+0000] {logging_mixin.py:150} INFO - [2026-09-17T01:11:49.613+0000] {dag.py:3504} INFO - Setting next_dagrun for extract_dag to None, run_after=None
[2026-09-17T01:11:49.640+0000] {processor.py:179} INFO - Processing /workspaces/hands-on-introduction-data-engineering-4395021/airflow/dags/extract_dag.py took 0.063 seconds
[2026-09-17T01:12:20.262+0000] {processor.py:157} INFO - Started process (PID=31350) to work on /workspaces/hands-on-introduction-data-engineering-4395021/airflow/dags/extract_dag.py
[2026-09-17T01:12:20.263+0000] {processor.py:826} INFO - Processing file /workspaces/hands-on-introduction-data-engineering-4395021/airflow/dags/extract_dag.py for tasks to queue
[2026-09-17T01:12:20.263+0000] {logging_mixin.py:150} INFO - [2026-09-17T01:12:20.263+0000] {dagbag.py:541} INFO - Filling up the DagBag from /workspaces/hands-on-introduction-data-engineering-4395021/airflow/dags/extract_dag.py
[2026-09-17T01:12:20.269+0000] {processor.py:836} INFO - DAG(s) dict_keys(['extract_dag']) retrieved from /workspaces/hands-on-introduction-data-engineering-4395021/airflow/dags/extract_dag.py
[2026-09-17T01:12:20.281+0000] {logging_mixin.py:150} INFO - [2026-09-17T01:12:20.281+0000] {dag.py:2742} INFO - Sync 1 DAGs
[2026-09-17T01:12:20.300+0000] {logging_mixin.py:150} INFO - [2026-09-17T01:12:20.300+0000] {dag.py:3504} INFO - Setting next_dagrun for extract_dag to None, run_after=None
[2026-09-17T01:12:20.318+0000] {processor.py:179} INFO - Processing /workspaces/hands-on-introduction-data-engineering-4395021/airflow/dags/extract_dag.py took 0.058 seconds
[2026-09-17T01:12:38.584+0000] {processor.py:157} INFO - Started process (PID=31504) to work on /workspaces/hands-on-introduction-data-engineering-4395021/airflow/dags/extract_dag.py
[2026-09-17T01:12:38.585+0000] {processor.py:826} INFO - Processing file /workspaces/hands-on-introduction-data-engineering-4395021/airflow/dags/extract_dag.py for tasks to queue
[2026-09-17T01:12:38.585+0000] {logging_mixin.py:150} INFO - [2026-09-17T01:12:38.585+0000] {dagbag.py:541} INFO - Filling up the DagBag from /workspaces/hands-on-introduction-data-engineering-4395021/airflow/dags/extract_dag.py
[2026-09-17T01:12:38.592+0000] {processor.py:836} INFO - DAG(s) dict_keys(['extract_dag']) retrieved from /workspaces/hands-on-introduction-data-engineering-4395021/airflow/dags/extract_dag.py
[2026-09-17T01:12:38.605+0000] {logging_mixin.py:150} INFO - [2026-09-17T01:12:38.605+0000] {dag.py:2742} INFO - Sync 1 DAGs
[2026-09-17T01:12:38.619+0000] {logging_mixin.py:150} INFO - [2026-09-17T01:12:38.619+0000] {dag.py:3504} INFO - Setting next_dagrun for extract_dag to None, run_after=None
[2026-09-17T01:12:38.637+0000] {processor.py:179} INFO - Processing /workspaces/hands-on-introduction-data-engineering-4395021/airflow/dags/extract_dag.py took 0.057 seconds
[2026-09-17T01:13:07.388+0000] {processor.py:157} INFO - Started process (PID=31759) to work on /workspaces/hands-on-introduction-data-engineering-4395021/airflow/dags/extract_dag.py
[2026-09-17T01:13:07.389+0000] {processor.py:826} INFO - Processing file /workspaces/hands-on-introduction-data-engineering-4395021/airflow/dags/extract_dag.py for tasks to queue
[2026-09-17T01:13:07.390+0000] {logging_mixin.py:150} INFO - [2026-09-17T01:13:07.389+0000] {dagbag.py:541} INFO - Filling up the DagBag from /workspaces/hands-on-introduction-data-engineering-4395021/airflow/dags/extract_dag.py
[2026-09-17T01:13:07.401+0000] {processor.py:836} INFO - DAG(s) dict_keys(['extract_dag']) retrieved from /workspaces/hands-on-introduction-data-engineering-4395021/airflow/dags/extract_dag.py
[2026-09-17T01:13:07.417+0000] {logging_mixin.py:150} INFO - [2026-09-17T01:13:07.417+0000] {dag.py:2742} INFO - Sync 1 DAGs
[2026-09-17T01:13:07.439+0000] {logging_mixin.py:150} INFO - [2026-09-17T01:13:07.438+0000] {dag.py:3504} INFO - Setting next_dagrun for extract_dag to None, run_after=None
[2026-09-17T01:13:07.461+0000] {processor.py:179} INFO - Processing /workspaces/hands-on-introduction-data-engineering-4395021/airflow/dags/extract_dag.py took 0.076 seconds
[2026-09-17T01:13:26.616+0000] {processor.py:157} INFO - Started process (PID=31917) to work on /workspaces/hands-on-introduction-data-engineering-4395021/airflow/dags/extract_dag.py
[2026-09-17T01:13:26.617+0000] {processor.py:826} INFO - Processing file /workspaces/hands-on-introduction-data-engineering-4395021/airflow/dags/extract_dag.py for tasks to queue
[2026-09-17T01:13:26.618+0000] {logging_mixin.py:150} INFO - [2026-09-17T01:13:26.617+0000] {dagbag.py:541} INFO - Filling up the DagBag from /workspaces/hands-on-introduction-data-engineering-4395021/airflow/dags/extract_dag.py
[2026-09-17T01:13:26.623+0000] {processor.py:836} INFO - DAG(s) dict_keys(['extract_dag']) retrieved from /workspaces/hands-on-introduction-data-engineering-4395021/airflow/dags/extract_dag.py
[2026-09-17T01:13:26.637+0000] {logging_mixin.py:150} INFO - [2026-09-17T01:13:26.637+0000] {dag.py:2742} INFO - Sync 1 DAGs
[2026-09-17T01:13:26.656+0000] {logging_mixin.py:150} INFO - [2026-09-17T01:13:26.656+0000] {dag.py:3504} INFO - Setting next_dagrun for extract_dag to None, run_after=None
[2026-09-17T01:13:26.674+0000] {processor.py:179} INFO - Processing /workspaces/hands-on-introduction-data-engineering-4395021/airflow/dags/extract_dag.py took 0.060 seconds
[2026-09-17T01:13:50.094+0000] {processor.py:157} INFO - Started process (PID=32113) to work on /workspaces/hands-on-introduction-data-engineering-4395021/airflow/dags/extract_dag.py
[2026-09-17T01:13:50.096+0000] {processor.py:826} INFO - Processing file /workspaces/hands-on-introduction-data-engineering-4395021/airflow/dags/extract_dag.py for tasks to queue
[2026-09-17T01:13:50.096+0000] {logging_mixin.py:150} INFO - [2026-09-17T01:13:50.096+0000] {dagbag.py:541} INFO - Filling up the DagBag from /workspaces/hands-on-introduction-data-engineering-4395021/airflow/dags/extract_dag.py
[2026-09-17T01:13:50.103+0000] {processor.py:836} INFO - DAG(s) dict_keys(['extract_dag']) retrieved from /workspaces/hands-on-introduction-data-engineering-4395021/airflow/dags/extract_dag.py
[2026-09-17T01:13:50.115+0000] {logging_mixin.py:150} INFO - [2026-09-17T01:13:50.115+0000] {dag.py:2742} INFO - Sync 1 DAGs
[2026-09-17T01:13:50.129+0000] {logging_mixin.py:150} INFO - [2026-09-17T01:13:50.129+0000] {dag.py:3504} INFO - Setting next_dagrun for extract_dag to None, run_after=None
[2026-09-17T01:13:50.145+0000] {processor.py:179} INFO - Processing /workspaces/hands-on-introduction-data-engineering-4395021/airflow/dags/extract_dag.py took 0.054 seconds
[2026-09-17T01:14:16.515+0000] {processor.py:157} INFO - Started process (PID=32335) to work on /workspaces/hands-on-introduction-data-engineering-4395021/airflow/dags/extract_dag.py
[2026-09-17T01:14:16.516+0000] {processor.py:826} INFO - Processing file /workspaces/hands-on-introduction-data-engineering-4395021/airflow/dags/extract_dag.py for tasks to queue
[2026-09-17T01:14:16.517+0000] {logging_mixin.py:150} INFO - [2026-09-17T01:14:16.516+0000] {dagbag.py:541} INFO - Filling up the DagBag from /workspaces/hands-on-introduction-data-engineering-4395021/airflow/dags/extract_dag.py
[2026-09-17T01:14:16.522+0000] {processor.py:836} INFO - DAG(s) dict_keys(['extract_dag']) retrieved from /workspaces/hands-on-introduction-data-engineering-4395021/airflow/dags/extract_dag.py
[2026-09-17T01:14:16.534+0000] {logging_mixin.py:150} INFO - [2026-09-17T01:14:16.533+0000] {dag.py:2742} INFO - Sync 1 DAGs
[2026-09-17T01:14:16.548+0000] {logging_mixin.py:150} INFO - [2026-09-17T01:14:16.548+0000] {dag.py:3504} INFO - Setting next_dagrun for extract_dag to None, run_after=None
[2026-09-17T01:14:16.565+0000] {processor.py:179} INFO - Processing /workspaces/hands-on-introduction-data-engineering-4395021/airflow/dags/extract_dag.py took 0.053 seconds
[2026-09-17T01:14:41.132+0000] {processor.py:157} INFO - Started process (PID=32549) to work on /workspaces/hands-on-introduction-data-engineering-4395021/airflow/dags/extract_dag.py
[2026-09-17T01:14:41.133+0000] {processor.py:826} INFO - Processing file /workspaces/hands-on-introduction-data-engineering-4395021/airflow/dags/extract_dag.py for tasks to queue
[2026-09-17T01:14:41.134+0000] {logging_mixin.py:150} INFO - [2026-09-17T01:14:41.133+0000] {dagbag.py:541} INFO - Filling up the DagBag from /workspaces/hands-on-introduction-data-engineering-4395021/airflow/dags/extract_dag.py
[2026-09-17T01:14:41.141+0000] {processor.py:836} INFO - DAG(s) dict_keys(['extract_dag']) retrieved from /workspaces/hands-on-introduction-data-engineering-4395021/airflow/dags/extract_dag.py
[2026-09-17T01:14:41.159+0000] {logging_mixin.py:150} INFO - [2026-09-17T01:14:41.159+0000] {dag.py:2742} INFO - Sync 1 DAGs
[2026-09-17T01:14:41.178+0000] {logging_mixin.py:150} INFO - [2026-09-17T01:14:41.178+0000] {dag.py:3504} INFO - Setting next_dagrun for extract_dag to None, run_after=None
[2026-09-17T01:14:41.201+0000] {processor.py:179} INFO - Processing /workspaces/hands-on-introduction-data-engineering-4395021/airflow/dags/extract_dag.py took 0.074 seconds
[2026-09-17T01:15:09.500+0000] {processor.py:157} INFO - Started process (PID=32794) to work on /workspaces/hands-on-introduction-data-engineering-4395021/airflow/dags/extract_dag.py
[2026-09-17T01:15:09.500+0000] {processor.py:826} INFO - Processing file /workspaces/hands-on-introduction-data-engineering-4395021/airflow/dags/extract_dag.py for tasks to queue
[2026-09-17T01:15:09.501+0000] {logging_mixin.py:150} INFO - [2026-09-17T01:15:09.501+0000] {dagbag.py:541} INFO - Filling up the DagBag from /workspaces/hands-on-introduction-data-engineering-4395021/airflow/dags/extract_dag.py
[2026-09-17T01:15:09.509+0000] {processor.py:836} INFO - DAG(s) dict_keys(['extract_dag']) retrieved from /workspaces/hands-on-introduction-data-engineering-4395021/airflow/dags/extract_dag.py
[2026-09-17T01:15:09.525+0000] {logging_mixin.py:150} INFO - [2026-09-17T01:15:09.525+0000] {dag.py:2742} INFO - Sync 1 DAGs
[2026-09-17T01:15:09.539+0000] {logging_mixin.py:150} INFO - [2026-09-17T01:15:09.539+0000] {dag.py:3504} INFO - Setting next_dagrun for extract_dag to None, run_after=None
[2026-09-17T01:15:09.557+0000] {processor.py:179} INFO - Processing /workspaces/hands-on-introduction-data-engineering-4395021/airflow/dags/extract_dag.py took 0.063 seconds
[2026-09-17T01:15:37.226+0000] {processor.py:157} INFO - Started process (PID=33014) to work on /workspaces/hands-on-introduction-data-engineering-4395021/airflow/dags/extract_dag.py
[2026-09-17T01:15:37.227+0000] {processor.py:826} INFO - Processing file /workspaces/hands-on-introduction-data-engineering-4395021/airflow/dags/extract_dag.py for tasks to queue
[2026-09-17T01:15:37.228+0000] {logging_mixin.py:150} INFO - [2026-09-17T01:15:37.227+0000] {dagbag.py:541} INFO - Filling up the DagBag from /workspaces/hands-on-introduction-data-engineering-4395021/airflow/dags/extract_dag.py
[2026-09-17T01:15:37.232+0000] {processor.py:836} INFO - DAG(s) dict_keys(['extract_dag']) retrieved from /workspaces/hands-on-introduction-data-engineering-4395021/airflow/dags/extract_dag.py
[2026-09-17T01:15:37.244+0000] {logging_mixin.py:150} INFO - [2026-09-17T01:15:37.244+0000] {dag.py:2742} INFO - Sync 1 DAGs
[2026-09-17T01:15:37.258+0000] {logging_mixin.py:150} INFO - [2026-09-17T01:15:37.258+0000] {dag.py:3504} INFO - Setting next_dagrun for extract_dag to None, run_after=None
[2026-09-17T01:15:37.274+0000] {processor.py:179} INFO - Processing /workspaces/hands-on-introduction-data-engineering-4395021/airflow/dags/extract_dag.py took 0.050 seconds
[2026-09-17T01:16:01.333+0000] {processor.py:157} INFO - Started process (PID=33259) to work on /workspaces/hands-on-introduction-data-engineering-4395021/airflow/dags/extract_dag.py
[2026-09-17T01:16:01.334+0000] {processor.py:826} INFO - Processing file /workspaces/hands-on-introduction-data-engineering-4395021/airflow/dags/extract_dag.py for tasks to queue
[2026-09-17T01:16:01.335+0000] {logging_mixin.py:150} INFO - [2026-09-17T01:16:01.334+0000] {dagbag.py:541} INFO - Filling up the DagBag from /workspaces/hands-on-introduction-data-engineering-4395021/airflow/dags/extract_dag.py
[2026-09-17T01:16:01.339+0000] {processor.py:836} INFO - DAG(s) dict_keys(['extract_dag']) retrieved from /workspaces/hands-on-introduction-data-engineering-4395021/airflow/dags/extract_dag.py
[2026-09-17T01:16:01.350+0000] {logging_mixin.py:150} INFO - [2026-09-17T01:16:01.350+0000] {dag.py:2742} INFO - Sync 1 DAGs
[2026-09-17T01:16:01.365+0000] {logging_mixin.py:150} INFO - [2026-09-17T01:16:01.365+0000] {dag.py:3504} INFO - Setting next_dagrun for extract_dag to None, run_after=None
[2026-09-17T01:16:01.381+0000] {processor.py:179} INFO - Processing /workspaces/hands-on-introduction-data-engineering-4395021/airflow/dags/extract_dag.py took 0.051 seconds
[2026-09-17T01:16:26.695+0000] {processor.py:157} INFO - Started process (PID=33475) to work on /workspaces/hands-on-introduction-data-engineering-4395021/airflow/dags/extract_dag.py
[2026-09-17T01:16:26.696+0000] {processor.py:826} INFO - Processing file /workspaces/hands-on-introduction-data-engineering-4395021/airflow/dags/extract_dag.py for tasks to queue
[2026-09-17T01:16:26.697+0000] {logging_mixin.py:150} INFO - [2026-09-17T01:16:26.696+0000] {dagbag.py:541} INFO - Filling up the DagBag from /workspaces/hands-on-introduction-data-engineering-4395021/airflow/dags/extract_dag.py
[2026-09-17T01:16:26.703+0000] {processor.py:836} INFO - DAG(s) dict_keys(['extract_dag']) retrieved from /workspaces/hands-on-introduction-data-engineering-4395021/airflow/dags/extract_dag.py
[2026-09-17T01:16:26.714+0000] {logging_mixin.py:150} INFO - [2026-09-17T01:16:26.713+0000] {dag.py:2742} INFO - Sync 1 DAGs
[2026-09-17T01:16:26.731+0000] {logging_mixin.py:150} INFO - [2026-09-17T01:16:26.731+0000] {dag.py:3504} INFO - Setting next_dagrun for extract_dag to None, run_after=None
[2026-09-17T01:16:26.750+0000] {processor.py:179} INFO - Processing /workspaces/hands-on-introduction-data-engineering-4395021/airflow/dags/extract_dag.py took 0.058 seconds
[2026-09-17T01:16:52.272+0000] {processor.py:157} INFO - Started process (PID=33694) to work on /workspaces/hands-on-introduction-data-engineering-4395021/airflow/dags/extract_dag.py
[2026-09-17T01:16:52.273+0000] {processor.py:826} INFO - Processing file /workspaces/hands-on-introduction-data-engineering-4395021/airflow/dags/extract_dag.py for tasks to queue
[2026-09-17T01:16:52.273+0000] {logging_mixin.py:150} INFO - [2026-09-17T01:16:52.273+0000] {dagbag.py:541} INFO - Filling up the DagBag from /workspaces/hands-on-introduction-data-engineering-4395021/airflow/dags/extract_dag.py
[2026-09-17T01:16:52.279+0000] {processor.py:836} INFO - DAG(s) dict_keys(['extract_dag']) retrieved from /workspaces/hands-on-introduction-data-engineering-4395021/airflow/dags/extract_dag.py
[2026-09-17T01:16:52.295+0000] {logging_mixin.py:150} INFO - [2026-09-17T01:16:52.295+0000] {dag.py:2742} INFO - Sync 1 DAGs
[2026-09-17T01:16:52.316+0000] {logging_mixin.py:150} INFO - [2026-09-17T01:16:52.315+0000] {dag.py:3504} INFO - Setting next_dagrun for extract_dag to None, run_after=None
[2026-09-17T01:16:52.341+0000] {processor.py:179} INFO - Processing /workspaces/hands-on-introduction-data-engineering-4395021/airflow/dags/extract_dag.py took 0.071 seconds
[2026-09-17T01:17:15.493+0000] {processor.py:157} INFO - Started process (PID=33899) to work on /workspaces/hands-on-introduction-data-engineering-4395021/airflow/dags/extract_dag.py
[2026-09-17T01:17:15.494+0000] {processor.py:826} INFO - Processing file /workspaces/hands-on-introduction-data-engineering-4395021/airflow/dags/extract_dag.py for tasks to queue
[2026-09-17T01:17:15.495+0000] {logging_mixin.py:150} INFO - [2026-09-17T01:17:15.494+0000] {dagbag.py:541} INFO - Filling up the DagBag from /workspaces/hands-on-introduction-data-engineering-4395021/airflow/dags/extract_dag.py
[2026-09-17T01:17:15.501+0000] {processor.py:836} INFO - DAG(s) dict_keys(['extract_dag']) retrieved from /workspaces/hands-on-introduction-data-engineering-4395021/airflow/dags/extract_dag.py
[2026-09-17T01:17:15.515+0000] {logging_mixin.py:150} INFO - [2026-09-17T01:17:15.515+0000] {dag.py:2742} INFO - Sync 1 DAGs
[2026-09-17T01:17:15.533+0000] {logging_mixin.py:150} INFO - [2026-09-17T01:17:15.533+0000] {dag.py:3504} INFO - Setting next_dagrun for extract_dag to None, run_after=None
[2026-09-17T01:17:15.559+0000] {processor.py:179} INFO - Processing /workspaces/hands-on-introduction-data-engineering-4395021/airflow/dags/extract_dag.py took 0.069 seconds
[2026-09-17T01:17:41.985+0000] {processor.py:157} INFO - Started process (PID=34122) to work on /workspaces/hands-on-introduction-data-engineering-4395021/airflow/dags/extract_dag.py
[2026-09-17T01:17:41.986+0000] {processor.py:826} INFO - Processing file /workspaces/hands-on-introduction-data-engineering-4395021/airflow/dags/extract_dag.py for tasks to queue
[2026-09-17T01:17:41.986+0000] {logging_mixin.py:150} INFO - [2026-09-17T01:17:41.986+0000] {dagbag.py:541} INFO - Filling up the DagBag from /workspaces/hands-on-introduction-data-engineering-4395021/airflow/dags/extract_dag.py
[2026-09-17T01:17:41.992+0000] {processor.py:836} INFO - DAG(s) dict_keys(['extract_dag']) retrieved from /workspaces/hands-on-introduction-data-engineering-4395021/airflow/dags/extract_dag.py
[2026-09-17T01:17:42.005+0000] {logging_mixin.py:150} INFO - [2026-09-17T01:17:42.005+0000] {dag.py:2742} INFO - Sync 1 DAGs
[2026-09-17T01:17:42.019+0000] {logging_mixin.py:150} INFO - [2026-09-17T01:17:42.019+0000] {dag.py:3504} INFO - Setting next_dagrun for extract_dag to None, run_after=None
[2026-09-17T01:17:42.035+0000] {processor.py:179} INFO - Processing /workspaces/hands-on-introduction-data-engineering-4395021/airflow/dags/extract_dag.py took 0.053 seconds
[2026-09-17T01:18:03.101+0000] {processor.py:157} INFO - Started process (PID=34296) to work on /workspaces/hands-on-introduction-data-engineering-4395021/airflow/dags/extract_dag.py
[2026-09-17T01:18:03.101+0000] {processor.py:826} INFO - Processing file /workspaces/hands-on-introduction-data-engineering-4395021/airflow/dags/extract_dag.py for tasks to queue
[2026-09-17T01:18:03.102+0000] {logging_mixin.py:150} INFO - [2026-09-17T01:18:03.102+0000] {dagbag.py:541} INFO - Filling up the DagBag from /workspaces/hands-on-introduction-data-engineering-4395021/airflow/dags/extract_dag.py
[2026-09-17T01:18:03.107+0000] {processor.py:836} INFO - DAG(s) dict_keys(['extract_dag']) retrieved from /workspaces/hands-on-introduction-data-engineering-4395021/airflow/dags/extract_dag.py
[2026-09-17T01:18:03.118+0000] {logging_mixin.py:150} INFO - [2026-09-17T01:18:03.118+0000] {dag.py:2742} INFO - Sync 1 DAGs
[2026-09-17T01:18:03.132+0000] {logging_mixin.py:150} INFO - [2026-09-17T01:18:03.132+0000] {dag.py:3504} INFO - Setting next_dagrun for extract_dag to None, run_after=None
[2026-09-17T01:18:03.149+0000] {processor.py:179} INFO - Processing /workspaces/hands-on-introduction-data-engineering-4395021/airflow/dags/extract_dag.py took 0.052 seconds
[2026-09-17T01:18:28.958+0000] {processor.py:157} INFO - Started process (PID=34512) to work on /workspaces/hands-on-introduction-data-engineering-4395021/airflow/dags/extract_dag.py
[2026-09-17T01:18:28.959+0000] {processor.py:826} INFO - Processing file /workspaces/hands-on-introduction-data-engineering-4395021/airflow/dags/extract_dag.py for tasks to queue
[2026-09-17T01:18:28.960+0000] {logging_mixin.py:150} INFO - [2026-09-17T01:18:28.959+0000] {dagbag.py:541} INFO - Filling up the DagBag from /workspaces/hands-on-introduction-data-engineering-4395021/airflow/dags/extract_dag.py
[2026-09-17T01:18:28.967+0000] {processor.py:836} INFO - DAG(s) dict_keys(['extract_dag']) retrieved from /workspaces/hands-on-introduction-data-engineering-4395021/airflow/dags/extract_dag.py
[2026-09-17T01:18:28.984+0000] {logging_mixin.py:150} INFO - [2026-09-17T01:18:28.984+0000] {dag.py:2742} INFO - Sync 1 DAGs
[2026-09-17T01:18:29.007+0000] {logging_mixin.py:150} INFO - [2026-09-17T01:18:29.006+0000] {dag.py:3504} INFO - Setting next_dagrun for extract_dag to None, run_after=None
[2026-09-17T01:18:29.035+0000] {processor.py:179} INFO - Processing /workspaces/hands-on-introduction-data-engineering-4395021/airflow/dags/extract_dag.py took 0.081 seconds
[2026-09-17T01:18:51.476+0000] {processor.py:157} INFO - Started process (PID=34711) to work on /workspaces/hands-on-introduction-data-engineering-4395021/airflow/dags/extract_dag.py
[2026-09-17T01:18:51.477+0000] {processor.py:826} INFO - Processing file /workspaces/hands-on-introduction-data-engineering-4395021/airflow/dags/extract_dag.py for tasks to queue
[2026-09-17T01:18:51.478+0000] {logging_mixin.py:150} INFO - [2026-09-17T01:18:51.477+0000] {dagbag.py:541} INFO - Filling up the DagBag from /workspaces/hands-on-introduction-data-engineering-4395021/airflow/dags/extract_dag.py
[2026-09-17T01:18:51.483+0000] {processor.py:836} INFO - DAG(s) dict_keys(['extract_dag']) retrieved from /workspaces/hands-on-introduction-data-engineering-4395021/airflow/dags/extract_dag.py
[2026-09-17T01:18:51.495+0000] {logging_mixin.py:150} INFO - [2026-09-17T01:18:51.495+0000] {dag.py:2742} INFO - Sync 1 DAGs
[2026-09-17T01:18:51.512+0000] {logging_mixin.py:150} INFO - [2026-09-17T01:18:51.512+0000] {dag.py:3504} INFO - Setting next_dagrun for extract_dag to None, run_after=None
[2026-09-17T01:18:51.529+0000] {processor.py:179} INFO - Processing /workspaces/hands-on-introduction-data-engineering-4395021/airflow/dags/extract_dag.py took 0.056 seconds
[2026-09-17T01:19:15.461+0000] {processor.py:157} INFO - Started process (PID=34903) to work on /workspaces/hands-on-introduction-data-engineering-4395021/airflow/dags/extract_dag.py
[2026-09-17T01:19:15.461+0000] {processor.py:826} INFO - Processing file /workspaces/hands-on-introduction-data-engineering-4395021/airflow/dags/extract_dag.py for tasks to queue
[2026-09-17T01:19:15.462+0000] {logging_mixin.py:150} INFO - [2026-09-17T01:19:15.462+0000] {dagbag.py:541} INFO - Filling up the DagBag from /workspaces/hands-on-introduction-data-engineering-4395021/airflow/dags/extract_dag.py
[2026-09-17T01:19:15.467+0000] {processor.py:836} INFO - DAG(s) dict_keys(['extract_dag']) retrieved from /workspaces/hands-on-introduction-data-engineering-4395021/airflow/dags/extract_dag.py
[2026-09-17T01:19:15.478+0000] {logging_mixin.py:150} INFO - [2026-09-17T01:19:15.478+0000] {dag.py:2742} INFO - Sync 1 DAGs
[2026-09-17T01:19:15.495+0000] {logging_mixin.py:150} INFO - [2026-09-17T01:19:15.495+0000] {dag.py:3504} INFO - Setting next_dagrun for extract_dag to None, run_after=None
[2026-09-17T01:19:15.511+0000] {processor.py:179} INFO - Processing /workspaces/hands-on-introduction-data-engineering-4395021/airflow/dags/extract_dag.py took 0.053 seconds
[2026-09-17T01:19:39.339+0000] {processor.py:157} INFO - Started process (PID=35084) to work on /workspaces/hands-on-introduction-data-engineering-4395021/airflow/dags/extract_dag.py
[2026-09-17T01:19:39.340+0000] {processor.py:826} INFO - Processing file /workspaces/hands-on-introduction-data-engineering-4395021/airflow/dags/extract_dag.py for tasks to queue
[2026-09-17T01:19:39.341+0000] {logging_mixin.py:150} INFO - [2026-09-17T01:19:39.341+0000] {dagbag.py:541} INFO - Filling up the DagBag from /workspaces/hands-on-introduction-data-engineering-4395021/airflow/dags/extract_dag.py
[2026-09-17T01:19:39.346+0000] {processor.py:836} INFO - DAG(s) dict_keys(['extract_dag']) retrieved from /workspaces/hands-on-introduction-data-engineering-4395021/airflow/dags/extract_dag.py
[2026-09-17T01:19:39.357+0000] {logging_mixin.py:150} INFO - [2026-09-17T01:19:39.357+0000] {dag.py:2742} INFO - Sync 1 DAGs
[2026-09-17T01:19:39.373+0000] {logging_mixin.py:150} INFO - [2026-09-17T01:19:39.373+0000] {dag.py:3504} INFO - Setting next_dagrun for extract_dag to None, run_after=None
[2026-09-17T01:19:39.393+0000] {processor.py:179} INFO - Processing /workspaces/hands-on-introduction-data-engineering-4395021/airflow/dags/extract_dag.py took 0.056 seconds
[2026-09-17T01:20:06.069+0000] {processor.py:157} INFO - Started process (PID=35370) to work on /workspaces/hands-on-introduction-data-engineering-4395021/airflow/dags/extract_dag.py
[2026-09-17T01:20:06.070+0000] {processor.py:826} INFO - Processing file /workspaces/hands-on-introduction-data-engineering-4395021/airflow/dags/extract_dag.py for tasks to queue
[2026-09-17T01:20:06.070+0000] {logging_mixin.py:150} INFO - [2026-09-17T01:20:06.070+0000] {dagbag.py:541} INFO - Filling up the DagBag from /workspaces/hands-on-introduction-data-engineering-4395021/airflow/dags/extract_dag.py
[2026-09-17T01:20:06.075+0000] {processor.py:836} INFO - DAG(s) dict_keys(['extract_dag']) retrieved from /workspaces/hands-on-introduction-data-engineering-4395021/airflow/dags/extract_dag.py
[2026-09-17T01:20:06.086+0000] {logging_mixin.py:150} INFO - [2026-09-17T01:20:06.086+0000] {dag.py:2742} INFO - Sync 1 DAGs
[2026-09-17T01:20:06.103+0000] {logging_mixin.py:150} INFO - [2026-09-17T01:20:06.103+0000] {dag.py:3504} INFO - Setting next_dagrun for extract_dag to None, run_after=None
[2026-09-17T01:20:06.121+0000] {processor.py:179} INFO - Processing /workspaces/hands-on-introduction-data-engineering-4395021/airflow/dags/extract_dag.py took 0.054 seconds
[2026-09-17T01:20:28.438+0000] {processor.py:157} INFO - Started process (PID=35553) to work on /workspaces/hands-on-introduction-data-engineering-4395021/airflow/dags/extract_dag.py
[2026-09-17T01:20:28.438+0000] {processor.py:826} INFO - Processing file /workspaces/hands-on-introduction-data-engineering-4395021/airflow/dags/extract_dag.py for tasks to queue
[2026-09-17T01:20:28.439+0000] {logging_mixin.py:150} INFO - [2026-09-17T01:20:28.439+0000] {dagbag.py:541} INFO - Filling up the DagBag from /workspaces/hands-on-introduction-data-engineering-4395021/airflow/dags/extract_dag.py
[2026-09-17T01:20:28.444+0000] {processor.py:836} INFO - DAG(s) dict_keys(['extract_dag']) retrieved from /workspaces/hands-on-introduction-data-engineering-4395021/airflow/dags/extract_dag.py
[2026-09-17T01:20:28.456+0000] {logging_mixin.py:150} INFO - [2026-09-17T01:20:28.456+0000] {dag.py:2742} INFO - Sync 1 DAGs
[2026-09-17T01:20:28.471+0000] {logging_mixin.py:150} INFO - [2026-09-17T01:20:28.471+0000] {dag.py:3504} INFO - Setting next_dagrun for extract_dag to None, run_after=None
[2026-09-17T01:20:28.488+0000] {processor.py:179} INFO - Processing /workspaces/hands-on-introduction-data-engineering-4395021/airflow/dags/extract_dag.py took 0.053 seconds
[2026-09-17T01:20:52.399+0000] {processor.py:157} INFO - Started process (PID=35783) to work on /workspaces/hands-on-introduction-data-engineering-4395021/airflow/dags/extract_dag.py
[2026-09-17T01:20:52.400+0000] {processor.py:826} INFO - Processing file /workspaces/hands-on-introduction-data-engineering-4395021/airflow/dags/extract_dag.py for tasks to queue
[2026-09-17T01:20:52.401+0000] {logging_mixin.py:150} INFO - [2026-09-17T01:20:52.401+0000] {dagbag.py:541} INFO - Filling up the DagBag from /workspaces/hands-on-introduction-data-engineering-4395021/airflow/dags/extract_dag.py
[2026-09-17T01:20:52.406+0000] {processor.py:836} INFO - DAG(s) dict_keys(['extract_dag']) retrieved from /workspaces/hands-on-introduction-data-engineering-4395021/airflow/dags/extract_dag.py
[2026-09-17T01:20:52.417+0000] {logging_mixin.py:150} INFO - [2026-09-17T01:20:52.417+0000] {dag.py:2742} INFO - Sync 1 DAGs
[2026-09-17T01:20:52.432+0000] {logging_mixin.py:150} INFO - [2026-09-17T01:20:52.432+0000] {dag.py:3504} INFO - Setting next_dagrun for extract_dag to None, run_after=None
[2026-09-17T01:20:52.451+0000] {processor.py:179} INFO - Processing /workspaces/hands-on-introduction-data-engineering-4395021/airflow/dags/extract_dag.py took 0.054 seconds
[2026-09-17T01:21:17.351+0000] {processor.py:157} INFO - Started process (PID=36206) to work on /workspaces/hands-on-introduction-data-engineering-4395021/airflow/dags/extract_dag.py
[2026-09-17T01:21:17.351+0000] {processor.py:826} INFO - Processing file /workspaces/hands-on-introduction-data-engineering-4395021/airflow/dags/extract_dag.py for tasks to queue
[2026-09-17T01:21:17.352+0000] {logging_mixin.py:150} INFO - [2026-09-17T01:21:17.352+0000] {dagbag.py:541} INFO - Filling up the DagBag from /workspaces/hands-on-introduction-data-engineering-4395021/airflow/dags/extract_dag.py
[2026-09-17T01:21:17.357+0000] {processor.py:836} INFO - DAG(s) dict_keys(['extract_dag']) retrieved from /workspaces/hands-on-introduction-data-engineering-4395021/airflow/dags/extract_dag.py
[2026-09-17T01:21:17.368+0000] {logging_mixin.py:150} INFO - [2026-09-17T01:21:17.368+0000] {dag.py:2742} INFO - Sync 1 DAGs
[2026-09-17T01:21:17.390+0000] {logging_mixin.py:150} INFO - [2026-09-17T01:21:17.390+0000] {dag.py:3504} INFO - Setting next_dagrun for extract_dag to None, run_after=None
[2026-09-17T01:21:17.414+0000] {processor.py:179} INFO - Processing /workspaces/hands-on-introduction-data-engineering-4395021/airflow/dags/extract_dag.py took 0.066 seconds
[2026-09-17T01:21:43.546+0000] {processor.py:157} INFO - Started process (PID=36552) to work on /workspaces/hands-on-introduction-data-engineering-4395021/airflow/dags/extract_dag.py
[2026-09-17T01:21:43.548+0000] {processor.py:826} INFO - Processing file /workspaces/hands-on-introduction-data-engineering-4395021/airflow/dags/extract_dag.py for tasks to queue
[2026-09-17T01:21:43.550+0000] {logging_mixin.py:150} INFO - [2026-09-17T01:21:43.549+0000] {dagbag.py:541} INFO - Filling up the DagBag from /workspaces/hands-on-introduction-data-engineering-4395021/airflow/dags/extract_dag.py
[2026-09-17T01:21:43.559+0000] {processor.py:836} INFO - DAG(s) dict_keys(['extract_dag']) retrieved from /workspaces/hands-on-introduction-data-engineering-4395021/airflow/dags/extract_dag.py
[2026-09-17T01:21:43.586+0000] {logging_mixin.py:150} INFO - [2026-09-17T01:21:43.586+0000] {dag.py:2742} INFO - Sync 1 DAGs
[2026-09-17T01:21:43.627+0000] {logging_mixin.py:150} INFO - [2026-09-17T01:21:43.627+0000] {dag.py:3504} INFO - Setting next_dagrun for extract_dag to None, run_after=None
[2026-09-17T01:21:43.662+0000] {processor.py:179} INFO - Processing /workspaces/hands-on-introduction-data-engineering-4395021/airflow/dags/extract_dag.py took 0.126 seconds
[2026-09-17T01:22:05.749+0000] {processor.py:157} INFO - Started process (PID=36766) to work on /workspaces/hands-on-introduction-data-engineering-4395021/airflow/dags/extract_dag.py
[2026-09-17T01:22:05.750+0000] {processor.py:826} INFO - Processing file /workspaces/hands-on-introduction-data-engineering-4395021/airflow/dags/extract_dag.py for tasks to queue
[2026-09-17T01:22:05.751+0000] {logging_mixin.py:150} INFO - [2026-09-17T01:22:05.751+0000] {dagbag.py:541} INFO - Filling up the DagBag from /workspaces/hands-on-introduction-data-engineering-4395021/airflow/dags/extract_dag.py
[2026-09-17T01:22:05.758+0000] {processor.py:836} INFO - DAG(s) dict_keys(['extract_dag']) retrieved from /workspaces/hands-on-introduction-data-engineering-4395021/airflow/dags/extract_dag.py
[2026-09-17T01:22:05.778+0000] {logging_mixin.py:150} INFO - [2026-09-17T01:22:05.777+0000] {dag.py:2742} INFO - Sync 1 DAGs
[2026-09-17T01:22:05.798+0000] {logging_mixin.py:150} INFO - [2026-09-17T01:22:05.797+0000] {dag.py:3504} INFO - Setting next_dagrun for extract_dag to None, run_after=None
[2026-09-17T01:22:05.816+0000] {processor.py:179} INFO - Processing /workspaces/hands-on-introduction-data-engineering-4395021/airflow/dags/extract_dag.py took 0.070 seconds
[2026-09-17T01:22:34.538+0000] {processor.py:157} INFO - Started process (PID=37195) to work on /workspaces/hands-on-introduction-data-engineering-4395021/airflow/dags/extract_dag.py
[2026-09-17T01:22:34.538+0000] {processor.py:826} INFO - Processing file /workspaces/hands-on-introduction-data-engineering-4395021/airflow/dags/extract_dag.py for tasks to queue
[2026-09-17T01:22:34.539+0000] {logging_mixin.py:150} INFO - [2026-09-17T01:22:34.539+0000] {dagbag.py:541} INFO - Filling up the DagBag from /workspaces/hands-on-introduction-data-engineering-4395021/airflow/dags/extract_dag.py
[2026-09-17T01:22:34.544+0000] {processor.py:836} INFO - DAG(s) dict_keys(['extract_dag']) retrieved from /workspaces/hands-on-introduction-data-engineering-4395021/airflow/dags/extract_dag.py
[2026-09-17T01:22:34.555+0000] {logging_mixin.py:150} INFO - [2026-09-17T01:22:34.555+0000] {dag.py:2742} INFO - Sync 1 DAGs
[2026-09-17T01:22:34.570+0000] {logging_mixin.py:150} INFO - [2026-09-17T01:22:34.570+0000] {dag.py:3504} INFO - Setting next_dagrun for extract_dag to None, run_after=None
[2026-09-17T01:22:34.585+0000] {processor.py:179} INFO - Processing /workspaces/hands-on-introduction-data-engineering-4395021/airflow/dags/extract_dag.py took 0.050 seconds
[2026-09-17T01:22:53.043+0000] {processor.py:157} INFO - Started process (PID=37344) to work on /workspaces/hands-on-introduction-data-engineering-4395021/airflow/dags/extract_dag.py
[2026-09-17T01:22:53.044+0000] {processor.py:826} INFO - Processing file /workspaces/hands-on-introduction-data-engineering-4395021/airflow/dags/extract_dag.py for tasks to queue
[2026-09-17T01:22:53.044+0000] {logging_mixin.py:150} INFO - [2026-09-17T01:22:53.044+0000] {dagbag.py:541} INFO - Filling up the DagBag from /workspaces/hands-on-introduction-data-engineering-4395021/airflow/dags/extract_dag.py
[2026-09-17T01:22:53.049+0000] {processor.py:836} INFO - DAG(s) dict_keys(['extract_dag']) retrieved from /workspaces/hands-on-introduction-data-engineering-4395021/airflow/dags/extract_dag.py
[2026-09-17T01:22:53.060+0000] {logging_mixin.py:150} INFO - [2026-09-17T01:22:53.060+0000] {dag.py:2742} INFO - Sync 1 DAGs
[2026-09-17T01:22:53.074+0000] {logging_mixin.py:150} INFO - [2026-09-17T01:22:53.074+0000] {dag.py:3504} INFO - Setting next_dagrun for extract_dag to None, run_after=None
[2026-09-17T01:22:53.094+0000] {processor.py:179} INFO - Processing /workspaces/hands-on-introduction-data-engineering-4395021/airflow/dags/extract_dag.py took 0.054 seconds
[2026-09-17T01:23:20.096+0000] {processor.py:157} INFO - Started process (PID=37622) to work on /workspaces/hands-on-introduction-data-engineering-4395021/airflow/dags/extract_dag.py
[2026-09-17T01:23:20.097+0000] {processor.py:826} INFO - Processing file /workspaces/hands-on-introduction-data-engineering-4395021/airflow/dags/extract_dag.py for tasks to queue
[2026-09-17T01:23:20.097+0000] {logging_mixin.py:150} INFO - [2026-09-17T01:23:20.097+0000] {dagbag.py:541} INFO - Filling up the DagBag from /workspaces/hands-on-introduction-data-engineering-4395021/airflow/dags/extract_dag.py
[2026-09-17T01:23:20.102+0000] {processor.py:836} INFO - DAG(s) dict_keys(['extract_dag']) retrieved from /workspaces/hands-on-introduction-data-engineering-4395021/airflow/dags/extract_dag.py
[2026-09-17T01:23:20.116+0000] {logging_mixin.py:150} INFO - [2026-09-17T01:23:20.116+0000] {dag.py:2742} INFO - Sync 1 DAGs
[2026-09-17T01:23:20.134+0000] {logging_mixin.py:150} INFO - [2026-09-17T01:23:20.133+0000] {dag.py:3504} INFO - Setting next_dagrun for extract_dag to None, run_after=None
[2026-09-17T01:23:20.159+0000] {processor.py:179} INFO - Processing /workspaces/hands-on-introduction-data-engineering-4395021/airflow/dags/extract_dag.py took 0.065 seconds
[2026-09-17T01:23:42.504+0000] {processor.py:157} INFO - Started process (PID=37804) to work on /workspaces/hands-on-introduction-data-engineering-4395021/airflow/dags/extract_dag.py
[2026-09-17T01:23:42.505+0000] {processor.py:826} INFO - Processing file /workspaces/hands-on-introduction-data-engineering-4395021/airflow/dags/extract_dag.py for tasks to queue
[2026-09-17T01:23:42.505+0000] {logging_mixin.py:150} INFO - [2026-09-17T01:23:42.505+0000] {dagbag.py:541} INFO - Filling up the DagBag from /workspaces/hands-on-introduction-data-engineering-4395021/airflow/dags/extract_dag.py
[2026-09-17T01:23:42.511+0000] {processor.py:836} INFO - DAG(s) dict_keys(['extract_dag']) retrieved from /workspaces/hands-on-introduction-data-engineering-4395021/airflow/dags/extract_dag.py
[2026-09-17T01:23:42.523+0000] {logging_mixin.py:150} INFO - [2026-09-17T01:23:42.522+0000] {dag.py:2742} INFO - Sync 1 DAGs
[2026-09-17T01:23:42.545+0000] {logging_mixin.py:150} INFO - [2026-09-17T01:23:42.545+0000] {dag.py:3504} INFO - Setting next_dagrun for extract_dag to None, run_after=None
[2026-09-17T01:23:42.571+0000] {processor.py:179} INFO - Processing /workspaces/hands-on-introduction-data-engineering-4395021/airflow/dags/extract_dag.py took 0.070 seconds
[2026-09-17T01:24:12.073+0000] {processor.py:157} INFO - Started process (PID=38112) to work on /workspaces/hands-on-introduction-data-engineering-4395021/airflow/dags/extract_dag.py
[2026-09-17T01:24:12.073+0000] {processor.py:826} INFO - Processing file /workspaces/hands-on-introduction-data-engineering-4395021/airflow/dags/extract_dag.py for tasks to queue
[2026-09-17T01:24:12.074+0000] {logging_mixin.py:150} INFO - [2026-09-17T01:24:12.074+0000] {dagbag.py:541} INFO - Filling up the DagBag from /workspaces/hands-on-introduction-data-engineering-4395021/airflow/dags/extract_dag.py
[2026-09-17T01:24:12.079+0000] {processor.py:836} INFO - DAG(s) dict_keys(['extract_dag']) retrieved from /workspaces/hands-on-introduction-data-engineering-4395021/airflow/dags/extract_dag.py
[2026-09-17T01:24:12.096+0000] {logging_mixin.py:150} INFO - [2026-09-17T01:24:12.096+0000] {dag.py:2742} INFO - Sync 1 DAGs
[2026-09-17T01:24:12.111+0000] {logging_mixin.py:150} INFO - [2026-09-17T01:24:12.111+0000] {dag.py:3504} INFO - Setting next_dagrun for extract_dag to None, run_after=None
[2026-09-17T01:24:12.129+0000] {processor.py:179} INFO - Processing /workspaces/hands-on-introduction-data-engineering-4395021/airflow/dags/extract_dag.py took 0.059 seconds
[2026-09-17T01:24:31.126+0000] {processor.py:157} INFO - Started process (PID=38493) to work on /workspaces/hands-on-introduction-data-engineering-4395021/airflow/dags/extract_dag.py
[2026-09-17T01:24:31.126+0000] {processor.py:826} INFO - Processing file /workspaces/hands-on-introduction-data-engineering-4395021/airflow/dags/extract_dag.py for tasks to queue
[2026-09-17T01:24:31.127+0000] {logging_mixin.py:150} INFO - [2026-09-17T01:24:31.127+0000] {dagbag.py:541} INFO - Filling up the DagBag from /workspaces/hands-on-introduction-data-engineering-4395021/airflow/dags/extract_dag.py
[2026-09-17T01:24:31.132+0000] {processor.py:836} INFO - DAG(s) dict_keys(['extract_dag']) retrieved from /workspaces/hands-on-introduction-data-engineering-4395021/airflow/dags/extract_dag.py
[2026-09-17T01:24:31.143+0000] {logging_mixin.py:150} INFO - [2026-09-17T01:24:31.143+0000] {dag.py:2742} INFO - Sync 1 DAGs
[2026-09-17T01:24:31.158+0000] {logging_mixin.py:150} INFO - [2026-09-17T01:24:31.158+0000] {dag.py:3504} INFO - Setting next_dagrun for extract_dag to None, run_after=None
[2026-09-17T01:24:31.174+0000] {processor.py:179} INFO - Processing /workspaces/hands-on-introduction-data-engineering-4395021/airflow/dags/extract_dag.py took 0.051 seconds
[2026-09-17T01:27:18.035+0000] {processor.py:157} INFO - Started process (PID=40001) to work on /workspaces/hands-on-introduction-data-engineering-4395021/airflow/dags/extract_dag.py
[2026-09-17T01:27:18.036+0000] {processor.py:826} INFO - Processing file /workspaces/hands-on-introduction-data-engineering-4395021/airflow/dags/extract_dag.py for tasks to queue
[2026-09-17T01:27:18.037+0000] {logging_mixin.py:150} INFO - [2026-09-17T01:27:18.036+0000] {dagbag.py:541} INFO - Filling up the DagBag from /workspaces/hands-on-introduction-data-engineering-4395021/airflow/dags/extract_dag.py
[2026-09-17T01:27:18.218+0000] {processor.py:836} INFO - DAG(s) dict_keys(['extract_dag']) retrieved from /workspaces/hands-on-introduction-data-engineering-4395021/airflow/dags/extract_dag.py
[2026-09-17T01:27:18.336+0000] {logging_mixin.py:150} INFO - [2026-09-17T01:27:18.335+0000] {manager.py:504} INFO - Created Permission View: can read on DAG:extract_dag
[2026-09-17T01:27:18.350+0000] {logging_mixin.py:150} INFO - [2026-09-17T01:27:18.350+0000] {manager.py:504} INFO - Created Permission View: can edit on DAG:extract_dag
[2026-09-17T01:27:18.359+0000] {logging_mixin.py:150} INFO - [2026-09-17T01:27:18.359+0000] {manager.py:504} INFO - Created Permission View: can delete on DAG:extract_dag
[2026-09-17T01:27:18.371+0000] {logging_mixin.py:150} INFO - [2026-09-17T01:27:18.371+0000] {dag.py:2742} INFO - Sync 1 DAGs
[2026-09-17T01:27:18.381+0000] {logging_mixin.py:150} INFO - [2026-09-17T01:27:18.381+0000] {dag.py:2763} INFO - Creating ORM DAG for extract_dag
[2026-09-17T01:27:18.389+0000] {logging_mixin.py:150} INFO - [2026-09-17T01:27:18.389+0000] {dag.py:3504} INFO - Setting next_dagrun for extract_dag to None, run_after=None
[2026-09-17T01:27:18.410+0000] {processor.py:179} INFO - Processing /workspaces/hands-on-introduction-data-engineering-4395021/airflow/dags/extract_dag.py took 0.379 seconds
[2026-09-17T01:27:48.634+0000] {processor.py:157} INFO - Started process (PID=40469) to work on /workspaces/hands-on-introduction-data-engineering-4395021/airflow/dags/extract_dag.py
[2026-09-17T01:27:48.634+0000] {processor.py:826} INFO - Processing file /workspaces/hands-on-introduction-data-engineering-4395021/airflow/dags/extract_dag.py for tasks to queue
[2026-09-17T01:27:48.635+0000] {logging_mixin.py:150} INFO - [2026-09-17T01:27:48.635+0000] {dagbag.py:541} INFO - Filling up the DagBag from /workspaces/hands-on-introduction-data-engineering-4395021/airflow/dags/extract_dag.py
[2026-09-17T01:27:48.644+0000] {processor.py:836} INFO - DAG(s) dict_keys(['extract_dag']) retrieved from /workspaces/hands-on-introduction-data-engineering-4395021/airflow/dags/extract_dag.py
[2026-09-17T01:27:48.660+0000] {logging_mixin.py:150} INFO - [2026-09-17T01:27:48.659+0000] {dag.py:2742} INFO - Sync 1 DAGs
[2026-09-17T01:27:48.675+0000] {logging_mixin.py:150} INFO - [2026-09-17T01:27:48.674+0000] {dag.py:3504} INFO - Setting next_dagrun for extract_dag to None, run_after=None
[2026-09-17T01:27:48.698+0000] {processor.py:179} INFO - Processing /workspaces/hands-on-introduction-data-engineering-4395021/airflow/dags/extract_dag.py took 0.067 seconds
[2026-09-17T01:28:18.968+0000] {processor.py:157} INFO - Started process (PID=40682) to work on /workspaces/hands-on-introduction-data-engineering-4395021/airflow/dags/extract_dag.py
[2026-09-17T01:28:18.969+0000] {processor.py:826} INFO - Processing file /workspaces/hands-on-introduction-data-engineering-4395021/airflow/dags/extract_dag.py for tasks to queue
[2026-09-17T01:28:18.969+0000] {logging_mixin.py:150} INFO - [2026-09-17T01:28:18.969+0000] {dagbag.py:541} INFO - Filling up the DagBag from /workspaces/hands-on-introduction-data-engineering-4395021/airflow/dags/extract_dag.py
[2026-09-17T01:28:18.977+0000] {processor.py:836} INFO - DAG(s) dict_keys(['extract_dag']) retrieved from /workspaces/hands-on-introduction-data-engineering-4395021/airflow/dags/extract_dag.py
[2026-09-17T01:28:18.996+0000] {logging_mixin.py:150} INFO - [2026-09-17T01:28:18.996+0000] {dag.py:2742} INFO - Sync 1 DAGs
[2026-09-17T01:28:19.012+0000] {logging_mixin.py:150} INFO - [2026-09-17T01:28:19.012+0000] {dag.py:3504} INFO - Setting next_dagrun for extract_dag to None, run_after=None
[2026-09-17T01:28:19.030+0000] {processor.py:179} INFO - Processing /workspaces/hands-on-introduction-data-engineering-4395021/airflow/dags/extract_dag.py took 0.065 seconds
[2026-09-17T01:28:49.286+0000] {processor.py:157} INFO - Started process (PID=40953) to work on /workspaces/hands-on-introduction-data-engineering-4395021/airflow/dags/extract_dag.py
[2026-09-17T01:28:49.286+0000] {processor.py:826} INFO - Processing file /workspaces/hands-on-introduction-data-engineering-4395021/airflow/dags/extract_dag.py for tasks to queue
[2026-09-17T01:28:49.287+0000] {logging_mixin.py:150} INFO - [2026-09-17T01:28:49.287+0000] {dagbag.py:541} INFO - Filling up the DagBag from /workspaces/hands-on-introduction-data-engineering-4395021/airflow/dags/extract_dag.py
[2026-09-17T01:28:49.299+0000] {processor.py:836} INFO - DAG(s) dict_keys(['extract_dag']) retrieved from /workspaces/hands-on-introduction-data-engineering-4395021/airflow/dags/extract_dag.py
[2026-09-17T01:28:49.316+0000] {logging_mixin.py:150} INFO - [2026-09-17T01:28:49.316+0000] {dag.py:2742} INFO - Sync 1 DAGs
[2026-09-17T01:28:49.332+0000] {logging_mixin.py:150} INFO - [2026-09-17T01:28:49.332+0000] {dag.py:3504} INFO - Setting next_dagrun for extract_dag to None, run_after=None
[2026-09-17T01:28:49.347+0000] {processor.py:179} INFO - Processing /workspaces/hands-on-introduction-data-engineering-4395021/airflow/dags/extract_dag.py took 0.064 seconds
[2026-09-17T01:29:19.425+0000] {processor.py:157} INFO - Started process (PID=41130) to work on /workspaces/hands-on-introduction-data-engineering-4395021/airflow/dags/extract_dag.py
[2026-09-17T01:29:19.426+0000] {processor.py:826} INFO - Processing file /workspaces/hands-on-introduction-data-engineering-4395021/airflow/dags/extract_dag.py for tasks to queue
[2026-09-17T01:29:19.427+0000] {logging_mixin.py:150} INFO - [2026-09-17T01:29:19.427+0000] {dagbag.py:541} INFO - Filling up the DagBag from /workspaces/hands-on-introduction-data-engineering-4395021/airflow/dags/extract_dag.py
[2026-09-17T01:29:19.435+0000] {processor.py:836} INFO - DAG(s) dict_keys(['extract_dag']) retrieved from /workspaces/hands-on-introduction-data-engineering-4395021/airflow/dags/extract_dag.py
[2026-09-17T01:29:19.451+0000] {logging_mixin.py:150} INFO - [2026-09-17T01:29:19.451+0000] {dag.py:2742} INFO - Sync 1 DAGs
[2026-09-17T01:29:19.467+0000] {logging_mixin.py:150} INFO - [2026-09-17T01:29:19.467+0000] {dag.py:3504} INFO - Setting next_dagrun for extract_dag to None, run_after=None
[2026-09-17T01:29:19.483+0000] {processor.py:179} INFO - Processing /workspaces/hands-on-introduction-data-engineering-4395021/airflow/dags/extract_dag.py took 0.060 seconds
[2026-09-17T01:29:49.838+0000] {processor.py:157} INFO - Started process (PID=41335) to work on /workspaces/hands-on-introduction-data-engineering-4395021/airflow/dags/extract_dag.py
[2026-09-17T01:29:49.839+0000] {processor.py:826} INFO - Processing file /workspaces/hands-on-introduction-data-engineering-4395021/airflow/dags/extract_dag.py for tasks to queue
[2026-09-17T01:29:49.840+0000] {logging_mixin.py:150} INFO - [2026-09-17T01:29:49.839+0000] {dagbag.py:541} INFO - Filling up the DagBag from /workspaces/hands-on-introduction-data-engineering-4395021/airflow/dags/extract_dag.py
[2026-09-17T01:29:49.849+0000] {processor.py:836} INFO - DAG(s) dict_keys(['extract_dag']) retrieved from /workspaces/hands-on-introduction-data-engineering-4395021/airflow/dags/extract_dag.py
[2026-09-17T01:29:49.866+0000] {logging_mixin.py:150} INFO - [2026-09-17T01:29:49.866+0000] {dag.py:2742} INFO - Sync 1 DAGs
[2026-09-17T01:29:49.881+0000] {logging_mixin.py:150} INFO - [2026-09-17T01:29:49.881+0000] {dag.py:3504} INFO - Setting next_dagrun for extract_dag to None, run_after=None
[2026-09-17T01:29:49.902+0000] {processor.py:179} INFO - Processing /workspaces/hands-on-introduction-data-engineering-4395021/airflow/dags/extract_dag.py took 0.066 seconds
[2026-09-17T01:30:20.196+0000] {processor.py:157} INFO - Started process (PID=41534) to work on /workspaces/hands-on-introduction-data-engineering-4395021/airflow/dags/extract_dag.py
[2026-09-17T01:30:20.197+0000] {processor.py:826} INFO - Processing file /workspaces/hands-on-introduction-data-engineering-4395021/airflow/dags/extract_dag.py for tasks to queue
[2026-09-17T01:30:20.198+0000] {logging_mixin.py:150} INFO - [2026-09-17T01:30:20.197+0000] {dagbag.py:541} INFO - Filling up the DagBag from /workspaces/hands-on-introduction-data-engineering-4395021/airflow/dags/extract_dag.py
[2026-09-17T01:30:20.207+0000] {processor.py:836} INFO - DAG(s) dict_keys(['extract_dag']) retrieved from /workspaces/hands-on-introduction-data-engineering-4395021/airflow/dags/extract_dag.py
[2026-09-17T01:30:20.223+0000] {logging_mixin.py:150} INFO - [2026-09-17T01:30:20.223+0000] {dag.py:2742} INFO - Sync 1 DAGs
[2026-09-17T01:30:20.238+0000] {logging_mixin.py:150} INFO - [2026-09-17T01:30:20.237+0000] {dag.py:3504} INFO - Setting next_dagrun for extract_dag to None, run_after=None
[2026-09-17T01:30:20.253+0000] {processor.py:179} INFO - Processing /workspaces/hands-on-introduction-data-engineering-4395021/airflow/dags/extract_dag.py took 0.060 seconds
[2026-09-17T01:30:50.513+0000] {processor.py:157} INFO - Started process (PID=41732) to work on /workspaces/hands-on-introduction-data-engineering-4395021/airflow/dags/extract_dag.py
[2026-09-17T01:30:50.513+0000] {processor.py:826} INFO - Processing file /workspaces/hands-on-introduction-data-engineering-4395021/airflow/dags/extract_dag.py for tasks to queue
[2026-09-17T01:30:50.514+0000] {logging_mixin.py:150} INFO - [2026-09-17T01:30:50.514+0000] {dagbag.py:541} INFO - Filling up the DagBag from /workspaces/hands-on-introduction-data-engineering-4395021/airflow/dags/extract_dag.py
[2026-09-17T01:30:50.522+0000] {processor.py:836} INFO - DAG(s) dict_keys(['extract_dag']) retrieved from /workspaces/hands-on-introduction-data-engineering-4395021/airflow/dags/extract_dag.py
[2026-09-17T01:30:50.538+0000] {logging_mixin.py:150} INFO - [2026-09-17T01:30:50.538+0000] {dag.py:2742} INFO - Sync 1 DAGs
[2026-09-17T01:30:50.553+0000] {logging_mixin.py:150} INFO - [2026-09-17T01:30:50.553+0000] {dag.py:3504} INFO - Setting next_dagrun for extract_dag to None, run_after=None
[2026-09-17T01:30:50.571+0000] {processor.py:179} INFO - Processing /workspaces/hands-on-introduction-data-engineering-4395021/airflow/dags/extract_dag.py took 0.060 seconds
[2026-09-17T01:31:20.696+0000] {processor.py:157} INFO - Started process (PID=41932) to work on /workspaces/hands-on-introduction-data-engineering-4395021/airflow/dags/extract_dag.py
[2026-09-17T01:31:20.697+0000] {processor.py:826} INFO - Processing file /workspaces/hands-on-introduction-data-engineering-4395021/airflow/dags/extract_dag.py for tasks to queue
[2026-09-17T01:31:20.698+0000] {logging_mixin.py:150} INFO - [2026-09-17T01:31:20.698+0000] {dagbag.py:541} INFO - Filling up the DagBag from /workspaces/hands-on-introduction-data-engineering-4395021/airflow/dags/extract_dag.py
[2026-09-17T01:31:20.707+0000] {processor.py:836} INFO - DAG(s) dict_keys(['extract_dag']) retrieved from /workspaces/hands-on-introduction-data-engineering-4395021/airflow/dags/extract_dag.py
[2026-09-17T01:31:20.724+0000] {logging_mixin.py:150} INFO - [2026-09-17T01:31:20.723+0000] {dag.py:2742} INFO - Sync 1 DAGs
[2026-09-17T01:31:20.745+0000] {logging_mixin.py:150} INFO - [2026-09-17T01:31:20.744+0000] {dag.py:3504} INFO - Setting next_dagrun for extract_dag to None, run_after=None
[2026-09-17T01:31:20.762+0000] {processor.py:179} INFO - Processing /workspaces/hands-on-introduction-data-engineering-4395021/airflow/dags/extract_dag.py took 0.068 seconds
[2026-09-17T01:31:51.049+0000] {processor.py:157} INFO - Started process (PID=42131) to work on /workspaces/hands-on-introduction-data-engineering-4395021/airflow/dags/extract_dag.py
[2026-09-17T01:31:51.049+0000] {processor.py:826} INFO - Processing file /workspaces/hands-on-introduction-data-engineering-4395021/airflow/dags/extract_dag.py for tasks to queue
[2026-09-17T01:31:51.050+0000] {logging_mixin.py:150} INFO - [2026-09-17T01:31:51.050+0000] {dagbag.py:541} INFO - Filling up the DagBag from /workspaces/hands-on-introduction-data-engineering-4395021/airflow/dags/extract_dag.py
[2026-09-17T01:31:51.059+0000] {processor.py:836} INFO - DAG(s) dict_keys(['extract_dag']) retrieved from /workspaces/hands-on-introduction-data-engineering-4395021/airflow/dags/extract_dag.py
[2026-09-17T01:31:51.076+0000] {logging_mixin.py:150} INFO - [2026-09-17T01:31:51.076+0000] {dag.py:2742} INFO - Sync 1 DAGs
[2026-09-17T01:31:51.092+0000] {logging_mixin.py:150} INFO - [2026-09-17T01:31:51.092+0000] {dag.py:3504} INFO - Setting next_dagrun for extract_dag to None, run_after=None
[2026-09-17T01:31:51.109+0000] {processor.py:179} INFO - Processing /workspaces/hands-on-introduction-data-engineering-4395021/airflow/dags/extract_dag.py took 0.063 seconds
[2026-09-17T01:32:21.378+0000] {processor.py:157} INFO - Started process (PID=42374) to work on /workspaces/hands-on-introduction-data-engineering-4395021/airflow/dags/extract_dag.py
[2026-09-17T01:32:21.379+0000] {processor.py:826} INFO - Processing file /workspaces/hands-on-introduction-data-engineering-4395021/airflow/dags/extract_dag.py for tasks to queue
[2026-09-17T01:32:21.380+0000] {logging_mixin.py:150} INFO - [2026-09-17T01:32:21.380+0000] {dagbag.py:541} INFO - Filling up the DagBag from /workspaces/hands-on-introduction-data-engineering-4395021/airflow/dags/extract_dag.py
[2026-09-17T01:32:21.390+0000] {processor.py:836} INFO - DAG(s) dict_keys(['extract_dag']) retrieved from /workspaces/hands-on-introduction-data-engineering-4395021/airflow/dags/extract_dag.py
[2026-09-17T01:32:21.407+0000] {logging_mixin.py:150} INFO - [2026-09-17T01:32:21.407+0000] {dag.py:2742} INFO - Sync 1 DAGs
[2026-09-17T01:32:21.423+0000] {logging_mixin.py:150} INFO - [2026-09-17T01:32:21.423+0000] {dag.py:3504} INFO - Setting next_dagrun for extract_dag to None, run_after=None
[2026-09-17T01:32:21.438+0000] {processor.py:179} INFO - Processing /workspaces/hands-on-introduction-data-engineering-4395021/airflow/dags/extract_dag.py took 0.062 seconds
[2026-09-17T01:32:51.712+0000] {processor.py:157} INFO - Started process (PID=42572) to work on /workspaces/hands-on-introduction-data-engineering-4395021/airflow/dags/extract_dag.py
[2026-09-17T01:32:51.713+0000] {processor.py:826} INFO - Processing file /workspaces/hands-on-introduction-data-engineering-4395021/airflow/dags/extract_dag.py for tasks to queue
[2026-09-17T01:32:51.713+0000] {logging_mixin.py:150} INFO - [2026-09-17T01:32:51.713+0000] {dagbag.py:541} INFO - Filling up the DagBag from /workspaces/hands-on-introduction-data-engineering-4395021/airflow/dags/extract_dag.py
[2026-09-17T01:32:51.722+0000] {processor.py:836} INFO - DAG(s) dict_keys(['extract_dag']) retrieved from /workspaces/hands-on-introduction-data-engineering-4395021/airflow/dags/extract_dag.py
[2026-09-17T01:32:51.738+0000] {logging_mixin.py:150} INFO - [2026-09-17T01:32:51.738+0000] {dag.py:2742} INFO - Sync 1 DAGs
[2026-09-17T01:32:51.753+0000] {logging_mixin.py:150} INFO - [2026-09-17T01:32:51.753+0000] {dag.py:3504} INFO - Setting next_dagrun for extract_dag to None, run_after=None
[2026-09-17T01:32:51.771+0000] {processor.py:179} INFO - Processing /workspaces/hands-on-introduction-data-engineering-4395021/airflow/dags/extract_dag.py took 0.061 seconds
[2026-09-17T01:33:22.044+0000] {processor.py:157} INFO - Started process (PID=42771) to work on /workspaces/hands-on-introduction-data-engineering-4395021/airflow/dags/extract_dag.py
[2026-09-17T01:33:22.045+0000] {processor.py:826} INFO - Processing file /workspaces/hands-on-introduction-data-engineering-4395021/airflow/dags/extract_dag.py for tasks to queue
[2026-09-17T01:33:22.045+0000] {logging_mixin.py:150} INFO - [2026-09-17T01:33:22.045+0000] {dagbag.py:541} INFO - Filling up the DagBag from /workspaces/hands-on-introduction-data-engineering-4395021/airflow/dags/extract_dag.py
[2026-09-17T01:33:22.054+0000] {processor.py:836} INFO - DAG(s) dict_keys(['extract_dag']) retrieved from /workspaces/hands-on-introduction-data-engineering-4395021/airflow/dags/extract_dag.py
[2026-09-17T01:33:22.070+0000] {logging_mixin.py:150} INFO - [2026-09-17T01:33:22.070+0000] {dag.py:2742} INFO - Sync 1 DAGs
[2026-09-17T01:33:22.085+0000] {logging_mixin.py:150} INFO - [2026-09-17T01:33:22.085+0000] {dag.py:3504} INFO - Setting next_dagrun for extract_dag to None, run_after=None
[2026-09-17T01:33:22.100+0000] {processor.py:179} INFO - Processing /workspaces/hands-on-introduction-data-engineering-4395021/airflow/dags/extract_dag.py took 0.059 seconds
[2026-09-17T01:33:52.154+0000] {processor.py:157} INFO - Started process (PID=42969) to work on /workspaces/hands-on-introduction-data-engineering-4395021/airflow/dags/extract_dag.py
[2026-09-17T01:33:52.155+0000] {processor.py:826} INFO - Processing file /workspaces/hands-on-introduction-data-engineering-4395021/airflow/dags/extract_dag.py for tasks to queue
[2026-09-17T01:33:52.156+0000] {logging_mixin.py:150} INFO - [2026-09-17T01:33:52.155+0000] {dagbag.py:541} INFO - Filling up the DagBag from /workspaces/hands-on-introduction-data-engineering-4395021/airflow/dags/extract_dag.py
[2026-09-17T01:33:52.164+0000] {processor.py:836} INFO - DAG(s) dict_keys(['extract_dag']) retrieved from /workspaces/hands-on-introduction-data-engineering-4395021/airflow/dags/extract_dag.py
[2026-09-17T01:33:52.180+0000] {logging_mixin.py:150} INFO - [2026-09-17T01:33:52.180+0000] {dag.py:2742} INFO - Sync 1 DAGs
[2026-09-17T01:33:52.198+0000] {logging_mixin.py:150} INFO - [2026-09-17T01:33:52.198+0000] {dag.py:3504} INFO - Setting next_dagrun for extract_dag to None, run_after=None
[2026-09-17T01:33:52.215+0000] {processor.py:179} INFO - Processing /workspaces/hands-on-introduction-data-engineering-4395021/airflow/dags/extract_dag.py took 0.064 seconds
[2026-09-17T01:34:22.568+0000] {processor.py:157} INFO - Started process (PID=43168) to work on /workspaces/hands-on-introduction-data-engineering-4395021/airflow/dags/extract_dag.py
[2026-09-17T01:34:22.569+0000] {processor.py:826} INFO - Processing file /workspaces/hands-on-introduction-data-engineering-4395021/airflow/dags/extract_dag.py for tasks to queue
[2026-09-17T01:34:22.570+0000] {logging_mixin.py:150} INFO - [2026-09-17T01:34:22.570+0000] {dagbag.py:541} INFO - Filling up the DagBag from /workspaces/hands-on-introduction-data-engineering-4395021/airflow/dags/extract_dag.py
[2026-09-17T01:34:22.578+0000] {processor.py:836} INFO - DAG(s) dict_keys(['extract_dag']) retrieved from /workspaces/hands-on-introduction-data-engineering-4395021/airflow/dags/extract_dag.py
[2026-09-17T01:34:22.599+0000] {logging_mixin.py:150} INFO - [2026-09-17T01:34:22.599+0000] {dag.py:2742} INFO - Sync 1 DAGs
[2026-09-17T01:34:22.613+0000] {logging_mixin.py:150} INFO - [2026-09-17T01:34:22.613+0000] {dag.py:3504} INFO - Setting next_dagrun for extract_dag to None, run_after=None
[2026-09-17T01:34:22.629+0000] {processor.py:179} INFO - Processing /workspaces/hands-on-introduction-data-engineering-4395021/airflow/dags/extract_dag.py took 0.063 seconds
[2026-09-17T01:34:52.893+0000] {processor.py:157} INFO - Started process (PID=43372) to work on /workspaces/hands-on-introduction-data-engineering-4395021/airflow/dags/extract_dag.py
[2026-09-17T01:34:52.894+0000] {processor.py:826} INFO - Processing file /workspaces/hands-on-introduction-data-engineering-4395021/airflow/dags/extract_dag.py for tasks to queue
[2026-09-17T01:34:52.895+0000] {logging_mixin.py:150} INFO - [2026-09-17T01:34:52.895+0000] {dagbag.py:541} INFO - Filling up the DagBag from /workspaces/hands-on-introduction-data-engineering-4395021/airflow/dags/extract_dag.py
[2026-09-17T01:34:52.905+0000] {processor.py:836} INFO - DAG(s) dict_keys(['extract_dag']) retrieved from /workspaces/hands-on-introduction-data-engineering-4395021/airflow/dags/extract_dag.py
[2026-09-17T01:34:52.922+0000] {logging_mixin.py:150} INFO - [2026-09-17T01:34:52.922+0000] {dag.py:2742} INFO - Sync 1 DAGs
[2026-09-17T01:34:52.937+0000] {logging_mixin.py:150} INFO - [2026-09-17T01:34:52.936+0000] {dag.py:3504} INFO - Setting next_dagrun for extract_dag to None, run_after=None
[2026-09-17T01:34:52.954+0000] {processor.py:179} INFO - Processing /workspaces/hands-on-introduction-data-engineering-4395021/airflow/dags/extract_dag.py took 0.064 seconds
[2026-09-17T01:35:23.206+0000] {processor.py:157} INFO - Started process (PID=43570) to work on /workspaces/hands-on-introduction-data-engineering-4395021/airflow/dags/extract_dag.py
[2026-09-17T01:35:23.207+0000] {processor.py:826} INFO - Processing file /workspaces/hands-on-introduction-data-engineering-4395021/airflow/dags/extract_dag.py for tasks to queue
[2026-09-17T01:35:23.208+0000] {logging_mixin.py:150} INFO - [2026-09-17T01:35:23.207+0000] {dagbag.py:541} INFO - Filling up the DagBag from /workspaces/hands-on-introduction-data-engineering-4395021/airflow/dags/extract_dag.py
[2026-09-17T01:35:23.216+0000] {processor.py:836} INFO - DAG(s) dict_keys(['extract_dag']) retrieved from /workspaces/hands-on-introduction-data-engineering-4395021/airflow/dags/extract_dag.py
[2026-09-17T01:35:23.232+0000] {logging_mixin.py:150} INFO - [2026-09-17T01:35:23.232+0000] {dag.py:2742} INFO - Sync 1 DAGs
[2026-09-17T01:35:23.247+0000] {logging_mixin.py:150} INFO - [2026-09-17T01:35:23.247+0000] {dag.py:3504} INFO - Setting next_dagrun for extract_dag to None, run_after=None
[2026-09-17T01:35:23.265+0000] {processor.py:179} INFO - Processing /workspaces/hands-on-introduction-data-engineering-4395021/airflow/dags/extract_dag.py took 0.061 seconds
[2026-09-17T01:35:53.519+0000] {processor.py:157} INFO - Started process (PID=43773) to work on /workspaces/hands-on-introduction-data-engineering-4395021/airflow/dags/extract_dag.py
[2026-09-17T01:35:53.520+0000] {processor.py:826} INFO - Processing file /workspaces/hands-on-introduction-data-engineering-4395021/airflow/dags/extract_dag.py for tasks to queue
[2026-09-17T01:35:53.521+0000] {logging_mixin.py:150} INFO - [2026-09-17T01:35:53.520+0000] {dagbag.py:541} INFO - Filling up the DagBag from /workspaces/hands-on-introduction-data-engineering-4395021/airflow/dags/extract_dag.py
[2026-09-17T01:35:53.529+0000] {processor.py:836} INFO - DAG(s) dict_keys(['extract_dag']) retrieved from /workspaces/hands-on-introduction-data-engineering-4395021/airflow/dags/extract_dag.py
[2026-09-17T01:35:53.545+0000] {logging_mixin.py:150} INFO - [2026-09-17T01:35:53.545+0000] {dag.py:2742} INFO - Sync 1 DAGs
[2026-09-17T01:35:53.560+0000] {logging_mixin.py:150} INFO - [2026-09-17T01:35:53.560+0000] {dag.py:3504} INFO - Setting next_dagrun for extract_dag to None, run_after=None
[2026-09-17T01:35:53.577+0000] {processor.py:179} INFO - Processing /workspaces/hands-on-introduction-data-engineering-4395021/airflow/dags/extract_dag.py took 0.061 seconds
[2026-09-17T01:36:23.842+0000] {processor.py:157} INFO - Started process (PID=43972) to work on /workspaces/hands-on-introduction-data-engineering-4395021/airflow/dags/extract_dag.py
[2026-09-17T01:36:23.842+0000] {processor.py:826} INFO - Processing file /workspaces/hands-on-introduction-data-engineering-4395021/airflow/dags/extract_dag.py for tasks to queue
[2026-09-17T01:36:23.843+0000] {logging_mixin.py:150} INFO - [2026-09-17T01:36:23.843+0000] {dagbag.py:541} INFO - Filling up the DagBag from /workspaces/hands-on-introduction-data-engineering-4395021/airflow/dags/extract_dag.py
[2026-09-17T01:36:23.851+0000] {processor.py:836} INFO - DAG(s) dict_keys(['extract_dag']) retrieved from /workspaces/hands-on-introduction-data-engineering-4395021/airflow/dags/extract_dag.py
[2026-09-17T01:36:23.867+0000] {logging_mixin.py:150} INFO - [2026-09-17T01:36:23.867+0000] {dag.py:2742} INFO - Sync 1 DAGs
[2026-09-17T01:36:23.881+0000] {logging_mixin.py:150} INFO - [2026-09-17T01:36:23.881+0000] {dag.py:3504} INFO - Setting next_dagrun for extract_dag to None, run_after=None
[2026-09-17T01:36:23.899+0000] {processor.py:179} INFO - Processing /workspaces/hands-on-introduction-data-engineering-4395021/airflow/dags/extract_dag.py took 0.060 seconds
[2026-09-17T01:36:54.158+0000] {processor.py:157} INFO - Started process (PID=44171) to work on /workspaces/hands-on-introduction-data-engineering-4395021/airflow/dags/extract_dag.py
[2026-09-17T01:36:54.159+0000] {processor.py:826} INFO - Processing file /workspaces/hands-on-introduction-data-engineering-4395021/airflow/dags/extract_dag.py for tasks to queue
[2026-09-17T01:36:54.160+0000] {logging_mixin.py:150} INFO - [2026-09-17T01:36:54.159+0000] {dagbag.py:541} INFO - Filling up the DagBag from /workspaces/hands-on-introduction-data-engineering-4395021/airflow/dags/extract_dag.py
[2026-09-17T01:36:54.168+0000] {processor.py:836} INFO - DAG(s) dict_keys(['extract_dag']) retrieved from /workspaces/hands-on-introduction-data-engineering-4395021/airflow/dags/extract_dag.py
[2026-09-17T01:36:54.186+0000] {logging_mixin.py:150} INFO - [2026-09-17T01:36:54.186+0000] {dag.py:2742} INFO - Sync 1 DAGs
[2026-09-17T01:36:54.206+0000] {logging_mixin.py:150} INFO - [2026-09-17T01:36:54.206+0000] {dag.py:3504} INFO - Setting next_dagrun for extract_dag to None, run_after=None
[2026-09-17T01:36:54.221+0000] {processor.py:179} INFO - Processing /workspaces/hands-on-introduction-data-engineering-4395021/airflow/dags/extract_dag.py took 0.065 seconds
[2026-09-17T01:37:24.470+0000] {processor.py:157} INFO - Started process (PID=44420) to work on /workspaces/hands-on-introduction-data-engineering-4395021/airflow/dags/extract_dag.py
[2026-09-17T01:37:24.471+0000] {processor.py:826} INFO - Processing file /workspaces/hands-on-introduction-data-engineering-4395021/airflow/dags/extract_dag.py for tasks to queue
[2026-09-17T01:37:24.472+0000] {logging_mixin.py:150} INFO - [2026-09-17T01:37:24.471+0000] {dagbag.py:541} INFO - Filling up the DagBag from /workspaces/hands-on-introduction-data-engineering-4395021/airflow/dags/extract_dag.py
[2026-09-17T01:37:24.480+0000] {processor.py:836} INFO - DAG(s) dict_keys(['extract_dag']) retrieved from /workspaces/hands-on-introduction-data-engineering-4395021/airflow/dags/extract_dag.py
[2026-09-17T01:37:24.502+0000] {logging_mixin.py:150} INFO - [2026-09-17T01:37:24.502+0000] {dag.py:2742} INFO - Sync 1 DAGs
[2026-09-17T01:37:24.517+0000] {logging_mixin.py:150} INFO - [2026-09-17T01:37:24.517+0000] {dag.py:3504} INFO - Setting next_dagrun for extract_dag to None, run_after=None
[2026-09-17T01:37:24.532+0000] {processor.py:179} INFO - Processing /workspaces/hands-on-introduction-data-engineering-4395021/airflow/dags/extract_dag.py took 0.065 seconds
[2026-09-17T01:37:54.785+0000] {processor.py:157} INFO - Started process (PID=44612) to work on /workspaces/hands-on-introduction-data-engineering-4395021/airflow/dags/extract_dag.py
[2026-09-17T01:37:54.786+0000] {processor.py:826} INFO - Processing file /workspaces/hands-on-introduction-data-engineering-4395021/airflow/dags/extract_dag.py for tasks to queue
[2026-09-17T01:37:54.786+0000] {logging_mixin.py:150} INFO - [2026-09-17T01:37:54.786+0000] {dagbag.py:541} INFO - Filling up the DagBag from /workspaces/hands-on-introduction-data-engineering-4395021/airflow/dags/extract_dag.py
[2026-09-17T01:37:54.797+0000] {processor.py:836} INFO - DAG(s) dict_keys(['extract_dag']) retrieved from /workspaces/hands-on-introduction-data-engineering-4395021/airflow/dags/extract_dag.py
[2026-09-17T01:37:54.816+0000] {logging_mixin.py:150} INFO - [2026-09-17T01:37:54.816+0000] {dag.py:2742} INFO - Sync 1 DAGs
[2026-09-17T01:37:54.830+0000] {logging_mixin.py:150} INFO - [2026-09-17T01:37:54.830+0000] {dag.py:3504} INFO - Setting next_dagrun for extract_dag to None, run_after=None
[2026-09-17T01:37:54.845+0000] {processor.py:179} INFO - Processing /workspaces/hands-on-introduction-data-engineering-4395021/airflow/dags/extract_dag.py took 0.064 seconds
[2026-09-17T01:38:25.221+0000] {processor.py:157} INFO - Started process (PID=44816) to work on /workspaces/hands-on-introduction-data-engineering-4395021/airflow/dags/extract_dag.py
[2026-09-17T01:38:25.222+0000] {processor.py:826} INFO - Processing file /workspaces/hands-on-introduction-data-engineering-4395021/airflow/dags/extract_dag.py for tasks to queue
[2026-09-17T01:38:25.223+0000] {logging_mixin.py:150} INFO - [2026-09-17T01:38:25.222+0000] {dagbag.py:541} INFO - Filling up the DagBag from /workspaces/hands-on-introduction-data-engineering-4395021/airflow/dags/extract_dag.py
[2026-09-17T01:38:25.233+0000] {processor.py:836} INFO - DAG(s) dict_keys(['extract_dag']) retrieved from /workspaces/hands-on-introduction-data-engineering-4395021/airflow/dags/extract_dag.py
[2026-09-17T01:38:25.251+0000] {logging_mixin.py:150} INFO - [2026-09-17T01:38:25.251+0000] {dag.py:2742} INFO - Sync 1 DAGs
[2026-09-17T01:38:25.268+0000] {logging_mixin.py:150} INFO - [2026-09-17T01:38:25.268+0000] {dag.py:3504} INFO - Setting next_dagrun for extract_dag to None, run_after=None
[2026-09-17T01:38:25.293+0000] {processor.py:179} INFO - Processing /workspaces/hands-on-introduction-data-engineering-4395021/airflow/dags/extract_dag.py took 0.075 seconds
[2026-09-17T01:38:55.567+0000] {processor.py:157} INFO - Started process (PID=45004) to work on /workspaces/hands-on-introduction-data-engineering-4395021/airflow/dags/extract_dag.py
[2026-09-17T01:38:55.568+0000] {processor.py:826} INFO - Processing file /workspaces/hands-on-introduction-data-engineering-4395021/airflow/dags/extract_dag.py for tasks to queue
[2026-09-17T01:38:55.569+0000] {logging_mixin.py:150} INFO - [2026-09-17T01:38:55.569+0000] {dagbag.py:541} INFO - Filling up the DagBag from /workspaces/hands-on-introduction-data-engineering-4395021/airflow/dags/extract_dag.py
[2026-09-17T01:38:55.580+0000] {processor.py:836} INFO - DAG(s) dict_keys(['extract_dag']) retrieved from /workspaces/hands-on-introduction-data-engineering-4395021/airflow/dags/extract_dag.py
[2026-09-17T01:38:55.604+0000] {logging_mixin.py:150} INFO - [2026-09-17T01:38:55.603+0000] {dag.py:2742} INFO - Sync 1 DAGs
[2026-09-17T01:38:55.635+0000] {logging_mixin.py:150} INFO - [2026-09-17T01:38:55.635+0000] {dag.py:3504} INFO - Setting next_dagrun for extract_dag to None, run_after=None
[2026-09-17T01:38:55.657+0000] {processor.py:179} INFO - Processing /workspaces/hands-on-introduction-data-engineering-4395021/airflow/dags/extract_dag.py took 0.093 seconds
[2026-09-17T01:39:25.909+0000] {processor.py:157} INFO - Started process (PID=45210) to work on /workspaces/hands-on-introduction-data-engineering-4395021/airflow/dags/extract_dag.py
[2026-09-17T01:39:25.909+0000] {processor.py:826} INFO - Processing file /workspaces/hands-on-introduction-data-engineering-4395021/airflow/dags/extract_dag.py for tasks to queue
[2026-09-17T01:39:25.910+0000] {logging_mixin.py:150} INFO - [2026-09-17T01:39:25.910+0000] {dagbag.py:541} INFO - Filling up the DagBag from /workspaces/hands-on-introduction-data-engineering-4395021/airflow/dags/extract_dag.py
[2026-09-17T01:39:25.919+0000] {processor.py:836} INFO - DAG(s) dict_keys(['extract_dag']) retrieved from /workspaces/hands-on-introduction-data-engineering-4395021/airflow/dags/extract_dag.py
[2026-09-17T01:39:25.935+0000] {logging_mixin.py:150} INFO - [2026-09-17T01:39:25.935+0000] {dag.py:2742} INFO - Sync 1 DAGs
[2026-09-17T01:39:25.950+0000] {logging_mixin.py:150} INFO - [2026-09-17T01:39:25.950+0000] {dag.py:3504} INFO - Setting next_dagrun for extract_dag to None, run_after=None
[2026-09-17T01:39:25.965+0000] {processor.py:179} INFO - Processing /workspaces/hands-on-introduction-data-engineering-4395021/airflow/dags/extract_dag.py took 0.059 seconds
[2026-09-17T01:39:56.262+0000] {processor.py:157} INFO - Started process (PID=45384) to work on /workspaces/hands-on-introduction-data-engineering-4395021/airflow/dags/extract_dag.py
[2026-09-17T01:39:56.262+0000] {processor.py:826} INFO - Processing file /workspaces/hands-on-introduction-data-engineering-4395021/airflow/dags/extract_dag.py for tasks to queue
[2026-09-17T01:39:56.263+0000] {logging_mixin.py:150} INFO - [2026-09-17T01:39:56.263+0000] {dagbag.py:541} INFO - Filling up the DagBag from /workspaces/hands-on-introduction-data-engineering-4395021/airflow/dags/extract_dag.py
[2026-09-17T01:39:56.272+0000] {processor.py:836} INFO - DAG(s) dict_keys(['extract_dag']) retrieved from /workspaces/hands-on-introduction-data-engineering-4395021/airflow/dags/extract_dag.py
[2026-09-17T01:39:56.291+0000] {logging_mixin.py:150} INFO - [2026-09-17T01:39:56.290+0000] {dag.py:2742} INFO - Sync 1 DAGs
[2026-09-17T01:39:56.308+0000] {logging_mixin.py:150} INFO - [2026-09-17T01:39:56.308+0000] {dag.py:3504} INFO - Setting next_dagrun for extract_dag to None, run_after=None
[2026-09-17T01:39:56.323+0000] {processor.py:179} INFO - Processing /workspaces/hands-on-introduction-data-engineering-4395021/airflow/dags/extract_dag.py took 0.064 seconds
[2026-09-17T01:40:26.635+0000] {processor.py:157} INFO - Started process (PID=45553) to work on /workspaces/hands-on-introduction-data-engineering-4395021/airflow/dags/extract_dag.py
[2026-09-17T01:40:26.636+0000] {processor.py:826} INFO - Processing file /workspaces/hands-on-introduction-data-engineering-4395021/airflow/dags/extract_dag.py for tasks to queue
[2026-09-17T01:40:26.637+0000] {logging_mixin.py:150} INFO - [2026-09-17T01:40:26.636+0000] {dagbag.py:541} INFO - Filling up the DagBag from /workspaces/hands-on-introduction-data-engineering-4395021/airflow/dags/extract_dag.py
[2026-09-17T01:40:26.645+0000] {processor.py:836} INFO - DAG(s) dict_keys(['extract_dag']) retrieved from /workspaces/hands-on-introduction-data-engineering-4395021/airflow/dags/extract_dag.py
[2026-09-17T01:40:26.661+0000] {logging_mixin.py:150} INFO - [2026-09-17T01:40:26.661+0000] {dag.py:2742} INFO - Sync 1 DAGs
[2026-09-17T01:40:26.676+0000] {logging_mixin.py:150} INFO - [2026-09-17T01:40:26.676+0000] {dag.py:3504} INFO - Setting next_dagrun for extract_dag to None, run_after=None
[2026-09-17T01:40:26.693+0000] {processor.py:179} INFO - Processing /workspaces/hands-on-introduction-data-engineering-4395021/airflow/dags/extract_dag.py took 0.060 seconds
[2026-09-17T01:40:56.961+0000] {processor.py:157} INFO - Started process (PID=45722) to work on /workspaces/hands-on-introduction-data-engineering-4395021/airflow/dags/extract_dag.py
[2026-09-17T01:40:56.962+0000] {processor.py:826} INFO - Processing file /workspaces/hands-on-introduction-data-engineering-4395021/airflow/dags/extract_dag.py for tasks to queue
[2026-09-17T01:40:56.963+0000] {logging_mixin.py:150} INFO - [2026-09-17T01:40:56.963+0000] {dagbag.py:541} INFO - Filling up the DagBag from /workspaces/hands-on-introduction-data-engineering-4395021/airflow/dags/extract_dag.py
[2026-09-17T01:40:56.972+0000] {processor.py:836} INFO - DAG(s) dict_keys(['extract_dag']) retrieved from /workspaces/hands-on-introduction-data-engineering-4395021/airflow/dags/extract_dag.py
[2026-09-17T01:40:56.991+0000] {logging_mixin.py:150} INFO - [2026-09-17T01:40:56.991+0000] {dag.py:2742} INFO - Sync 1 DAGs
[2026-09-17T01:40:57.006+0000] {logging_mixin.py:150} INFO - [2026-09-17T01:40:57.005+0000] {dag.py:3504} INFO - Setting next_dagrun for extract_dag to None, run_after=None
[2026-09-17T01:40:57.024+0000] {processor.py:179} INFO - Processing /workspaces/hands-on-introduction-data-engineering-4395021/airflow/dags/extract_dag.py took 0.066 seconds
[2026-09-17T01:41:27.281+0000] {processor.py:157} INFO - Started process (PID=45890) to work on /workspaces/hands-on-introduction-data-engineering-4395021/airflow/dags/extract_dag.py
[2026-09-17T01:41:27.282+0000] {processor.py:826} INFO - Processing file /workspaces/hands-on-introduction-data-engineering-4395021/airflow/dags/extract_dag.py for tasks to queue
[2026-09-17T01:41:27.283+0000] {logging_mixin.py:150} INFO - [2026-09-17T01:41:27.283+0000] {dagbag.py:541} INFO - Filling up the DagBag from /workspaces/hands-on-introduction-data-engineering-4395021/airflow/dags/extract_dag.py
[2026-09-17T01:41:27.294+0000] {processor.py:836} INFO - DAG(s) dict_keys(['extract_dag']) retrieved from /workspaces/hands-on-introduction-data-engineering-4395021/airflow/dags/extract_dag.py
[2026-09-17T01:41:27.312+0000] {logging_mixin.py:150} INFO - [2026-09-17T01:41:27.312+0000] {dag.py:2742} INFO - Sync 1 DAGs
[2026-09-17T01:41:27.326+0000] {logging_mixin.py:150} INFO - [2026-09-17T01:41:27.326+0000] {dag.py:3504} INFO - Setting next_dagrun for extract_dag to None, run_after=None
[2026-09-17T01:41:27.340+0000] {processor.py:179} INFO - Processing /workspaces/hands-on-introduction-data-engineering-4395021/airflow/dags/extract_dag.py took 0.062 seconds
[2026-09-17T01:41:57.588+0000] {processor.py:157} INFO - Started process (PID=46058) to work on /workspaces/hands-on-introduction-data-engineering-4395021/airflow/dags/extract_dag.py
[2026-09-17T01:41:57.589+0000] {processor.py:826} INFO - Processing file /workspaces/hands-on-introduction-data-engineering-4395021/airflow/dags/extract_dag.py for tasks to queue
[2026-09-17T01:41:57.590+0000] {logging_mixin.py:150} INFO - [2026-09-17T01:41:57.589+0000] {dagbag.py:541} INFO - Filling up the DagBag from /workspaces/hands-on-introduction-data-engineering-4395021/airflow/dags/extract_dag.py
[2026-09-17T01:41:57.601+0000] {processor.py:836} INFO - DAG(s) dict_keys(['extract_dag']) retrieved from /workspaces/hands-on-introduction-data-engineering-4395021/airflow/dags/extract_dag.py
[2026-09-17T01:41:57.617+0000] {logging_mixin.py:150} INFO - [2026-09-17T01:41:57.617+0000] {dag.py:2742} INFO - Sync 1 DAGs
[2026-09-17T01:41:57.633+0000] {logging_mixin.py:150} INFO - [2026-09-17T01:41:57.632+0000] {dag.py:3504} INFO - Setting next_dagrun for extract_dag to None, run_after=None
[2026-09-17T01:41:57.648+0000] {processor.py:179} INFO - Processing /workspaces/hands-on-introduction-data-engineering-4395021/airflow/dags/extract_dag.py took 0.063 seconds
[2026-09-17T01:42:27.908+0000] {processor.py:157} INFO - Started process (PID=46273) to work on /workspaces/hands-on-introduction-data-engineering-4395021/airflow/dags/extract_dag.py
[2026-09-17T01:42:27.909+0000] {processor.py:826} INFO - Processing file /workspaces/hands-on-introduction-data-engineering-4395021/airflow/dags/extract_dag.py for tasks to queue
[2026-09-17T01:42:27.911+0000] {logging_mixin.py:150} INFO - [2026-09-17T01:42:27.910+0000] {dagbag.py:541} INFO - Filling up the DagBag from /workspaces/hands-on-introduction-data-engineering-4395021/airflow/dags/extract_dag.py
[2026-09-17T01:42:27.919+0000] {processor.py:836} INFO - DAG(s) dict_keys(['extract_dag']) retrieved from /workspaces/hands-on-introduction-data-engineering-4395021/airflow/dags/extract_dag.py
[2026-09-17T01:42:27.935+0000] {logging_mixin.py:150} INFO - [2026-09-17T01:42:27.935+0000] {dag.py:2742} INFO - Sync 1 DAGs
[2026-09-17T01:42:27.952+0000] {logging_mixin.py:150} INFO - [2026-09-17T01:42:27.951+0000] {dag.py:3504} INFO - Setting next_dagrun for extract_dag to None, run_after=None
[2026-09-17T01:42:27.972+0000] {processor.py:179} INFO - Processing /workspaces/hands-on-introduction-data-engineering-4395021/airflow/dags/extract_dag.py took 0.067 seconds
[2026-09-17T01:42:58.211+0000] {processor.py:157} INFO - Started process (PID=46441) to work on /workspaces/hands-on-introduction-data-engineering-4395021/airflow/dags/extract_dag.py
[2026-09-17T01:42:58.212+0000] {processor.py:826} INFO - Processing file /workspaces/hands-on-introduction-data-engineering-4395021/airflow/dags/extract_dag.py for tasks to queue
[2026-09-17T01:42:58.213+0000] {logging_mixin.py:150} INFO - [2026-09-17T01:42:58.213+0000] {dagbag.py:541} INFO - Filling up the DagBag from /workspaces/hands-on-introduction-data-engineering-4395021/airflow/dags/extract_dag.py
[2026-09-17T01:42:58.222+0000] {processor.py:836} INFO - DAG(s) dict_keys(['extract_dag']) retrieved from /workspaces/hands-on-introduction-data-engineering-4395021/airflow/dags/extract_dag.py
[2026-09-17T01:42:58.238+0000] {logging_mixin.py:150} INFO - [2026-09-17T01:42:58.238+0000] {dag.py:2742} INFO - Sync 1 DAGs
[2026-09-17T01:42:58.252+0000] {logging_mixin.py:150} INFO - [2026-09-17T01:42:58.252+0000] {dag.py:3504} INFO - Setting next_dagrun for extract_dag to None, run_after=None
[2026-09-17T01:42:58.268+0000] {processor.py:179} INFO - Processing /workspaces/hands-on-introduction-data-engineering-4395021/airflow/dags/extract_dag.py took 0.059 seconds
[2026-09-17T01:43:28.541+0000] {processor.py:157} INFO - Started process (PID=46615) to work on /workspaces/hands-on-introduction-data-engineering-4395021/airflow/dags/extract_dag.py
[2026-09-17T01:43:28.541+0000] {processor.py:826} INFO - Processing file /workspaces/hands-on-introduction-data-engineering-4395021/airflow/dags/extract_dag.py for tasks to queue
[2026-09-17T01:43:28.542+0000] {logging_mixin.py:150} INFO - [2026-09-17T01:43:28.542+0000] {dagbag.py:541} INFO - Filling up the DagBag from /workspaces/hands-on-introduction-data-engineering-4395021/airflow/dags/extract_dag.py
[2026-09-17T01:43:28.550+0000] {processor.py:836} INFO - DAG(s) dict_keys(['extract_dag']) retrieved from /workspaces/hands-on-introduction-data-engineering-4395021/airflow/dags/extract_dag.py
[2026-09-17T01:43:28.566+0000] {logging_mixin.py:150} INFO - [2026-09-17T01:43:28.566+0000] {dag.py:2742} INFO - Sync 1 DAGs
[2026-09-17T01:43:28.581+0000] {logging_mixin.py:150} INFO - [2026-09-17T01:43:28.581+0000] {dag.py:3504} INFO - Setting next_dagrun for extract_dag to None, run_after=None
[2026-09-17T01:43:28.596+0000] {processor.py:179} INFO - Processing /workspaces/hands-on-introduction-data-engineering-4395021/airflow/dags/extract_dag.py took 0.059 seconds
[2026-09-17T01:43:58.862+0000] {processor.py:157} INFO - Started process (PID=46779) to work on /workspaces/hands-on-introduction-data-engineering-4395021/airflow/dags/extract_dag.py
[2026-09-17T01:43:58.863+0000] {processor.py:826} INFO - Processing file /workspaces/hands-on-introduction-data-engineering-4395021/airflow/dags/extract_dag.py for tasks to queue
[2026-09-17T01:43:58.864+0000] {logging_mixin.py:150} INFO - [2026-09-17T01:43:58.863+0000] {dagbag.py:541} INFO - Filling up the DagBag from /workspaces/hands-on-introduction-data-engineering-4395021/airflow/dags/extract_dag.py
[2026-09-17T01:43:58.872+0000] {processor.py:836} INFO - DAG(s) dict_keys(['extract_dag']) retrieved from /workspaces/hands-on-introduction-data-engineering-4395021/airflow/dags/extract_dag.py
[2026-09-17T01:43:58.891+0000] {logging_mixin.py:150} INFO - [2026-09-17T01:43:58.891+0000] {dag.py:2742} INFO - Sync 1 DAGs
[2026-09-17T01:43:58.911+0000] {logging_mixin.py:150} INFO - [2026-09-17T01:43:58.911+0000] {dag.py:3504} INFO - Setting next_dagrun for extract_dag to None, run_after=None
[2026-09-17T01:43:58.933+0000] {processor.py:179} INFO - Processing /workspaces/hands-on-introduction-data-engineering-4395021/airflow/dags/extract_dag.py took 0.073 seconds
[2026-09-17T01:44:29.177+0000] {processor.py:157} INFO - Started process (PID=46954) to work on /workspaces/hands-on-introduction-data-engineering-4395021/airflow/dags/extract_dag.py
[2026-09-17T01:44:29.178+0000] {processor.py:826} INFO - Processing file /workspaces/hands-on-introduction-data-engineering-4395021/airflow/dags/extract_dag.py for tasks to queue
[2026-09-17T01:44:29.179+0000] {logging_mixin.py:150} INFO - [2026-09-17T01:44:29.178+0000] {dagbag.py:541} INFO - Filling up the DagBag from /workspaces/hands-on-introduction-data-engineering-4395021/airflow/dags/extract_dag.py
[2026-09-17T01:44:29.189+0000] {processor.py:836} INFO - DAG(s) dict_keys(['extract_dag']) retrieved from /workspaces/hands-on-introduction-data-engineering-4395021/airflow/dags/extract_dag.py
[2026-09-17T01:44:29.207+0000] {logging_mixin.py:150} INFO - [2026-09-17T01:44:29.207+0000] {dag.py:2742} INFO - Sync 1 DAGs
[2026-09-17T01:44:29.222+0000] {logging_mixin.py:150} INFO - [2026-09-17T01:44:29.222+0000] {dag.py:3504} INFO - Setting next_dagrun for extract_dag to None, run_after=None
[2026-09-17T01:44:29.236+0000] {processor.py:179} INFO - Processing /workspaces/hands-on-introduction-data-engineering-4395021/airflow/dags/extract_dag.py took 0.062 seconds
[2026-09-17T01:44:59.484+0000] {processor.py:157} INFO - Started process (PID=47124) to work on /workspaces/hands-on-introduction-data-engineering-4395021/airflow/dags/extract_dag.py
[2026-09-17T01:44:59.485+0000] {processor.py:826} INFO - Processing file /workspaces/hands-on-introduction-data-engineering-4395021/airflow/dags/extract_dag.py for tasks to queue
[2026-09-17T01:44:59.486+0000] {logging_mixin.py:150} INFO - [2026-09-17T01:44:59.485+0000] {dagbag.py:541} INFO - Filling up the DagBag from /workspaces/hands-on-introduction-data-engineering-4395021/airflow/dags/extract_dag.py
[2026-09-17T01:44:59.498+0000] {processor.py:836} INFO - DAG(s) dict_keys(['extract_dag']) retrieved from /workspaces/hands-on-introduction-data-engineering-4395021/airflow/dags/extract_dag.py
[2026-09-17T01:44:59.515+0000] {logging_mixin.py:150} INFO - [2026-09-17T01:44:59.515+0000] {dag.py:2742} INFO - Sync 1 DAGs
[2026-09-17T01:44:59.529+0000] {logging_mixin.py:150} INFO - [2026-09-17T01:44:59.529+0000] {dag.py:3504} INFO - Setting next_dagrun for extract_dag to None, run_after=None
[2026-09-17T01:44:59.544+0000] {processor.py:179} INFO - Processing /workspaces/hands-on-introduction-data-engineering-4395021/airflow/dags/extract_dag.py took 0.063 seconds
[2026-09-17T01:45:29.805+0000] {processor.py:157} INFO - Started process (PID=47291) to work on /workspaces/hands-on-introduction-data-engineering-4395021/airflow/dags/extract_dag.py
[2026-09-17T01:45:29.806+0000] {processor.py:826} INFO - Processing file /workspaces/hands-on-introduction-data-engineering-4395021/airflow/dags/extract_dag.py for tasks to queue
[2026-09-17T01:45:29.807+0000] {logging_mixin.py:150} INFO - [2026-09-17T01:45:29.807+0000] {dagbag.py:541} INFO - Filling up the DagBag from /workspaces/hands-on-introduction-data-engineering-4395021/airflow/dags/extract_dag.py
[2026-09-17T01:45:29.816+0000] {processor.py:836} INFO - DAG(s) dict_keys(['extract_dag']) retrieved from /workspaces/hands-on-introduction-data-engineering-4395021/airflow/dags/extract_dag.py
[2026-09-17T01:45:29.833+0000] {logging_mixin.py:150} INFO - [2026-09-17T01:45:29.833+0000] {dag.py:2742} INFO - Sync 1 DAGs
[2026-09-17T01:45:29.850+0000] {logging_mixin.py:150} INFO - [2026-09-17T01:45:29.850+0000] {dag.py:3504} INFO - Setting next_dagrun for extract_dag to None, run_after=None
[2026-09-17T01:45:29.865+0000] {processor.py:179} INFO - Processing /workspaces/hands-on-introduction-data-engineering-4395021/airflow/dags/extract_dag.py took 0.063 seconds
[2026-09-17T01:46:00.126+0000] {processor.py:157} INFO - Started process (PID=47464) to work on /workspaces/hands-on-introduction-data-engineering-4395021/airflow/dags/extract_dag.py
[2026-09-17T01:46:00.127+0000] {processor.py:826} INFO - Processing file /workspaces/hands-on-introduction-data-engineering-4395021/airflow/dags/extract_dag.py for tasks to queue
[2026-09-17T01:46:00.128+0000] {logging_mixin.py:150} INFO - [2026-09-17T01:46:00.128+0000] {dagbag.py:541} INFO - Filling up the DagBag from /workspaces/hands-on-introduction-data-engineering-4395021/airflow/dags/extract_dag.py
[2026-09-17T01:46:00.138+0000] {processor.py:836} INFO - DAG(s) dict_keys(['extract_dag']) retrieved from /workspaces/hands-on-introduction-data-engineering-4395021/airflow/dags/extract_dag.py
[2026-09-17T01:46:00.155+0000] {logging_mixin.py:150} INFO - [2026-09-17T01:46:00.155+0000] {dag.py:2742} INFO - Sync 1 DAGs
[2026-09-17T01:46:00.171+0000] {logging_mixin.py:150} INFO - [2026-09-17T01:46:00.171+0000] {dag.py:3504} INFO - Setting next_dagrun for extract_dag to None, run_after=None
[2026-09-17T01:46:00.188+0000] {processor.py:179} INFO - Processing /workspaces/hands-on-introduction-data-engineering-4395021/airflow/dags/extract_dag.py took 0.065 seconds
[2026-09-17T01:46:30.460+0000] {processor.py:157} INFO - Started process (PID=47626) to work on /workspaces/hands-on-introduction-data-engineering-4395021/airflow/dags/extract_dag.py
[2026-09-17T01:46:30.461+0000] {processor.py:826} INFO - Processing file /workspaces/hands-on-introduction-data-engineering-4395021/airflow/dags/extract_dag.py for tasks to queue
[2026-09-17T01:46:30.462+0000] {logging_mixin.py:150} INFO - [2026-09-17T01:46:30.461+0000] {dagbag.py:541} INFO - Filling up the DagBag from /workspaces/hands-on-introduction-data-engineering-4395021/airflow/dags/extract_dag.py
[2026-09-17T01:46:30.471+0000] {processor.py:836} INFO - DAG(s) dict_keys(['extract_dag']) retrieved from /workspaces/hands-on-introduction-data-engineering-4395021/airflow/dags/extract_dag.py
[2026-09-17T01:46:30.491+0000] {logging_mixin.py:150} INFO - [2026-09-17T01:46:30.491+0000] {dag.py:2742} INFO - Sync 1 DAGs
[2026-09-17T01:46:30.508+0000] {logging_mixin.py:150} INFO - [2026-09-17T01:46:30.508+0000] {dag.py:3504} INFO - Setting next_dagrun for extract_dag to None, run_after=None
[2026-09-17T01:46:30.524+0000] {processor.py:179} INFO - Processing /workspaces/hands-on-introduction-data-engineering-4395021/airflow/dags/extract_dag.py took 0.067 seconds
[2026-09-17T01:47:00.779+0000] {processor.py:157} INFO - Started process (PID=47801) to work on /workspaces/hands-on-introduction-data-engineering-4395021/airflow/dags/extract_dag.py
[2026-09-17T01:47:00.780+0000] {processor.py:826} INFO - Processing file /workspaces/hands-on-introduction-data-engineering-4395021/airflow/dags/extract_dag.py for tasks to queue
[2026-09-17T01:47:00.781+0000] {logging_mixin.py:150} INFO - [2026-09-17T01:47:00.781+0000] {dagbag.py:541} INFO - Filling up the DagBag from /workspaces/hands-on-introduction-data-engineering-4395021/airflow/dags/extract_dag.py
[2026-09-17T01:47:00.792+0000] {processor.py:836} INFO - DAG(s) dict_keys(['extract_dag']) retrieved from /workspaces/hands-on-introduction-data-engineering-4395021/airflow/dags/extract_dag.py
[2026-09-17T01:47:00.811+0000] {logging_mixin.py:150} INFO - [2026-09-17T01:47:00.811+0000] {dag.py:2742} INFO - Sync 1 DAGs
[2026-09-17T01:47:00.827+0000] {logging_mixin.py:150} INFO - [2026-09-17T01:47:00.826+0000] {dag.py:3504} INFO - Setting next_dagrun for extract_dag to None, run_after=None
[2026-09-17T01:47:00.842+0000] {processor.py:179} INFO - Processing /workspaces/hands-on-introduction-data-engineering-4395021/airflow/dags/extract_dag.py took 0.066 seconds
[2026-09-17T01:47:31.109+0000] {processor.py:157} INFO - Started process (PID=48007) to work on /workspaces/hands-on-introduction-data-engineering-4395021/airflow/dags/extract_dag.py
[2026-09-17T01:47:31.110+0000] {processor.py:826} INFO - Processing file /workspaces/hands-on-introduction-data-engineering-4395021/airflow/dags/extract_dag.py for tasks to queue
[2026-09-17T01:47:31.111+0000] {logging_mixin.py:150} INFO - [2026-09-17T01:47:31.111+0000] {dagbag.py:541} INFO - Filling up the DagBag from /workspaces/hands-on-introduction-data-engineering-4395021/airflow/dags/extract_dag.py
[2026-09-17T01:47:31.120+0000] {processor.py:836} INFO - DAG(s) dict_keys(['extract_dag']) retrieved from /workspaces/hands-on-introduction-data-engineering-4395021/airflow/dags/extract_dag.py
[2026-09-17T01:47:31.138+0000] {logging_mixin.py:150} INFO - [2026-09-17T01:47:31.138+0000] {dag.py:2742} INFO - Sync 1 DAGs
[2026-09-17T01:47:31.154+0000] {logging_mixin.py:150} INFO - [2026-09-17T01:47:31.154+0000] {dag.py:3504} INFO - Setting next_dagrun for extract_dag to None, run_after=None
[2026-09-17T01:47:31.172+0000] {processor.py:179} INFO - Processing /workspaces/hands-on-introduction-data-engineering-4395021/airflow/dags/extract_dag.py took 0.065 seconds
[2026-09-17T01:48:01.438+0000] {processor.py:157} INFO - Started process (PID=48179) to work on /workspaces/hands-on-introduction-data-engineering-4395021/airflow/dags/extract_dag.py
[2026-09-17T01:48:01.439+0000] {processor.py:826} INFO - Processing file /workspaces/hands-on-introduction-data-engineering-4395021/airflow/dags/extract_dag.py for tasks to queue
[2026-09-17T01:48:01.440+0000] {logging_mixin.py:150} INFO - [2026-09-17T01:48:01.440+0000] {dagbag.py:541} INFO - Filling up the DagBag from /workspaces/hands-on-introduction-data-engineering-4395021/airflow/dags/extract_dag.py
[2026-09-17T01:48:01.449+0000] {processor.py:836} INFO - DAG(s) dict_keys(['extract_dag']) retrieved from /workspaces/hands-on-introduction-data-engineering-4395021/airflow/dags/extract_dag.py
[2026-09-17T01:48:01.467+0000] {logging_mixin.py:150} INFO - [2026-09-17T01:48:01.466+0000] {dag.py:2742} INFO - Sync 1 DAGs
[2026-09-17T01:48:01.483+0000] {logging_mixin.py:150} INFO - [2026-09-17T01:48:01.482+0000] {dag.py:3504} INFO - Setting next_dagrun for extract_dag to None, run_after=None
[2026-09-17T01:48:01.502+0000] {processor.py:179} INFO - Processing /workspaces/hands-on-introduction-data-engineering-4395021/airflow/dags/extract_dag.py took 0.067 seconds
[2026-09-17T01:48:31.715+0000] {processor.py:157} INFO - Started process (PID=48341) to work on /workspaces/hands-on-introduction-data-engineering-4395021/airflow/dags/extract_dag.py
[2026-09-17T01:48:31.716+0000] {processor.py:826} INFO - Processing file /workspaces/hands-on-introduction-data-engineering-4395021/airflow/dags/extract_dag.py for tasks to queue
[2026-09-17T01:48:31.716+0000] {logging_mixin.py:150} INFO - [2026-09-17T01:48:31.716+0000] {dagbag.py:541} INFO - Filling up the DagBag from /workspaces/hands-on-introduction-data-engineering-4395021/airflow/dags/extract_dag.py
[2026-09-17T01:48:31.725+0000] {processor.py:836} INFO - DAG(s) dict_keys(['extract_dag']) retrieved from /workspaces/hands-on-introduction-data-engineering-4395021/airflow/dags/extract_dag.py
[2026-09-17T01:48:31.742+0000] {logging_mixin.py:150} INFO - [2026-09-17T01:48:31.742+0000] {dag.py:2742} INFO - Sync 1 DAGs
[2026-09-17T01:48:31.757+0000] {logging_mixin.py:150} INFO - [2026-09-17T01:48:31.757+0000] {dag.py:3504} INFO - Setting next_dagrun for extract_dag to None, run_after=None
[2026-09-17T01:48:31.771+0000] {processor.py:179} INFO - Processing /workspaces/hands-on-introduction-data-engineering-4395021/airflow/dags/extract_dag.py took 0.059 seconds
[2026-09-17T01:49:01.918+0000] {processor.py:157} INFO - Started process (PID=48516) to work on /workspaces/hands-on-introduction-data-engineering-4395021/airflow/dags/extract_dag.py
[2026-09-17T01:49:01.919+0000] {processor.py:826} INFO - Processing file /workspaces/hands-on-introduction-data-engineering-4395021/airflow/dags/extract_dag.py for tasks to queue
[2026-09-17T01:49:01.921+0000] {logging_mixin.py:150} INFO - [2026-09-17T01:49:01.920+0000] {dagbag.py:541} INFO - Filling up the DagBag from /workspaces/hands-on-introduction-data-engineering-4395021/airflow/dags/extract_dag.py
[2026-09-17T01:49:01.941+0000] {processor.py:836} INFO - DAG(s) dict_keys(['extract_dag']) retrieved from /workspaces/hands-on-introduction-data-engineering-4395021/airflow/dags/extract_dag.py
[2026-09-17T01:49:01.958+0000] {logging_mixin.py:150} INFO - [2026-09-17T01:49:01.958+0000] {dag.py:2742} INFO - Sync 1 DAGs
[2026-09-17T01:49:01.975+0000] {logging_mixin.py:150} INFO - [2026-09-17T01:49:01.974+0000] {dag.py:3504} INFO - Setting next_dagrun for extract_dag to None, run_after=None
[2026-09-17T01:49:01.991+0000] {processor.py:179} INFO - Processing /workspaces/hands-on-introduction-data-engineering-4395021/airflow/dags/extract_dag.py took 0.077 seconds
[2026-09-17T01:49:32.113+0000] {processor.py:157} INFO - Started process (PID=48678) to work on /workspaces/hands-on-introduction-data-engineering-4395021/airflow/dags/extract_dag.py
[2026-09-17T01:49:32.114+0000] {processor.py:826} INFO - Processing file /workspaces/hands-on-introduction-data-engineering-4395021/airflow/dags/extract_dag.py for tasks to queue
[2026-09-17T01:49:32.114+0000] {logging_mixin.py:150} INFO - [2026-09-17T01:49:32.114+0000] {dagbag.py:541} INFO - Filling up the DagBag from /workspaces/hands-on-introduction-data-engineering-4395021/airflow/dags/extract_dag.py
[2026-09-17T01:49:32.123+0000] {processor.py:836} INFO - DAG(s) dict_keys(['extract_dag']) retrieved from /workspaces/hands-on-introduction-data-engineering-4395021/airflow/dags/extract_dag.py
[2026-09-17T01:49:32.152+0000] {logging_mixin.py:150} INFO - [2026-09-17T01:49:32.152+0000] {dag.py:2742} INFO - Sync 1 DAGs
[2026-09-17T01:49:32.173+0000] {logging_mixin.py:150} INFO - [2026-09-17T01:49:32.173+0000] {dag.py:3504} INFO - Setting next_dagrun for extract_dag to None, run_after=None
[2026-09-17T01:49:32.214+0000] {processor.py:179} INFO - Processing /workspaces/hands-on-introduction-data-engineering-4395021/airflow/dags/extract_dag.py took 0.103 seconds
[2026-09-17T01:50:02.429+0000] {processor.py:157} INFO - Started process (PID=48852) to work on /workspaces/hands-on-introduction-data-engineering-4395021/airflow/dags/extract_dag.py
[2026-09-17T01:50:02.430+0000] {processor.py:826} INFO - Processing file /workspaces/hands-on-introduction-data-engineering-4395021/airflow/dags/extract_dag.py for tasks to queue
[2026-09-17T01:50:02.430+0000] {logging_mixin.py:150} INFO - [2026-09-17T01:50:02.430+0000] {dagbag.py:541} INFO - Filling up the DagBag from /workspaces/hands-on-introduction-data-engineering-4395021/airflow/dags/extract_dag.py
[2026-09-17T01:50:02.439+0000] {processor.py:836} INFO - DAG(s) dict_keys(['extract_dag']) retrieved from /workspaces/hands-on-introduction-data-engineering-4395021/airflow/dags/extract_dag.py
[2026-09-17T01:50:02.456+0000] {logging_mixin.py:150} INFO - [2026-09-17T01:50:02.456+0000] {dag.py:2742} INFO - Sync 1 DAGs
[2026-09-17T01:50:02.471+0000] {logging_mixin.py:150} INFO - [2026-09-17T01:50:02.471+0000] {dag.py:3504} INFO - Setting next_dagrun for extract_dag to None, run_after=None
[2026-09-17T01:50:02.489+0000] {processor.py:179} INFO - Processing /workspaces/hands-on-introduction-data-engineering-4395021/airflow/dags/extract_dag.py took 0.062 seconds
[2026-09-17T01:50:32.627+0000] {processor.py:157} INFO - Started process (PID=49013) to work on /workspaces/hands-on-introduction-data-engineering-4395021/airflow/dags/extract_dag.py
[2026-09-17T01:50:32.627+0000] {processor.py:826} INFO - Processing file /workspaces/hands-on-introduction-data-engineering-4395021/airflow/dags/extract_dag.py for tasks to queue
[2026-09-17T01:50:32.628+0000] {logging_mixin.py:150} INFO - [2026-09-17T01:50:32.628+0000] {dagbag.py:541} INFO - Filling up the DagBag from /workspaces/hands-on-introduction-data-engineering-4395021/airflow/dags/extract_dag.py
[2026-09-17T01:50:32.637+0000] {processor.py:836} INFO - DAG(s) dict_keys(['extract_dag']) retrieved from /workspaces/hands-on-introduction-data-engineering-4395021/airflow/dags/extract_dag.py
[2026-09-17T01:50:32.653+0000] {logging_mixin.py:150} INFO - [2026-09-17T01:50:32.653+0000] {dag.py:2742} INFO - Sync 1 DAGs
[2026-09-17T01:50:32.668+0000] {logging_mixin.py:150} INFO - [2026-09-17T01:50:32.667+0000] {dag.py:3504} INFO - Setting next_dagrun for extract_dag to None, run_after=None
[2026-09-17T01:50:32.686+0000] {processor.py:179} INFO - Processing /workspaces/hands-on-introduction-data-engineering-4395021/airflow/dags/extract_dag.py took 0.062 seconds
[2026-09-17T01:51:02.831+0000] {processor.py:157} INFO - Started process (PID=49187) to work on /workspaces/hands-on-introduction-data-engineering-4395021/airflow/dags/extract_dag.py
[2026-09-17T01:51:02.832+0000] {processor.py:826} INFO - Processing file /workspaces/hands-on-introduction-data-engineering-4395021/airflow/dags/extract_dag.py for tasks to queue
[2026-09-17T01:51:02.832+0000] {logging_mixin.py:150} INFO - [2026-09-17T01:51:02.832+0000] {dagbag.py:541} INFO - Filling up the DagBag from /workspaces/hands-on-introduction-data-engineering-4395021/airflow/dags/extract_dag.py
[2026-09-17T01:51:02.841+0000] {processor.py:836} INFO - DAG(s) dict_keys(['extract_dag']) retrieved from /workspaces/hands-on-introduction-data-engineering-4395021/airflow/dags/extract_dag.py
[2026-09-17T01:51:02.857+0000] {logging_mixin.py:150} INFO - [2026-09-17T01:51:02.857+0000] {dag.py:2742} INFO - Sync 1 DAGs
[2026-09-17T01:51:02.872+0000] {logging_mixin.py:150} INFO - [2026-09-17T01:51:02.872+0000] {dag.py:3504} INFO - Setting next_dagrun for extract_dag to None, run_after=None
[2026-09-17T01:51:02.891+0000] {processor.py:179} INFO - Processing /workspaces/hands-on-introduction-data-engineering-4395021/airflow/dags/extract_dag.py took 0.062 seconds
[2026-09-17T01:51:33.024+0000] {processor.py:157} INFO - Started process (PID=49350) to work on /workspaces/hands-on-introduction-data-engineering-4395021/airflow/dags/extract_dag.py
[2026-09-17T01:51:33.024+0000] {processor.py:826} INFO - Processing file /workspaces/hands-on-introduction-data-engineering-4395021/airflow/dags/extract_dag.py for tasks to queue
[2026-09-17T01:51:33.025+0000] {logging_mixin.py:150} INFO - [2026-09-17T01:51:33.025+0000] {dagbag.py:541} INFO - Filling up the DagBag from /workspaces/hands-on-introduction-data-engineering-4395021/airflow/dags/extract_dag.py
[2026-09-17T01:51:33.035+0000] {processor.py:836} INFO - DAG(s) dict_keys(['extract_dag']) retrieved from /workspaces/hands-on-introduction-data-engineering-4395021/airflow/dags/extract_dag.py
[2026-09-17T01:51:33.052+0000] {logging_mixin.py:150} INFO - [2026-09-17T01:51:33.052+0000] {dag.py:2742} INFO - Sync 1 DAGs
[2026-09-17T01:51:33.067+0000] {logging_mixin.py:150} INFO - [2026-09-17T01:51:33.067+0000] {dag.py:3504} INFO - Setting next_dagrun for extract_dag to None, run_after=None
[2026-09-17T01:51:33.083+0000] {processor.py:179} INFO - Processing /workspaces/hands-on-introduction-data-engineering-4395021/airflow/dags/extract_dag.py took 0.062 seconds
[2026-09-17T01:52:03.225+0000] {processor.py:157} INFO - Started process (PID=49525) to work on /workspaces/hands-on-introduction-data-engineering-4395021/airflow/dags/extract_dag.py
[2026-09-17T01:52:03.226+0000] {processor.py:826} INFO - Processing file /workspaces/hands-on-introduction-data-engineering-4395021/airflow/dags/extract_dag.py for tasks to queue
[2026-09-17T01:52:03.226+0000] {logging_mixin.py:150} INFO - [2026-09-17T01:52:03.226+0000] {dagbag.py:541} INFO - Filling up the DagBag from /workspaces/hands-on-introduction-data-engineering-4395021/airflow/dags/extract_dag.py
[2026-09-17T01:52:03.235+0000] {processor.py:836} INFO - DAG(s) dict_keys(['extract_dag']) retrieved from /workspaces/hands-on-introduction-data-engineering-4395021/airflow/dags/extract_dag.py
[2026-09-17T01:52:03.252+0000] {logging_mixin.py:150} INFO - [2026-09-17T01:52:03.252+0000] {dag.py:2742} INFO - Sync 1 DAGs
[2026-09-17T01:52:03.267+0000] {logging_mixin.py:150} INFO - [2026-09-17T01:52:03.267+0000] {dag.py:3504} INFO - Setting next_dagrun for extract_dag to None, run_after=None
[2026-09-17T01:52:03.283+0000] {processor.py:179} INFO - Processing /workspaces/hands-on-introduction-data-engineering-4395021/airflow/dags/extract_dag.py took 0.061 seconds
[2026-09-17T01:52:33.416+0000] {processor.py:157} INFO - Started process (PID=49734) to work on /workspaces/hands-on-introduction-data-engineering-4395021/airflow/dags/extract_dag.py
[2026-09-17T01:52:33.417+0000] {processor.py:826} INFO - Processing file /workspaces/hands-on-introduction-data-engineering-4395021/airflow/dags/extract_dag.py for tasks to queue
[2026-09-17T01:52:33.418+0000] {logging_mixin.py:150} INFO - [2026-09-17T01:52:33.418+0000] {dagbag.py:541} INFO - Filling up the DagBag from /workspaces/hands-on-introduction-data-engineering-4395021/airflow/dags/extract_dag.py
[2026-09-17T01:52:33.427+0000] {processor.py:836} INFO - DAG(s) dict_keys(['extract_dag']) retrieved from /workspaces/hands-on-introduction-data-engineering-4395021/airflow/dags/extract_dag.py
[2026-09-17T01:52:33.444+0000] {logging_mixin.py:150} INFO - [2026-09-17T01:52:33.444+0000] {dag.py:2742} INFO - Sync 1 DAGs
[2026-09-17T01:52:33.463+0000] {logging_mixin.py:150} INFO - [2026-09-17T01:52:33.463+0000] {dag.py:3504} INFO - Setting next_dagrun for extract_dag to None, run_after=None
[2026-09-17T01:52:33.488+0000] {processor.py:179} INFO - Processing /workspaces/hands-on-introduction-data-engineering-4395021/airflow/dags/extract_dag.py took 0.074 seconds
[2026-09-17T01:53:03.614+0000] {processor.py:157} INFO - Started process (PID=49909) to work on /workspaces/hands-on-introduction-data-engineering-4395021/airflow/dags/extract_dag.py
[2026-09-17T01:53:03.614+0000] {processor.py:826} INFO - Processing file /workspaces/hands-on-introduction-data-engineering-4395021/airflow/dags/extract_dag.py for tasks to queue
[2026-09-17T01:53:03.615+0000] {logging_mixin.py:150} INFO - [2026-09-17T01:53:03.615+0000] {dagbag.py:541} INFO - Filling up the DagBag from /workspaces/hands-on-introduction-data-engineering-4395021/airflow/dags/extract_dag.py
[2026-09-17T01:53:03.624+0000] {processor.py:836} INFO - DAG(s) dict_keys(['extract_dag']) retrieved from /workspaces/hands-on-introduction-data-engineering-4395021/airflow/dags/extract_dag.py
[2026-09-17T01:53:03.640+0000] {logging_mixin.py:150} INFO - [2026-09-17T01:53:03.640+0000] {dag.py:2742} INFO - Sync 1 DAGs
[2026-09-17T01:53:03.655+0000] {logging_mixin.py:150} INFO - [2026-09-17T01:53:03.655+0000] {dag.py:3504} INFO - Setting next_dagrun for extract_dag to None, run_after=None
[2026-09-17T01:53:03.670+0000] {processor.py:179} INFO - Processing /workspaces/hands-on-introduction-data-engineering-4395021/airflow/dags/extract_dag.py took 0.059 seconds
[2026-09-17T01:53:33.810+0000] {processor.py:157} INFO - Started process (PID=50072) to work on /workspaces/hands-on-introduction-data-engineering-4395021/airflow/dags/extract_dag.py
[2026-09-17T01:53:33.811+0000] {processor.py:826} INFO - Processing file /workspaces/hands-on-introduction-data-engineering-4395021/airflow/dags/extract_dag.py for tasks to queue
[2026-09-17T01:53:33.811+0000] {logging_mixin.py:150} INFO - [2026-09-17T01:53:33.811+0000] {dagbag.py:541} INFO - Filling up the DagBag from /workspaces/hands-on-introduction-data-engineering-4395021/airflow/dags/extract_dag.py
[2026-09-17T01:53:33.821+0000] {processor.py:836} INFO - DAG(s) dict_keys(['extract_dag']) retrieved from /workspaces/hands-on-introduction-data-engineering-4395021/airflow/dags/extract_dag.py
[2026-09-17T01:53:33.842+0000] {logging_mixin.py:150} INFO - [2026-09-17T01:53:33.842+0000] {dag.py:2742} INFO - Sync 1 DAGs
[2026-09-17T01:53:33.865+0000] {logging_mixin.py:150} INFO - [2026-09-17T01:53:33.865+0000] {dag.py:3504} INFO - Setting next_dagrun for extract_dag to None, run_after=None
[2026-09-17T01:53:33.886+0000] {processor.py:179} INFO - Processing /workspaces/hands-on-introduction-data-engineering-4395021/airflow/dags/extract_dag.py took 0.079 seconds
[2026-09-17T01:54:04.019+0000] {processor.py:157} INFO - Started process (PID=50244) to work on /workspaces/hands-on-introduction-data-engineering-4395021/airflow/dags/extract_dag.py
[2026-09-17T01:54:04.020+0000] {processor.py:826} INFO - Processing file /workspaces/hands-on-introduction-data-engineering-4395021/airflow/dags/extract_dag.py for tasks to queue
[2026-09-17T01:54:04.021+0000] {logging_mixin.py:150} INFO - [2026-09-17T01:54:04.020+0000] {dagbag.py:541} INFO - Filling up the DagBag from /workspaces/hands-on-introduction-data-engineering-4395021/airflow/dags/extract_dag.py
[2026-09-17T01:54:04.030+0000] {processor.py:836} INFO - DAG(s) dict_keys(['extract_dag']) retrieved from /workspaces/hands-on-introduction-data-engineering-4395021/airflow/dags/extract_dag.py
[2026-09-17T01:54:04.047+0000] {logging_mixin.py:150} INFO - [2026-09-17T01:54:04.047+0000] {dag.py:2742} INFO - Sync 1 DAGs
[2026-09-17T01:54:04.065+0000] {logging_mixin.py:150} INFO - [2026-09-17T01:54:04.065+0000] {dag.py:3504} INFO - Setting next_dagrun for extract_dag to None, run_after=None
[2026-09-17T01:54:04.090+0000] {processor.py:179} INFO - Processing /workspaces/hands-on-introduction-data-engineering-4395021/airflow/dags/extract_dag.py took 0.073 seconds
[2026-09-17T01:54:34.215+0000] {processor.py:157} INFO - Started process (PID=50405) to work on /workspaces/hands-on-introduction-data-engineering-4395021/airflow/dags/extract_dag.py
[2026-09-17T01:54:34.217+0000] {processor.py:826} INFO - Processing file /workspaces/hands-on-introduction-data-engineering-4395021/airflow/dags/extract_dag.py for tasks to queue
[2026-09-17T01:54:34.217+0000] {logging_mixin.py:150} INFO - [2026-09-17T01:54:34.217+0000] {dagbag.py:541} INFO - Filling up the DagBag from /workspaces/hands-on-introduction-data-engineering-4395021/airflow/dags/extract_dag.py
[2026-09-17T01:54:34.227+0000] {processor.py:836} INFO - DAG(s) dict_keys(['extract_dag']) retrieved from /workspaces/hands-on-introduction-data-engineering-4395021/airflow/dags/extract_dag.py
[2026-09-17T01:54:34.243+0000] {logging_mixin.py:150} INFO - [2026-09-17T01:54:34.243+0000] {dag.py:2742} INFO - Sync 1 DAGs
[2026-09-17T01:54:34.258+0000] {logging_mixin.py:150} INFO - [2026-09-17T01:54:34.258+0000] {dag.py:3504} INFO - Setting next_dagrun for extract_dag to None, run_after=None
[2026-09-17T01:54:34.274+0000] {processor.py:179} INFO - Processing /workspaces/hands-on-introduction-data-engineering-4395021/airflow/dags/extract_dag.py took 0.061 seconds
[2026-09-17T01:55:04.409+0000] {processor.py:157} INFO - Started process (PID=50580) to work on /workspaces/hands-on-introduction-data-engineering-4395021/airflow/dags/extract_dag.py
[2026-09-17T01:55:04.409+0000] {processor.py:826} INFO - Processing file /workspaces/hands-on-introduction-data-engineering-4395021/airflow/dags/extract_dag.py for tasks to queue
[2026-09-17T01:55:04.410+0000] {logging_mixin.py:150} INFO - [2026-09-17T01:55:04.410+0000] {dagbag.py:541} INFO - Filling up the DagBag from /workspaces/hands-on-introduction-data-engineering-4395021/airflow/dags/extract_dag.py
[2026-09-17T01:55:04.418+0000] {processor.py:836} INFO - DAG(s) dict_keys(['extract_dag']) retrieved from /workspaces/hands-on-introduction-data-engineering-4395021/airflow/dags/extract_dag.py
[2026-09-17T01:55:04.435+0000] {logging_mixin.py:150} INFO - [2026-09-17T01:55:04.435+0000] {dag.py:2742} INFO - Sync 1 DAGs
[2026-09-17T01:55:04.452+0000] {logging_mixin.py:150} INFO - [2026-09-17T01:55:04.452+0000] {dag.py:3504} INFO - Setting next_dagrun for extract_dag to None, run_after=None
[2026-09-17T01:55:04.467+0000] {processor.py:179} INFO - Processing /workspaces/hands-on-introduction-data-engineering-4395021/airflow/dags/extract_dag.py took 0.061 seconds
[2026-09-17T01:55:34.602+0000] {processor.py:157} INFO - Started process (PID=50742) to work on /workspaces/hands-on-introduction-data-engineering-4395021/airflow/dags/extract_dag.py
[2026-09-17T01:55:34.603+0000] {processor.py:826} INFO - Processing file /workspaces/hands-on-introduction-data-engineering-4395021/airflow/dags/extract_dag.py for tasks to queue
[2026-09-17T01:55:34.604+0000] {logging_mixin.py:150} INFO - [2026-09-17T01:55:34.604+0000] {dagbag.py:541} INFO - Filling up the DagBag from /workspaces/hands-on-introduction-data-engineering-4395021/airflow/dags/extract_dag.py
[2026-09-17T01:55:34.616+0000] {processor.py:836} INFO - DAG(s) dict_keys(['extract_dag']) retrieved from /workspaces/hands-on-introduction-data-engineering-4395021/airflow/dags/extract_dag.py
[2026-09-17T01:55:34.633+0000] {logging_mixin.py:150} INFO - [2026-09-17T01:55:34.633+0000] {dag.py:2742} INFO - Sync 1 DAGs
[2026-09-17T01:55:34.649+0000] {logging_mixin.py:150} INFO - [2026-09-17T01:55:34.648+0000] {dag.py:3504} INFO - Setting next_dagrun for extract_dag to None, run_after=None
[2026-09-17T01:55:34.663+0000] {processor.py:179} INFO - Processing /workspaces/hands-on-introduction-data-engineering-4395021/airflow/dags/extract_dag.py took 0.064 seconds
[2026-09-17T01:56:04.794+0000] {processor.py:157} INFO - Started process (PID=50917) to work on /workspaces/hands-on-introduction-data-engineering-4395021/airflow/dags/extract_dag.py
[2026-09-17T01:56:04.798+0000] {processor.py:826} INFO - Processing file /workspaces/hands-on-introduction-data-engineering-4395021/airflow/dags/extract_dag.py for tasks to queue
[2026-09-17T01:56:04.799+0000] {logging_mixin.py:150} INFO - [2026-09-17T01:56:04.798+0000] {dagbag.py:541} INFO - Filling up the DagBag from /workspaces/hands-on-introduction-data-engineering-4395021/airflow/dags/extract_dag.py
[2026-09-17T01:56:04.809+0000] {processor.py:836} INFO - DAG(s) dict_keys(['extract_dag']) retrieved from /workspaces/hands-on-introduction-data-engineering-4395021/airflow/dags/extract_dag.py
[2026-09-17T01:56:04.826+0000] {logging_mixin.py:150} INFO - [2026-09-17T01:56:04.826+0000] {dag.py:2742} INFO - Sync 1 DAGs
[2026-09-17T01:56:04.841+0000] {logging_mixin.py:150} INFO - [2026-09-17T01:56:04.841+0000] {dag.py:3504} INFO - Setting next_dagrun for extract_dag to None, run_after=None
[2026-09-17T01:56:04.856+0000] {processor.py:179} INFO - Processing /workspaces/hands-on-introduction-data-engineering-4395021/airflow/dags/extract_dag.py took 0.066 seconds
[2026-09-17T01:56:34.998+0000] {processor.py:157} INFO - Started process (PID=51080) to work on /workspaces/hands-on-introduction-data-engineering-4395021/airflow/dags/extract_dag.py
[2026-09-17T01:56:35.000+0000] {processor.py:826} INFO - Processing file /workspaces/hands-on-introduction-data-engineering-4395021/airflow/dags/extract_dag.py for tasks to queue
[2026-09-17T01:56:35.000+0000] {logging_mixin.py:150} INFO - [2026-09-17T01:56:35.000+0000] {dagbag.py:541} INFO - Filling up the DagBag from /workspaces/hands-on-introduction-data-engineering-4395021/airflow/dags/extract_dag.py
[2026-09-17T01:56:35.009+0000] {processor.py:836} INFO - DAG(s) dict_keys(['extract_dag']) retrieved from /workspaces/hands-on-introduction-data-engineering-4395021/airflow/dags/extract_dag.py
[2026-09-17T01:56:35.032+0000] {logging_mixin.py:150} INFO - [2026-09-17T01:56:35.032+0000] {dag.py:2742} INFO - Sync 1 DAGs
[2026-09-17T01:56:35.046+0000] {logging_mixin.py:150} INFO - [2026-09-17T01:56:35.046+0000] {dag.py:3504} INFO - Setting next_dagrun for extract_dag to None, run_after=None
[2026-09-17T01:56:35.061+0000] {processor.py:179} INFO - Processing /workspaces/hands-on-introduction-data-engineering-4395021/airflow/dags/extract_dag.py took 0.067 seconds
[2026-09-17T01:57:05.197+0000] {processor.py:157} INFO - Started process (PID=51255) to work on /workspaces/hands-on-introduction-data-engineering-4395021/airflow/dags/extract_dag.py
[2026-09-17T01:57:05.199+0000] {processor.py:826} INFO - Processing file /workspaces/hands-on-introduction-data-engineering-4395021/airflow/dags/extract_dag.py for tasks to queue
[2026-09-17T01:57:05.199+0000] {logging_mixin.py:150} INFO - [2026-09-17T01:57:05.199+0000] {dagbag.py:541} INFO - Filling up the DagBag from /workspaces/hands-on-introduction-data-engineering-4395021/airflow/dags/extract_dag.py
[2026-09-17T01:57:05.208+0000] {processor.py:836} INFO - DAG(s) dict_keys(['extract_dag']) retrieved from /workspaces/hands-on-introduction-data-engineering-4395021/airflow/dags/extract_dag.py
[2026-09-17T01:57:05.225+0000] {logging_mixin.py:150} INFO - [2026-09-17T01:57:05.224+0000] {dag.py:2742} INFO - Sync 1 DAGs
[2026-09-17T01:57:05.240+0000] {logging_mixin.py:150} INFO - [2026-09-17T01:57:05.239+0000] {dag.py:3504} INFO - Setting next_dagrun for extract_dag to None, run_after=None
[2026-09-17T01:57:05.256+0000] {processor.py:179} INFO - Processing /workspaces/hands-on-introduction-data-engineering-4395021/airflow/dags/extract_dag.py took 0.063 seconds
[2026-09-17T01:57:35.386+0000] {processor.py:157} INFO - Started process (PID=51462) to work on /workspaces/hands-on-introduction-data-engineering-4395021/airflow/dags/extract_dag.py
[2026-09-17T01:57:35.387+0000] {processor.py:826} INFO - Processing file /workspaces/hands-on-introduction-data-engineering-4395021/airflow/dags/extract_dag.py for tasks to queue
[2026-09-17T01:57:35.388+0000] {logging_mixin.py:150} INFO - [2026-09-17T01:57:35.388+0000] {dagbag.py:541} INFO - Filling up the DagBag from /workspaces/hands-on-introduction-data-engineering-4395021/airflow/dags/extract_dag.py
[2026-09-17T01:57:35.399+0000] {processor.py:836} INFO - DAG(s) dict_keys(['extract_dag']) retrieved from /workspaces/hands-on-introduction-data-engineering-4395021/airflow/dags/extract_dag.py
[2026-09-17T01:57:35.416+0000] {logging_mixin.py:150} INFO - [2026-09-17T01:57:35.416+0000] {dag.py:2742} INFO - Sync 1 DAGs
[2026-09-17T01:57:35.432+0000] {logging_mixin.py:150} INFO - [2026-09-17T01:57:35.431+0000] {dag.py:3504} INFO - Setting next_dagrun for extract_dag to None, run_after=None
[2026-09-17T01:57:35.449+0000] {processor.py:179} INFO - Processing /workspaces/hands-on-introduction-data-engineering-4395021/airflow/dags/extract_dag.py took 0.065 seconds
[2026-09-17T01:58:05.589+0000] {processor.py:157} INFO - Started process (PID=51637) to work on /workspaces/hands-on-introduction-data-engineering-4395021/airflow/dags/extract_dag.py
[2026-09-17T01:58:05.590+0000] {processor.py:826} INFO - Processing file /workspaces/hands-on-introduction-data-engineering-4395021/airflow/dags/extract_dag.py for tasks to queue
[2026-09-17T01:58:05.590+0000] {logging_mixin.py:150} INFO - [2026-09-17T01:58:05.590+0000] {dagbag.py:541} INFO - Filling up the DagBag from /workspaces/hands-on-introduction-data-engineering-4395021/airflow/dags/extract_dag.py
[2026-09-17T01:58:05.601+0000] {processor.py:836} INFO - DAG(s) dict_keys(['extract_dag']) retrieved from /workspaces/hands-on-introduction-data-engineering-4395021/airflow/dags/extract_dag.py
[2026-09-17T01:58:05.618+0000] {logging_mixin.py:150} INFO - [2026-09-17T01:58:05.617+0000] {dag.py:2742} INFO - Sync 1 DAGs
[2026-09-17T01:58:05.633+0000] {logging_mixin.py:150} INFO - [2026-09-17T01:58:05.632+0000] {dag.py:3504} INFO - Setting next_dagrun for extract_dag to None, run_after=None
[2026-09-17T01:58:05.649+0000] {processor.py:179} INFO - Processing /workspaces/hands-on-introduction-data-engineering-4395021/airflow/dags/extract_dag.py took 0.064 seconds
[2026-09-17T01:58:35.780+0000] {processor.py:157} INFO - Started process (PID=51799) to work on /workspaces/hands-on-introduction-data-engineering-4395021/airflow/dags/extract_dag.py
[2026-09-17T01:58:35.781+0000] {processor.py:826} INFO - Processing file /workspaces/hands-on-introduction-data-engineering-4395021/airflow/dags/extract_dag.py for tasks to queue
[2026-09-17T01:58:35.782+0000] {logging_mixin.py:150} INFO - [2026-09-17T01:58:35.781+0000] {dagbag.py:541} INFO - Filling up the DagBag from /workspaces/hands-on-introduction-data-engineering-4395021/airflow/dags/extract_dag.py
[2026-09-17T01:58:35.792+0000] {processor.py:836} INFO - DAG(s) dict_keys(['extract_dag']) retrieved from /workspaces/hands-on-introduction-data-engineering-4395021/airflow/dags/extract_dag.py
[2026-09-17T01:58:35.810+0000] {logging_mixin.py:150} INFO - [2026-09-17T01:58:35.810+0000] {dag.py:2742} INFO - Sync 1 DAGs
[2026-09-17T01:58:35.825+0000] {logging_mixin.py:150} INFO - [2026-09-17T01:58:35.825+0000] {dag.py:3504} INFO - Setting next_dagrun for extract_dag to None, run_after=None
[2026-09-17T01:58:35.842+0000] {processor.py:179} INFO - Processing /workspaces/hands-on-introduction-data-engineering-4395021/airflow/dags/extract_dag.py took 0.064 seconds
[2026-09-17T01:59:05.975+0000] {processor.py:157} INFO - Started process (PID=51975) to work on /workspaces/hands-on-introduction-data-engineering-4395021/airflow/dags/extract_dag.py
[2026-09-17T01:59:05.976+0000] {processor.py:826} INFO - Processing file /workspaces/hands-on-introduction-data-engineering-4395021/airflow/dags/extract_dag.py for tasks to queue
[2026-09-17T01:59:05.977+0000] {logging_mixin.py:150} INFO - [2026-09-17T01:59:05.976+0000] {dagbag.py:541} INFO - Filling up the DagBag from /workspaces/hands-on-introduction-data-engineering-4395021/airflow/dags/extract_dag.py
[2026-09-17T01:59:05.986+0000] {processor.py:836} INFO - DAG(s) dict_keys(['extract_dag']) retrieved from /workspaces/hands-on-introduction-data-engineering-4395021/airflow/dags/extract_dag.py
[2026-09-17T01:59:06.006+0000] {logging_mixin.py:150} INFO - [2026-09-17T01:59:06.005+0000] {dag.py:2742} INFO - Sync 1 DAGs
[2026-09-17T01:59:06.021+0000] {logging_mixin.py:150} INFO - [2026-09-17T01:59:06.020+0000] {dag.py:3504} INFO - Setting next_dagrun for extract_dag to None, run_after=None
[2026-09-17T01:59:06.036+0000] {processor.py:179} INFO - Processing /workspaces/hands-on-introduction-data-engineering-4395021/airflow/dags/extract_dag.py took 0.063 seconds
[2026-09-17T01:59:36.168+0000] {processor.py:157} INFO - Started process (PID=52141) to work on /workspaces/hands-on-introduction-data-engineering-4395021/airflow/dags/extract_dag.py
[2026-09-17T01:59:36.168+0000] {processor.py:826} INFO - Processing file /workspaces/hands-on-introduction-data-engineering-4395021/airflow/dags/extract_dag.py for tasks to queue
[2026-09-17T01:59:36.169+0000] {logging_mixin.py:150} INFO - [2026-09-17T01:59:36.169+0000] {dagbag.py:541} INFO - Filling up the DagBag from /workspaces/hands-on-introduction-data-engineering-4395021/airflow/dags/extract_dag.py
[2026-09-17T01:59:36.178+0000] {processor.py:836} INFO - DAG(s) dict_keys(['extract_dag']) retrieved from /workspaces/hands-on-introduction-data-engineering-4395021/airflow/dags/extract_dag.py
[2026-09-17T01:59:36.204+0000] {logging_mixin.py:150} INFO - [2026-09-17T01:59:36.204+0000] {dag.py:2742} INFO - Sync 1 DAGs
[2026-09-17T01:59:36.226+0000] {logging_mixin.py:150} INFO - [2026-09-17T01:59:36.226+0000] {dag.py:3504} INFO - Setting next_dagrun for extract_dag to None, run_after=None
[2026-09-17T01:59:36.260+0000] {processor.py:179} INFO - Processing /workspaces/hands-on-introduction-data-engineering-4395021/airflow/dags/extract_dag.py took 0.095 seconds
[2026-09-17T02:00:06.361+0000] {processor.py:157} INFO - Started process (PID=52314) to work on /workspaces/hands-on-introduction-data-engineering-4395021/airflow/dags/extract_dag.py
[2026-09-17T02:00:06.362+0000] {processor.py:826} INFO - Processing file /workspaces/hands-on-introduction-data-engineering-4395021/airflow/dags/extract_dag.py for tasks to queue
[2026-09-17T02:00:06.362+0000] {logging_mixin.py:150} INFO - [2026-09-17T02:00:06.362+0000] {dagbag.py:541} INFO - Filling up the DagBag from /workspaces/hands-on-introduction-data-engineering-4395021/airflow/dags/extract_dag.py
[2026-09-17T02:00:06.371+0000] {processor.py:836} INFO - DAG(s) dict_keys(['extract_dag']) retrieved from /workspaces/hands-on-introduction-data-engineering-4395021/airflow/dags/extract_dag.py
[2026-09-17T02:00:06.389+0000] {logging_mixin.py:150} INFO - [2026-09-17T02:00:06.389+0000] {dag.py:2742} INFO - Sync 1 DAGs
[2026-09-17T02:00:06.406+0000] {logging_mixin.py:150} INFO - [2026-09-17T02:00:06.406+0000] {dag.py:3504} INFO - Setting next_dagrun for extract_dag to None, run_after=None
[2026-09-17T02:00:06.422+0000] {processor.py:179} INFO - Processing /workspaces/hands-on-introduction-data-engineering-4395021/airflow/dags/extract_dag.py took 0.063 seconds
[2026-09-17T02:00:36.556+0000] {processor.py:157} INFO - Started process (PID=52483) to work on /workspaces/hands-on-introduction-data-engineering-4395021/airflow/dags/extract_dag.py
[2026-09-17T02:00:36.557+0000] {processor.py:826} INFO - Processing file /workspaces/hands-on-introduction-data-engineering-4395021/airflow/dags/extract_dag.py for tasks to queue
[2026-09-17T02:00:36.557+0000] {logging_mixin.py:150} INFO - [2026-09-17T02:00:36.557+0000] {dagbag.py:541} INFO - Filling up the DagBag from /workspaces/hands-on-introduction-data-engineering-4395021/airflow/dags/extract_dag.py
[2026-09-17T02:00:36.567+0000] {processor.py:836} INFO - DAG(s) dict_keys(['extract_dag']) retrieved from /workspaces/hands-on-introduction-data-engineering-4395021/airflow/dags/extract_dag.py
[2026-09-17T02:00:36.584+0000] {logging_mixin.py:150} INFO - [2026-09-17T02:00:36.584+0000] {dag.py:2742} INFO - Sync 1 DAGs
[2026-09-17T02:00:36.603+0000] {logging_mixin.py:150} INFO - [2026-09-17T02:00:36.603+0000] {dag.py:3504} INFO - Setting next_dagrun for extract_dag to None, run_after=None
[2026-09-17T02:00:36.618+0000] {processor.py:179} INFO - Processing /workspaces/hands-on-introduction-data-engineering-4395021/airflow/dags/extract_dag.py took 0.065 seconds
[2026-09-17T02:01:06.754+0000] {processor.py:157} INFO - Started process (PID=52650) to work on /workspaces/hands-on-introduction-data-engineering-4395021/airflow/dags/extract_dag.py
[2026-09-17T02:01:06.755+0000] {processor.py:826} INFO - Processing file /workspaces/hands-on-introduction-data-engineering-4395021/airflow/dags/extract_dag.py for tasks to queue
[2026-09-17T02:01:06.756+0000] {logging_mixin.py:150} INFO - [2026-09-17T02:01:06.755+0000] {dagbag.py:541} INFO - Filling up the DagBag from /workspaces/hands-on-introduction-data-engineering-4395021/airflow/dags/extract_dag.py
[2026-09-17T02:01:06.764+0000] {processor.py:836} INFO - DAG(s) dict_keys(['extract_dag']) retrieved from /workspaces/hands-on-introduction-data-engineering-4395021/airflow/dags/extract_dag.py
[2026-09-17T02:01:06.780+0000] {logging_mixin.py:150} INFO - [2026-09-17T02:01:06.780+0000] {dag.py:2742} INFO - Sync 1 DAGs
[2026-09-17T02:01:06.796+0000] {logging_mixin.py:150} INFO - [2026-09-17T02:01:06.796+0000] {dag.py:3504} INFO - Setting next_dagrun for extract_dag to None, run_after=None
[2026-09-17T02:01:06.813+0000] {processor.py:179} INFO - Processing /workspaces/hands-on-introduction-data-engineering-4395021/airflow/dags/extract_dag.py took 0.061 seconds
[2026-09-17T02:01:36.875+0000] {processor.py:157} INFO - Started process (PID=52819) to work on /workspaces/hands-on-introduction-data-engineering-4395021/airflow/dags/extract_dag.py
[2026-09-17T02:01:36.876+0000] {processor.py:826} INFO - Processing file /workspaces/hands-on-introduction-data-engineering-4395021/airflow/dags/extract_dag.py for tasks to queue
[2026-09-17T02:01:36.876+0000] {logging_mixin.py:150} INFO - [2026-09-17T02:01:36.876+0000] {dagbag.py:541} INFO - Filling up the DagBag from /workspaces/hands-on-introduction-data-engineering-4395021/airflow/dags/extract_dag.py
[2026-09-17T02:01:36.887+0000] {processor.py:836} INFO - DAG(s) dict_keys(['extract_dag']) retrieved from /workspaces/hands-on-introduction-data-engineering-4395021/airflow/dags/extract_dag.py
[2026-09-17T02:01:36.907+0000] {logging_mixin.py:150} INFO - [2026-09-17T02:01:36.907+0000] {dag.py:2742} INFO - Sync 1 DAGs
[2026-09-17T02:01:36.925+0000] {logging_mixin.py:150} INFO - [2026-09-17T02:01:36.925+0000] {dag.py:3504} INFO - Setting next_dagrun for extract_dag to None, run_after=None
[2026-09-17T02:01:36.944+0000] {processor.py:179} INFO - Processing /workspaces/hands-on-introduction-data-engineering-4395021/airflow/dags/extract_dag.py took 0.072 seconds
[2026-09-17T02:02:07.044+0000] {processor.py:157} INFO - Started process (PID=52987) to work on /workspaces/hands-on-introduction-data-engineering-4395021/airflow/dags/extract_dag.py
[2026-09-17T02:02:07.045+0000] {processor.py:826} INFO - Processing file /workspaces/hands-on-introduction-data-engineering-4395021/airflow/dags/extract_dag.py for tasks to queue
[2026-09-17T02:02:07.046+0000] {logging_mixin.py:150} INFO - [2026-09-17T02:02:07.045+0000] {dagbag.py:541} INFO - Filling up the DagBag from /workspaces/hands-on-introduction-data-engineering-4395021/airflow/dags/extract_dag.py
[2026-09-17T02:02:07.054+0000] {processor.py:836} INFO - DAG(s) dict_keys(['extract_dag']) retrieved from /workspaces/hands-on-introduction-data-engineering-4395021/airflow/dags/extract_dag.py
[2026-09-17T02:02:07.070+0000] {logging_mixin.py:150} INFO - [2026-09-17T02:02:07.070+0000] {dag.py:2742} INFO - Sync 1 DAGs
[2026-09-17T02:02:07.087+0000] {logging_mixin.py:150} INFO - [2026-09-17T02:02:07.087+0000] {dag.py:3504} INFO - Setting next_dagrun for extract_dag to None, run_after=None
[2026-09-17T02:02:07.107+0000] {processor.py:179} INFO - Processing /workspaces/hands-on-introduction-data-engineering-4395021/airflow/dags/extract_dag.py took 0.065 seconds
[2026-09-17T02:02:37.226+0000] {processor.py:157} INFO - Started process (PID=53201) to work on /workspaces/hands-on-introduction-data-engineering-4395021/airflow/dags/extract_dag.py
[2026-09-17T02:02:37.227+0000] {processor.py:826} INFO - Processing file /workspaces/hands-on-introduction-data-engineering-4395021/airflow/dags/extract_dag.py for tasks to queue
[2026-09-17T02:02:37.227+0000] {logging_mixin.py:150} INFO - [2026-09-17T02:02:37.227+0000] {dagbag.py:541} INFO - Filling up the DagBag from /workspaces/hands-on-introduction-data-engineering-4395021/airflow/dags/extract_dag.py
[2026-09-17T02:02:37.236+0000] {processor.py:836} INFO - DAG(s) dict_keys(['extract_dag']) retrieved from /workspaces/hands-on-introduction-data-engineering-4395021/airflow/dags/extract_dag.py
[2026-09-17T02:02:37.253+0000] {logging_mixin.py:150} INFO - [2026-09-17T02:02:37.253+0000] {dag.py:2742} INFO - Sync 1 DAGs
[2026-09-17T02:02:37.268+0000] {logging_mixin.py:150} INFO - [2026-09-17T02:02:37.267+0000] {dag.py:3504} INFO - Setting next_dagrun for extract_dag to None, run_after=None
[2026-09-17T02:02:37.284+0000] {processor.py:179} INFO - Processing /workspaces/hands-on-introduction-data-engineering-4395021/airflow/dags/extract_dag.py took 0.060 seconds
[2026-09-17T02:03:07.429+0000] {processor.py:157} INFO - Started process (PID=53371) to work on /workspaces/hands-on-introduction-data-engineering-4395021/airflow/dags/extract_dag.py
[2026-09-17T02:03:07.429+0000] {processor.py:826} INFO - Processing file /workspaces/hands-on-introduction-data-engineering-4395021/airflow/dags/extract_dag.py for tasks to queue
[2026-09-17T02:03:07.430+0000] {logging_mixin.py:150} INFO - [2026-09-17T02:03:07.430+0000] {dagbag.py:541} INFO - Filling up the DagBag from /workspaces/hands-on-introduction-data-engineering-4395021/airflow/dags/extract_dag.py
[2026-09-17T02:03:07.438+0000] {processor.py:836} INFO - DAG(s) dict_keys(['extract_dag']) retrieved from /workspaces/hands-on-introduction-data-engineering-4395021/airflow/dags/extract_dag.py
[2026-09-17T02:03:07.455+0000] {logging_mixin.py:150} INFO - [2026-09-17T02:03:07.455+0000] {dag.py:2742} INFO - Sync 1 DAGs
[2026-09-17T02:03:07.470+0000] {logging_mixin.py:150} INFO - [2026-09-17T02:03:07.470+0000] {dag.py:3504} INFO - Setting next_dagrun for extract_dag to None, run_after=None
[2026-09-17T02:03:07.487+0000] {processor.py:179} INFO - Processing /workspaces/hands-on-introduction-data-engineering-4395021/airflow/dags/extract_dag.py took 0.061 seconds
[2026-09-17T02:03:37.601+0000] {processor.py:157} INFO - Started process (PID=53540) to work on /workspaces/hands-on-introduction-data-engineering-4395021/airflow/dags/extract_dag.py
[2026-09-17T02:03:37.602+0000] {processor.py:826} INFO - Processing file /workspaces/hands-on-introduction-data-engineering-4395021/airflow/dags/extract_dag.py for tasks to queue
[2026-09-17T02:03:37.603+0000] {logging_mixin.py:150} INFO - [2026-09-17T02:03:37.603+0000] {dagbag.py:541} INFO - Filling up the DagBag from /workspaces/hands-on-introduction-data-engineering-4395021/airflow/dags/extract_dag.py
[2026-09-17T02:03:37.612+0000] {processor.py:836} INFO - DAG(s) dict_keys(['extract_dag']) retrieved from /workspaces/hands-on-introduction-data-engineering-4395021/airflow/dags/extract_dag.py
[2026-09-17T02:03:37.637+0000] {logging_mixin.py:150} INFO - [2026-09-17T02:03:37.637+0000] {dag.py:2742} INFO - Sync 1 DAGs
[2026-09-17T02:03:37.652+0000] {logging_mixin.py:150} INFO - [2026-09-17T02:03:37.652+0000] {dag.py:3504} INFO - Setting next_dagrun for extract_dag to None, run_after=None
[2026-09-17T02:03:37.668+0000] {processor.py:179} INFO - Processing /workspaces/hands-on-introduction-data-engineering-4395021/airflow/dags/extract_dag.py took 0.070 seconds
[2026-09-17T02:04:07.763+0000] {processor.py:157} INFO - Started process (PID=53708) to work on /workspaces/hands-on-introduction-data-engineering-4395021/airflow/dags/extract_dag.py
[2026-09-17T02:04:07.763+0000] {processor.py:826} INFO - Processing file /workspaces/hands-on-introduction-data-engineering-4395021/airflow/dags/extract_dag.py for tasks to queue
[2026-09-17T02:04:07.764+0000] {logging_mixin.py:150} INFO - [2026-09-17T02:04:07.764+0000] {dagbag.py:541} INFO - Filling up the DagBag from /workspaces/hands-on-introduction-data-engineering-4395021/airflow/dags/extract_dag.py
[2026-09-17T02:04:07.772+0000] {processor.py:836} INFO - DAG(s) dict_keys(['extract_dag']) retrieved from /workspaces/hands-on-introduction-data-engineering-4395021/airflow/dags/extract_dag.py
[2026-09-17T02:04:07.790+0000] {logging_mixin.py:150} INFO - [2026-09-17T02:04:07.790+0000] {dag.py:2742} INFO - Sync 1 DAGs
[2026-09-17T02:04:07.807+0000] {logging_mixin.py:150} INFO - [2026-09-17T02:04:07.807+0000] {dag.py:3504} INFO - Setting next_dagrun for extract_dag to None, run_after=None
[2026-09-17T02:04:07.822+0000] {processor.py:179} INFO - Processing /workspaces/hands-on-introduction-data-engineering-4395021/airflow/dags/extract_dag.py took 0.063 seconds
[2026-09-17T02:04:37.932+0000] {processor.py:157} INFO - Started process (PID=53876) to work on /workspaces/hands-on-introduction-data-engineering-4395021/airflow/dags/extract_dag.py
[2026-09-17T02:04:37.933+0000] {processor.py:826} INFO - Processing file /workspaces/hands-on-introduction-data-engineering-4395021/airflow/dags/extract_dag.py for tasks to queue
[2026-09-17T02:04:37.933+0000] {logging_mixin.py:150} INFO - [2026-09-17T02:04:37.933+0000] {dagbag.py:541} INFO - Filling up the DagBag from /workspaces/hands-on-introduction-data-engineering-4395021/airflow/dags/extract_dag.py
[2026-09-17T02:04:37.942+0000] {processor.py:836} INFO - DAG(s) dict_keys(['extract_dag']) retrieved from /workspaces/hands-on-introduction-data-engineering-4395021/airflow/dags/extract_dag.py
[2026-09-17T02:04:37.958+0000] {logging_mixin.py:150} INFO - [2026-09-17T02:04:37.958+0000] {dag.py:2742} INFO - Sync 1 DAGs
[2026-09-17T02:04:37.972+0000] {logging_mixin.py:150} INFO - [2026-09-17T02:04:37.972+0000] {dag.py:3504} INFO - Setting next_dagrun for extract_dag to None, run_after=None
[2026-09-17T02:04:37.988+0000] {processor.py:179} INFO - Processing /workspaces/hands-on-introduction-data-engineering-4395021/airflow/dags/extract_dag.py took 0.058 seconds
[2026-09-17T02:05:08.102+0000] {processor.py:157} INFO - Started process (PID=54044) to work on /workspaces/hands-on-introduction-data-engineering-4395021/airflow/dags/extract_dag.py
[2026-09-17T02:05:08.103+0000] {processor.py:826} INFO - Processing file /workspaces/hands-on-introduction-data-engineering-4395021/airflow/dags/extract_dag.py for tasks to queue
[2026-09-17T02:05:08.103+0000] {logging_mixin.py:150} INFO - [2026-09-17T02:05:08.103+0000] {dagbag.py:541} INFO - Filling up the DagBag from /workspaces/hands-on-introduction-data-engineering-4395021/airflow/dags/extract_dag.py
[2026-09-17T02:05:08.112+0000] {processor.py:836} INFO - DAG(s) dict_keys(['extract_dag']) retrieved from /workspaces/hands-on-introduction-data-engineering-4395021/airflow/dags/extract_dag.py
[2026-09-17T02:05:08.130+0000] {logging_mixin.py:150} INFO - [2026-09-17T02:05:08.130+0000] {dag.py:2742} INFO - Sync 1 DAGs
[2026-09-17T02:05:08.150+0000] {logging_mixin.py:150} INFO - [2026-09-17T02:05:08.150+0000] {dag.py:3504} INFO - Setting next_dagrun for extract_dag to None, run_after=None
[2026-09-17T02:05:08.166+0000] {processor.py:179} INFO - Processing /workspaces/hands-on-introduction-data-engineering-4395021/airflow/dags/extract_dag.py took 0.067 seconds
[2026-09-17T02:05:38.268+0000] {processor.py:157} INFO - Started process (PID=54214) to work on /workspaces/hands-on-introduction-data-engineering-4395021/airflow/dags/extract_dag.py
[2026-09-17T02:05:38.269+0000] {processor.py:826} INFO - Processing file /workspaces/hands-on-introduction-data-engineering-4395021/airflow/dags/extract_dag.py for tasks to queue
[2026-09-17T02:05:38.270+0000] {logging_mixin.py:150} INFO - [2026-09-17T02:05:38.269+0000] {dagbag.py:541} INFO - Filling up the DagBag from /workspaces/hands-on-introduction-data-engineering-4395021/airflow/dags/extract_dag.py
[2026-09-17T02:05:38.281+0000] {processor.py:836} INFO - DAG(s) dict_keys(['extract_dag']) retrieved from /workspaces/hands-on-introduction-data-engineering-4395021/airflow/dags/extract_dag.py
[2026-09-17T02:05:38.303+0000] {logging_mixin.py:150} INFO - [2026-09-17T02:05:38.303+0000] {dag.py:2742} INFO - Sync 1 DAGs
[2026-09-17T02:05:38.324+0000] {logging_mixin.py:150} INFO - [2026-09-17T02:05:38.324+0000] {dag.py:3504} INFO - Setting next_dagrun for extract_dag to None, run_after=None
[2026-09-17T02:05:38.356+0000] {processor.py:179} INFO - Processing /workspaces/hands-on-introduction-data-engineering-4395021/airflow/dags/extract_dag.py took 0.091 seconds
[2026-09-17T02:06:08.432+0000] {processor.py:157} INFO - Started process (PID=54383) to work on /workspaces/hands-on-introduction-data-engineering-4395021/airflow/dags/extract_dag.py
[2026-09-17T02:06:08.433+0000] {processor.py:826} INFO - Processing file /workspaces/hands-on-introduction-data-engineering-4395021/airflow/dags/extract_dag.py for tasks to queue
[2026-09-17T02:06:08.434+0000] {logging_mixin.py:150} INFO - [2026-09-17T02:06:08.433+0000] {dagbag.py:541} INFO - Filling up the DagBag from /workspaces/hands-on-introduction-data-engineering-4395021/airflow/dags/extract_dag.py
[2026-09-17T02:06:08.442+0000] {processor.py:836} INFO - DAG(s) dict_keys(['extract_dag']) retrieved from /workspaces/hands-on-introduction-data-engineering-4395021/airflow/dags/extract_dag.py
[2026-09-17T02:06:08.459+0000] {logging_mixin.py:150} INFO - [2026-09-17T02:06:08.459+0000] {dag.py:2742} INFO - Sync 1 DAGs
[2026-09-17T02:06:08.475+0000] {logging_mixin.py:150} INFO - [2026-09-17T02:06:08.475+0000] {dag.py:3504} INFO - Setting next_dagrun for extract_dag to None, run_after=None
[2026-09-17T02:06:08.497+0000] {processor.py:179} INFO - Processing /workspaces/hands-on-introduction-data-engineering-4395021/airflow/dags/extract_dag.py took 0.068 seconds
[2026-09-17T02:06:38.599+0000] {processor.py:157} INFO - Started process (PID=54553) to work on /workspaces/hands-on-introduction-data-engineering-4395021/airflow/dags/extract_dag.py
[2026-09-17T02:06:38.600+0000] {processor.py:826} INFO - Processing file /workspaces/hands-on-introduction-data-engineering-4395021/airflow/dags/extract_dag.py for tasks to queue
[2026-09-17T02:06:38.601+0000] {logging_mixin.py:150} INFO - [2026-09-17T02:06:38.601+0000] {dagbag.py:541} INFO - Filling up the DagBag from /workspaces/hands-on-introduction-data-engineering-4395021/airflow/dags/extract_dag.py
[2026-09-17T02:06:38.610+0000] {processor.py:836} INFO - DAG(s) dict_keys(['extract_dag']) retrieved from /workspaces/hands-on-introduction-data-engineering-4395021/airflow/dags/extract_dag.py
[2026-09-17T02:06:38.627+0000] {logging_mixin.py:150} INFO - [2026-09-17T02:06:38.626+0000] {dag.py:2742} INFO - Sync 1 DAGs
[2026-09-17T02:06:38.642+0000] {logging_mixin.py:150} INFO - [2026-09-17T02:06:38.642+0000] {dag.py:3504} INFO - Setting next_dagrun for extract_dag to None, run_after=None
[2026-09-17T02:06:38.657+0000] {processor.py:179} INFO - Processing /workspaces/hands-on-introduction-data-engineering-4395021/airflow/dags/extract_dag.py took 0.061 seconds
[2026-09-17T02:07:08.762+0000] {processor.py:157} INFO - Started process (PID=54722) to work on /workspaces/hands-on-introduction-data-engineering-4395021/airflow/dags/extract_dag.py
[2026-09-17T02:07:08.762+0000] {processor.py:826} INFO - Processing file /workspaces/hands-on-introduction-data-engineering-4395021/airflow/dags/extract_dag.py for tasks to queue
[2026-09-17T02:07:08.763+0000] {logging_mixin.py:150} INFO - [2026-09-17T02:07:08.763+0000] {dagbag.py:541} INFO - Filling up the DagBag from /workspaces/hands-on-introduction-data-engineering-4395021/airflow/dags/extract_dag.py
[2026-09-17T02:07:08.772+0000] {processor.py:836} INFO - DAG(s) dict_keys(['extract_dag']) retrieved from /workspaces/hands-on-introduction-data-engineering-4395021/airflow/dags/extract_dag.py
[2026-09-17T02:07:08.791+0000] {logging_mixin.py:150} INFO - [2026-09-17T02:07:08.791+0000] {dag.py:2742} INFO - Sync 1 DAGs
[2026-09-17T02:07:08.807+0000] {logging_mixin.py:150} INFO - [2026-09-17T02:07:08.807+0000] {dag.py:3504} INFO - Setting next_dagrun for extract_dag to None, run_after=None
[2026-09-17T02:07:08.823+0000] {processor.py:179} INFO - Processing /workspaces/hands-on-introduction-data-engineering-4395021/airflow/dags/extract_dag.py took 0.063 seconds
[2026-09-17T02:07:38.944+0000] {processor.py:157} INFO - Started process (PID=54936) to work on /workspaces/hands-on-introduction-data-engineering-4395021/airflow/dags/extract_dag.py
[2026-09-17T02:07:38.945+0000] {processor.py:826} INFO - Processing file /workspaces/hands-on-introduction-data-engineering-4395021/airflow/dags/extract_dag.py for tasks to queue
[2026-09-17T02:07:38.945+0000] {logging_mixin.py:150} INFO - [2026-09-17T02:07:38.945+0000] {dagbag.py:541} INFO - Filling up the DagBag from /workspaces/hands-on-introduction-data-engineering-4395021/airflow/dags/extract_dag.py
[2026-09-17T02:07:38.954+0000] {processor.py:836} INFO - DAG(s) dict_keys(['extract_dag']) retrieved from /workspaces/hands-on-introduction-data-engineering-4395021/airflow/dags/extract_dag.py
[2026-09-17T02:07:38.970+0000] {logging_mixin.py:150} INFO - [2026-09-17T02:07:38.970+0000] {dag.py:2742} INFO - Sync 1 DAGs
[2026-09-17T02:07:38.986+0000] {logging_mixin.py:150} INFO - [2026-09-17T02:07:38.985+0000] {dag.py:3504} INFO - Setting next_dagrun for extract_dag to None, run_after=None
[2026-09-17T02:07:39.002+0000] {processor.py:179} INFO - Processing /workspaces/hands-on-introduction-data-engineering-4395021/airflow/dags/extract_dag.py took 0.061 seconds
[2026-09-17T02:08:09.108+0000] {processor.py:157} INFO - Started process (PID=55103) to work on /workspaces/hands-on-introduction-data-engineering-4395021/airflow/dags/extract_dag.py
[2026-09-17T02:08:09.108+0000] {processor.py:826} INFO - Processing file /workspaces/hands-on-introduction-data-engineering-4395021/airflow/dags/extract_dag.py for tasks to queue
[2026-09-17T02:08:09.109+0000] {logging_mixin.py:150} INFO - [2026-09-17T02:08:09.109+0000] {dagbag.py:541} INFO - Filling up the DagBag from /workspaces/hands-on-introduction-data-engineering-4395021/airflow/dags/extract_dag.py
[2026-09-17T02:08:09.117+0000] {processor.py:836} INFO - DAG(s) dict_keys(['extract_dag']) retrieved from /workspaces/hands-on-introduction-data-engineering-4395021/airflow/dags/extract_dag.py
[2026-09-17T02:08:09.134+0000] {logging_mixin.py:150} INFO - [2026-09-17T02:08:09.134+0000] {dag.py:2742} INFO - Sync 1 DAGs
[2026-09-17T02:08:09.149+0000] {logging_mixin.py:150} INFO - [2026-09-17T02:08:09.148+0000] {dag.py:3504} INFO - Setting next_dagrun for extract_dag to None, run_after=None
[2026-09-17T02:08:09.164+0000] {processor.py:179} INFO - Processing /workspaces/hands-on-introduction-data-engineering-4395021/airflow/dags/extract_dag.py took 0.059 seconds
[2026-09-17T02:08:39.270+0000] {processor.py:157} INFO - Started process (PID=55270) to work on /workspaces/hands-on-introduction-data-engineering-4395021/airflow/dags/extract_dag.py
[2026-09-17T02:08:39.271+0000] {processor.py:826} INFO - Processing file /workspaces/hands-on-introduction-data-engineering-4395021/airflow/dags/extract_dag.py for tasks to queue
[2026-09-17T02:08:39.272+0000] {logging_mixin.py:150} INFO - [2026-09-17T02:08:39.271+0000] {dagbag.py:541} INFO - Filling up the DagBag from /workspaces/hands-on-introduction-data-engineering-4395021/airflow/dags/extract_dag.py
[2026-09-17T02:08:39.280+0000] {processor.py:836} INFO - DAG(s) dict_keys(['extract_dag']) retrieved from /workspaces/hands-on-introduction-data-engineering-4395021/airflow/dags/extract_dag.py
[2026-09-17T02:08:39.301+0000] {logging_mixin.py:150} INFO - [2026-09-17T02:08:39.301+0000] {dag.py:2742} INFO - Sync 1 DAGs
[2026-09-17T02:08:39.315+0000] {logging_mixin.py:150} INFO - [2026-09-17T02:08:39.315+0000] {dag.py:3504} INFO - Setting next_dagrun for extract_dag to None, run_after=None
[2026-09-17T02:08:39.331+0000] {processor.py:179} INFO - Processing /workspaces/hands-on-introduction-data-engineering-4395021/airflow/dags/extract_dag.py took 0.063 seconds
[2026-09-17T02:09:09.433+0000] {processor.py:157} INFO - Started process (PID=55438) to work on /workspaces/hands-on-introduction-data-engineering-4395021/airflow/dags/extract_dag.py
[2026-09-17T02:09:09.434+0000] {processor.py:826} INFO - Processing file /workspaces/hands-on-introduction-data-engineering-4395021/airflow/dags/extract_dag.py for tasks to queue
[2026-09-17T02:09:09.434+0000] {logging_mixin.py:150} INFO - [2026-09-17T02:09:09.434+0000] {dagbag.py:541} INFO - Filling up the DagBag from /workspaces/hands-on-introduction-data-engineering-4395021/airflow/dags/extract_dag.py
[2026-09-17T02:09:09.443+0000] {processor.py:836} INFO - DAG(s) dict_keys(['extract_dag']) retrieved from /workspaces/hands-on-introduction-data-engineering-4395021/airflow/dags/extract_dag.py
[2026-09-17T02:09:09.459+0000] {logging_mixin.py:150} INFO - [2026-09-17T02:09:09.459+0000] {dag.py:2742} INFO - Sync 1 DAGs
[2026-09-17T02:09:09.473+0000] {logging_mixin.py:150} INFO - [2026-09-17T02:09:09.473+0000] {dag.py:3504} INFO - Setting next_dagrun for extract_dag to None, run_after=None
[2026-09-17T02:09:09.496+0000] {processor.py:179} INFO - Processing /workspaces/hands-on-introduction-data-engineering-4395021/airflow/dags/extract_dag.py took 0.066 seconds
[2026-09-17T02:09:39.599+0000] {processor.py:157} INFO - Started process (PID=55607) to work on /workspaces/hands-on-introduction-data-engineering-4395021/airflow/dags/extract_dag.py
[2026-09-17T02:09:39.599+0000] {processor.py:826} INFO - Processing file /workspaces/hands-on-introduction-data-engineering-4395021/airflow/dags/extract_dag.py for tasks to queue
[2026-09-17T02:09:39.600+0000] {logging_mixin.py:150} INFO - [2026-09-17T02:09:39.600+0000] {dagbag.py:541} INFO - Filling up the DagBag from /workspaces/hands-on-introduction-data-engineering-4395021/airflow/dags/extract_dag.py
[2026-09-17T02:09:39.609+0000] {processor.py:836} INFO - DAG(s) dict_keys(['extract_dag']) retrieved from /workspaces/hands-on-introduction-data-engineering-4395021/airflow/dags/extract_dag.py
[2026-09-17T02:09:39.625+0000] {logging_mixin.py:150} INFO - [2026-09-17T02:09:39.625+0000] {dag.py:2742} INFO - Sync 1 DAGs
[2026-09-17T02:09:39.639+0000] {logging_mixin.py:150} INFO - [2026-09-17T02:09:39.639+0000] {dag.py:3504} INFO - Setting next_dagrun for extract_dag to None, run_after=None
[2026-09-17T02:09:39.656+0000] {processor.py:179} INFO - Processing /workspaces/hands-on-introduction-data-engineering-4395021/airflow/dags/extract_dag.py took 0.061 seconds
[2026-09-17T02:10:09.760+0000] {processor.py:157} INFO - Started process (PID=55776) to work on /workspaces/hands-on-introduction-data-engineering-4395021/airflow/dags/extract_dag.py
[2026-09-17T02:10:09.761+0000] {processor.py:826} INFO - Processing file /workspaces/hands-on-introduction-data-engineering-4395021/airflow/dags/extract_dag.py for tasks to queue
[2026-09-17T02:10:09.761+0000] {logging_mixin.py:150} INFO - [2026-09-17T02:10:09.761+0000] {dagbag.py:541} INFO - Filling up the DagBag from /workspaces/hands-on-introduction-data-engineering-4395021/airflow/dags/extract_dag.py
[2026-09-17T02:10:09.770+0000] {processor.py:836} INFO - DAG(s) dict_keys(['extract_dag']) retrieved from /workspaces/hands-on-introduction-data-engineering-4395021/airflow/dags/extract_dag.py
[2026-09-17T02:10:09.789+0000] {logging_mixin.py:150} INFO - [2026-09-17T02:10:09.788+0000] {dag.py:2742} INFO - Sync 1 DAGs
[2026-09-17T02:10:09.808+0000] {logging_mixin.py:150} INFO - [2026-09-17T02:10:09.808+0000] {dag.py:3504} INFO - Setting next_dagrun for extract_dag to None, run_after=None
[2026-09-17T02:10:09.823+0000] {processor.py:179} INFO - Processing /workspaces/hands-on-introduction-data-engineering-4395021/airflow/dags/extract_dag.py took 0.066 seconds
[2026-09-17T02:10:39.935+0000] {processor.py:157} INFO - Started process (PID=55945) to work on /workspaces/hands-on-introduction-data-engineering-4395021/airflow/dags/extract_dag.py
[2026-09-17T02:10:39.935+0000] {processor.py:826} INFO - Processing file /workspaces/hands-on-introduction-data-engineering-4395021/airflow/dags/extract_dag.py for tasks to queue
[2026-09-17T02:10:39.936+0000] {logging_mixin.py:150} INFO - [2026-09-17T02:10:39.936+0000] {dagbag.py:541} INFO - Filling up the DagBag from /workspaces/hands-on-introduction-data-engineering-4395021/airflow/dags/extract_dag.py
[2026-09-17T02:10:39.944+0000] {processor.py:836} INFO - DAG(s) dict_keys(['extract_dag']) retrieved from /workspaces/hands-on-introduction-data-engineering-4395021/airflow/dags/extract_dag.py
[2026-09-17T02:10:39.960+0000] {logging_mixin.py:150} INFO - [2026-09-17T02:10:39.960+0000] {dag.py:2742} INFO - Sync 1 DAGs
[2026-09-17T02:10:39.975+0000] {logging_mixin.py:150} INFO - [2026-09-17T02:10:39.975+0000] {dag.py:3504} INFO - Setting next_dagrun for extract_dag to None, run_after=None
[2026-09-17T02:10:39.992+0000] {processor.py:179} INFO - Processing /workspaces/hands-on-introduction-data-engineering-4395021/airflow/dags/extract_dag.py took 0.060 seconds
[2026-09-17T02:11:10.102+0000] {processor.py:157} INFO - Started process (PID=56113) to work on /workspaces/hands-on-introduction-data-engineering-4395021/airflow/dags/extract_dag.py
[2026-09-17T02:11:10.103+0000] {processor.py:826} INFO - Processing file /workspaces/hands-on-introduction-data-engineering-4395021/airflow/dags/extract_dag.py for tasks to queue
[2026-09-17T02:11:10.104+0000] {logging_mixin.py:150} INFO - [2026-09-17T02:11:10.104+0000] {dagbag.py:541} INFO - Filling up the DagBag from /workspaces/hands-on-introduction-data-engineering-4395021/airflow/dags/extract_dag.py
[2026-09-17T02:11:10.112+0000] {processor.py:836} INFO - DAG(s) dict_keys(['extract_dag']) retrieved from /workspaces/hands-on-introduction-data-engineering-4395021/airflow/dags/extract_dag.py
[2026-09-17T02:11:10.129+0000] {logging_mixin.py:150} INFO - [2026-09-17T02:11:10.128+0000] {dag.py:2742} INFO - Sync 1 DAGs
[2026-09-17T02:11:10.143+0000] {logging_mixin.py:150} INFO - [2026-09-17T02:11:10.143+0000] {dag.py:3504} INFO - Setting next_dagrun for extract_dag to None, run_after=None
[2026-09-17T02:11:10.164+0000] {processor.py:179} INFO - Processing /workspaces/hands-on-introduction-data-engineering-4395021/airflow/dags/extract_dag.py took 0.065 seconds
[2026-09-17T02:11:40.266+0000] {processor.py:157} INFO - Started process (PID=56282) to work on /workspaces/hands-on-introduction-data-engineering-4395021/airflow/dags/extract_dag.py
[2026-09-17T02:11:40.267+0000] {processor.py:826} INFO - Processing file /workspaces/hands-on-introduction-data-engineering-4395021/airflow/dags/extract_dag.py for tasks to queue
[2026-09-17T02:11:40.268+0000] {logging_mixin.py:150} INFO - [2026-09-17T02:11:40.267+0000] {dagbag.py:541} INFO - Filling up the DagBag from /workspaces/hands-on-introduction-data-engineering-4395021/airflow/dags/extract_dag.py
[2026-09-17T02:11:40.279+0000] {processor.py:836} INFO - DAG(s) dict_keys(['extract_dag']) retrieved from /workspaces/hands-on-introduction-data-engineering-4395021/airflow/dags/extract_dag.py
[2026-09-17T02:11:40.303+0000] {logging_mixin.py:150} INFO - [2026-09-17T02:11:40.302+0000] {dag.py:2742} INFO - Sync 1 DAGs
[2026-09-17T02:11:40.323+0000] {logging_mixin.py:150} INFO - [2026-09-17T02:11:40.323+0000] {dag.py:3504} INFO - Setting next_dagrun for extract_dag to None, run_after=None
[2026-09-17T02:11:40.339+0000] {processor.py:179} INFO - Processing /workspaces/hands-on-introduction-data-engineering-4395021/airflow/dags/extract_dag.py took 0.077 seconds
[2026-09-17T02:12:10.426+0000] {processor.py:157} INFO - Started process (PID=56451) to work on /workspaces/hands-on-introduction-data-engineering-4395021/airflow/dags/extract_dag.py
[2026-09-17T02:12:10.427+0000] {processor.py:826} INFO - Processing file /workspaces/hands-on-introduction-data-engineering-4395021/airflow/dags/extract_dag.py for tasks to queue
[2026-09-17T02:12:10.427+0000] {logging_mixin.py:150} INFO - [2026-09-17T02:12:10.427+0000] {dagbag.py:541} INFO - Filling up the DagBag from /workspaces/hands-on-introduction-data-engineering-4395021/airflow/dags/extract_dag.py
[2026-09-17T02:12:10.436+0000] {processor.py:836} INFO - DAG(s) dict_keys(['extract_dag']) retrieved from /workspaces/hands-on-introduction-data-engineering-4395021/airflow/dags/extract_dag.py
[2026-09-17T02:12:10.452+0000] {logging_mixin.py:150} INFO - [2026-09-17T02:12:10.452+0000] {dag.py:2742} INFO - Sync 1 DAGs
[2026-09-17T02:12:10.466+0000] {logging_mixin.py:150} INFO - [2026-09-17T02:12:10.466+0000] {dag.py:3504} INFO - Setting next_dagrun for extract_dag to None, run_after=None
[2026-09-17T02:12:10.483+0000] {processor.py:179} INFO - Processing /workspaces/hands-on-introduction-data-engineering-4395021/airflow/dags/extract_dag.py took 0.059 seconds
[2026-09-17T02:12:40.594+0000] {processor.py:157} INFO - Started process (PID=56663) to work on /workspaces/hands-on-introduction-data-engineering-4395021/airflow/dags/extract_dag.py
[2026-09-17T02:12:40.595+0000] {processor.py:826} INFO - Processing file /workspaces/hands-on-introduction-data-engineering-4395021/airflow/dags/extract_dag.py for tasks to queue
[2026-09-17T02:12:40.596+0000] {logging_mixin.py:150} INFO - [2026-09-17T02:12:40.595+0000] {dagbag.py:541} INFO - Filling up the DagBag from /workspaces/hands-on-introduction-data-engineering-4395021/airflow/dags/extract_dag.py
[2026-09-17T02:12:40.605+0000] {processor.py:836} INFO - DAG(s) dict_keys(['extract_dag']) retrieved from /workspaces/hands-on-introduction-data-engineering-4395021/airflow/dags/extract_dag.py
[2026-09-17T02:12:40.625+0000] {logging_mixin.py:150} INFO - [2026-09-17T02:12:40.625+0000] {dag.py:2742} INFO - Sync 1 DAGs
[2026-09-17T02:12:40.641+0000] {logging_mixin.py:150} INFO - [2026-09-17T02:12:40.641+0000] {dag.py:3504} INFO - Setting next_dagrun for extract_dag to None, run_after=None
[2026-09-17T02:12:40.656+0000] {processor.py:179} INFO - Processing /workspaces/hands-on-introduction-data-engineering-4395021/airflow/dags/extract_dag.py took 0.065 seconds
[2026-09-17T02:13:10.756+0000] {processor.py:157} INFO - Started process (PID=56834) to work on /workspaces/hands-on-introduction-data-engineering-4395021/airflow/dags/extract_dag.py
[2026-09-17T02:13:10.757+0000] {processor.py:826} INFO - Processing file /workspaces/hands-on-introduction-data-engineering-4395021/airflow/dags/extract_dag.py for tasks to queue
[2026-09-17T02:13:10.757+0000] {logging_mixin.py:150} INFO - [2026-09-17T02:13:10.757+0000] {dagbag.py:541} INFO - Filling up the DagBag from /workspaces/hands-on-introduction-data-engineering-4395021/airflow/dags/extract_dag.py
[2026-09-17T02:13:10.766+0000] {processor.py:836} INFO - DAG(s) dict_keys(['extract_dag']) retrieved from /workspaces/hands-on-introduction-data-engineering-4395021/airflow/dags/extract_dag.py
[2026-09-17T02:13:10.783+0000] {logging_mixin.py:150} INFO - [2026-09-17T02:13:10.783+0000] {dag.py:2742} INFO - Sync 1 DAGs
[2026-09-17T02:13:10.802+0000] {logging_mixin.py:150} INFO - [2026-09-17T02:13:10.802+0000] {dag.py:3504} INFO - Setting next_dagrun for extract_dag to None, run_after=None
[2026-09-17T02:13:10.819+0000] {processor.py:179} INFO - Processing /workspaces/hands-on-introduction-data-engineering-4395021/airflow/dags/extract_dag.py took 0.065 seconds
[2026-09-17T02:13:40.925+0000] {processor.py:157} INFO - Started process (PID=57003) to work on /workspaces/hands-on-introduction-data-engineering-4395021/airflow/dags/extract_dag.py
[2026-09-17T02:13:40.926+0000] {processor.py:826} INFO - Processing file /workspaces/hands-on-introduction-data-engineering-4395021/airflow/dags/extract_dag.py for tasks to queue
[2026-09-17T02:13:40.927+0000] {logging_mixin.py:150} INFO - [2026-09-17T02:13:40.926+0000] {dagbag.py:541} INFO - Filling up the DagBag from /workspaces/hands-on-introduction-data-engineering-4395021/airflow/dags/extract_dag.py
[2026-09-17T02:13:40.935+0000] {processor.py:836} INFO - DAG(s) dict_keys(['extract_dag']) retrieved from /workspaces/hands-on-introduction-data-engineering-4395021/airflow/dags/extract_dag.py
[2026-09-17T02:13:40.952+0000] {logging_mixin.py:150} INFO - [2026-09-17T02:13:40.951+0000] {dag.py:2742} INFO - Sync 1 DAGs
[2026-09-17T02:13:40.965+0000] {logging_mixin.py:150} INFO - [2026-09-17T02:13:40.965+0000] {dag.py:3504} INFO - Setting next_dagrun for extract_dag to None, run_after=None
[2026-09-17T02:13:40.981+0000] {processor.py:179} INFO - Processing /workspaces/hands-on-introduction-data-engineering-4395021/airflow/dags/extract_dag.py took 0.058 seconds
[2026-09-17T02:14:11.090+0000] {processor.py:157} INFO - Started process (PID=57172) to work on /workspaces/hands-on-introduction-data-engineering-4395021/airflow/dags/extract_dag.py
[2026-09-17T02:14:11.092+0000] {processor.py:826} INFO - Processing file /workspaces/hands-on-introduction-data-engineering-4395021/airflow/dags/extract_dag.py for tasks to queue
[2026-09-17T02:14:11.092+0000] {logging_mixin.py:150} INFO - [2026-09-17T02:14:11.092+0000] {dagbag.py:541} INFO - Filling up the DagBag from /workspaces/hands-on-introduction-data-engineering-4395021/airflow/dags/extract_dag.py
[2026-09-17T02:14:11.103+0000] {processor.py:836} INFO - DAG(s) dict_keys(['extract_dag']) retrieved from /workspaces/hands-on-introduction-data-engineering-4395021/airflow/dags/extract_dag.py
[2026-09-17T02:14:11.119+0000] {logging_mixin.py:150} INFO - [2026-09-17T02:14:11.119+0000] {dag.py:2742} INFO - Sync 1 DAGs
[2026-09-17T02:14:11.135+0000] {logging_mixin.py:150} INFO - [2026-09-17T02:14:11.134+0000] {dag.py:3504} INFO - Setting next_dagrun for extract_dag to None, run_after=None
[2026-09-17T02:14:11.150+0000] {processor.py:179} INFO - Processing /workspaces/hands-on-introduction-data-engineering-4395021/airflow/dags/extract_dag.py took 0.064 seconds
[2026-09-17T02:14:41.254+0000] {processor.py:157} INFO - Started process (PID=57341) to work on /workspaces/hands-on-introduction-data-engineering-4395021/airflow/dags/extract_dag.py
[2026-09-17T02:14:41.255+0000] {processor.py:826} INFO - Processing file /workspaces/hands-on-introduction-data-engineering-4395021/airflow/dags/extract_dag.py for tasks to queue
[2026-09-17T02:14:41.256+0000] {logging_mixin.py:150} INFO - [2026-09-17T02:14:41.256+0000] {dagbag.py:541} INFO - Filling up the DagBag from /workspaces/hands-on-introduction-data-engineering-4395021/airflow/dags/extract_dag.py
[2026-09-17T02:14:41.264+0000] {processor.py:836} INFO - DAG(s) dict_keys(['extract_dag']) retrieved from /workspaces/hands-on-introduction-data-engineering-4395021/airflow/dags/extract_dag.py
[2026-09-17T02:14:41.280+0000] {logging_mixin.py:150} INFO - [2026-09-17T02:14:41.280+0000] {dag.py:2742} INFO - Sync 1 DAGs
[2026-09-17T02:14:41.299+0000] {logging_mixin.py:150} INFO - [2026-09-17T02:14:41.299+0000] {dag.py:3504} INFO - Setting next_dagrun for extract_dag to None, run_after=None
[2026-09-17T02:14:41.317+0000] {processor.py:179} INFO - Processing /workspaces/hands-on-introduction-data-engineering-4395021/airflow/dags/extract_dag.py took 0.065 seconds
[2026-09-17T02:15:11.420+0000] {processor.py:157} INFO - Started process (PID=57510) to work on /workspaces/hands-on-introduction-data-engineering-4395021/airflow/dags/extract_dag.py
[2026-09-17T02:15:11.421+0000] {processor.py:826} INFO - Processing file /workspaces/hands-on-introduction-data-engineering-4395021/airflow/dags/extract_dag.py for tasks to queue
[2026-09-17T02:15:11.422+0000] {logging_mixin.py:150} INFO - [2026-09-17T02:15:11.421+0000] {dagbag.py:541} INFO - Filling up the DagBag from /workspaces/hands-on-introduction-data-engineering-4395021/airflow/dags/extract_dag.py
[2026-09-17T02:15:11.430+0000] {processor.py:836} INFO - DAG(s) dict_keys(['extract_dag']) retrieved from /workspaces/hands-on-introduction-data-engineering-4395021/airflow/dags/extract_dag.py
[2026-09-17T02:15:11.447+0000] {logging_mixin.py:150} INFO - [2026-09-17T02:15:11.447+0000] {dag.py:2742} INFO - Sync 1 DAGs
[2026-09-17T02:15:11.465+0000] {logging_mixin.py:150} INFO - [2026-09-17T02:15:11.465+0000] {dag.py:3504} INFO - Setting next_dagrun for extract_dag to None, run_after=None
[2026-09-17T02:15:11.491+0000] {processor.py:179} INFO - Processing /workspaces/hands-on-introduction-data-engineering-4395021/airflow/dags/extract_dag.py took 0.073 seconds
[2026-09-17T02:15:41.595+0000] {processor.py:157} INFO - Started process (PID=57679) to work on /workspaces/hands-on-introduction-data-engineering-4395021/airflow/dags/extract_dag.py
[2026-09-17T02:15:41.596+0000] {processor.py:826} INFO - Processing file /workspaces/hands-on-introduction-data-engineering-4395021/airflow/dags/extract_dag.py for tasks to queue
[2026-09-17T02:15:41.597+0000] {logging_mixin.py:150} INFO - [2026-09-17T02:15:41.597+0000] {dagbag.py:541} INFO - Filling up the DagBag from /workspaces/hands-on-introduction-data-engineering-4395021/airflow/dags/extract_dag.py
[2026-09-17T02:15:41.606+0000] {processor.py:836} INFO - DAG(s) dict_keys(['extract_dag']) retrieved from /workspaces/hands-on-introduction-data-engineering-4395021/airflow/dags/extract_dag.py
[2026-09-17T02:15:41.622+0000] {logging_mixin.py:150} INFO - [2026-09-17T02:15:41.622+0000] {dag.py:2742} INFO - Sync 1 DAGs
[2026-09-17T02:15:41.637+0000] {logging_mixin.py:150} INFO - [2026-09-17T02:15:41.636+0000] {dag.py:3504} INFO - Setting next_dagrun for extract_dag to None, run_after=None
[2026-09-17T02:15:41.652+0000] {processor.py:179} INFO - Processing /workspaces/hands-on-introduction-data-engineering-4395021/airflow/dags/extract_dag.py took 0.059 seconds
[2026-09-17T02:16:11.757+0000] {processor.py:157} INFO - Started process (PID=57846) to work on /workspaces/hands-on-introduction-data-engineering-4395021/airflow/dags/extract_dag.py
[2026-09-17T02:16:11.757+0000] {processor.py:826} INFO - Processing file /workspaces/hands-on-introduction-data-engineering-4395021/airflow/dags/extract_dag.py for tasks to queue
[2026-09-17T02:16:11.758+0000] {logging_mixin.py:150} INFO - [2026-09-17T02:16:11.758+0000] {dagbag.py:541} INFO - Filling up the DagBag from /workspaces/hands-on-introduction-data-engineering-4395021/airflow/dags/extract_dag.py
[2026-09-17T02:16:11.767+0000] {processor.py:836} INFO - DAG(s) dict_keys(['extract_dag']) retrieved from /workspaces/hands-on-introduction-data-engineering-4395021/airflow/dags/extract_dag.py
[2026-09-17T02:16:11.783+0000] {logging_mixin.py:150} INFO - [2026-09-17T02:16:11.783+0000] {dag.py:2742} INFO - Sync 1 DAGs
[2026-09-17T02:16:11.803+0000] {logging_mixin.py:150} INFO - [2026-09-17T02:16:11.803+0000] {dag.py:3504} INFO - Setting next_dagrun for extract_dag to None, run_after=None
[2026-09-17T02:16:11.818+0000] {processor.py:179} INFO - Processing /workspaces/hands-on-introduction-data-engineering-4395021/airflow/dags/extract_dag.py took 0.064 seconds
[2026-09-17T02:16:41.924+0000] {processor.py:157} INFO - Started process (PID=58014) to work on /workspaces/hands-on-introduction-data-engineering-4395021/airflow/dags/extract_dag.py
[2026-09-17T02:16:41.924+0000] {processor.py:826} INFO - Processing file /workspaces/hands-on-introduction-data-engineering-4395021/airflow/dags/extract_dag.py for tasks to queue
[2026-09-17T02:16:41.925+0000] {logging_mixin.py:150} INFO - [2026-09-17T02:16:41.925+0000] {dagbag.py:541} INFO - Filling up the DagBag from /workspaces/hands-on-introduction-data-engineering-4395021/airflow/dags/extract_dag.py
[2026-09-17T02:16:41.934+0000] {processor.py:836} INFO - DAG(s) dict_keys(['extract_dag']) retrieved from /workspaces/hands-on-introduction-data-engineering-4395021/airflow/dags/extract_dag.py
[2026-09-17T02:16:41.950+0000] {logging_mixin.py:150} INFO - [2026-09-17T02:16:41.949+0000] {dag.py:2742} INFO - Sync 1 DAGs
[2026-09-17T02:16:41.963+0000] {logging_mixin.py:150} INFO - [2026-09-17T02:16:41.963+0000] {dag.py:3504} INFO - Setting next_dagrun for extract_dag to None, run_after=None
[2026-09-17T02:16:41.979+0000] {processor.py:179} INFO - Processing /workspaces/hands-on-introduction-data-engineering-4395021/airflow/dags/extract_dag.py took 0.058 seconds
[2026-09-17T02:17:12.088+0000] {processor.py:157} INFO - Started process (PID=58183) to work on /workspaces/hands-on-introduction-data-engineering-4395021/airflow/dags/extract_dag.py
[2026-09-17T02:17:12.089+0000] {processor.py:826} INFO - Processing file /workspaces/hands-on-introduction-data-engineering-4395021/airflow/dags/extract_dag.py for tasks to queue
[2026-09-17T02:17:12.090+0000] {logging_mixin.py:150} INFO - [2026-09-17T02:17:12.090+0000] {dagbag.py:541} INFO - Filling up the DagBag from /workspaces/hands-on-introduction-data-engineering-4395021/airflow/dags/extract_dag.py
[2026-09-17T02:17:12.101+0000] {processor.py:836} INFO - DAG(s) dict_keys(['extract_dag']) retrieved from /workspaces/hands-on-introduction-data-engineering-4395021/airflow/dags/extract_dag.py
[2026-09-17T02:17:12.117+0000] {logging_mixin.py:150} INFO - [2026-09-17T02:17:12.117+0000] {dag.py:2742} INFO - Sync 1 DAGs
[2026-09-17T02:17:12.131+0000] {logging_mixin.py:150} INFO - [2026-09-17T02:17:12.131+0000] {dag.py:3504} INFO - Setting next_dagrun for extract_dag to None, run_after=None
[2026-09-17T02:17:12.148+0000] {processor.py:179} INFO - Processing /workspaces/hands-on-introduction-data-engineering-4395021/airflow/dags/extract_dag.py took 0.063 seconds
[2026-09-17T02:17:42.262+0000] {processor.py:157} INFO - Started process (PID=58396) to work on /workspaces/hands-on-introduction-data-engineering-4395021/airflow/dags/extract_dag.py
[2026-09-17T02:17:42.262+0000] {processor.py:826} INFO - Processing file /workspaces/hands-on-introduction-data-engineering-4395021/airflow/dags/extract_dag.py for tasks to queue
[2026-09-17T02:17:42.263+0000] {logging_mixin.py:150} INFO - [2026-09-17T02:17:42.263+0000] {dagbag.py:541} INFO - Filling up the DagBag from /workspaces/hands-on-introduction-data-engineering-4395021/airflow/dags/extract_dag.py
[2026-09-17T02:17:42.271+0000] {processor.py:836} INFO - DAG(s) dict_keys(['extract_dag']) retrieved from /workspaces/hands-on-introduction-data-engineering-4395021/airflow/dags/extract_dag.py
[2026-09-17T02:17:42.288+0000] {logging_mixin.py:150} INFO - [2026-09-17T02:17:42.288+0000] {dag.py:2742} INFO - Sync 1 DAGs
[2026-09-17T02:17:42.306+0000] {logging_mixin.py:150} INFO - [2026-09-17T02:17:42.305+0000] {dag.py:3504} INFO - Setting next_dagrun for extract_dag to None, run_after=None
[2026-09-17T02:17:42.321+0000] {processor.py:179} INFO - Processing /workspaces/hands-on-introduction-data-engineering-4395021/airflow/dags/extract_dag.py took 0.063 seconds
[2026-09-17T02:18:12.422+0000] {processor.py:157} INFO - Started process (PID=58566) to work on /workspaces/hands-on-introduction-data-engineering-4395021/airflow/dags/extract_dag.py
[2026-09-17T02:18:12.422+0000] {processor.py:826} INFO - Processing file /workspaces/hands-on-introduction-data-engineering-4395021/airflow/dags/extract_dag.py for tasks to queue
[2026-09-17T02:18:12.423+0000] {logging_mixin.py:150} INFO - [2026-09-17T02:18:12.423+0000] {dagbag.py:541} INFO - Filling up the DagBag from /workspaces/hands-on-introduction-data-engineering-4395021/airflow/dags/extract_dag.py
[2026-09-17T02:18:12.432+0000] {processor.py:836} INFO - DAG(s) dict_keys(['extract_dag']) retrieved from /workspaces/hands-on-introduction-data-engineering-4395021/airflow/dags/extract_dag.py
[2026-09-17T02:18:12.449+0000] {logging_mixin.py:150} INFO - [2026-09-17T02:18:12.449+0000] {dag.py:2742} INFO - Sync 1 DAGs
[2026-09-17T02:18:12.465+0000] {logging_mixin.py:150} INFO - [2026-09-17T02:18:12.464+0000] {dag.py:3504} INFO - Setting next_dagrun for extract_dag to None, run_after=None
[2026-09-17T02:18:12.484+0000] {processor.py:179} INFO - Processing /workspaces/hands-on-introduction-data-engineering-4395021/airflow/dags/extract_dag.py took 0.065 seconds
[2026-09-17T02:18:42.602+0000] {processor.py:157} INFO - Started process (PID=58735) to work on /workspaces/hands-on-introduction-data-engineering-4395021/airflow/dags/extract_dag.py
[2026-09-17T02:18:42.603+0000] {processor.py:826} INFO - Processing file /workspaces/hands-on-introduction-data-engineering-4395021/airflow/dags/extract_dag.py for tasks to queue
[2026-09-17T02:18:42.604+0000] {logging_mixin.py:150} INFO - [2026-09-17T02:18:42.603+0000] {dagbag.py:541} INFO - Filling up the DagBag from /workspaces/hands-on-introduction-data-engineering-4395021/airflow/dags/extract_dag.py
[2026-09-17T02:18:42.613+0000] {processor.py:836} INFO - DAG(s) dict_keys(['extract_dag']) retrieved from /workspaces/hands-on-introduction-data-engineering-4395021/airflow/dags/extract_dag.py
[2026-09-17T02:18:42.629+0000] {logging_mixin.py:150} INFO - [2026-09-17T02:18:42.629+0000] {dag.py:2742} INFO - Sync 1 DAGs
[2026-09-17T02:18:42.645+0000] {logging_mixin.py:150} INFO - [2026-09-17T02:18:42.645+0000] {dag.py:3504} INFO - Setting next_dagrun for extract_dag to None, run_after=None
[2026-09-17T02:18:42.660+0000] {processor.py:179} INFO - Processing /workspaces/hands-on-introduction-data-engineering-4395021/airflow/dags/extract_dag.py took 0.061 seconds
[2026-09-17T02:19:12.764+0000] {processor.py:157} INFO - Started process (PID=58904) to work on /workspaces/hands-on-introduction-data-engineering-4395021/airflow/dags/extract_dag.py
[2026-09-17T02:19:12.764+0000] {processor.py:826} INFO - Processing file /workspaces/hands-on-introduction-data-engineering-4395021/airflow/dags/extract_dag.py for tasks to queue
[2026-09-17T02:19:12.765+0000] {logging_mixin.py:150} INFO - [2026-09-17T02:19:12.765+0000] {dagbag.py:541} INFO - Filling up the DagBag from /workspaces/hands-on-introduction-data-engineering-4395021/airflow/dags/extract_dag.py
[2026-09-17T02:19:12.776+0000] {processor.py:836} INFO - DAG(s) dict_keys(['extract_dag']) retrieved from /workspaces/hands-on-introduction-data-engineering-4395021/airflow/dags/extract_dag.py
[2026-09-17T02:19:12.805+0000] {logging_mixin.py:150} INFO - [2026-09-17T02:19:12.805+0000] {dag.py:2742} INFO - Sync 1 DAGs
[2026-09-17T02:19:12.826+0000] {logging_mixin.py:150} INFO - [2026-09-17T02:19:12.826+0000] {dag.py:3504} INFO - Setting next_dagrun for extract_dag to None, run_after=None
[2026-09-17T02:19:12.847+0000] {processor.py:179} INFO - Processing /workspaces/hands-on-introduction-data-engineering-4395021/airflow/dags/extract_dag.py took 0.087 seconds
[2026-09-17T02:19:42.931+0000] {processor.py:157} INFO - Started process (PID=59073) to work on /workspaces/hands-on-introduction-data-engineering-4395021/airflow/dags/extract_dag.py
[2026-09-17T02:19:42.932+0000] {processor.py:826} INFO - Processing file /workspaces/hands-on-introduction-data-engineering-4395021/airflow/dags/extract_dag.py for tasks to queue
[2026-09-17T02:19:42.932+0000] {logging_mixin.py:150} INFO - [2026-09-17T02:19:42.932+0000] {dagbag.py:541} INFO - Filling up the DagBag from /workspaces/hands-on-introduction-data-engineering-4395021/airflow/dags/extract_dag.py
[2026-09-17T02:19:42.940+0000] {processor.py:836} INFO - DAG(s) dict_keys(['extract_dag']) retrieved from /workspaces/hands-on-introduction-data-engineering-4395021/airflow/dags/extract_dag.py
[2026-09-17T02:19:42.957+0000] {logging_mixin.py:150} INFO - [2026-09-17T02:19:42.957+0000] {dag.py:2742} INFO - Sync 1 DAGs
[2026-09-17T02:19:42.971+0000] {logging_mixin.py:150} INFO - [2026-09-17T02:19:42.971+0000] {dag.py:3504} INFO - Setting next_dagrun for extract_dag to None, run_after=None
[2026-09-17T02:19:42.988+0000] {processor.py:179} INFO - Processing /workspaces/hands-on-introduction-data-engineering-4395021/airflow/dags/extract_dag.py took 0.061 seconds
[2026-09-17T02:20:13.105+0000] {processor.py:157} INFO - Started process (PID=59243) to work on /workspaces/hands-on-introduction-data-engineering-4395021/airflow/dags/extract_dag.py
[2026-09-17T02:20:13.106+0000] {processor.py:826} INFO - Processing file /workspaces/hands-on-introduction-data-engineering-4395021/airflow/dags/extract_dag.py for tasks to queue
[2026-09-17T02:20:13.107+0000] {logging_mixin.py:150} INFO - [2026-09-17T02:20:13.107+0000] {dagbag.py:541} INFO - Filling up the DagBag from /workspaces/hands-on-introduction-data-engineering-4395021/airflow/dags/extract_dag.py
[2026-09-17T02:20:13.124+0000] {processor.py:836} INFO - DAG(s) dict_keys(['extract_dag']) retrieved from /workspaces/hands-on-introduction-data-engineering-4395021/airflow/dags/extract_dag.py
[2026-09-17T02:20:13.147+0000] {logging_mixin.py:150} INFO - [2026-09-17T02:20:13.147+0000] {dag.py:2742} INFO - Sync 1 DAGs
[2026-09-17T02:20:13.171+0000] {logging_mixin.py:150} INFO - [2026-09-17T02:20:13.171+0000] {dag.py:3504} INFO - Setting next_dagrun for extract_dag to None, run_after=None
[2026-09-17T02:20:13.194+0000] {processor.py:179} INFO - Processing /workspaces/hands-on-introduction-data-engineering-4395021/airflow/dags/extract_dag.py took 0.093 seconds
[2026-09-17T02:20:43.269+0000] {processor.py:157} INFO - Started process (PID=59410) to work on /workspaces/hands-on-introduction-data-engineering-4395021/airflow/dags/extract_dag.py
[2026-09-17T02:20:43.269+0000] {processor.py:826} INFO - Processing file /workspaces/hands-on-introduction-data-engineering-4395021/airflow/dags/extract_dag.py for tasks to queue
[2026-09-17T02:20:43.270+0000] {logging_mixin.py:150} INFO - [2026-09-17T02:20:43.270+0000] {dagbag.py:541} INFO - Filling up the DagBag from /workspaces/hands-on-introduction-data-engineering-4395021/airflow/dags/extract_dag.py
[2026-09-17T02:20:43.278+0000] {processor.py:836} INFO - DAG(s) dict_keys(['extract_dag']) retrieved from /workspaces/hands-on-introduction-data-engineering-4395021/airflow/dags/extract_dag.py
[2026-09-17T02:20:43.297+0000] {logging_mixin.py:150} INFO - [2026-09-17T02:20:43.297+0000] {dag.py:2742} INFO - Sync 1 DAGs
[2026-09-17T02:20:43.312+0000] {logging_mixin.py:150} INFO - [2026-09-17T02:20:43.312+0000] {dag.py:3504} INFO - Setting next_dagrun for extract_dag to None, run_after=None
[2026-09-17T02:20:43.329+0000] {processor.py:179} INFO - Processing /workspaces/hands-on-introduction-data-engineering-4395021/airflow/dags/extract_dag.py took 0.063 seconds
[2026-09-17T02:21:13.439+0000] {processor.py:157} INFO - Started process (PID=59581) to work on /workspaces/hands-on-introduction-data-engineering-4395021/airflow/dags/extract_dag.py
[2026-09-17T02:21:13.440+0000] {processor.py:826} INFO - Processing file /workspaces/hands-on-introduction-data-engineering-4395021/airflow/dags/extract_dag.py for tasks to queue
[2026-09-17T02:21:13.441+0000] {logging_mixin.py:150} INFO - [2026-09-17T02:21:13.440+0000] {dagbag.py:541} INFO - Filling up the DagBag from /workspaces/hands-on-introduction-data-engineering-4395021/airflow/dags/extract_dag.py
[2026-09-17T02:21:13.452+0000] {processor.py:836} INFO - DAG(s) dict_keys(['extract_dag']) retrieved from /workspaces/hands-on-introduction-data-engineering-4395021/airflow/dags/extract_dag.py
[2026-09-17T02:21:13.472+0000] {logging_mixin.py:150} INFO - [2026-09-17T02:21:13.472+0000] {dag.py:2742} INFO - Sync 1 DAGs
[2026-09-17T02:21:13.487+0000] {logging_mixin.py:150} INFO - [2026-09-17T02:21:13.487+0000] {dag.py:3504} INFO - Setting next_dagrun for extract_dag to None, run_after=None
[2026-09-17T02:21:13.507+0000] {processor.py:179} INFO - Processing /workspaces/hands-on-introduction-data-engineering-4395021/airflow/dags/extract_dag.py took 0.071 seconds
[2026-09-17T02:21:43.556+0000] {processor.py:157} INFO - Started process (PID=59747) to work on /workspaces/hands-on-introduction-data-engineering-4395021/airflow/dags/extract_dag.py
[2026-09-17T02:21:43.557+0000] {processor.py:826} INFO - Processing file /workspaces/hands-on-introduction-data-engineering-4395021/airflow/dags/extract_dag.py for tasks to queue
[2026-09-17T02:21:43.557+0000] {logging_mixin.py:150} INFO - [2026-09-17T02:21:43.557+0000] {dagbag.py:541} INFO - Filling up the DagBag from /workspaces/hands-on-introduction-data-engineering-4395021/airflow/dags/extract_dag.py
[2026-09-17T02:21:43.565+0000] {processor.py:836} INFO - DAG(s) dict_keys(['extract_dag']) retrieved from /workspaces/hands-on-introduction-data-engineering-4395021/airflow/dags/extract_dag.py
[2026-09-17T02:21:43.587+0000] {logging_mixin.py:150} INFO - [2026-09-17T02:21:43.586+0000] {dag.py:2742} INFO - Sync 1 DAGs
[2026-09-17T02:21:43.607+0000] {logging_mixin.py:150} INFO - [2026-09-17T02:21:43.607+0000] {dag.py:3504} INFO - Setting next_dagrun for extract_dag to None, run_after=None
[2026-09-17T02:21:43.637+0000] {processor.py:179} INFO - Processing /workspaces/hands-on-introduction-data-engineering-4395021/airflow/dags/extract_dag.py took 0.083 seconds
[2026-09-17T02:22:13.724+0000] {processor.py:157} INFO - Started process (PID=59919) to work on /workspaces/hands-on-introduction-data-engineering-4395021/airflow/dags/extract_dag.py
[2026-09-17T02:22:13.725+0000] {processor.py:826} INFO - Processing file /workspaces/hands-on-introduction-data-engineering-4395021/airflow/dags/extract_dag.py for tasks to queue
[2026-09-17T02:22:13.727+0000] {logging_mixin.py:150} INFO - [2026-09-17T02:22:13.726+0000] {dagbag.py:541} INFO - Filling up the DagBag from /workspaces/hands-on-introduction-data-engineering-4395021/airflow/dags/extract_dag.py
[2026-09-17T02:22:13.745+0000] {processor.py:836} INFO - DAG(s) dict_keys(['extract_dag']) retrieved from /workspaces/hands-on-introduction-data-engineering-4395021/airflow/dags/extract_dag.py
[2026-09-17T02:22:13.777+0000] {logging_mixin.py:150} INFO - [2026-09-17T02:22:13.777+0000] {dag.py:2742} INFO - Sync 1 DAGs
[2026-09-17T02:22:13.798+0000] {logging_mixin.py:150} INFO - [2026-09-17T02:22:13.798+0000] {dag.py:3504} INFO - Setting next_dagrun for extract_dag to None, run_after=None
[2026-09-17T02:22:13.826+0000] {processor.py:179} INFO - Processing /workspaces/hands-on-introduction-data-engineering-4395021/airflow/dags/extract_dag.py took 0.105 seconds
[2026-09-17T02:22:43.973+0000] {processor.py:157} INFO - Started process (PID=60130) to work on /workspaces/hands-on-introduction-data-engineering-4395021/airflow/dags/extract_dag.py
[2026-09-17T02:22:43.974+0000] {processor.py:826} INFO - Processing file /workspaces/hands-on-introduction-data-engineering-4395021/airflow/dags/extract_dag.py for tasks to queue
[2026-09-17T02:22:43.975+0000] {logging_mixin.py:150} INFO - [2026-09-17T02:22:43.975+0000] {dagbag.py:541} INFO - Filling up the DagBag from /workspaces/hands-on-introduction-data-engineering-4395021/airflow/dags/extract_dag.py
[2026-09-17T02:22:43.984+0000] {processor.py:836} INFO - DAG(s) dict_keys(['extract_dag']) retrieved from /workspaces/hands-on-introduction-data-engineering-4395021/airflow/dags/extract_dag.py
[2026-09-17T02:22:44.004+0000] {logging_mixin.py:150} INFO - [2026-09-17T02:22:44.003+0000] {dag.py:2742} INFO - Sync 1 DAGs
[2026-09-17T02:22:44.018+0000] {logging_mixin.py:150} INFO - [2026-09-17T02:22:44.018+0000] {dag.py:3504} INFO - Setting next_dagrun for extract_dag to None, run_after=None
[2026-09-17T02:22:44.033+0000] {processor.py:179} INFO - Processing /workspaces/hands-on-introduction-data-engineering-4395021/airflow/dags/extract_dag.py took 0.062 seconds
[2026-09-17T02:23:14.136+0000] {processor.py:157} INFO - Started process (PID=60306) to work on /workspaces/hands-on-introduction-data-engineering-4395021/airflow/dags/extract_dag.py
[2026-09-17T02:23:14.137+0000] {processor.py:826} INFO - Processing file /workspaces/hands-on-introduction-data-engineering-4395021/airflow/dags/extract_dag.py for tasks to queue
[2026-09-17T02:23:14.137+0000] {logging_mixin.py:150} INFO - [2026-09-17T02:23:14.137+0000] {dagbag.py:541} INFO - Filling up the DagBag from /workspaces/hands-on-introduction-data-engineering-4395021/airflow/dags/extract_dag.py
[2026-09-17T02:23:14.145+0000] {processor.py:836} INFO - DAG(s) dict_keys(['extract_dag']) retrieved from /workspaces/hands-on-introduction-data-engineering-4395021/airflow/dags/extract_dag.py
[2026-09-17T02:23:14.161+0000] {logging_mixin.py:150} INFO - [2026-09-17T02:23:14.161+0000] {dag.py:2742} INFO - Sync 1 DAGs
[2026-09-17T02:23:14.175+0000] {logging_mixin.py:150} INFO - [2026-09-17T02:23:14.175+0000] {dag.py:3504} INFO - Setting next_dagrun for extract_dag to None, run_after=None
[2026-09-17T02:23:14.193+0000] {processor.py:179} INFO - Processing /workspaces/hands-on-introduction-data-engineering-4395021/airflow/dags/extract_dag.py took 0.060 seconds
[2026-09-17T02:23:44.302+0000] {processor.py:157} INFO - Started process (PID=60469) to work on /workspaces/hands-on-introduction-data-engineering-4395021/airflow/dags/extract_dag.py
[2026-09-17T02:23:44.303+0000] {processor.py:826} INFO - Processing file /workspaces/hands-on-introduction-data-engineering-4395021/airflow/dags/extract_dag.py for tasks to queue
[2026-09-17T02:23:44.303+0000] {logging_mixin.py:150} INFO - [2026-09-17T02:23:44.303+0000] {dagbag.py:541} INFO - Filling up the DagBag from /workspaces/hands-on-introduction-data-engineering-4395021/airflow/dags/extract_dag.py
[2026-09-17T02:23:44.312+0000] {processor.py:836} INFO - DAG(s) dict_keys(['extract_dag']) retrieved from /workspaces/hands-on-introduction-data-engineering-4395021/airflow/dags/extract_dag.py
[2026-09-17T02:23:44.329+0000] {logging_mixin.py:150} INFO - [2026-09-17T02:23:44.329+0000] {dag.py:2742} INFO - Sync 1 DAGs
[2026-09-17T02:23:44.344+0000] {logging_mixin.py:150} INFO - [2026-09-17T02:23:44.344+0000] {dag.py:3504} INFO - Setting next_dagrun for extract_dag to None, run_after=None
[2026-09-17T02:23:44.358+0000] {processor.py:179} INFO - Processing /workspaces/hands-on-introduction-data-engineering-4395021/airflow/dags/extract_dag.py took 0.059 seconds
[2026-09-17T02:24:14.464+0000] {processor.py:157} INFO - Started process (PID=60642) to work on /workspaces/hands-on-introduction-data-engineering-4395021/airflow/dags/extract_dag.py
[2026-09-17T02:24:14.465+0000] {processor.py:826} INFO - Processing file /workspaces/hands-on-introduction-data-engineering-4395021/airflow/dags/extract_dag.py for tasks to queue
[2026-09-17T02:24:14.466+0000] {logging_mixin.py:150} INFO - [2026-09-17T02:24:14.466+0000] {dagbag.py:541} INFO - Filling up the DagBag from /workspaces/hands-on-introduction-data-engineering-4395021/airflow/dags/extract_dag.py
[2026-09-17T02:24:14.474+0000] {processor.py:836} INFO - DAG(s) dict_keys(['extract_dag']) retrieved from /workspaces/hands-on-introduction-data-engineering-4395021/airflow/dags/extract_dag.py
[2026-09-17T02:24:14.496+0000] {logging_mixin.py:150} INFO - [2026-09-17T02:24:14.495+0000] {dag.py:2742} INFO - Sync 1 DAGs
[2026-09-17T02:24:14.512+0000] {logging_mixin.py:150} INFO - [2026-09-17T02:24:14.512+0000] {dag.py:3504} INFO - Setting next_dagrun for extract_dag to None, run_after=None
[2026-09-17T02:24:14.527+0000] {processor.py:179} INFO - Processing /workspaces/hands-on-introduction-data-engineering-4395021/airflow/dags/extract_dag.py took 0.065 seconds
[2026-09-17T02:24:44.632+0000] {processor.py:157} INFO - Started process (PID=60803) to work on /workspaces/hands-on-introduction-data-engineering-4395021/airflow/dags/extract_dag.py
[2026-09-17T02:24:44.633+0000] {processor.py:826} INFO - Processing file /workspaces/hands-on-introduction-data-engineering-4395021/airflow/dags/extract_dag.py for tasks to queue
[2026-09-17T02:24:44.634+0000] {logging_mixin.py:150} INFO - [2026-09-17T02:24:44.634+0000] {dagbag.py:541} INFO - Filling up the DagBag from /workspaces/hands-on-introduction-data-engineering-4395021/airflow/dags/extract_dag.py
[2026-09-17T02:24:44.642+0000] {processor.py:836} INFO - DAG(s) dict_keys(['extract_dag']) retrieved from /workspaces/hands-on-introduction-data-engineering-4395021/airflow/dags/extract_dag.py
[2026-09-17T02:24:44.658+0000] {logging_mixin.py:150} INFO - [2026-09-17T02:24:44.657+0000] {dag.py:2742} INFO - Sync 1 DAGs
[2026-09-17T02:24:44.672+0000] {logging_mixin.py:150} INFO - [2026-09-17T02:24:44.672+0000] {dag.py:3504} INFO - Setting next_dagrun for extract_dag to None, run_after=None
[2026-09-17T02:24:44.692+0000] {processor.py:179} INFO - Processing /workspaces/hands-on-introduction-data-engineering-4395021/airflow/dags/extract_dag.py took 0.062 seconds
[2026-09-17T02:25:14.802+0000] {processor.py:157} INFO - Started process (PID=60975) to work on /workspaces/hands-on-introduction-data-engineering-4395021/airflow/dags/extract_dag.py
[2026-09-17T02:25:14.803+0000] {processor.py:826} INFO - Processing file /workspaces/hands-on-introduction-data-engineering-4395021/airflow/dags/extract_dag.py for tasks to queue
[2026-09-17T02:25:14.804+0000] {logging_mixin.py:150} INFO - [2026-09-17T02:25:14.803+0000] {dagbag.py:541} INFO - Filling up the DagBag from /workspaces/hands-on-introduction-data-engineering-4395021/airflow/dags/extract_dag.py
[2026-09-17T02:25:14.817+0000] {processor.py:836} INFO - DAG(s) dict_keys(['extract_dag']) retrieved from /workspaces/hands-on-introduction-data-engineering-4395021/airflow/dags/extract_dag.py
[2026-09-17T02:25:14.844+0000] {logging_mixin.py:150} INFO - [2026-09-17T02:25:14.844+0000] {dag.py:2742} INFO - Sync 1 DAGs
[2026-09-17T02:25:14.867+0000] {logging_mixin.py:150} INFO - [2026-09-17T02:25:14.867+0000] {dag.py:3504} INFO - Setting next_dagrun for extract_dag to None, run_after=None
[2026-09-17T02:25:14.888+0000] {processor.py:179} INFO - Processing /workspaces/hands-on-introduction-data-engineering-4395021/airflow/dags/extract_dag.py took 0.090 seconds
[2026-09-17T02:25:44.965+0000] {processor.py:157} INFO - Started process (PID=61140) to work on /workspaces/hands-on-introduction-data-engineering-4395021/airflow/dags/extract_dag.py
[2026-09-17T02:25:44.966+0000] {processor.py:826} INFO - Processing file /workspaces/hands-on-introduction-data-engineering-4395021/airflow/dags/extract_dag.py for tasks to queue
[2026-09-17T02:25:44.967+0000] {logging_mixin.py:150} INFO - [2026-09-17T02:25:44.966+0000] {dagbag.py:541} INFO - Filling up the DagBag from /workspaces/hands-on-introduction-data-engineering-4395021/airflow/dags/extract_dag.py
[2026-09-17T02:25:44.975+0000] {processor.py:836} INFO - DAG(s) dict_keys(['extract_dag']) retrieved from /workspaces/hands-on-introduction-data-engineering-4395021/airflow/dags/extract_dag.py
[2026-09-17T02:25:44.994+0000] {logging_mixin.py:150} INFO - [2026-09-17T02:25:44.994+0000] {dag.py:2742} INFO - Sync 1 DAGs
[2026-09-17T02:25:45.014+0000] {logging_mixin.py:150} INFO - [2026-09-17T02:25:45.014+0000] {dag.py:3504} INFO - Setting next_dagrun for extract_dag to None, run_after=None
[2026-09-17T02:25:45.034+0000] {processor.py:179} INFO - Processing /workspaces/hands-on-introduction-data-engineering-4395021/airflow/dags/extract_dag.py took 0.071 seconds
[2026-09-17T02:26:15.135+0000] {processor.py:157} INFO - Started process (PID=61311) to work on /workspaces/hands-on-introduction-data-engineering-4395021/airflow/dags/extract_dag.py
[2026-09-17T02:26:15.135+0000] {processor.py:826} INFO - Processing file /workspaces/hands-on-introduction-data-engineering-4395021/airflow/dags/extract_dag.py for tasks to queue
[2026-09-17T02:26:15.136+0000] {logging_mixin.py:150} INFO - [2026-09-17T02:26:15.136+0000] {dagbag.py:541} INFO - Filling up the DagBag from /workspaces/hands-on-introduction-data-engineering-4395021/airflow/dags/extract_dag.py
[2026-09-17T02:26:15.150+0000] {processor.py:836} INFO - DAG(s) dict_keys(['extract_dag']) retrieved from /workspaces/hands-on-introduction-data-engineering-4395021/airflow/dags/extract_dag.py
[2026-09-17T02:26:15.169+0000] {logging_mixin.py:150} INFO - [2026-09-17T02:26:15.169+0000] {dag.py:2742} INFO - Sync 1 DAGs
[2026-09-17T02:26:15.185+0000] {logging_mixin.py:150} INFO - [2026-09-17T02:26:15.185+0000] {dag.py:3504} INFO - Setting next_dagrun for extract_dag to None, run_after=None
[2026-09-17T02:26:15.204+0000] {processor.py:179} INFO - Processing /workspaces/hands-on-introduction-data-engineering-4395021/airflow/dags/extract_dag.py took 0.073 seconds
[2026-09-17T02:26:45.298+0000] {processor.py:157} INFO - Started process (PID=61475) to work on /workspaces/hands-on-introduction-data-engineering-4395021/airflow/dags/extract_dag.py
[2026-09-17T02:26:45.299+0000] {processor.py:826} INFO - Processing file /workspaces/hands-on-introduction-data-engineering-4395021/airflow/dags/extract_dag.py for tasks to queue
[2026-09-17T02:26:45.300+0000] {logging_mixin.py:150} INFO - [2026-09-17T02:26:45.300+0000] {dagbag.py:541} INFO - Filling up the DagBag from /workspaces/hands-on-introduction-data-engineering-4395021/airflow/dags/extract_dag.py
[2026-09-17T02:26:45.308+0000] {processor.py:836} INFO - DAG(s) dict_keys(['extract_dag']) retrieved from /workspaces/hands-on-introduction-data-engineering-4395021/airflow/dags/extract_dag.py
[2026-09-17T02:26:45.329+0000] {logging_mixin.py:150} INFO - [2026-09-17T02:26:45.329+0000] {dag.py:2742} INFO - Sync 1 DAGs
[2026-09-17T02:26:45.345+0000] {logging_mixin.py:150} INFO - [2026-09-17T02:26:45.345+0000] {dag.py:3504} INFO - Setting next_dagrun for extract_dag to None, run_after=None
[2026-09-17T02:26:45.361+0000] {processor.py:179} INFO - Processing /workspaces/hands-on-introduction-data-engineering-4395021/airflow/dags/extract_dag.py took 0.065 seconds
[2026-09-17T02:27:15.470+0000] {processor.py:157} INFO - Started process (PID=61649) to work on /workspaces/hands-on-introduction-data-engineering-4395021/airflow/dags/extract_dag.py
[2026-09-17T02:27:15.471+0000] {processor.py:826} INFO - Processing file /workspaces/hands-on-introduction-data-engineering-4395021/airflow/dags/extract_dag.py for tasks to queue
[2026-09-17T02:27:15.472+0000] {logging_mixin.py:150} INFO - [2026-09-17T02:27:15.471+0000] {dagbag.py:541} INFO - Filling up the DagBag from /workspaces/hands-on-introduction-data-engineering-4395021/airflow/dags/extract_dag.py
[2026-09-17T02:27:15.481+0000] {processor.py:836} INFO - DAG(s) dict_keys(['extract_dag']) retrieved from /workspaces/hands-on-introduction-data-engineering-4395021/airflow/dags/extract_dag.py
[2026-09-17T02:27:15.502+0000] {logging_mixin.py:150} INFO - [2026-09-17T02:27:15.502+0000] {dag.py:2742} INFO - Sync 1 DAGs
[2026-09-17T02:27:15.518+0000] {logging_mixin.py:150} INFO - [2026-09-17T02:27:15.518+0000] {dag.py:3504} INFO - Setting next_dagrun for extract_dag to None, run_after=None
[2026-09-17T02:27:15.535+0000] {processor.py:179} INFO - Processing /workspaces/hands-on-introduction-data-engineering-4395021/airflow/dags/extract_dag.py took 0.068 seconds
[2026-09-17T02:27:45.631+0000] {processor.py:157} INFO - Started process (PID=61856) to work on /workspaces/hands-on-introduction-data-engineering-4395021/airflow/dags/extract_dag.py
[2026-09-17T02:27:45.631+0000] {processor.py:826} INFO - Processing file /workspaces/hands-on-introduction-data-engineering-4395021/airflow/dags/extract_dag.py for tasks to queue
[2026-09-17T02:27:45.632+0000] {logging_mixin.py:150} INFO - [2026-09-17T02:27:45.632+0000] {dagbag.py:541} INFO - Filling up the DagBag from /workspaces/hands-on-introduction-data-engineering-4395021/airflow/dags/extract_dag.py
[2026-09-17T02:27:45.641+0000] {processor.py:836} INFO - DAG(s) dict_keys(['extract_dag']) retrieved from /workspaces/hands-on-introduction-data-engineering-4395021/airflow/dags/extract_dag.py
[2026-09-17T02:27:45.657+0000] {logging_mixin.py:150} INFO - [2026-09-17T02:27:45.657+0000] {dag.py:2742} INFO - Sync 1 DAGs
[2026-09-17T02:27:45.671+0000] {logging_mixin.py:150} INFO - [2026-09-17T02:27:45.671+0000] {dag.py:3504} INFO - Setting next_dagrun for extract_dag to None, run_after=None
[2026-09-17T02:27:45.688+0000] {processor.py:179} INFO - Processing /workspaces/hands-on-introduction-data-engineering-4395021/airflow/dags/extract_dag.py took 0.060 seconds
[2026-09-17T02:28:15.801+0000] {processor.py:157} INFO - Started process (PID=62030) to work on /workspaces/hands-on-introduction-data-engineering-4395021/airflow/dags/extract_dag.py
[2026-09-17T02:28:15.802+0000] {processor.py:826} INFO - Processing file /workspaces/hands-on-introduction-data-engineering-4395021/airflow/dags/extract_dag.py for tasks to queue
[2026-09-17T02:28:15.803+0000] {logging_mixin.py:150} INFO - [2026-09-17T02:28:15.802+0000] {dagbag.py:541} INFO - Filling up the DagBag from /workspaces/hands-on-introduction-data-engineering-4395021/airflow/dags/extract_dag.py
[2026-09-17T02:28:15.811+0000] {processor.py:836} INFO - DAG(s) dict_keys(['extract_dag']) retrieved from /workspaces/hands-on-introduction-data-engineering-4395021/airflow/dags/extract_dag.py
[2026-09-17T02:28:15.828+0000] {logging_mixin.py:150} INFO - [2026-09-17T02:28:15.828+0000] {dag.py:2742} INFO - Sync 1 DAGs
[2026-09-17T02:28:15.843+0000] {logging_mixin.py:150} INFO - [2026-09-17T02:28:15.843+0000] {dag.py:3504} INFO - Setting next_dagrun for extract_dag to None, run_after=None
[2026-09-17T02:28:15.865+0000] {processor.py:179} INFO - Processing /workspaces/hands-on-introduction-data-engineering-4395021/airflow/dags/extract_dag.py took 0.067 seconds
[2026-09-17T02:28:45.965+0000] {processor.py:157} INFO - Started process (PID=62193) to work on /workspaces/hands-on-introduction-data-engineering-4395021/airflow/dags/extract_dag.py
[2026-09-17T02:28:45.966+0000] {processor.py:826} INFO - Processing file /workspaces/hands-on-introduction-data-engineering-4395021/airflow/dags/extract_dag.py for tasks to queue
[2026-09-17T02:28:45.967+0000] {logging_mixin.py:150} INFO - [2026-09-17T02:28:45.966+0000] {dagbag.py:541} INFO - Filling up the DagBag from /workspaces/hands-on-introduction-data-engineering-4395021/airflow/dags/extract_dag.py
[2026-09-17T02:28:45.975+0000] {processor.py:836} INFO - DAG(s) dict_keys(['extract_dag']) retrieved from /workspaces/hands-on-introduction-data-engineering-4395021/airflow/dags/extract_dag.py
[2026-09-17T02:28:45.994+0000] {logging_mixin.py:150} INFO - [2026-09-17T02:28:45.994+0000] {dag.py:2742} INFO - Sync 1 DAGs
[2026-09-17T02:28:46.010+0000] {logging_mixin.py:150} INFO - [2026-09-17T02:28:46.009+0000] {dag.py:3504} INFO - Setting next_dagrun for extract_dag to None, run_after=None
[2026-09-17T02:28:46.025+0000] {processor.py:179} INFO - Processing /workspaces/hands-on-introduction-data-engineering-4395021/airflow/dags/extract_dag.py took 0.062 seconds
[2026-09-17T02:29:16.126+0000] {processor.py:157} INFO - Started process (PID=62369) to work on /workspaces/hands-on-introduction-data-engineering-4395021/airflow/dags/extract_dag.py
[2026-09-17T02:29:16.127+0000] {processor.py:826} INFO - Processing file /workspaces/hands-on-introduction-data-engineering-4395021/airflow/dags/extract_dag.py for tasks to queue
[2026-09-17T02:29:16.127+0000] {logging_mixin.py:150} INFO - [2026-09-17T02:29:16.127+0000] {dagbag.py:541} INFO - Filling up the DagBag from /workspaces/hands-on-introduction-data-engineering-4395021/airflow/dags/extract_dag.py
[2026-09-17T02:29:16.136+0000] {processor.py:836} INFO - DAG(s) dict_keys(['extract_dag']) retrieved from /workspaces/hands-on-introduction-data-engineering-4395021/airflow/dags/extract_dag.py
[2026-09-17T02:29:16.153+0000] {logging_mixin.py:150} INFO - [2026-09-17T02:29:16.153+0000] {dag.py:2742} INFO - Sync 1 DAGs
[2026-09-17T02:29:16.168+0000] {logging_mixin.py:150} INFO - [2026-09-17T02:29:16.168+0000] {dag.py:3504} INFO - Setting next_dagrun for extract_dag to None, run_after=None
[2026-09-17T02:29:16.184+0000] {processor.py:179} INFO - Processing /workspaces/hands-on-introduction-data-engineering-4395021/airflow/dags/extract_dag.py took 0.061 seconds
[2026-09-17T02:29:46.292+0000] {processor.py:157} INFO - Started process (PID=62532) to work on /workspaces/hands-on-introduction-data-engineering-4395021/airflow/dags/extract_dag.py
[2026-09-17T02:29:46.293+0000] {processor.py:826} INFO - Processing file /workspaces/hands-on-introduction-data-engineering-4395021/airflow/dags/extract_dag.py for tasks to queue
[2026-09-17T02:29:46.294+0000] {logging_mixin.py:150} INFO - [2026-09-17T02:29:46.293+0000] {dagbag.py:541} INFO - Filling up the DagBag from /workspaces/hands-on-introduction-data-engineering-4395021/airflow/dags/extract_dag.py
[2026-09-17T02:29:46.302+0000] {processor.py:836} INFO - DAG(s) dict_keys(['extract_dag']) retrieved from /workspaces/hands-on-introduction-data-engineering-4395021/airflow/dags/extract_dag.py
[2026-09-17T02:29:46.320+0000] {logging_mixin.py:150} INFO - [2026-09-17T02:29:46.320+0000] {dag.py:2742} INFO - Sync 1 DAGs
[2026-09-17T02:29:46.334+0000] {logging_mixin.py:150} INFO - [2026-09-17T02:29:46.334+0000] {dag.py:3504} INFO - Setting next_dagrun for extract_dag to None, run_after=None
[2026-09-17T02:29:46.350+0000] {processor.py:179} INFO - Processing /workspaces/hands-on-introduction-data-engineering-4395021/airflow/dags/extract_dag.py took 0.061 seconds
[2026-09-17T02:30:16.459+0000] {processor.py:157} INFO - Started process (PID=62706) to work on /workspaces/hands-on-introduction-data-engineering-4395021/airflow/dags/extract_dag.py
[2026-09-17T02:30:16.460+0000] {processor.py:826} INFO - Processing file /workspaces/hands-on-introduction-data-engineering-4395021/airflow/dags/extract_dag.py for tasks to queue
[2026-09-17T02:30:16.461+0000] {logging_mixin.py:150} INFO - [2026-09-17T02:30:16.461+0000] {dagbag.py:541} INFO - Filling up the DagBag from /workspaces/hands-on-introduction-data-engineering-4395021/airflow/dags/extract_dag.py
[2026-09-17T02:30:16.469+0000] {processor.py:836} INFO - DAG(s) dict_keys(['extract_dag']) retrieved from /workspaces/hands-on-introduction-data-engineering-4395021/airflow/dags/extract_dag.py
[2026-09-17T02:30:16.487+0000] {logging_mixin.py:150} INFO - [2026-09-17T02:30:16.487+0000] {dag.py:2742} INFO - Sync 1 DAGs
[2026-09-17T02:30:16.507+0000] {logging_mixin.py:150} INFO - [2026-09-17T02:30:16.506+0000] {dag.py:3504} INFO - Setting next_dagrun for extract_dag to None, run_after=None
[2026-09-17T02:30:16.522+0000] {processor.py:179} INFO - Processing /workspaces/hands-on-introduction-data-engineering-4395021/airflow/dags/extract_dag.py took 0.065 seconds
[2026-09-17T02:30:46.622+0000] {processor.py:157} INFO - Started process (PID=62869) to work on /workspaces/hands-on-introduction-data-engineering-4395021/airflow/dags/extract_dag.py
[2026-09-17T02:30:46.622+0000] {processor.py:826} INFO - Processing file /workspaces/hands-on-introduction-data-engineering-4395021/airflow/dags/extract_dag.py for tasks to queue
[2026-09-17T02:30:46.623+0000] {logging_mixin.py:150} INFO - [2026-09-17T02:30:46.623+0000] {dagbag.py:541} INFO - Filling up the DagBag from /workspaces/hands-on-introduction-data-engineering-4395021/airflow/dags/extract_dag.py
[2026-09-17T02:30:46.632+0000] {processor.py:836} INFO - DAG(s) dict_keys(['extract_dag']) retrieved from /workspaces/hands-on-introduction-data-engineering-4395021/airflow/dags/extract_dag.py
[2026-09-17T02:30:46.650+0000] {logging_mixin.py:150} INFO - [2026-09-17T02:30:46.650+0000] {dag.py:2742} INFO - Sync 1 DAGs
[2026-09-17T02:30:46.665+0000] {logging_mixin.py:150} INFO - [2026-09-17T02:30:46.665+0000] {dag.py:3504} INFO - Setting next_dagrun for extract_dag to None, run_after=None
[2026-09-17T02:30:46.683+0000] {processor.py:179} INFO - Processing /workspaces/hands-on-introduction-data-engineering-4395021/airflow/dags/extract_dag.py took 0.065 seconds
[2026-09-17T02:31:16.784+0000] {processor.py:157} INFO - Started process (PID=63045) to work on /workspaces/hands-on-introduction-data-engineering-4395021/airflow/dags/extract_dag.py
[2026-09-17T02:31:16.785+0000] {processor.py:826} INFO - Processing file /workspaces/hands-on-introduction-data-engineering-4395021/airflow/dags/extract_dag.py for tasks to queue
[2026-09-17T02:31:16.786+0000] {logging_mixin.py:150} INFO - [2026-09-17T02:31:16.785+0000] {dagbag.py:541} INFO - Filling up the DagBag from /workspaces/hands-on-introduction-data-engineering-4395021/airflow/dags/extract_dag.py
[2026-09-17T02:31:16.794+0000] {processor.py:836} INFO - DAG(s) dict_keys(['extract_dag']) retrieved from /workspaces/hands-on-introduction-data-engineering-4395021/airflow/dags/extract_dag.py
[2026-09-17T02:31:16.810+0000] {logging_mixin.py:150} INFO - [2026-09-17T02:31:16.810+0000] {dag.py:2742} INFO - Sync 1 DAGs
[2026-09-17T02:31:16.824+0000] {logging_mixin.py:150} INFO - [2026-09-17T02:31:16.824+0000] {dag.py:3504} INFO - Setting next_dagrun for extract_dag to None, run_after=None
[2026-09-17T02:31:16.844+0000] {processor.py:179} INFO - Processing /workspaces/hands-on-introduction-data-engineering-4395021/airflow/dags/extract_dag.py took 0.063 seconds
[2026-09-17T02:31:46.957+0000] {processor.py:157} INFO - Started process (PID=63209) to work on /workspaces/hands-on-introduction-data-engineering-4395021/airflow/dags/extract_dag.py
[2026-09-17T02:31:46.957+0000] {processor.py:826} INFO - Processing file /workspaces/hands-on-introduction-data-engineering-4395021/airflow/dags/extract_dag.py for tasks to queue
[2026-09-17T02:31:46.958+0000] {logging_mixin.py:150} INFO - [2026-09-17T02:31:46.958+0000] {dagbag.py:541} INFO - Filling up the DagBag from /workspaces/hands-on-introduction-data-engineering-4395021/airflow/dags/extract_dag.py
[2026-09-17T02:31:46.967+0000] {processor.py:836} INFO - DAG(s) dict_keys(['extract_dag']) retrieved from /workspaces/hands-on-introduction-data-engineering-4395021/airflow/dags/extract_dag.py
[2026-09-17T02:31:46.983+0000] {logging_mixin.py:150} INFO - [2026-09-17T02:31:46.983+0000] {dag.py:2742} INFO - Sync 1 DAGs
[2026-09-17T02:31:47.005+0000] {logging_mixin.py:150} INFO - [2026-09-17T02:31:47.005+0000] {dag.py:3504} INFO - Setting next_dagrun for extract_dag to None, run_after=None
[2026-09-17T02:31:47.035+0000] {processor.py:179} INFO - Processing /workspaces/hands-on-introduction-data-engineering-4395021/airflow/dags/extract_dag.py took 0.081 seconds
[2026-09-17T02:32:17.096+0000] {processor.py:157} INFO - Started process (PID=63382) to work on /workspaces/hands-on-introduction-data-engineering-4395021/airflow/dags/extract_dag.py
[2026-09-17T02:32:17.098+0000] {processor.py:826} INFO - Processing file /workspaces/hands-on-introduction-data-engineering-4395021/airflow/dags/extract_dag.py for tasks to queue
[2026-09-17T02:32:17.098+0000] {logging_mixin.py:150} INFO - [2026-09-17T02:32:17.098+0000] {dagbag.py:541} INFO - Filling up the DagBag from /workspaces/hands-on-introduction-data-engineering-4395021/airflow/dags/extract_dag.py
[2026-09-17T02:32:17.110+0000] {processor.py:836} INFO - DAG(s) dict_keys(['extract_dag']) retrieved from /workspaces/hands-on-introduction-data-engineering-4395021/airflow/dags/extract_dag.py
[2026-09-17T02:32:17.127+0000] {logging_mixin.py:150} INFO - [2026-09-17T02:32:17.127+0000] {dag.py:2742} INFO - Sync 1 DAGs
[2026-09-17T02:32:17.144+0000] {logging_mixin.py:150} INFO - [2026-09-17T02:32:17.143+0000] {dag.py:3504} INFO - Setting next_dagrun for extract_dag to None, run_after=None
[2026-09-17T02:32:17.160+0000] {processor.py:179} INFO - Processing /workspaces/hands-on-introduction-data-engineering-4395021/airflow/dags/extract_dag.py took 0.070 seconds
[2026-09-17T02:32:47.258+0000] {processor.py:157} INFO - Started process (PID=63590) to work on /workspaces/hands-on-introduction-data-engineering-4395021/airflow/dags/extract_dag.py
[2026-09-17T02:32:47.258+0000] {processor.py:826} INFO - Processing file /workspaces/hands-on-introduction-data-engineering-4395021/airflow/dags/extract_dag.py for tasks to queue
[2026-09-17T02:32:47.259+0000] {logging_mixin.py:150} INFO - [2026-09-17T02:32:47.259+0000] {dagbag.py:541} INFO - Filling up the DagBag from /workspaces/hands-on-introduction-data-engineering-4395021/airflow/dags/extract_dag.py
[2026-09-17T02:32:47.268+0000] {processor.py:836} INFO - DAG(s) dict_keys(['extract_dag']) retrieved from /workspaces/hands-on-introduction-data-engineering-4395021/airflow/dags/extract_dag.py
[2026-09-17T02:32:47.287+0000] {logging_mixin.py:150} INFO - [2026-09-17T02:32:47.287+0000] {dag.py:2742} INFO - Sync 1 DAGs
[2026-09-17T02:32:47.305+0000] {logging_mixin.py:150} INFO - [2026-09-17T02:32:47.305+0000] {dag.py:3504} INFO - Setting next_dagrun for extract_dag to None, run_after=None
[2026-09-17T02:32:47.321+0000] {processor.py:179} INFO - Processing /workspaces/hands-on-introduction-data-engineering-4395021/airflow/dags/extract_dag.py took 0.066 seconds
[2026-09-17T02:33:17.426+0000] {processor.py:157} INFO - Started process (PID=63764) to work on /workspaces/hands-on-introduction-data-engineering-4395021/airflow/dags/extract_dag.py
[2026-09-17T02:33:17.426+0000] {processor.py:826} INFO - Processing file /workspaces/hands-on-introduction-data-engineering-4395021/airflow/dags/extract_dag.py for tasks to queue
[2026-09-17T02:33:17.427+0000] {logging_mixin.py:150} INFO - [2026-09-17T02:33:17.427+0000] {dagbag.py:541} INFO - Filling up the DagBag from /workspaces/hands-on-introduction-data-engineering-4395021/airflow/dags/extract_dag.py
[2026-09-17T02:33:17.436+0000] {processor.py:836} INFO - DAG(s) dict_keys(['extract_dag']) retrieved from /workspaces/hands-on-introduction-data-engineering-4395021/airflow/dags/extract_dag.py
[2026-09-17T02:33:17.459+0000] {logging_mixin.py:150} INFO - [2026-09-17T02:33:17.459+0000] {dag.py:2742} INFO - Sync 1 DAGs
[2026-09-17T02:33:17.481+0000] {logging_mixin.py:150} INFO - [2026-09-17T02:33:17.481+0000] {dag.py:3504} INFO - Setting next_dagrun for extract_dag to None, run_after=None
[2026-09-17T02:33:17.504+0000] {processor.py:179} INFO - Processing /workspaces/hands-on-introduction-data-engineering-4395021/airflow/dags/extract_dag.py took 0.081 seconds
[2026-09-17T02:33:47.588+0000] {processor.py:157} INFO - Started process (PID=63924) to work on /workspaces/hands-on-introduction-data-engineering-4395021/airflow/dags/extract_dag.py
[2026-09-17T02:33:47.589+0000] {processor.py:826} INFO - Processing file /workspaces/hands-on-introduction-data-engineering-4395021/airflow/dags/extract_dag.py for tasks to queue
[2026-09-17T02:33:47.590+0000] {logging_mixin.py:150} INFO - [2026-09-17T02:33:47.590+0000] {dagbag.py:541} INFO - Filling up the DagBag from /workspaces/hands-on-introduction-data-engineering-4395021/airflow/dags/extract_dag.py
[2026-09-17T02:33:47.598+0000] {processor.py:836} INFO - DAG(s) dict_keys(['extract_dag']) retrieved from /workspaces/hands-on-introduction-data-engineering-4395021/airflow/dags/extract_dag.py
[2026-09-17T02:33:47.614+0000] {logging_mixin.py:150} INFO - [2026-09-17T02:33:47.614+0000] {dag.py:2742} INFO - Sync 1 DAGs
[2026-09-17T02:33:47.629+0000] {logging_mixin.py:150} INFO - [2026-09-17T02:33:47.629+0000] {dag.py:3504} INFO - Setting next_dagrun for extract_dag to None, run_after=None
[2026-09-17T02:33:47.644+0000] {processor.py:179} INFO - Processing /workspaces/hands-on-introduction-data-engineering-4395021/airflow/dags/extract_dag.py took 0.058 seconds
[2026-09-17T02:34:17.752+0000] {processor.py:157} INFO - Started process (PID=64100) to work on /workspaces/hands-on-introduction-data-engineering-4395021/airflow/dags/extract_dag.py
[2026-09-17T02:34:17.752+0000] {processor.py:826} INFO - Processing file /workspaces/hands-on-introduction-data-engineering-4395021/airflow/dags/extract_dag.py for tasks to queue
[2026-09-17T02:34:17.753+0000] {logging_mixin.py:150} INFO - [2026-09-17T02:34:17.753+0000] {dagbag.py:541} INFO - Filling up the DagBag from /workspaces/hands-on-introduction-data-engineering-4395021/airflow/dags/extract_dag.py
[2026-09-17T02:34:17.761+0000] {processor.py:836} INFO - DAG(s) dict_keys(['extract_dag']) retrieved from /workspaces/hands-on-introduction-data-engineering-4395021/airflow/dags/extract_dag.py
[2026-09-17T02:34:17.778+0000] {logging_mixin.py:150} INFO - [2026-09-17T02:34:17.778+0000] {dag.py:2742} INFO - Sync 1 DAGs
[2026-09-17T02:34:17.798+0000] {logging_mixin.py:150} INFO - [2026-09-17T02:34:17.797+0000] {dag.py:3504} INFO - Setting next_dagrun for extract_dag to None, run_after=None
[2026-09-17T02:34:17.814+0000] {processor.py:179} INFO - Processing /workspaces/hands-on-introduction-data-engineering-4395021/airflow/dags/extract_dag.py took 0.065 seconds
[2026-09-17T02:34:47.935+0000] {processor.py:157} INFO - Started process (PID=64261) to work on /workspaces/hands-on-introduction-data-engineering-4395021/airflow/dags/extract_dag.py
[2026-09-17T02:34:47.936+0000] {processor.py:826} INFO - Processing file /workspaces/hands-on-introduction-data-engineering-4395021/airflow/dags/extract_dag.py for tasks to queue
[2026-09-17T02:34:47.937+0000] {logging_mixin.py:150} INFO - [2026-09-17T02:34:47.937+0000] {dagbag.py:541} INFO - Filling up the DagBag from /workspaces/hands-on-introduction-data-engineering-4395021/airflow/dags/extract_dag.py
[2026-09-17T02:34:47.945+0000] {processor.py:836} INFO - DAG(s) dict_keys(['extract_dag']) retrieved from /workspaces/hands-on-introduction-data-engineering-4395021/airflow/dags/extract_dag.py
[2026-09-17T02:34:47.962+0000] {logging_mixin.py:150} INFO - [2026-09-17T02:34:47.962+0000] {dag.py:2742} INFO - Sync 1 DAGs
[2026-09-17T02:34:47.975+0000] {logging_mixin.py:150} INFO - [2026-09-17T02:34:47.975+0000] {dag.py:3504} INFO - Setting next_dagrun for extract_dag to None, run_after=None
[2026-09-17T02:34:47.995+0000] {processor.py:179} INFO - Processing /workspaces/hands-on-introduction-data-engineering-4395021/airflow/dags/extract_dag.py took 0.062 seconds
[2026-09-17T02:35:18.110+0000] {processor.py:157} INFO - Started process (PID=64434) to work on /workspaces/hands-on-introduction-data-engineering-4395021/airflow/dags/extract_dag.py
[2026-09-17T02:35:18.111+0000] {processor.py:826} INFO - Processing file /workspaces/hands-on-introduction-data-engineering-4395021/airflow/dags/extract_dag.py for tasks to queue
[2026-09-17T02:35:18.112+0000] {logging_mixin.py:150} INFO - [2026-09-17T02:35:18.112+0000] {dagbag.py:541} INFO - Filling up the DagBag from /workspaces/hands-on-introduction-data-engineering-4395021/airflow/dags/extract_dag.py
[2026-09-17T02:35:18.126+0000] {processor.py:836} INFO - DAG(s) dict_keys(['extract_dag']) retrieved from /workspaces/hands-on-introduction-data-engineering-4395021/airflow/dags/extract_dag.py
[2026-09-17T02:35:18.145+0000] {logging_mixin.py:150} INFO - [2026-09-17T02:35:18.145+0000] {dag.py:2742} INFO - Sync 1 DAGs
[2026-09-17T02:35:18.159+0000] {logging_mixin.py:150} INFO - [2026-09-17T02:35:18.159+0000] {dag.py:3504} INFO - Setting next_dagrun for extract_dag to None, run_after=None
[2026-09-17T02:35:18.174+0000] {processor.py:179} INFO - Processing /workspaces/hands-on-introduction-data-engineering-4395021/airflow/dags/extract_dag.py took 0.069 seconds
[2026-09-17T02:35:48.267+0000] {processor.py:157} INFO - Started process (PID=64596) to work on /workspaces/hands-on-introduction-data-engineering-4395021/airflow/dags/extract_dag.py
[2026-09-17T02:35:48.268+0000] {processor.py:826} INFO - Processing file /workspaces/hands-on-introduction-data-engineering-4395021/airflow/dags/extract_dag.py for tasks to queue
[2026-09-17T02:35:48.269+0000] {logging_mixin.py:150} INFO - [2026-09-17T02:35:48.268+0000] {dagbag.py:541} INFO - Filling up the DagBag from /workspaces/hands-on-introduction-data-engineering-4395021/airflow/dags/extract_dag.py
[2026-09-17T02:35:48.277+0000] {processor.py:836} INFO - DAG(s) dict_keys(['extract_dag']) retrieved from /workspaces/hands-on-introduction-data-engineering-4395021/airflow/dags/extract_dag.py
[2026-09-17T02:35:48.295+0000] {logging_mixin.py:150} INFO - [2026-09-17T02:35:48.295+0000] {dag.py:2742} INFO - Sync 1 DAGs
[2026-09-17T02:35:48.310+0000] {logging_mixin.py:150} INFO - [2026-09-17T02:35:48.310+0000] {dag.py:3504} INFO - Setting next_dagrun for extract_dag to None, run_after=None
[2026-09-17T02:35:48.326+0000] {processor.py:179} INFO - Processing /workspaces/hands-on-introduction-data-engineering-4395021/airflow/dags/extract_dag.py took 0.061 seconds
[2026-09-17T02:36:18.438+0000] {processor.py:157} INFO - Started process (PID=64772) to work on /workspaces/hands-on-introduction-data-engineering-4395021/airflow/dags/extract_dag.py
[2026-09-17T02:36:18.439+0000] {processor.py:826} INFO - Processing file /workspaces/hands-on-introduction-data-engineering-4395021/airflow/dags/extract_dag.py for tasks to queue
[2026-09-17T02:36:18.440+0000] {logging_mixin.py:150} INFO - [2026-09-17T02:36:18.440+0000] {dagbag.py:541} INFO - Filling up the DagBag from /workspaces/hands-on-introduction-data-engineering-4395021/airflow/dags/extract_dag.py
[2026-09-17T02:36:18.454+0000] {processor.py:836} INFO - DAG(s) dict_keys(['extract_dag']) retrieved from /workspaces/hands-on-introduction-data-engineering-4395021/airflow/dags/extract_dag.py
[2026-09-17T02:36:18.474+0000] {logging_mixin.py:150} INFO - [2026-09-17T02:36:18.474+0000] {dag.py:2742} INFO - Sync 1 DAGs
[2026-09-17T02:36:18.495+0000] {logging_mixin.py:150} INFO - [2026-09-17T02:36:18.494+0000] {dag.py:3504} INFO - Setting next_dagrun for extract_dag to None, run_after=None
[2026-09-17T02:36:18.530+0000] {processor.py:179} INFO - Processing /workspaces/hands-on-introduction-data-engineering-4395021/airflow/dags/extract_dag.py took 0.095 seconds
[2026-09-17T02:36:48.627+0000] {processor.py:157} INFO - Started process (PID=64935) to work on /workspaces/hands-on-introduction-data-engineering-4395021/airflow/dags/extract_dag.py
[2026-09-17T02:36:48.627+0000] {processor.py:826} INFO - Processing file /workspaces/hands-on-introduction-data-engineering-4395021/airflow/dags/extract_dag.py for tasks to queue
[2026-09-17T02:36:48.628+0000] {logging_mixin.py:150} INFO - [2026-09-17T02:36:48.628+0000] {dagbag.py:541} INFO - Filling up the DagBag from /workspaces/hands-on-introduction-data-engineering-4395021/airflow/dags/extract_dag.py
[2026-09-17T02:36:48.637+0000] {processor.py:836} INFO - DAG(s) dict_keys(['extract_dag']) retrieved from /workspaces/hands-on-introduction-data-engineering-4395021/airflow/dags/extract_dag.py
[2026-09-17T02:36:48.655+0000] {logging_mixin.py:150} INFO - [2026-09-17T02:36:48.655+0000] {dag.py:2742} INFO - Sync 1 DAGs
[2026-09-17T02:36:48.670+0000] {logging_mixin.py:150} INFO - [2026-09-17T02:36:48.670+0000] {dag.py:3504} INFO - Setting next_dagrun for extract_dag to None, run_after=None
[2026-09-17T02:36:48.688+0000] {processor.py:179} INFO - Processing /workspaces/hands-on-introduction-data-engineering-4395021/airflow/dags/extract_dag.py took 0.064 seconds
[2026-09-17T02:37:18.808+0000] {processor.py:157} INFO - Started process (PID=65110) to work on /workspaces/hands-on-introduction-data-engineering-4395021/airflow/dags/extract_dag.py
[2026-09-17T02:37:18.809+0000] {processor.py:826} INFO - Processing file /workspaces/hands-on-introduction-data-engineering-4395021/airflow/dags/extract_dag.py for tasks to queue
[2026-09-17T02:37:18.809+0000] {logging_mixin.py:150} INFO - [2026-09-17T02:37:18.809+0000] {dagbag.py:541} INFO - Filling up the DagBag from /workspaces/hands-on-introduction-data-engineering-4395021/airflow/dags/extract_dag.py
[2026-09-17T02:37:18.818+0000] {processor.py:836} INFO - DAG(s) dict_keys(['extract_dag']) retrieved from /workspaces/hands-on-introduction-data-engineering-4395021/airflow/dags/extract_dag.py
[2026-09-17T02:37:18.838+0000] {logging_mixin.py:150} INFO - [2026-09-17T02:37:18.838+0000] {dag.py:2742} INFO - Sync 1 DAGs
[2026-09-17T02:37:18.862+0000] {logging_mixin.py:150} INFO - [2026-09-17T02:37:18.862+0000] {dag.py:3504} INFO - Setting next_dagrun for extract_dag to None, run_after=None
[2026-09-17T02:37:18.878+0000] {processor.py:179} INFO - Processing /workspaces/hands-on-introduction-data-engineering-4395021/airflow/dags/extract_dag.py took 0.073 seconds
[2026-09-17T02:37:48.978+0000] {processor.py:157} INFO - Started process (PID=65315) to work on /workspaces/hands-on-introduction-data-engineering-4395021/airflow/dags/extract_dag.py
[2026-09-17T02:37:48.978+0000] {processor.py:826} INFO - Processing file /workspaces/hands-on-introduction-data-engineering-4395021/airflow/dags/extract_dag.py for tasks to queue
[2026-09-17T02:37:48.979+0000] {logging_mixin.py:150} INFO - [2026-09-17T02:37:48.979+0000] {dagbag.py:541} INFO - Filling up the DagBag from /workspaces/hands-on-introduction-data-engineering-4395021/airflow/dags/extract_dag.py
[2026-09-17T02:37:48.990+0000] {processor.py:836} INFO - DAG(s) dict_keys(['extract_dag']) retrieved from /workspaces/hands-on-introduction-data-engineering-4395021/airflow/dags/extract_dag.py
[2026-09-17T02:37:49.013+0000] {logging_mixin.py:150} INFO - [2026-09-17T02:37:49.013+0000] {dag.py:2742} INFO - Sync 1 DAGs
[2026-09-17T02:37:49.034+0000] {logging_mixin.py:150} INFO - [2026-09-17T02:37:49.034+0000] {dag.py:3504} INFO - Setting next_dagrun for extract_dag to None, run_after=None
[2026-09-17T02:37:49.057+0000] {processor.py:179} INFO - Processing /workspaces/hands-on-introduction-data-engineering-4395021/airflow/dags/extract_dag.py took 0.083 seconds
[2026-09-17T02:38:19.138+0000] {processor.py:157} INFO - Started process (PID=65490) to work on /workspaces/hands-on-introduction-data-engineering-4395021/airflow/dags/extract_dag.py
[2026-09-17T02:38:19.139+0000] {processor.py:826} INFO - Processing file /workspaces/hands-on-introduction-data-engineering-4395021/airflow/dags/extract_dag.py for tasks to queue
[2026-09-17T02:38:19.139+0000] {logging_mixin.py:150} INFO - [2026-09-17T02:38:19.139+0000] {dagbag.py:541} INFO - Filling up the DagBag from /workspaces/hands-on-introduction-data-engineering-4395021/airflow/dags/extract_dag.py
[2026-09-17T02:38:19.151+0000] {processor.py:836} INFO - DAG(s) dict_keys(['extract_dag']) retrieved from /workspaces/hands-on-introduction-data-engineering-4395021/airflow/dags/extract_dag.py
[2026-09-17T02:38:19.170+0000] {logging_mixin.py:150} INFO - [2026-09-17T02:38:19.170+0000] {dag.py:2742} INFO - Sync 1 DAGs
[2026-09-17T02:38:19.187+0000] {logging_mixin.py:150} INFO - [2026-09-17T02:38:19.187+0000] {dag.py:3504} INFO - Setting next_dagrun for extract_dag to None, run_after=None
[2026-09-17T02:38:19.210+0000] {processor.py:179} INFO - Processing /workspaces/hands-on-introduction-data-engineering-4395021/airflow/dags/extract_dag.py took 0.074 seconds
[2026-09-17T02:38:49.306+0000] {processor.py:157} INFO - Started process (PID=65653) to work on /workspaces/hands-on-introduction-data-engineering-4395021/airflow/dags/extract_dag.py
[2026-09-17T02:38:49.306+0000] {processor.py:826} INFO - Processing file /workspaces/hands-on-introduction-data-engineering-4395021/airflow/dags/extract_dag.py for tasks to queue
[2026-09-17T02:38:49.307+0000] {logging_mixin.py:150} INFO - [2026-09-17T02:38:49.307+0000] {dagbag.py:541} INFO - Filling up the DagBag from /workspaces/hands-on-introduction-data-engineering-4395021/airflow/dags/extract_dag.py
[2026-09-17T02:38:49.316+0000] {processor.py:836} INFO - DAG(s) dict_keys(['extract_dag']) retrieved from /workspaces/hands-on-introduction-data-engineering-4395021/airflow/dags/extract_dag.py
[2026-09-17T02:38:49.338+0000] {logging_mixin.py:150} INFO - [2026-09-17T02:38:49.338+0000] {dag.py:2742} INFO - Sync 1 DAGs
[2026-09-17T02:38:49.352+0000] {logging_mixin.py:150} INFO - [2026-09-17T02:38:49.352+0000] {dag.py:3504} INFO - Setting next_dagrun for extract_dag to None, run_after=None
[2026-09-17T02:38:49.368+0000] {processor.py:179} INFO - Processing /workspaces/hands-on-introduction-data-engineering-4395021/airflow/dags/extract_dag.py took 0.065 seconds
[2026-09-17T02:39:19.467+0000] {processor.py:157} INFO - Started process (PID=65827) to work on /workspaces/hands-on-introduction-data-engineering-4395021/airflow/dags/extract_dag.py
[2026-09-17T02:39:19.468+0000] {processor.py:826} INFO - Processing file /workspaces/hands-on-introduction-data-engineering-4395021/airflow/dags/extract_dag.py for tasks to queue
[2026-09-17T02:39:19.469+0000] {logging_mixin.py:150} INFO - [2026-09-17T02:39:19.469+0000] {dagbag.py:541} INFO - Filling up the DagBag from /workspaces/hands-on-introduction-data-engineering-4395021/airflow/dags/extract_dag.py
[2026-09-17T02:39:19.477+0000] {processor.py:836} INFO - DAG(s) dict_keys(['extract_dag']) retrieved from /workspaces/hands-on-introduction-data-engineering-4395021/airflow/dags/extract_dag.py
[2026-09-17T02:39:19.499+0000] {logging_mixin.py:150} INFO - [2026-09-17T02:39:19.499+0000] {dag.py:2742} INFO - Sync 1 DAGs
[2026-09-17T02:39:19.513+0000] {logging_mixin.py:150} INFO - [2026-09-17T02:39:19.513+0000] {dag.py:3504} INFO - Setting next_dagrun for extract_dag to None, run_after=None
[2026-09-17T02:39:19.528+0000] {processor.py:179} INFO - Processing /workspaces/hands-on-introduction-data-engineering-4395021/airflow/dags/extract_dag.py took 0.064 seconds
[2026-09-17T02:39:49.637+0000] {processor.py:157} INFO - Started process (PID=65990) to work on /workspaces/hands-on-introduction-data-engineering-4395021/airflow/dags/extract_dag.py
[2026-09-17T02:39:49.637+0000] {processor.py:826} INFO - Processing file /workspaces/hands-on-introduction-data-engineering-4395021/airflow/dags/extract_dag.py for tasks to queue
[2026-09-17T02:39:49.638+0000] {logging_mixin.py:150} INFO - [2026-09-17T02:39:49.638+0000] {dagbag.py:541} INFO - Filling up the DagBag from /workspaces/hands-on-introduction-data-engineering-4395021/airflow/dags/extract_dag.py
[2026-09-17T02:39:49.647+0000] {processor.py:836} INFO - DAG(s) dict_keys(['extract_dag']) retrieved from /workspaces/hands-on-introduction-data-engineering-4395021/airflow/dags/extract_dag.py
[2026-09-17T02:39:49.664+0000] {logging_mixin.py:150} INFO - [2026-09-17T02:39:49.664+0000] {dag.py:2742} INFO - Sync 1 DAGs
[2026-09-17T02:39:49.678+0000] {logging_mixin.py:150} INFO - [2026-09-17T02:39:49.678+0000] {dag.py:3504} INFO - Setting next_dagrun for extract_dag to None, run_after=None
[2026-09-17T02:39:49.697+0000] {processor.py:179} INFO - Processing /workspaces/hands-on-introduction-data-engineering-4395021/airflow/dags/extract_dag.py took 0.062 seconds
[2026-09-17T02:40:19.802+0000] {processor.py:157} INFO - Started process (PID=66164) to work on /workspaces/hands-on-introduction-data-engineering-4395021/airflow/dags/extract_dag.py
[2026-09-17T02:40:19.803+0000] {processor.py:826} INFO - Processing file /workspaces/hands-on-introduction-data-engineering-4395021/airflow/dags/extract_dag.py for tasks to queue
[2026-09-17T02:40:19.804+0000] {logging_mixin.py:150} INFO - [2026-09-17T02:40:19.804+0000] {dagbag.py:541} INFO - Filling up the DagBag from /workspaces/hands-on-introduction-data-engineering-4395021/airflow/dags/extract_dag.py
[2026-09-17T02:40:19.813+0000] {processor.py:836} INFO - DAG(s) dict_keys(['extract_dag']) retrieved from /workspaces/hands-on-introduction-data-engineering-4395021/airflow/dags/extract_dag.py
[2026-09-17T02:40:19.830+0000] {logging_mixin.py:150} INFO - [2026-09-17T02:40:19.830+0000] {dag.py:2742} INFO - Sync 1 DAGs
[2026-09-17T02:40:19.844+0000] {logging_mixin.py:150} INFO - [2026-09-17T02:40:19.844+0000] {dag.py:3504} INFO - Setting next_dagrun for extract_dag to None, run_after=None
[2026-09-17T02:40:19.859+0000] {processor.py:179} INFO - Processing /workspaces/hands-on-introduction-data-engineering-4395021/airflow/dags/extract_dag.py took 0.060 seconds
[2026-09-17T02:40:49.970+0000] {processor.py:157} INFO - Started process (PID=66327) to work on /workspaces/hands-on-introduction-data-engineering-4395021/airflow/dags/extract_dag.py
[2026-09-17T02:40:49.970+0000] {processor.py:826} INFO - Processing file /workspaces/hands-on-introduction-data-engineering-4395021/airflow/dags/extract_dag.py for tasks to queue
[2026-09-17T02:40:49.971+0000] {logging_mixin.py:150} INFO - [2026-09-17T02:40:49.971+0000] {dagbag.py:541} INFO - Filling up the DagBag from /workspaces/hands-on-introduction-data-engineering-4395021/airflow/dags/extract_dag.py
[2026-09-17T02:40:49.980+0000] {processor.py:836} INFO - DAG(s) dict_keys(['extract_dag']) retrieved from /workspaces/hands-on-introduction-data-engineering-4395021/airflow/dags/extract_dag.py
[2026-09-17T02:40:50.002+0000] {logging_mixin.py:150} INFO - [2026-09-17T02:40:50.002+0000] {dag.py:2742} INFO - Sync 1 DAGs
[2026-09-17T02:40:50.018+0000] {logging_mixin.py:150} INFO - [2026-09-17T02:40:50.018+0000] {dag.py:3504} INFO - Setting next_dagrun for extract_dag to None, run_after=None
[2026-09-17T02:40:50.035+0000] {processor.py:179} INFO - Processing /workspaces/hands-on-introduction-data-engineering-4395021/airflow/dags/extract_dag.py took 0.068 seconds
[2026-09-17T02:41:20.111+0000] {processor.py:157} INFO - Started process (PID=66502) to work on /workspaces/hands-on-introduction-data-engineering-4395021/airflow/dags/extract_dag.py
[2026-09-17T02:41:20.111+0000] {processor.py:826} INFO - Processing file /workspaces/hands-on-introduction-data-engineering-4395021/airflow/dags/extract_dag.py for tasks to queue
[2026-09-17T02:41:20.112+0000] {logging_mixin.py:150} INFO - [2026-09-17T02:41:20.112+0000] {dagbag.py:541} INFO - Filling up the DagBag from /workspaces/hands-on-introduction-data-engineering-4395021/airflow/dags/extract_dag.py
[2026-09-17T02:41:20.121+0000] {processor.py:836} INFO - DAG(s) dict_keys(['extract_dag']) retrieved from /workspaces/hands-on-introduction-data-engineering-4395021/airflow/dags/extract_dag.py
[2026-09-17T02:41:20.138+0000] {logging_mixin.py:150} INFO - [2026-09-17T02:41:20.138+0000] {dag.py:2742} INFO - Sync 1 DAGs
[2026-09-17T02:41:20.155+0000] {logging_mixin.py:150} INFO - [2026-09-17T02:41:20.155+0000] {dag.py:3504} INFO - Setting next_dagrun for extract_dag to None, run_after=None
[2026-09-17T02:41:20.170+0000] {processor.py:179} INFO - Processing /workspaces/hands-on-introduction-data-engineering-4395021/airflow/dags/extract_dag.py took 0.062 seconds
[2026-09-17T02:41:50.294+0000] {processor.py:157} INFO - Started process (PID=66665) to work on /workspaces/hands-on-introduction-data-engineering-4395021/airflow/dags/extract_dag.py
[2026-09-17T02:41:50.295+0000] {processor.py:826} INFO - Processing file /workspaces/hands-on-introduction-data-engineering-4395021/airflow/dags/extract_dag.py for tasks to queue
[2026-09-17T02:41:50.296+0000] {logging_mixin.py:150} INFO - [2026-09-17T02:41:50.296+0000] {dagbag.py:541} INFO - Filling up the DagBag from /workspaces/hands-on-introduction-data-engineering-4395021/airflow/dags/extract_dag.py
[2026-09-17T02:41:50.308+0000] {processor.py:836} INFO - DAG(s) dict_keys(['extract_dag']) retrieved from /workspaces/hands-on-introduction-data-engineering-4395021/airflow/dags/extract_dag.py
[2026-09-17T02:41:50.324+0000] {logging_mixin.py:150} INFO - [2026-09-17T02:41:50.324+0000] {dag.py:2742} INFO - Sync 1 DAGs
[2026-09-17T02:41:50.339+0000] {logging_mixin.py:150} INFO - [2026-09-17T02:41:50.339+0000] {dag.py:3504} INFO - Setting next_dagrun for extract_dag to None, run_after=None
[2026-09-17T02:41:50.354+0000] {processor.py:179} INFO - Processing /workspaces/hands-on-introduction-data-engineering-4395021/airflow/dags/extract_dag.py took 0.063 seconds
[2026-09-17T02:42:20.473+0000] {processor.py:157} INFO - Started process (PID=66861) to work on /workspaces/hands-on-introduction-data-engineering-4395021/airflow/dags/extract_dag.py
[2026-09-17T02:42:20.473+0000] {processor.py:826} INFO - Processing file /workspaces/hands-on-introduction-data-engineering-4395021/airflow/dags/extract_dag.py for tasks to queue
[2026-09-17T02:42:20.474+0000] {logging_mixin.py:150} INFO - [2026-09-17T02:42:20.474+0000] {dagbag.py:541} INFO - Filling up the DagBag from /workspaces/hands-on-introduction-data-engineering-4395021/airflow/dags/extract_dag.py
[2026-09-17T02:42:20.484+0000] {processor.py:836} INFO - DAG(s) dict_keys(['extract_dag']) retrieved from /workspaces/hands-on-introduction-data-engineering-4395021/airflow/dags/extract_dag.py
[2026-09-17T02:42:20.505+0000] {logging_mixin.py:150} INFO - [2026-09-17T02:42:20.505+0000] {dag.py:2742} INFO - Sync 1 DAGs
[2026-09-17T02:42:20.519+0000] {logging_mixin.py:150} INFO - [2026-09-17T02:42:20.519+0000] {dag.py:3504} INFO - Setting next_dagrun for extract_dag to None, run_after=None
[2026-09-17T02:42:20.535+0000] {processor.py:179} INFO - Processing /workspaces/hands-on-introduction-data-engineering-4395021/airflow/dags/extract_dag.py took 0.066 seconds
[2026-09-17T02:42:50.646+0000] {processor.py:157} INFO - Started process (PID=67048) to work on /workspaces/hands-on-introduction-data-engineering-4395021/airflow/dags/extract_dag.py
[2026-09-17T02:42:50.646+0000] {processor.py:826} INFO - Processing file /workspaces/hands-on-introduction-data-engineering-4395021/airflow/dags/extract_dag.py for tasks to queue
[2026-09-17T02:42:50.647+0000] {logging_mixin.py:150} INFO - [2026-09-17T02:42:50.647+0000] {dagbag.py:541} INFO - Filling up the DagBag from /workspaces/hands-on-introduction-data-engineering-4395021/airflow/dags/extract_dag.py
[2026-09-17T02:42:50.655+0000] {processor.py:836} INFO - DAG(s) dict_keys(['extract_dag']) retrieved from /workspaces/hands-on-introduction-data-engineering-4395021/airflow/dags/extract_dag.py
[2026-09-17T02:42:50.672+0000] {logging_mixin.py:150} INFO - [2026-09-17T02:42:50.672+0000] {dag.py:2742} INFO - Sync 1 DAGs
[2026-09-17T02:42:50.688+0000] {logging_mixin.py:150} INFO - [2026-09-17T02:42:50.688+0000] {dag.py:3504} INFO - Setting next_dagrun for extract_dag to None, run_after=None
[2026-09-17T02:42:50.710+0000] {processor.py:179} INFO - Processing /workspaces/hands-on-introduction-data-engineering-4395021/airflow/dags/extract_dag.py took 0.067 seconds
[2026-09-17T02:43:20.821+0000] {processor.py:157} INFO - Started process (PID=67222) to work on /workspaces/hands-on-introduction-data-engineering-4395021/airflow/dags/extract_dag.py
[2026-09-17T02:43:20.822+0000] {processor.py:826} INFO - Processing file /workspaces/hands-on-introduction-data-engineering-4395021/airflow/dags/extract_dag.py for tasks to queue
[2026-09-17T02:43:20.823+0000] {logging_mixin.py:150} INFO - [2026-09-17T02:43:20.822+0000] {dagbag.py:541} INFO - Filling up the DagBag from /workspaces/hands-on-introduction-data-engineering-4395021/airflow/dags/extract_dag.py
[2026-09-17T02:43:20.831+0000] {processor.py:836} INFO - DAG(s) dict_keys(['extract_dag']) retrieved from /workspaces/hands-on-introduction-data-engineering-4395021/airflow/dags/extract_dag.py
[2026-09-17T02:43:20.849+0000] {logging_mixin.py:150} INFO - [2026-09-17T02:43:20.848+0000] {dag.py:2742} INFO - Sync 1 DAGs
[2026-09-17T02:43:20.864+0000] {logging_mixin.py:150} INFO - [2026-09-17T02:43:20.864+0000] {dag.py:3504} INFO - Setting next_dagrun for extract_dag to None, run_after=None
[2026-09-17T02:43:20.880+0000] {processor.py:179} INFO - Processing /workspaces/hands-on-introduction-data-engineering-4395021/airflow/dags/extract_dag.py took 0.061 seconds
[2026-09-17T02:43:50.994+0000] {processor.py:157} INFO - Started process (PID=67382) to work on /workspaces/hands-on-introduction-data-engineering-4395021/airflow/dags/extract_dag.py
[2026-09-17T02:43:50.994+0000] {processor.py:826} INFO - Processing file /workspaces/hands-on-introduction-data-engineering-4395021/airflow/dags/extract_dag.py for tasks to queue
[2026-09-17T02:43:50.995+0000] {logging_mixin.py:150} INFO - [2026-09-17T02:43:50.995+0000] {dagbag.py:541} INFO - Filling up the DagBag from /workspaces/hands-on-introduction-data-engineering-4395021/airflow/dags/extract_dag.py
[2026-09-17T02:43:51.005+0000] {processor.py:836} INFO - DAG(s) dict_keys(['extract_dag']) retrieved from /workspaces/hands-on-introduction-data-engineering-4395021/airflow/dags/extract_dag.py
[2026-09-17T02:43:51.024+0000] {logging_mixin.py:150} INFO - [2026-09-17T02:43:51.024+0000] {dag.py:2742} INFO - Sync 1 DAGs
[2026-09-17T02:43:51.042+0000] {logging_mixin.py:150} INFO - [2026-09-17T02:43:51.042+0000] {dag.py:3504} INFO - Setting next_dagrun for extract_dag to None, run_after=None
[2026-09-17T02:43:51.065+0000] {processor.py:179} INFO - Processing /workspaces/hands-on-introduction-data-engineering-4395021/airflow/dags/extract_dag.py took 0.074 seconds
[2026-09-17T02:44:21.164+0000] {processor.py:157} INFO - Started process (PID=67557) to work on /workspaces/hands-on-introduction-data-engineering-4395021/airflow/dags/extract_dag.py
[2026-09-17T02:44:21.165+0000] {processor.py:826} INFO - Processing file /workspaces/hands-on-introduction-data-engineering-4395021/airflow/dags/extract_dag.py for tasks to queue
[2026-09-17T02:44:21.165+0000] {logging_mixin.py:150} INFO - [2026-09-17T02:44:21.165+0000] {dagbag.py:541} INFO - Filling up the DagBag from /workspaces/hands-on-introduction-data-engineering-4395021/airflow/dags/extract_dag.py
[2026-09-17T02:44:21.174+0000] {processor.py:836} INFO - DAG(s) dict_keys(['extract_dag']) retrieved from /workspaces/hands-on-introduction-data-engineering-4395021/airflow/dags/extract_dag.py
[2026-09-17T02:44:21.195+0000] {logging_mixin.py:150} INFO - [2026-09-17T02:44:21.195+0000] {dag.py:2742} INFO - Sync 1 DAGs
[2026-09-17T02:44:21.211+0000] {logging_mixin.py:150} INFO - [2026-09-17T02:44:21.211+0000] {dag.py:3504} INFO - Setting next_dagrun for extract_dag to None, run_after=None
[2026-09-17T02:44:21.227+0000] {processor.py:179} INFO - Processing /workspaces/hands-on-introduction-data-engineering-4395021/airflow/dags/extract_dag.py took 0.066 seconds
[2026-09-17T02:44:51.337+0000] {processor.py:157} INFO - Started process (PID=67724) to work on /workspaces/hands-on-introduction-data-engineering-4395021/airflow/dags/extract_dag.py
[2026-09-17T02:44:51.338+0000] {processor.py:826} INFO - Processing file /workspaces/hands-on-introduction-data-engineering-4395021/airflow/dags/extract_dag.py for tasks to queue
[2026-09-17T02:44:51.339+0000] {logging_mixin.py:150} INFO - [2026-09-17T02:44:51.338+0000] {dagbag.py:541} INFO - Filling up the DagBag from /workspaces/hands-on-introduction-data-engineering-4395021/airflow/dags/extract_dag.py
[2026-09-17T02:44:51.348+0000] {processor.py:836} INFO - DAG(s) dict_keys(['extract_dag']) retrieved from /workspaces/hands-on-introduction-data-engineering-4395021/airflow/dags/extract_dag.py
[2026-09-17T02:44:51.365+0000] {logging_mixin.py:150} INFO - [2026-09-17T02:44:51.365+0000] {dag.py:2742} INFO - Sync 1 DAGs
[2026-09-17T02:44:51.380+0000] {logging_mixin.py:150} INFO - [2026-09-17T02:44:51.380+0000] {dag.py:3504} INFO - Setting next_dagrun for extract_dag to None, run_after=None
[2026-09-17T02:44:51.401+0000] {processor.py:179} INFO - Processing /workspaces/hands-on-introduction-data-engineering-4395021/airflow/dags/extract_dag.py took 0.068 seconds
[2026-09-17T02:45:21.506+0000] {processor.py:157} INFO - Started process (PID=67887) to work on /workspaces/hands-on-introduction-data-engineering-4395021/airflow/dags/extract_dag.py
[2026-09-17T02:45:21.506+0000] {processor.py:826} INFO - Processing file /workspaces/hands-on-introduction-data-engineering-4395021/airflow/dags/extract_dag.py for tasks to queue
[2026-09-17T02:45:21.507+0000] {logging_mixin.py:150} INFO - [2026-09-17T02:45:21.507+0000] {dagbag.py:541} INFO - Filling up the DagBag from /workspaces/hands-on-introduction-data-engineering-4395021/airflow/dags/extract_dag.py
[2026-09-17T02:45:21.516+0000] {processor.py:836} INFO - DAG(s) dict_keys(['extract_dag']) retrieved from /workspaces/hands-on-introduction-data-engineering-4395021/airflow/dags/extract_dag.py
[2026-09-17T02:45:21.540+0000] {logging_mixin.py:150} INFO - [2026-09-17T02:45:21.540+0000] {dag.py:2742} INFO - Sync 1 DAGs
[2026-09-17T02:45:21.567+0000] {logging_mixin.py:150} INFO - [2026-09-17T02:45:21.567+0000] {dag.py:3504} INFO - Setting next_dagrun for extract_dag to None, run_after=None
[2026-09-17T02:45:21.589+0000] {processor.py:179} INFO - Processing /workspaces/hands-on-introduction-data-engineering-4395021/airflow/dags/extract_dag.py took 0.087 seconds
[2026-09-17T02:45:51.668+0000] {processor.py:157} INFO - Started process (PID=68058) to work on /workspaces/hands-on-introduction-data-engineering-4395021/airflow/dags/extract_dag.py
[2026-09-17T02:45:51.669+0000] {processor.py:826} INFO - Processing file /workspaces/hands-on-introduction-data-engineering-4395021/airflow/dags/extract_dag.py for tasks to queue
[2026-09-17T02:45:51.669+0000] {logging_mixin.py:150} INFO - [2026-09-17T02:45:51.669+0000] {dagbag.py:541} INFO - Filling up the DagBag from /workspaces/hands-on-introduction-data-engineering-4395021/airflow/dags/extract_dag.py
[2026-09-17T02:45:51.678+0000] {processor.py:836} INFO - DAG(s) dict_keys(['extract_dag']) retrieved from /workspaces/hands-on-introduction-data-engineering-4395021/airflow/dags/extract_dag.py
[2026-09-17T02:45:51.699+0000] {logging_mixin.py:150} INFO - [2026-09-17T02:45:51.699+0000] {dag.py:2742} INFO - Sync 1 DAGs
[2026-09-17T02:45:51.714+0000] {logging_mixin.py:150} INFO - [2026-09-17T02:45:51.714+0000] {dag.py:3504} INFO - Setting next_dagrun for extract_dag to None, run_after=None
[2026-09-17T02:45:51.729+0000] {processor.py:179} INFO - Processing /workspaces/hands-on-introduction-data-engineering-4395021/airflow/dags/extract_dag.py took 0.064 seconds
[2026-09-17T02:46:21.831+0000] {processor.py:157} INFO - Started process (PID=68227) to work on /workspaces/hands-on-introduction-data-engineering-4395021/airflow/dags/extract_dag.py
[2026-09-17T02:46:21.832+0000] {processor.py:826} INFO - Processing file /workspaces/hands-on-introduction-data-engineering-4395021/airflow/dags/extract_dag.py for tasks to queue
[2026-09-17T02:46:21.833+0000] {logging_mixin.py:150} INFO - [2026-09-17T02:46:21.832+0000] {dagbag.py:541} INFO - Filling up the DagBag from /workspaces/hands-on-introduction-data-engineering-4395021/airflow/dags/extract_dag.py
[2026-09-17T02:46:21.841+0000] {processor.py:836} INFO - DAG(s) dict_keys(['extract_dag']) retrieved from /workspaces/hands-on-introduction-data-engineering-4395021/airflow/dags/extract_dag.py
[2026-09-17T02:46:21.858+0000] {logging_mixin.py:150} INFO - [2026-09-17T02:46:21.858+0000] {dag.py:2742} INFO - Sync 1 DAGs
[2026-09-17T02:46:21.872+0000] {logging_mixin.py:150} INFO - [2026-09-17T02:46:21.872+0000] {dag.py:3504} INFO - Setting next_dagrun for extract_dag to None, run_after=None
[2026-09-17T02:46:21.890+0000] {processor.py:179} INFO - Processing /workspaces/hands-on-introduction-data-engineering-4395021/airflow/dags/extract_dag.py took 0.061 seconds
[2026-09-17T02:46:52.012+0000] {processor.py:157} INFO - Started process (PID=68395) to work on /workspaces/hands-on-introduction-data-engineering-4395021/airflow/dags/extract_dag.py
[2026-09-17T02:46:52.013+0000] {processor.py:826} INFO - Processing file /workspaces/hands-on-introduction-data-engineering-4395021/airflow/dags/extract_dag.py for tasks to queue
[2026-09-17T02:46:52.014+0000] {logging_mixin.py:150} INFO - [2026-09-17T02:46:52.013+0000] {dagbag.py:541} INFO - Filling up the DagBag from /workspaces/hands-on-introduction-data-engineering-4395021/airflow/dags/extract_dag.py
[2026-09-17T02:46:52.025+0000] {processor.py:836} INFO - DAG(s) dict_keys(['extract_dag']) retrieved from /workspaces/hands-on-introduction-data-engineering-4395021/airflow/dags/extract_dag.py
[2026-09-17T02:46:52.045+0000] {logging_mixin.py:150} INFO - [2026-09-17T02:46:52.045+0000] {dag.py:2742} INFO - Sync 1 DAGs
[2026-09-17T02:46:52.066+0000] {logging_mixin.py:150} INFO - [2026-09-17T02:46:52.065+0000] {dag.py:3504} INFO - Setting next_dagrun for extract_dag to None, run_after=None
[2026-09-17T02:46:52.088+0000] {processor.py:179} INFO - Processing /workspaces/hands-on-introduction-data-engineering-4395021/airflow/dags/extract_dag.py took 0.079 seconds
[2026-09-17T02:47:22.180+0000] {processor.py:157} INFO - Started process (PID=68609) to work on /workspaces/hands-on-introduction-data-engineering-4395021/airflow/dags/extract_dag.py
[2026-09-17T02:47:22.181+0000] {processor.py:826} INFO - Processing file /workspaces/hands-on-introduction-data-engineering-4395021/airflow/dags/extract_dag.py for tasks to queue
[2026-09-17T02:47:22.181+0000] {logging_mixin.py:150} INFO - [2026-09-17T02:47:22.181+0000] {dagbag.py:541} INFO - Filling up the DagBag from /workspaces/hands-on-introduction-data-engineering-4395021/airflow/dags/extract_dag.py
[2026-09-17T02:47:22.193+0000] {processor.py:836} INFO - DAG(s) dict_keys(['extract_dag']) retrieved from /workspaces/hands-on-introduction-data-engineering-4395021/airflow/dags/extract_dag.py
[2026-09-17T02:47:22.211+0000] {logging_mixin.py:150} INFO - [2026-09-17T02:47:22.211+0000] {dag.py:2742} INFO - Sync 1 DAGs
[2026-09-17T02:47:22.226+0000] {logging_mixin.py:150} INFO - [2026-09-17T02:47:22.226+0000] {dag.py:3504} INFO - Setting next_dagrun for extract_dag to None, run_after=None
[2026-09-17T02:47:22.251+0000] {processor.py:179} INFO - Processing /workspaces/hands-on-introduction-data-engineering-4395021/airflow/dags/extract_dag.py took 0.074 seconds
[2026-09-17T02:47:52.354+0000] {processor.py:157} INFO - Started process (PID=68779) to work on /workspaces/hands-on-introduction-data-engineering-4395021/airflow/dags/extract_dag.py
[2026-09-17T02:47:52.355+0000] {processor.py:826} INFO - Processing file /workspaces/hands-on-introduction-data-engineering-4395021/airflow/dags/extract_dag.py for tasks to queue
[2026-09-17T02:47:52.356+0000] {logging_mixin.py:150} INFO - [2026-09-17T02:47:52.356+0000] {dagbag.py:541} INFO - Filling up the DagBag from /workspaces/hands-on-introduction-data-engineering-4395021/airflow/dags/extract_dag.py
[2026-09-17T02:47:52.368+0000] {processor.py:836} INFO - DAG(s) dict_keys(['extract_dag']) retrieved from /workspaces/hands-on-introduction-data-engineering-4395021/airflow/dags/extract_dag.py
[2026-09-17T02:47:52.390+0000] {logging_mixin.py:150} INFO - [2026-09-17T02:47:52.390+0000] {dag.py:2742} INFO - Sync 1 DAGs
[2026-09-17T02:47:52.410+0000] {logging_mixin.py:150} INFO - [2026-09-17T02:47:52.410+0000] {dag.py:3504} INFO - Setting next_dagrun for extract_dag to None, run_after=None
[2026-09-17T02:47:52.427+0000] {processor.py:179} INFO - Processing /workspaces/hands-on-introduction-data-engineering-4395021/airflow/dags/extract_dag.py took 0.077 seconds
[2026-09-17T02:48:22.487+0000] {processor.py:157} INFO - Started process (PID=68944) to work on /workspaces/hands-on-introduction-data-engineering-4395021/airflow/dags/extract_dag.py
[2026-09-17T02:48:22.487+0000] {processor.py:826} INFO - Processing file /workspaces/hands-on-introduction-data-engineering-4395021/airflow/dags/extract_dag.py for tasks to queue
[2026-09-17T02:48:22.488+0000] {logging_mixin.py:150} INFO - [2026-09-17T02:48:22.488+0000] {dagbag.py:541} INFO - Filling up the DagBag from /workspaces/hands-on-introduction-data-engineering-4395021/airflow/dags/extract_dag.py
[2026-09-17T02:48:22.499+0000] {processor.py:836} INFO - DAG(s) dict_keys(['extract_dag']) retrieved from /workspaces/hands-on-introduction-data-engineering-4395021/airflow/dags/extract_dag.py
[2026-09-17T02:48:22.517+0000] {logging_mixin.py:150} INFO - [2026-09-17T02:48:22.516+0000] {dag.py:2742} INFO - Sync 1 DAGs
[2026-09-17T02:48:22.531+0000] {logging_mixin.py:150} INFO - [2026-09-17T02:48:22.531+0000] {dag.py:3504} INFO - Setting next_dagrun for extract_dag to None, run_after=None
[2026-09-17T02:48:22.548+0000] {processor.py:179} INFO - Processing /workspaces/hands-on-introduction-data-engineering-4395021/airflow/dags/extract_dag.py took 0.064 seconds
[2026-09-17T02:48:52.663+0000] {processor.py:157} INFO - Started process (PID=69115) to work on /workspaces/hands-on-introduction-data-engineering-4395021/airflow/dags/extract_dag.py
[2026-09-17T02:48:52.664+0000] {processor.py:826} INFO - Processing file /workspaces/hands-on-introduction-data-engineering-4395021/airflow/dags/extract_dag.py for tasks to queue
[2026-09-17T02:48:52.665+0000] {logging_mixin.py:150} INFO - [2026-09-17T02:48:52.664+0000] {dagbag.py:541} INFO - Filling up the DagBag from /workspaces/hands-on-introduction-data-engineering-4395021/airflow/dags/extract_dag.py
[2026-09-17T02:48:52.676+0000] {processor.py:836} INFO - DAG(s) dict_keys(['extract_dag']) retrieved from /workspaces/hands-on-introduction-data-engineering-4395021/airflow/dags/extract_dag.py
[2026-09-17T02:48:52.699+0000] {logging_mixin.py:150} INFO - [2026-09-17T02:48:52.699+0000] {dag.py:2742} INFO - Sync 1 DAGs
[2026-09-17T02:48:52.737+0000] {logging_mixin.py:150} INFO - [2026-09-17T02:48:52.735+0000] {dag.py:3504} INFO - Setting next_dagrun for extract_dag to None, run_after=None
[2026-09-17T02:48:52.756+0000] {processor.py:179} INFO - Processing /workspaces/hands-on-introduction-data-engineering-4395021/airflow/dags/extract_dag.py took 0.097 seconds
[2026-09-17T02:49:22.924+0000] {processor.py:157} INFO - Started process (PID=69281) to work on /workspaces/hands-on-introduction-data-engineering-4395021/airflow/dags/extract_dag.py
[2026-09-17T02:49:22.925+0000] {processor.py:826} INFO - Processing file /workspaces/hands-on-introduction-data-engineering-4395021/airflow/dags/extract_dag.py for tasks to queue
[2026-09-17T02:49:22.926+0000] {logging_mixin.py:150} INFO - [2026-09-17T02:49:22.925+0000] {dagbag.py:541} INFO - Filling up the DagBag from /workspaces/hands-on-introduction-data-engineering-4395021/airflow/dags/extract_dag.py
[2026-09-17T02:49:22.935+0000] {processor.py:836} INFO - DAG(s) dict_keys(['extract_dag']) retrieved from /workspaces/hands-on-introduction-data-engineering-4395021/airflow/dags/extract_dag.py
[2026-09-17T02:49:22.951+0000] {logging_mixin.py:150} INFO - [2026-09-17T02:49:22.951+0000] {dag.py:2742} INFO - Sync 1 DAGs
[2026-09-17T02:49:22.966+0000] {logging_mixin.py:150} INFO - [2026-09-17T02:49:22.966+0000] {dag.py:3504} INFO - Setting next_dagrun for extract_dag to None, run_after=None
[2026-09-17T02:49:22.990+0000] {processor.py:179} INFO - Processing /workspaces/hands-on-introduction-data-engineering-4395021/airflow/dags/extract_dag.py took 0.068 seconds
[2026-09-17T02:49:53.092+0000] {processor.py:157} INFO - Started process (PID=69458) to work on /workspaces/hands-on-introduction-data-engineering-4395021/airflow/dags/extract_dag.py
[2026-09-17T02:49:53.093+0000] {processor.py:826} INFO - Processing file /workspaces/hands-on-introduction-data-engineering-4395021/airflow/dags/extract_dag.py for tasks to queue
[2026-09-17T02:49:53.094+0000] {logging_mixin.py:150} INFO - [2026-09-17T02:49:53.093+0000] {dagbag.py:541} INFO - Filling up the DagBag from /workspaces/hands-on-introduction-data-engineering-4395021/airflow/dags/extract_dag.py
[2026-09-17T02:49:53.104+0000] {processor.py:836} INFO - DAG(s) dict_keys(['extract_dag']) retrieved from /workspaces/hands-on-introduction-data-engineering-4395021/airflow/dags/extract_dag.py
[2026-09-17T02:49:53.121+0000] {logging_mixin.py:150} INFO - [2026-09-17T02:49:53.121+0000] {dag.py:2742} INFO - Sync 1 DAGs
[2026-09-17T02:49:53.136+0000] {logging_mixin.py:150} INFO - [2026-09-17T02:49:53.136+0000] {dag.py:3504} INFO - Setting next_dagrun for extract_dag to None, run_after=None
[2026-09-17T02:49:53.153+0000] {processor.py:179} INFO - Processing /workspaces/hands-on-introduction-data-engineering-4395021/airflow/dags/extract_dag.py took 0.064 seconds
[2026-09-17T02:50:23.254+0000] {processor.py:157} INFO - Started process (PID=69620) to work on /workspaces/hands-on-introduction-data-engineering-4395021/airflow/dags/extract_dag.py
[2026-09-17T02:50:23.255+0000] {processor.py:826} INFO - Processing file /workspaces/hands-on-introduction-data-engineering-4395021/airflow/dags/extract_dag.py for tasks to queue
[2026-09-17T02:50:23.255+0000] {logging_mixin.py:150} INFO - [2026-09-17T02:50:23.255+0000] {dagbag.py:541} INFO - Filling up the DagBag from /workspaces/hands-on-introduction-data-engineering-4395021/airflow/dags/extract_dag.py
[2026-09-17T02:50:23.263+0000] {processor.py:836} INFO - DAG(s) dict_keys(['extract_dag']) retrieved from /workspaces/hands-on-introduction-data-engineering-4395021/airflow/dags/extract_dag.py
[2026-09-17T02:50:23.280+0000] {logging_mixin.py:150} INFO - [2026-09-17T02:50:23.279+0000] {dag.py:2742} INFO - Sync 1 DAGs
[2026-09-17T02:50:23.297+0000] {logging_mixin.py:150} INFO - [2026-09-17T02:50:23.296+0000] {dag.py:3504} INFO - Setting next_dagrun for extract_dag to None, run_after=None
[2026-09-17T02:50:23.312+0000] {processor.py:179} INFO - Processing /workspaces/hands-on-introduction-data-engineering-4395021/airflow/dags/extract_dag.py took 0.060 seconds
[2026-09-17T02:50:53.422+0000] {processor.py:157} INFO - Started process (PID=69794) to work on /workspaces/hands-on-introduction-data-engineering-4395021/airflow/dags/extract_dag.py
[2026-09-17T02:50:53.423+0000] {processor.py:826} INFO - Processing file /workspaces/hands-on-introduction-data-engineering-4395021/airflow/dags/extract_dag.py for tasks to queue
[2026-09-17T02:50:53.424+0000] {logging_mixin.py:150} INFO - [2026-09-17T02:50:53.423+0000] {dagbag.py:541} INFO - Filling up the DagBag from /workspaces/hands-on-introduction-data-engineering-4395021/airflow/dags/extract_dag.py
[2026-09-17T02:50:53.432+0000] {processor.py:836} INFO - DAG(s) dict_keys(['extract_dag']) retrieved from /workspaces/hands-on-introduction-data-engineering-4395021/airflow/dags/extract_dag.py
[2026-09-17T02:50:53.449+0000] {logging_mixin.py:150} INFO - [2026-09-17T02:50:53.449+0000] {dag.py:2742} INFO - Sync 1 DAGs
[2026-09-17T02:50:53.463+0000] {logging_mixin.py:150} INFO - [2026-09-17T02:50:53.463+0000] {dag.py:3504} INFO - Setting next_dagrun for extract_dag to None, run_after=None
[2026-09-17T02:50:53.478+0000] {processor.py:179} INFO - Processing /workspaces/hands-on-introduction-data-engineering-4395021/airflow/dags/extract_dag.py took 0.059 seconds
[2026-09-17T02:51:23.589+0000] {processor.py:157} INFO - Started process (PID=69956) to work on /workspaces/hands-on-introduction-data-engineering-4395021/airflow/dags/extract_dag.py
[2026-09-17T02:51:23.590+0000] {processor.py:826} INFO - Processing file /workspaces/hands-on-introduction-data-engineering-4395021/airflow/dags/extract_dag.py for tasks to queue
[2026-09-17T02:51:23.590+0000] {logging_mixin.py:150} INFO - [2026-09-17T02:51:23.590+0000] {dagbag.py:541} INFO - Filling up the DagBag from /workspaces/hands-on-introduction-data-engineering-4395021/airflow/dags/extract_dag.py
[2026-09-17T02:51:23.602+0000] {processor.py:836} INFO - DAG(s) dict_keys(['extract_dag']) retrieved from /workspaces/hands-on-introduction-data-engineering-4395021/airflow/dags/extract_dag.py
[2026-09-17T02:51:23.620+0000] {logging_mixin.py:150} INFO - [2026-09-17T02:51:23.620+0000] {dag.py:2742} INFO - Sync 1 DAGs
[2026-09-17T02:51:23.635+0000] {logging_mixin.py:150} INFO - [2026-09-17T02:51:23.635+0000] {dag.py:3504} INFO - Setting next_dagrun for extract_dag to None, run_after=None
[2026-09-17T02:51:23.651+0000] {processor.py:179} INFO - Processing /workspaces/hands-on-introduction-data-engineering-4395021/airflow/dags/extract_dag.py took 0.066 seconds
[2026-09-17T02:51:53.752+0000] {processor.py:157} INFO - Started process (PID=70129) to work on /workspaces/hands-on-introduction-data-engineering-4395021/airflow/dags/extract_dag.py
[2026-09-17T02:51:53.753+0000] {processor.py:826} INFO - Processing file /workspaces/hands-on-introduction-data-engineering-4395021/airflow/dags/extract_dag.py for tasks to queue
[2026-09-17T02:51:53.754+0000] {logging_mixin.py:150} INFO - [2026-09-17T02:51:53.754+0000] {dagbag.py:541} INFO - Filling up the DagBag from /workspaces/hands-on-introduction-data-engineering-4395021/airflow/dags/extract_dag.py
[2026-09-17T02:51:53.762+0000] {processor.py:836} INFO - DAG(s) dict_keys(['extract_dag']) retrieved from /workspaces/hands-on-introduction-data-engineering-4395021/airflow/dags/extract_dag.py
[2026-09-17T02:51:53.780+0000] {logging_mixin.py:150} INFO - [2026-09-17T02:51:53.780+0000] {dag.py:2742} INFO - Sync 1 DAGs
[2026-09-17T02:51:53.800+0000] {logging_mixin.py:150} INFO - [2026-09-17T02:51:53.800+0000] {dag.py:3504} INFO - Setting next_dagrun for extract_dag to None, run_after=None
[2026-09-17T02:51:53.815+0000] {processor.py:179} INFO - Processing /workspaces/hands-on-introduction-data-engineering-4395021/airflow/dags/extract_dag.py took 0.065 seconds
[2026-09-17T02:52:23.921+0000] {processor.py:157} INFO - Started process (PID=70337) to work on /workspaces/hands-on-introduction-data-engineering-4395021/airflow/dags/extract_dag.py
[2026-09-17T02:52:23.922+0000] {processor.py:826} INFO - Processing file /workspaces/hands-on-introduction-data-engineering-4395021/airflow/dags/extract_dag.py for tasks to queue
[2026-09-17T02:52:23.923+0000] {logging_mixin.py:150} INFO - [2026-09-17T02:52:23.923+0000] {dagbag.py:541} INFO - Filling up the DagBag from /workspaces/hands-on-introduction-data-engineering-4395021/airflow/dags/extract_dag.py
[2026-09-17T02:52:23.932+0000] {processor.py:836} INFO - DAG(s) dict_keys(['extract_dag']) retrieved from /workspaces/hands-on-introduction-data-engineering-4395021/airflow/dags/extract_dag.py
[2026-09-17T02:52:23.948+0000] {logging_mixin.py:150} INFO - [2026-09-17T02:52:23.948+0000] {dag.py:2742} INFO - Sync 1 DAGs
[2026-09-17T02:52:23.962+0000] {logging_mixin.py:150} INFO - [2026-09-17T02:52:23.962+0000] {dag.py:3504} INFO - Setting next_dagrun for extract_dag to None, run_after=None
[2026-09-17T02:52:23.979+0000] {processor.py:179} INFO - Processing /workspaces/hands-on-introduction-data-engineering-4395021/airflow/dags/extract_dag.py took 0.061 seconds
[2026-09-17T02:52:54.090+0000] {processor.py:157} INFO - Started process (PID=70511) to work on /workspaces/hands-on-introduction-data-engineering-4395021/airflow/dags/extract_dag.py
[2026-09-17T02:52:54.090+0000] {processor.py:826} INFO - Processing file /workspaces/hands-on-introduction-data-engineering-4395021/airflow/dags/extract_dag.py for tasks to queue
[2026-09-17T02:52:54.091+0000] {logging_mixin.py:150} INFO - [2026-09-17T02:52:54.091+0000] {dagbag.py:541} INFO - Filling up the DagBag from /workspaces/hands-on-introduction-data-engineering-4395021/airflow/dags/extract_dag.py
[2026-09-17T02:52:54.102+0000] {processor.py:836} INFO - DAG(s) dict_keys(['extract_dag']) retrieved from /workspaces/hands-on-introduction-data-engineering-4395021/airflow/dags/extract_dag.py
[2026-09-17T02:52:54.119+0000] {logging_mixin.py:150} INFO - [2026-09-17T02:52:54.119+0000] {dag.py:2742} INFO - Sync 1 DAGs
[2026-09-17T02:52:54.134+0000] {logging_mixin.py:150} INFO - [2026-09-17T02:52:54.134+0000] {dag.py:3504} INFO - Setting next_dagrun for extract_dag to None, run_after=None
[2026-09-17T02:52:54.149+0000] {processor.py:179} INFO - Processing /workspaces/hands-on-introduction-data-engineering-4395021/airflow/dags/extract_dag.py took 0.064 seconds
[2026-09-17T02:53:24.253+0000] {processor.py:157} INFO - Started process (PID=70672) to work on /workspaces/hands-on-introduction-data-engineering-4395021/airflow/dags/extract_dag.py
[2026-09-17T02:53:24.254+0000] {processor.py:826} INFO - Processing file /workspaces/hands-on-introduction-data-engineering-4395021/airflow/dags/extract_dag.py for tasks to queue
[2026-09-17T02:53:24.254+0000] {logging_mixin.py:150} INFO - [2026-09-17T02:53:24.254+0000] {dagbag.py:541} INFO - Filling up the DagBag from /workspaces/hands-on-introduction-data-engineering-4395021/airflow/dags/extract_dag.py
[2026-09-17T02:53:24.263+0000] {processor.py:836} INFO - DAG(s) dict_keys(['extract_dag']) retrieved from /workspaces/hands-on-introduction-data-engineering-4395021/airflow/dags/extract_dag.py
[2026-09-17T02:53:24.279+0000] {logging_mixin.py:150} INFO - [2026-09-17T02:53:24.279+0000] {dag.py:2742} INFO - Sync 1 DAGs
[2026-09-17T02:53:24.299+0000] {logging_mixin.py:150} INFO - [2026-09-17T02:53:24.299+0000] {dag.py:3504} INFO - Setting next_dagrun for extract_dag to None, run_after=None
[2026-09-17T02:53:24.315+0000] {processor.py:179} INFO - Processing /workspaces/hands-on-introduction-data-engineering-4395021/airflow/dags/extract_dag.py took 0.064 seconds
[2026-09-17T02:53:54.420+0000] {processor.py:157} INFO - Started process (PID=70847) to work on /workspaces/hands-on-introduction-data-engineering-4395021/airflow/dags/extract_dag.py
[2026-09-17T02:53:54.420+0000] {processor.py:826} INFO - Processing file /workspaces/hands-on-introduction-data-engineering-4395021/airflow/dags/extract_dag.py for tasks to queue
[2026-09-17T02:53:54.421+0000] {logging_mixin.py:150} INFO - [2026-09-17T02:53:54.421+0000] {dagbag.py:541} INFO - Filling up the DagBag from /workspaces/hands-on-introduction-data-engineering-4395021/airflow/dags/extract_dag.py
[2026-09-17T02:53:54.429+0000] {processor.py:836} INFO - DAG(s) dict_keys(['extract_dag']) retrieved from /workspaces/hands-on-introduction-data-engineering-4395021/airflow/dags/extract_dag.py
[2026-09-17T02:53:54.446+0000] {logging_mixin.py:150} INFO - [2026-09-17T02:53:54.445+0000] {dag.py:2742} INFO - Sync 1 DAGs
[2026-09-17T02:53:54.460+0000] {logging_mixin.py:150} INFO - [2026-09-17T02:53:54.460+0000] {dag.py:3504} INFO - Setting next_dagrun for extract_dag to None, run_after=None
[2026-09-17T02:53:54.475+0000] {processor.py:179} INFO - Processing /workspaces/hands-on-introduction-data-engineering-4395021/airflow/dags/extract_dag.py took 0.058 seconds
[2026-09-17T02:54:24.585+0000] {processor.py:157} INFO - Started process (PID=71010) to work on /workspaces/hands-on-introduction-data-engineering-4395021/airflow/dags/extract_dag.py
[2026-09-17T02:54:24.587+0000] {processor.py:826} INFO - Processing file /workspaces/hands-on-introduction-data-engineering-4395021/airflow/dags/extract_dag.py for tasks to queue
[2026-09-17T02:54:24.588+0000] {logging_mixin.py:150} INFO - [2026-09-17T02:54:24.588+0000] {dagbag.py:541} INFO - Filling up the DagBag from /workspaces/hands-on-introduction-data-engineering-4395021/airflow/dags/extract_dag.py
[2026-09-17T02:54:24.600+0000] {processor.py:836} INFO - DAG(s) dict_keys(['extract_dag']) retrieved from /workspaces/hands-on-introduction-data-engineering-4395021/airflow/dags/extract_dag.py
[2026-09-17T02:54:24.617+0000] {logging_mixin.py:150} INFO - [2026-09-17T02:54:24.616+0000] {dag.py:2742} INFO - Sync 1 DAGs
[2026-09-17T02:54:24.632+0000] {logging_mixin.py:150} INFO - [2026-09-17T02:54:24.632+0000] {dag.py:3504} INFO - Setting next_dagrun for extract_dag to None, run_after=None
[2026-09-17T02:54:24.647+0000] {processor.py:179} INFO - Processing /workspaces/hands-on-introduction-data-engineering-4395021/airflow/dags/extract_dag.py took 0.066 seconds
[2026-09-17T02:54:54.747+0000] {processor.py:157} INFO - Started process (PID=71186) to work on /workspaces/hands-on-introduction-data-engineering-4395021/airflow/dags/extract_dag.py
[2026-09-17T02:54:54.748+0000] {processor.py:826} INFO - Processing file /workspaces/hands-on-introduction-data-engineering-4395021/airflow/dags/extract_dag.py for tasks to queue
[2026-09-17T02:54:54.749+0000] {logging_mixin.py:150} INFO - [2026-09-17T02:54:54.748+0000] {dagbag.py:541} INFO - Filling up the DagBag from /workspaces/hands-on-introduction-data-engineering-4395021/airflow/dags/extract_dag.py
[2026-09-17T02:54:54.757+0000] {processor.py:836} INFO - DAG(s) dict_keys(['extract_dag']) retrieved from /workspaces/hands-on-introduction-data-engineering-4395021/airflow/dags/extract_dag.py
[2026-09-17T02:54:54.776+0000] {logging_mixin.py:150} INFO - [2026-09-17T02:54:54.775+0000] {dag.py:2742} INFO - Sync 1 DAGs
[2026-09-17T02:54:54.793+0000] {logging_mixin.py:150} INFO - [2026-09-17T02:54:54.793+0000] {dag.py:3504} INFO - Setting next_dagrun for extract_dag to None, run_after=None
[2026-09-17T02:54:54.810+0000] {processor.py:179} INFO - Processing /workspaces/hands-on-introduction-data-engineering-4395021/airflow/dags/extract_dag.py took 0.065 seconds
[2026-09-17T02:55:24.911+0000] {processor.py:157} INFO - Started process (PID=71348) to work on /workspaces/hands-on-introduction-data-engineering-4395021/airflow/dags/extract_dag.py
[2026-09-17T02:55:24.912+0000] {processor.py:826} INFO - Processing file /workspaces/hands-on-introduction-data-engineering-4395021/airflow/dags/extract_dag.py for tasks to queue
[2026-09-17T02:55:24.913+0000] {logging_mixin.py:150} INFO - [2026-09-17T02:55:24.912+0000] {dagbag.py:541} INFO - Filling up the DagBag from /workspaces/hands-on-introduction-data-engineering-4395021/airflow/dags/extract_dag.py
[2026-09-17T02:55:24.922+0000] {processor.py:836} INFO - DAG(s) dict_keys(['extract_dag']) retrieved from /workspaces/hands-on-introduction-data-engineering-4395021/airflow/dags/extract_dag.py
[2026-09-17T02:55:24.944+0000] {logging_mixin.py:150} INFO - [2026-09-17T02:55:24.944+0000] {dag.py:2742} INFO - Sync 1 DAGs
[2026-09-17T02:55:24.960+0000] {logging_mixin.py:150} INFO - [2026-09-17T02:55:24.960+0000] {dag.py:3504} INFO - Setting next_dagrun for extract_dag to None, run_after=None
[2026-09-17T02:55:24.976+0000] {processor.py:179} INFO - Processing /workspaces/hands-on-introduction-data-engineering-4395021/airflow/dags/extract_dag.py took 0.067 seconds
[2026-09-17T02:55:55.072+0000] {processor.py:157} INFO - Started process (PID=71523) to work on /workspaces/hands-on-introduction-data-engineering-4395021/airflow/dags/extract_dag.py
[2026-09-17T02:55:55.073+0000] {processor.py:826} INFO - Processing file /workspaces/hands-on-introduction-data-engineering-4395021/airflow/dags/extract_dag.py for tasks to queue
[2026-09-17T02:55:55.074+0000] {logging_mixin.py:150} INFO - [2026-09-17T02:55:55.074+0000] {dagbag.py:541} INFO - Filling up the DagBag from /workspaces/hands-on-introduction-data-engineering-4395021/airflow/dags/extract_dag.py
[2026-09-17T02:55:55.083+0000] {processor.py:836} INFO - DAG(s) dict_keys(['extract_dag']) retrieved from /workspaces/hands-on-introduction-data-engineering-4395021/airflow/dags/extract_dag.py
[2026-09-17T02:55:55.101+0000] {logging_mixin.py:150} INFO - [2026-09-17T02:55:55.101+0000] {dag.py:2742} INFO - Sync 1 DAGs
[2026-09-17T02:55:55.117+0000] {logging_mixin.py:150} INFO - [2026-09-17T02:55:55.117+0000] {dag.py:3504} INFO - Setting next_dagrun for extract_dag to None, run_after=None
[2026-09-17T02:55:55.133+0000] {processor.py:179} INFO - Processing /workspaces/hands-on-introduction-data-engineering-4395021/airflow/dags/extract_dag.py took 0.063 seconds
[2026-09-17T02:56:25.235+0000] {processor.py:157} INFO - Started process (PID=71686) to work on /workspaces/hands-on-introduction-data-engineering-4395021/airflow/dags/extract_dag.py
[2026-09-17T02:56:25.235+0000] {processor.py:826} INFO - Processing file /workspaces/hands-on-introduction-data-engineering-4395021/airflow/dags/extract_dag.py for tasks to queue
[2026-09-17T02:56:25.237+0000] {logging_mixin.py:150} INFO - [2026-09-17T02:56:25.236+0000] {dagbag.py:541} INFO - Filling up the DagBag from /workspaces/hands-on-introduction-data-engineering-4395021/airflow/dags/extract_dag.py
[2026-09-17T02:56:25.245+0000] {processor.py:836} INFO - DAG(s) dict_keys(['extract_dag']) retrieved from /workspaces/hands-on-introduction-data-engineering-4395021/airflow/dags/extract_dag.py
[2026-09-17T02:56:25.261+0000] {logging_mixin.py:150} INFO - [2026-09-17T02:56:25.260+0000] {dag.py:2742} INFO - Sync 1 DAGs
[2026-09-17T02:56:25.275+0000] {logging_mixin.py:150} INFO - [2026-09-17T02:56:25.275+0000] {dag.py:3504} INFO - Setting next_dagrun for extract_dag to None, run_after=None
[2026-09-17T02:56:25.294+0000] {processor.py:179} INFO - Processing /workspaces/hands-on-introduction-data-engineering-4395021/airflow/dags/extract_dag.py took 0.062 seconds
[2026-09-17T02:56:55.404+0000] {processor.py:157} INFO - Started process (PID=71861) to work on /workspaces/hands-on-introduction-data-engineering-4395021/airflow/dags/extract_dag.py
[2026-09-17T02:56:55.405+0000] {processor.py:826} INFO - Processing file /workspaces/hands-on-introduction-data-engineering-4395021/airflow/dags/extract_dag.py for tasks to queue
[2026-09-17T02:56:55.405+0000] {logging_mixin.py:150} INFO - [2026-09-17T02:56:55.405+0000] {dagbag.py:541} INFO - Filling up the DagBag from /workspaces/hands-on-introduction-data-engineering-4395021/airflow/dags/extract_dag.py
[2026-09-17T02:56:55.414+0000] {processor.py:836} INFO - DAG(s) dict_keys(['extract_dag']) retrieved from /workspaces/hands-on-introduction-data-engineering-4395021/airflow/dags/extract_dag.py
[2026-09-17T02:56:55.430+0000] {logging_mixin.py:150} INFO - [2026-09-17T02:56:55.430+0000] {dag.py:2742} INFO - Sync 1 DAGs
[2026-09-17T02:56:55.445+0000] {logging_mixin.py:150} INFO - [2026-09-17T02:56:55.445+0000] {dag.py:3504} INFO - Setting next_dagrun for extract_dag to None, run_after=None
[2026-09-17T02:56:55.459+0000] {processor.py:179} INFO - Processing /workspaces/hands-on-introduction-data-engineering-4395021/airflow/dags/extract_dag.py took 0.058 seconds
[2026-09-17T02:57:25.564+0000] {processor.py:157} INFO - Started process (PID=72067) to work on /workspaces/hands-on-introduction-data-engineering-4395021/airflow/dags/extract_dag.py
[2026-09-17T02:57:25.564+0000] {processor.py:826} INFO - Processing file /workspaces/hands-on-introduction-data-engineering-4395021/airflow/dags/extract_dag.py for tasks to queue
[2026-09-17T02:57:25.565+0000] {logging_mixin.py:150} INFO - [2026-09-17T02:57:25.565+0000] {dagbag.py:541} INFO - Filling up the DagBag from /workspaces/hands-on-introduction-data-engineering-4395021/airflow/dags/extract_dag.py
[2026-09-17T02:57:25.573+0000] {processor.py:836} INFO - DAG(s) dict_keys(['extract_dag']) retrieved from /workspaces/hands-on-introduction-data-engineering-4395021/airflow/dags/extract_dag.py
[2026-09-17T02:57:25.592+0000] {logging_mixin.py:150} INFO - [2026-09-17T02:57:25.592+0000] {dag.py:2742} INFO - Sync 1 DAGs
[2026-09-17T02:57:25.609+0000] {logging_mixin.py:150} INFO - [2026-09-17T02:57:25.609+0000] {dag.py:3504} INFO - Setting next_dagrun for extract_dag to None, run_after=None
[2026-09-17T02:57:25.625+0000] {processor.py:179} INFO - Processing /workspaces/hands-on-introduction-data-engineering-4395021/airflow/dags/extract_dag.py took 0.064 seconds
[2026-09-17T02:57:55.729+0000] {processor.py:157} INFO - Started process (PID=72243) to work on /workspaces/hands-on-introduction-data-engineering-4395021/airflow/dags/extract_dag.py
[2026-09-17T02:57:55.730+0000] {processor.py:826} INFO - Processing file /workspaces/hands-on-introduction-data-engineering-4395021/airflow/dags/extract_dag.py for tasks to queue
[2026-09-17T02:57:55.731+0000] {logging_mixin.py:150} INFO - [2026-09-17T02:57:55.731+0000] {dagbag.py:541} INFO - Filling up the DagBag from /workspaces/hands-on-introduction-data-engineering-4395021/airflow/dags/extract_dag.py
[2026-09-17T02:57:55.739+0000] {processor.py:836} INFO - DAG(s) dict_keys(['extract_dag']) retrieved from /workspaces/hands-on-introduction-data-engineering-4395021/airflow/dags/extract_dag.py
[2026-09-17T02:57:55.756+0000] {logging_mixin.py:150} INFO - [2026-09-17T02:57:55.756+0000] {dag.py:2742} INFO - Sync 1 DAGs
[2026-09-17T02:57:55.771+0000] {logging_mixin.py:150} INFO - [2026-09-17T02:57:55.771+0000] {dag.py:3504} INFO - Setting next_dagrun for extract_dag to None, run_after=None
[2026-09-17T02:57:55.792+0000] {processor.py:179} INFO - Processing /workspaces/hands-on-introduction-data-engineering-4395021/airflow/dags/extract_dag.py took 0.066 seconds
[2026-09-17T02:58:25.892+0000] {processor.py:157} INFO - Started process (PID=72405) to work on /workspaces/hands-on-introduction-data-engineering-4395021/airflow/dags/extract_dag.py
[2026-09-17T02:58:25.893+0000] {processor.py:826} INFO - Processing file /workspaces/hands-on-introduction-data-engineering-4395021/airflow/dags/extract_dag.py for tasks to queue
[2026-09-17T02:58:25.894+0000] {logging_mixin.py:150} INFO - [2026-09-17T02:58:25.893+0000] {dagbag.py:541} INFO - Filling up the DagBag from /workspaces/hands-on-introduction-data-engineering-4395021/airflow/dags/extract_dag.py
[2026-09-17T02:58:25.905+0000] {processor.py:836} INFO - DAG(s) dict_keys(['extract_dag']) retrieved from /workspaces/hands-on-introduction-data-engineering-4395021/airflow/dags/extract_dag.py
[2026-09-17T02:58:25.924+0000] {logging_mixin.py:150} INFO - [2026-09-17T02:58:25.924+0000] {dag.py:2742} INFO - Sync 1 DAGs
[2026-09-17T02:58:25.938+0000] {logging_mixin.py:150} INFO - [2026-09-17T02:58:25.938+0000] {dag.py:3504} INFO - Setting next_dagrun for extract_dag to None, run_after=None
[2026-09-17T02:58:25.953+0000] {processor.py:179} INFO - Processing /workspaces/hands-on-introduction-data-engineering-4395021/airflow/dags/extract_dag.py took 0.065 seconds
[2026-09-17T02:58:56.052+0000] {processor.py:157} INFO - Started process (PID=72579) to work on /workspaces/hands-on-introduction-data-engineering-4395021/airflow/dags/extract_dag.py
[2026-09-17T02:58:56.053+0000] {processor.py:826} INFO - Processing file /workspaces/hands-on-introduction-data-engineering-4395021/airflow/dags/extract_dag.py for tasks to queue
[2026-09-17T02:58:56.054+0000] {logging_mixin.py:150} INFO - [2026-09-17T02:58:56.053+0000] {dagbag.py:541} INFO - Filling up the DagBag from /workspaces/hands-on-introduction-data-engineering-4395021/airflow/dags/extract_dag.py
[2026-09-17T02:58:56.061+0000] {processor.py:836} INFO - DAG(s) dict_keys(['extract_dag']) retrieved from /workspaces/hands-on-introduction-data-engineering-4395021/airflow/dags/extract_dag.py
[2026-09-17T02:58:56.077+0000] {logging_mixin.py:150} INFO - [2026-09-17T02:58:56.077+0000] {dag.py:2742} INFO - Sync 1 DAGs
[2026-09-17T02:58:56.095+0000] {logging_mixin.py:150} INFO - [2026-09-17T02:58:56.095+0000] {dag.py:3504} INFO - Setting next_dagrun for extract_dag to None, run_after=None
[2026-09-17T02:58:56.113+0000] {processor.py:179} INFO - Processing /workspaces/hands-on-introduction-data-engineering-4395021/airflow/dags/extract_dag.py took 0.064 seconds
[2026-09-17T02:59:26.200+0000] {processor.py:157} INFO - Started process (PID=72742) to work on /workspaces/hands-on-introduction-data-engineering-4395021/airflow/dags/extract_dag.py
[2026-09-17T02:59:26.201+0000] {processor.py:826} INFO - Processing file /workspaces/hands-on-introduction-data-engineering-4395021/airflow/dags/extract_dag.py for tasks to queue
[2026-09-17T02:59:26.201+0000] {logging_mixin.py:150} INFO - [2026-09-17T02:59:26.201+0000] {dagbag.py:541} INFO - Filling up the DagBag from /workspaces/hands-on-introduction-data-engineering-4395021/airflow/dags/extract_dag.py
[2026-09-17T02:59:26.210+0000] {processor.py:836} INFO - DAG(s) dict_keys(['extract_dag']) retrieved from /workspaces/hands-on-introduction-data-engineering-4395021/airflow/dags/extract_dag.py
[2026-09-17T02:59:26.227+0000] {logging_mixin.py:150} INFO - [2026-09-17T02:59:26.227+0000] {dag.py:2742} INFO - Sync 1 DAGs
[2026-09-17T02:59:26.242+0000] {logging_mixin.py:150} INFO - [2026-09-17T02:59:26.241+0000] {dag.py:3504} INFO - Setting next_dagrun for extract_dag to None, run_after=None
[2026-09-17T02:59:26.256+0000] {processor.py:179} INFO - Processing /workspaces/hands-on-introduction-data-engineering-4395021/airflow/dags/extract_dag.py took 0.060 seconds
[2026-09-17T02:59:56.363+0000] {processor.py:157} INFO - Started process (PID=72917) to work on /workspaces/hands-on-introduction-data-engineering-4395021/airflow/dags/extract_dag.py
[2026-09-17T02:59:56.364+0000] {processor.py:826} INFO - Processing file /workspaces/hands-on-introduction-data-engineering-4395021/airflow/dags/extract_dag.py for tasks to queue
[2026-09-17T02:59:56.364+0000] {logging_mixin.py:150} INFO - [2026-09-17T02:59:56.364+0000] {dagbag.py:541} INFO - Filling up the DagBag from /workspaces/hands-on-introduction-data-engineering-4395021/airflow/dags/extract_dag.py
[2026-09-17T02:59:56.373+0000] {processor.py:836} INFO - DAG(s) dict_keys(['extract_dag']) retrieved from /workspaces/hands-on-introduction-data-engineering-4395021/airflow/dags/extract_dag.py
[2026-09-17T02:59:56.393+0000] {logging_mixin.py:150} INFO - [2026-09-17T02:59:56.393+0000] {dag.py:2742} INFO - Sync 1 DAGs
[2026-09-17T02:59:56.410+0000] {logging_mixin.py:150} INFO - [2026-09-17T02:59:56.410+0000] {dag.py:3504} INFO - Setting next_dagrun for extract_dag to None, run_after=None
[2026-09-17T02:59:56.426+0000] {processor.py:179} INFO - Processing /workspaces/hands-on-introduction-data-engineering-4395021/airflow/dags/extract_dag.py took 0.066 seconds
[2026-09-17T03:00:26.528+0000] {processor.py:157} INFO - Started process (PID=73080) to work on /workspaces/hands-on-introduction-data-engineering-4395021/airflow/dags/extract_dag.py
[2026-09-17T03:00:26.528+0000] {processor.py:826} INFO - Processing file /workspaces/hands-on-introduction-data-engineering-4395021/airflow/dags/extract_dag.py for tasks to queue
[2026-09-17T03:00:26.529+0000] {logging_mixin.py:150} INFO - [2026-09-17T03:00:26.529+0000] {dagbag.py:541} INFO - Filling up the DagBag from /workspaces/hands-on-introduction-data-engineering-4395021/airflow/dags/extract_dag.py
[2026-09-17T03:00:26.537+0000] {processor.py:836} INFO - DAG(s) dict_keys(['extract_dag']) retrieved from /workspaces/hands-on-introduction-data-engineering-4395021/airflow/dags/extract_dag.py
[2026-09-17T03:00:26.554+0000] {logging_mixin.py:150} INFO - [2026-09-17T03:00:26.554+0000] {dag.py:2742} INFO - Sync 1 DAGs
[2026-09-17T03:00:26.568+0000] {logging_mixin.py:150} INFO - [2026-09-17T03:00:26.568+0000] {dag.py:3504} INFO - Setting next_dagrun for extract_dag to None, run_after=None
[2026-09-17T03:00:26.585+0000] {processor.py:179} INFO - Processing /workspaces/hands-on-introduction-data-engineering-4395021/airflow/dags/extract_dag.py took 0.059 seconds
[2026-09-17T03:00:56.709+0000] {processor.py:157} INFO - Started process (PID=73255) to work on /workspaces/hands-on-introduction-data-engineering-4395021/airflow/dags/extract_dag.py
[2026-09-17T03:00:56.710+0000] {processor.py:826} INFO - Processing file /workspaces/hands-on-introduction-data-engineering-4395021/airflow/dags/extract_dag.py for tasks to queue
[2026-09-17T03:00:56.711+0000] {logging_mixin.py:150} INFO - [2026-09-17T03:00:56.711+0000] {dagbag.py:541} INFO - Filling up the DagBag from /workspaces/hands-on-introduction-data-engineering-4395021/airflow/dags/extract_dag.py
[2026-09-17T03:00:56.719+0000] {processor.py:836} INFO - DAG(s) dict_keys(['extract_dag']) retrieved from /workspaces/hands-on-introduction-data-engineering-4395021/airflow/dags/extract_dag.py
[2026-09-17T03:00:56.737+0000] {logging_mixin.py:150} INFO - [2026-09-17T03:00:56.736+0000] {dag.py:2742} INFO - Sync 1 DAGs
[2026-09-17T03:00:56.752+0000] {logging_mixin.py:150} INFO - [2026-09-17T03:00:56.752+0000] {dag.py:3504} INFO - Setting next_dagrun for extract_dag to None, run_after=None
[2026-09-17T03:00:56.767+0000] {processor.py:179} INFO - Processing /workspaces/hands-on-introduction-data-engineering-4395021/airflow/dags/extract_dag.py took 0.060 seconds
[2026-09-17T03:01:26.877+0000] {processor.py:157} INFO - Started process (PID=73419) to work on /workspaces/hands-on-introduction-data-engineering-4395021/airflow/dags/extract_dag.py
[2026-09-17T03:01:26.878+0000] {processor.py:826} INFO - Processing file /workspaces/hands-on-introduction-data-engineering-4395021/airflow/dags/extract_dag.py for tasks to queue
[2026-09-17T03:01:26.878+0000] {logging_mixin.py:150} INFO - [2026-09-17T03:01:26.878+0000] {dagbag.py:541} INFO - Filling up the DagBag from /workspaces/hands-on-introduction-data-engineering-4395021/airflow/dags/extract_dag.py
[2026-09-17T03:01:26.889+0000] {processor.py:836} INFO - DAG(s) dict_keys(['extract_dag']) retrieved from /workspaces/hands-on-introduction-data-engineering-4395021/airflow/dags/extract_dag.py
[2026-09-17T03:01:26.909+0000] {logging_mixin.py:150} INFO - [2026-09-17T03:01:26.909+0000] {dag.py:2742} INFO - Sync 1 DAGs
[2026-09-17T03:01:26.924+0000] {logging_mixin.py:150} INFO - [2026-09-17T03:01:26.924+0000] {dag.py:3504} INFO - Setting next_dagrun for extract_dag to None, run_after=None
[2026-09-17T03:01:26.939+0000] {processor.py:179} INFO - Processing /workspaces/hands-on-introduction-data-engineering-4395021/airflow/dags/extract_dag.py took 0.065 seconds
[2026-09-17T03:01:57.067+0000] {processor.py:157} INFO - Started process (PID=73593) to work on /workspaces/hands-on-introduction-data-engineering-4395021/airflow/dags/extract_dag.py
[2026-09-17T03:01:57.068+0000] {processor.py:826} INFO - Processing file /workspaces/hands-on-introduction-data-engineering-4395021/airflow/dags/extract_dag.py for tasks to queue
[2026-09-17T03:01:57.068+0000] {logging_mixin.py:150} INFO - [2026-09-17T03:01:57.068+0000] {dagbag.py:541} INFO - Filling up the DagBag from /workspaces/hands-on-introduction-data-engineering-4395021/airflow/dags/extract_dag.py
[2026-09-17T03:01:57.077+0000] {processor.py:836} INFO - DAG(s) dict_keys(['extract_dag']) retrieved from /workspaces/hands-on-introduction-data-engineering-4395021/airflow/dags/extract_dag.py
[2026-09-17T03:01:57.097+0000] {logging_mixin.py:150} INFO - [2026-09-17T03:01:57.097+0000] {dag.py:2742} INFO - Sync 1 DAGs
[2026-09-17T03:01:57.118+0000] {logging_mixin.py:150} INFO - [2026-09-17T03:01:57.118+0000] {dag.py:3504} INFO - Setting next_dagrun for extract_dag to None, run_after=None
[2026-09-17T03:01:57.134+0000] {processor.py:179} INFO - Processing /workspaces/hands-on-introduction-data-engineering-4395021/airflow/dags/extract_dag.py took 0.070 seconds
[2026-09-17T03:02:27.231+0000] {processor.py:157} INFO - Started process (PID=73801) to work on /workspaces/hands-on-introduction-data-engineering-4395021/airflow/dags/extract_dag.py
[2026-09-17T03:02:27.232+0000] {processor.py:826} INFO - Processing file /workspaces/hands-on-introduction-data-engineering-4395021/airflow/dags/extract_dag.py for tasks to queue
[2026-09-17T03:02:27.232+0000] {logging_mixin.py:150} INFO - [2026-09-17T03:02:27.232+0000] {dagbag.py:541} INFO - Filling up the DagBag from /workspaces/hands-on-introduction-data-engineering-4395021/airflow/dags/extract_dag.py
[2026-09-17T03:02:27.241+0000] {processor.py:836} INFO - DAG(s) dict_keys(['extract_dag']) retrieved from /workspaces/hands-on-introduction-data-engineering-4395021/airflow/dags/extract_dag.py
[2026-09-17T03:02:27.256+0000] {logging_mixin.py:150} INFO - [2026-09-17T03:02:27.256+0000] {dag.py:2742} INFO - Sync 1 DAGs
[2026-09-17T03:02:27.272+0000] {logging_mixin.py:150} INFO - [2026-09-17T03:02:27.272+0000] {dag.py:3504} INFO - Setting next_dagrun for extract_dag to None, run_after=None
[2026-09-17T03:02:27.292+0000] {processor.py:179} INFO - Processing /workspaces/hands-on-introduction-data-engineering-4395021/airflow/dags/extract_dag.py took 0.064 seconds
[2026-09-17T03:02:57.429+0000] {processor.py:157} INFO - Started process (PID=73976) to work on /workspaces/hands-on-introduction-data-engineering-4395021/airflow/dags/extract_dag.py
[2026-09-17T03:02:57.430+0000] {processor.py:826} INFO - Processing file /workspaces/hands-on-introduction-data-engineering-4395021/airflow/dags/extract_dag.py for tasks to queue
[2026-09-17T03:02:57.431+0000] {logging_mixin.py:150} INFO - [2026-09-17T03:02:57.430+0000] {dagbag.py:541} INFO - Filling up the DagBag from /workspaces/hands-on-introduction-data-engineering-4395021/airflow/dags/extract_dag.py
[2026-09-17T03:02:57.439+0000] {processor.py:836} INFO - DAG(s) dict_keys(['extract_dag']) retrieved from /workspaces/hands-on-introduction-data-engineering-4395021/airflow/dags/extract_dag.py
[2026-09-17T03:02:57.455+0000] {logging_mixin.py:150} INFO - [2026-09-17T03:02:57.455+0000] {dag.py:2742} INFO - Sync 1 DAGs
[2026-09-17T03:02:57.470+0000] {logging_mixin.py:150} INFO - [2026-09-17T03:02:57.469+0000] {dag.py:3504} INFO - Setting next_dagrun for extract_dag to None, run_after=None
[2026-09-17T03:02:57.486+0000] {processor.py:179} INFO - Processing /workspaces/hands-on-introduction-data-engineering-4395021/airflow/dags/extract_dag.py took 0.059 seconds
[2026-09-17T03:03:27.598+0000] {processor.py:157} INFO - Started process (PID=74139) to work on /workspaces/hands-on-introduction-data-engineering-4395021/airflow/dags/extract_dag.py
[2026-09-17T03:03:27.599+0000] {processor.py:826} INFO - Processing file /workspaces/hands-on-introduction-data-engineering-4395021/airflow/dags/extract_dag.py for tasks to queue
[2026-09-17T03:03:27.599+0000] {logging_mixin.py:150} INFO - [2026-09-17T03:03:27.599+0000] {dagbag.py:541} INFO - Filling up the DagBag from /workspaces/hands-on-introduction-data-engineering-4395021/airflow/dags/extract_dag.py
[2026-09-17T03:03:27.609+0000] {processor.py:836} INFO - DAG(s) dict_keys(['extract_dag']) retrieved from /workspaces/hands-on-introduction-data-engineering-4395021/airflow/dags/extract_dag.py
[2026-09-17T03:03:27.634+0000] {logging_mixin.py:150} INFO - [2026-09-17T03:03:27.634+0000] {dag.py:2742} INFO - Sync 1 DAGs
[2026-09-17T03:03:27.658+0000] {logging_mixin.py:150} INFO - [2026-09-17T03:03:27.658+0000] {dag.py:3504} INFO - Setting next_dagrun for extract_dag to None, run_after=None
[2026-09-17T03:03:27.675+0000] {processor.py:179} INFO - Processing /workspaces/hands-on-introduction-data-engineering-4395021/airflow/dags/extract_dag.py took 0.081 seconds
[2026-09-17T03:03:57.762+0000] {processor.py:157} INFO - Started process (PID=74315) to work on /workspaces/hands-on-introduction-data-engineering-4395021/airflow/dags/extract_dag.py
[2026-09-17T03:03:57.762+0000] {processor.py:826} INFO - Processing file /workspaces/hands-on-introduction-data-engineering-4395021/airflow/dags/extract_dag.py for tasks to queue
[2026-09-17T03:03:57.763+0000] {logging_mixin.py:150} INFO - [2026-09-17T03:03:57.763+0000] {dagbag.py:541} INFO - Filling up the DagBag from /workspaces/hands-on-introduction-data-engineering-4395021/airflow/dags/extract_dag.py
[2026-09-17T03:03:57.771+0000] {processor.py:836} INFO - DAG(s) dict_keys(['extract_dag']) retrieved from /workspaces/hands-on-introduction-data-engineering-4395021/airflow/dags/extract_dag.py
[2026-09-17T03:03:57.790+0000] {logging_mixin.py:150} INFO - [2026-09-17T03:03:57.789+0000] {dag.py:2742} INFO - Sync 1 DAGs
[2026-09-17T03:03:57.807+0000] {logging_mixin.py:150} INFO - [2026-09-17T03:03:57.807+0000] {dag.py:3504} INFO - Setting next_dagrun for extract_dag to None, run_after=None
[2026-09-17T03:03:57.823+0000] {processor.py:179} INFO - Processing /workspaces/hands-on-introduction-data-engineering-4395021/airflow/dags/extract_dag.py took 0.065 seconds
[2026-09-17T03:04:27.927+0000] {processor.py:157} INFO - Started process (PID=74478) to work on /workspaces/hands-on-introduction-data-engineering-4395021/airflow/dags/extract_dag.py
[2026-09-17T03:04:27.927+0000] {processor.py:826} INFO - Processing file /workspaces/hands-on-introduction-data-engineering-4395021/airflow/dags/extract_dag.py for tasks to queue
[2026-09-17T03:04:27.928+0000] {logging_mixin.py:150} INFO - [2026-09-17T03:04:27.928+0000] {dagbag.py:541} INFO - Filling up the DagBag from /workspaces/hands-on-introduction-data-engineering-4395021/airflow/dags/extract_dag.py
[2026-09-17T03:04:27.937+0000] {processor.py:836} INFO - DAG(s) dict_keys(['extract_dag']) retrieved from /workspaces/hands-on-introduction-data-engineering-4395021/airflow/dags/extract_dag.py
[2026-09-17T03:04:27.952+0000] {logging_mixin.py:150} INFO - [2026-09-17T03:04:27.952+0000] {dag.py:2742} INFO - Sync 1 DAGs
[2026-09-17T03:04:27.966+0000] {logging_mixin.py:150} INFO - [2026-09-17T03:04:27.966+0000] {dag.py:3504} INFO - Setting next_dagrun for extract_dag to None, run_after=None
[2026-09-17T03:04:27.982+0000] {processor.py:179} INFO - Processing /workspaces/hands-on-introduction-data-engineering-4395021/airflow/dags/extract_dag.py took 0.058 seconds
[2026-09-17T03:04:58.093+0000] {processor.py:157} INFO - Started process (PID=74653) to work on /workspaces/hands-on-introduction-data-engineering-4395021/airflow/dags/extract_dag.py
[2026-09-17T03:04:58.095+0000] {processor.py:826} INFO - Processing file /workspaces/hands-on-introduction-data-engineering-4395021/airflow/dags/extract_dag.py for tasks to queue
[2026-09-17T03:04:58.095+0000] {logging_mixin.py:150} INFO - [2026-09-17T03:04:58.095+0000] {dagbag.py:541} INFO - Filling up the DagBag from /workspaces/hands-on-introduction-data-engineering-4395021/airflow/dags/extract_dag.py
[2026-09-17T03:04:58.105+0000] {processor.py:836} INFO - DAG(s) dict_keys(['extract_dag']) retrieved from /workspaces/hands-on-introduction-data-engineering-4395021/airflow/dags/extract_dag.py
[2026-09-17T03:04:58.122+0000] {logging_mixin.py:150} INFO - [2026-09-17T03:04:58.121+0000] {dag.py:2742} INFO - Sync 1 DAGs
[2026-09-17T03:04:58.136+0000] {logging_mixin.py:150} INFO - [2026-09-17T03:04:58.136+0000] {dag.py:3504} INFO - Setting next_dagrun for extract_dag to None, run_after=None
[2026-09-17T03:04:58.151+0000] {processor.py:179} INFO - Processing /workspaces/hands-on-introduction-data-engineering-4395021/airflow/dags/extract_dag.py took 0.061 seconds
[2026-09-17T03:05:28.256+0000] {processor.py:157} INFO - Started process (PID=74817) to work on /workspaces/hands-on-introduction-data-engineering-4395021/airflow/dags/extract_dag.py
[2026-09-17T03:05:28.257+0000] {processor.py:826} INFO - Processing file /workspaces/hands-on-introduction-data-engineering-4395021/airflow/dags/extract_dag.py for tasks to queue
[2026-09-17T03:05:28.258+0000] {logging_mixin.py:150} INFO - [2026-09-17T03:05:28.257+0000] {dagbag.py:541} INFO - Filling up the DagBag from /workspaces/hands-on-introduction-data-engineering-4395021/airflow/dags/extract_dag.py
[2026-09-17T03:05:28.266+0000] {processor.py:836} INFO - DAG(s) dict_keys(['extract_dag']) retrieved from /workspaces/hands-on-introduction-data-engineering-4395021/airflow/dags/extract_dag.py
[2026-09-17T03:05:28.283+0000] {logging_mixin.py:150} INFO - [2026-09-17T03:05:28.283+0000] {dag.py:2742} INFO - Sync 1 DAGs
[2026-09-17T03:05:28.302+0000] {logging_mixin.py:150} INFO - [2026-09-17T03:05:28.302+0000] {dag.py:3504} INFO - Setting next_dagrun for extract_dag to None, run_after=None
[2026-09-17T03:05:28.317+0000] {processor.py:179} INFO - Processing /workspaces/hands-on-introduction-data-engineering-4395021/airflow/dags/extract_dag.py took 0.063 seconds
[2026-09-17T03:05:58.424+0000] {processor.py:157} INFO - Started process (PID=74992) to work on /workspaces/hands-on-introduction-data-engineering-4395021/airflow/dags/extract_dag.py
[2026-09-17T03:05:58.425+0000] {processor.py:826} INFO - Processing file /workspaces/hands-on-introduction-data-engineering-4395021/airflow/dags/extract_dag.py for tasks to queue
[2026-09-17T03:05:58.426+0000] {logging_mixin.py:150} INFO - [2026-09-17T03:05:58.425+0000] {dagbag.py:541} INFO - Filling up the DagBag from /workspaces/hands-on-introduction-data-engineering-4395021/airflow/dags/extract_dag.py
[2026-09-17T03:05:58.434+0000] {processor.py:836} INFO - DAG(s) dict_keys(['extract_dag']) retrieved from /workspaces/hands-on-introduction-data-engineering-4395021/airflow/dags/extract_dag.py
[2026-09-17T03:05:58.451+0000] {logging_mixin.py:150} INFO - [2026-09-17T03:05:58.451+0000] {dag.py:2742} INFO - Sync 1 DAGs
[2026-09-17T03:05:58.465+0000] {logging_mixin.py:150} INFO - [2026-09-17T03:05:58.465+0000] {dag.py:3504} INFO - Setting next_dagrun for extract_dag to None, run_after=None
[2026-09-17T03:05:58.480+0000] {processor.py:179} INFO - Processing /workspaces/hands-on-introduction-data-engineering-4395021/airflow/dags/extract_dag.py took 0.059 seconds
[2026-09-17T03:06:28.587+0000] {processor.py:157} INFO - Started process (PID=75154) to work on /workspaces/hands-on-introduction-data-engineering-4395021/airflow/dags/extract_dag.py
[2026-09-17T03:06:28.587+0000] {processor.py:826} INFO - Processing file /workspaces/hands-on-introduction-data-engineering-4395021/airflow/dags/extract_dag.py for tasks to queue
[2026-09-17T03:06:28.588+0000] {logging_mixin.py:150} INFO - [2026-09-17T03:06:28.588+0000] {dagbag.py:541} INFO - Filling up the DagBag from /workspaces/hands-on-introduction-data-engineering-4395021/airflow/dags/extract_dag.py
[2026-09-17T03:06:28.598+0000] {processor.py:836} INFO - DAG(s) dict_keys(['extract_dag']) retrieved from /workspaces/hands-on-introduction-data-engineering-4395021/airflow/dags/extract_dag.py
[2026-09-17T03:06:28.616+0000] {logging_mixin.py:150} INFO - [2026-09-17T03:06:28.616+0000] {dag.py:2742} INFO - Sync 1 DAGs
[2026-09-17T03:06:28.630+0000] {logging_mixin.py:150} INFO - [2026-09-17T03:06:28.630+0000] {dag.py:3504} INFO - Setting next_dagrun for extract_dag to None, run_after=None
[2026-09-17T03:06:28.645+0000] {processor.py:179} INFO - Processing /workspaces/hands-on-introduction-data-engineering-4395021/airflow/dags/extract_dag.py took 0.061 seconds
[2026-09-17T03:06:58.752+0000] {processor.py:157} INFO - Started process (PID=75328) to work on /workspaces/hands-on-introduction-data-engineering-4395021/airflow/dags/extract_dag.py
[2026-09-17T03:06:58.752+0000] {processor.py:826} INFO - Processing file /workspaces/hands-on-introduction-data-engineering-4395021/airflow/dags/extract_dag.py for tasks to queue
[2026-09-17T03:06:58.753+0000] {logging_mixin.py:150} INFO - [2026-09-17T03:06:58.753+0000] {dagbag.py:541} INFO - Filling up the DagBag from /workspaces/hands-on-introduction-data-engineering-4395021/airflow/dags/extract_dag.py
[2026-09-17T03:06:58.762+0000] {processor.py:836} INFO - DAG(s) dict_keys(['extract_dag']) retrieved from /workspaces/hands-on-introduction-data-engineering-4395021/airflow/dags/extract_dag.py
[2026-09-17T03:06:58.778+0000] {logging_mixin.py:150} INFO - [2026-09-17T03:06:58.778+0000] {dag.py:2742} INFO - Sync 1 DAGs
[2026-09-17T03:06:58.796+0000] {logging_mixin.py:150} INFO - [2026-09-17T03:06:58.796+0000] {dag.py:3504} INFO - Setting next_dagrun for extract_dag to None, run_after=None
[2026-09-17T03:06:58.813+0000] {processor.py:179} INFO - Processing /workspaces/hands-on-introduction-data-engineering-4395021/airflow/dags/extract_dag.py took 0.064 seconds
[2026-09-17T03:07:28.920+0000] {processor.py:157} INFO - Started process (PID=75559) to work on /workspaces/hands-on-introduction-data-engineering-4395021/airflow/dags/extract_dag.py
[2026-09-17T03:07:28.920+0000] {processor.py:826} INFO - Processing file /workspaces/hands-on-introduction-data-engineering-4395021/airflow/dags/extract_dag.py for tasks to queue
[2026-09-17T03:07:28.921+0000] {logging_mixin.py:150} INFO - [2026-09-17T03:07:28.921+0000] {dagbag.py:541} INFO - Filling up the DagBag from /workspaces/hands-on-introduction-data-engineering-4395021/airflow/dags/extract_dag.py
[2026-09-17T03:07:28.929+0000] {processor.py:836} INFO - DAG(s) dict_keys(['extract_dag']) retrieved from /workspaces/hands-on-introduction-data-engineering-4395021/airflow/dags/extract_dag.py
[2026-09-17T03:07:28.946+0000] {logging_mixin.py:150} INFO - [2026-09-17T03:07:28.946+0000] {dag.py:2742} INFO - Sync 1 DAGs
[2026-09-17T03:07:28.960+0000] {logging_mixin.py:150} INFO - [2026-09-17T03:07:28.960+0000] {dag.py:3504} INFO - Setting next_dagrun for extract_dag to None, run_after=None
[2026-09-17T03:07:28.975+0000] {processor.py:179} INFO - Processing /workspaces/hands-on-introduction-data-engineering-4395021/airflow/dags/extract_dag.py took 0.058 seconds
[2026-09-17T03:07:59.081+0000] {processor.py:157} INFO - Started process (PID=75679) to work on /workspaces/hands-on-introduction-data-engineering-4395021/airflow/dags/extract_dag.py
[2026-09-17T03:07:59.081+0000] {processor.py:826} INFO - Processing file /workspaces/hands-on-introduction-data-engineering-4395021/airflow/dags/extract_dag.py for tasks to queue
[2026-09-17T03:07:59.082+0000] {logging_mixin.py:150} INFO - [2026-09-17T03:07:59.082+0000] {dagbag.py:541} INFO - Filling up the DagBag from /workspaces/hands-on-introduction-data-engineering-4395021/airflow/dags/extract_dag.py
[2026-09-17T03:07:59.093+0000] {processor.py:836} INFO - DAG(s) dict_keys(['extract_dag']) retrieved from /workspaces/hands-on-introduction-data-engineering-4395021/airflow/dags/extract_dag.py
[2026-09-17T03:07:59.114+0000] {logging_mixin.py:150} INFO - [2026-09-17T03:07:59.114+0000] {dag.py:2742} INFO - Sync 1 DAGs
[2026-09-17T03:07:59.129+0000] {logging_mixin.py:150} INFO - [2026-09-17T03:07:59.129+0000] {dag.py:3504} INFO - Setting next_dagrun for extract_dag to None, run_after=None
[2026-09-17T03:07:59.144+0000] {processor.py:179} INFO - Processing /workspaces/hands-on-introduction-data-engineering-4395021/airflow/dags/extract_dag.py took 0.066 seconds
[2026-09-17T03:08:29.244+0000] {processor.py:157} INFO - Started process (PID=75848) to work on /workspaces/hands-on-introduction-data-engineering-4395021/airflow/dags/extract_dag.py
[2026-09-17T03:08:29.244+0000] {processor.py:826} INFO - Processing file /workspaces/hands-on-introduction-data-engineering-4395021/airflow/dags/extract_dag.py for tasks to queue
[2026-09-17T03:08:29.245+0000] {logging_mixin.py:150} INFO - [2026-09-17T03:08:29.245+0000] {dagbag.py:541} INFO - Filling up the DagBag from /workspaces/hands-on-introduction-data-engineering-4395021/airflow/dags/extract_dag.py
[2026-09-17T03:08:29.253+0000] {processor.py:836} INFO - DAG(s) dict_keys(['extract_dag']) retrieved from /workspaces/hands-on-introduction-data-engineering-4395021/airflow/dags/extract_dag.py
[2026-09-17T03:08:29.271+0000] {logging_mixin.py:150} INFO - [2026-09-17T03:08:29.271+0000] {dag.py:2742} INFO - Sync 1 DAGs
[2026-09-17T03:08:29.289+0000] {logging_mixin.py:150} INFO - [2026-09-17T03:08:29.289+0000] {dag.py:3504} INFO - Setting next_dagrun for extract_dag to None, run_after=None
[2026-09-17T03:08:29.307+0000] {processor.py:179} INFO - Processing /workspaces/hands-on-introduction-data-engineering-4395021/airflow/dags/extract_dag.py took 0.066 seconds
[2026-09-17T03:08:59.361+0000] {processor.py:157} INFO - Started process (PID=76018) to work on /workspaces/hands-on-introduction-data-engineering-4395021/airflow/dags/extract_dag.py
[2026-09-17T03:08:59.361+0000] {processor.py:826} INFO - Processing file /workspaces/hands-on-introduction-data-engineering-4395021/airflow/dags/extract_dag.py for tasks to queue
[2026-09-17T03:08:59.362+0000] {logging_mixin.py:150} INFO - [2026-09-17T03:08:59.362+0000] {dagbag.py:541} INFO - Filling up the DagBag from /workspaces/hands-on-introduction-data-engineering-4395021/airflow/dags/extract_dag.py
[2026-09-17T03:08:59.371+0000] {processor.py:836} INFO - DAG(s) dict_keys(['extract_dag']) retrieved from /workspaces/hands-on-introduction-data-engineering-4395021/airflow/dags/extract_dag.py
[2026-09-17T03:08:59.389+0000] {logging_mixin.py:150} INFO - [2026-09-17T03:08:59.389+0000] {dag.py:2742} INFO - Sync 1 DAGs
[2026-09-17T03:08:59.406+0000] {logging_mixin.py:150} INFO - [2026-09-17T03:08:59.406+0000] {dag.py:3504} INFO - Setting next_dagrun for extract_dag to None, run_after=None
[2026-09-17T03:08:59.422+0000] {processor.py:179} INFO - Processing /workspaces/hands-on-introduction-data-engineering-4395021/airflow/dags/extract_dag.py took 0.064 seconds
[2026-09-17T03:09:29.525+0000] {processor.py:157} INFO - Started process (PID=76186) to work on /workspaces/hands-on-introduction-data-engineering-4395021/airflow/dags/extract_dag.py
[2026-09-17T03:09:29.526+0000] {processor.py:826} INFO - Processing file /workspaces/hands-on-introduction-data-engineering-4395021/airflow/dags/extract_dag.py for tasks to queue
[2026-09-17T03:09:29.526+0000] {logging_mixin.py:150} INFO - [2026-09-17T03:09:29.526+0000] {dagbag.py:541} INFO - Filling up the DagBag from /workspaces/hands-on-introduction-data-engineering-4395021/airflow/dags/extract_dag.py
[2026-09-17T03:09:29.535+0000] {processor.py:836} INFO - DAG(s) dict_keys(['extract_dag']) retrieved from /workspaces/hands-on-introduction-data-engineering-4395021/airflow/dags/extract_dag.py
[2026-09-17T03:09:29.551+0000] {logging_mixin.py:150} INFO - [2026-09-17T03:09:29.551+0000] {dag.py:2742} INFO - Sync 1 DAGs
[2026-09-17T03:09:29.566+0000] {logging_mixin.py:150} INFO - [2026-09-17T03:09:29.565+0000] {dag.py:3504} INFO - Setting next_dagrun for extract_dag to None, run_after=None
[2026-09-17T03:09:29.585+0000] {processor.py:179} INFO - Processing /workspaces/hands-on-introduction-data-engineering-4395021/airflow/dags/extract_dag.py took 0.063 seconds
[2026-09-17T03:09:59.696+0000] {processor.py:157} INFO - Started process (PID=76355) to work on /workspaces/hands-on-introduction-data-engineering-4395021/airflow/dags/extract_dag.py
[2026-09-17T03:09:59.697+0000] {processor.py:826} INFO - Processing file /workspaces/hands-on-introduction-data-engineering-4395021/airflow/dags/extract_dag.py for tasks to queue
[2026-09-17T03:09:59.698+0000] {logging_mixin.py:150} INFO - [2026-09-17T03:09:59.697+0000] {dagbag.py:541} INFO - Filling up the DagBag from /workspaces/hands-on-introduction-data-engineering-4395021/airflow/dags/extract_dag.py
[2026-09-17T03:09:59.706+0000] {processor.py:836} INFO - DAG(s) dict_keys(['extract_dag']) retrieved from /workspaces/hands-on-introduction-data-engineering-4395021/airflow/dags/extract_dag.py
[2026-09-17T03:09:59.723+0000] {logging_mixin.py:150} INFO - [2026-09-17T03:09:59.723+0000] {dag.py:2742} INFO - Sync 1 DAGs
[2026-09-17T03:09:59.737+0000] {logging_mixin.py:150} INFO - [2026-09-17T03:09:59.737+0000] {dag.py:3504} INFO - Setting next_dagrun for extract_dag to None, run_after=None
[2026-09-17T03:09:59.753+0000] {processor.py:179} INFO - Processing /workspaces/hands-on-introduction-data-engineering-4395021/airflow/dags/extract_dag.py took 0.060 seconds
[2026-09-17T03:10:29.862+0000] {processor.py:157} INFO - Started process (PID=76524) to work on /workspaces/hands-on-introduction-data-engineering-4395021/airflow/dags/extract_dag.py
[2026-09-17T03:10:29.863+0000] {processor.py:826} INFO - Processing file /workspaces/hands-on-introduction-data-engineering-4395021/airflow/dags/extract_dag.py for tasks to queue
[2026-09-17T03:10:29.864+0000] {logging_mixin.py:150} INFO - [2026-09-17T03:10:29.863+0000] {dagbag.py:541} INFO - Filling up the DagBag from /workspaces/hands-on-introduction-data-engineering-4395021/airflow/dags/extract_dag.py
[2026-09-17T03:10:29.872+0000] {processor.py:836} INFO - DAG(s) dict_keys(['extract_dag']) retrieved from /workspaces/hands-on-introduction-data-engineering-4395021/airflow/dags/extract_dag.py
[2026-09-17T03:10:29.890+0000] {logging_mixin.py:150} INFO - [2026-09-17T03:10:29.889+0000] {dag.py:2742} INFO - Sync 1 DAGs
[2026-09-17T03:10:29.908+0000] {logging_mixin.py:150} INFO - [2026-09-17T03:10:29.908+0000] {dag.py:3504} INFO - Setting next_dagrun for extract_dag to None, run_after=None
[2026-09-17T03:10:29.924+0000] {processor.py:179} INFO - Processing /workspaces/hands-on-introduction-data-engineering-4395021/airflow/dags/extract_dag.py took 0.064 seconds
[2026-09-17T03:11:00.029+0000] {processor.py:157} INFO - Started process (PID=76692) to work on /workspaces/hands-on-introduction-data-engineering-4395021/airflow/dags/extract_dag.py
[2026-09-17T03:11:00.030+0000] {processor.py:826} INFO - Processing file /workspaces/hands-on-introduction-data-engineering-4395021/airflow/dags/extract_dag.py for tasks to queue
[2026-09-17T03:11:00.031+0000] {logging_mixin.py:150} INFO - [2026-09-17T03:11:00.031+0000] {dagbag.py:541} INFO - Filling up the DagBag from /workspaces/hands-on-introduction-data-engineering-4395021/airflow/dags/extract_dag.py
[2026-09-17T03:11:00.039+0000] {processor.py:836} INFO - DAG(s) dict_keys(['extract_dag']) retrieved from /workspaces/hands-on-introduction-data-engineering-4395021/airflow/dags/extract_dag.py
[2026-09-17T03:11:00.055+0000] {logging_mixin.py:150} INFO - [2026-09-17T03:11:00.055+0000] {dag.py:2742} INFO - Sync 1 DAGs
[2026-09-17T03:11:00.069+0000] {logging_mixin.py:150} INFO - [2026-09-17T03:11:00.069+0000] {dag.py:3504} INFO - Setting next_dagrun for extract_dag to None, run_after=None
[2026-09-17T03:11:00.085+0000] {processor.py:179} INFO - Processing /workspaces/hands-on-introduction-data-engineering-4395021/airflow/dags/extract_dag.py took 0.058 seconds
[2026-09-17T03:11:30.197+0000] {processor.py:157} INFO - Started process (PID=76861) to work on /workspaces/hands-on-introduction-data-engineering-4395021/airflow/dags/extract_dag.py
[2026-09-17T03:11:30.198+0000] {processor.py:826} INFO - Processing file /workspaces/hands-on-introduction-data-engineering-4395021/airflow/dags/extract_dag.py for tasks to queue
[2026-09-17T03:11:30.199+0000] {logging_mixin.py:150} INFO - [2026-09-17T03:11:30.199+0000] {dagbag.py:541} INFO - Filling up the DagBag from /workspaces/hands-on-introduction-data-engineering-4395021/airflow/dags/extract_dag.py
[2026-09-17T03:11:30.207+0000] {processor.py:836} INFO - DAG(s) dict_keys(['extract_dag']) retrieved from /workspaces/hands-on-introduction-data-engineering-4395021/airflow/dags/extract_dag.py
[2026-09-17T03:11:30.224+0000] {logging_mixin.py:150} INFO - [2026-09-17T03:11:30.223+0000] {dag.py:2742} INFO - Sync 1 DAGs
[2026-09-17T03:11:30.238+0000] {logging_mixin.py:150} INFO - [2026-09-17T03:11:30.238+0000] {dag.py:3504} INFO - Setting next_dagrun for extract_dag to None, run_after=None
[2026-09-17T03:11:30.253+0000] {processor.py:179} INFO - Processing /workspaces/hands-on-introduction-data-engineering-4395021/airflow/dags/extract_dag.py took 0.059 seconds
[2026-09-17T03:12:00.360+0000] {processor.py:157} INFO - Started process (PID=77030) to work on /workspaces/hands-on-introduction-data-engineering-4395021/airflow/dags/extract_dag.py
[2026-09-17T03:12:00.360+0000] {processor.py:826} INFO - Processing file /workspaces/hands-on-introduction-data-engineering-4395021/airflow/dags/extract_dag.py for tasks to queue
[2026-09-17T03:12:00.361+0000] {logging_mixin.py:150} INFO - [2026-09-17T03:12:00.361+0000] {dagbag.py:541} INFO - Filling up the DagBag from /workspaces/hands-on-introduction-data-engineering-4395021/airflow/dags/extract_dag.py
[2026-09-17T03:12:00.369+0000] {processor.py:836} INFO - DAG(s) dict_keys(['extract_dag']) retrieved from /workspaces/hands-on-introduction-data-engineering-4395021/airflow/dags/extract_dag.py
[2026-09-17T03:12:00.389+0000] {logging_mixin.py:150} INFO - [2026-09-17T03:12:00.389+0000] {dag.py:2742} INFO - Sync 1 DAGs
[2026-09-17T03:12:00.406+0000] {logging_mixin.py:150} INFO - [2026-09-17T03:12:00.406+0000] {dag.py:3504} INFO - Setting next_dagrun for extract_dag to None, run_after=None
[2026-09-17T03:12:00.423+0000] {processor.py:179} INFO - Processing /workspaces/hands-on-introduction-data-engineering-4395021/airflow/dags/extract_dag.py took 0.066 seconds
[2026-09-17T03:12:30.525+0000] {processor.py:157} INFO - Started process (PID=77244) to work on /workspaces/hands-on-introduction-data-engineering-4395021/airflow/dags/extract_dag.py
[2026-09-17T03:12:30.526+0000] {processor.py:826} INFO - Processing file /workspaces/hands-on-introduction-data-engineering-4395021/airflow/dags/extract_dag.py for tasks to queue
[2026-09-17T03:12:30.526+0000] {logging_mixin.py:150} INFO - [2026-09-17T03:12:30.526+0000] {dagbag.py:541} INFO - Filling up the DagBag from /workspaces/hands-on-introduction-data-engineering-4395021/airflow/dags/extract_dag.py
[2026-09-17T03:12:30.535+0000] {processor.py:836} INFO - DAG(s) dict_keys(['extract_dag']) retrieved from /workspaces/hands-on-introduction-data-engineering-4395021/airflow/dags/extract_dag.py
[2026-09-17T03:12:30.551+0000] {logging_mixin.py:150} INFO - [2026-09-17T03:12:30.551+0000] {dag.py:2742} INFO - Sync 1 DAGs
[2026-09-17T03:12:30.566+0000] {logging_mixin.py:150} INFO - [2026-09-17T03:12:30.566+0000] {dag.py:3504} INFO - Setting next_dagrun for extract_dag to None, run_after=None
[2026-09-17T03:12:30.582+0000] {processor.py:179} INFO - Processing /workspaces/hands-on-introduction-data-engineering-4395021/airflow/dags/extract_dag.py took 0.059 seconds
[2026-09-17T03:13:00.708+0000] {processor.py:157} INFO - Started process (PID=77414) to work on /workspaces/hands-on-introduction-data-engineering-4395021/airflow/dags/extract_dag.py
[2026-09-17T03:13:00.709+0000] {processor.py:826} INFO - Processing file /workspaces/hands-on-introduction-data-engineering-4395021/airflow/dags/extract_dag.py for tasks to queue
[2026-09-17T03:13:00.710+0000] {logging_mixin.py:150} INFO - [2026-09-17T03:13:00.709+0000] {dagbag.py:541} INFO - Filling up the DagBag from /workspaces/hands-on-introduction-data-engineering-4395021/airflow/dags/extract_dag.py
[2026-09-17T03:13:00.722+0000] {processor.py:836} INFO - DAG(s) dict_keys(['extract_dag']) retrieved from /workspaces/hands-on-introduction-data-engineering-4395021/airflow/dags/extract_dag.py
[2026-09-17T03:13:00.747+0000] {logging_mixin.py:150} INFO - [2026-09-17T03:13:00.747+0000] {dag.py:2742} INFO - Sync 1 DAGs
[2026-09-17T03:13:00.770+0000] {logging_mixin.py:150} INFO - [2026-09-17T03:13:00.770+0000] {dag.py:3504} INFO - Setting next_dagrun for extract_dag to None, run_after=None
[2026-09-17T03:13:00.794+0000] {processor.py:179} INFO - Processing /workspaces/hands-on-introduction-data-engineering-4395021/airflow/dags/extract_dag.py took 0.092 seconds
[2026-09-17T03:13:30.971+0000] {processor.py:157} INFO - Started process (PID=77583) to work on /workspaces/hands-on-introduction-data-engineering-4395021/airflow/dags/extract_dag.py
[2026-09-17T03:13:30.972+0000] {processor.py:826} INFO - Processing file /workspaces/hands-on-introduction-data-engineering-4395021/airflow/dags/extract_dag.py for tasks to queue
[2026-09-17T03:13:30.973+0000] {logging_mixin.py:150} INFO - [2026-09-17T03:13:30.972+0000] {dagbag.py:541} INFO - Filling up the DagBag from /workspaces/hands-on-introduction-data-engineering-4395021/airflow/dags/extract_dag.py
[2026-09-17T03:13:30.982+0000] {processor.py:836} INFO - DAG(s) dict_keys(['extract_dag']) retrieved from /workspaces/hands-on-introduction-data-engineering-4395021/airflow/dags/extract_dag.py
[2026-09-17T03:13:31.003+0000] {logging_mixin.py:150} INFO - [2026-09-17T03:13:31.003+0000] {dag.py:2742} INFO - Sync 1 DAGs
[2026-09-17T03:13:31.017+0000] {logging_mixin.py:150} INFO - [2026-09-17T03:13:31.017+0000] {dag.py:3504} INFO - Setting next_dagrun for extract_dag to None, run_after=None
[2026-09-17T03:13:31.032+0000] {processor.py:179} INFO - Processing /workspaces/hands-on-introduction-data-engineering-4395021/airflow/dags/extract_dag.py took 0.063 seconds
[2026-09-17T03:14:01.136+0000] {processor.py:157} INFO - Started process (PID=77751) to work on /workspaces/hands-on-introduction-data-engineering-4395021/airflow/dags/extract_dag.py
[2026-09-17T03:14:01.136+0000] {processor.py:826} INFO - Processing file /workspaces/hands-on-introduction-data-engineering-4395021/airflow/dags/extract_dag.py for tasks to queue
[2026-09-17T03:14:01.137+0000] {logging_mixin.py:150} INFO - [2026-09-17T03:14:01.137+0000] {dagbag.py:541} INFO - Filling up the DagBag from /workspaces/hands-on-introduction-data-engineering-4395021/airflow/dags/extract_dag.py
[2026-09-17T03:14:01.145+0000] {processor.py:836} INFO - DAG(s) dict_keys(['extract_dag']) retrieved from /workspaces/hands-on-introduction-data-engineering-4395021/airflow/dags/extract_dag.py
[2026-09-17T03:14:01.163+0000] {logging_mixin.py:150} INFO - [2026-09-17T03:14:01.163+0000] {dag.py:2742} INFO - Sync 1 DAGs
[2026-09-17T03:14:01.184+0000] {logging_mixin.py:150} INFO - [2026-09-17T03:14:01.184+0000] {dag.py:3504} INFO - Setting next_dagrun for extract_dag to None, run_after=None
[2026-09-17T03:14:01.210+0000] {processor.py:179} INFO - Processing /workspaces/hands-on-introduction-data-engineering-4395021/airflow/dags/extract_dag.py took 0.077 seconds
[2026-09-17T03:14:31.306+0000] {processor.py:157} INFO - Started process (PID=77919) to work on /workspaces/hands-on-introduction-data-engineering-4395021/airflow/dags/extract_dag.py
[2026-09-17T03:14:31.307+0000] {processor.py:826} INFO - Processing file /workspaces/hands-on-introduction-data-engineering-4395021/airflow/dags/extract_dag.py for tasks to queue
[2026-09-17T03:14:31.307+0000] {logging_mixin.py:150} INFO - [2026-09-17T03:14:31.307+0000] {dagbag.py:541} INFO - Filling up the DagBag from /workspaces/hands-on-introduction-data-engineering-4395021/airflow/dags/extract_dag.py
[2026-09-17T03:14:31.316+0000] {processor.py:836} INFO - DAG(s) dict_keys(['extract_dag']) retrieved from /workspaces/hands-on-introduction-data-engineering-4395021/airflow/dags/extract_dag.py
[2026-09-17T03:14:31.333+0000] {logging_mixin.py:150} INFO - [2026-09-17T03:14:31.332+0000] {dag.py:2742} INFO - Sync 1 DAGs
[2026-09-17T03:14:31.347+0000] {logging_mixin.py:150} INFO - [2026-09-17T03:14:31.347+0000] {dag.py:3504} INFO - Setting next_dagrun for extract_dag to None, run_after=None
[2026-09-17T03:14:31.362+0000] {processor.py:179} INFO - Processing /workspaces/hands-on-introduction-data-engineering-4395021/airflow/dags/extract_dag.py took 0.058 seconds
[2026-09-17T03:15:01.473+0000] {processor.py:157} INFO - Started process (PID=78089) to work on /workspaces/hands-on-introduction-data-engineering-4395021/airflow/dags/extract_dag.py
[2026-09-17T03:15:01.473+0000] {processor.py:826} INFO - Processing file /workspaces/hands-on-introduction-data-engineering-4395021/airflow/dags/extract_dag.py for tasks to queue
[2026-09-17T03:15:01.474+0000] {logging_mixin.py:150} INFO - [2026-09-17T03:15:01.474+0000] {dagbag.py:541} INFO - Filling up the DagBag from /workspaces/hands-on-introduction-data-engineering-4395021/airflow/dags/extract_dag.py
[2026-09-17T03:15:01.483+0000] {processor.py:836} INFO - DAG(s) dict_keys(['extract_dag']) retrieved from /workspaces/hands-on-introduction-data-engineering-4395021/airflow/dags/extract_dag.py
[2026-09-17T03:15:01.505+0000] {logging_mixin.py:150} INFO - [2026-09-17T03:15:01.505+0000] {dag.py:2742} INFO - Sync 1 DAGs
[2026-09-17T03:15:01.523+0000] {logging_mixin.py:150} INFO - [2026-09-17T03:15:01.523+0000] {dag.py:3504} INFO - Setting next_dagrun for extract_dag to None, run_after=None
[2026-09-17T03:15:01.544+0000] {processor.py:179} INFO - Processing /workspaces/hands-on-introduction-data-engineering-4395021/airflow/dags/extract_dag.py took 0.074 seconds
[2026-09-17T03:15:31.645+0000] {processor.py:157} INFO - Started process (PID=78257) to work on /workspaces/hands-on-introduction-data-engineering-4395021/airflow/dags/extract_dag.py
[2026-09-17T03:15:31.646+0000] {processor.py:826} INFO - Processing file /workspaces/hands-on-introduction-data-engineering-4395021/airflow/dags/extract_dag.py for tasks to queue
[2026-09-17T03:15:31.646+0000] {logging_mixin.py:150} INFO - [2026-09-17T03:15:31.646+0000] {dagbag.py:541} INFO - Filling up the DagBag from /workspaces/hands-on-introduction-data-engineering-4395021/airflow/dags/extract_dag.py
[2026-09-17T03:15:31.655+0000] {processor.py:836} INFO - DAG(s) dict_keys(['extract_dag']) retrieved from /workspaces/hands-on-introduction-data-engineering-4395021/airflow/dags/extract_dag.py
[2026-09-17T03:15:31.671+0000] {logging_mixin.py:150} INFO - [2026-09-17T03:15:31.671+0000] {dag.py:2742} INFO - Sync 1 DAGs
[2026-09-17T03:15:31.687+0000] {logging_mixin.py:150} INFO - [2026-09-17T03:15:31.687+0000] {dag.py:3504} INFO - Setting next_dagrun for extract_dag to None, run_after=None
[2026-09-17T03:15:31.705+0000] {processor.py:179} INFO - Processing /workspaces/hands-on-introduction-data-engineering-4395021/airflow/dags/extract_dag.py took 0.062 seconds
[2026-09-17T03:16:01.816+0000] {processor.py:157} INFO - Started process (PID=78427) to work on /workspaces/hands-on-introduction-data-engineering-4395021/airflow/dags/extract_dag.py
[2026-09-17T03:16:01.817+0000] {processor.py:826} INFO - Processing file /workspaces/hands-on-introduction-data-engineering-4395021/airflow/dags/extract_dag.py for tasks to queue
[2026-09-17T03:16:01.818+0000] {logging_mixin.py:150} INFO - [2026-09-17T03:16:01.817+0000] {dagbag.py:541} INFO - Filling up the DagBag from /workspaces/hands-on-introduction-data-engineering-4395021/airflow/dags/extract_dag.py
[2026-09-17T03:16:01.828+0000] {processor.py:836} INFO - DAG(s) dict_keys(['extract_dag']) retrieved from /workspaces/hands-on-introduction-data-engineering-4395021/airflow/dags/extract_dag.py
[2026-09-17T03:16:01.852+0000] {logging_mixin.py:150} INFO - [2026-09-17T03:16:01.851+0000] {dag.py:2742} INFO - Sync 1 DAGs
[2026-09-17T03:16:01.874+0000] {logging_mixin.py:150} INFO - [2026-09-17T03:16:01.874+0000] {dag.py:3504} INFO - Setting next_dagrun for extract_dag to None, run_after=None
[2026-09-17T03:16:01.898+0000] {processor.py:179} INFO - Processing /workspaces/hands-on-introduction-data-engineering-4395021/airflow/dags/extract_dag.py took 0.085 seconds
[2026-09-17T03:16:31.978+0000] {processor.py:157} INFO - Started process (PID=78595) to work on /workspaces/hands-on-introduction-data-engineering-4395021/airflow/dags/extract_dag.py
[2026-09-17T03:16:31.979+0000] {processor.py:826} INFO - Processing file /workspaces/hands-on-introduction-data-engineering-4395021/airflow/dags/extract_dag.py for tasks to queue
[2026-09-17T03:16:31.980+0000] {logging_mixin.py:150} INFO - [2026-09-17T03:16:31.979+0000] {dagbag.py:541} INFO - Filling up the DagBag from /workspaces/hands-on-introduction-data-engineering-4395021/airflow/dags/extract_dag.py
[2026-09-17T03:16:31.991+0000] {processor.py:836} INFO - DAG(s) dict_keys(['extract_dag']) retrieved from /workspaces/hands-on-introduction-data-engineering-4395021/airflow/dags/extract_dag.py
[2026-09-17T03:16:32.010+0000] {logging_mixin.py:150} INFO - [2026-09-17T03:16:32.010+0000] {dag.py:2742} INFO - Sync 1 DAGs
[2026-09-17T03:16:32.025+0000] {logging_mixin.py:150} INFO - [2026-09-17T03:16:32.025+0000] {dag.py:3504} INFO - Setting next_dagrun for extract_dag to None, run_after=None
[2026-09-17T03:16:32.040+0000] {processor.py:179} INFO - Processing /workspaces/hands-on-introduction-data-engineering-4395021/airflow/dags/extract_dag.py took 0.064 seconds
[2026-09-17T03:17:02.148+0000] {processor.py:157} INFO - Started process (PID=78767) to work on /workspaces/hands-on-introduction-data-engineering-4395021/airflow/dags/extract_dag.py
[2026-09-17T03:17:02.149+0000] {processor.py:826} INFO - Processing file /workspaces/hands-on-introduction-data-engineering-4395021/airflow/dags/extract_dag.py for tasks to queue
[2026-09-17T03:17:02.151+0000] {logging_mixin.py:150} INFO - [2026-09-17T03:17:02.150+0000] {dagbag.py:541} INFO - Filling up the DagBag from /workspaces/hands-on-introduction-data-engineering-4395021/airflow/dags/extract_dag.py
[2026-09-17T03:17:02.162+0000] {processor.py:836} INFO - DAG(s) dict_keys(['extract_dag']) retrieved from /workspaces/hands-on-introduction-data-engineering-4395021/airflow/dags/extract_dag.py
[2026-09-17T03:17:02.179+0000] {logging_mixin.py:150} INFO - [2026-09-17T03:17:02.179+0000] {dag.py:2742} INFO - Sync 1 DAGs
[2026-09-17T03:17:02.198+0000] {logging_mixin.py:150} INFO - [2026-09-17T03:17:02.198+0000] {dag.py:3504} INFO - Setting next_dagrun for extract_dag to None, run_after=None
[2026-09-17T03:17:02.214+0000] {processor.py:179} INFO - Processing /workspaces/hands-on-introduction-data-engineering-4395021/airflow/dags/extract_dag.py took 0.069 seconds
[2026-09-17T03:17:32.309+0000] {processor.py:157} INFO - Started process (PID=78977) to work on /workspaces/hands-on-introduction-data-engineering-4395021/airflow/dags/extract_dag.py
[2026-09-17T03:17:32.309+0000] {processor.py:826} INFO - Processing file /workspaces/hands-on-introduction-data-engineering-4395021/airflow/dags/extract_dag.py for tasks to queue
[2026-09-17T03:17:32.310+0000] {logging_mixin.py:150} INFO - [2026-09-17T03:17:32.310+0000] {dagbag.py:541} INFO - Filling up the DagBag from /workspaces/hands-on-introduction-data-engineering-4395021/airflow/dags/extract_dag.py
[2026-09-17T03:17:32.318+0000] {processor.py:836} INFO - DAG(s) dict_keys(['extract_dag']) retrieved from /workspaces/hands-on-introduction-data-engineering-4395021/airflow/dags/extract_dag.py
[2026-09-17T03:17:32.336+0000] {logging_mixin.py:150} INFO - [2026-09-17T03:17:32.336+0000] {dag.py:2742} INFO - Sync 1 DAGs
[2026-09-17T03:17:32.350+0000] {logging_mixin.py:150} INFO - [2026-09-17T03:17:32.350+0000] {dag.py:3504} INFO - Setting next_dagrun for extract_dag to None, run_after=None
[2026-09-17T03:17:32.365+0000] {processor.py:179} INFO - Processing /workspaces/hands-on-introduction-data-engineering-4395021/airflow/dags/extract_dag.py took 0.059 seconds
[2026-09-17T03:18:02.473+0000] {processor.py:157} INFO - Started process (PID=79152) to work on /workspaces/hands-on-introduction-data-engineering-4395021/airflow/dags/extract_dag.py
[2026-09-17T03:18:02.474+0000] {processor.py:826} INFO - Processing file /workspaces/hands-on-introduction-data-engineering-4395021/airflow/dags/extract_dag.py for tasks to queue
[2026-09-17T03:18:02.475+0000] {logging_mixin.py:150} INFO - [2026-09-17T03:18:02.474+0000] {dagbag.py:541} INFO - Filling up the DagBag from /workspaces/hands-on-introduction-data-engineering-4395021/airflow/dags/extract_dag.py
[2026-09-17T03:18:02.484+0000] {processor.py:836} INFO - DAG(s) dict_keys(['extract_dag']) retrieved from /workspaces/hands-on-introduction-data-engineering-4395021/airflow/dags/extract_dag.py
[2026-09-17T03:18:02.505+0000] {logging_mixin.py:150} INFO - [2026-09-17T03:18:02.505+0000] {dag.py:2742} INFO - Sync 1 DAGs
[2026-09-17T03:18:02.520+0000] {logging_mixin.py:150} INFO - [2026-09-17T03:18:02.520+0000] {dag.py:3504} INFO - Setting next_dagrun for extract_dag to None, run_after=None
[2026-09-17T03:18:02.535+0000] {processor.py:179} INFO - Processing /workspaces/hands-on-introduction-data-engineering-4395021/airflow/dags/extract_dag.py took 0.066 seconds
[2026-09-17T03:18:32.635+0000] {processor.py:157} INFO - Started process (PID=79314) to work on /workspaces/hands-on-introduction-data-engineering-4395021/airflow/dags/extract_dag.py
[2026-09-17T03:18:32.636+0000] {processor.py:826} INFO - Processing file /workspaces/hands-on-introduction-data-engineering-4395021/airflow/dags/extract_dag.py for tasks to queue
[2026-09-17T03:18:32.636+0000] {logging_mixin.py:150} INFO - [2026-09-17T03:18:32.636+0000] {dagbag.py:541} INFO - Filling up the DagBag from /workspaces/hands-on-introduction-data-engineering-4395021/airflow/dags/extract_dag.py
[2026-09-17T03:18:32.645+0000] {processor.py:836} INFO - DAG(s) dict_keys(['extract_dag']) retrieved from /workspaces/hands-on-introduction-data-engineering-4395021/airflow/dags/extract_dag.py
[2026-09-17T03:18:32.661+0000] {logging_mixin.py:150} INFO - [2026-09-17T03:18:32.661+0000] {dag.py:2742} INFO - Sync 1 DAGs
[2026-09-17T03:18:32.676+0000] {logging_mixin.py:150} INFO - [2026-09-17T03:18:32.675+0000] {dag.py:3504} INFO - Setting next_dagrun for extract_dag to None, run_after=None
[2026-09-17T03:18:32.694+0000] {processor.py:179} INFO - Processing /workspaces/hands-on-introduction-data-engineering-4395021/airflow/dags/extract_dag.py took 0.062 seconds
[2026-09-17T03:19:02.801+0000] {processor.py:157} INFO - Started process (PID=79489) to work on /workspaces/hands-on-introduction-data-engineering-4395021/airflow/dags/extract_dag.py
[2026-09-17T03:19:02.802+0000] {processor.py:826} INFO - Processing file /workspaces/hands-on-introduction-data-engineering-4395021/airflow/dags/extract_dag.py for tasks to queue
[2026-09-17T03:19:02.803+0000] {logging_mixin.py:150} INFO - [2026-09-17T03:19:02.802+0000] {dagbag.py:541} INFO - Filling up the DagBag from /workspaces/hands-on-introduction-data-engineering-4395021/airflow/dags/extract_dag.py
[2026-09-17T03:19:02.811+0000] {processor.py:836} INFO - DAG(s) dict_keys(['extract_dag']) retrieved from /workspaces/hands-on-introduction-data-engineering-4395021/airflow/dags/extract_dag.py
[2026-09-17T03:19:02.827+0000] {logging_mixin.py:150} INFO - [2026-09-17T03:19:02.827+0000] {dag.py:2742} INFO - Sync 1 DAGs
[2026-09-17T03:19:02.841+0000] {logging_mixin.py:150} INFO - [2026-09-17T03:19:02.841+0000] {dag.py:3504} INFO - Setting next_dagrun for extract_dag to None, run_after=None
[2026-09-17T03:19:02.856+0000] {processor.py:179} INFO - Processing /workspaces/hands-on-introduction-data-engineering-4395021/airflow/dags/extract_dag.py took 0.058 seconds
[2026-09-17T03:19:32.965+0000] {processor.py:157} INFO - Started process (PID=79651) to work on /workspaces/hands-on-introduction-data-engineering-4395021/airflow/dags/extract_dag.py
[2026-09-17T03:19:32.966+0000] {processor.py:826} INFO - Processing file /workspaces/hands-on-introduction-data-engineering-4395021/airflow/dags/extract_dag.py for tasks to queue
[2026-09-17T03:19:32.966+0000] {logging_mixin.py:150} INFO - [2026-09-17T03:19:32.966+0000] {dagbag.py:541} INFO - Filling up the DagBag from /workspaces/hands-on-introduction-data-engineering-4395021/airflow/dags/extract_dag.py
[2026-09-17T03:19:32.975+0000] {processor.py:836} INFO - DAG(s) dict_keys(['extract_dag']) retrieved from /workspaces/hands-on-introduction-data-engineering-4395021/airflow/dags/extract_dag.py
[2026-09-17T03:19:32.994+0000] {logging_mixin.py:150} INFO - [2026-09-17T03:19:32.994+0000] {dag.py:2742} INFO - Sync 1 DAGs
[2026-09-17T03:19:33.013+0000] {logging_mixin.py:150} INFO - [2026-09-17T03:19:33.013+0000] {dag.py:3504} INFO - Setting next_dagrun for extract_dag to None, run_after=None
[2026-09-17T03:19:33.029+0000] {processor.py:179} INFO - Processing /workspaces/hands-on-introduction-data-engineering-4395021/airflow/dags/extract_dag.py took 0.067 seconds
[2026-09-17T03:20:03.129+0000] {processor.py:157} INFO - Started process (PID=79827) to work on /workspaces/hands-on-introduction-data-engineering-4395021/airflow/dags/extract_dag.py
[2026-09-17T03:20:03.129+0000] {processor.py:826} INFO - Processing file /workspaces/hands-on-introduction-data-engineering-4395021/airflow/dags/extract_dag.py for tasks to queue
[2026-09-17T03:20:03.130+0000] {logging_mixin.py:150} INFO - [2026-09-17T03:20:03.130+0000] {dagbag.py:541} INFO - Filling up the DagBag from /workspaces/hands-on-introduction-data-engineering-4395021/airflow/dags/extract_dag.py
[2026-09-17T03:20:03.140+0000] {processor.py:836} INFO - DAG(s) dict_keys(['extract_dag']) retrieved from /workspaces/hands-on-introduction-data-engineering-4395021/airflow/dags/extract_dag.py
[2026-09-17T03:20:03.156+0000] {logging_mixin.py:150} INFO - [2026-09-17T03:20:03.156+0000] {dag.py:2742} INFO - Sync 1 DAGs
[2026-09-17T03:20:03.171+0000] {logging_mixin.py:150} INFO - [2026-09-17T03:20:03.171+0000] {dag.py:3504} INFO - Setting next_dagrun for extract_dag to None, run_after=None
[2026-09-17T03:20:03.191+0000] {processor.py:179} INFO - Processing /workspaces/hands-on-introduction-data-engineering-4395021/airflow/dags/extract_dag.py took 0.065 seconds
[2026-09-17T03:20:33.251+0000] {processor.py:157} INFO - Started process (PID=79989) to work on /workspaces/hands-on-introduction-data-engineering-4395021/airflow/dags/extract_dag.py
[2026-09-17T03:20:33.251+0000] {processor.py:826} INFO - Processing file /workspaces/hands-on-introduction-data-engineering-4395021/airflow/dags/extract_dag.py for tasks to queue
[2026-09-17T03:20:33.252+0000] {logging_mixin.py:150} INFO - [2026-09-17T03:20:33.252+0000] {dagbag.py:541} INFO - Filling up the DagBag from /workspaces/hands-on-introduction-data-engineering-4395021/airflow/dags/extract_dag.py
[2026-09-17T03:20:33.260+0000] {processor.py:836} INFO - DAG(s) dict_keys(['extract_dag']) retrieved from /workspaces/hands-on-introduction-data-engineering-4395021/airflow/dags/extract_dag.py
[2026-09-17T03:20:33.278+0000] {logging_mixin.py:150} INFO - [2026-09-17T03:20:33.278+0000] {dag.py:2742} INFO - Sync 1 DAGs
[2026-09-17T03:20:33.299+0000] {logging_mixin.py:150} INFO - [2026-09-17T03:20:33.299+0000] {dag.py:3504} INFO - Setting next_dagrun for extract_dag to None, run_after=None
[2026-09-17T03:20:33.314+0000] {processor.py:179} INFO - Processing /workspaces/hands-on-introduction-data-engineering-4395021/airflow/dags/extract_dag.py took 0.066 seconds
[2026-09-17T03:21:03.412+0000] {processor.py:157} INFO - Started process (PID=80164) to work on /workspaces/hands-on-introduction-data-engineering-4395021/airflow/dags/extract_dag.py
[2026-09-17T03:21:03.413+0000] {processor.py:826} INFO - Processing file /workspaces/hands-on-introduction-data-engineering-4395021/airflow/dags/extract_dag.py for tasks to queue
[2026-09-17T03:21:03.414+0000] {logging_mixin.py:150} INFO - [2026-09-17T03:21:03.413+0000] {dagbag.py:541} INFO - Filling up the DagBag from /workspaces/hands-on-introduction-data-engineering-4395021/airflow/dags/extract_dag.py
[2026-09-17T03:21:03.423+0000] {processor.py:836} INFO - DAG(s) dict_keys(['extract_dag']) retrieved from /workspaces/hands-on-introduction-data-engineering-4395021/airflow/dags/extract_dag.py
[2026-09-17T03:21:03.440+0000] {logging_mixin.py:150} INFO - [2026-09-17T03:21:03.439+0000] {dag.py:2742} INFO - Sync 1 DAGs
[2026-09-17T03:21:03.454+0000] {logging_mixin.py:150} INFO - [2026-09-17T03:21:03.454+0000] {dag.py:3504} INFO - Setting next_dagrun for extract_dag to None, run_after=None
[2026-09-17T03:21:03.471+0000] {processor.py:179} INFO - Processing /workspaces/hands-on-introduction-data-engineering-4395021/airflow/dags/extract_dag.py took 0.061 seconds
[2026-09-17T03:21:33.574+0000] {processor.py:157} INFO - Started process (PID=80325) to work on /workspaces/hands-on-introduction-data-engineering-4395021/airflow/dags/extract_dag.py
[2026-09-17T03:21:33.574+0000] {processor.py:826} INFO - Processing file /workspaces/hands-on-introduction-data-engineering-4395021/airflow/dags/extract_dag.py for tasks to queue
[2026-09-17T03:21:33.575+0000] {logging_mixin.py:150} INFO - [2026-09-17T03:21:33.575+0000] {dagbag.py:541} INFO - Filling up the DagBag from /workspaces/hands-on-introduction-data-engineering-4395021/airflow/dags/extract_dag.py
[2026-09-17T03:21:33.584+0000] {processor.py:836} INFO - DAG(s) dict_keys(['extract_dag']) retrieved from /workspaces/hands-on-introduction-data-engineering-4395021/airflow/dags/extract_dag.py
[2026-09-17T03:21:33.605+0000] {logging_mixin.py:150} INFO - [2026-09-17T03:21:33.605+0000] {dag.py:2742} INFO - Sync 1 DAGs
[2026-09-17T03:21:33.619+0000] {logging_mixin.py:150} INFO - [2026-09-17T03:21:33.619+0000] {dag.py:3504} INFO - Setting next_dagrun for extract_dag to None, run_after=None
[2026-09-17T03:21:33.634+0000] {processor.py:179} INFO - Processing /workspaces/hands-on-introduction-data-engineering-4395021/airflow/dags/extract_dag.py took 0.063 seconds
[2026-09-17T03:22:03.739+0000] {processor.py:157} INFO - Started process (PID=80500) to work on /workspaces/hands-on-introduction-data-engineering-4395021/airflow/dags/extract_dag.py
[2026-09-17T03:22:03.739+0000] {processor.py:826} INFO - Processing file /workspaces/hands-on-introduction-data-engineering-4395021/airflow/dags/extract_dag.py for tasks to queue
[2026-09-17T03:22:03.740+0000] {logging_mixin.py:150} INFO - [2026-09-17T03:22:03.740+0000] {dagbag.py:541} INFO - Filling up the DagBag from /workspaces/hands-on-introduction-data-engineering-4395021/airflow/dags/extract_dag.py
[2026-09-17T03:22:03.749+0000] {processor.py:836} INFO - DAG(s) dict_keys(['extract_dag']) retrieved from /workspaces/hands-on-introduction-data-engineering-4395021/airflow/dags/extract_dag.py
[2026-09-17T03:22:03.765+0000] {logging_mixin.py:150} INFO - [2026-09-17T03:22:03.765+0000] {dag.py:2742} INFO - Sync 1 DAGs
[2026-09-17T03:22:03.779+0000] {logging_mixin.py:150} INFO - [2026-09-17T03:22:03.779+0000] {dag.py:3504} INFO - Setting next_dagrun for extract_dag to None, run_after=None
[2026-09-17T03:22:03.797+0000] {processor.py:179} INFO - Processing /workspaces/hands-on-introduction-data-engineering-4395021/airflow/dags/extract_dag.py took 0.061 seconds
[2026-09-17T03:22:33.897+0000] {processor.py:157} INFO - Started process (PID=80710) to work on /workspaces/hands-on-introduction-data-engineering-4395021/airflow/dags/extract_dag.py
[2026-09-17T03:22:33.899+0000] {processor.py:826} INFO - Processing file /workspaces/hands-on-introduction-data-engineering-4395021/airflow/dags/extract_dag.py for tasks to queue
[2026-09-17T03:22:33.900+0000] {logging_mixin.py:150} INFO - [2026-09-17T03:22:33.900+0000] {dagbag.py:541} INFO - Filling up the DagBag from /workspaces/hands-on-introduction-data-engineering-4395021/airflow/dags/extract_dag.py
[2026-09-17T03:22:33.909+0000] {processor.py:836} INFO - DAG(s) dict_keys(['extract_dag']) retrieved from /workspaces/hands-on-introduction-data-engineering-4395021/airflow/dags/extract_dag.py
[2026-09-17T03:22:33.925+0000] {logging_mixin.py:150} INFO - [2026-09-17T03:22:33.925+0000] {dag.py:2742} INFO - Sync 1 DAGs
[2026-09-17T03:22:33.940+0000] {logging_mixin.py:150} INFO - [2026-09-17T03:22:33.940+0000] {dag.py:3504} INFO - Setting next_dagrun for extract_dag to None, run_after=None
[2026-09-17T03:22:33.955+0000] {processor.py:179} INFO - Processing /workspaces/hands-on-introduction-data-engineering-4395021/airflow/dags/extract_dag.py took 0.061 seconds
[2026-09-17T03:23:04.069+0000] {processor.py:157} INFO - Started process (PID=80886) to work on /workspaces/hands-on-introduction-data-engineering-4395021/airflow/dags/extract_dag.py
[2026-09-17T03:23:04.070+0000] {processor.py:826} INFO - Processing file /workspaces/hands-on-introduction-data-engineering-4395021/airflow/dags/extract_dag.py for tasks to queue
[2026-09-17T03:23:04.071+0000] {logging_mixin.py:150} INFO - [2026-09-17T03:23:04.070+0000] {dagbag.py:541} INFO - Filling up the DagBag from /workspaces/hands-on-introduction-data-engineering-4395021/airflow/dags/extract_dag.py
[2026-09-17T03:23:04.079+0000] {processor.py:836} INFO - DAG(s) dict_keys(['extract_dag']) retrieved from /workspaces/hands-on-introduction-data-engineering-4395021/airflow/dags/extract_dag.py
[2026-09-17T03:23:04.102+0000] {logging_mixin.py:150} INFO - [2026-09-17T03:23:04.101+0000] {dag.py:2742} INFO - Sync 1 DAGs
[2026-09-17T03:23:04.116+0000] {logging_mixin.py:150} INFO - [2026-09-17T03:23:04.116+0000] {dag.py:3504} INFO - Setting next_dagrun for extract_dag to None, run_after=None
[2026-09-17T03:23:04.131+0000] {processor.py:179} INFO - Processing /workspaces/hands-on-introduction-data-engineering-4395021/airflow/dags/extract_dag.py took 0.065 seconds
[2026-09-17T03:23:34.240+0000] {processor.py:157} INFO - Started process (PID=81048) to work on /workspaces/hands-on-introduction-data-engineering-4395021/airflow/dags/extract_dag.py
[2026-09-17T03:23:34.241+0000] {processor.py:826} INFO - Processing file /workspaces/hands-on-introduction-data-engineering-4395021/airflow/dags/extract_dag.py for tasks to queue
[2026-09-17T03:23:34.242+0000] {logging_mixin.py:150} INFO - [2026-09-17T03:23:34.241+0000] {dagbag.py:541} INFO - Filling up the DagBag from /workspaces/hands-on-introduction-data-engineering-4395021/airflow/dags/extract_dag.py
[2026-09-17T03:23:34.250+0000] {processor.py:836} INFO - DAG(s) dict_keys(['extract_dag']) retrieved from /workspaces/hands-on-introduction-data-engineering-4395021/airflow/dags/extract_dag.py
[2026-09-17T03:23:34.266+0000] {logging_mixin.py:150} INFO - [2026-09-17T03:23:34.266+0000] {dag.py:2742} INFO - Sync 1 DAGs
[2026-09-17T03:23:34.280+0000] {logging_mixin.py:150} INFO - [2026-09-17T03:23:34.279+0000] {dag.py:3504} INFO - Setting next_dagrun for extract_dag to None, run_after=None
[2026-09-17T03:23:34.301+0000] {processor.py:179} INFO - Processing /workspaces/hands-on-introduction-data-engineering-4395021/airflow/dags/extract_dag.py took 0.064 seconds
[2026-09-17T03:24:04.422+0000] {processor.py:157} INFO - Started process (PID=81222) to work on /workspaces/hands-on-introduction-data-engineering-4395021/airflow/dags/extract_dag.py
[2026-09-17T03:24:04.423+0000] {processor.py:826} INFO - Processing file /workspaces/hands-on-introduction-data-engineering-4395021/airflow/dags/extract_dag.py for tasks to queue
[2026-09-17T03:24:04.424+0000] {logging_mixin.py:150} INFO - [2026-09-17T03:24:04.423+0000] {dagbag.py:541} INFO - Filling up the DagBag from /workspaces/hands-on-introduction-data-engineering-4395021/airflow/dags/extract_dag.py
[2026-09-17T03:24:04.432+0000] {processor.py:836} INFO - DAG(s) dict_keys(['extract_dag']) retrieved from /workspaces/hands-on-introduction-data-engineering-4395021/airflow/dags/extract_dag.py
[2026-09-17T03:24:04.449+0000] {logging_mixin.py:150} INFO - [2026-09-17T03:24:04.448+0000] {dag.py:2742} INFO - Sync 1 DAGs
[2026-09-17T03:24:04.463+0000] {logging_mixin.py:150} INFO - [2026-09-17T03:24:04.463+0000] {dag.py:3504} INFO - Setting next_dagrun for extract_dag to None, run_after=None
[2026-09-17T03:24:04.478+0000] {processor.py:179} INFO - Processing /workspaces/hands-on-introduction-data-engineering-4395021/airflow/dags/extract_dag.py took 0.058 seconds
[2026-09-17T03:24:34.584+0000] {processor.py:157} INFO - Started process (PID=81386) to work on /workspaces/hands-on-introduction-data-engineering-4395021/airflow/dags/extract_dag.py
[2026-09-17T03:24:34.586+0000] {processor.py:826} INFO - Processing file /workspaces/hands-on-introduction-data-engineering-4395021/airflow/dags/extract_dag.py for tasks to queue
[2026-09-17T03:24:34.586+0000] {logging_mixin.py:150} INFO - [2026-09-17T03:24:34.586+0000] {dagbag.py:541} INFO - Filling up the DagBag from /workspaces/hands-on-introduction-data-engineering-4395021/airflow/dags/extract_dag.py
[2026-09-17T03:24:34.597+0000] {processor.py:836} INFO - DAG(s) dict_keys(['extract_dag']) retrieved from /workspaces/hands-on-introduction-data-engineering-4395021/airflow/dags/extract_dag.py
[2026-09-17T03:24:34.614+0000] {logging_mixin.py:150} INFO - [2026-09-17T03:24:34.614+0000] {dag.py:2742} INFO - Sync 1 DAGs
[2026-09-17T03:24:34.629+0000] {logging_mixin.py:150} INFO - [2026-09-17T03:24:34.629+0000] {dag.py:3504} INFO - Setting next_dagrun for extract_dag to None, run_after=None
[2026-09-17T03:24:34.645+0000] {processor.py:179} INFO - Processing /workspaces/hands-on-introduction-data-engineering-4395021/airflow/dags/extract_dag.py took 0.064 seconds
[2026-09-17T03:25:04.755+0000] {processor.py:157} INFO - Started process (PID=81559) to work on /workspaces/hands-on-introduction-data-engineering-4395021/airflow/dags/extract_dag.py
[2026-09-17T03:25:04.756+0000] {processor.py:826} INFO - Processing file /workspaces/hands-on-introduction-data-engineering-4395021/airflow/dags/extract_dag.py for tasks to queue
[2026-09-17T03:25:04.756+0000] {logging_mixin.py:150} INFO - [2026-09-17T03:25:04.756+0000] {dagbag.py:541} INFO - Filling up the DagBag from /workspaces/hands-on-introduction-data-engineering-4395021/airflow/dags/extract_dag.py
[2026-09-17T03:25:04.765+0000] {processor.py:836} INFO - DAG(s) dict_keys(['extract_dag']) retrieved from /workspaces/hands-on-introduction-data-engineering-4395021/airflow/dags/extract_dag.py
[2026-09-17T03:25:04.781+0000] {logging_mixin.py:150} INFO - [2026-09-17T03:25:04.781+0000] {dag.py:2742} INFO - Sync 1 DAGs
[2026-09-17T03:25:04.801+0000] {logging_mixin.py:150} INFO - [2026-09-17T03:25:04.801+0000] {dag.py:3504} INFO - Setting next_dagrun for extract_dag to None, run_after=None
[2026-09-17T03:25:04.816+0000] {processor.py:179} INFO - Processing /workspaces/hands-on-introduction-data-engineering-4395021/airflow/dags/extract_dag.py took 0.064 seconds
[2026-09-17T03:25:34.919+0000] {processor.py:157} INFO - Started process (PID=81720) to work on /workspaces/hands-on-introduction-data-engineering-4395021/airflow/dags/extract_dag.py
[2026-09-17T03:25:34.919+0000] {processor.py:826} INFO - Processing file /workspaces/hands-on-introduction-data-engineering-4395021/airflow/dags/extract_dag.py for tasks to queue
[2026-09-17T03:25:34.920+0000] {logging_mixin.py:150} INFO - [2026-09-17T03:25:34.920+0000] {dagbag.py:541} INFO - Filling up the DagBag from /workspaces/hands-on-introduction-data-engineering-4395021/airflow/dags/extract_dag.py
[2026-09-17T03:25:34.929+0000] {processor.py:836} INFO - DAG(s) dict_keys(['extract_dag']) retrieved from /workspaces/hands-on-introduction-data-engineering-4395021/airflow/dags/extract_dag.py
[2026-09-17T03:25:34.945+0000] {logging_mixin.py:150} INFO - [2026-09-17T03:25:34.945+0000] {dag.py:2742} INFO - Sync 1 DAGs
[2026-09-17T03:25:34.960+0000] {logging_mixin.py:150} INFO - [2026-09-17T03:25:34.960+0000] {dag.py:3504} INFO - Setting next_dagrun for extract_dag to None, run_after=None
[2026-09-17T03:25:34.975+0000] {processor.py:179} INFO - Processing /workspaces/hands-on-introduction-data-engineering-4395021/airflow/dags/extract_dag.py took 0.058 seconds
[2026-09-17T03:26:05.097+0000] {processor.py:157} INFO - Started process (PID=81895) to work on /workspaces/hands-on-introduction-data-engineering-4395021/airflow/dags/extract_dag.py
[2026-09-17T03:26:05.099+0000] {processor.py:826} INFO - Processing file /workspaces/hands-on-introduction-data-engineering-4395021/airflow/dags/extract_dag.py for tasks to queue
[2026-09-17T03:26:05.100+0000] {logging_mixin.py:150} INFO - [2026-09-17T03:26:05.100+0000] {dagbag.py:541} INFO - Filling up the DagBag from /workspaces/hands-on-introduction-data-engineering-4395021/airflow/dags/extract_dag.py
[2026-09-17T03:26:05.109+0000] {processor.py:836} INFO - DAG(s) dict_keys(['extract_dag']) retrieved from /workspaces/hands-on-introduction-data-engineering-4395021/airflow/dags/extract_dag.py
[2026-09-17T03:26:05.126+0000] {logging_mixin.py:150} INFO - [2026-09-17T03:26:05.126+0000] {dag.py:2742} INFO - Sync 1 DAGs
[2026-09-17T03:26:05.145+0000] {logging_mixin.py:150} INFO - [2026-09-17T03:26:05.145+0000] {dag.py:3504} INFO - Setting next_dagrun for extract_dag to None, run_after=None
[2026-09-17T03:26:05.168+0000] {processor.py:179} INFO - Processing /workspaces/hands-on-introduction-data-engineering-4395021/airflow/dags/extract_dag.py took 0.075 seconds
[2026-09-17T03:26:35.265+0000] {processor.py:157} INFO - Started process (PID=82054) to work on /workspaces/hands-on-introduction-data-engineering-4395021/airflow/dags/extract_dag.py
[2026-09-17T03:26:35.265+0000] {processor.py:826} INFO - Processing file /workspaces/hands-on-introduction-data-engineering-4395021/airflow/dags/extract_dag.py for tasks to queue
[2026-09-17T03:26:35.266+0000] {logging_mixin.py:150} INFO - [2026-09-17T03:26:35.266+0000] {dagbag.py:541} INFO - Filling up the DagBag from /workspaces/hands-on-introduction-data-engineering-4395021/airflow/dags/extract_dag.py
[2026-09-17T03:26:35.277+0000] {processor.py:836} INFO - DAG(s) dict_keys(['extract_dag']) retrieved from /workspaces/hands-on-introduction-data-engineering-4395021/airflow/dags/extract_dag.py
[2026-09-17T03:26:35.295+0000] {logging_mixin.py:150} INFO - [2026-09-17T03:26:35.295+0000] {dag.py:2742} INFO - Sync 1 DAGs
[2026-09-17T03:26:35.309+0000] {logging_mixin.py:150} INFO - [2026-09-17T03:26:35.309+0000] {dag.py:3504} INFO - Setting next_dagrun for extract_dag to None, run_after=None
[2026-09-17T03:26:35.332+0000] {processor.py:179} INFO - Processing /workspaces/hands-on-introduction-data-engineering-4395021/airflow/dags/extract_dag.py took 0.071 seconds
[2026-09-17T03:27:05.429+0000] {processor.py:157} INFO - Started process (PID=82229) to work on /workspaces/hands-on-introduction-data-engineering-4395021/airflow/dags/extract_dag.py
[2026-09-17T03:27:05.430+0000] {processor.py:826} INFO - Processing file /workspaces/hands-on-introduction-data-engineering-4395021/airflow/dags/extract_dag.py for tasks to queue
[2026-09-17T03:27:05.431+0000] {logging_mixin.py:150} INFO - [2026-09-17T03:27:05.431+0000] {dagbag.py:541} INFO - Filling up the DagBag from /workspaces/hands-on-introduction-data-engineering-4395021/airflow/dags/extract_dag.py
[2026-09-17T03:27:05.439+0000] {processor.py:836} INFO - DAG(s) dict_keys(['extract_dag']) retrieved from /workspaces/hands-on-introduction-data-engineering-4395021/airflow/dags/extract_dag.py
[2026-09-17T03:27:05.455+0000] {logging_mixin.py:150} INFO - [2026-09-17T03:27:05.455+0000] {dag.py:2742} INFO - Sync 1 DAGs
[2026-09-17T03:27:05.470+0000] {logging_mixin.py:150} INFO - [2026-09-17T03:27:05.470+0000] {dag.py:3504} INFO - Setting next_dagrun for extract_dag to None, run_after=None
[2026-09-17T03:27:05.488+0000] {processor.py:179} INFO - Processing /workspaces/hands-on-introduction-data-engineering-4395021/airflow/dags/extract_dag.py took 0.061 seconds
[2026-09-17T03:27:35.603+0000] {processor.py:157} INFO - Started process (PID=82437) to work on /workspaces/hands-on-introduction-data-engineering-4395021/airflow/dags/extract_dag.py
[2026-09-17T03:27:35.604+0000] {processor.py:826} INFO - Processing file /workspaces/hands-on-introduction-data-engineering-4395021/airflow/dags/extract_dag.py for tasks to queue
[2026-09-17T03:27:35.605+0000] {logging_mixin.py:150} INFO - [2026-09-17T03:27:35.605+0000] {dagbag.py:541} INFO - Filling up the DagBag from /workspaces/hands-on-introduction-data-engineering-4395021/airflow/dags/extract_dag.py
[2026-09-17T03:27:35.614+0000] {processor.py:836} INFO - DAG(s) dict_keys(['extract_dag']) retrieved from /workspaces/hands-on-introduction-data-engineering-4395021/airflow/dags/extract_dag.py
[2026-09-17T03:27:35.630+0000] {logging_mixin.py:150} INFO - [2026-09-17T03:27:35.630+0000] {dag.py:2742} INFO - Sync 1 DAGs
[2026-09-17T03:27:35.645+0000] {logging_mixin.py:150} INFO - [2026-09-17T03:27:35.644+0000] {dag.py:3504} INFO - Setting next_dagrun for extract_dag to None, run_after=None
[2026-09-17T03:27:35.661+0000] {processor.py:179} INFO - Processing /workspaces/hands-on-introduction-data-engineering-4395021/airflow/dags/extract_dag.py took 0.060 seconds
[2026-09-17T03:28:05.766+0000] {processor.py:157} INFO - Started process (PID=82613) to work on /workspaces/hands-on-introduction-data-engineering-4395021/airflow/dags/extract_dag.py
[2026-09-17T03:28:05.767+0000] {processor.py:826} INFO - Processing file /workspaces/hands-on-introduction-data-engineering-4395021/airflow/dags/extract_dag.py for tasks to queue
[2026-09-17T03:28:05.767+0000] {logging_mixin.py:150} INFO - [2026-09-17T03:28:05.767+0000] {dagbag.py:541} INFO - Filling up the DagBag from /workspaces/hands-on-introduction-data-engineering-4395021/airflow/dags/extract_dag.py
[2026-09-17T03:28:05.775+0000] {processor.py:836} INFO - DAG(s) dict_keys(['extract_dag']) retrieved from /workspaces/hands-on-introduction-data-engineering-4395021/airflow/dags/extract_dag.py
[2026-09-17T03:28:05.795+0000] {logging_mixin.py:150} INFO - [2026-09-17T03:28:05.795+0000] {dag.py:2742} INFO - Sync 1 DAGs
[2026-09-17T03:28:05.811+0000] {logging_mixin.py:150} INFO - [2026-09-17T03:28:05.811+0000] {dag.py:3504} INFO - Setting next_dagrun for extract_dag to None, run_after=None
[2026-09-17T03:28:05.826+0000] {processor.py:179} INFO - Processing /workspaces/hands-on-introduction-data-engineering-4395021/airflow/dags/extract_dag.py took 0.063 seconds
[2026-09-17T03:28:35.933+0000] {processor.py:157} INFO - Started process (PID=82776) to work on /workspaces/hands-on-introduction-data-engineering-4395021/airflow/dags/extract_dag.py
[2026-09-17T03:28:35.934+0000] {processor.py:826} INFO - Processing file /workspaces/hands-on-introduction-data-engineering-4395021/airflow/dags/extract_dag.py for tasks to queue
[2026-09-17T03:28:35.934+0000] {logging_mixin.py:150} INFO - [2026-09-17T03:28:35.934+0000] {dagbag.py:541} INFO - Filling up the DagBag from /workspaces/hands-on-introduction-data-engineering-4395021/airflow/dags/extract_dag.py
[2026-09-17T03:28:35.943+0000] {processor.py:836} INFO - DAG(s) dict_keys(['extract_dag']) retrieved from /workspaces/hands-on-introduction-data-engineering-4395021/airflow/dags/extract_dag.py
[2026-09-17T03:28:35.959+0000] {logging_mixin.py:150} INFO - [2026-09-17T03:28:35.959+0000] {dag.py:2742} INFO - Sync 1 DAGs
[2026-09-17T03:28:35.974+0000] {logging_mixin.py:150} INFO - [2026-09-17T03:28:35.974+0000] {dag.py:3504} INFO - Setting next_dagrun for extract_dag to None, run_after=None
[2026-09-17T03:28:35.989+0000] {processor.py:179} INFO - Processing /workspaces/hands-on-introduction-data-engineering-4395021/airflow/dags/extract_dag.py took 0.059 seconds
[2026-09-17T03:29:06.100+0000] {processor.py:157} INFO - Started process (PID=82953) to work on /workspaces/hands-on-introduction-data-engineering-4395021/airflow/dags/extract_dag.py
[2026-09-17T03:29:06.101+0000] {processor.py:826} INFO - Processing file /workspaces/hands-on-introduction-data-engineering-4395021/airflow/dags/extract_dag.py for tasks to queue
[2026-09-17T03:29:06.102+0000] {logging_mixin.py:150} INFO - [2026-09-17T03:29:06.101+0000] {dagbag.py:541} INFO - Filling up the DagBag from /workspaces/hands-on-introduction-data-engineering-4395021/airflow/dags/extract_dag.py
[2026-09-17T03:29:06.110+0000] {processor.py:836} INFO - DAG(s) dict_keys(['extract_dag']) retrieved from /workspaces/hands-on-introduction-data-engineering-4395021/airflow/dags/extract_dag.py
[2026-09-17T03:29:06.126+0000] {logging_mixin.py:150} INFO - [2026-09-17T03:29:06.126+0000] {dag.py:2742} INFO - Sync 1 DAGs
[2026-09-17T03:29:06.141+0000] {logging_mixin.py:150} INFO - [2026-09-17T03:29:06.140+0000] {dag.py:3504} INFO - Setting next_dagrun for extract_dag to None, run_after=None
[2026-09-17T03:29:06.156+0000] {processor.py:179} INFO - Processing /workspaces/hands-on-introduction-data-engineering-4395021/airflow/dags/extract_dag.py took 0.058 seconds
[2026-09-17T03:29:36.260+0000] {processor.py:157} INFO - Started process (PID=83116) to work on /workspaces/hands-on-introduction-data-engineering-4395021/airflow/dags/extract_dag.py
[2026-09-17T03:29:36.261+0000] {processor.py:826} INFO - Processing file /workspaces/hands-on-introduction-data-engineering-4395021/airflow/dags/extract_dag.py for tasks to queue
[2026-09-17T03:29:36.262+0000] {logging_mixin.py:150} INFO - [2026-09-17T03:29:36.261+0000] {dagbag.py:541} INFO - Filling up the DagBag from /workspaces/hands-on-introduction-data-engineering-4395021/airflow/dags/extract_dag.py
[2026-09-17T03:29:36.270+0000] {processor.py:836} INFO - DAG(s) dict_keys(['extract_dag']) retrieved from /workspaces/hands-on-introduction-data-engineering-4395021/airflow/dags/extract_dag.py
[2026-09-17T03:29:36.290+0000] {logging_mixin.py:150} INFO - [2026-09-17T03:29:36.289+0000] {dag.py:2742} INFO - Sync 1 DAGs
[2026-09-17T03:29:36.308+0000] {logging_mixin.py:150} INFO - [2026-09-17T03:29:36.308+0000] {dag.py:3504} INFO - Setting next_dagrun for extract_dag to None, run_after=None
[2026-09-17T03:29:36.323+0000] {processor.py:179} INFO - Processing /workspaces/hands-on-introduction-data-engineering-4395021/airflow/dags/extract_dag.py took 0.065 seconds
[2026-09-17T03:30:06.429+0000] {processor.py:157} INFO - Started process (PID=83291) to work on /workspaces/hands-on-introduction-data-engineering-4395021/airflow/dags/extract_dag.py
[2026-09-17T03:30:06.429+0000] {processor.py:826} INFO - Processing file /workspaces/hands-on-introduction-data-engineering-4395021/airflow/dags/extract_dag.py for tasks to queue
[2026-09-17T03:30:06.430+0000] {logging_mixin.py:150} INFO - [2026-09-17T03:30:06.430+0000] {dagbag.py:541} INFO - Filling up the DagBag from /workspaces/hands-on-introduction-data-engineering-4395021/airflow/dags/extract_dag.py
[2026-09-17T03:30:06.438+0000] {processor.py:836} INFO - DAG(s) dict_keys(['extract_dag']) retrieved from /workspaces/hands-on-introduction-data-engineering-4395021/airflow/dags/extract_dag.py
[2026-09-17T03:30:06.456+0000] {logging_mixin.py:150} INFO - [2026-09-17T03:30:06.456+0000] {dag.py:2742} INFO - Sync 1 DAGs
[2026-09-17T03:30:06.471+0000] {logging_mixin.py:150} INFO - [2026-09-17T03:30:06.471+0000] {dag.py:3504} INFO - Setting next_dagrun for extract_dag to None, run_after=None
[2026-09-17T03:30:06.494+0000] {processor.py:179} INFO - Processing /workspaces/hands-on-introduction-data-engineering-4395021/airflow/dags/extract_dag.py took 0.068 seconds
[2026-09-17T03:30:36.605+0000] {processor.py:157} INFO - Started process (PID=83455) to work on /workspaces/hands-on-introduction-data-engineering-4395021/airflow/dags/extract_dag.py
[2026-09-17T03:30:36.606+0000] {processor.py:826} INFO - Processing file /workspaces/hands-on-introduction-data-engineering-4395021/airflow/dags/extract_dag.py for tasks to queue
[2026-09-17T03:30:36.606+0000] {logging_mixin.py:150} INFO - [2026-09-17T03:30:36.606+0000] {dagbag.py:541} INFO - Filling up the DagBag from /workspaces/hands-on-introduction-data-engineering-4395021/airflow/dags/extract_dag.py
[2026-09-17T03:30:36.615+0000] {processor.py:836} INFO - DAG(s) dict_keys(['extract_dag']) retrieved from /workspaces/hands-on-introduction-data-engineering-4395021/airflow/dags/extract_dag.py
[2026-09-17T03:30:36.637+0000] {logging_mixin.py:150} INFO - [2026-09-17T03:30:36.637+0000] {dag.py:2742} INFO - Sync 1 DAGs
[2026-09-17T03:30:36.652+0000] {logging_mixin.py:150} INFO - [2026-09-17T03:30:36.652+0000] {dag.py:3504} INFO - Setting next_dagrun for extract_dag to None, run_after=None
[2026-09-17T03:30:36.667+0000] {processor.py:179} INFO - Processing /workspaces/hands-on-introduction-data-engineering-4395021/airflow/dags/extract_dag.py took 0.065 seconds
[2026-09-17T03:31:06.768+0000] {processor.py:157} INFO - Started process (PID=83629) to work on /workspaces/hands-on-introduction-data-engineering-4395021/airflow/dags/extract_dag.py
[2026-09-17T03:31:06.769+0000] {processor.py:826} INFO - Processing file /workspaces/hands-on-introduction-data-engineering-4395021/airflow/dags/extract_dag.py for tasks to queue
[2026-09-17T03:31:06.770+0000] {logging_mixin.py:150} INFO - [2026-09-17T03:31:06.770+0000] {dagbag.py:541} INFO - Filling up the DagBag from /workspaces/hands-on-introduction-data-engineering-4395021/airflow/dags/extract_dag.py
[2026-09-17T03:31:06.778+0000] {processor.py:836} INFO - DAG(s) dict_keys(['extract_dag']) retrieved from /workspaces/hands-on-introduction-data-engineering-4395021/airflow/dags/extract_dag.py
[2026-09-17T03:31:06.800+0000] {logging_mixin.py:150} INFO - [2026-09-17T03:31:06.800+0000] {dag.py:2742} INFO - Sync 1 DAGs
[2026-09-17T03:31:06.816+0000] {logging_mixin.py:150} INFO - [2026-09-17T03:31:06.816+0000] {dag.py:3504} INFO - Setting next_dagrun for extract_dag to None, run_after=None
[2026-09-17T03:31:06.831+0000] {processor.py:179} INFO - Processing /workspaces/hands-on-introduction-data-engineering-4395021/airflow/dags/extract_dag.py took 0.065 seconds
[2026-09-17T03:31:36.935+0000] {processor.py:157} INFO - Started process (PID=83791) to work on /workspaces/hands-on-introduction-data-engineering-4395021/airflow/dags/extract_dag.py
[2026-09-17T03:31:36.936+0000] {processor.py:826} INFO - Processing file /workspaces/hands-on-introduction-data-engineering-4395021/airflow/dags/extract_dag.py for tasks to queue
[2026-09-17T03:31:36.937+0000] {logging_mixin.py:150} INFO - [2026-09-17T03:31:36.936+0000] {dagbag.py:541} INFO - Filling up the DagBag from /workspaces/hands-on-introduction-data-engineering-4395021/airflow/dags/extract_dag.py
[2026-09-17T03:31:36.945+0000] {processor.py:836} INFO - DAG(s) dict_keys(['extract_dag']) retrieved from /workspaces/hands-on-introduction-data-engineering-4395021/airflow/dags/extract_dag.py
[2026-09-17T03:31:36.961+0000] {logging_mixin.py:150} INFO - [2026-09-17T03:31:36.961+0000] {dag.py:2742} INFO - Sync 1 DAGs
[2026-09-17T03:31:36.975+0000] {logging_mixin.py:150} INFO - [2026-09-17T03:31:36.975+0000] {dag.py:3504} INFO - Setting next_dagrun for extract_dag to None, run_after=None
[2026-09-17T03:31:36.994+0000] {processor.py:179} INFO - Processing /workspaces/hands-on-introduction-data-engineering-4395021/airflow/dags/extract_dag.py took 0.061 seconds
[2026-09-17T03:32:07.102+0000] {processor.py:157} INFO - Started process (PID=83965) to work on /workspaces/hands-on-introduction-data-engineering-4395021/airflow/dags/extract_dag.py
[2026-09-17T03:32:07.103+0000] {processor.py:826} INFO - Processing file /workspaces/hands-on-introduction-data-engineering-4395021/airflow/dags/extract_dag.py for tasks to queue
[2026-09-17T03:32:07.103+0000] {logging_mixin.py:150} INFO - [2026-09-17T03:32:07.103+0000] {dagbag.py:541} INFO - Filling up the DagBag from /workspaces/hands-on-introduction-data-engineering-4395021/airflow/dags/extract_dag.py
[2026-09-17T03:32:07.112+0000] {processor.py:836} INFO - DAG(s) dict_keys(['extract_dag']) retrieved from /workspaces/hands-on-introduction-data-engineering-4395021/airflow/dags/extract_dag.py
[2026-09-17T03:32:07.128+0000] {logging_mixin.py:150} INFO - [2026-09-17T03:32:07.128+0000] {dag.py:2742} INFO - Sync 1 DAGs
[2026-09-17T03:32:07.143+0000] {logging_mixin.py:150} INFO - [2026-09-17T03:32:07.143+0000] {dag.py:3504} INFO - Setting next_dagrun for extract_dag to None, run_after=None
[2026-09-17T03:32:07.159+0000] {processor.py:179} INFO - Processing /workspaces/hands-on-introduction-data-engineering-4395021/airflow/dags/extract_dag.py took 0.059 seconds
[2026-09-17T03:32:37.263+0000] {processor.py:157} INFO - Started process (PID=84173) to work on /workspaces/hands-on-introduction-data-engineering-4395021/airflow/dags/extract_dag.py
[2026-09-17T03:32:37.264+0000] {processor.py:826} INFO - Processing file /workspaces/hands-on-introduction-data-engineering-4395021/airflow/dags/extract_dag.py for tasks to queue
[2026-09-17T03:32:37.264+0000] {logging_mixin.py:150} INFO - [2026-09-17T03:32:37.264+0000] {dagbag.py:541} INFO - Filling up the DagBag from /workspaces/hands-on-introduction-data-engineering-4395021/airflow/dags/extract_dag.py
[2026-09-17T03:32:37.273+0000] {processor.py:836} INFO - DAG(s) dict_keys(['extract_dag']) retrieved from /workspaces/hands-on-introduction-data-engineering-4395021/airflow/dags/extract_dag.py
[2026-09-17T03:32:37.293+0000] {logging_mixin.py:150} INFO - [2026-09-17T03:32:37.293+0000] {dag.py:2742} INFO - Sync 1 DAGs
[2026-09-17T03:32:37.309+0000] {logging_mixin.py:150} INFO - [2026-09-17T03:32:37.309+0000] {dag.py:3504} INFO - Setting next_dagrun for extract_dag to None, run_after=None
[2026-09-17T03:32:37.325+0000] {processor.py:179} INFO - Processing /workspaces/hands-on-introduction-data-engineering-4395021/airflow/dags/extract_dag.py took 0.065 seconds
[2026-09-17T03:33:07.435+0000] {processor.py:157} INFO - Started process (PID=84345) to work on /workspaces/hands-on-introduction-data-engineering-4395021/airflow/dags/extract_dag.py
[2026-09-17T03:33:07.436+0000] {processor.py:826} INFO - Processing file /workspaces/hands-on-introduction-data-engineering-4395021/airflow/dags/extract_dag.py for tasks to queue
[2026-09-17T03:33:07.436+0000] {logging_mixin.py:150} INFO - [2026-09-17T03:33:07.436+0000] {dagbag.py:541} INFO - Filling up the DagBag from /workspaces/hands-on-introduction-data-engineering-4395021/airflow/dags/extract_dag.py
[2026-09-17T03:33:07.445+0000] {processor.py:836} INFO - DAG(s) dict_keys(['extract_dag']) retrieved from /workspaces/hands-on-introduction-data-engineering-4395021/airflow/dags/extract_dag.py
[2026-09-17T03:33:07.461+0000] {logging_mixin.py:150} INFO - [2026-09-17T03:33:07.461+0000] {dag.py:2742} INFO - Sync 1 DAGs
[2026-09-17T03:33:07.476+0000] {logging_mixin.py:150} INFO - [2026-09-17T03:33:07.475+0000] {dag.py:3504} INFO - Setting next_dagrun for extract_dag to None, run_after=None
[2026-09-17T03:33:07.495+0000] {processor.py:179} INFO - Processing /workspaces/hands-on-introduction-data-engineering-4395021/airflow/dags/extract_dag.py took 0.063 seconds
[2026-09-17T03:33:37.601+0000] {processor.py:157} INFO - Started process (PID=84509) to work on /workspaces/hands-on-introduction-data-engineering-4395021/airflow/dags/extract_dag.py
[2026-09-17T03:33:37.602+0000] {processor.py:826} INFO - Processing file /workspaces/hands-on-introduction-data-engineering-4395021/airflow/dags/extract_dag.py for tasks to queue
[2026-09-17T03:33:37.603+0000] {logging_mixin.py:150} INFO - [2026-09-17T03:33:37.603+0000] {dagbag.py:541} INFO - Filling up the DagBag from /workspaces/hands-on-introduction-data-engineering-4395021/airflow/dags/extract_dag.py
[2026-09-17T03:33:37.611+0000] {processor.py:836} INFO - DAG(s) dict_keys(['extract_dag']) retrieved from /workspaces/hands-on-introduction-data-engineering-4395021/airflow/dags/extract_dag.py
[2026-09-17T03:33:37.634+0000] {logging_mixin.py:150} INFO - [2026-09-17T03:33:37.634+0000] {dag.py:2742} INFO - Sync 1 DAGs
[2026-09-17T03:33:37.665+0000] {logging_mixin.py:150} INFO - [2026-09-17T03:33:37.664+0000] {dag.py:3504} INFO - Setting next_dagrun for extract_dag to None, run_after=None
[2026-09-17T03:33:37.711+0000] {processor.py:179} INFO - Processing /workspaces/hands-on-introduction-data-engineering-4395021/airflow/dags/extract_dag.py took 0.113 seconds
[2026-09-17T03:34:07.823+0000] {processor.py:157} INFO - Started process (PID=84682) to work on /workspaces/hands-on-introduction-data-engineering-4395021/airflow/dags/extract_dag.py
[2026-09-17T03:34:07.824+0000] {processor.py:826} INFO - Processing file /workspaces/hands-on-introduction-data-engineering-4395021/airflow/dags/extract_dag.py for tasks to queue
[2026-09-17T03:34:07.825+0000] {logging_mixin.py:150} INFO - [2026-09-17T03:34:07.824+0000] {dagbag.py:541} INFO - Filling up the DagBag from /workspaces/hands-on-introduction-data-engineering-4395021/airflow/dags/extract_dag.py
[2026-09-17T03:34:07.833+0000] {processor.py:836} INFO - DAG(s) dict_keys(['extract_dag']) retrieved from /workspaces/hands-on-introduction-data-engineering-4395021/airflow/dags/extract_dag.py
[2026-09-17T03:34:07.850+0000] {logging_mixin.py:150} INFO - [2026-09-17T03:34:07.850+0000] {dag.py:2742} INFO - Sync 1 DAGs
[2026-09-17T03:34:07.865+0000] {logging_mixin.py:150} INFO - [2026-09-17T03:34:07.865+0000] {dag.py:3504} INFO - Setting next_dagrun for extract_dag to None, run_after=None
[2026-09-17T03:34:07.881+0000] {processor.py:179} INFO - Processing /workspaces/hands-on-introduction-data-engineering-4395021/airflow/dags/extract_dag.py took 0.061 seconds
[2026-09-17T03:34:37.986+0000] {processor.py:157} INFO - Started process (PID=84845) to work on /workspaces/hands-on-introduction-data-engineering-4395021/airflow/dags/extract_dag.py
[2026-09-17T03:34:37.987+0000] {processor.py:826} INFO - Processing file /workspaces/hands-on-introduction-data-engineering-4395021/airflow/dags/extract_dag.py for tasks to queue
[2026-09-17T03:34:37.988+0000] {logging_mixin.py:150} INFO - [2026-09-17T03:34:37.987+0000] {dagbag.py:541} INFO - Filling up the DagBag from /workspaces/hands-on-introduction-data-engineering-4395021/airflow/dags/extract_dag.py
[2026-09-17T03:34:37.999+0000] {processor.py:836} INFO - DAG(s) dict_keys(['extract_dag']) retrieved from /workspaces/hands-on-introduction-data-engineering-4395021/airflow/dags/extract_dag.py
[2026-09-17T03:34:38.015+0000] {logging_mixin.py:150} INFO - [2026-09-17T03:34:38.015+0000] {dag.py:2742} INFO - Sync 1 DAGs
[2026-09-17T03:34:38.030+0000] {logging_mixin.py:150} INFO - [2026-09-17T03:34:38.030+0000] {dag.py:3504} INFO - Setting next_dagrun for extract_dag to None, run_after=None
[2026-09-17T03:34:38.045+0000] {processor.py:179} INFO - Processing /workspaces/hands-on-introduction-data-engineering-4395021/airflow/dags/extract_dag.py took 0.063 seconds
[2026-09-17T03:35:08.165+0000] {processor.py:157} INFO - Started process (PID=85018) to work on /workspaces/hands-on-introduction-data-engineering-4395021/airflow/dags/extract_dag.py
[2026-09-17T03:35:08.166+0000] {processor.py:826} INFO - Processing file /workspaces/hands-on-introduction-data-engineering-4395021/airflow/dags/extract_dag.py for tasks to queue
[2026-09-17T03:35:08.166+0000] {logging_mixin.py:150} INFO - [2026-09-17T03:35:08.166+0000] {dagbag.py:541} INFO - Filling up the DagBag from /workspaces/hands-on-introduction-data-engineering-4395021/airflow/dags/extract_dag.py
[2026-09-17T03:35:08.175+0000] {processor.py:836} INFO - DAG(s) dict_keys(['extract_dag']) retrieved from /workspaces/hands-on-introduction-data-engineering-4395021/airflow/dags/extract_dag.py
[2026-09-17T03:35:08.195+0000] {logging_mixin.py:150} INFO - [2026-09-17T03:35:08.195+0000] {dag.py:2742} INFO - Sync 1 DAGs
[2026-09-17T03:35:08.211+0000] {logging_mixin.py:150} INFO - [2026-09-17T03:35:08.211+0000] {dag.py:3504} INFO - Setting next_dagrun for extract_dag to None, run_after=None
[2026-09-17T03:35:08.230+0000] {processor.py:179} INFO - Processing /workspaces/hands-on-introduction-data-engineering-4395021/airflow/dags/extract_dag.py took 0.067 seconds
[2026-09-17T03:35:38.344+0000] {processor.py:157} INFO - Started process (PID=85183) to work on /workspaces/hands-on-introduction-data-engineering-4395021/airflow/dags/extract_dag.py
[2026-09-17T03:35:38.345+0000] {processor.py:826} INFO - Processing file /workspaces/hands-on-introduction-data-engineering-4395021/airflow/dags/extract_dag.py for tasks to queue
[2026-09-17T03:35:38.346+0000] {logging_mixin.py:150} INFO - [2026-09-17T03:35:38.345+0000] {dagbag.py:541} INFO - Filling up the DagBag from /workspaces/hands-on-introduction-data-engineering-4395021/airflow/dags/extract_dag.py
[2026-09-17T03:35:38.357+0000] {processor.py:836} INFO - DAG(s) dict_keys(['extract_dag']) retrieved from /workspaces/hands-on-introduction-data-engineering-4395021/airflow/dags/extract_dag.py
[2026-09-17T03:35:38.379+0000] {logging_mixin.py:150} INFO - [2026-09-17T03:35:38.378+0000] {dag.py:2742} INFO - Sync 1 DAGs
[2026-09-17T03:35:38.399+0000] {logging_mixin.py:150} INFO - [2026-09-17T03:35:38.399+0000] {dag.py:3504} INFO - Setting next_dagrun for extract_dag to None, run_after=None
[2026-09-17T03:35:38.416+0000] {processor.py:179} INFO - Processing /workspaces/hands-on-introduction-data-engineering-4395021/airflow/dags/extract_dag.py took 0.076 seconds
[2026-09-17T03:36:08.508+0000] {processor.py:157} INFO - Started process (PID=85355) to work on /workspaces/hands-on-introduction-data-engineering-4395021/airflow/dags/extract_dag.py
[2026-09-17T03:36:08.508+0000] {processor.py:826} INFO - Processing file /workspaces/hands-on-introduction-data-engineering-4395021/airflow/dags/extract_dag.py for tasks to queue
[2026-09-17T03:36:08.509+0000] {logging_mixin.py:150} INFO - [2026-09-17T03:36:08.509+0000] {dagbag.py:541} INFO - Filling up the DagBag from /workspaces/hands-on-introduction-data-engineering-4395021/airflow/dags/extract_dag.py
[2026-09-17T03:36:08.518+0000] {processor.py:836} INFO - DAG(s) dict_keys(['extract_dag']) retrieved from /workspaces/hands-on-introduction-data-engineering-4395021/airflow/dags/extract_dag.py
[2026-09-17T03:36:08.534+0000] {logging_mixin.py:150} INFO - [2026-09-17T03:36:08.534+0000] {dag.py:2742} INFO - Sync 1 DAGs
[2026-09-17T03:36:08.550+0000] {logging_mixin.py:150} INFO - [2026-09-17T03:36:08.550+0000] {dag.py:3504} INFO - Setting next_dagrun for extract_dag to None, run_after=None
[2026-09-17T03:36:08.565+0000] {processor.py:179} INFO - Processing /workspaces/hands-on-introduction-data-engineering-4395021/airflow/dags/extract_dag.py took 0.060 seconds
[2026-09-17T03:36:38.673+0000] {processor.py:157} INFO - Started process (PID=85524) to work on /workspaces/hands-on-introduction-data-engineering-4395021/airflow/dags/extract_dag.py
[2026-09-17T03:36:38.674+0000] {processor.py:826} INFO - Processing file /workspaces/hands-on-introduction-data-engineering-4395021/airflow/dags/extract_dag.py for tasks to queue
[2026-09-17T03:36:38.675+0000] {logging_mixin.py:150} INFO - [2026-09-17T03:36:38.675+0000] {dagbag.py:541} INFO - Filling up the DagBag from /workspaces/hands-on-introduction-data-engineering-4395021/airflow/dags/extract_dag.py
[2026-09-17T03:36:38.683+0000] {processor.py:836} INFO - DAG(s) dict_keys(['extract_dag']) retrieved from /workspaces/hands-on-introduction-data-engineering-4395021/airflow/dags/extract_dag.py
[2026-09-17T03:36:38.704+0000] {logging_mixin.py:150} INFO - [2026-09-17T03:36:38.704+0000] {dag.py:2742} INFO - Sync 1 DAGs
[2026-09-17T03:36:38.727+0000] {logging_mixin.py:150} INFO - [2026-09-17T03:36:38.727+0000] {dag.py:3504} INFO - Setting next_dagrun for extract_dag to None, run_after=None
[2026-09-17T03:36:38.742+0000] {processor.py:179} INFO - Processing /workspaces/hands-on-introduction-data-engineering-4395021/airflow/dags/extract_dag.py took 0.071 seconds
[2026-09-17T03:37:08.837+0000] {processor.py:157} INFO - Started process (PID=85692) to work on /workspaces/hands-on-introduction-data-engineering-4395021/airflow/dags/extract_dag.py
[2026-09-17T03:37:08.838+0000] {processor.py:826} INFO - Processing file /workspaces/hands-on-introduction-data-engineering-4395021/airflow/dags/extract_dag.py for tasks to queue
[2026-09-17T03:37:08.839+0000] {logging_mixin.py:150} INFO - [2026-09-17T03:37:08.839+0000] {dagbag.py:541} INFO - Filling up the DagBag from /workspaces/hands-on-introduction-data-engineering-4395021/airflow/dags/extract_dag.py
[2026-09-17T03:37:08.848+0000] {processor.py:836} INFO - DAG(s) dict_keys(['extract_dag']) retrieved from /workspaces/hands-on-introduction-data-engineering-4395021/airflow/dags/extract_dag.py
[2026-09-17T03:37:08.864+0000] {logging_mixin.py:150} INFO - [2026-09-17T03:37:08.863+0000] {dag.py:2742} INFO - Sync 1 DAGs
[2026-09-17T03:37:08.878+0000] {logging_mixin.py:150} INFO - [2026-09-17T03:37:08.878+0000] {dag.py:3504} INFO - Setting next_dagrun for extract_dag to None, run_after=None
[2026-09-17T03:37:08.897+0000] {processor.py:179} INFO - Processing /workspaces/hands-on-introduction-data-engineering-4395021/airflow/dags/extract_dag.py took 0.062 seconds
[2026-09-17T03:37:39.007+0000] {processor.py:157} INFO - Started process (PID=85900) to work on /workspaces/hands-on-introduction-data-engineering-4395021/airflow/dags/extract_dag.py
[2026-09-17T03:37:39.007+0000] {processor.py:826} INFO - Processing file /workspaces/hands-on-introduction-data-engineering-4395021/airflow/dags/extract_dag.py for tasks to queue
[2026-09-17T03:37:39.008+0000] {logging_mixin.py:150} INFO - [2026-09-17T03:37:39.008+0000] {dagbag.py:541} INFO - Filling up the DagBag from /workspaces/hands-on-introduction-data-engineering-4395021/airflow/dags/extract_dag.py
[2026-09-17T03:37:39.019+0000] {processor.py:836} INFO - DAG(s) dict_keys(['extract_dag']) retrieved from /workspaces/hands-on-introduction-data-engineering-4395021/airflow/dags/extract_dag.py
[2026-09-17T03:37:39.040+0000] {logging_mixin.py:150} INFO - [2026-09-17T03:37:39.039+0000] {dag.py:2742} INFO - Sync 1 DAGs
[2026-09-17T03:37:39.060+0000] {logging_mixin.py:150} INFO - [2026-09-17T03:37:39.060+0000] {dag.py:3504} INFO - Setting next_dagrun for extract_dag to None, run_after=None
[2026-09-17T03:37:39.081+0000] {processor.py:179} INFO - Processing /workspaces/hands-on-introduction-data-engineering-4395021/airflow/dags/extract_dag.py took 0.077 seconds
[2026-09-17T03:38:09.176+0000] {processor.py:157} INFO - Started process (PID=86075) to work on /workspaces/hands-on-introduction-data-engineering-4395021/airflow/dags/extract_dag.py
[2026-09-17T03:38:09.176+0000] {processor.py:826} INFO - Processing file /workspaces/hands-on-introduction-data-engineering-4395021/airflow/dags/extract_dag.py for tasks to queue
[2026-09-17T03:38:09.177+0000] {logging_mixin.py:150} INFO - [2026-09-17T03:38:09.177+0000] {dagbag.py:541} INFO - Filling up the DagBag from /workspaces/hands-on-introduction-data-engineering-4395021/airflow/dags/extract_dag.py
[2026-09-17T03:38:09.188+0000] {processor.py:836} INFO - DAG(s) dict_keys(['extract_dag']) retrieved from /workspaces/hands-on-introduction-data-engineering-4395021/airflow/dags/extract_dag.py
[2026-09-17T03:38:09.208+0000] {logging_mixin.py:150} INFO - [2026-09-17T03:38:09.208+0000] {dag.py:2742} INFO - Sync 1 DAGs
[2026-09-17T03:38:09.222+0000] {logging_mixin.py:150} INFO - [2026-09-17T03:38:09.222+0000] {dag.py:3504} INFO - Setting next_dagrun for extract_dag to None, run_after=None
[2026-09-17T03:38:09.237+0000] {processor.py:179} INFO - Processing /workspaces/hands-on-introduction-data-engineering-4395021/airflow/dags/extract_dag.py took 0.064 seconds
[2026-09-17T03:38:39.351+0000] {processor.py:157} INFO - Started process (PID=86239) to work on /workspaces/hands-on-introduction-data-engineering-4395021/airflow/dags/extract_dag.py
[2026-09-17T03:38:39.352+0000] {processor.py:826} INFO - Processing file /workspaces/hands-on-introduction-data-engineering-4395021/airflow/dags/extract_dag.py for tasks to queue
[2026-09-17T03:38:39.353+0000] {logging_mixin.py:150} INFO - [2026-09-17T03:38:39.353+0000] {dagbag.py:541} INFO - Filling up the DagBag from /workspaces/hands-on-introduction-data-engineering-4395021/airflow/dags/extract_dag.py
[2026-09-17T03:38:39.365+0000] {processor.py:836} INFO - DAG(s) dict_keys(['extract_dag']) retrieved from /workspaces/hands-on-introduction-data-engineering-4395021/airflow/dags/extract_dag.py
[2026-09-17T03:38:39.388+0000] {logging_mixin.py:150} INFO - [2026-09-17T03:38:39.388+0000] {dag.py:2742} INFO - Sync 1 DAGs
[2026-09-17T03:38:39.420+0000] {logging_mixin.py:150} INFO - [2026-09-17T03:38:39.420+0000] {dag.py:3504} INFO - Setting next_dagrun for extract_dag to None, run_after=None
[2026-09-17T03:38:39.436+0000] {processor.py:179} INFO - Processing /workspaces/hands-on-introduction-data-engineering-4395021/airflow/dags/extract_dag.py took 0.088 seconds
[2026-09-17T03:39:09.515+0000] {processor.py:157} INFO - Started process (PID=86411) to work on /workspaces/hands-on-introduction-data-engineering-4395021/airflow/dags/extract_dag.py
[2026-09-17T03:39:09.516+0000] {processor.py:826} INFO - Processing file /workspaces/hands-on-introduction-data-engineering-4395021/airflow/dags/extract_dag.py for tasks to queue
[2026-09-17T03:39:09.517+0000] {logging_mixin.py:150} INFO - [2026-09-17T03:39:09.517+0000] {dagbag.py:541} INFO - Filling up the DagBag from /workspaces/hands-on-introduction-data-engineering-4395021/airflow/dags/extract_dag.py
[2026-09-17T03:39:09.525+0000] {processor.py:836} INFO - DAG(s) dict_keys(['extract_dag']) retrieved from /workspaces/hands-on-introduction-data-engineering-4395021/airflow/dags/extract_dag.py
[2026-09-17T03:39:09.541+0000] {logging_mixin.py:150} INFO - [2026-09-17T03:39:09.541+0000] {dag.py:2742} INFO - Sync 1 DAGs
[2026-09-17T03:39:09.555+0000] {logging_mixin.py:150} INFO - [2026-09-17T03:39:09.555+0000] {dag.py:3504} INFO - Setting next_dagrun for extract_dag to None, run_after=None
[2026-09-17T03:39:09.570+0000] {processor.py:179} INFO - Processing /workspaces/hands-on-introduction-data-engineering-4395021/airflow/dags/extract_dag.py took 0.057 seconds
[2026-09-17T03:39:39.678+0000] {processor.py:157} INFO - Started process (PID=86579) to work on /workspaces/hands-on-introduction-data-engineering-4395021/airflow/dags/extract_dag.py
[2026-09-17T03:39:39.679+0000] {processor.py:826} INFO - Processing file /workspaces/hands-on-introduction-data-engineering-4395021/airflow/dags/extract_dag.py for tasks to queue
[2026-09-17T03:39:39.680+0000] {logging_mixin.py:150} INFO - [2026-09-17T03:39:39.679+0000] {dagbag.py:541} INFO - Filling up the DagBag from /workspaces/hands-on-introduction-data-engineering-4395021/airflow/dags/extract_dag.py
[2026-09-17T03:39:39.689+0000] {processor.py:836} INFO - DAG(s) dict_keys(['extract_dag']) retrieved from /workspaces/hands-on-introduction-data-engineering-4395021/airflow/dags/extract_dag.py
[2026-09-17T03:39:39.708+0000] {logging_mixin.py:150} INFO - [2026-09-17T03:39:39.708+0000] {dag.py:2742} INFO - Sync 1 DAGs
[2026-09-17T03:39:39.723+0000] {logging_mixin.py:150} INFO - [2026-09-17T03:39:39.723+0000] {dag.py:3504} INFO - Setting next_dagrun for extract_dag to None, run_after=None
[2026-09-17T03:39:39.739+0000] {processor.py:179} INFO - Processing /workspaces/hands-on-introduction-data-engineering-4395021/airflow/dags/extract_dag.py took 0.063 seconds
[2026-09-17T03:40:09.843+0000] {processor.py:157} INFO - Started process (PID=86748) to work on /workspaces/hands-on-introduction-data-engineering-4395021/airflow/dags/extract_dag.py
[2026-09-17T03:40:09.843+0000] {processor.py:826} INFO - Processing file /workspaces/hands-on-introduction-data-engineering-4395021/airflow/dags/extract_dag.py for tasks to queue
[2026-09-17T03:40:09.844+0000] {logging_mixin.py:150} INFO - [2026-09-17T03:40:09.844+0000] {dagbag.py:541} INFO - Filling up the DagBag from /workspaces/hands-on-introduction-data-engineering-4395021/airflow/dags/extract_dag.py
[2026-09-17T03:40:09.852+0000] {processor.py:836} INFO - DAG(s) dict_keys(['extract_dag']) retrieved from /workspaces/hands-on-introduction-data-engineering-4395021/airflow/dags/extract_dag.py
[2026-09-17T03:40:09.871+0000] {logging_mixin.py:150} INFO - [2026-09-17T03:40:09.871+0000] {dag.py:2742} INFO - Sync 1 DAGs
[2026-09-17T03:40:09.888+0000] {logging_mixin.py:150} INFO - [2026-09-17T03:40:09.888+0000] {dag.py:3504} INFO - Setting next_dagrun for extract_dag to None, run_after=None
[2026-09-17T03:40:09.906+0000] {processor.py:179} INFO - Processing /workspaces/hands-on-introduction-data-engineering-4395021/airflow/dags/extract_dag.py took 0.066 seconds
[2026-09-17T03:40:40.006+0000] {processor.py:157} INFO - Started process (PID=86917) to work on /workspaces/hands-on-introduction-data-engineering-4395021/airflow/dags/extract_dag.py
[2026-09-17T03:40:40.006+0000] {processor.py:826} INFO - Processing file /workspaces/hands-on-introduction-data-engineering-4395021/airflow/dags/extract_dag.py for tasks to queue
[2026-09-17T03:40:40.007+0000] {logging_mixin.py:150} INFO - [2026-09-17T03:40:40.007+0000] {dagbag.py:541} INFO - Filling up the DagBag from /workspaces/hands-on-introduction-data-engineering-4395021/airflow/dags/extract_dag.py
[2026-09-17T03:40:40.015+0000] {processor.py:836} INFO - DAG(s) dict_keys(['extract_dag']) retrieved from /workspaces/hands-on-introduction-data-engineering-4395021/airflow/dags/extract_dag.py
[2026-09-17T03:40:40.036+0000] {logging_mixin.py:150} INFO - [2026-09-17T03:40:40.036+0000] {dag.py:2742} INFO - Sync 1 DAGs
[2026-09-17T03:40:40.051+0000] {logging_mixin.py:150} INFO - [2026-09-17T03:40:40.051+0000] {dag.py:3504} INFO - Setting next_dagrun for extract_dag to None, run_after=None
[2026-09-17T03:40:40.066+0000] {processor.py:179} INFO - Processing /workspaces/hands-on-introduction-data-engineering-4395021/airflow/dags/extract_dag.py took 0.062 seconds
[2026-09-17T03:41:10.168+0000] {processor.py:157} INFO - Started process (PID=87088) to work on /workspaces/hands-on-introduction-data-engineering-4395021/airflow/dags/extract_dag.py
[2026-09-17T03:41:10.169+0000] {processor.py:826} INFO - Processing file /workspaces/hands-on-introduction-data-engineering-4395021/airflow/dags/extract_dag.py for tasks to queue
[2026-09-17T03:41:10.170+0000] {logging_mixin.py:150} INFO - [2026-09-17T03:41:10.169+0000] {dagbag.py:541} INFO - Filling up the DagBag from /workspaces/hands-on-introduction-data-engineering-4395021/airflow/dags/extract_dag.py
[2026-09-17T03:41:10.178+0000] {processor.py:836} INFO - DAG(s) dict_keys(['extract_dag']) retrieved from /workspaces/hands-on-introduction-data-engineering-4395021/airflow/dags/extract_dag.py
[2026-09-17T03:41:10.200+0000] {logging_mixin.py:150} INFO - [2026-09-17T03:41:10.200+0000] {dag.py:2742} INFO - Sync 1 DAGs
[2026-09-17T03:41:10.220+0000] {logging_mixin.py:150} INFO - [2026-09-17T03:41:10.220+0000] {dag.py:3504} INFO - Setting next_dagrun for extract_dag to None, run_after=None
[2026-09-17T03:41:10.235+0000] {processor.py:179} INFO - Processing /workspaces/hands-on-introduction-data-engineering-4395021/airflow/dags/extract_dag.py took 0.069 seconds
[2026-09-17T03:41:40.333+0000] {processor.py:157} INFO - Started process (PID=87257) to work on /workspaces/hands-on-introduction-data-engineering-4395021/airflow/dags/extract_dag.py
[2026-09-17T03:41:40.333+0000] {processor.py:826} INFO - Processing file /workspaces/hands-on-introduction-data-engineering-4395021/airflow/dags/extract_dag.py for tasks to queue
[2026-09-17T03:41:40.334+0000] {logging_mixin.py:150} INFO - [2026-09-17T03:41:40.334+0000] {dagbag.py:541} INFO - Filling up the DagBag from /workspaces/hands-on-introduction-data-engineering-4395021/airflow/dags/extract_dag.py
[2026-09-17T03:41:40.342+0000] {processor.py:836} INFO - DAG(s) dict_keys(['extract_dag']) retrieved from /workspaces/hands-on-introduction-data-engineering-4395021/airflow/dags/extract_dag.py
[2026-09-17T03:41:40.358+0000] {logging_mixin.py:150} INFO - [2026-09-17T03:41:40.358+0000] {dag.py:2742} INFO - Sync 1 DAGs
[2026-09-17T03:41:40.373+0000] {logging_mixin.py:150} INFO - [2026-09-17T03:41:40.372+0000] {dag.py:3504} INFO - Setting next_dagrun for extract_dag to None, run_after=None
[2026-09-17T03:41:40.390+0000] {processor.py:179} INFO - Processing /workspaces/hands-on-introduction-data-engineering-4395021/airflow/dags/extract_dag.py took 0.060 seconds
[2026-09-17T03:42:10.500+0000] {processor.py:157} INFO - Started process (PID=87426) to work on /workspaces/hands-on-introduction-data-engineering-4395021/airflow/dags/extract_dag.py
[2026-09-17T03:42:10.501+0000] {processor.py:826} INFO - Processing file /workspaces/hands-on-introduction-data-engineering-4395021/airflow/dags/extract_dag.py for tasks to queue
[2026-09-17T03:42:10.502+0000] {logging_mixin.py:150} INFO - [2026-09-17T03:42:10.502+0000] {dagbag.py:541} INFO - Filling up the DagBag from /workspaces/hands-on-introduction-data-engineering-4395021/airflow/dags/extract_dag.py
[2026-09-17T03:42:10.511+0000] {processor.py:836} INFO - DAG(s) dict_keys(['extract_dag']) retrieved from /workspaces/hands-on-introduction-data-engineering-4395021/airflow/dags/extract_dag.py
[2026-09-17T03:42:10.528+0000] {logging_mixin.py:150} INFO - [2026-09-17T03:42:10.528+0000] {dag.py:2742} INFO - Sync 1 DAGs
[2026-09-17T03:42:10.543+0000] {logging_mixin.py:150} INFO - [2026-09-17T03:42:10.542+0000] {dag.py:3504} INFO - Setting next_dagrun for extract_dag to None, run_after=None
[2026-09-17T03:42:10.558+0000] {processor.py:179} INFO - Processing /workspaces/hands-on-introduction-data-engineering-4395021/airflow/dags/extract_dag.py took 0.061 seconds
[2026-09-17T03:42:40.662+0000] {processor.py:157} INFO - Started process (PID=87638) to work on /workspaces/hands-on-introduction-data-engineering-4395021/airflow/dags/extract_dag.py
[2026-09-17T03:42:40.663+0000] {processor.py:826} INFO - Processing file /workspaces/hands-on-introduction-data-engineering-4395021/airflow/dags/extract_dag.py for tasks to queue
[2026-09-17T03:42:40.663+0000] {logging_mixin.py:150} INFO - [2026-09-17T03:42:40.663+0000] {dagbag.py:541} INFO - Filling up the DagBag from /workspaces/hands-on-introduction-data-engineering-4395021/airflow/dags/extract_dag.py
[2026-09-17T03:42:40.672+0000] {processor.py:836} INFO - DAG(s) dict_keys(['extract_dag']) retrieved from /workspaces/hands-on-introduction-data-engineering-4395021/airflow/dags/extract_dag.py
[2026-09-17T03:42:40.689+0000] {logging_mixin.py:150} INFO - [2026-09-17T03:42:40.689+0000] {dag.py:2742} INFO - Sync 1 DAGs
[2026-09-17T03:42:40.708+0000] {logging_mixin.py:150} INFO - [2026-09-17T03:42:40.707+0000] {dag.py:3504} INFO - Setting next_dagrun for extract_dag to None, run_after=None
[2026-09-17T03:42:40.723+0000] {processor.py:179} INFO - Processing /workspaces/hands-on-introduction-data-engineering-4395021/airflow/dags/extract_dag.py took 0.063 seconds
[2026-09-17T03:43:10.827+0000] {processor.py:157} INFO - Started process (PID=87807) to work on /workspaces/hands-on-introduction-data-engineering-4395021/airflow/dags/extract_dag.py
[2026-09-17T03:43:10.828+0000] {processor.py:826} INFO - Processing file /workspaces/hands-on-introduction-data-engineering-4395021/airflow/dags/extract_dag.py for tasks to queue
[2026-09-17T03:43:10.828+0000] {logging_mixin.py:150} INFO - [2026-09-17T03:43:10.828+0000] {dagbag.py:541} INFO - Filling up the DagBag from /workspaces/hands-on-introduction-data-engineering-4395021/airflow/dags/extract_dag.py
[2026-09-17T03:43:10.837+0000] {processor.py:836} INFO - DAG(s) dict_keys(['extract_dag']) retrieved from /workspaces/hands-on-introduction-data-engineering-4395021/airflow/dags/extract_dag.py
[2026-09-17T03:43:10.853+0000] {logging_mixin.py:150} INFO - [2026-09-17T03:43:10.853+0000] {dag.py:2742} INFO - Sync 1 DAGs
[2026-09-17T03:43:10.868+0000] {logging_mixin.py:150} INFO - [2026-09-17T03:43:10.868+0000] {dag.py:3504} INFO - Setting next_dagrun for extract_dag to None, run_after=None
[2026-09-17T03:43:10.886+0000] {processor.py:179} INFO - Processing /workspaces/hands-on-introduction-data-engineering-4395021/airflow/dags/extract_dag.py took 0.061 seconds
[2026-09-17T03:43:40.993+0000] {processor.py:157} INFO - Started process (PID=87976) to work on /workspaces/hands-on-introduction-data-engineering-4395021/airflow/dags/extract_dag.py
[2026-09-17T03:43:40.994+0000] {processor.py:826} INFO - Processing file /workspaces/hands-on-introduction-data-engineering-4395021/airflow/dags/extract_dag.py for tasks to queue
[2026-09-17T03:43:40.995+0000] {logging_mixin.py:150} INFO - [2026-09-17T03:43:40.994+0000] {dagbag.py:541} INFO - Filling up the DagBag from /workspaces/hands-on-introduction-data-engineering-4395021/airflow/dags/extract_dag.py
[2026-09-17T03:43:41.004+0000] {processor.py:836} INFO - DAG(s) dict_keys(['extract_dag']) retrieved from /workspaces/hands-on-introduction-data-engineering-4395021/airflow/dags/extract_dag.py
[2026-09-17T03:43:41.027+0000] {logging_mixin.py:150} INFO - [2026-09-17T03:43:41.027+0000] {dag.py:2742} INFO - Sync 1 DAGs
[2026-09-17T03:43:41.045+0000] {logging_mixin.py:150} INFO - [2026-09-17T03:43:41.044+0000] {dag.py:3504} INFO - Setting next_dagrun for extract_dag to None, run_after=None
[2026-09-17T03:43:41.060+0000] {processor.py:179} INFO - Processing /workspaces/hands-on-introduction-data-engineering-4395021/airflow/dags/extract_dag.py took 0.070 seconds
[2026-09-17T03:44:11.162+0000] {processor.py:157} INFO - Started process (PID=88142) to work on /workspaces/hands-on-introduction-data-engineering-4395021/airflow/dags/extract_dag.py
[2026-09-17T03:44:11.162+0000] {processor.py:826} INFO - Processing file /workspaces/hands-on-introduction-data-engineering-4395021/airflow/dags/extract_dag.py for tasks to queue
[2026-09-17T03:44:11.163+0000] {logging_mixin.py:150} INFO - [2026-09-17T03:44:11.163+0000] {dagbag.py:541} INFO - Filling up the DagBag from /workspaces/hands-on-introduction-data-engineering-4395021/airflow/dags/extract_dag.py
[2026-09-17T03:44:11.171+0000] {processor.py:836} INFO - DAG(s) dict_keys(['extract_dag']) retrieved from /workspaces/hands-on-introduction-data-engineering-4395021/airflow/dags/extract_dag.py
[2026-09-17T03:44:11.189+0000] {logging_mixin.py:150} INFO - [2026-09-17T03:44:11.189+0000] {dag.py:2742} INFO - Sync 1 DAGs
[2026-09-17T03:44:11.204+0000] {logging_mixin.py:150} INFO - [2026-09-17T03:44:11.204+0000] {dag.py:3504} INFO - Setting next_dagrun for extract_dag to None, run_after=None
[2026-09-17T03:44:11.223+0000] {processor.py:179} INFO - Processing /workspaces/hands-on-introduction-data-engineering-4395021/airflow/dags/extract_dag.py took 0.064 seconds
[2026-09-17T03:44:41.288+0000] {processor.py:157} INFO - Started process (PID=88311) to work on /workspaces/hands-on-introduction-data-engineering-4395021/airflow/dags/extract_dag.py
[2026-09-17T03:44:41.290+0000] {processor.py:826} INFO - Processing file /workspaces/hands-on-introduction-data-engineering-4395021/airflow/dags/extract_dag.py for tasks to queue
[2026-09-17T03:44:41.291+0000] {logging_mixin.py:150} INFO - [2026-09-17T03:44:41.290+0000] {dagbag.py:541} INFO - Filling up the DagBag from /workspaces/hands-on-introduction-data-engineering-4395021/airflow/dags/extract_dag.py
[2026-09-17T03:44:41.299+0000] {processor.py:836} INFO - DAG(s) dict_keys(['extract_dag']) retrieved from /workspaces/hands-on-introduction-data-engineering-4395021/airflow/dags/extract_dag.py
[2026-09-17T03:44:41.315+0000] {logging_mixin.py:150} INFO - [2026-09-17T03:44:41.315+0000] {dag.py:2742} INFO - Sync 1 DAGs
[2026-09-17T03:44:41.332+0000] {logging_mixin.py:150} INFO - [2026-09-17T03:44:41.332+0000] {dag.py:3504} INFO - Setting next_dagrun for extract_dag to None, run_after=None
[2026-09-17T03:44:41.347+0000] {processor.py:179} INFO - Processing /workspaces/hands-on-introduction-data-engineering-4395021/airflow/dags/extract_dag.py took 0.062 seconds
[2026-09-17T03:45:11.447+0000] {processor.py:157} INFO - Started process (PID=88479) to work on /workspaces/hands-on-introduction-data-engineering-4395021/airflow/dags/extract_dag.py
[2026-09-17T03:45:11.448+0000] {processor.py:826} INFO - Processing file /workspaces/hands-on-introduction-data-engineering-4395021/airflow/dags/extract_dag.py for tasks to queue
[2026-09-17T03:45:11.449+0000] {logging_mixin.py:150} INFO - [2026-09-17T03:45:11.449+0000] {dagbag.py:541} INFO - Filling up the DagBag from /workspaces/hands-on-introduction-data-engineering-4395021/airflow/dags/extract_dag.py
[2026-09-17T03:45:11.457+0000] {processor.py:836} INFO - DAG(s) dict_keys(['extract_dag']) retrieved from /workspaces/hands-on-introduction-data-engineering-4395021/airflow/dags/extract_dag.py
[2026-09-17T03:45:11.473+0000] {logging_mixin.py:150} INFO - [2026-09-17T03:45:11.473+0000] {dag.py:2742} INFO - Sync 1 DAGs
[2026-09-17T03:45:11.489+0000] {logging_mixin.py:150} INFO - [2026-09-17T03:45:11.489+0000] {dag.py:3504} INFO - Setting next_dagrun for extract_dag to None, run_after=None
[2026-09-17T03:45:11.506+0000] {processor.py:179} INFO - Processing /workspaces/hands-on-introduction-data-engineering-4395021/airflow/dags/extract_dag.py took 0.061 seconds
[2026-09-17T03:45:41.618+0000] {processor.py:157} INFO - Started process (PID=88648) to work on /workspaces/hands-on-introduction-data-engineering-4395021/airflow/dags/extract_dag.py
[2026-09-17T03:45:41.618+0000] {processor.py:826} INFO - Processing file /workspaces/hands-on-introduction-data-engineering-4395021/airflow/dags/extract_dag.py for tasks to queue
[2026-09-17T03:45:41.619+0000] {logging_mixin.py:150} INFO - [2026-09-17T03:45:41.619+0000] {dagbag.py:541} INFO - Filling up the DagBag from /workspaces/hands-on-introduction-data-engineering-4395021/airflow/dags/extract_dag.py
[2026-09-17T03:45:41.628+0000] {processor.py:836} INFO - DAG(s) dict_keys(['extract_dag']) retrieved from /workspaces/hands-on-introduction-data-engineering-4395021/airflow/dags/extract_dag.py
[2026-09-17T03:45:41.644+0000] {logging_mixin.py:150} INFO - [2026-09-17T03:45:41.644+0000] {dag.py:2742} INFO - Sync 1 DAGs
[2026-09-17T03:45:41.658+0000] {logging_mixin.py:150} INFO - [2026-09-17T03:45:41.658+0000] {dag.py:3504} INFO - Setting next_dagrun for extract_dag to None, run_after=None
[2026-09-17T03:45:41.674+0000] {processor.py:179} INFO - Processing /workspaces/hands-on-introduction-data-engineering-4395021/airflow/dags/extract_dag.py took 0.060 seconds
[2026-09-17T03:46:11.785+0000] {processor.py:157} INFO - Started process (PID=88816) to work on /workspaces/hands-on-introduction-data-engineering-4395021/airflow/dags/extract_dag.py
[2026-09-17T03:46:11.786+0000] {processor.py:826} INFO - Processing file /workspaces/hands-on-introduction-data-engineering-4395021/airflow/dags/extract_dag.py for tasks to queue
[2026-09-17T03:46:11.787+0000] {logging_mixin.py:150} INFO - [2026-09-17T03:46:11.787+0000] {dagbag.py:541} INFO - Filling up the DagBag from /workspaces/hands-on-introduction-data-engineering-4395021/airflow/dags/extract_dag.py
[2026-09-17T03:46:11.798+0000] {processor.py:836} INFO - DAG(s) dict_keys(['extract_dag']) retrieved from /workspaces/hands-on-introduction-data-engineering-4395021/airflow/dags/extract_dag.py
[2026-09-17T03:46:11.815+0000] {logging_mixin.py:150} INFO - [2026-09-17T03:46:11.815+0000] {dag.py:2742} INFO - Sync 1 DAGs
[2026-09-17T03:46:11.829+0000] {logging_mixin.py:150} INFO - [2026-09-17T03:46:11.829+0000] {dag.py:3504} INFO - Setting next_dagrun for extract_dag to None, run_after=None
[2026-09-17T03:46:11.843+0000] {processor.py:179} INFO - Processing /workspaces/hands-on-introduction-data-engineering-4395021/airflow/dags/extract_dag.py took 0.062 seconds
[2026-09-17T03:46:41.954+0000] {processor.py:157} INFO - Started process (PID=88984) to work on /workspaces/hands-on-introduction-data-engineering-4395021/airflow/dags/extract_dag.py
[2026-09-17T03:46:41.954+0000] {processor.py:826} INFO - Processing file /workspaces/hands-on-introduction-data-engineering-4395021/airflow/dags/extract_dag.py for tasks to queue
[2026-09-17T03:46:41.955+0000] {logging_mixin.py:150} INFO - [2026-09-17T03:46:41.955+0000] {dagbag.py:541} INFO - Filling up the DagBag from /workspaces/hands-on-introduction-data-engineering-4395021/airflow/dags/extract_dag.py
[2026-09-17T03:46:41.964+0000] {processor.py:836} INFO - DAG(s) dict_keys(['extract_dag']) retrieved from /workspaces/hands-on-introduction-data-engineering-4395021/airflow/dags/extract_dag.py
[2026-09-17T03:46:41.980+0000] {logging_mixin.py:150} INFO - [2026-09-17T03:46:41.980+0000] {dag.py:2742} INFO - Sync 1 DAGs
[2026-09-17T03:46:41.999+0000] {logging_mixin.py:150} INFO - [2026-09-17T03:46:41.999+0000] {dag.py:3504} INFO - Setting next_dagrun for extract_dag to None, run_after=None
[2026-09-17T03:46:42.016+0000] {processor.py:179} INFO - Processing /workspaces/hands-on-introduction-data-engineering-4395021/airflow/dags/extract_dag.py took 0.065 seconds
[2026-09-17T03:47:12.122+0000] {processor.py:157} INFO - Started process (PID=89153) to work on /workspaces/hands-on-introduction-data-engineering-4395021/airflow/dags/extract_dag.py
[2026-09-17T03:47:12.123+0000] {processor.py:826} INFO - Processing file /workspaces/hands-on-introduction-data-engineering-4395021/airflow/dags/extract_dag.py for tasks to queue
[2026-09-17T03:47:12.124+0000] {logging_mixin.py:150} INFO - [2026-09-17T03:47:12.123+0000] {dagbag.py:541} INFO - Filling up the DagBag from /workspaces/hands-on-introduction-data-engineering-4395021/airflow/dags/extract_dag.py
[2026-09-17T03:47:12.132+0000] {processor.py:836} INFO - DAG(s) dict_keys(['extract_dag']) retrieved from /workspaces/hands-on-introduction-data-engineering-4395021/airflow/dags/extract_dag.py
[2026-09-17T03:47:12.148+0000] {logging_mixin.py:150} INFO - [2026-09-17T03:47:12.148+0000] {dag.py:2742} INFO - Sync 1 DAGs
[2026-09-17T03:47:12.162+0000] {logging_mixin.py:150} INFO - [2026-09-17T03:47:12.162+0000] {dag.py:3504} INFO - Setting next_dagrun for extract_dag to None, run_after=None
[2026-09-17T03:47:12.178+0000] {processor.py:179} INFO - Processing /workspaces/hands-on-introduction-data-engineering-4395021/airflow/dags/extract_dag.py took 0.059 seconds
[2026-09-17T03:47:42.286+0000] {processor.py:157} INFO - Started process (PID=89366) to work on /workspaces/hands-on-introduction-data-engineering-4395021/airflow/dags/extract_dag.py
[2026-09-17T03:47:42.286+0000] {processor.py:826} INFO - Processing file /workspaces/hands-on-introduction-data-engineering-4395021/airflow/dags/extract_dag.py for tasks to queue
[2026-09-17T03:47:42.287+0000] {logging_mixin.py:150} INFO - [2026-09-17T03:47:42.287+0000] {dagbag.py:541} INFO - Filling up the DagBag from /workspaces/hands-on-introduction-data-engineering-4395021/airflow/dags/extract_dag.py
[2026-09-17T03:47:42.297+0000] {processor.py:836} INFO - DAG(s) dict_keys(['extract_dag']) retrieved from /workspaces/hands-on-introduction-data-engineering-4395021/airflow/dags/extract_dag.py
[2026-09-17T03:47:42.314+0000] {logging_mixin.py:150} INFO - [2026-09-17T03:47:42.313+0000] {dag.py:2742} INFO - Sync 1 DAGs
[2026-09-17T03:47:42.329+0000] {logging_mixin.py:150} INFO - [2026-09-17T03:47:42.329+0000] {dag.py:3504} INFO - Setting next_dagrun for extract_dag to None, run_after=None
[2026-09-17T03:47:42.344+0000] {processor.py:179} INFO - Processing /workspaces/hands-on-introduction-data-engineering-4395021/airflow/dags/extract_dag.py took 0.063 seconds
[2026-09-17T03:48:12.450+0000] {processor.py:157} INFO - Started process (PID=89536) to work on /workspaces/hands-on-introduction-data-engineering-4395021/airflow/dags/extract_dag.py
[2026-09-17T03:48:12.451+0000] {processor.py:826} INFO - Processing file /workspaces/hands-on-introduction-data-engineering-4395021/airflow/dags/extract_dag.py for tasks to queue
[2026-09-17T03:48:12.452+0000] {logging_mixin.py:150} INFO - [2026-09-17T03:48:12.451+0000] {dagbag.py:541} INFO - Filling up the DagBag from /workspaces/hands-on-introduction-data-engineering-4395021/airflow/dags/extract_dag.py
[2026-09-17T03:48:12.460+0000] {processor.py:836} INFO - DAG(s) dict_keys(['extract_dag']) retrieved from /workspaces/hands-on-introduction-data-engineering-4395021/airflow/dags/extract_dag.py
[2026-09-17T03:48:12.476+0000] {logging_mixin.py:150} INFO - [2026-09-17T03:48:12.476+0000] {dag.py:2742} INFO - Sync 1 DAGs
[2026-09-17T03:48:12.496+0000] {logging_mixin.py:150} INFO - [2026-09-17T03:48:12.496+0000] {dag.py:3504} INFO - Setting next_dagrun for extract_dag to None, run_after=None
[2026-09-17T03:48:12.511+0000] {processor.py:179} INFO - Processing /workspaces/hands-on-introduction-data-engineering-4395021/airflow/dags/extract_dag.py took 0.063 seconds
[2026-09-17T03:48:42.621+0000] {processor.py:157} INFO - Started process (PID=89705) to work on /workspaces/hands-on-introduction-data-engineering-4395021/airflow/dags/extract_dag.py
[2026-09-17T03:48:42.621+0000] {processor.py:826} INFO - Processing file /workspaces/hands-on-introduction-data-engineering-4395021/airflow/dags/extract_dag.py for tasks to queue
[2026-09-17T03:48:42.622+0000] {logging_mixin.py:150} INFO - [2026-09-17T03:48:42.622+0000] {dagbag.py:541} INFO - Filling up the DagBag from /workspaces/hands-on-introduction-data-engineering-4395021/airflow/dags/extract_dag.py
[2026-09-17T03:48:42.631+0000] {processor.py:836} INFO - DAG(s) dict_keys(['extract_dag']) retrieved from /workspaces/hands-on-introduction-data-engineering-4395021/airflow/dags/extract_dag.py
[2026-09-17T03:48:42.647+0000] {logging_mixin.py:150} INFO - [2026-09-17T03:48:42.647+0000] {dag.py:2742} INFO - Sync 1 DAGs
[2026-09-17T03:48:42.662+0000] {logging_mixin.py:150} INFO - [2026-09-17T03:48:42.662+0000] {dag.py:3504} INFO - Setting next_dagrun for extract_dag to None, run_after=None
[2026-09-17T03:48:42.677+0000] {processor.py:179} INFO - Processing /workspaces/hands-on-introduction-data-engineering-4395021/airflow/dags/extract_dag.py took 0.059 seconds
[2026-09-17T03:49:12.807+0000] {processor.py:157} INFO - Started process (PID=89874) to work on /workspaces/hands-on-introduction-data-engineering-4395021/airflow/dags/extract_dag.py
[2026-09-17T03:49:12.809+0000] {processor.py:826} INFO - Processing file /workspaces/hands-on-introduction-data-engineering-4395021/airflow/dags/extract_dag.py for tasks to queue
[2026-09-17T03:49:12.809+0000] {logging_mixin.py:150} INFO - [2026-09-17T03:49:12.809+0000] {dagbag.py:541} INFO - Filling up the DagBag from /workspaces/hands-on-introduction-data-engineering-4395021/airflow/dags/extract_dag.py
[2026-09-17T03:49:12.818+0000] {processor.py:836} INFO - DAG(s) dict_keys(['extract_dag']) retrieved from /workspaces/hands-on-introduction-data-engineering-4395021/airflow/dags/extract_dag.py
[2026-09-17T03:49:12.834+0000] {logging_mixin.py:150} INFO - [2026-09-17T03:49:12.834+0000] {dag.py:2742} INFO - Sync 1 DAGs
[2026-09-17T03:49:12.849+0000] {logging_mixin.py:150} INFO - [2026-09-17T03:49:12.849+0000] {dag.py:3504} INFO - Setting next_dagrun for extract_dag to None, run_after=None
[2026-09-17T03:49:12.864+0000] {processor.py:179} INFO - Processing /workspaces/hands-on-introduction-data-engineering-4395021/airflow/dags/extract_dag.py took 0.060 seconds
[2026-09-17T03:49:42.973+0000] {processor.py:157} INFO - Started process (PID=90043) to work on /workspaces/hands-on-introduction-data-engineering-4395021/airflow/dags/extract_dag.py
[2026-09-17T03:49:42.974+0000] {processor.py:826} INFO - Processing file /workspaces/hands-on-introduction-data-engineering-4395021/airflow/dags/extract_dag.py for tasks to queue
[2026-09-17T03:49:42.975+0000] {logging_mixin.py:150} INFO - [2026-09-17T03:49:42.974+0000] {dagbag.py:541} INFO - Filling up the DagBag from /workspaces/hands-on-introduction-data-engineering-4395021/airflow/dags/extract_dag.py
[2026-09-17T03:49:42.983+0000] {processor.py:836} INFO - DAG(s) dict_keys(['extract_dag']) retrieved from /workspaces/hands-on-introduction-data-engineering-4395021/airflow/dags/extract_dag.py
[2026-09-17T03:49:43.007+0000] {logging_mixin.py:150} INFO - [2026-09-17T03:49:43.007+0000] {dag.py:2742} INFO - Sync 1 DAGs
[2026-09-17T03:49:43.022+0000] {logging_mixin.py:150} INFO - [2026-09-17T03:49:43.022+0000] {dag.py:3504} INFO - Setting next_dagrun for extract_dag to None, run_after=None
[2026-09-17T03:49:43.037+0000] {processor.py:179} INFO - Processing /workspaces/hands-on-introduction-data-engineering-4395021/airflow/dags/extract_dag.py took 0.067 seconds
[2026-09-17T03:50:13.138+0000] {processor.py:157} INFO - Started process (PID=90212) to work on /workspaces/hands-on-introduction-data-engineering-4395021/airflow/dags/extract_dag.py
[2026-09-17T03:50:13.139+0000] {processor.py:826} INFO - Processing file /workspaces/hands-on-introduction-data-engineering-4395021/airflow/dags/extract_dag.py for tasks to queue
[2026-09-17T03:50:13.139+0000] {logging_mixin.py:150} INFO - [2026-09-17T03:50:13.139+0000] {dagbag.py:541} INFO - Filling up the DagBag from /workspaces/hands-on-introduction-data-engineering-4395021/airflow/dags/extract_dag.py
[2026-09-17T03:50:13.148+0000] {processor.py:836} INFO - DAG(s) dict_keys(['extract_dag']) retrieved from /workspaces/hands-on-introduction-data-engineering-4395021/airflow/dags/extract_dag.py
[2026-09-17T03:50:13.164+0000] {logging_mixin.py:150} INFO - [2026-09-17T03:50:13.164+0000] {dag.py:2742} INFO - Sync 1 DAGs
[2026-09-17T03:50:13.178+0000] {logging_mixin.py:150} INFO - [2026-09-17T03:50:13.178+0000] {dag.py:3504} INFO - Setting next_dagrun for extract_dag to None, run_after=None
[2026-09-17T03:50:13.200+0000] {processor.py:179} INFO - Processing /workspaces/hands-on-introduction-data-engineering-4395021/airflow/dags/extract_dag.py took 0.064 seconds
[2026-09-17T03:50:43.298+0000] {processor.py:157} INFO - Started process (PID=90381) to work on /workspaces/hands-on-introduction-data-engineering-4395021/airflow/dags/extract_dag.py
[2026-09-17T03:50:43.299+0000] {processor.py:826} INFO - Processing file /workspaces/hands-on-introduction-data-engineering-4395021/airflow/dags/extract_dag.py for tasks to queue
[2026-09-17T03:50:43.300+0000] {logging_mixin.py:150} INFO - [2026-09-17T03:50:43.300+0000] {dagbag.py:541} INFO - Filling up the DagBag from /workspaces/hands-on-introduction-data-engineering-4395021/airflow/dags/extract_dag.py
[2026-09-17T03:50:43.307+0000] {processor.py:836} INFO - DAG(s) dict_keys(['extract_dag']) retrieved from /workspaces/hands-on-introduction-data-engineering-4395021/airflow/dags/extract_dag.py
[2026-09-17T03:50:43.322+0000] {logging_mixin.py:150} INFO - [2026-09-17T03:50:43.322+0000] {dag.py:2742} INFO - Sync 1 DAGs
[2026-09-17T03:50:43.336+0000] {logging_mixin.py:150} INFO - [2026-09-17T03:50:43.336+0000] {dag.py:3504} INFO - Setting next_dagrun for extract_dag to None, run_after=None
[2026-09-17T03:50:43.352+0000] {processor.py:179} INFO - Processing /workspaces/hands-on-introduction-data-engineering-4395021/airflow/dags/extract_dag.py took 0.056 seconds
[2026-09-17T03:51:13.462+0000] {processor.py:157} INFO - Started process (PID=90550) to work on /workspaces/hands-on-introduction-data-engineering-4395021/airflow/dags/extract_dag.py
[2026-09-17T03:51:13.463+0000] {processor.py:826} INFO - Processing file /workspaces/hands-on-introduction-data-engineering-4395021/airflow/dags/extract_dag.py for tasks to queue
[2026-09-17T03:51:13.464+0000] {logging_mixin.py:150} INFO - [2026-09-17T03:51:13.463+0000] {dagbag.py:541} INFO - Filling up the DagBag from /workspaces/hands-on-introduction-data-engineering-4395021/airflow/dags/extract_dag.py
[2026-09-17T03:51:13.472+0000] {processor.py:836} INFO - DAG(s) dict_keys(['extract_dag']) retrieved from /workspaces/hands-on-introduction-data-engineering-4395021/airflow/dags/extract_dag.py
[2026-09-17T03:51:13.488+0000] {logging_mixin.py:150} INFO - [2026-09-17T03:51:13.488+0000] {dag.py:2742} INFO - Sync 1 DAGs
[2026-09-17T03:51:13.503+0000] {logging_mixin.py:150} INFO - [2026-09-17T03:51:13.503+0000] {dag.py:3504} INFO - Setting next_dagrun for extract_dag to None, run_after=None
[2026-09-17T03:51:13.519+0000] {processor.py:179} INFO - Processing /workspaces/hands-on-introduction-data-engineering-4395021/airflow/dags/extract_dag.py took 0.059 seconds
[2026-09-17T03:51:43.628+0000] {processor.py:157} INFO - Started process (PID=90719) to work on /workspaces/hands-on-introduction-data-engineering-4395021/airflow/dags/extract_dag.py
[2026-09-17T03:51:43.629+0000] {processor.py:826} INFO - Processing file /workspaces/hands-on-introduction-data-engineering-4395021/airflow/dags/extract_dag.py for tasks to queue
[2026-09-17T03:51:43.630+0000] {logging_mixin.py:150} INFO - [2026-09-17T03:51:43.629+0000] {dagbag.py:541} INFO - Filling up the DagBag from /workspaces/hands-on-introduction-data-engineering-4395021/airflow/dags/extract_dag.py
[2026-09-17T03:51:43.638+0000] {processor.py:836} INFO - DAG(s) dict_keys(['extract_dag']) retrieved from /workspaces/hands-on-introduction-data-engineering-4395021/airflow/dags/extract_dag.py
[2026-09-17T03:51:43.654+0000] {logging_mixin.py:150} INFO - [2026-09-17T03:51:43.653+0000] {dag.py:2742} INFO - Sync 1 DAGs
[2026-09-17T03:51:43.668+0000] {logging_mixin.py:150} INFO - [2026-09-17T03:51:43.668+0000] {dag.py:3504} INFO - Setting next_dagrun for extract_dag to None, run_after=None
[2026-09-17T03:51:43.683+0000] {processor.py:179} INFO - Processing /workspaces/hands-on-introduction-data-engineering-4395021/airflow/dags/extract_dag.py took 0.057 seconds
[2026-09-17T03:52:13.790+0000] {processor.py:157} INFO - Started process (PID=90888) to work on /workspaces/hands-on-introduction-data-engineering-4395021/airflow/dags/extract_dag.py
[2026-09-17T03:52:13.790+0000] {processor.py:826} INFO - Processing file /workspaces/hands-on-introduction-data-engineering-4395021/airflow/dags/extract_dag.py for tasks to queue
[2026-09-17T03:52:13.791+0000] {logging_mixin.py:150} INFO - [2026-09-17T03:52:13.791+0000] {dagbag.py:541} INFO - Filling up the DagBag from /workspaces/hands-on-introduction-data-engineering-4395021/airflow/dags/extract_dag.py
[2026-09-17T03:52:13.799+0000] {processor.py:836} INFO - DAG(s) dict_keys(['extract_dag']) retrieved from /workspaces/hands-on-introduction-data-engineering-4395021/airflow/dags/extract_dag.py
[2026-09-17T03:52:13.815+0000] {logging_mixin.py:150} INFO - [2026-09-17T03:52:13.815+0000] {dag.py:2742} INFO - Sync 1 DAGs
[2026-09-17T03:52:13.830+0000] {logging_mixin.py:150} INFO - [2026-09-17T03:52:13.830+0000] {dag.py:3504} INFO - Setting next_dagrun for extract_dag to None, run_after=None
[2026-09-17T03:52:13.845+0000] {processor.py:179} INFO - Processing /workspaces/hands-on-introduction-data-engineering-4395021/airflow/dags/extract_dag.py took 0.058 seconds
[2026-09-17T03:52:43.950+0000] {processor.py:157} INFO - Started process (PID=91102) to work on /workspaces/hands-on-introduction-data-engineering-4395021/airflow/dags/extract_dag.py
[2026-09-17T03:52:43.951+0000] {processor.py:826} INFO - Processing file /workspaces/hands-on-introduction-data-engineering-4395021/airflow/dags/extract_dag.py for tasks to queue
[2026-09-17T03:52:43.952+0000] {logging_mixin.py:150} INFO - [2026-09-17T03:52:43.951+0000] {dagbag.py:541} INFO - Filling up the DagBag from /workspaces/hands-on-introduction-data-engineering-4395021/airflow/dags/extract_dag.py
[2026-09-17T03:52:43.960+0000] {processor.py:836} INFO - DAG(s) dict_keys(['extract_dag']) retrieved from /workspaces/hands-on-introduction-data-engineering-4395021/airflow/dags/extract_dag.py
[2026-09-17T03:52:43.976+0000] {logging_mixin.py:150} INFO - [2026-09-17T03:52:43.976+0000] {dag.py:2742} INFO - Sync 1 DAGs
[2026-09-17T03:52:43.990+0000] {logging_mixin.py:150} INFO - [2026-09-17T03:52:43.990+0000] {dag.py:3504} INFO - Setting next_dagrun for extract_dag to None, run_after=None
[2026-09-17T03:52:44.006+0000] {processor.py:179} INFO - Processing /workspaces/hands-on-introduction-data-engineering-4395021/airflow/dags/extract_dag.py took 0.058 seconds
[2026-09-17T03:53:14.085+0000] {processor.py:157} INFO - Started process (PID=91271) to work on /workspaces/hands-on-introduction-data-engineering-4395021/airflow/dags/extract_dag.py
[2026-09-17T03:53:14.086+0000] {processor.py:826} INFO - Processing file /workspaces/hands-on-introduction-data-engineering-4395021/airflow/dags/extract_dag.py for tasks to queue
[2026-09-17T03:53:14.087+0000] {logging_mixin.py:150} INFO - [2026-09-17T03:53:14.087+0000] {dagbag.py:541} INFO - Filling up the DagBag from /workspaces/hands-on-introduction-data-engineering-4395021/airflow/dags/extract_dag.py
[2026-09-17T03:53:14.095+0000] {processor.py:836} INFO - DAG(s) dict_keys(['extract_dag']) retrieved from /workspaces/hands-on-introduction-data-engineering-4395021/airflow/dags/extract_dag.py
[2026-09-17T03:53:14.111+0000] {logging_mixin.py:150} INFO - [2026-09-17T03:53:14.111+0000] {dag.py:2742} INFO - Sync 1 DAGs
[2026-09-17T03:53:14.125+0000] {logging_mixin.py:150} INFO - [2026-09-17T03:53:14.125+0000] {dag.py:3504} INFO - Setting next_dagrun for extract_dag to None, run_after=None
[2026-09-17T03:53:14.140+0000] {processor.py:179} INFO - Processing /workspaces/hands-on-introduction-data-engineering-4395021/airflow/dags/extract_dag.py took 0.058 seconds
[2026-09-17T03:53:44.244+0000] {processor.py:157} INFO - Started process (PID=91440) to work on /workspaces/hands-on-introduction-data-engineering-4395021/airflow/dags/extract_dag.py
[2026-09-17T03:53:44.245+0000] {processor.py:826} INFO - Processing file /workspaces/hands-on-introduction-data-engineering-4395021/airflow/dags/extract_dag.py for tasks to queue
[2026-09-17T03:53:44.246+0000] {logging_mixin.py:150} INFO - [2026-09-17T03:53:44.245+0000] {dagbag.py:541} INFO - Filling up the DagBag from /workspaces/hands-on-introduction-data-engineering-4395021/airflow/dags/extract_dag.py
[2026-09-17T03:53:44.254+0000] {processor.py:836} INFO - DAG(s) dict_keys(['extract_dag']) retrieved from /workspaces/hands-on-introduction-data-engineering-4395021/airflow/dags/extract_dag.py
[2026-09-17T03:53:44.270+0000] {logging_mixin.py:150} INFO - [2026-09-17T03:53:44.270+0000] {dag.py:2742} INFO - Sync 1 DAGs
[2026-09-17T03:53:44.284+0000] {logging_mixin.py:150} INFO - [2026-09-17T03:53:44.284+0000] {dag.py:3504} INFO - Setting next_dagrun for extract_dag to None, run_after=None
[2026-09-17T03:53:44.299+0000] {processor.py:179} INFO - Processing /workspaces/hands-on-introduction-data-engineering-4395021/airflow/dags/extract_dag.py took 0.057 seconds
[2026-09-17T03:54:14.426+0000] {processor.py:157} INFO - Started process (PID=91609) to work on /workspaces/hands-on-introduction-data-engineering-4395021/airflow/dags/extract_dag.py
[2026-09-17T03:54:14.427+0000] {processor.py:826} INFO - Processing file /workspaces/hands-on-introduction-data-engineering-4395021/airflow/dags/extract_dag.py for tasks to queue
[2026-09-17T03:54:14.428+0000] {logging_mixin.py:150} INFO - [2026-09-17T03:54:14.427+0000] {dagbag.py:541} INFO - Filling up the DagBag from /workspaces/hands-on-introduction-data-engineering-4395021/airflow/dags/extract_dag.py
[2026-09-17T03:54:14.437+0000] {processor.py:836} INFO - DAG(s) dict_keys(['extract_dag']) retrieved from /workspaces/hands-on-introduction-data-engineering-4395021/airflow/dags/extract_dag.py
[2026-09-17T03:54:14.454+0000] {logging_mixin.py:150} INFO - [2026-09-17T03:54:14.453+0000] {dag.py:2742} INFO - Sync 1 DAGs
[2026-09-17T03:54:14.468+0000] {logging_mixin.py:150} INFO - [2026-09-17T03:54:14.468+0000] {dag.py:3504} INFO - Setting next_dagrun for extract_dag to None, run_after=None
[2026-09-17T03:54:14.484+0000] {processor.py:179} INFO - Processing /workspaces/hands-on-introduction-data-engineering-4395021/airflow/dags/extract_dag.py took 0.060 seconds
[2026-09-17T03:54:44.602+0000] {processor.py:157} INFO - Started process (PID=91777) to work on /workspaces/hands-on-introduction-data-engineering-4395021/airflow/dags/extract_dag.py
[2026-09-17T03:54:44.603+0000] {processor.py:826} INFO - Processing file /workspaces/hands-on-introduction-data-engineering-4395021/airflow/dags/extract_dag.py for tasks to queue
[2026-09-17T03:54:44.604+0000] {logging_mixin.py:150} INFO - [2026-09-17T03:54:44.603+0000] {dagbag.py:541} INFO - Filling up the DagBag from /workspaces/hands-on-introduction-data-engineering-4395021/airflow/dags/extract_dag.py
[2026-09-17T03:54:44.612+0000] {processor.py:836} INFO - DAG(s) dict_keys(['extract_dag']) retrieved from /workspaces/hands-on-introduction-data-engineering-4395021/airflow/dags/extract_dag.py
[2026-09-17T03:54:44.628+0000] {logging_mixin.py:150} INFO - [2026-09-17T03:54:44.628+0000] {dag.py:2742} INFO - Sync 1 DAGs
[2026-09-17T03:54:44.643+0000] {logging_mixin.py:150} INFO - [2026-09-17T03:54:44.642+0000] {dag.py:3504} INFO - Setting next_dagrun for extract_dag to None, run_after=None
[2026-09-17T03:54:44.659+0000] {processor.py:179} INFO - Processing /workspaces/hands-on-introduction-data-engineering-4395021/airflow/dags/extract_dag.py took 0.059 seconds
[2026-09-17T03:55:14.772+0000] {processor.py:157} INFO - Started process (PID=91949) to work on /workspaces/hands-on-introduction-data-engineering-4395021/airflow/dags/extract_dag.py
[2026-09-17T03:55:14.773+0000] {processor.py:826} INFO - Processing file /workspaces/hands-on-introduction-data-engineering-4395021/airflow/dags/extract_dag.py for tasks to queue
[2026-09-17T03:55:14.774+0000] {logging_mixin.py:150} INFO - [2026-09-17T03:55:14.774+0000] {dagbag.py:541} INFO - Filling up the DagBag from /workspaces/hands-on-introduction-data-engineering-4395021/airflow/dags/extract_dag.py
[2026-09-17T03:55:14.786+0000] {processor.py:836} INFO - DAG(s) dict_keys(['extract_dag']) retrieved from /workspaces/hands-on-introduction-data-engineering-4395021/airflow/dags/extract_dag.py
[2026-09-17T03:55:14.805+0000] {logging_mixin.py:150} INFO - [2026-09-17T03:55:14.805+0000] {dag.py:2742} INFO - Sync 1 DAGs
[2026-09-17T03:55:14.819+0000] {logging_mixin.py:150} INFO - [2026-09-17T03:55:14.819+0000] {dag.py:3504} INFO - Setting next_dagrun for extract_dag to None, run_after=None
[2026-09-17T03:55:14.835+0000] {processor.py:179} INFO - Processing /workspaces/hands-on-introduction-data-engineering-4395021/airflow/dags/extract_dag.py took 0.066 seconds
[2026-09-17T03:55:44.933+0000] {processor.py:157} INFO - Started process (PID=92116) to work on /workspaces/hands-on-introduction-data-engineering-4395021/airflow/dags/extract_dag.py
[2026-09-17T03:55:44.934+0000] {processor.py:826} INFO - Processing file /workspaces/hands-on-introduction-data-engineering-4395021/airflow/dags/extract_dag.py for tasks to queue
[2026-09-17T03:55:44.935+0000] {logging_mixin.py:150} INFO - [2026-09-17T03:55:44.935+0000] {dagbag.py:541} INFO - Filling up the DagBag from /workspaces/hands-on-introduction-data-engineering-4395021/airflow/dags/extract_dag.py
[2026-09-17T03:55:44.943+0000] {processor.py:836} INFO - DAG(s) dict_keys(['extract_dag']) retrieved from /workspaces/hands-on-introduction-data-engineering-4395021/airflow/dags/extract_dag.py
[2026-09-17T03:55:44.960+0000] {logging_mixin.py:150} INFO - [2026-09-17T03:55:44.960+0000] {dag.py:2742} INFO - Sync 1 DAGs
[2026-09-17T03:55:44.975+0000] {logging_mixin.py:150} INFO - [2026-09-17T03:55:44.975+0000] {dag.py:3504} INFO - Setting next_dagrun for extract_dag to None, run_after=None
[2026-09-17T03:55:44.990+0000] {processor.py:179} INFO - Processing /workspaces/hands-on-introduction-data-engineering-4395021/airflow/dags/extract_dag.py took 0.060 seconds
[2026-09-17T03:56:15.096+0000] {processor.py:157} INFO - Started process (PID=92291) to work on /workspaces/hands-on-introduction-data-engineering-4395021/airflow/dags/extract_dag.py
[2026-09-17T03:56:15.097+0000] {processor.py:826} INFO - Processing file /workspaces/hands-on-introduction-data-engineering-4395021/airflow/dags/extract_dag.py for tasks to queue
[2026-09-17T03:56:15.097+0000] {logging_mixin.py:150} INFO - [2026-09-17T03:56:15.097+0000] {dagbag.py:541} INFO - Filling up the DagBag from /workspaces/hands-on-introduction-data-engineering-4395021/airflow/dags/extract_dag.py
[2026-09-17T03:56:15.105+0000] {processor.py:836} INFO - DAG(s) dict_keys(['extract_dag']) retrieved from /workspaces/hands-on-introduction-data-engineering-4395021/airflow/dags/extract_dag.py
[2026-09-17T03:56:15.122+0000] {logging_mixin.py:150} INFO - [2026-09-17T03:56:15.122+0000] {dag.py:2742} INFO - Sync 1 DAGs
[2026-09-17T03:56:15.136+0000] {logging_mixin.py:150} INFO - [2026-09-17T03:56:15.136+0000] {dag.py:3504} INFO - Setting next_dagrun for extract_dag to None, run_after=None
[2026-09-17T03:56:15.151+0000] {processor.py:179} INFO - Processing /workspaces/hands-on-introduction-data-engineering-4395021/airflow/dags/extract_dag.py took 0.058 seconds
[2026-09-17T03:56:45.258+0000] {processor.py:157} INFO - Started process (PID=92454) to work on /workspaces/hands-on-introduction-data-engineering-4395021/airflow/dags/extract_dag.py
[2026-09-17T03:56:45.259+0000] {processor.py:826} INFO - Processing file /workspaces/hands-on-introduction-data-engineering-4395021/airflow/dags/extract_dag.py for tasks to queue
[2026-09-17T03:56:45.259+0000] {logging_mixin.py:150} INFO - [2026-09-17T03:56:45.259+0000] {dagbag.py:541} INFO - Filling up the DagBag from /workspaces/hands-on-introduction-data-engineering-4395021/airflow/dags/extract_dag.py
[2026-09-17T03:56:45.268+0000] {processor.py:836} INFO - DAG(s) dict_keys(['extract_dag']) retrieved from /workspaces/hands-on-introduction-data-engineering-4395021/airflow/dags/extract_dag.py
[2026-09-17T03:56:45.284+0000] {logging_mixin.py:150} INFO - [2026-09-17T03:56:45.284+0000] {dag.py:2742} INFO - Sync 1 DAGs
[2026-09-17T03:56:45.298+0000] {logging_mixin.py:150} INFO - [2026-09-17T03:56:45.298+0000] {dag.py:3504} INFO - Setting next_dagrun for extract_dag to None, run_after=None
[2026-09-17T03:56:45.313+0000] {processor.py:179} INFO - Processing /workspaces/hands-on-introduction-data-engineering-4395021/airflow/dags/extract_dag.py took 0.058 seconds
[2026-09-17T03:57:15.423+0000] {processor.py:157} INFO - Started process (PID=92630) to work on /workspaces/hands-on-introduction-data-engineering-4395021/airflow/dags/extract_dag.py
[2026-09-17T03:57:15.424+0000] {processor.py:826} INFO - Processing file /workspaces/hands-on-introduction-data-engineering-4395021/airflow/dags/extract_dag.py for tasks to queue
[2026-09-17T03:57:15.424+0000] {logging_mixin.py:150} INFO - [2026-09-17T03:57:15.424+0000] {dagbag.py:541} INFO - Filling up the DagBag from /workspaces/hands-on-introduction-data-engineering-4395021/airflow/dags/extract_dag.py
[2026-09-17T03:57:15.433+0000] {processor.py:836} INFO - DAG(s) dict_keys(['extract_dag']) retrieved from /workspaces/hands-on-introduction-data-engineering-4395021/airflow/dags/extract_dag.py
[2026-09-17T03:57:15.451+0000] {logging_mixin.py:150} INFO - [2026-09-17T03:57:15.450+0000] {dag.py:2742} INFO - Sync 1 DAGs
[2026-09-17T03:57:15.465+0000] {logging_mixin.py:150} INFO - [2026-09-17T03:57:15.465+0000] {dag.py:3504} INFO - Setting next_dagrun for extract_dag to None, run_after=None
[2026-09-17T03:57:15.480+0000] {processor.py:179} INFO - Processing /workspaces/hands-on-introduction-data-engineering-4395021/airflow/dags/extract_dag.py took 0.060 seconds
[2026-09-17T03:57:45.585+0000] {processor.py:157} INFO - Started process (PID=92838) to work on /workspaces/hands-on-introduction-data-engineering-4395021/airflow/dags/extract_dag.py
[2026-09-17T03:57:45.586+0000] {processor.py:826} INFO - Processing file /workspaces/hands-on-introduction-data-engineering-4395021/airflow/dags/extract_dag.py for tasks to queue
[2026-09-17T03:57:45.587+0000] {logging_mixin.py:150} INFO - [2026-09-17T03:57:45.586+0000] {dagbag.py:541} INFO - Filling up the DagBag from /workspaces/hands-on-introduction-data-engineering-4395021/airflow/dags/extract_dag.py
[2026-09-17T03:57:45.595+0000] {processor.py:836} INFO - DAG(s) dict_keys(['extract_dag']) retrieved from /workspaces/hands-on-introduction-data-engineering-4395021/airflow/dags/extract_dag.py
[2026-09-17T03:57:45.612+0000] {logging_mixin.py:150} INFO - [2026-09-17T03:57:45.611+0000] {dag.py:2742} INFO - Sync 1 DAGs
[2026-09-17T03:57:45.626+0000] {logging_mixin.py:150} INFO - [2026-09-17T03:57:45.626+0000] {dag.py:3504} INFO - Setting next_dagrun for extract_dag to None, run_after=None
[2026-09-17T03:57:45.640+0000] {processor.py:179} INFO - Processing /workspaces/hands-on-introduction-data-engineering-4395021/airflow/dags/extract_dag.py took 0.057 seconds
[2026-09-17T03:58:15.748+0000] {processor.py:157} INFO - Started process (PID=93013) to work on /workspaces/hands-on-introduction-data-engineering-4395021/airflow/dags/extract_dag.py
[2026-09-17T03:58:15.749+0000] {processor.py:826} INFO - Processing file /workspaces/hands-on-introduction-data-engineering-4395021/airflow/dags/extract_dag.py for tasks to queue
[2026-09-17T03:58:15.749+0000] {logging_mixin.py:150} INFO - [2026-09-17T03:58:15.749+0000] {dagbag.py:541} INFO - Filling up the DagBag from /workspaces/hands-on-introduction-data-engineering-4395021/airflow/dags/extract_dag.py
[2026-09-17T03:58:15.758+0000] {processor.py:836} INFO - DAG(s) dict_keys(['extract_dag']) retrieved from /workspaces/hands-on-introduction-data-engineering-4395021/airflow/dags/extract_dag.py
[2026-09-17T03:58:15.774+0000] {logging_mixin.py:150} INFO - [2026-09-17T03:58:15.774+0000] {dag.py:2742} INFO - Sync 1 DAGs
[2026-09-17T03:58:15.789+0000] {logging_mixin.py:150} INFO - [2026-09-17T03:58:15.789+0000] {dag.py:3504} INFO - Setting next_dagrun for extract_dag to None, run_after=None
[2026-09-17T03:58:15.804+0000] {processor.py:179} INFO - Processing /workspaces/hands-on-introduction-data-engineering-4395021/airflow/dags/extract_dag.py took 0.059 seconds
[2026-09-17T03:58:45.910+0000] {processor.py:157} INFO - Started process (PID=93175) to work on /workspaces/hands-on-introduction-data-engineering-4395021/airflow/dags/extract_dag.py
[2026-09-17T03:58:45.911+0000] {processor.py:826} INFO - Processing file /workspaces/hands-on-introduction-data-engineering-4395021/airflow/dags/extract_dag.py for tasks to queue
[2026-09-17T03:58:45.911+0000] {logging_mixin.py:150} INFO - [2026-09-17T03:58:45.911+0000] {dagbag.py:541} INFO - Filling up the DagBag from /workspaces/hands-on-introduction-data-engineering-4395021/airflow/dags/extract_dag.py
[2026-09-17T03:58:45.920+0000] {processor.py:836} INFO - DAG(s) dict_keys(['extract_dag']) retrieved from /workspaces/hands-on-introduction-data-engineering-4395021/airflow/dags/extract_dag.py
[2026-09-17T03:58:45.936+0000] {logging_mixin.py:150} INFO - [2026-09-17T03:58:45.936+0000] {dag.py:2742} INFO - Sync 1 DAGs
[2026-09-17T03:58:45.950+0000] {logging_mixin.py:150} INFO - [2026-09-17T03:58:45.950+0000] {dag.py:3504} INFO - Setting next_dagrun for extract_dag to None, run_after=None
[2026-09-17T03:58:45.966+0000] {processor.py:179} INFO - Processing /workspaces/hands-on-introduction-data-engineering-4395021/airflow/dags/extract_dag.py took 0.058 seconds
[2026-09-17T03:59:16.073+0000] {processor.py:157} INFO - Started process (PID=93349) to work on /workspaces/hands-on-introduction-data-engineering-4395021/airflow/dags/extract_dag.py
[2026-09-17T03:59:16.073+0000] {processor.py:826} INFO - Processing file /workspaces/hands-on-introduction-data-engineering-4395021/airflow/dags/extract_dag.py for tasks to queue
[2026-09-17T03:59:16.074+0000] {logging_mixin.py:150} INFO - [2026-09-17T03:59:16.074+0000] {dagbag.py:541} INFO - Filling up the DagBag from /workspaces/hands-on-introduction-data-engineering-4395021/airflow/dags/extract_dag.py
[2026-09-17T03:59:16.083+0000] {processor.py:836} INFO - DAG(s) dict_keys(['extract_dag']) retrieved from /workspaces/hands-on-introduction-data-engineering-4395021/airflow/dags/extract_dag.py
[2026-09-17T03:59:16.099+0000] {logging_mixin.py:150} INFO - [2026-09-17T03:59:16.099+0000] {dag.py:2742} INFO - Sync 1 DAGs
[2026-09-17T03:59:16.114+0000] {logging_mixin.py:150} INFO - [2026-09-17T03:59:16.114+0000] {dag.py:3504} INFO - Setting next_dagrun for extract_dag to None, run_after=None
[2026-09-17T03:59:16.128+0000] {processor.py:179} INFO - Processing /workspaces/hands-on-introduction-data-engineering-4395021/airflow/dags/extract_dag.py took 0.058 seconds
[2026-09-17T03:59:46.234+0000] {processor.py:157} INFO - Started process (PID=93512) to work on /workspaces/hands-on-introduction-data-engineering-4395021/airflow/dags/extract_dag.py
[2026-09-17T03:59:46.235+0000] {processor.py:826} INFO - Processing file /workspaces/hands-on-introduction-data-engineering-4395021/airflow/dags/extract_dag.py for tasks to queue
[2026-09-17T03:59:46.235+0000] {logging_mixin.py:150} INFO - [2026-09-17T03:59:46.235+0000] {dagbag.py:541} INFO - Filling up the DagBag from /workspaces/hands-on-introduction-data-engineering-4395021/airflow/dags/extract_dag.py
[2026-09-17T03:59:46.243+0000] {processor.py:836} INFO - DAG(s) dict_keys(['extract_dag']) retrieved from /workspaces/hands-on-introduction-data-engineering-4395021/airflow/dags/extract_dag.py
[2026-09-17T03:59:46.265+0000] {logging_mixin.py:150} INFO - [2026-09-17T03:59:46.264+0000] {dag.py:2742} INFO - Sync 1 DAGs
[2026-09-17T03:59:46.280+0000] {logging_mixin.py:150} INFO - [2026-09-17T03:59:46.280+0000] {dag.py:3504} INFO - Setting next_dagrun for extract_dag to None, run_after=None
[2026-09-17T03:59:46.295+0000] {processor.py:179} INFO - Processing /workspaces/hands-on-introduction-data-engineering-4395021/airflow/dags/extract_dag.py took 0.063 seconds
[2026-09-17T04:00:16.397+0000] {processor.py:157} INFO - Started process (PID=93688) to work on /workspaces/hands-on-introduction-data-engineering-4395021/airflow/dags/extract_dag.py
[2026-09-17T04:00:16.398+0000] {processor.py:826} INFO - Processing file /workspaces/hands-on-introduction-data-engineering-4395021/airflow/dags/extract_dag.py for tasks to queue
[2026-09-17T04:00:16.399+0000] {logging_mixin.py:150} INFO - [2026-09-17T04:00:16.398+0000] {dagbag.py:541} INFO - Filling up the DagBag from /workspaces/hands-on-introduction-data-engineering-4395021/airflow/dags/extract_dag.py
[2026-09-17T04:00:16.407+0000] {processor.py:836} INFO - DAG(s) dict_keys(['extract_dag']) retrieved from /workspaces/hands-on-introduction-data-engineering-4395021/airflow/dags/extract_dag.py
[2026-09-17T04:00:16.423+0000] {logging_mixin.py:150} INFO - [2026-09-17T04:00:16.422+0000] {dag.py:2742} INFO - Sync 1 DAGs
[2026-09-17T04:00:16.437+0000] {logging_mixin.py:150} INFO - [2026-09-17T04:00:16.437+0000] {dag.py:3504} INFO - Setting next_dagrun for extract_dag to None, run_after=None
[2026-09-17T04:00:16.453+0000] {processor.py:179} INFO - Processing /workspaces/hands-on-introduction-data-engineering-4395021/airflow/dags/extract_dag.py took 0.059 seconds
[2026-09-17T04:00:46.558+0000] {processor.py:157} INFO - Started process (PID=93852) to work on /workspaces/hands-on-introduction-data-engineering-4395021/airflow/dags/extract_dag.py
[2026-09-17T04:00:46.559+0000] {processor.py:826} INFO - Processing file /workspaces/hands-on-introduction-data-engineering-4395021/airflow/dags/extract_dag.py for tasks to queue
[2026-09-17T04:00:46.560+0000] {logging_mixin.py:150} INFO - [2026-09-17T04:00:46.559+0000] {dagbag.py:541} INFO - Filling up the DagBag from /workspaces/hands-on-introduction-data-engineering-4395021/airflow/dags/extract_dag.py
[2026-09-17T04:00:46.568+0000] {processor.py:836} INFO - DAG(s) dict_keys(['extract_dag']) retrieved from /workspaces/hands-on-introduction-data-engineering-4395021/airflow/dags/extract_dag.py
[2026-09-17T04:00:46.588+0000] {logging_mixin.py:150} INFO - [2026-09-17T04:00:46.588+0000] {dag.py:2742} INFO - Sync 1 DAGs
[2026-09-17T04:00:46.609+0000] {logging_mixin.py:150} INFO - [2026-09-17T04:00:46.609+0000] {dag.py:3504} INFO - Setting next_dagrun for extract_dag to None, run_after=None
[2026-09-17T04:00:46.630+0000] {processor.py:179} INFO - Processing /workspaces/hands-on-introduction-data-engineering-4395021/airflow/dags/extract_dag.py took 0.075 seconds
[2026-09-17T04:01:16.726+0000] {processor.py:157} INFO - Started process (PID=94026) to work on /workspaces/hands-on-introduction-data-engineering-4395021/airflow/dags/extract_dag.py
[2026-09-17T04:01:16.726+0000] {processor.py:826} INFO - Processing file /workspaces/hands-on-introduction-data-engineering-4395021/airflow/dags/extract_dag.py for tasks to queue
[2026-09-17T04:01:16.727+0000] {logging_mixin.py:150} INFO - [2026-09-17T04:01:16.727+0000] {dagbag.py:541} INFO - Filling up the DagBag from /workspaces/hands-on-introduction-data-engineering-4395021/airflow/dags/extract_dag.py
[2026-09-17T04:01:16.735+0000] {processor.py:836} INFO - DAG(s) dict_keys(['extract_dag']) retrieved from /workspaces/hands-on-introduction-data-engineering-4395021/airflow/dags/extract_dag.py
[2026-09-17T04:01:16.752+0000] {logging_mixin.py:150} INFO - [2026-09-17T04:01:16.752+0000] {dag.py:2742} INFO - Sync 1 DAGs
[2026-09-17T04:01:16.766+0000] {logging_mixin.py:150} INFO - [2026-09-17T04:01:16.766+0000] {dag.py:3504} INFO - Setting next_dagrun for extract_dag to None, run_after=None
[2026-09-17T04:01:16.780+0000] {processor.py:179} INFO - Processing /workspaces/hands-on-introduction-data-engineering-4395021/airflow/dags/extract_dag.py took 0.058 seconds
[2026-09-17T04:01:46.886+0000] {processor.py:157} INFO - Started process (PID=94195) to work on /workspaces/hands-on-introduction-data-engineering-4395021/airflow/dags/extract_dag.py
[2026-09-17T04:01:46.887+0000] {processor.py:826} INFO - Processing file /workspaces/hands-on-introduction-data-engineering-4395021/airflow/dags/extract_dag.py for tasks to queue
[2026-09-17T04:01:46.887+0000] {logging_mixin.py:150} INFO - [2026-09-17T04:01:46.887+0000] {dagbag.py:541} INFO - Filling up the DagBag from /workspaces/hands-on-introduction-data-engineering-4395021/airflow/dags/extract_dag.py
[2026-09-17T04:01:46.896+0000] {processor.py:836} INFO - DAG(s) dict_keys(['extract_dag']) retrieved from /workspaces/hands-on-introduction-data-engineering-4395021/airflow/dags/extract_dag.py
[2026-09-17T04:01:46.913+0000] {logging_mixin.py:150} INFO - [2026-09-17T04:01:46.912+0000] {dag.py:2742} INFO - Sync 1 DAGs
[2026-09-17T04:01:46.928+0000] {logging_mixin.py:150} INFO - [2026-09-17T04:01:46.927+0000] {dag.py:3504} INFO - Setting next_dagrun for extract_dag to None, run_after=None
[2026-09-17T04:01:46.943+0000] {processor.py:179} INFO - Processing /workspaces/hands-on-introduction-data-engineering-4395021/airflow/dags/extract_dag.py took 0.059 seconds
[2026-09-17T04:02:17.048+0000] {processor.py:157} INFO - Started process (PID=94364) to work on /workspaces/hands-on-introduction-data-engineering-4395021/airflow/dags/extract_dag.py
[2026-09-17T04:02:17.049+0000] {processor.py:826} INFO - Processing file /workspaces/hands-on-introduction-data-engineering-4395021/airflow/dags/extract_dag.py for tasks to queue
[2026-09-17T04:02:17.049+0000] {logging_mixin.py:150} INFO - [2026-09-17T04:02:17.049+0000] {dagbag.py:541} INFO - Filling up the DagBag from /workspaces/hands-on-introduction-data-engineering-4395021/airflow/dags/extract_dag.py
[2026-09-17T04:02:17.058+0000] {processor.py:836} INFO - DAG(s) dict_keys(['extract_dag']) retrieved from /workspaces/hands-on-introduction-data-engineering-4395021/airflow/dags/extract_dag.py
[2026-09-17T04:02:17.074+0000] {logging_mixin.py:150} INFO - [2026-09-17T04:02:17.073+0000] {dag.py:2742} INFO - Sync 1 DAGs
[2026-09-17T04:02:17.088+0000] {logging_mixin.py:150} INFO - [2026-09-17T04:02:17.088+0000] {dag.py:3504} INFO - Setting next_dagrun for extract_dag to None, run_after=None
[2026-09-17T04:02:17.103+0000] {processor.py:179} INFO - Processing /workspaces/hands-on-introduction-data-engineering-4395021/airflow/dags/extract_dag.py took 0.057 seconds
[2026-09-17T04:02:47.210+0000] {processor.py:157} INFO - Started process (PID=94577) to work on /workspaces/hands-on-introduction-data-engineering-4395021/airflow/dags/extract_dag.py
[2026-09-17T04:02:47.211+0000] {processor.py:826} INFO - Processing file /workspaces/hands-on-introduction-data-engineering-4395021/airflow/dags/extract_dag.py for tasks to queue
[2026-09-17T04:02:47.212+0000] {logging_mixin.py:150} INFO - [2026-09-17T04:02:47.211+0000] {dagbag.py:541} INFO - Filling up the DagBag from /workspaces/hands-on-introduction-data-engineering-4395021/airflow/dags/extract_dag.py
[2026-09-17T04:02:47.220+0000] {processor.py:836} INFO - DAG(s) dict_keys(['extract_dag']) retrieved from /workspaces/hands-on-introduction-data-engineering-4395021/airflow/dags/extract_dag.py
[2026-09-17T04:02:47.236+0000] {logging_mixin.py:150} INFO - [2026-09-17T04:02:47.235+0000] {dag.py:2742} INFO - Sync 1 DAGs
[2026-09-17T04:02:47.249+0000] {logging_mixin.py:150} INFO - [2026-09-17T04:02:47.249+0000] {dag.py:3504} INFO - Setting next_dagrun for extract_dag to None, run_after=None
[2026-09-17T04:02:47.265+0000] {processor.py:179} INFO - Processing /workspaces/hands-on-introduction-data-engineering-4395021/airflow/dags/extract_dag.py took 0.057 seconds
[2026-09-17T04:03:17.371+0000] {processor.py:157} INFO - Started process (PID=94746) to work on /workspaces/hands-on-introduction-data-engineering-4395021/airflow/dags/extract_dag.py
[2026-09-17T04:03:17.372+0000] {processor.py:826} INFO - Processing file /workspaces/hands-on-introduction-data-engineering-4395021/airflow/dags/extract_dag.py for tasks to queue
[2026-09-17T04:03:17.373+0000] {logging_mixin.py:150} INFO - [2026-09-17T04:03:17.372+0000] {dagbag.py:541} INFO - Filling up the DagBag from /workspaces/hands-on-introduction-data-engineering-4395021/airflow/dags/extract_dag.py
[2026-09-17T04:03:17.381+0000] {processor.py:836} INFO - DAG(s) dict_keys(['extract_dag']) retrieved from /workspaces/hands-on-introduction-data-engineering-4395021/airflow/dags/extract_dag.py
[2026-09-17T04:03:17.397+0000] {logging_mixin.py:150} INFO - [2026-09-17T04:03:17.397+0000] {dag.py:2742} INFO - Sync 1 DAGs
[2026-09-17T04:03:17.412+0000] {logging_mixin.py:150} INFO - [2026-09-17T04:03:17.412+0000] {dag.py:3504} INFO - Setting next_dagrun for extract_dag to None, run_after=None
[2026-09-17T04:03:17.427+0000] {processor.py:179} INFO - Processing /workspaces/hands-on-introduction-data-engineering-4395021/airflow/dags/extract_dag.py took 0.058 seconds
[2026-09-17T04:03:47.554+0000] {processor.py:157} INFO - Started process (PID=94914) to work on /workspaces/hands-on-introduction-data-engineering-4395021/airflow/dags/extract_dag.py
[2026-09-17T04:03:47.555+0000] {processor.py:826} INFO - Processing file /workspaces/hands-on-introduction-data-engineering-4395021/airflow/dags/extract_dag.py for tasks to queue
[2026-09-17T04:03:47.555+0000] {logging_mixin.py:150} INFO - [2026-09-17T04:03:47.555+0000] {dagbag.py:541} INFO - Filling up the DagBag from /workspaces/hands-on-introduction-data-engineering-4395021/airflow/dags/extract_dag.py
[2026-09-17T04:03:47.563+0000] {processor.py:836} INFO - DAG(s) dict_keys(['extract_dag']) retrieved from /workspaces/hands-on-introduction-data-engineering-4395021/airflow/dags/extract_dag.py
[2026-09-17T04:03:47.579+0000] {logging_mixin.py:150} INFO - [2026-09-17T04:03:47.579+0000] {dag.py:2742} INFO - Sync 1 DAGs
[2026-09-17T04:03:47.594+0000] {logging_mixin.py:150} INFO - [2026-09-17T04:03:47.594+0000] {dag.py:3504} INFO - Setting next_dagrun for extract_dag to None, run_after=None
[2026-09-17T04:03:47.609+0000] {processor.py:179} INFO - Processing /workspaces/hands-on-introduction-data-engineering-4395021/airflow/dags/extract_dag.py took 0.057 seconds
[2026-09-17T04:04:17.715+0000] {processor.py:157} INFO - Started process (PID=95083) to work on /workspaces/hands-on-introduction-data-engineering-4395021/airflow/dags/extract_dag.py
[2026-09-17T04:04:17.715+0000] {processor.py:826} INFO - Processing file /workspaces/hands-on-introduction-data-engineering-4395021/airflow/dags/extract_dag.py for tasks to queue
[2026-09-17T04:04:17.716+0000] {logging_mixin.py:150} INFO - [2026-09-17T04:04:17.716+0000] {dagbag.py:541} INFO - Filling up the DagBag from /workspaces/hands-on-introduction-data-engineering-4395021/airflow/dags/extract_dag.py
[2026-09-17T04:04:17.724+0000] {processor.py:836} INFO - DAG(s) dict_keys(['extract_dag']) retrieved from /workspaces/hands-on-introduction-data-engineering-4395021/airflow/dags/extract_dag.py
[2026-09-17T04:04:17.740+0000] {logging_mixin.py:150} INFO - [2026-09-17T04:04:17.740+0000] {dag.py:2742} INFO - Sync 1 DAGs
[2026-09-17T04:04:17.755+0000] {logging_mixin.py:150} INFO - [2026-09-17T04:04:17.755+0000] {dag.py:3504} INFO - Setting next_dagrun for extract_dag to None, run_after=None
[2026-09-17T04:04:17.770+0000] {processor.py:179} INFO - Processing /workspaces/hands-on-introduction-data-engineering-4395021/airflow/dags/extract_dag.py took 0.057 seconds
[2026-09-17T04:04:47.876+0000] {processor.py:157} INFO - Started process (PID=95252) to work on /workspaces/hands-on-introduction-data-engineering-4395021/airflow/dags/extract_dag.py
[2026-09-17T04:04:47.876+0000] {processor.py:826} INFO - Processing file /workspaces/hands-on-introduction-data-engineering-4395021/airflow/dags/extract_dag.py for tasks to queue
[2026-09-17T04:04:47.877+0000] {logging_mixin.py:150} INFO - [2026-09-17T04:04:47.877+0000] {dagbag.py:541} INFO - Filling up the DagBag from /workspaces/hands-on-introduction-data-engineering-4395021/airflow/dags/extract_dag.py
[2026-09-17T04:04:47.885+0000] {processor.py:836} INFO - DAG(s) dict_keys(['extract_dag']) retrieved from /workspaces/hands-on-introduction-data-engineering-4395021/airflow/dags/extract_dag.py
[2026-09-17T04:04:47.907+0000] {logging_mixin.py:150} INFO - [2026-09-17T04:04:47.907+0000] {dag.py:2742} INFO - Sync 1 DAGs
[2026-09-17T04:04:47.931+0000] {logging_mixin.py:150} INFO - [2026-09-17T04:04:47.930+0000] {dag.py:3504} INFO - Setting next_dagrun for extract_dag to None, run_after=None
[2026-09-17T04:04:47.965+0000] {processor.py:179} INFO - Processing /workspaces/hands-on-introduction-data-engineering-4395021/airflow/dags/extract_dag.py took 0.091 seconds
[2026-09-17T04:05:18.043+0000] {processor.py:157} INFO - Started process (PID=95421) to work on /workspaces/hands-on-introduction-data-engineering-4395021/airflow/dags/extract_dag.py
[2026-09-17T04:05:18.044+0000] {processor.py:826} INFO - Processing file /workspaces/hands-on-introduction-data-engineering-4395021/airflow/dags/extract_dag.py for tasks to queue
[2026-09-17T04:05:18.044+0000] {logging_mixin.py:150} INFO - [2026-09-17T04:05:18.044+0000] {dagbag.py:541} INFO - Filling up the DagBag from /workspaces/hands-on-introduction-data-engineering-4395021/airflow/dags/extract_dag.py
[2026-09-17T04:05:18.053+0000] {processor.py:836} INFO - DAG(s) dict_keys(['extract_dag']) retrieved from /workspaces/hands-on-introduction-data-engineering-4395021/airflow/dags/extract_dag.py
[2026-09-17T04:05:18.069+0000] {logging_mixin.py:150} INFO - [2026-09-17T04:05:18.069+0000] {dag.py:2742} INFO - Sync 1 DAGs
[2026-09-17T04:05:18.083+0000] {logging_mixin.py:150} INFO - [2026-09-17T04:05:18.083+0000] {dag.py:3504} INFO - Setting next_dagrun for extract_dag to None, run_after=None
[2026-09-17T04:05:18.097+0000] {processor.py:179} INFO - Processing /workspaces/hands-on-introduction-data-engineering-4395021/airflow/dags/extract_dag.py took 0.057 seconds
[2026-09-17T04:05:48.212+0000] {processor.py:157} INFO - Started process (PID=95588) to work on /workspaces/hands-on-introduction-data-engineering-4395021/airflow/dags/extract_dag.py
[2026-09-17T04:05:48.213+0000] {processor.py:826} INFO - Processing file /workspaces/hands-on-introduction-data-engineering-4395021/airflow/dags/extract_dag.py for tasks to queue
[2026-09-17T04:05:48.214+0000] {logging_mixin.py:150} INFO - [2026-09-17T04:05:48.213+0000] {dagbag.py:541} INFO - Filling up the DagBag from /workspaces/hands-on-introduction-data-engineering-4395021/airflow/dags/extract_dag.py
[2026-09-17T04:05:48.227+0000] {processor.py:836} INFO - DAG(s) dict_keys(['extract_dag']) retrieved from /workspaces/hands-on-introduction-data-engineering-4395021/airflow/dags/extract_dag.py
[2026-09-17T04:05:48.244+0000] {logging_mixin.py:150} INFO - [2026-09-17T04:05:48.244+0000] {dag.py:2742} INFO - Sync 1 DAGs
[2026-09-17T04:05:48.259+0000] {logging_mixin.py:150} INFO - [2026-09-17T04:05:48.258+0000] {dag.py:3504} INFO - Setting next_dagrun for extract_dag to None, run_after=None
[2026-09-17T04:05:48.274+0000] {processor.py:179} INFO - Processing /workspaces/hands-on-introduction-data-engineering-4395021/airflow/dags/extract_dag.py took 0.066 seconds
[2026-09-17T04:06:18.363+0000] {processor.py:157} INFO - Started process (PID=95751) to work on /workspaces/hands-on-introduction-data-engineering-4395021/airflow/dags/extract_dag.py
[2026-09-17T04:06:18.364+0000] {processor.py:826} INFO - Processing file /workspaces/hands-on-introduction-data-engineering-4395021/airflow/dags/extract_dag.py for tasks to queue
[2026-09-17T04:06:18.365+0000] {logging_mixin.py:150} INFO - [2026-09-17T04:06:18.364+0000] {dagbag.py:541} INFO - Filling up the DagBag from /workspaces/hands-on-introduction-data-engineering-4395021/airflow/dags/extract_dag.py
[2026-09-17T04:06:18.378+0000] {processor.py:836} INFO - DAG(s) dict_keys(['extract_dag']) retrieved from /workspaces/hands-on-introduction-data-engineering-4395021/airflow/dags/extract_dag.py
[2026-09-17T04:06:18.404+0000] {logging_mixin.py:150} INFO - [2026-09-17T04:06:18.404+0000] {dag.py:2742} INFO - Sync 1 DAGs
[2026-09-17T04:06:18.430+0000] {logging_mixin.py:150} INFO - [2026-09-17T04:06:18.430+0000] {dag.py:3504} INFO - Setting next_dagrun for extract_dag to None, run_after=None
[2026-09-17T04:06:18.446+0000] {processor.py:179} INFO - Processing /workspaces/hands-on-introduction-data-engineering-4395021/airflow/dags/extract_dag.py took 0.087 seconds
[2026-09-17T04:06:48.524+0000] {processor.py:157} INFO - Started process (PID=95921) to work on /workspaces/hands-on-introduction-data-engineering-4395021/airflow/dags/extract_dag.py
[2026-09-17T04:06:48.525+0000] {processor.py:826} INFO - Processing file /workspaces/hands-on-introduction-data-engineering-4395021/airflow/dags/extract_dag.py for tasks to queue
[2026-09-17T04:06:48.525+0000] {logging_mixin.py:150} INFO - [2026-09-17T04:06:48.525+0000] {dagbag.py:541} INFO - Filling up the DagBag from /workspaces/hands-on-introduction-data-engineering-4395021/airflow/dags/extract_dag.py
[2026-09-17T04:06:48.534+0000] {processor.py:836} INFO - DAG(s) dict_keys(['extract_dag']) retrieved from /workspaces/hands-on-introduction-data-engineering-4395021/airflow/dags/extract_dag.py
[2026-09-17T04:06:48.550+0000] {logging_mixin.py:150} INFO - [2026-09-17T04:06:48.550+0000] {dag.py:2742} INFO - Sync 1 DAGs
[2026-09-17T04:06:48.566+0000] {logging_mixin.py:150} INFO - [2026-09-17T04:06:48.566+0000] {dag.py:3504} INFO - Setting next_dagrun for extract_dag to None, run_after=None
[2026-09-17T04:06:48.588+0000] {processor.py:179} INFO - Processing /workspaces/hands-on-introduction-data-engineering-4395021/airflow/dags/extract_dag.py took 0.066 seconds
[2026-09-17T04:07:18.694+0000] {processor.py:157} INFO - Started process (PID=96096) to work on /workspaces/hands-on-introduction-data-engineering-4395021/airflow/dags/extract_dag.py
[2026-09-17T04:07:18.695+0000] {processor.py:826} INFO - Processing file /workspaces/hands-on-introduction-data-engineering-4395021/airflow/dags/extract_dag.py for tasks to queue
[2026-09-17T04:07:18.696+0000] {logging_mixin.py:150} INFO - [2026-09-17T04:07:18.695+0000] {dagbag.py:541} INFO - Filling up the DagBag from /workspaces/hands-on-introduction-data-engineering-4395021/airflow/dags/extract_dag.py
[2026-09-17T04:07:18.704+0000] {processor.py:836} INFO - DAG(s) dict_keys(['extract_dag']) retrieved from /workspaces/hands-on-introduction-data-engineering-4395021/airflow/dags/extract_dag.py
[2026-09-17T04:07:18.720+0000] {logging_mixin.py:150} INFO - [2026-09-17T04:07:18.720+0000] {dag.py:2742} INFO - Sync 1 DAGs
[2026-09-17T04:07:18.735+0000] {logging_mixin.py:150} INFO - [2026-09-17T04:07:18.735+0000] {dag.py:3504} INFO - Setting next_dagrun for extract_dag to None, run_after=None
[2026-09-17T04:07:18.750+0000] {processor.py:179} INFO - Processing /workspaces/hands-on-introduction-data-engineering-4395021/airflow/dags/extract_dag.py took 0.058 seconds
[2026-09-17T04:07:48.872+0000] {processor.py:157} INFO - Started process (PID=96304) to work on /workspaces/hands-on-introduction-data-engineering-4395021/airflow/dags/extract_dag.py
[2026-09-17T04:07:48.873+0000] {processor.py:826} INFO - Processing file /workspaces/hands-on-introduction-data-engineering-4395021/airflow/dags/extract_dag.py for tasks to queue
[2026-09-17T04:07:48.874+0000] {logging_mixin.py:150} INFO - [2026-09-17T04:07:48.873+0000] {dagbag.py:541} INFO - Filling up the DagBag from /workspaces/hands-on-introduction-data-engineering-4395021/airflow/dags/extract_dag.py
[2026-09-17T04:07:48.885+0000] {processor.py:836} INFO - DAG(s) dict_keys(['extract_dag']) retrieved from /workspaces/hands-on-introduction-data-engineering-4395021/airflow/dags/extract_dag.py
[2026-09-17T04:07:48.905+0000] {logging_mixin.py:150} INFO - [2026-09-17T04:07:48.905+0000] {dag.py:2742} INFO - Sync 1 DAGs
[2026-09-17T04:07:48.924+0000] {logging_mixin.py:150} INFO - [2026-09-17T04:07:48.924+0000] {dag.py:3504} INFO - Setting next_dagrun for extract_dag to None, run_after=None
[2026-09-17T04:07:48.943+0000] {processor.py:179} INFO - Processing /workspaces/hands-on-introduction-data-engineering-4395021/airflow/dags/extract_dag.py took 0.074 seconds
[2026-09-17T04:08:19.043+0000] {processor.py:157} INFO - Started process (PID=96478) to work on /workspaces/hands-on-introduction-data-engineering-4395021/airflow/dags/extract_dag.py
[2026-09-17T04:08:19.043+0000] {processor.py:826} INFO - Processing file /workspaces/hands-on-introduction-data-engineering-4395021/airflow/dags/extract_dag.py for tasks to queue
[2026-09-17T04:08:19.044+0000] {logging_mixin.py:150} INFO - [2026-09-17T04:08:19.044+0000] {dagbag.py:541} INFO - Filling up the DagBag from /workspaces/hands-on-introduction-data-engineering-4395021/airflow/dags/extract_dag.py
[2026-09-17T04:08:19.052+0000] {processor.py:836} INFO - DAG(s) dict_keys(['extract_dag']) retrieved from /workspaces/hands-on-introduction-data-engineering-4395021/airflow/dags/extract_dag.py
[2026-09-17T04:08:19.068+0000] {logging_mixin.py:150} INFO - [2026-09-17T04:08:19.068+0000] {dag.py:2742} INFO - Sync 1 DAGs
[2026-09-17T04:08:19.083+0000] {logging_mixin.py:150} INFO - [2026-09-17T04:08:19.082+0000] {dag.py:3504} INFO - Setting next_dagrun for extract_dag to None, run_after=None
[2026-09-17T04:08:19.097+0000] {processor.py:179} INFO - Processing /workspaces/hands-on-introduction-data-engineering-4395021/airflow/dags/extract_dag.py took 0.057 seconds
[2026-09-17T04:08:49.209+0000] {processor.py:157} INFO - Started process (PID=96641) to work on /workspaces/hands-on-introduction-data-engineering-4395021/airflow/dags/extract_dag.py
[2026-09-17T04:08:49.209+0000] {processor.py:826} INFO - Processing file /workspaces/hands-on-introduction-data-engineering-4395021/airflow/dags/extract_dag.py for tasks to queue
[2026-09-17T04:08:49.210+0000] {logging_mixin.py:150} INFO - [2026-09-17T04:08:49.210+0000] {dagbag.py:541} INFO - Filling up the DagBag from /workspaces/hands-on-introduction-data-engineering-4395021/airflow/dags/extract_dag.py
[2026-09-17T04:08:49.219+0000] {processor.py:836} INFO - DAG(s) dict_keys(['extract_dag']) retrieved from /workspaces/hands-on-introduction-data-engineering-4395021/airflow/dags/extract_dag.py
[2026-09-17T04:08:49.235+0000] {logging_mixin.py:150} INFO - [2026-09-17T04:08:49.235+0000] {dag.py:2742} INFO - Sync 1 DAGs
[2026-09-17T04:08:49.249+0000] {logging_mixin.py:150} INFO - [2026-09-17T04:08:49.249+0000] {dag.py:3504} INFO - Setting next_dagrun for extract_dag to None, run_after=None
[2026-09-17T04:08:49.264+0000] {processor.py:179} INFO - Processing /workspaces/hands-on-introduction-data-engineering-4395021/airflow/dags/extract_dag.py took 0.058 seconds
[2026-09-17T04:09:19.372+0000] {processor.py:157} INFO - Started process (PID=96816) to work on /workspaces/hands-on-introduction-data-engineering-4395021/airflow/dags/extract_dag.py
[2026-09-17T04:09:19.373+0000] {processor.py:826} INFO - Processing file /workspaces/hands-on-introduction-data-engineering-4395021/airflow/dags/extract_dag.py for tasks to queue
[2026-09-17T04:09:19.373+0000] {logging_mixin.py:150} INFO - [2026-09-17T04:09:19.373+0000] {dagbag.py:541} INFO - Filling up the DagBag from /workspaces/hands-on-introduction-data-engineering-4395021/airflow/dags/extract_dag.py
[2026-09-17T04:09:19.382+0000] {processor.py:836} INFO - DAG(s) dict_keys(['extract_dag']) retrieved from /workspaces/hands-on-introduction-data-engineering-4395021/airflow/dags/extract_dag.py
[2026-09-17T04:09:19.399+0000] {logging_mixin.py:150} INFO - [2026-09-17T04:09:19.398+0000] {dag.py:2742} INFO - Sync 1 DAGs
[2026-09-17T04:09:19.413+0000] {logging_mixin.py:150} INFO - [2026-09-17T04:09:19.413+0000] {dag.py:3504} INFO - Setting next_dagrun for extract_dag to None, run_after=None
[2026-09-17T04:09:19.429+0000] {processor.py:179} INFO - Processing /workspaces/hands-on-introduction-data-engineering-4395021/airflow/dags/extract_dag.py took 0.059 seconds
[2026-09-17T04:09:49.544+0000] {processor.py:157} INFO - Started process (PID=96980) to work on /workspaces/hands-on-introduction-data-engineering-4395021/airflow/dags/extract_dag.py
[2026-09-17T04:09:49.544+0000] {processor.py:826} INFO - Processing file /workspaces/hands-on-introduction-data-engineering-4395021/airflow/dags/extract_dag.py for tasks to queue
[2026-09-17T04:09:49.545+0000] {logging_mixin.py:150} INFO - [2026-09-17T04:09:49.545+0000] {dagbag.py:541} INFO - Filling up the DagBag from /workspaces/hands-on-introduction-data-engineering-4395021/airflow/dags/extract_dag.py
[2026-09-17T04:09:49.554+0000] {processor.py:836} INFO - DAG(s) dict_keys(['extract_dag']) retrieved from /workspaces/hands-on-introduction-data-engineering-4395021/airflow/dags/extract_dag.py
[2026-09-17T04:09:49.571+0000] {logging_mixin.py:150} INFO - [2026-09-17T04:09:49.571+0000] {dag.py:2742} INFO - Sync 1 DAGs
[2026-09-17T04:09:49.585+0000] {logging_mixin.py:150} INFO - [2026-09-17T04:09:49.585+0000] {dag.py:3504} INFO - Setting next_dagrun for extract_dag to None, run_after=None
[2026-09-17T04:09:49.600+0000] {processor.py:179} INFO - Processing /workspaces/hands-on-introduction-data-engineering-4395021/airflow/dags/extract_dag.py took 0.059 seconds
[2026-09-17T04:10:19.706+0000] {processor.py:157} INFO - Started process (PID=97155) to work on /workspaces/hands-on-introduction-data-engineering-4395021/airflow/dags/extract_dag.py
[2026-09-17T04:10:19.707+0000] {processor.py:826} INFO - Processing file /workspaces/hands-on-introduction-data-engineering-4395021/airflow/dags/extract_dag.py for tasks to queue
[2026-09-17T04:10:19.707+0000] {logging_mixin.py:150} INFO - [2026-09-17T04:10:19.707+0000] {dagbag.py:541} INFO - Filling up the DagBag from /workspaces/hands-on-introduction-data-engineering-4395021/airflow/dags/extract_dag.py
[2026-09-17T04:10:19.716+0000] {processor.py:836} INFO - DAG(s) dict_keys(['extract_dag']) retrieved from /workspaces/hands-on-introduction-data-engineering-4395021/airflow/dags/extract_dag.py
[2026-09-17T04:10:19.731+0000] {logging_mixin.py:150} INFO - [2026-09-17T04:10:19.731+0000] {dag.py:2742} INFO - Sync 1 DAGs
[2026-09-17T04:10:19.746+0000] {logging_mixin.py:150} INFO - [2026-09-17T04:10:19.746+0000] {dag.py:3504} INFO - Setting next_dagrun for extract_dag to None, run_after=None
[2026-09-17T04:10:19.761+0000] {processor.py:179} INFO - Processing /workspaces/hands-on-introduction-data-engineering-4395021/airflow/dags/extract_dag.py took 0.057 seconds
[2026-09-17T04:10:49.867+0000] {processor.py:157} INFO - Started process (PID=97318) to work on /workspaces/hands-on-introduction-data-engineering-4395021/airflow/dags/extract_dag.py
[2026-09-17T04:10:49.868+0000] {processor.py:826} INFO - Processing file /workspaces/hands-on-introduction-data-engineering-4395021/airflow/dags/extract_dag.py for tasks to queue
[2026-09-17T04:10:49.868+0000] {logging_mixin.py:150} INFO - [2026-09-17T04:10:49.868+0000] {dagbag.py:541} INFO - Filling up the DagBag from /workspaces/hands-on-introduction-data-engineering-4395021/airflow/dags/extract_dag.py
[2026-09-17T04:10:49.877+0000] {processor.py:836} INFO - DAG(s) dict_keys(['extract_dag']) retrieved from /workspaces/hands-on-introduction-data-engineering-4395021/airflow/dags/extract_dag.py
[2026-09-17T04:10:49.897+0000] {logging_mixin.py:150} INFO - [2026-09-17T04:10:49.897+0000] {dag.py:2742} INFO - Sync 1 DAGs
[2026-09-17T04:10:49.921+0000] {logging_mixin.py:150} INFO - [2026-09-17T04:10:49.921+0000] {dag.py:3504} INFO - Setting next_dagrun for extract_dag to None, run_after=None
[2026-09-17T04:10:49.943+0000] {processor.py:179} INFO - Processing /workspaces/hands-on-introduction-data-engineering-4395021/airflow/dags/extract_dag.py took 0.078 seconds
[2026-09-17T04:11:20.033+0000] {processor.py:157} INFO - Started process (PID=97493) to work on /workspaces/hands-on-introduction-data-engineering-4395021/airflow/dags/extract_dag.py
[2026-09-17T04:11:20.034+0000] {processor.py:826} INFO - Processing file /workspaces/hands-on-introduction-data-engineering-4395021/airflow/dags/extract_dag.py for tasks to queue
[2026-09-17T04:11:20.035+0000] {logging_mixin.py:150} INFO - [2026-09-17T04:11:20.035+0000] {dagbag.py:541} INFO - Filling up the DagBag from /workspaces/hands-on-introduction-data-engineering-4395021/airflow/dags/extract_dag.py
[2026-09-17T04:11:20.043+0000] {processor.py:836} INFO - DAG(s) dict_keys(['extract_dag']) retrieved from /workspaces/hands-on-introduction-data-engineering-4395021/airflow/dags/extract_dag.py
[2026-09-17T04:11:20.059+0000] {logging_mixin.py:150} INFO - [2026-09-17T04:11:20.059+0000] {dag.py:2742} INFO - Sync 1 DAGs
[2026-09-17T04:11:20.073+0000] {logging_mixin.py:150} INFO - [2026-09-17T04:11:20.073+0000] {dag.py:3504} INFO - Setting next_dagrun for extract_dag to None, run_after=None
[2026-09-17T04:11:20.088+0000] {processor.py:179} INFO - Processing /workspaces/hands-on-introduction-data-engineering-4395021/airflow/dags/extract_dag.py took 0.057 seconds
[2026-09-17T04:11:50.201+0000] {processor.py:157} INFO - Started process (PID=97662) to work on /workspaces/hands-on-introduction-data-engineering-4395021/airflow/dags/extract_dag.py
[2026-09-17T04:11:50.201+0000] {processor.py:826} INFO - Processing file /workspaces/hands-on-introduction-data-engineering-4395021/airflow/dags/extract_dag.py for tasks to queue
[2026-09-17T04:11:50.202+0000] {logging_mixin.py:150} INFO - [2026-09-17T04:11:50.202+0000] {dagbag.py:541} INFO - Filling up the DagBag from /workspaces/hands-on-introduction-data-engineering-4395021/airflow/dags/extract_dag.py
[2026-09-17T04:11:50.210+0000] {processor.py:836} INFO - DAG(s) dict_keys(['extract_dag']) retrieved from /workspaces/hands-on-introduction-data-engineering-4395021/airflow/dags/extract_dag.py
[2026-09-17T04:11:50.227+0000] {logging_mixin.py:150} INFO - [2026-09-17T04:11:50.227+0000] {dag.py:2742} INFO - Sync 1 DAGs
[2026-09-17T04:11:50.243+0000] {logging_mixin.py:150} INFO - [2026-09-17T04:11:50.243+0000] {dag.py:3504} INFO - Setting next_dagrun for extract_dag to None, run_after=None
[2026-09-17T04:11:50.258+0000] {processor.py:179} INFO - Processing /workspaces/hands-on-introduction-data-engineering-4395021/airflow/dags/extract_dag.py took 0.060 seconds
[2026-09-17T04:12:20.362+0000] {processor.py:157} INFO - Started process (PID=97850) to work on /workspaces/hands-on-introduction-data-engineering-4395021/airflow/dags/extract_dag.py
[2026-09-17T04:12:20.362+0000] {processor.py:826} INFO - Processing file /workspaces/hands-on-introduction-data-engineering-4395021/airflow/dags/extract_dag.py for tasks to queue
[2026-09-17T04:12:20.363+0000] {logging_mixin.py:150} INFO - [2026-09-17T04:12:20.363+0000] {dagbag.py:541} INFO - Filling up the DagBag from /workspaces/hands-on-introduction-data-engineering-4395021/airflow/dags/extract_dag.py
[2026-09-17T04:12:20.372+0000] {processor.py:836} INFO - DAG(s) dict_keys(['extract_dag']) retrieved from /workspaces/hands-on-introduction-data-engineering-4395021/airflow/dags/extract_dag.py
[2026-09-17T04:12:20.389+0000] {logging_mixin.py:150} INFO - [2026-09-17T04:12:20.389+0000] {dag.py:2742} INFO - Sync 1 DAGs
[2026-09-17T04:12:20.403+0000] {logging_mixin.py:150} INFO - [2026-09-17T04:12:20.403+0000] {dag.py:3504} INFO - Setting next_dagrun for extract_dag to None, run_after=None
[2026-09-17T04:12:20.418+0000] {processor.py:179} INFO - Processing /workspaces/hands-on-introduction-data-engineering-4395021/airflow/dags/extract_dag.py took 0.058 seconds
[2026-09-17T04:12:50.523+0000] {processor.py:157} INFO - Started process (PID=98043) to work on /workspaces/hands-on-introduction-data-engineering-4395021/airflow/dags/extract_dag.py
[2026-09-17T04:12:50.524+0000] {processor.py:826} INFO - Processing file /workspaces/hands-on-introduction-data-engineering-4395021/airflow/dags/extract_dag.py for tasks to queue
[2026-09-17T04:12:50.524+0000] {logging_mixin.py:150} INFO - [2026-09-17T04:12:50.524+0000] {dagbag.py:541} INFO - Filling up the DagBag from /workspaces/hands-on-introduction-data-engineering-4395021/airflow/dags/extract_dag.py
[2026-09-17T04:12:50.533+0000] {processor.py:836} INFO - DAG(s) dict_keys(['extract_dag']) retrieved from /workspaces/hands-on-introduction-data-engineering-4395021/airflow/dags/extract_dag.py
[2026-09-17T04:12:50.549+0000] {logging_mixin.py:150} INFO - [2026-09-17T04:12:50.549+0000] {dag.py:2742} INFO - Sync 1 DAGs
[2026-09-17T04:12:50.563+0000] {logging_mixin.py:150} INFO - [2026-09-17T04:12:50.563+0000] {dag.py:3504} INFO - Setting next_dagrun for extract_dag to None, run_after=None
[2026-09-17T04:12:50.577+0000] {processor.py:179} INFO - Processing /workspaces/hands-on-introduction-data-engineering-4395021/airflow/dags/extract_dag.py took 0.057 seconds
[2026-09-17T04:13:20.687+0000] {processor.py:157} INFO - Started process (PID=98212) to work on /workspaces/hands-on-introduction-data-engineering-4395021/airflow/dags/extract_dag.py
[2026-09-17T04:13:20.688+0000] {processor.py:826} INFO - Processing file /workspaces/hands-on-introduction-data-engineering-4395021/airflow/dags/extract_dag.py for tasks to queue
[2026-09-17T04:13:20.689+0000] {logging_mixin.py:150} INFO - [2026-09-17T04:13:20.688+0000] {dagbag.py:541} INFO - Filling up the DagBag from /workspaces/hands-on-introduction-data-engineering-4395021/airflow/dags/extract_dag.py
[2026-09-17T04:13:20.697+0000] {processor.py:836} INFO - DAG(s) dict_keys(['extract_dag']) retrieved from /workspaces/hands-on-introduction-data-engineering-4395021/airflow/dags/extract_dag.py
[2026-09-17T04:13:20.714+0000] {logging_mixin.py:150} INFO - [2026-09-17T04:13:20.714+0000] {dag.py:2742} INFO - Sync 1 DAGs
[2026-09-17T04:13:20.728+0000] {logging_mixin.py:150} INFO - [2026-09-17T04:13:20.728+0000] {dag.py:3504} INFO - Setting next_dagrun for extract_dag to None, run_after=None
[2026-09-17T04:13:20.743+0000] {processor.py:179} INFO - Processing /workspaces/hands-on-introduction-data-engineering-4395021/airflow/dags/extract_dag.py took 0.059 seconds
[2026-09-17T04:13:50.850+0000] {processor.py:157} INFO - Started process (PID=98382) to work on /workspaces/hands-on-introduction-data-engineering-4395021/airflow/dags/extract_dag.py
[2026-09-17T04:13:50.851+0000] {processor.py:826} INFO - Processing file /workspaces/hands-on-introduction-data-engineering-4395021/airflow/dags/extract_dag.py for tasks to queue
[2026-09-17T04:13:50.851+0000] {logging_mixin.py:150} INFO - [2026-09-17T04:13:50.851+0000] {dagbag.py:541} INFO - Filling up the DagBag from /workspaces/hands-on-introduction-data-engineering-4395021/airflow/dags/extract_dag.py
[2026-09-17T04:13:50.860+0000] {processor.py:836} INFO - DAG(s) dict_keys(['extract_dag']) retrieved from /workspaces/hands-on-introduction-data-engineering-4395021/airflow/dags/extract_dag.py
[2026-09-17T04:13:50.876+0000] {logging_mixin.py:150} INFO - [2026-09-17T04:13:50.875+0000] {dag.py:2742} INFO - Sync 1 DAGs
[2026-09-17T04:13:50.890+0000] {logging_mixin.py:150} INFO - [2026-09-17T04:13:50.890+0000] {dag.py:3504} INFO - Setting next_dagrun for extract_dag to None, run_after=None
[2026-09-17T04:13:50.907+0000] {processor.py:179} INFO - Processing /workspaces/hands-on-introduction-data-engineering-4395021/airflow/dags/extract_dag.py took 0.059 seconds
[2026-09-17T04:14:21.018+0000] {processor.py:157} INFO - Started process (PID=98552) to work on /workspaces/hands-on-introduction-data-engineering-4395021/airflow/dags/extract_dag.py
[2026-09-17T04:14:21.019+0000] {processor.py:826} INFO - Processing file /workspaces/hands-on-introduction-data-engineering-4395021/airflow/dags/extract_dag.py for tasks to queue
[2026-09-17T04:14:21.020+0000] {logging_mixin.py:150} INFO - [2026-09-17T04:14:21.019+0000] {dagbag.py:541} INFO - Filling up the DagBag from /workspaces/hands-on-introduction-data-engineering-4395021/airflow/dags/extract_dag.py
[2026-09-17T04:14:21.028+0000] {processor.py:836} INFO - DAG(s) dict_keys(['extract_dag']) retrieved from /workspaces/hands-on-introduction-data-engineering-4395021/airflow/dags/extract_dag.py
[2026-09-17T04:14:21.044+0000] {logging_mixin.py:150} INFO - [2026-09-17T04:14:21.044+0000] {dag.py:2742} INFO - Sync 1 DAGs
[2026-09-17T04:14:21.058+0000] {logging_mixin.py:150} INFO - [2026-09-17T04:14:21.058+0000] {dag.py:3504} INFO - Setting next_dagrun for extract_dag to None, run_after=None
[2026-09-17T04:14:21.074+0000] {processor.py:179} INFO - Processing /workspaces/hands-on-introduction-data-engineering-4395021/airflow/dags/extract_dag.py took 0.058 seconds
[2026-09-17T04:14:51.180+0000] {processor.py:157} INFO - Started process (PID=98721) to work on /workspaces/hands-on-introduction-data-engineering-4395021/airflow/dags/extract_dag.py
[2026-09-17T04:14:51.180+0000] {processor.py:826} INFO - Processing file /workspaces/hands-on-introduction-data-engineering-4395021/airflow/dags/extract_dag.py for tasks to queue
[2026-09-17T04:14:51.181+0000] {logging_mixin.py:150} INFO - [2026-09-17T04:14:51.181+0000] {dagbag.py:541} INFO - Filling up the DagBag from /workspaces/hands-on-introduction-data-engineering-4395021/airflow/dags/extract_dag.py
[2026-09-17T04:14:51.189+0000] {processor.py:836} INFO - DAG(s) dict_keys(['extract_dag']) retrieved from /workspaces/hands-on-introduction-data-engineering-4395021/airflow/dags/extract_dag.py
[2026-09-17T04:14:51.205+0000] {logging_mixin.py:150} INFO - [2026-09-17T04:14:51.205+0000] {dag.py:2742} INFO - Sync 1 DAGs
[2026-09-17T04:14:51.220+0000] {logging_mixin.py:150} INFO - [2026-09-17T04:14:51.220+0000] {dag.py:3504} INFO - Setting next_dagrun for extract_dag to None, run_after=None
[2026-09-17T04:14:51.235+0000] {processor.py:179} INFO - Processing /workspaces/hands-on-introduction-data-engineering-4395021/airflow/dags/extract_dag.py took 0.058 seconds
[2026-09-17T04:15:21.342+0000] {processor.py:157} INFO - Started process (PID=98890) to work on /workspaces/hands-on-introduction-data-engineering-4395021/airflow/dags/extract_dag.py
[2026-09-17T04:15:21.343+0000] {processor.py:826} INFO - Processing file /workspaces/hands-on-introduction-data-engineering-4395021/airflow/dags/extract_dag.py for tasks to queue
[2026-09-17T04:15:21.344+0000] {logging_mixin.py:150} INFO - [2026-09-17T04:15:21.344+0000] {dagbag.py:541} INFO - Filling up the DagBag from /workspaces/hands-on-introduction-data-engineering-4395021/airflow/dags/extract_dag.py
[2026-09-17T04:15:21.352+0000] {processor.py:836} INFO - DAG(s) dict_keys(['extract_dag']) retrieved from /workspaces/hands-on-introduction-data-engineering-4395021/airflow/dags/extract_dag.py
[2026-09-17T04:15:21.368+0000] {logging_mixin.py:150} INFO - [2026-09-17T04:15:21.368+0000] {dag.py:2742} INFO - Sync 1 DAGs
[2026-09-17T04:15:21.383+0000] {logging_mixin.py:150} INFO - [2026-09-17T04:15:21.383+0000] {dag.py:3504} INFO - Setting next_dagrun for extract_dag to None, run_after=None
[2026-09-17T04:15:21.397+0000] {processor.py:179} INFO - Processing /workspaces/hands-on-introduction-data-engineering-4395021/airflow/dags/extract_dag.py took 0.057 seconds
[2026-09-17T04:15:51.503+0000] {processor.py:157} INFO - Started process (PID=99059) to work on /workspaces/hands-on-introduction-data-engineering-4395021/airflow/dags/extract_dag.py
[2026-09-17T04:15:51.504+0000] {processor.py:826} INFO - Processing file /workspaces/hands-on-introduction-data-engineering-4395021/airflow/dags/extract_dag.py for tasks to queue
[2026-09-17T04:15:51.504+0000] {logging_mixin.py:150} INFO - [2026-09-17T04:15:51.504+0000] {dagbag.py:541} INFO - Filling up the DagBag from /workspaces/hands-on-introduction-data-engineering-4395021/airflow/dags/extract_dag.py
[2026-09-17T04:15:51.513+0000] {processor.py:836} INFO - DAG(s) dict_keys(['extract_dag']) retrieved from /workspaces/hands-on-introduction-data-engineering-4395021/airflow/dags/extract_dag.py
[2026-09-17T04:15:51.528+0000] {logging_mixin.py:150} INFO - [2026-09-17T04:15:51.528+0000] {dag.py:2742} INFO - Sync 1 DAGs
[2026-09-17T04:15:51.543+0000] {logging_mixin.py:150} INFO - [2026-09-17T04:15:51.543+0000] {dag.py:3504} INFO - Setting next_dagrun for extract_dag to None, run_after=None
[2026-09-17T04:15:51.560+0000] {processor.py:179} INFO - Processing /workspaces/hands-on-introduction-data-engineering-4395021/airflow/dags/extract_dag.py took 0.059 seconds
[2026-09-17T04:16:21.683+0000] {processor.py:157} INFO - Started process (PID=99229) to work on /workspaces/hands-on-introduction-data-engineering-4395021/airflow/dags/extract_dag.py
[2026-09-17T04:16:21.685+0000] {processor.py:826} INFO - Processing file /workspaces/hands-on-introduction-data-engineering-4395021/airflow/dags/extract_dag.py for tasks to queue
[2026-09-17T04:16:21.686+0000] {logging_mixin.py:150} INFO - [2026-09-17T04:16:21.686+0000] {dagbag.py:541} INFO - Filling up the DagBag from /workspaces/hands-on-introduction-data-engineering-4395021/airflow/dags/extract_dag.py
[2026-09-17T04:16:21.698+0000] {processor.py:836} INFO - DAG(s) dict_keys(['extract_dag']) retrieved from /workspaces/hands-on-introduction-data-engineering-4395021/airflow/dags/extract_dag.py
[2026-09-17T04:16:21.722+0000] {logging_mixin.py:150} INFO - [2026-09-17T04:16:21.722+0000] {dag.py:2742} INFO - Sync 1 DAGs
[2026-09-17T04:16:21.741+0000] {logging_mixin.py:150} INFO - [2026-09-17T04:16:21.740+0000] {dag.py:3504} INFO - Setting next_dagrun for extract_dag to None, run_after=None
[2026-09-17T04:16:21.761+0000] {processor.py:179} INFO - Processing /workspaces/hands-on-introduction-data-engineering-4395021/airflow/dags/extract_dag.py took 0.080 seconds
[2026-09-17T04:16:51.843+0000] {processor.py:157} INFO - Started process (PID=99398) to work on /workspaces/hands-on-introduction-data-engineering-4395021/airflow/dags/extract_dag.py
[2026-09-17T04:16:51.844+0000] {processor.py:826} INFO - Processing file /workspaces/hands-on-introduction-data-engineering-4395021/airflow/dags/extract_dag.py for tasks to queue
[2026-09-17T04:16:51.844+0000] {logging_mixin.py:150} INFO - [2026-09-17T04:16:51.844+0000] {dagbag.py:541} INFO - Filling up the DagBag from /workspaces/hands-on-introduction-data-engineering-4395021/airflow/dags/extract_dag.py
[2026-09-17T04:16:51.853+0000] {processor.py:836} INFO - DAG(s) dict_keys(['extract_dag']) retrieved from /workspaces/hands-on-introduction-data-engineering-4395021/airflow/dags/extract_dag.py
[2026-09-17T04:16:51.869+0000] {logging_mixin.py:150} INFO - [2026-09-17T04:16:51.869+0000] {dag.py:2742} INFO - Sync 1 DAGs
[2026-09-17T04:16:51.884+0000] {logging_mixin.py:150} INFO - [2026-09-17T04:16:51.884+0000] {dag.py:3504} INFO - Setting next_dagrun for extract_dag to None, run_after=None
[2026-09-17T04:16:51.899+0000] {processor.py:179} INFO - Processing /workspaces/hands-on-introduction-data-engineering-4395021/airflow/dags/extract_dag.py took 0.058 seconds
[2026-09-17T04:17:22.011+0000] {processor.py:157} INFO - Started process (PID=99618) to work on /workspaces/hands-on-introduction-data-engineering-4395021/airflow/dags/extract_dag.py
[2026-09-17T04:17:22.012+0000] {processor.py:826} INFO - Processing file /workspaces/hands-on-introduction-data-engineering-4395021/airflow/dags/extract_dag.py for tasks to queue
[2026-09-17T04:17:22.012+0000] {logging_mixin.py:150} INFO - [2026-09-17T04:17:22.012+0000] {dagbag.py:541} INFO - Filling up the DagBag from /workspaces/hands-on-introduction-data-engineering-4395021/airflow/dags/extract_dag.py
[2026-09-17T04:17:22.021+0000] {processor.py:836} INFO - DAG(s) dict_keys(['extract_dag']) retrieved from /workspaces/hands-on-introduction-data-engineering-4395021/airflow/dags/extract_dag.py
[2026-09-17T04:17:22.036+0000] {logging_mixin.py:150} INFO - [2026-09-17T04:17:22.036+0000] {dag.py:2742} INFO - Sync 1 DAGs
[2026-09-17T04:17:22.050+0000] {logging_mixin.py:150} INFO - [2026-09-17T04:17:22.050+0000] {dag.py:3504} INFO - Setting next_dagrun for extract_dag to None, run_after=None
[2026-09-17T04:17:22.066+0000] {processor.py:179} INFO - Processing /workspaces/hands-on-introduction-data-engineering-4395021/airflow/dags/extract_dag.py took 0.058 seconds
[2026-09-17T04:17:52.172+0000] {processor.py:157} INFO - Started process (PID=99781) to work on /workspaces/hands-on-introduction-data-engineering-4395021/airflow/dags/extract_dag.py
[2026-09-17T04:17:52.172+0000] {processor.py:826} INFO - Processing file /workspaces/hands-on-introduction-data-engineering-4395021/airflow/dags/extract_dag.py for tasks to queue
[2026-09-17T04:17:52.173+0000] {logging_mixin.py:150} INFO - [2026-09-17T04:17:52.173+0000] {dagbag.py:541} INFO - Filling up the DagBag from /workspaces/hands-on-introduction-data-engineering-4395021/airflow/dags/extract_dag.py
[2026-09-17T04:17:52.181+0000] {processor.py:836} INFO - DAG(s) dict_keys(['extract_dag']) retrieved from /workspaces/hands-on-introduction-data-engineering-4395021/airflow/dags/extract_dag.py
[2026-09-17T04:17:52.197+0000] {logging_mixin.py:150} INFO - [2026-09-17T04:17:52.197+0000] {dag.py:2742} INFO - Sync 1 DAGs
[2026-09-17T04:17:52.211+0000] {logging_mixin.py:150} INFO - [2026-09-17T04:17:52.211+0000] {dag.py:3504} INFO - Setting next_dagrun for extract_dag to None, run_after=None
[2026-09-17T04:17:52.226+0000] {processor.py:179} INFO - Processing /workspaces/hands-on-introduction-data-engineering-4395021/airflow/dags/extract_dag.py took 0.057 seconds
[2026-09-17T04:18:22.330+0000] {processor.py:157} INFO - Started process (PID=99956) to work on /workspaces/hands-on-introduction-data-engineering-4395021/airflow/dags/extract_dag.py
[2026-09-17T04:18:22.331+0000] {processor.py:826} INFO - Processing file /workspaces/hands-on-introduction-data-engineering-4395021/airflow/dags/extract_dag.py for tasks to queue
[2026-09-17T04:18:22.332+0000] {logging_mixin.py:150} INFO - [2026-09-17T04:18:22.332+0000] {dagbag.py:541} INFO - Filling up the DagBag from /workspaces/hands-on-introduction-data-engineering-4395021/airflow/dags/extract_dag.py
[2026-09-17T04:18:22.340+0000] {processor.py:836} INFO - DAG(s) dict_keys(['extract_dag']) retrieved from /workspaces/hands-on-introduction-data-engineering-4395021/airflow/dags/extract_dag.py
[2026-09-17T04:18:22.357+0000] {logging_mixin.py:150} INFO - [2026-09-17T04:18:22.356+0000] {dag.py:2742} INFO - Sync 1 DAGs
[2026-09-17T04:18:22.372+0000] {logging_mixin.py:150} INFO - [2026-09-17T04:18:22.372+0000] {dag.py:3504} INFO - Setting next_dagrun for extract_dag to None, run_after=None
[2026-09-17T04:18:22.388+0000] {processor.py:179} INFO - Processing /workspaces/hands-on-introduction-data-engineering-4395021/airflow/dags/extract_dag.py took 0.060 seconds
[2026-09-17T04:18:52.476+0000] {processor.py:157} INFO - Started process (PID=100120) to work on /workspaces/hands-on-introduction-data-engineering-4395021/airflow/dags/extract_dag.py
[2026-09-17T04:18:52.476+0000] {processor.py:826} INFO - Processing file /workspaces/hands-on-introduction-data-engineering-4395021/airflow/dags/extract_dag.py for tasks to queue
[2026-09-17T04:18:52.477+0000] {logging_mixin.py:150} INFO - [2026-09-17T04:18:52.477+0000] {dagbag.py:541} INFO - Filling up the DagBag from /workspaces/hands-on-introduction-data-engineering-4395021/airflow/dags/extract_dag.py
[2026-09-17T04:18:52.486+0000] {processor.py:836} INFO - DAG(s) dict_keys(['extract_dag']) retrieved from /workspaces/hands-on-introduction-data-engineering-4395021/airflow/dags/extract_dag.py
[2026-09-17T04:18:52.502+0000] {logging_mixin.py:150} INFO - [2026-09-17T04:18:52.502+0000] {dag.py:2742} INFO - Sync 1 DAGs
[2026-09-17T04:18:52.517+0000] {logging_mixin.py:150} INFO - [2026-09-17T04:18:52.517+0000] {dag.py:3504} INFO - Setting next_dagrun for extract_dag to None, run_after=None
[2026-09-17T04:18:52.533+0000] {processor.py:179} INFO - Processing /workspaces/hands-on-introduction-data-engineering-4395021/airflow/dags/extract_dag.py took 0.061 seconds
[2026-09-17T04:19:22.645+0000] {processor.py:157} INFO - Started process (PID=100295) to work on /workspaces/hands-on-introduction-data-engineering-4395021/airflow/dags/extract_dag.py
[2026-09-17T04:19:22.646+0000] {processor.py:826} INFO - Processing file /workspaces/hands-on-introduction-data-engineering-4395021/airflow/dags/extract_dag.py for tasks to queue
[2026-09-17T04:19:22.647+0000] {logging_mixin.py:150} INFO - [2026-09-17T04:19:22.646+0000] {dagbag.py:541} INFO - Filling up the DagBag from /workspaces/hands-on-introduction-data-engineering-4395021/airflow/dags/extract_dag.py
[2026-09-17T04:19:22.655+0000] {processor.py:836} INFO - DAG(s) dict_keys(['extract_dag']) retrieved from /workspaces/hands-on-introduction-data-engineering-4395021/airflow/dags/extract_dag.py
[2026-09-17T04:19:22.671+0000] {logging_mixin.py:150} INFO - [2026-09-17T04:19:22.671+0000] {dag.py:2742} INFO - Sync 1 DAGs
[2026-09-17T04:19:22.685+0000] {logging_mixin.py:150} INFO - [2026-09-17T04:19:22.685+0000] {dag.py:3504} INFO - Setting next_dagrun for extract_dag to None, run_after=None
[2026-09-17T04:19:22.700+0000] {processor.py:179} INFO - Processing /workspaces/hands-on-introduction-data-engineering-4395021/airflow/dags/extract_dag.py took 0.057 seconds
[2026-09-17T04:19:52.814+0000] {processor.py:157} INFO - Started process (PID=100458) to work on /workspaces/hands-on-introduction-data-engineering-4395021/airflow/dags/extract_dag.py
[2026-09-17T04:19:52.815+0000] {processor.py:826} INFO - Processing file /workspaces/hands-on-introduction-data-engineering-4395021/airflow/dags/extract_dag.py for tasks to queue
[2026-09-17T04:19:52.816+0000] {logging_mixin.py:150} INFO - [2026-09-17T04:19:52.815+0000] {dagbag.py:541} INFO - Filling up the DagBag from /workspaces/hands-on-introduction-data-engineering-4395021/airflow/dags/extract_dag.py
[2026-09-17T04:19:52.824+0000] {processor.py:836} INFO - DAG(s) dict_keys(['extract_dag']) retrieved from /workspaces/hands-on-introduction-data-engineering-4395021/airflow/dags/extract_dag.py
[2026-09-17T04:19:52.841+0000] {logging_mixin.py:150} INFO - [2026-09-17T04:19:52.840+0000] {dag.py:2742} INFO - Sync 1 DAGs
[2026-09-17T04:19:52.856+0000] {logging_mixin.py:150} INFO - [2026-09-17T04:19:52.855+0000] {dag.py:3504} INFO - Setting next_dagrun for extract_dag to None, run_after=None
[2026-09-17T04:19:52.871+0000] {processor.py:179} INFO - Processing /workspaces/hands-on-introduction-data-engineering-4395021/airflow/dags/extract_dag.py took 0.059 seconds
[2026-09-17T04:20:22.983+0000] {processor.py:157} INFO - Started process (PID=100632) to work on /workspaces/hands-on-introduction-data-engineering-4395021/airflow/dags/extract_dag.py
[2026-09-17T04:20:22.984+0000] {processor.py:826} INFO - Processing file /workspaces/hands-on-introduction-data-engineering-4395021/airflow/dags/extract_dag.py for tasks to queue
[2026-09-17T04:20:22.984+0000] {logging_mixin.py:150} INFO - [2026-09-17T04:20:22.984+0000] {dagbag.py:541} INFO - Filling up the DagBag from /workspaces/hands-on-introduction-data-engineering-4395021/airflow/dags/extract_dag.py
[2026-09-17T04:20:22.993+0000] {processor.py:836} INFO - DAG(s) dict_keys(['extract_dag']) retrieved from /workspaces/hands-on-introduction-data-engineering-4395021/airflow/dags/extract_dag.py
[2026-09-17T04:20:23.009+0000] {logging_mixin.py:150} INFO - [2026-09-17T04:20:23.009+0000] {dag.py:2742} INFO - Sync 1 DAGs
[2026-09-17T04:20:23.023+0000] {logging_mixin.py:150} INFO - [2026-09-17T04:20:23.023+0000] {dag.py:3504} INFO - Setting next_dagrun for extract_dag to None, run_after=None
[2026-09-17T04:20:23.038+0000] {processor.py:179} INFO - Processing /workspaces/hands-on-introduction-data-engineering-4395021/airflow/dags/extract_dag.py took 0.057 seconds
[2026-09-17T04:20:53.148+0000] {processor.py:157} INFO - Started process (PID=100795) to work on /workspaces/hands-on-introduction-data-engineering-4395021/airflow/dags/extract_dag.py
[2026-09-17T04:20:53.149+0000] {processor.py:826} INFO - Processing file /workspaces/hands-on-introduction-data-engineering-4395021/airflow/dags/extract_dag.py for tasks to queue
[2026-09-17T04:20:53.150+0000] {logging_mixin.py:150} INFO - [2026-09-17T04:20:53.150+0000] {dagbag.py:541} INFO - Filling up the DagBag from /workspaces/hands-on-introduction-data-engineering-4395021/airflow/dags/extract_dag.py
[2026-09-17T04:20:53.162+0000] {processor.py:836} INFO - DAG(s) dict_keys(['extract_dag']) retrieved from /workspaces/hands-on-introduction-data-engineering-4395021/airflow/dags/extract_dag.py
[2026-09-17T04:20:53.185+0000] {logging_mixin.py:150} INFO - [2026-09-17T04:20:53.185+0000] {dag.py:2742} INFO - Sync 1 DAGs
[2026-09-17T04:20:53.205+0000] {logging_mixin.py:150} INFO - [2026-09-17T04:20:53.205+0000] {dag.py:3504} INFO - Setting next_dagrun for extract_dag to None, run_after=None
[2026-09-17T04:20:53.226+0000] {processor.py:179} INFO - Processing /workspaces/hands-on-introduction-data-engineering-4395021/airflow/dags/extract_dag.py took 0.080 seconds
[2026-09-17T04:21:23.310+0000] {processor.py:157} INFO - Started process (PID=100970) to work on /workspaces/hands-on-introduction-data-engineering-4395021/airflow/dags/extract_dag.py
[2026-09-17T04:21:23.311+0000] {processor.py:826} INFO - Processing file /workspaces/hands-on-introduction-data-engineering-4395021/airflow/dags/extract_dag.py for tasks to queue
[2026-09-17T04:21:23.312+0000] {logging_mixin.py:150} INFO - [2026-09-17T04:21:23.311+0000] {dagbag.py:541} INFO - Filling up the DagBag from /workspaces/hands-on-introduction-data-engineering-4395021/airflow/dags/extract_dag.py
[2026-09-17T04:21:23.320+0000] {processor.py:836} INFO - DAG(s) dict_keys(['extract_dag']) retrieved from /workspaces/hands-on-introduction-data-engineering-4395021/airflow/dags/extract_dag.py
[2026-09-17T04:21:23.336+0000] {logging_mixin.py:150} INFO - [2026-09-17T04:21:23.336+0000] {dag.py:2742} INFO - Sync 1 DAGs
[2026-09-17T04:21:23.350+0000] {logging_mixin.py:150} INFO - [2026-09-17T04:21:23.350+0000] {dag.py:3504} INFO - Setting next_dagrun for extract_dag to None, run_after=None
[2026-09-17T04:21:23.365+0000] {processor.py:179} INFO - Processing /workspaces/hands-on-introduction-data-engineering-4395021/airflow/dags/extract_dag.py took 0.057 seconds
[2026-09-17T04:21:53.472+0000] {processor.py:157} INFO - Started process (PID=101139) to work on /workspaces/hands-on-introduction-data-engineering-4395021/airflow/dags/extract_dag.py
[2026-09-17T04:21:53.473+0000] {processor.py:826} INFO - Processing file /workspaces/hands-on-introduction-data-engineering-4395021/airflow/dags/extract_dag.py for tasks to queue
[2026-09-17T04:21:53.473+0000] {logging_mixin.py:150} INFO - [2026-09-17T04:21:53.473+0000] {dagbag.py:541} INFO - Filling up the DagBag from /workspaces/hands-on-introduction-data-engineering-4395021/airflow/dags/extract_dag.py
[2026-09-17T04:21:53.482+0000] {processor.py:836} INFO - DAG(s) dict_keys(['extract_dag']) retrieved from /workspaces/hands-on-introduction-data-engineering-4395021/airflow/dags/extract_dag.py
[2026-09-17T04:21:53.497+0000] {logging_mixin.py:150} INFO - [2026-09-17T04:21:53.497+0000] {dag.py:2742} INFO - Sync 1 DAGs
[2026-09-17T04:21:53.512+0000] {logging_mixin.py:150} INFO - [2026-09-17T04:21:53.512+0000] {dag.py:3504} INFO - Setting next_dagrun for extract_dag to None, run_after=None
[2026-09-17T04:21:53.528+0000] {processor.py:179} INFO - Processing /workspaces/hands-on-introduction-data-engineering-4395021/airflow/dags/extract_dag.py took 0.059 seconds
[2026-09-17T04:22:23.634+0000] {processor.py:157} INFO - Started process (PID=101352) to work on /workspaces/hands-on-introduction-data-engineering-4395021/airflow/dags/extract_dag.py
[2026-09-17T04:22:23.634+0000] {processor.py:826} INFO - Processing file /workspaces/hands-on-introduction-data-engineering-4395021/airflow/dags/extract_dag.py for tasks to queue
[2026-09-17T04:22:23.635+0000] {logging_mixin.py:150} INFO - [2026-09-17T04:22:23.635+0000] {dagbag.py:541} INFO - Filling up the DagBag from /workspaces/hands-on-introduction-data-engineering-4395021/airflow/dags/extract_dag.py
[2026-09-17T04:22:23.644+0000] {processor.py:836} INFO - DAG(s) dict_keys(['extract_dag']) retrieved from /workspaces/hands-on-introduction-data-engineering-4395021/airflow/dags/extract_dag.py
[2026-09-17T04:22:23.661+0000] {logging_mixin.py:150} INFO - [2026-09-17T04:22:23.661+0000] {dag.py:2742} INFO - Sync 1 DAGs
[2026-09-17T04:22:23.675+0000] {logging_mixin.py:150} INFO - [2026-09-17T04:22:23.674+0000] {dag.py:3504} INFO - Setting next_dagrun for extract_dag to None, run_after=None
[2026-09-17T04:22:23.690+0000] {processor.py:179} INFO - Processing /workspaces/hands-on-introduction-data-engineering-4395021/airflow/dags/extract_dag.py took 0.059 seconds
[2026-09-17T04:22:53.794+0000] {processor.py:157} INFO - Started process (PID=101521) to work on /workspaces/hands-on-introduction-data-engineering-4395021/airflow/dags/extract_dag.py
[2026-09-17T04:22:53.795+0000] {processor.py:826} INFO - Processing file /workspaces/hands-on-introduction-data-engineering-4395021/airflow/dags/extract_dag.py for tasks to queue
[2026-09-17T04:22:53.795+0000] {logging_mixin.py:150} INFO - [2026-09-17T04:22:53.795+0000] {dagbag.py:541} INFO - Filling up the DagBag from /workspaces/hands-on-introduction-data-engineering-4395021/airflow/dags/extract_dag.py
[2026-09-17T04:22:53.804+0000] {processor.py:836} INFO - DAG(s) dict_keys(['extract_dag']) retrieved from /workspaces/hands-on-introduction-data-engineering-4395021/airflow/dags/extract_dag.py
[2026-09-17T04:22:53.823+0000] {logging_mixin.py:150} INFO - [2026-09-17T04:22:53.823+0000] {dag.py:2742} INFO - Sync 1 DAGs
[2026-09-17T04:22:53.848+0000] {logging_mixin.py:150} INFO - [2026-09-17T04:22:53.848+0000] {dag.py:3504} INFO - Setting next_dagrun for extract_dag to None, run_after=None
[2026-09-17T04:22:53.871+0000] {processor.py:179} INFO - Processing /workspaces/hands-on-introduction-data-engineering-4395021/airflow/dags/extract_dag.py took 0.079 seconds
[2026-09-17T04:23:23.958+0000] {processor.py:157} INFO - Started process (PID=101690) to work on /workspaces/hands-on-introduction-data-engineering-4395021/airflow/dags/extract_dag.py
[2026-09-17T04:23:23.959+0000] {processor.py:826} INFO - Processing file /workspaces/hands-on-introduction-data-engineering-4395021/airflow/dags/extract_dag.py for tasks to queue
[2026-09-17T04:23:23.959+0000] {logging_mixin.py:150} INFO - [2026-09-17T04:23:23.959+0000] {dagbag.py:541} INFO - Filling up the DagBag from /workspaces/hands-on-introduction-data-engineering-4395021/airflow/dags/extract_dag.py
[2026-09-17T04:23:23.968+0000] {processor.py:836} INFO - DAG(s) dict_keys(['extract_dag']) retrieved from /workspaces/hands-on-introduction-data-engineering-4395021/airflow/dags/extract_dag.py
[2026-09-17T04:23:23.985+0000] {logging_mixin.py:150} INFO - [2026-09-17T04:23:23.985+0000] {dag.py:2742} INFO - Sync 1 DAGs
[2026-09-17T04:23:23.999+0000] {logging_mixin.py:150} INFO - [2026-09-17T04:23:23.999+0000] {dag.py:3504} INFO - Setting next_dagrun for extract_dag to None, run_after=None
[2026-09-17T04:23:24.014+0000] {processor.py:179} INFO - Processing /workspaces/hands-on-introduction-data-engineering-4395021/airflow/dags/extract_dag.py took 0.059 seconds
[2026-09-17T04:23:54.118+0000] {processor.py:157} INFO - Started process (PID=101859) to work on /workspaces/hands-on-introduction-data-engineering-4395021/airflow/dags/extract_dag.py
[2026-09-17T04:23:54.119+0000] {processor.py:826} INFO - Processing file /workspaces/hands-on-introduction-data-engineering-4395021/airflow/dags/extract_dag.py for tasks to queue
[2026-09-17T04:23:54.120+0000] {logging_mixin.py:150} INFO - [2026-09-17T04:23:54.119+0000] {dagbag.py:541} INFO - Filling up the DagBag from /workspaces/hands-on-introduction-data-engineering-4395021/airflow/dags/extract_dag.py
[2026-09-17T04:23:54.128+0000] {processor.py:836} INFO - DAG(s) dict_keys(['extract_dag']) retrieved from /workspaces/hands-on-introduction-data-engineering-4395021/airflow/dags/extract_dag.py
[2026-09-17T04:23:54.144+0000] {logging_mixin.py:150} INFO - [2026-09-17T04:23:54.144+0000] {dag.py:2742} INFO - Sync 1 DAGs
[2026-09-17T04:23:54.158+0000] {logging_mixin.py:150} INFO - [2026-09-17T04:23:54.158+0000] {dag.py:3504} INFO - Setting next_dagrun for extract_dag to None, run_after=None
[2026-09-17T04:23:54.173+0000] {processor.py:179} INFO - Processing /workspaces/hands-on-introduction-data-engineering-4395021/airflow/dags/extract_dag.py took 0.057 seconds
[2026-09-17T04:24:24.236+0000] {processor.py:157} INFO - Started process (PID=102028) to work on /workspaces/hands-on-introduction-data-engineering-4395021/airflow/dags/extract_dag.py
[2026-09-17T04:24:24.237+0000] {processor.py:826} INFO - Processing file /workspaces/hands-on-introduction-data-engineering-4395021/airflow/dags/extract_dag.py for tasks to queue
[2026-09-17T04:24:24.237+0000] {logging_mixin.py:150} INFO - [2026-09-17T04:24:24.237+0000] {dagbag.py:541} INFO - Filling up the DagBag from /workspaces/hands-on-introduction-data-engineering-4395021/airflow/dags/extract_dag.py
[2026-09-17T04:24:24.246+0000] {processor.py:836} INFO - DAG(s) dict_keys(['extract_dag']) retrieved from /workspaces/hands-on-introduction-data-engineering-4395021/airflow/dags/extract_dag.py
[2026-09-17T04:24:24.261+0000] {logging_mixin.py:150} INFO - [2026-09-17T04:24:24.261+0000] {dag.py:2742} INFO - Sync 1 DAGs
[2026-09-17T04:24:24.275+0000] {logging_mixin.py:150} INFO - [2026-09-17T04:24:24.275+0000] {dag.py:3504} INFO - Setting next_dagrun for extract_dag to None, run_after=None
[2026-09-17T04:24:24.291+0000] {processor.py:179} INFO - Processing /workspaces/hands-on-introduction-data-engineering-4395021/airflow/dags/extract_dag.py took 0.058 seconds
[2026-09-17T04:24:54.398+0000] {processor.py:157} INFO - Started process (PID=102197) to work on /workspaces/hands-on-introduction-data-engineering-4395021/airflow/dags/extract_dag.py
[2026-09-17T04:24:54.399+0000] {processor.py:826} INFO - Processing file /workspaces/hands-on-introduction-data-engineering-4395021/airflow/dags/extract_dag.py for tasks to queue
[2026-09-17T04:24:54.399+0000] {logging_mixin.py:150} INFO - [2026-09-17T04:24:54.399+0000] {dagbag.py:541} INFO - Filling up the DagBag from /workspaces/hands-on-introduction-data-engineering-4395021/airflow/dags/extract_dag.py
[2026-09-17T04:24:54.408+0000] {processor.py:836} INFO - DAG(s) dict_keys(['extract_dag']) retrieved from /workspaces/hands-on-introduction-data-engineering-4395021/airflow/dags/extract_dag.py
[2026-09-17T04:24:54.424+0000] {logging_mixin.py:150} INFO - [2026-09-17T04:24:54.424+0000] {dag.py:2742} INFO - Sync 1 DAGs
[2026-09-17T04:24:54.439+0000] {logging_mixin.py:150} INFO - [2026-09-17T04:24:54.438+0000] {dag.py:3504} INFO - Setting next_dagrun for extract_dag to None, run_after=None
[2026-09-17T04:24:54.454+0000] {processor.py:179} INFO - Processing /workspaces/hands-on-introduction-data-engineering-4395021/airflow/dags/extract_dag.py took 0.059 seconds
[2026-09-17T04:25:24.558+0000] {processor.py:157} INFO - Started process (PID=102366) to work on /workspaces/hands-on-introduction-data-engineering-4395021/airflow/dags/extract_dag.py
[2026-09-17T04:25:24.559+0000] {processor.py:826} INFO - Processing file /workspaces/hands-on-introduction-data-engineering-4395021/airflow/dags/extract_dag.py for tasks to queue
[2026-09-17T04:25:24.560+0000] {logging_mixin.py:150} INFO - [2026-09-17T04:25:24.560+0000] {dagbag.py:541} INFO - Filling up the DagBag from /workspaces/hands-on-introduction-data-engineering-4395021/airflow/dags/extract_dag.py
[2026-09-17T04:25:24.568+0000] {processor.py:836} INFO - DAG(s) dict_keys(['extract_dag']) retrieved from /workspaces/hands-on-introduction-data-engineering-4395021/airflow/dags/extract_dag.py
[2026-09-17T04:25:24.584+0000] {logging_mixin.py:150} INFO - [2026-09-17T04:25:24.583+0000] {dag.py:2742} INFO - Sync 1 DAGs
[2026-09-17T04:25:24.597+0000] {logging_mixin.py:150} INFO - [2026-09-17T04:25:24.597+0000] {dag.py:3504} INFO - Setting next_dagrun for extract_dag to None, run_after=None
[2026-09-17T04:25:24.612+0000] {processor.py:179} INFO - Processing /workspaces/hands-on-introduction-data-engineering-4395021/airflow/dags/extract_dag.py took 0.057 seconds
[2026-09-17T04:25:54.719+0000] {processor.py:157} INFO - Started process (PID=102534) to work on /workspaces/hands-on-introduction-data-engineering-4395021/airflow/dags/extract_dag.py
[2026-09-17T04:25:54.720+0000] {processor.py:826} INFO - Processing file /workspaces/hands-on-introduction-data-engineering-4395021/airflow/dags/extract_dag.py for tasks to queue
[2026-09-17T04:25:54.721+0000] {logging_mixin.py:150} INFO - [2026-09-17T04:25:54.721+0000] {dagbag.py:541} INFO - Filling up the DagBag from /workspaces/hands-on-introduction-data-engineering-4395021/airflow/dags/extract_dag.py
[2026-09-17T04:25:54.730+0000] {processor.py:836} INFO - DAG(s) dict_keys(['extract_dag']) retrieved from /workspaces/hands-on-introduction-data-engineering-4395021/airflow/dags/extract_dag.py
[2026-09-17T04:25:54.746+0000] {logging_mixin.py:150} INFO - [2026-09-17T04:25:54.745+0000] {dag.py:2742} INFO - Sync 1 DAGs
[2026-09-17T04:25:54.760+0000] {logging_mixin.py:150} INFO - [2026-09-17T04:25:54.760+0000] {dag.py:3504} INFO - Setting next_dagrun for extract_dag to None, run_after=None
[2026-09-17T04:25:54.776+0000] {processor.py:179} INFO - Processing /workspaces/hands-on-introduction-data-engineering-4395021/airflow/dags/extract_dag.py took 0.059 seconds
[2026-09-17T04:26:24.888+0000] {processor.py:157} INFO - Started process (PID=102703) to work on /workspaces/hands-on-introduction-data-engineering-4395021/airflow/dags/extract_dag.py
[2026-09-17T04:26:24.891+0000] {processor.py:826} INFO - Processing file /workspaces/hands-on-introduction-data-engineering-4395021/airflow/dags/extract_dag.py for tasks to queue
[2026-09-17T04:26:24.891+0000] {logging_mixin.py:150} INFO - [2026-09-17T04:26:24.891+0000] {dagbag.py:541} INFO - Filling up the DagBag from /workspaces/hands-on-introduction-data-engineering-4395021/airflow/dags/extract_dag.py
[2026-09-17T04:26:24.907+0000] {processor.py:836} INFO - DAG(s) dict_keys(['extract_dag']) retrieved from /workspaces/hands-on-introduction-data-engineering-4395021/airflow/dags/extract_dag.py
[2026-09-17T04:26:24.924+0000] {logging_mixin.py:150} INFO - [2026-09-17T04:26:24.923+0000] {dag.py:2742} INFO - Sync 1 DAGs
[2026-09-17T04:26:24.938+0000] {logging_mixin.py:150} INFO - [2026-09-17T04:26:24.938+0000] {dag.py:3504} INFO - Setting next_dagrun for extract_dag to None, run_after=None
[2026-09-17T04:26:24.955+0000] {processor.py:179} INFO - Processing /workspaces/hands-on-introduction-data-engineering-4395021/airflow/dags/extract_dag.py took 0.071 seconds
[2026-09-17T04:26:55.047+0000] {processor.py:157} INFO - Started process (PID=102873) to work on /workspaces/hands-on-introduction-data-engineering-4395021/airflow/dags/extract_dag.py
[2026-09-17T04:26:55.048+0000] {processor.py:826} INFO - Processing file /workspaces/hands-on-introduction-data-engineering-4395021/airflow/dags/extract_dag.py for tasks to queue
[2026-09-17T04:26:55.048+0000] {logging_mixin.py:150} INFO - [2026-09-17T04:26:55.048+0000] {dagbag.py:541} INFO - Filling up the DagBag from /workspaces/hands-on-introduction-data-engineering-4395021/airflow/dags/extract_dag.py
[2026-09-17T04:26:55.057+0000] {processor.py:836} INFO - DAG(s) dict_keys(['extract_dag']) retrieved from /workspaces/hands-on-introduction-data-engineering-4395021/airflow/dags/extract_dag.py
[2026-09-17T04:26:55.074+0000] {logging_mixin.py:150} INFO - [2026-09-17T04:26:55.074+0000] {dag.py:2742} INFO - Sync 1 DAGs
[2026-09-17T04:26:55.089+0000] {logging_mixin.py:150} INFO - [2026-09-17T04:26:55.089+0000] {dag.py:3504} INFO - Setting next_dagrun for extract_dag to None, run_after=None
[2026-09-17T04:26:55.105+0000] {processor.py:179} INFO - Processing /workspaces/hands-on-introduction-data-engineering-4395021/airflow/dags/extract_dag.py took 0.061 seconds
[2026-09-17T04:27:25.208+0000] {processor.py:157} INFO - Started process (PID=103086) to work on /workspaces/hands-on-introduction-data-engineering-4395021/airflow/dags/extract_dag.py
[2026-09-17T04:27:25.208+0000] {processor.py:826} INFO - Processing file /workspaces/hands-on-introduction-data-engineering-4395021/airflow/dags/extract_dag.py for tasks to queue
[2026-09-17T04:27:25.209+0000] {logging_mixin.py:150} INFO - [2026-09-17T04:27:25.209+0000] {dagbag.py:541} INFO - Filling up the DagBag from /workspaces/hands-on-introduction-data-engineering-4395021/airflow/dags/extract_dag.py
[2026-09-17T04:27:25.217+0000] {processor.py:836} INFO - DAG(s) dict_keys(['extract_dag']) retrieved from /workspaces/hands-on-introduction-data-engineering-4395021/airflow/dags/extract_dag.py
[2026-09-17T04:27:25.233+0000] {logging_mixin.py:150} INFO - [2026-09-17T04:27:25.233+0000] {dag.py:2742} INFO - Sync 1 DAGs
[2026-09-17T04:27:25.250+0000] {logging_mixin.py:150} INFO - [2026-09-17T04:27:25.250+0000] {dag.py:3504} INFO - Setting next_dagrun for extract_dag to None, run_after=None
[2026-09-17T04:27:25.268+0000] {processor.py:179} INFO - Processing /workspaces/hands-on-introduction-data-engineering-4395021/airflow/dags/extract_dag.py took 0.063 seconds
[2026-09-17T04:27:55.373+0000] {processor.py:157} INFO - Started process (PID=103255) to work on /workspaces/hands-on-introduction-data-engineering-4395021/airflow/dags/extract_dag.py
[2026-09-17T04:27:55.373+0000] {processor.py:826} INFO - Processing file /workspaces/hands-on-introduction-data-engineering-4395021/airflow/dags/extract_dag.py for tasks to queue
[2026-09-17T04:27:55.374+0000] {logging_mixin.py:150} INFO - [2026-09-17T04:27:55.374+0000] {dagbag.py:541} INFO - Filling up the DagBag from /workspaces/hands-on-introduction-data-engineering-4395021/airflow/dags/extract_dag.py
[2026-09-17T04:27:55.383+0000] {processor.py:836} INFO - DAG(s) dict_keys(['extract_dag']) retrieved from /workspaces/hands-on-introduction-data-engineering-4395021/airflow/dags/extract_dag.py
[2026-09-17T04:27:55.399+0000] {logging_mixin.py:150} INFO - [2026-09-17T04:27:55.398+0000] {dag.py:2742} INFO - Sync 1 DAGs
[2026-09-17T04:27:55.413+0000] {logging_mixin.py:150} INFO - [2026-09-17T04:27:55.413+0000] {dag.py:3504} INFO - Setting next_dagrun for extract_dag to None, run_after=None
[2026-09-17T04:27:55.428+0000] {processor.py:179} INFO - Processing /workspaces/hands-on-introduction-data-engineering-4395021/airflow/dags/extract_dag.py took 0.058 seconds
[2026-09-17T04:28:25.536+0000] {processor.py:157} INFO - Started process (PID=103431) to work on /workspaces/hands-on-introduction-data-engineering-4395021/airflow/dags/extract_dag.py
[2026-09-17T04:28:25.537+0000] {processor.py:826} INFO - Processing file /workspaces/hands-on-introduction-data-engineering-4395021/airflow/dags/extract_dag.py for tasks to queue
[2026-09-17T04:28:25.538+0000] {logging_mixin.py:150} INFO - [2026-09-17T04:28:25.538+0000] {dagbag.py:541} INFO - Filling up the DagBag from /workspaces/hands-on-introduction-data-engineering-4395021/airflow/dags/extract_dag.py
[2026-09-17T04:28:25.546+0000] {processor.py:836} INFO - DAG(s) dict_keys(['extract_dag']) retrieved from /workspaces/hands-on-introduction-data-engineering-4395021/airflow/dags/extract_dag.py
[2026-09-17T04:28:25.563+0000] {logging_mixin.py:150} INFO - [2026-09-17T04:28:25.563+0000] {dag.py:2742} INFO - Sync 1 DAGs
[2026-09-17T04:28:25.577+0000] {logging_mixin.py:150} INFO - [2026-09-17T04:28:25.577+0000] {dag.py:3504} INFO - Setting next_dagrun for extract_dag to None, run_after=None
[2026-09-17T04:28:25.591+0000] {processor.py:179} INFO - Processing /workspaces/hands-on-introduction-data-engineering-4395021/airflow/dags/extract_dag.py took 0.057 seconds
[2026-09-17T04:28:55.703+0000] {processor.py:157} INFO - Started process (PID=103595) to work on /workspaces/hands-on-introduction-data-engineering-4395021/airflow/dags/extract_dag.py
[2026-09-17T04:28:55.704+0000] {processor.py:826} INFO - Processing file /workspaces/hands-on-introduction-data-engineering-4395021/airflow/dags/extract_dag.py for tasks to queue
[2026-09-17T04:28:55.705+0000] {logging_mixin.py:150} INFO - [2026-09-17T04:28:55.705+0000] {dagbag.py:541} INFO - Filling up the DagBag from /workspaces/hands-on-introduction-data-engineering-4395021/airflow/dags/extract_dag.py
[2026-09-17T04:28:55.714+0000] {processor.py:836} INFO - DAG(s) dict_keys(['extract_dag']) retrieved from /workspaces/hands-on-introduction-data-engineering-4395021/airflow/dags/extract_dag.py
[2026-09-17T04:28:55.731+0000] {logging_mixin.py:150} INFO - [2026-09-17T04:28:55.730+0000] {dag.py:2742} INFO - Sync 1 DAGs
[2026-09-17T04:28:55.745+0000] {logging_mixin.py:150} INFO - [2026-09-17T04:28:55.745+0000] {dag.py:3504} INFO - Setting next_dagrun for extract_dag to None, run_after=None
[2026-09-17T04:28:55.760+0000] {processor.py:179} INFO - Processing /workspaces/hands-on-introduction-data-engineering-4395021/airflow/dags/extract_dag.py took 0.059 seconds
[2026-09-17T04:29:25.866+0000] {processor.py:157} INFO - Started process (PID=103770) to work on /workspaces/hands-on-introduction-data-engineering-4395021/airflow/dags/extract_dag.py
[2026-09-17T04:29:25.866+0000] {processor.py:826} INFO - Processing file /workspaces/hands-on-introduction-data-engineering-4395021/airflow/dags/extract_dag.py for tasks to queue
[2026-09-17T04:29:25.867+0000] {logging_mixin.py:150} INFO - [2026-09-17T04:29:25.867+0000] {dagbag.py:541} INFO - Filling up the DagBag from /workspaces/hands-on-introduction-data-engineering-4395021/airflow/dags/extract_dag.py
[2026-09-17T04:29:25.875+0000] {processor.py:836} INFO - DAG(s) dict_keys(['extract_dag']) retrieved from /workspaces/hands-on-introduction-data-engineering-4395021/airflow/dags/extract_dag.py
[2026-09-17T04:29:25.891+0000] {logging_mixin.py:150} INFO - [2026-09-17T04:29:25.891+0000] {dag.py:2742} INFO - Sync 1 DAGs
[2026-09-17T04:29:25.906+0000] {logging_mixin.py:150} INFO - [2026-09-17T04:29:25.906+0000] {dag.py:3504} INFO - Setting next_dagrun for extract_dag to None, run_after=None
[2026-09-17T04:29:25.921+0000] {processor.py:179} INFO - Processing /workspaces/hands-on-introduction-data-engineering-4395021/airflow/dags/extract_dag.py took 0.058 seconds
[2026-09-17T04:29:56.028+0000] {processor.py:157} INFO - Started process (PID=103933) to work on /workspaces/hands-on-introduction-data-engineering-4395021/airflow/dags/extract_dag.py
[2026-09-17T04:29:56.029+0000] {processor.py:826} INFO - Processing file /workspaces/hands-on-introduction-data-engineering-4395021/airflow/dags/extract_dag.py for tasks to queue
[2026-09-17T04:29:56.029+0000] {logging_mixin.py:150} INFO - [2026-09-17T04:29:56.029+0000] {dagbag.py:541} INFO - Filling up the DagBag from /workspaces/hands-on-introduction-data-engineering-4395021/airflow/dags/extract_dag.py
[2026-09-17T04:29:56.038+0000] {processor.py:836} INFO - DAG(s) dict_keys(['extract_dag']) retrieved from /workspaces/hands-on-introduction-data-engineering-4395021/airflow/dags/extract_dag.py
[2026-09-17T04:29:56.054+0000] {logging_mixin.py:150} INFO - [2026-09-17T04:29:56.053+0000] {dag.py:2742} INFO - Sync 1 DAGs
[2026-09-17T04:29:56.068+0000] {logging_mixin.py:150} INFO - [2026-09-17T04:29:56.068+0000] {dag.py:3504} INFO - Setting next_dagrun for extract_dag to None, run_after=None
[2026-09-17T04:29:56.084+0000] {processor.py:179} INFO - Processing /workspaces/hands-on-introduction-data-engineering-4395021/airflow/dags/extract_dag.py took 0.059 seconds
[2026-09-17T04:30:26.199+0000] {processor.py:157} INFO - Started process (PID=104108) to work on /workspaces/hands-on-introduction-data-engineering-4395021/airflow/dags/extract_dag.py
[2026-09-17T04:30:26.199+0000] {processor.py:826} INFO - Processing file /workspaces/hands-on-introduction-data-engineering-4395021/airflow/dags/extract_dag.py for tasks to queue
[2026-09-17T04:30:26.200+0000] {logging_mixin.py:150} INFO - [2026-09-17T04:30:26.200+0000] {dagbag.py:541} INFO - Filling up the DagBag from /workspaces/hands-on-introduction-data-engineering-4395021/airflow/dags/extract_dag.py
[2026-09-17T04:30:26.209+0000] {processor.py:836} INFO - DAG(s) dict_keys(['extract_dag']) retrieved from /workspaces/hands-on-introduction-data-engineering-4395021/airflow/dags/extract_dag.py
[2026-09-17T04:30:26.224+0000] {logging_mixin.py:150} INFO - [2026-09-17T04:30:26.224+0000] {dag.py:2742} INFO - Sync 1 DAGs
[2026-09-17T04:30:26.239+0000] {logging_mixin.py:150} INFO - [2026-09-17T04:30:26.239+0000] {dag.py:3504} INFO - Setting next_dagrun for extract_dag to None, run_after=None
[2026-09-17T04:30:26.254+0000] {processor.py:179} INFO - Processing /workspaces/hands-on-introduction-data-engineering-4395021/airflow/dags/extract_dag.py took 0.058 seconds
[2026-09-17T04:30:56.362+0000] {processor.py:157} INFO - Started process (PID=104272) to work on /workspaces/hands-on-introduction-data-engineering-4395021/airflow/dags/extract_dag.py
[2026-09-17T04:30:56.363+0000] {processor.py:826} INFO - Processing file /workspaces/hands-on-introduction-data-engineering-4395021/airflow/dags/extract_dag.py for tasks to queue
[2026-09-17T04:30:56.363+0000] {logging_mixin.py:150} INFO - [2026-09-17T04:30:56.363+0000] {dagbag.py:541} INFO - Filling up the DagBag from /workspaces/hands-on-introduction-data-engineering-4395021/airflow/dags/extract_dag.py
[2026-09-17T04:30:56.372+0000] {processor.py:836} INFO - DAG(s) dict_keys(['extract_dag']) retrieved from /workspaces/hands-on-introduction-data-engineering-4395021/airflow/dags/extract_dag.py
[2026-09-17T04:30:56.388+0000] {logging_mixin.py:150} INFO - [2026-09-17T04:30:56.388+0000] {dag.py:2742} INFO - Sync 1 DAGs
[2026-09-17T04:30:56.403+0000] {logging_mixin.py:150} INFO - [2026-09-17T04:30:56.403+0000] {dag.py:3504} INFO - Setting next_dagrun for extract_dag to None, run_after=None
[2026-09-17T04:30:56.418+0000] {processor.py:179} INFO - Processing /workspaces/hands-on-introduction-data-engineering-4395021/airflow/dags/extract_dag.py took 0.060 seconds
[2026-09-17T04:31:26.479+0000] {processor.py:157} INFO - Started process (PID=104447) to work on /workspaces/hands-on-introduction-data-engineering-4395021/airflow/dags/extract_dag.py
[2026-09-17T04:31:26.480+0000] {processor.py:826} INFO - Processing file /workspaces/hands-on-introduction-data-engineering-4395021/airflow/dags/extract_dag.py for tasks to queue
[2026-09-17T04:31:26.481+0000] {logging_mixin.py:150} INFO - [2026-09-17T04:31:26.480+0000] {dagbag.py:541} INFO - Filling up the DagBag from /workspaces/hands-on-introduction-data-engineering-4395021/airflow/dags/extract_dag.py
[2026-09-17T04:31:26.489+0000] {processor.py:836} INFO - DAG(s) dict_keys(['extract_dag']) retrieved from /workspaces/hands-on-introduction-data-engineering-4395021/airflow/dags/extract_dag.py
[2026-09-17T04:31:26.505+0000] {logging_mixin.py:150} INFO - [2026-09-17T04:31:26.504+0000] {dag.py:2742} INFO - Sync 1 DAGs
[2026-09-17T04:31:26.519+0000] {logging_mixin.py:150} INFO - [2026-09-17T04:31:26.519+0000] {dag.py:3504} INFO - Setting next_dagrun for extract_dag to None, run_after=None
[2026-09-17T04:31:26.541+0000] {processor.py:179} INFO - Processing /workspaces/hands-on-introduction-data-engineering-4395021/airflow/dags/extract_dag.py took 0.064 seconds
[2026-09-17T04:31:56.640+0000] {processor.py:157} INFO - Started process (PID=104609) to work on /workspaces/hands-on-introduction-data-engineering-4395021/airflow/dags/extract_dag.py
[2026-09-17T04:31:56.641+0000] {processor.py:826} INFO - Processing file /workspaces/hands-on-introduction-data-engineering-4395021/airflow/dags/extract_dag.py for tasks to queue
[2026-09-17T04:31:56.642+0000] {logging_mixin.py:150} INFO - [2026-09-17T04:31:56.641+0000] {dagbag.py:541} INFO - Filling up the DagBag from /workspaces/hands-on-introduction-data-engineering-4395021/airflow/dags/extract_dag.py
[2026-09-17T04:31:56.650+0000] {processor.py:836} INFO - DAG(s) dict_keys(['extract_dag']) retrieved from /workspaces/hands-on-introduction-data-engineering-4395021/airflow/dags/extract_dag.py
[2026-09-17T04:31:56.666+0000] {logging_mixin.py:150} INFO - [2026-09-17T04:31:56.666+0000] {dag.py:2742} INFO - Sync 1 DAGs
[2026-09-17T04:31:56.680+0000] {logging_mixin.py:150} INFO - [2026-09-17T04:31:56.679+0000] {dag.py:3504} INFO - Setting next_dagrun for extract_dag to None, run_after=None
[2026-09-17T04:31:56.695+0000] {processor.py:179} INFO - Processing /workspaces/hands-on-introduction-data-engineering-4395021/airflow/dags/extract_dag.py took 0.058 seconds
[2026-09-17T04:32:26.802+0000] {processor.py:157} INFO - Started process (PID=104828) to work on /workspaces/hands-on-introduction-data-engineering-4395021/airflow/dags/extract_dag.py
[2026-09-17T04:32:26.803+0000] {processor.py:826} INFO - Processing file /workspaces/hands-on-introduction-data-engineering-4395021/airflow/dags/extract_dag.py for tasks to queue
[2026-09-17T04:32:26.803+0000] {logging_mixin.py:150} INFO - [2026-09-17T04:32:26.803+0000] {dagbag.py:541} INFO - Filling up the DagBag from /workspaces/hands-on-introduction-data-engineering-4395021/airflow/dags/extract_dag.py
[2026-09-17T04:32:26.812+0000] {processor.py:836} INFO - DAG(s) dict_keys(['extract_dag']) retrieved from /workspaces/hands-on-introduction-data-engineering-4395021/airflow/dags/extract_dag.py
[2026-09-17T04:32:26.828+0000] {logging_mixin.py:150} INFO - [2026-09-17T04:32:26.828+0000] {dag.py:2742} INFO - Sync 1 DAGs
[2026-09-17T04:32:26.843+0000] {logging_mixin.py:150} INFO - [2026-09-17T04:32:26.843+0000] {dag.py:3504} INFO - Setting next_dagrun for extract_dag to None, run_after=None
[2026-09-17T04:32:26.858+0000] {processor.py:179} INFO - Processing /workspaces/hands-on-introduction-data-engineering-4395021/airflow/dags/extract_dag.py took 0.059 seconds
[2026-09-17T04:32:56.969+0000] {processor.py:157} INFO - Started process (PID=104991) to work on /workspaces/hands-on-introduction-data-engineering-4395021/airflow/dags/extract_dag.py
[2026-09-17T04:32:56.970+0000] {processor.py:826} INFO - Processing file /workspaces/hands-on-introduction-data-engineering-4395021/airflow/dags/extract_dag.py for tasks to queue
[2026-09-17T04:32:56.970+0000] {logging_mixin.py:150} INFO - [2026-09-17T04:32:56.970+0000] {dagbag.py:541} INFO - Filling up the DagBag from /workspaces/hands-on-introduction-data-engineering-4395021/airflow/dags/extract_dag.py
[2026-09-17T04:32:56.979+0000] {processor.py:836} INFO - DAG(s) dict_keys(['extract_dag']) retrieved from /workspaces/hands-on-introduction-data-engineering-4395021/airflow/dags/extract_dag.py
[2026-09-17T04:32:56.995+0000] {logging_mixin.py:150} INFO - [2026-09-17T04:32:56.994+0000] {dag.py:2742} INFO - Sync 1 DAGs
[2026-09-17T04:32:57.014+0000] {logging_mixin.py:150} INFO - [2026-09-17T04:32:57.014+0000] {dag.py:3504} INFO - Setting next_dagrun for extract_dag to None, run_after=None
[2026-09-17T04:32:57.040+0000] {processor.py:179} INFO - Processing /workspaces/hands-on-introduction-data-engineering-4395021/airflow/dags/extract_dag.py took 0.074 seconds
[2026-09-17T04:33:27.138+0000] {processor.py:157} INFO - Started process (PID=105169) to work on /workspaces/hands-on-introduction-data-engineering-4395021/airflow/dags/extract_dag.py
[2026-09-17T04:33:27.138+0000] {processor.py:826} INFO - Processing file /workspaces/hands-on-introduction-data-engineering-4395021/airflow/dags/extract_dag.py for tasks to queue
[2026-09-17T04:33:27.139+0000] {logging_mixin.py:150} INFO - [2026-09-17T04:33:27.139+0000] {dagbag.py:541} INFO - Filling up the DagBag from /workspaces/hands-on-introduction-data-engineering-4395021/airflow/dags/extract_dag.py
[2026-09-17T04:33:27.148+0000] {processor.py:836} INFO - DAG(s) dict_keys(['extract_dag']) retrieved from /workspaces/hands-on-introduction-data-engineering-4395021/airflow/dags/extract_dag.py
[2026-09-17T04:33:27.164+0000] {logging_mixin.py:150} INFO - [2026-09-17T04:33:27.163+0000] {dag.py:2742} INFO - Sync 1 DAGs
[2026-09-17T04:33:27.178+0000] {logging_mixin.py:150} INFO - [2026-09-17T04:33:27.178+0000] {dag.py:3504} INFO - Setting next_dagrun for extract_dag to None, run_after=None
[2026-09-17T04:33:27.195+0000] {processor.py:179} INFO - Processing /workspaces/hands-on-introduction-data-engineering-4395021/airflow/dags/extract_dag.py took 0.059 seconds
[2026-09-17T04:33:57.298+0000] {processor.py:157} INFO - Started process (PID=105338) to work on /workspaces/hands-on-introduction-data-engineering-4395021/airflow/dags/extract_dag.py
[2026-09-17T04:33:57.299+0000] {processor.py:826} INFO - Processing file /workspaces/hands-on-introduction-data-engineering-4395021/airflow/dags/extract_dag.py for tasks to queue
[2026-09-17T04:33:57.300+0000] {logging_mixin.py:150} INFO - [2026-09-17T04:33:57.300+0000] {dagbag.py:541} INFO - Filling up the DagBag from /workspaces/hands-on-introduction-data-engineering-4395021/airflow/dags/extract_dag.py
[2026-09-17T04:33:57.308+0000] {processor.py:836} INFO - DAG(s) dict_keys(['extract_dag']) retrieved from /workspaces/hands-on-introduction-data-engineering-4395021/airflow/dags/extract_dag.py
[2026-09-17T04:33:57.324+0000] {logging_mixin.py:150} INFO - [2026-09-17T04:33:57.324+0000] {dag.py:2742} INFO - Sync 1 DAGs
[2026-09-17T04:33:57.338+0000] {logging_mixin.py:150} INFO - [2026-09-17T04:33:57.338+0000] {dag.py:3504} INFO - Setting next_dagrun for extract_dag to None, run_after=None
[2026-09-17T04:33:57.354+0000] {processor.py:179} INFO - Processing /workspaces/hands-on-introduction-data-engineering-4395021/airflow/dags/extract_dag.py took 0.058 seconds
[2026-09-17T04:34:27.458+0000] {processor.py:157} INFO - Started process (PID=105505) to work on /workspaces/hands-on-introduction-data-engineering-4395021/airflow/dags/extract_dag.py
[2026-09-17T04:34:27.459+0000] {processor.py:826} INFO - Processing file /workspaces/hands-on-introduction-data-engineering-4395021/airflow/dags/extract_dag.py for tasks to queue
[2026-09-17T04:34:27.459+0000] {logging_mixin.py:150} INFO - [2026-09-17T04:34:27.459+0000] {dagbag.py:541} INFO - Filling up the DagBag from /workspaces/hands-on-introduction-data-engineering-4395021/airflow/dags/extract_dag.py
[2026-09-17T04:34:27.468+0000] {processor.py:836} INFO - DAG(s) dict_keys(['extract_dag']) retrieved from /workspaces/hands-on-introduction-data-engineering-4395021/airflow/dags/extract_dag.py
[2026-09-17T04:34:27.483+0000] {logging_mixin.py:150} INFO - [2026-09-17T04:34:27.483+0000] {dag.py:2742} INFO - Sync 1 DAGs
[2026-09-17T04:34:27.498+0000] {logging_mixin.py:150} INFO - [2026-09-17T04:34:27.498+0000] {dag.py:3504} INFO - Setting next_dagrun for extract_dag to None, run_after=None
[2026-09-17T04:34:27.513+0000] {processor.py:179} INFO - Processing /workspaces/hands-on-introduction-data-engineering-4395021/airflow/dags/extract_dag.py took 0.057 seconds
[2026-09-17T04:34:57.619+0000] {processor.py:157} INFO - Started process (PID=105673) to work on /workspaces/hands-on-introduction-data-engineering-4395021/airflow/dags/extract_dag.py
[2026-09-17T04:34:57.620+0000] {processor.py:826} INFO - Processing file /workspaces/hands-on-introduction-data-engineering-4395021/airflow/dags/extract_dag.py for tasks to queue
[2026-09-17T04:34:57.620+0000] {logging_mixin.py:150} INFO - [2026-09-17T04:34:57.620+0000] {dagbag.py:541} INFO - Filling up the DagBag from /workspaces/hands-on-introduction-data-engineering-4395021/airflow/dags/extract_dag.py
[2026-09-17T04:34:57.629+0000] {processor.py:836} INFO - DAG(s) dict_keys(['extract_dag']) retrieved from /workspaces/hands-on-introduction-data-engineering-4395021/airflow/dags/extract_dag.py
[2026-09-17T04:34:57.645+0000] {logging_mixin.py:150} INFO - [2026-09-17T04:34:57.645+0000] {dag.py:2742} INFO - Sync 1 DAGs
[2026-09-17T04:34:57.660+0000] {logging_mixin.py:150} INFO - [2026-09-17T04:34:57.659+0000] {dag.py:3504} INFO - Setting next_dagrun for extract_dag to None, run_after=None
[2026-09-17T04:34:57.675+0000] {processor.py:179} INFO - Processing /workspaces/hands-on-introduction-data-engineering-4395021/airflow/dags/extract_dag.py took 0.059 seconds
[2026-09-17T04:35:27.780+0000] {processor.py:157} INFO - Started process (PID=105842) to work on /workspaces/hands-on-introduction-data-engineering-4395021/airflow/dags/extract_dag.py
[2026-09-17T04:35:27.781+0000] {processor.py:826} INFO - Processing file /workspaces/hands-on-introduction-data-engineering-4395021/airflow/dags/extract_dag.py for tasks to queue
[2026-09-17T04:35:27.782+0000] {logging_mixin.py:150} INFO - [2026-09-17T04:35:27.781+0000] {dagbag.py:541} INFO - Filling up the DagBag from /workspaces/hands-on-introduction-data-engineering-4395021/airflow/dags/extract_dag.py
[2026-09-17T04:35:27.790+0000] {processor.py:836} INFO - DAG(s) dict_keys(['extract_dag']) retrieved from /workspaces/hands-on-introduction-data-engineering-4395021/airflow/dags/extract_dag.py
[2026-09-17T04:35:27.806+0000] {logging_mixin.py:150} INFO - [2026-09-17T04:35:27.806+0000] {dag.py:2742} INFO - Sync 1 DAGs
[2026-09-17T04:35:27.821+0000] {logging_mixin.py:150} INFO - [2026-09-17T04:35:27.821+0000] {dag.py:3504} INFO - Setting next_dagrun for extract_dag to None, run_after=None
[2026-09-17T04:35:27.836+0000] {processor.py:179} INFO - Processing /workspaces/hands-on-introduction-data-engineering-4395021/airflow/dags/extract_dag.py took 0.059 seconds
[2026-09-17T04:35:57.941+0000] {processor.py:157} INFO - Started process (PID=106011) to work on /workspaces/hands-on-introduction-data-engineering-4395021/airflow/dags/extract_dag.py
[2026-09-17T04:35:57.942+0000] {processor.py:826} INFO - Processing file /workspaces/hands-on-introduction-data-engineering-4395021/airflow/dags/extract_dag.py for tasks to queue
[2026-09-17T04:35:57.943+0000] {logging_mixin.py:150} INFO - [2026-09-17T04:35:57.943+0000] {dagbag.py:541} INFO - Filling up the DagBag from /workspaces/hands-on-introduction-data-engineering-4395021/airflow/dags/extract_dag.py
[2026-09-17T04:35:57.953+0000] {processor.py:836} INFO - DAG(s) dict_keys(['extract_dag']) retrieved from /workspaces/hands-on-introduction-data-engineering-4395021/airflow/dags/extract_dag.py
[2026-09-17T04:35:57.969+0000] {logging_mixin.py:150} INFO - [2026-09-17T04:35:57.969+0000] {dag.py:2742} INFO - Sync 1 DAGs
[2026-09-17T04:35:57.984+0000] {logging_mixin.py:150} INFO - [2026-09-17T04:35:57.983+0000] {dag.py:3504} INFO - Setting next_dagrun for extract_dag to None, run_after=None
[2026-09-17T04:35:57.999+0000] {processor.py:179} INFO - Processing /workspaces/hands-on-introduction-data-engineering-4395021/airflow/dags/extract_dag.py took 0.060 seconds
[2026-09-17T04:36:28.081+0000] {processor.py:157} INFO - Started process (PID=106183) to work on /workspaces/hands-on-introduction-data-engineering-4395021/airflow/dags/extract_dag.py
[2026-09-17T04:36:28.081+0000] {processor.py:826} INFO - Processing file /workspaces/hands-on-introduction-data-engineering-4395021/airflow/dags/extract_dag.py for tasks to queue
[2026-09-17T04:36:28.082+0000] {logging_mixin.py:150} INFO - [2026-09-17T04:36:28.082+0000] {dagbag.py:541} INFO - Filling up the DagBag from /workspaces/hands-on-introduction-data-engineering-4395021/airflow/dags/extract_dag.py
[2026-09-17T04:36:28.091+0000] {processor.py:836} INFO - DAG(s) dict_keys(['extract_dag']) retrieved from /workspaces/hands-on-introduction-data-engineering-4395021/airflow/dags/extract_dag.py
[2026-09-17T04:36:28.107+0000] {logging_mixin.py:150} INFO - [2026-09-17T04:36:28.106+0000] {dag.py:2742} INFO - Sync 1 DAGs
[2026-09-17T04:36:28.121+0000] {logging_mixin.py:150} INFO - [2026-09-17T04:36:28.121+0000] {dag.py:3504} INFO - Setting next_dagrun for extract_dag to None, run_after=None
[2026-09-17T04:36:28.136+0000] {processor.py:179} INFO - Processing /workspaces/hands-on-introduction-data-engineering-4395021/airflow/dags/extract_dag.py took 0.058 seconds
[2026-09-17T04:36:58.256+0000] {processor.py:157} INFO - Started process (PID=106351) to work on /workspaces/hands-on-introduction-data-engineering-4395021/airflow/dags/extract_dag.py
[2026-09-17T04:36:58.257+0000] {processor.py:826} INFO - Processing file /workspaces/hands-on-introduction-data-engineering-4395021/airflow/dags/extract_dag.py for tasks to queue
[2026-09-17T04:36:58.258+0000] {logging_mixin.py:150} INFO - [2026-09-17T04:36:58.258+0000] {dagbag.py:541} INFO - Filling up the DagBag from /workspaces/hands-on-introduction-data-engineering-4395021/airflow/dags/extract_dag.py
[2026-09-17T04:36:58.270+0000] {processor.py:836} INFO - DAG(s) dict_keys(['extract_dag']) retrieved from /workspaces/hands-on-introduction-data-engineering-4395021/airflow/dags/extract_dag.py
[2026-09-17T04:36:58.297+0000] {logging_mixin.py:150} INFO - [2026-09-17T04:36:58.296+0000] {dag.py:2742} INFO - Sync 1 DAGs
[2026-09-17T04:36:58.322+0000] {logging_mixin.py:150} INFO - [2026-09-17T04:36:58.321+0000] {dag.py:3504} INFO - Setting next_dagrun for extract_dag to None, run_after=None
[2026-09-17T04:36:58.347+0000] {processor.py:179} INFO - Processing /workspaces/hands-on-introduction-data-engineering-4395021/airflow/dags/extract_dag.py took 0.096 seconds
[2026-09-17T04:37:28.424+0000] {processor.py:157} INFO - Started process (PID=106565) to work on /workspaces/hands-on-introduction-data-engineering-4395021/airflow/dags/extract_dag.py
[2026-09-17T04:37:28.425+0000] {processor.py:826} INFO - Processing file /workspaces/hands-on-introduction-data-engineering-4395021/airflow/dags/extract_dag.py for tasks to queue
[2026-09-17T04:37:28.426+0000] {logging_mixin.py:150} INFO - [2026-09-17T04:37:28.425+0000] {dagbag.py:541} INFO - Filling up the DagBag from /workspaces/hands-on-introduction-data-engineering-4395021/airflow/dags/extract_dag.py
[2026-09-17T04:37:28.434+0000] {processor.py:836} INFO - DAG(s) dict_keys(['extract_dag']) retrieved from /workspaces/hands-on-introduction-data-engineering-4395021/airflow/dags/extract_dag.py
[2026-09-17T04:37:28.450+0000] {logging_mixin.py:150} INFO - [2026-09-17T04:37:28.450+0000] {dag.py:2742} INFO - Sync 1 DAGs
[2026-09-17T04:37:28.464+0000] {logging_mixin.py:150} INFO - [2026-09-17T04:37:28.464+0000] {dag.py:3504} INFO - Setting next_dagrun for extract_dag to None, run_after=None
[2026-09-17T04:37:28.480+0000] {processor.py:179} INFO - Processing /workspaces/hands-on-introduction-data-engineering-4395021/airflow/dags/extract_dag.py took 0.058 seconds
[2026-09-17T04:37:58.588+0000] {processor.py:157} INFO - Started process (PID=106734) to work on /workspaces/hands-on-introduction-data-engineering-4395021/airflow/dags/extract_dag.py
[2026-09-17T04:37:58.590+0000] {processor.py:826} INFO - Processing file /workspaces/hands-on-introduction-data-engineering-4395021/airflow/dags/extract_dag.py for tasks to queue
[2026-09-17T04:37:58.591+0000] {logging_mixin.py:150} INFO - [2026-09-17T04:37:58.590+0000] {dagbag.py:541} INFO - Filling up the DagBag from /workspaces/hands-on-introduction-data-engineering-4395021/airflow/dags/extract_dag.py
[2026-09-17T04:37:58.602+0000] {processor.py:836} INFO - DAG(s) dict_keys(['extract_dag']) retrieved from /workspaces/hands-on-introduction-data-engineering-4395021/airflow/dags/extract_dag.py
[2026-09-17T04:37:58.629+0000] {logging_mixin.py:150} INFO - [2026-09-17T04:37:58.629+0000] {dag.py:2742} INFO - Sync 1 DAGs
[2026-09-17T04:37:58.651+0000] {logging_mixin.py:150} INFO - [2026-09-17T04:37:58.651+0000] {dag.py:3504} INFO - Setting next_dagrun for extract_dag to None, run_after=None
[2026-09-17T04:37:58.670+0000] {processor.py:179} INFO - Processing /workspaces/hands-on-introduction-data-engineering-4395021/airflow/dags/extract_dag.py took 0.085 seconds
[2026-09-17T04:38:28.749+0000] {processor.py:157} INFO - Started process (PID=106903) to work on /workspaces/hands-on-introduction-data-engineering-4395021/airflow/dags/extract_dag.py
[2026-09-17T04:38:28.750+0000] {processor.py:826} INFO - Processing file /workspaces/hands-on-introduction-data-engineering-4395021/airflow/dags/extract_dag.py for tasks to queue
[2026-09-17T04:38:28.751+0000] {logging_mixin.py:150} INFO - [2026-09-17T04:38:28.750+0000] {dagbag.py:541} INFO - Filling up the DagBag from /workspaces/hands-on-introduction-data-engineering-4395021/airflow/dags/extract_dag.py
[2026-09-17T04:38:28.759+0000] {processor.py:836} INFO - DAG(s) dict_keys(['extract_dag']) retrieved from /workspaces/hands-on-introduction-data-engineering-4395021/airflow/dags/extract_dag.py
[2026-09-17T04:38:28.775+0000] {logging_mixin.py:150} INFO - [2026-09-17T04:38:28.775+0000] {dag.py:2742} INFO - Sync 1 DAGs
[2026-09-17T04:38:28.790+0000] {logging_mixin.py:150} INFO - [2026-09-17T04:38:28.790+0000] {dag.py:3504} INFO - Setting next_dagrun for extract_dag to None, run_after=None
[2026-09-17T04:38:28.806+0000] {processor.py:179} INFO - Processing /workspaces/hands-on-introduction-data-engineering-4395021/airflow/dags/extract_dag.py took 0.059 seconds
[2026-09-17T04:38:58.917+0000] {processor.py:157} INFO - Started process (PID=107071) to work on /workspaces/hands-on-introduction-data-engineering-4395021/airflow/dags/extract_dag.py
[2026-09-17T04:38:58.918+0000] {processor.py:826} INFO - Processing file /workspaces/hands-on-introduction-data-engineering-4395021/airflow/dags/extract_dag.py for tasks to queue
[2026-09-17T04:38:58.919+0000] {logging_mixin.py:150} INFO - [2026-09-17T04:38:58.918+0000] {dagbag.py:541} INFO - Filling up the DagBag from /workspaces/hands-on-introduction-data-engineering-4395021/airflow/dags/extract_dag.py
[2026-09-17T04:38:58.927+0000] {processor.py:836} INFO - DAG(s) dict_keys(['extract_dag']) retrieved from /workspaces/hands-on-introduction-data-engineering-4395021/airflow/dags/extract_dag.py
[2026-09-17T04:38:58.951+0000] {logging_mixin.py:150} INFO - [2026-09-17T04:38:58.950+0000] {dag.py:2742} INFO - Sync 1 DAGs
[2026-09-17T04:38:58.975+0000] {logging_mixin.py:150} INFO - [2026-09-17T04:38:58.975+0000] {dag.py:3504} INFO - Setting next_dagrun for extract_dag to None, run_after=None
[2026-09-17T04:38:58.998+0000] {processor.py:179} INFO - Processing /workspaces/hands-on-introduction-data-engineering-4395021/airflow/dags/extract_dag.py took 0.084 seconds
[2026-09-17T04:39:29.085+0000] {processor.py:157} INFO - Started process (PID=107246) to work on /workspaces/hands-on-introduction-data-engineering-4395021/airflow/dags/extract_dag.py
[2026-09-17T04:39:29.086+0000] {processor.py:826} INFO - Processing file /workspaces/hands-on-introduction-data-engineering-4395021/airflow/dags/extract_dag.py for tasks to queue
[2026-09-17T04:39:29.087+0000] {logging_mixin.py:150} INFO - [2026-09-17T04:39:29.086+0000] {dagbag.py:541} INFO - Filling up the DagBag from /workspaces/hands-on-introduction-data-engineering-4395021/airflow/dags/extract_dag.py
[2026-09-17T04:39:29.095+0000] {processor.py:836} INFO - DAG(s) dict_keys(['extract_dag']) retrieved from /workspaces/hands-on-introduction-data-engineering-4395021/airflow/dags/extract_dag.py
[2026-09-17T04:39:29.111+0000] {logging_mixin.py:150} INFO - [2026-09-17T04:39:29.111+0000] {dag.py:2742} INFO - Sync 1 DAGs
[2026-09-17T04:39:29.125+0000] {logging_mixin.py:150} INFO - [2026-09-17T04:39:29.125+0000] {dag.py:3504} INFO - Setting next_dagrun for extract_dag to None, run_after=None
[2026-09-17T04:39:29.140+0000] {processor.py:179} INFO - Processing /workspaces/hands-on-introduction-data-engineering-4395021/airflow/dags/extract_dag.py took 0.058 seconds
[2026-09-17T04:39:59.250+0000] {processor.py:157} INFO - Started process (PID=107409) to work on /workspaces/hands-on-introduction-data-engineering-4395021/airflow/dags/extract_dag.py
[2026-09-17T04:39:59.252+0000] {processor.py:826} INFO - Processing file /workspaces/hands-on-introduction-data-engineering-4395021/airflow/dags/extract_dag.py for tasks to queue
[2026-09-17T04:39:59.252+0000] {logging_mixin.py:150} INFO - [2026-09-17T04:39:59.252+0000] {dagbag.py:541} INFO - Filling up the DagBag from /workspaces/hands-on-introduction-data-engineering-4395021/airflow/dags/extract_dag.py
[2026-09-17T04:39:59.263+0000] {processor.py:836} INFO - DAG(s) dict_keys(['extract_dag']) retrieved from /workspaces/hands-on-introduction-data-engineering-4395021/airflow/dags/extract_dag.py
[2026-09-17T04:39:59.279+0000] {logging_mixin.py:150} INFO - [2026-09-17T04:39:59.279+0000] {dag.py:2742} INFO - Sync 1 DAGs
[2026-09-17T04:39:59.293+0000] {logging_mixin.py:150} INFO - [2026-09-17T04:39:59.293+0000] {dag.py:3504} INFO - Setting next_dagrun for extract_dag to None, run_after=None
[2026-09-17T04:39:59.318+0000] {processor.py:179} INFO - Processing /workspaces/hands-on-introduction-data-engineering-4395021/airflow/dags/extract_dag.py took 0.071 seconds
[2026-09-17T04:40:29.416+0000] {processor.py:157} INFO - Started process (PID=107582) to work on /workspaces/hands-on-introduction-data-engineering-4395021/airflow/dags/extract_dag.py
[2026-09-17T04:40:29.417+0000] {processor.py:826} INFO - Processing file /workspaces/hands-on-introduction-data-engineering-4395021/airflow/dags/extract_dag.py for tasks to queue
[2026-09-17T04:40:29.418+0000] {logging_mixin.py:150} INFO - [2026-09-17T04:40:29.418+0000] {dagbag.py:541} INFO - Filling up the DagBag from /workspaces/hands-on-introduction-data-engineering-4395021/airflow/dags/extract_dag.py
[2026-09-17T04:40:29.428+0000] {processor.py:836} INFO - DAG(s) dict_keys(['extract_dag']) retrieved from /workspaces/hands-on-introduction-data-engineering-4395021/airflow/dags/extract_dag.py
[2026-09-17T04:40:29.443+0000] {logging_mixin.py:150} INFO - [2026-09-17T04:40:29.443+0000] {dag.py:2742} INFO - Sync 1 DAGs
[2026-09-17T04:40:29.457+0000] {logging_mixin.py:150} INFO - [2026-09-17T04:40:29.457+0000] {dag.py:3504} INFO - Setting next_dagrun for extract_dag to None, run_after=None
[2026-09-17T04:40:29.472+0000] {processor.py:179} INFO - Processing /workspaces/hands-on-introduction-data-engineering-4395021/airflow/dags/extract_dag.py took 0.058 seconds
[2026-09-17T04:40:59.578+0000] {processor.py:157} INFO - Started process (PID=107745) to work on /workspaces/hands-on-introduction-data-engineering-4395021/airflow/dags/extract_dag.py
[2026-09-17T04:40:59.579+0000] {processor.py:826} INFO - Processing file /workspaces/hands-on-introduction-data-engineering-4395021/airflow/dags/extract_dag.py for tasks to queue
[2026-09-17T04:40:59.579+0000] {logging_mixin.py:150} INFO - [2026-09-17T04:40:59.579+0000] {dagbag.py:541} INFO - Filling up the DagBag from /workspaces/hands-on-introduction-data-engineering-4395021/airflow/dags/extract_dag.py
[2026-09-17T04:40:59.588+0000] {processor.py:836} INFO - DAG(s) dict_keys(['extract_dag']) retrieved from /workspaces/hands-on-introduction-data-engineering-4395021/airflow/dags/extract_dag.py
[2026-09-17T04:40:59.606+0000] {logging_mixin.py:150} INFO - [2026-09-17T04:40:59.606+0000] {dag.py:2742} INFO - Sync 1 DAGs
[2026-09-17T04:40:59.628+0000] {logging_mixin.py:150} INFO - [2026-09-17T04:40:59.628+0000] {dag.py:3504} INFO - Setting next_dagrun for extract_dag to None, run_after=None
[2026-09-17T04:40:59.654+0000] {processor.py:179} INFO - Processing /workspaces/hands-on-introduction-data-engineering-4395021/airflow/dags/extract_dag.py took 0.079 seconds
[2026-09-17T04:41:29.746+0000] {processor.py:157} INFO - Started process (PID=107920) to work on /workspaces/hands-on-introduction-data-engineering-4395021/airflow/dags/extract_dag.py
[2026-09-17T04:41:29.746+0000] {processor.py:826} INFO - Processing file /workspaces/hands-on-introduction-data-engineering-4395021/airflow/dags/extract_dag.py for tasks to queue
[2026-09-17T04:41:29.747+0000] {logging_mixin.py:150} INFO - [2026-09-17T04:41:29.747+0000] {dagbag.py:541} INFO - Filling up the DagBag from /workspaces/hands-on-introduction-data-engineering-4395021/airflow/dags/extract_dag.py
[2026-09-17T04:41:29.756+0000] {processor.py:836} INFO - DAG(s) dict_keys(['extract_dag']) retrieved from /workspaces/hands-on-introduction-data-engineering-4395021/airflow/dags/extract_dag.py
[2026-09-17T04:41:29.771+0000] {logging_mixin.py:150} INFO - [2026-09-17T04:41:29.771+0000] {dag.py:2742} INFO - Sync 1 DAGs
[2026-09-17T04:41:29.786+0000] {logging_mixin.py:150} INFO - [2026-09-17T04:41:29.785+0000] {dag.py:3504} INFO - Setting next_dagrun for extract_dag to None, run_after=None
[2026-09-17T04:41:29.801+0000] {processor.py:179} INFO - Processing /workspaces/hands-on-introduction-data-engineering-4395021/airflow/dags/extract_dag.py took 0.058 seconds
[2026-09-17T04:41:59.914+0000] {processor.py:157} INFO - Started process (PID=108083) to work on /workspaces/hands-on-introduction-data-engineering-4395021/airflow/dags/extract_dag.py
[2026-09-17T04:41:59.916+0000] {processor.py:826} INFO - Processing file /workspaces/hands-on-introduction-data-engineering-4395021/airflow/dags/extract_dag.py for tasks to queue
[2026-09-17T04:41:59.917+0000] {logging_mixin.py:150} INFO - [2026-09-17T04:41:59.917+0000] {dagbag.py:541} INFO - Filling up the DagBag from /workspaces/hands-on-introduction-data-engineering-4395021/airflow/dags/extract_dag.py
[2026-09-17T04:41:59.933+0000] {processor.py:836} INFO - DAG(s) dict_keys(['extract_dag']) retrieved from /workspaces/hands-on-introduction-data-engineering-4395021/airflow/dags/extract_dag.py
[2026-09-17T04:41:59.959+0000] {logging_mixin.py:150} INFO - [2026-09-17T04:41:59.958+0000] {dag.py:2742} INFO - Sync 1 DAGs
[2026-09-17T04:41:59.982+0000] {logging_mixin.py:150} INFO - [2026-09-17T04:41:59.981+0000] {dag.py:3504} INFO - Setting next_dagrun for extract_dag to None, run_after=None
[2026-09-17T04:41:59.998+0000] {processor.py:179} INFO - Processing /workspaces/hands-on-introduction-data-engineering-4395021/airflow/dags/extract_dag.py took 0.087 seconds
[2026-09-17T04:42:30.073+0000] {processor.py:157} INFO - Started process (PID=108302) to work on /workspaces/hands-on-introduction-data-engineering-4395021/airflow/dags/extract_dag.py
[2026-09-17T04:42:30.074+0000] {processor.py:826} INFO - Processing file /workspaces/hands-on-introduction-data-engineering-4395021/airflow/dags/extract_dag.py for tasks to queue
[2026-09-17T04:42:30.075+0000] {logging_mixin.py:150} INFO - [2026-09-17T04:42:30.074+0000] {dagbag.py:541} INFO - Filling up the DagBag from /workspaces/hands-on-introduction-data-engineering-4395021/airflow/dags/extract_dag.py
[2026-09-17T04:42:30.083+0000] {processor.py:836} INFO - DAG(s) dict_keys(['extract_dag']) retrieved from /workspaces/hands-on-introduction-data-engineering-4395021/airflow/dags/extract_dag.py
[2026-09-17T04:42:30.099+0000] {logging_mixin.py:150} INFO - [2026-09-17T04:42:30.098+0000] {dag.py:2742} INFO - Sync 1 DAGs
[2026-09-17T04:42:30.113+0000] {logging_mixin.py:150} INFO - [2026-09-17T04:42:30.113+0000] {dag.py:3504} INFO - Setting next_dagrun for extract_dag to None, run_after=None
[2026-09-17T04:42:30.128+0000] {processor.py:179} INFO - Processing /workspaces/hands-on-introduction-data-engineering-4395021/airflow/dags/extract_dag.py took 0.057 seconds
[2026-09-17T06:53:17.802+0000] {processor.py:157} INFO - Started process (PID=21774) to work on /workspaces/hands-on-introduction-data-engineering-4395021/airflow/dags/extract_dag.py
[2026-09-17T06:53:17.845+0000] {processor.py:826} INFO - Processing file /workspaces/hands-on-introduction-data-engineering-4395021/airflow/dags/extract_dag.py for tasks to queue
[2026-09-17T06:53:17.847+0000] {logging_mixin.py:150} INFO - [2026-09-17T06:53:17.846+0000] {dagbag.py:541} INFO - Filling up the DagBag from /workspaces/hands-on-introduction-data-engineering-4395021/airflow/dags/extract_dag.py
[2026-09-17T06:53:18.049+0000] {processor.py:836} INFO - DAG(s) dict_keys(['extract_dag']) retrieved from /workspaces/hands-on-introduction-data-engineering-4395021/airflow/dags/extract_dag.py
[2026-09-17T06:53:18.092+0000] {logging_mixin.py:150} INFO - [2026-09-17T06:53:18.092+0000] {dag.py:2742} INFO - Sync 1 DAGs
[2026-09-17T06:53:18.114+0000] {logging_mixin.py:150} INFO - [2026-09-17T06:53:18.113+0000] {dag.py:3504} INFO - Setting next_dagrun for extract_dag to None, run_after=None
[2026-09-17T06:53:18.144+0000] {processor.py:179} INFO - Processing /workspaces/hands-on-introduction-data-engineering-4395021/airflow/dags/extract_dag.py took 0.344 seconds
[2026-09-17T06:53:48.287+0000] {processor.py:157} INFO - Started process (PID=22146) to work on /workspaces/hands-on-introduction-data-engineering-4395021/airflow/dags/extract_dag.py
[2026-09-17T06:53:48.288+0000] {processor.py:826} INFO - Processing file /workspaces/hands-on-introduction-data-engineering-4395021/airflow/dags/extract_dag.py for tasks to queue
[2026-09-17T06:53:48.289+0000] {logging_mixin.py:150} INFO - [2026-09-17T06:53:48.289+0000] {dagbag.py:541} INFO - Filling up the DagBag from /workspaces/hands-on-introduction-data-engineering-4395021/airflow/dags/extract_dag.py
[2026-09-17T06:53:48.297+0000] {processor.py:836} INFO - DAG(s) dict_keys(['extract_dag']) retrieved from /workspaces/hands-on-introduction-data-engineering-4395021/airflow/dags/extract_dag.py
[2026-09-17T06:53:48.313+0000] {logging_mixin.py:150} INFO - [2026-09-17T06:53:48.313+0000] {dag.py:2742} INFO - Sync 1 DAGs
[2026-09-17T06:53:48.329+0000] {logging_mixin.py:150} INFO - [2026-09-17T06:53:48.329+0000] {dag.py:3504} INFO - Setting next_dagrun for extract_dag to None, run_after=None
[2026-09-17T06:53:48.351+0000] {processor.py:179} INFO - Processing /workspaces/hands-on-introduction-data-engineering-4395021/airflow/dags/extract_dag.py took 0.067 seconds
[2026-09-17T06:54:18.909+0000] {processor.py:157} INFO - Started process (PID=22449) to work on /workspaces/hands-on-introduction-data-engineering-4395021/airflow/dags/extract_dag.py
[2026-09-17T06:54:18.910+0000] {processor.py:826} INFO - Processing file /workspaces/hands-on-introduction-data-engineering-4395021/airflow/dags/extract_dag.py for tasks to queue
[2026-09-17T06:54:18.911+0000] {logging_mixin.py:150} INFO - [2026-09-17T06:54:18.911+0000] {dagbag.py:541} INFO - Filling up the DagBag from /workspaces/hands-on-introduction-data-engineering-4395021/airflow/dags/extract_dag.py
[2026-09-17T06:54:18.922+0000] {processor.py:836} INFO - DAG(s) dict_keys(['extract_dag']) retrieved from /workspaces/hands-on-introduction-data-engineering-4395021/airflow/dags/extract_dag.py
[2026-09-17T06:54:18.946+0000] {logging_mixin.py:150} INFO - [2026-09-17T06:54:18.945+0000] {dag.py:2742} INFO - Sync 1 DAGs
[2026-09-17T06:54:18.966+0000] {logging_mixin.py:150} INFO - [2026-09-17T06:54:18.966+0000] {dag.py:3504} INFO - Setting next_dagrun for extract_dag to None, run_after=None
[2026-09-17T06:54:18.982+0000] {processor.py:179} INFO - Processing /workspaces/hands-on-introduction-data-engineering-4395021/airflow/dags/extract_dag.py took 0.076 seconds
[2026-09-17T06:54:49.245+0000] {processor.py:157} INFO - Started process (PID=22622) to work on /workspaces/hands-on-introduction-data-engineering-4395021/airflow/dags/extract_dag.py
[2026-09-17T06:54:49.248+0000] {processor.py:826} INFO - Processing file /workspaces/hands-on-introduction-data-engineering-4395021/airflow/dags/extract_dag.py for tasks to queue
[2026-09-17T06:54:49.249+0000] {logging_mixin.py:150} INFO - [2026-09-17T06:54:49.249+0000] {dagbag.py:541} INFO - Filling up the DagBag from /workspaces/hands-on-introduction-data-engineering-4395021/airflow/dags/extract_dag.py
[2026-09-17T06:54:49.262+0000] {processor.py:836} INFO - DAG(s) dict_keys(['extract_dag']) retrieved from /workspaces/hands-on-introduction-data-engineering-4395021/airflow/dags/extract_dag.py
[2026-09-17T06:54:49.289+0000] {logging_mixin.py:150} INFO - [2026-09-17T06:54:49.289+0000] {dag.py:2742} INFO - Sync 1 DAGs
[2026-09-17T06:54:49.308+0000] {logging_mixin.py:150} INFO - [2026-09-17T06:54:49.308+0000] {dag.py:3504} INFO - Setting next_dagrun for extract_dag to None, run_after=None
[2026-09-17T06:54:49.324+0000] {processor.py:179} INFO - Processing /workspaces/hands-on-introduction-data-engineering-4395021/airflow/dags/extract_dag.py took 0.085 seconds
[2026-09-17T06:55:19.481+0000] {processor.py:157} INFO - Started process (PID=22880) to work on /workspaces/hands-on-introduction-data-engineering-4395021/airflow/dags/extract_dag.py
[2026-09-17T06:55:19.482+0000] {processor.py:826} INFO - Processing file /workspaces/hands-on-introduction-data-engineering-4395021/airflow/dags/extract_dag.py for tasks to queue
[2026-09-17T06:55:19.483+0000] {logging_mixin.py:150} INFO - [2026-09-17T06:55:19.482+0000] {dagbag.py:541} INFO - Filling up the DagBag from /workspaces/hands-on-introduction-data-engineering-4395021/airflow/dags/extract_dag.py
[2026-09-17T06:55:19.491+0000] {processor.py:836} INFO - DAG(s) dict_keys(['extract_dag']) retrieved from /workspaces/hands-on-introduction-data-engineering-4395021/airflow/dags/extract_dag.py
[2026-09-17T06:55:19.507+0000] {logging_mixin.py:150} INFO - [2026-09-17T06:55:19.507+0000] {dag.py:2742} INFO - Sync 1 DAGs
[2026-09-17T06:55:19.522+0000] {logging_mixin.py:150} INFO - [2026-09-17T06:55:19.522+0000] {dag.py:3504} INFO - Setting next_dagrun for extract_dag to None, run_after=None
[2026-09-17T06:55:19.546+0000] {processor.py:179} INFO - Processing /workspaces/hands-on-introduction-data-engineering-4395021/airflow/dags/extract_dag.py took 0.067 seconds
[2026-09-17T06:55:50.596+0000] {processor.py:157} INFO - Started process (PID=23057) to work on /workspaces/hands-on-introduction-data-engineering-4395021/airflow/dags/extract_dag.py
[2026-09-17T06:55:50.597+0000] {processor.py:826} INFO - Processing file /workspaces/hands-on-introduction-data-engineering-4395021/airflow/dags/extract_dag.py for tasks to queue
[2026-09-17T06:55:50.598+0000] {logging_mixin.py:150} INFO - [2026-09-17T06:55:50.598+0000] {dagbag.py:541} INFO - Filling up the DagBag from /workspaces/hands-on-introduction-data-engineering-4395021/airflow/dags/extract_dag.py
[2026-09-17T06:55:50.607+0000] {processor.py:836} INFO - DAG(s) dict_keys(['extract_dag']) retrieved from /workspaces/hands-on-introduction-data-engineering-4395021/airflow/dags/extract_dag.py
[2026-09-17T06:55:50.623+0000] {logging_mixin.py:150} INFO - [2026-09-17T06:55:50.623+0000] {dag.py:2742} INFO - Sync 1 DAGs
[2026-09-17T06:55:50.640+0000] {logging_mixin.py:150} INFO - [2026-09-17T06:55:50.640+0000] {dag.py:3504} INFO - Setting next_dagrun for extract_dag to None, run_after=None
[2026-09-17T06:55:50.658+0000] {processor.py:179} INFO - Processing /workspaces/hands-on-introduction-data-engineering-4395021/airflow/dags/extract_dag.py took 0.064 seconds
[2026-09-17T06:56:21.709+0000] {processor.py:157} INFO - Started process (PID=23260) to work on /workspaces/hands-on-introduction-data-engineering-4395021/airflow/dags/extract_dag.py
[2026-09-17T06:56:21.710+0000] {processor.py:826} INFO - Processing file /workspaces/hands-on-introduction-data-engineering-4395021/airflow/dags/extract_dag.py for tasks to queue
[2026-09-17T06:56:21.711+0000] {logging_mixin.py:150} INFO - [2026-09-17T06:56:21.710+0000] {dagbag.py:541} INFO - Filling up the DagBag from /workspaces/hands-on-introduction-data-engineering-4395021/airflow/dags/extract_dag.py
[2026-09-17T06:56:21.721+0000] {processor.py:836} INFO - DAG(s) dict_keys(['extract_dag']) retrieved from /workspaces/hands-on-introduction-data-engineering-4395021/airflow/dags/extract_dag.py
[2026-09-17T06:56:21.741+0000] {logging_mixin.py:150} INFO - [2026-09-17T06:56:21.741+0000] {dag.py:2742} INFO - Sync 1 DAGs
[2026-09-17T06:56:21.758+0000] {logging_mixin.py:150} INFO - [2026-09-17T06:56:21.758+0000] {dag.py:3504} INFO - Setting next_dagrun for extract_dag to None, run_after=None
[2026-09-17T06:56:21.788+0000] {processor.py:179} INFO - Processing /workspaces/hands-on-introduction-data-engineering-4395021/airflow/dags/extract_dag.py took 0.082 seconds
[2026-09-17T06:56:52.389+0000] {processor.py:157} INFO - Started process (PID=23643) to work on /workspaces/hands-on-introduction-data-engineering-4395021/airflow/dags/extract_dag.py
[2026-09-17T06:56:52.390+0000] {processor.py:826} INFO - Processing file /workspaces/hands-on-introduction-data-engineering-4395021/airflow/dags/extract_dag.py for tasks to queue
[2026-09-17T06:56:52.390+0000] {logging_mixin.py:150} INFO - [2026-09-17T06:56:52.390+0000] {dagbag.py:541} INFO - Filling up the DagBag from /workspaces/hands-on-introduction-data-engineering-4395021/airflow/dags/extract_dag.py
[2026-09-17T06:56:52.399+0000] {processor.py:836} INFO - DAG(s) dict_keys(['extract_dag']) retrieved from /workspaces/hands-on-introduction-data-engineering-4395021/airflow/dags/extract_dag.py
[2026-09-17T06:56:52.415+0000] {logging_mixin.py:150} INFO - [2026-09-17T06:56:52.415+0000] {dag.py:2742} INFO - Sync 1 DAGs
[2026-09-17T06:56:52.430+0000] {logging_mixin.py:150} INFO - [2026-09-17T06:56:52.430+0000] {dag.py:3504} INFO - Setting next_dagrun for extract_dag to None, run_after=None
[2026-09-17T06:56:52.451+0000] {processor.py:179} INFO - Processing /workspaces/hands-on-introduction-data-engineering-4395021/airflow/dags/extract_dag.py took 0.064 seconds
[2026-09-17T06:57:22.721+0000] {processor.py:157} INFO - Started process (PID=23972) to work on /workspaces/hands-on-introduction-data-engineering-4395021/airflow/dags/extract_dag.py
[2026-09-17T06:57:22.722+0000] {processor.py:826} INFO - Processing file /workspaces/hands-on-introduction-data-engineering-4395021/airflow/dags/extract_dag.py for tasks to queue
[2026-09-17T06:57:22.723+0000] {logging_mixin.py:150} INFO - [2026-09-17T06:57:22.722+0000] {dagbag.py:541} INFO - Filling up the DagBag from /workspaces/hands-on-introduction-data-engineering-4395021/airflow/dags/extract_dag.py
[2026-09-17T06:57:22.738+0000] {processor.py:836} INFO - DAG(s) dict_keys(['extract_dag']) retrieved from /workspaces/hands-on-introduction-data-engineering-4395021/airflow/dags/extract_dag.py
[2026-09-17T06:57:22.758+0000] {logging_mixin.py:150} INFO - [2026-09-17T06:57:22.758+0000] {dag.py:2742} INFO - Sync 1 DAGs
[2026-09-17T06:57:22.773+0000] {logging_mixin.py:150} INFO - [2026-09-17T06:57:22.773+0000] {dag.py:3504} INFO - Setting next_dagrun for extract_dag to None, run_after=None
[2026-09-17T06:57:22.789+0000] {processor.py:179} INFO - Processing /workspaces/hands-on-introduction-data-engineering-4395021/airflow/dags/extract_dag.py took 0.071 seconds
[2026-09-17T06:57:53.030+0000] {processor.py:157} INFO - Started process (PID=24168) to work on /workspaces/hands-on-introduction-data-engineering-4395021/airflow/dags/extract_dag.py
[2026-09-17T06:57:53.031+0000] {processor.py:826} INFO - Processing file /workspaces/hands-on-introduction-data-engineering-4395021/airflow/dags/extract_dag.py for tasks to queue
[2026-09-17T06:57:53.032+0000] {logging_mixin.py:150} INFO - [2026-09-17T06:57:53.032+0000] {dagbag.py:541} INFO - Filling up the DagBag from /workspaces/hands-on-introduction-data-engineering-4395021/airflow/dags/extract_dag.py
[2026-09-17T06:57:53.043+0000] {processor.py:836} INFO - DAG(s) dict_keys(['extract_dag']) retrieved from /workspaces/hands-on-introduction-data-engineering-4395021/airflow/dags/extract_dag.py
[2026-09-17T06:57:53.060+0000] {logging_mixin.py:150} INFO - [2026-09-17T06:57:53.060+0000] {dag.py:2742} INFO - Sync 1 DAGs
[2026-09-17T06:57:53.075+0000] {logging_mixin.py:150} INFO - [2026-09-17T06:57:53.075+0000] {dag.py:3504} INFO - Setting next_dagrun for extract_dag to None, run_after=None
[2026-09-17T06:57:53.090+0000] {processor.py:179} INFO - Processing /workspaces/hands-on-introduction-data-engineering-4395021/airflow/dags/extract_dag.py took 0.062 seconds
[2026-09-17T06:58:23.355+0000] {processor.py:157} INFO - Started process (PID=24398) to work on /workspaces/hands-on-introduction-data-engineering-4395021/airflow/dags/extract_dag.py
[2026-09-17T06:58:23.356+0000] {processor.py:826} INFO - Processing file /workspaces/hands-on-introduction-data-engineering-4395021/airflow/dags/extract_dag.py for tasks to queue
[2026-09-17T06:58:23.356+0000] {logging_mixin.py:150} INFO - [2026-09-17T06:58:23.356+0000] {dagbag.py:541} INFO - Filling up the DagBag from /workspaces/hands-on-introduction-data-engineering-4395021/airflow/dags/extract_dag.py
[2026-09-17T06:58:23.365+0000] {processor.py:836} INFO - DAG(s) dict_keys(['extract_dag']) retrieved from /workspaces/hands-on-introduction-data-engineering-4395021/airflow/dags/extract_dag.py
[2026-09-17T06:58:23.381+0000] {logging_mixin.py:150} INFO - [2026-09-17T06:58:23.381+0000] {dag.py:2742} INFO - Sync 1 DAGs
[2026-09-17T06:58:23.395+0000] {logging_mixin.py:150} INFO - [2026-09-17T06:58:23.395+0000] {dag.py:3504} INFO - Setting next_dagrun for extract_dag to None, run_after=None
[2026-09-17T06:58:23.410+0000] {processor.py:179} INFO - Processing /workspaces/hands-on-introduction-data-engineering-4395021/airflow/dags/extract_dag.py took 0.058 seconds
[2026-09-17T06:58:53.709+0000] {processor.py:157} INFO - Started process (PID=24591) to work on /workspaces/hands-on-introduction-data-engineering-4395021/airflow/dags/extract_dag.py
[2026-09-17T06:58:53.710+0000] {processor.py:826} INFO - Processing file /workspaces/hands-on-introduction-data-engineering-4395021/airflow/dags/extract_dag.py for tasks to queue
[2026-09-17T06:58:53.711+0000] {logging_mixin.py:150} INFO - [2026-09-17T06:58:53.710+0000] {dagbag.py:541} INFO - Filling up the DagBag from /workspaces/hands-on-introduction-data-engineering-4395021/airflow/dags/extract_dag.py
[2026-09-17T06:58:53.720+0000] {processor.py:836} INFO - DAG(s) dict_keys(['extract_dag']) retrieved from /workspaces/hands-on-introduction-data-engineering-4395021/airflow/dags/extract_dag.py
[2026-09-17T06:58:53.739+0000] {logging_mixin.py:150} INFO - [2026-09-17T06:58:53.739+0000] {dag.py:2742} INFO - Sync 1 DAGs
[2026-09-17T06:58:53.757+0000] {logging_mixin.py:150} INFO - [2026-09-17T06:58:53.757+0000] {dag.py:3504} INFO - Setting next_dagrun for extract_dag to None, run_after=None
[2026-09-17T06:58:53.772+0000] {processor.py:179} INFO - Processing /workspaces/hands-on-introduction-data-engineering-4395021/airflow/dags/extract_dag.py took 0.065 seconds
[2026-09-17T06:59:24.025+0000] {processor.py:157} INFO - Started process (PID=24786) to work on /workspaces/hands-on-introduction-data-engineering-4395021/airflow/dags/extract_dag.py
[2026-09-17T06:59:24.026+0000] {processor.py:826} INFO - Processing file /workspaces/hands-on-introduction-data-engineering-4395021/airflow/dags/extract_dag.py for tasks to queue
[2026-09-17T06:59:24.026+0000] {logging_mixin.py:150} INFO - [2026-09-17T06:59:24.026+0000] {dagbag.py:541} INFO - Filling up the DagBag from /workspaces/hands-on-introduction-data-engineering-4395021/airflow/dags/extract_dag.py
[2026-09-17T06:59:24.037+0000] {processor.py:836} INFO - DAG(s) dict_keys(['extract_dag']) retrieved from /workspaces/hands-on-introduction-data-engineering-4395021/airflow/dags/extract_dag.py
[2026-09-17T06:59:24.058+0000] {logging_mixin.py:150} INFO - [2026-09-17T06:59:24.058+0000] {dag.py:2742} INFO - Sync 1 DAGs
[2026-09-17T06:59:24.072+0000] {logging_mixin.py:150} INFO - [2026-09-17T06:59:24.072+0000] {dag.py:3504} INFO - Setting next_dagrun for extract_dag to None, run_after=None
[2026-09-17T06:59:24.096+0000] {processor.py:179} INFO - Processing /workspaces/hands-on-introduction-data-engineering-4395021/airflow/dags/extract_dag.py took 0.073 seconds
[2026-09-17T06:59:54.349+0000] {processor.py:157} INFO - Started process (PID=25040) to work on /workspaces/hands-on-introduction-data-engineering-4395021/airflow/dags/extract_dag.py
[2026-09-17T06:59:54.349+0000] {processor.py:826} INFO - Processing file /workspaces/hands-on-introduction-data-engineering-4395021/airflow/dags/extract_dag.py for tasks to queue
[2026-09-17T06:59:54.350+0000] {logging_mixin.py:150} INFO - [2026-09-17T06:59:54.350+0000] {dagbag.py:541} INFO - Filling up the DagBag from /workspaces/hands-on-introduction-data-engineering-4395021/airflow/dags/extract_dag.py
[2026-09-17T06:59:54.359+0000] {processor.py:836} INFO - DAG(s) dict_keys(['extract_dag']) retrieved from /workspaces/hands-on-introduction-data-engineering-4395021/airflow/dags/extract_dag.py
[2026-09-17T06:59:54.376+0000] {logging_mixin.py:150} INFO - [2026-09-17T06:59:54.375+0000] {dag.py:2742} INFO - Sync 1 DAGs
[2026-09-17T06:59:54.390+0000] {logging_mixin.py:150} INFO - [2026-09-17T06:59:54.390+0000] {dag.py:3504} INFO - Setting next_dagrun for extract_dag to None, run_after=None
[2026-09-17T06:59:54.405+0000] {processor.py:179} INFO - Processing /workspaces/hands-on-introduction-data-engineering-4395021/airflow/dags/extract_dag.py took 0.059 seconds
[2026-09-17T07:00:24.658+0000] {processor.py:157} INFO - Started process (PID=25238) to work on /workspaces/hands-on-introduction-data-engineering-4395021/airflow/dags/extract_dag.py
[2026-09-17T07:00:24.659+0000] {processor.py:826} INFO - Processing file /workspaces/hands-on-introduction-data-engineering-4395021/airflow/dags/extract_dag.py for tasks to queue
[2026-09-17T07:00:24.659+0000] {logging_mixin.py:150} INFO - [2026-09-17T07:00:24.659+0000] {dagbag.py:541} INFO - Filling up the DagBag from /workspaces/hands-on-introduction-data-engineering-4395021/airflow/dags/extract_dag.py
[2026-09-17T07:00:24.668+0000] {processor.py:836} INFO - DAG(s) dict_keys(['extract_dag']) retrieved from /workspaces/hands-on-introduction-data-engineering-4395021/airflow/dags/extract_dag.py
[2026-09-17T07:00:24.683+0000] {logging_mixin.py:150} INFO - [2026-09-17T07:00:24.683+0000] {dag.py:2742} INFO - Sync 1 DAGs
[2026-09-17T07:00:24.698+0000] {logging_mixin.py:150} INFO - [2026-09-17T07:00:24.698+0000] {dag.py:3504} INFO - Setting next_dagrun for extract_dag to None, run_after=None
[2026-09-17T07:00:24.714+0000] {processor.py:179} INFO - Processing /workspaces/hands-on-introduction-data-engineering-4395021/airflow/dags/extract_dag.py took 0.059 seconds
[2026-09-17T07:00:54.967+0000] {processor.py:157} INFO - Started process (PID=25428) to work on /workspaces/hands-on-introduction-data-engineering-4395021/airflow/dags/extract_dag.py
[2026-09-17T07:00:54.967+0000] {processor.py:826} INFO - Processing file /workspaces/hands-on-introduction-data-engineering-4395021/airflow/dags/extract_dag.py for tasks to queue
[2026-09-17T07:00:54.968+0000] {logging_mixin.py:150} INFO - [2026-09-17T07:00:54.968+0000] {dagbag.py:541} INFO - Filling up the DagBag from /workspaces/hands-on-introduction-data-engineering-4395021/airflow/dags/extract_dag.py
[2026-09-17T07:00:54.977+0000] {processor.py:836} INFO - DAG(s) dict_keys(['extract_dag']) retrieved from /workspaces/hands-on-introduction-data-engineering-4395021/airflow/dags/extract_dag.py
[2026-09-17T07:00:54.994+0000] {logging_mixin.py:150} INFO - [2026-09-17T07:00:54.994+0000] {dag.py:2742} INFO - Sync 1 DAGs
[2026-09-17T07:00:55.009+0000] {logging_mixin.py:150} INFO - [2026-09-17T07:00:55.009+0000] {dag.py:3504} INFO - Setting next_dagrun for extract_dag to None, run_after=None
[2026-09-17T07:00:55.024+0000] {processor.py:179} INFO - Processing /workspaces/hands-on-introduction-data-engineering-4395021/airflow/dags/extract_dag.py took 0.060 seconds
[2026-09-17T07:01:25.283+0000] {processor.py:157} INFO - Started process (PID=25603) to work on /workspaces/hands-on-introduction-data-engineering-4395021/airflow/dags/extract_dag.py
[2026-09-17T07:01:25.284+0000] {processor.py:826} INFO - Processing file /workspaces/hands-on-introduction-data-engineering-4395021/airflow/dags/extract_dag.py for tasks to queue
[2026-09-17T07:01:25.284+0000] {logging_mixin.py:150} INFO - [2026-09-17T07:01:25.284+0000] {dagbag.py:541} INFO - Filling up the DagBag from /workspaces/hands-on-introduction-data-engineering-4395021/airflow/dags/extract_dag.py
[2026-09-17T07:01:25.293+0000] {processor.py:836} INFO - DAG(s) dict_keys(['extract_dag']) retrieved from /workspaces/hands-on-introduction-data-engineering-4395021/airflow/dags/extract_dag.py
[2026-09-17T07:01:25.311+0000] {logging_mixin.py:150} INFO - [2026-09-17T07:01:25.311+0000] {dag.py:2742} INFO - Sync 1 DAGs
[2026-09-17T07:01:25.332+0000] {logging_mixin.py:150} INFO - [2026-09-17T07:01:25.332+0000] {dag.py:3504} INFO - Setting next_dagrun for extract_dag to None, run_after=None
[2026-09-17T07:01:25.351+0000] {processor.py:179} INFO - Processing /workspaces/hands-on-introduction-data-engineering-4395021/airflow/dags/extract_dag.py took 0.071 seconds
[2026-09-17T07:01:55.628+0000] {processor.py:157} INFO - Started process (PID=25766) to work on /workspaces/hands-on-introduction-data-engineering-4395021/airflow/dags/extract_dag.py
[2026-09-17T07:01:55.629+0000] {processor.py:826} INFO - Processing file /workspaces/hands-on-introduction-data-engineering-4395021/airflow/dags/extract_dag.py for tasks to queue
[2026-09-17T07:01:55.630+0000] {logging_mixin.py:150} INFO - [2026-09-17T07:01:55.629+0000] {dagbag.py:541} INFO - Filling up the DagBag from /workspaces/hands-on-introduction-data-engineering-4395021/airflow/dags/extract_dag.py
[2026-09-17T07:01:55.641+0000] {processor.py:836} INFO - DAG(s) dict_keys(['extract_dag']) retrieved from /workspaces/hands-on-introduction-data-engineering-4395021/airflow/dags/extract_dag.py
[2026-09-17T07:01:55.663+0000] {logging_mixin.py:150} INFO - [2026-09-17T07:01:55.663+0000] {dag.py:2742} INFO - Sync 1 DAGs
[2026-09-17T07:01:55.679+0000] {logging_mixin.py:150} INFO - [2026-09-17T07:01:55.679+0000] {dag.py:3504} INFO - Setting next_dagrun for extract_dag to None, run_after=None
[2026-09-17T07:01:55.693+0000] {processor.py:179} INFO - Processing /workspaces/hands-on-introduction-data-engineering-4395021/airflow/dags/extract_dag.py took 0.068 seconds
[2026-09-17T07:02:25.950+0000] {processor.py:157} INFO - Started process (PID=25980) to work on /workspaces/hands-on-introduction-data-engineering-4395021/airflow/dags/extract_dag.py
[2026-09-17T07:02:25.951+0000] {processor.py:826} INFO - Processing file /workspaces/hands-on-introduction-data-engineering-4395021/airflow/dags/extract_dag.py for tasks to queue
[2026-09-17T07:02:25.952+0000] {logging_mixin.py:150} INFO - [2026-09-17T07:02:25.952+0000] {dagbag.py:541} INFO - Filling up the DagBag from /workspaces/hands-on-introduction-data-engineering-4395021/airflow/dags/extract_dag.py
[2026-09-17T07:02:25.961+0000] {processor.py:836} INFO - DAG(s) dict_keys(['extract_dag']) retrieved from /workspaces/hands-on-introduction-data-engineering-4395021/airflow/dags/extract_dag.py
[2026-09-17T07:02:25.981+0000] {logging_mixin.py:150} INFO - [2026-09-17T07:02:25.981+0000] {dag.py:2742} INFO - Sync 1 DAGs
[2026-09-17T07:02:25.998+0000] {logging_mixin.py:150} INFO - [2026-09-17T07:02:25.998+0000] {dag.py:3504} INFO - Setting next_dagrun for extract_dag to None, run_after=None
[2026-09-17T07:02:26.020+0000] {processor.py:179} INFO - Processing /workspaces/hands-on-introduction-data-engineering-4395021/airflow/dags/extract_dag.py took 0.073 seconds
[2026-09-17T07:02:56.272+0000] {processor.py:157} INFO - Started process (PID=26149) to work on /workspaces/hands-on-introduction-data-engineering-4395021/airflow/dags/extract_dag.py
[2026-09-17T07:02:56.273+0000] {processor.py:826} INFO - Processing file /workspaces/hands-on-introduction-data-engineering-4395021/airflow/dags/extract_dag.py for tasks to queue
[2026-09-17T07:02:56.274+0000] {logging_mixin.py:150} INFO - [2026-09-17T07:02:56.273+0000] {dagbag.py:541} INFO - Filling up the DagBag from /workspaces/hands-on-introduction-data-engineering-4395021/airflow/dags/extract_dag.py
[2026-09-17T07:02:56.283+0000] {processor.py:836} INFO - DAG(s) dict_keys(['extract_dag']) retrieved from /workspaces/hands-on-introduction-data-engineering-4395021/airflow/dags/extract_dag.py
[2026-09-17T07:02:56.299+0000] {logging_mixin.py:150} INFO - [2026-09-17T07:02:56.299+0000] {dag.py:2742} INFO - Sync 1 DAGs
[2026-09-17T07:02:56.316+0000] {logging_mixin.py:150} INFO - [2026-09-17T07:02:56.316+0000] {dag.py:3504} INFO - Setting next_dagrun for extract_dag to None, run_after=None
[2026-09-17T07:02:56.332+0000] {processor.py:179} INFO - Processing /workspaces/hands-on-introduction-data-engineering-4395021/airflow/dags/extract_dag.py took 0.062 seconds
[2026-09-17T07:03:26.589+0000] {processor.py:157} INFO - Started process (PID=26342) to work on /workspaces/hands-on-introduction-data-engineering-4395021/airflow/dags/extract_dag.py
[2026-09-17T07:03:26.590+0000] {processor.py:826} INFO - Processing file /workspaces/hands-on-introduction-data-engineering-4395021/airflow/dags/extract_dag.py for tasks to queue
[2026-09-17T07:03:26.591+0000] {logging_mixin.py:150} INFO - [2026-09-17T07:03:26.590+0000] {dagbag.py:541} INFO - Filling up the DagBag from /workspaces/hands-on-introduction-data-engineering-4395021/airflow/dags/extract_dag.py
[2026-09-17T07:03:26.601+0000] {processor.py:836} INFO - DAG(s) dict_keys(['extract_dag']) retrieved from /workspaces/hands-on-introduction-data-engineering-4395021/airflow/dags/extract_dag.py
[2026-09-17T07:03:26.618+0000] {logging_mixin.py:150} INFO - [2026-09-17T07:03:26.617+0000] {dag.py:2742} INFO - Sync 1 DAGs
[2026-09-17T07:03:26.633+0000] {logging_mixin.py:150} INFO - [2026-09-17T07:03:26.633+0000] {dag.py:3504} INFO - Setting next_dagrun for extract_dag to None, run_after=None
[2026-09-17T07:03:26.654+0000] {processor.py:179} INFO - Processing /workspaces/hands-on-introduction-data-engineering-4395021/airflow/dags/extract_dag.py took 0.068 seconds
[2026-09-17T07:03:56.913+0000] {processor.py:157} INFO - Started process (PID=26511) to work on /workspaces/hands-on-introduction-data-engineering-4395021/airflow/dags/extract_dag.py
[2026-09-17T07:03:56.914+0000] {processor.py:826} INFO - Processing file /workspaces/hands-on-introduction-data-engineering-4395021/airflow/dags/extract_dag.py for tasks to queue
[2026-09-17T07:03:56.914+0000] {logging_mixin.py:150} INFO - [2026-09-17T07:03:56.914+0000] {dagbag.py:541} INFO - Filling up the DagBag from /workspaces/hands-on-introduction-data-engineering-4395021/airflow/dags/extract_dag.py
[2026-09-17T07:03:56.924+0000] {processor.py:836} INFO - DAG(s) dict_keys(['extract_dag']) retrieved from /workspaces/hands-on-introduction-data-engineering-4395021/airflow/dags/extract_dag.py
[2026-09-17T07:03:56.944+0000] {logging_mixin.py:150} INFO - [2026-09-17T07:03:56.943+0000] {dag.py:2742} INFO - Sync 1 DAGs
[2026-09-17T07:03:56.960+0000] {logging_mixin.py:150} INFO - [2026-09-17T07:03:56.960+0000] {dag.py:3504} INFO - Setting next_dagrun for extract_dag to None, run_after=None
[2026-09-17T07:03:56.975+0000] {processor.py:179} INFO - Processing /workspaces/hands-on-introduction-data-engineering-4395021/airflow/dags/extract_dag.py took 0.066 seconds
[2026-09-17T07:04:27.240+0000] {processor.py:157} INFO - Started process (PID=26680) to work on /workspaces/hands-on-introduction-data-engineering-4395021/airflow/dags/extract_dag.py
[2026-09-17T07:04:27.241+0000] {processor.py:826} INFO - Processing file /workspaces/hands-on-introduction-data-engineering-4395021/airflow/dags/extract_dag.py for tasks to queue
[2026-09-17T07:04:27.242+0000] {logging_mixin.py:150} INFO - [2026-09-17T07:04:27.242+0000] {dagbag.py:541} INFO - Filling up the DagBag from /workspaces/hands-on-introduction-data-engineering-4395021/airflow/dags/extract_dag.py
[2026-09-17T07:04:27.256+0000] {processor.py:836} INFO - DAG(s) dict_keys(['extract_dag']) retrieved from /workspaces/hands-on-introduction-data-engineering-4395021/airflow/dags/extract_dag.py
[2026-09-17T07:04:27.283+0000] {logging_mixin.py:150} INFO - [2026-09-17T07:04:27.283+0000] {dag.py:2742} INFO - Sync 1 DAGs
[2026-09-17T07:04:27.305+0000] {logging_mixin.py:150} INFO - [2026-09-17T07:04:27.305+0000] {dag.py:3504} INFO - Setting next_dagrun for extract_dag to None, run_after=None
[2026-09-17T07:04:27.327+0000] {processor.py:179} INFO - Processing /workspaces/hands-on-introduction-data-engineering-4395021/airflow/dags/extract_dag.py took 0.091 seconds
[2026-09-17T07:04:57.695+0000] {processor.py:157} INFO - Started process (PID=26856) to work on /workspaces/hands-on-introduction-data-engineering-4395021/airflow/dags/extract_dag.py
[2026-09-17T07:04:57.696+0000] {processor.py:826} INFO - Processing file /workspaces/hands-on-introduction-data-engineering-4395021/airflow/dags/extract_dag.py for tasks to queue
[2026-09-17T07:04:57.697+0000] {logging_mixin.py:150} INFO - [2026-09-17T07:04:57.697+0000] {dagbag.py:541} INFO - Filling up the DagBag from /workspaces/hands-on-introduction-data-engineering-4395021/airflow/dags/extract_dag.py
[2026-09-17T07:04:57.711+0000] {processor.py:836} INFO - DAG(s) dict_keys(['extract_dag']) retrieved from /workspaces/hands-on-introduction-data-engineering-4395021/airflow/dags/extract_dag.py
[2026-09-17T07:04:57.738+0000] {logging_mixin.py:150} INFO - [2026-09-17T07:04:57.737+0000] {dag.py:2742} INFO - Sync 1 DAGs
[2026-09-17T07:04:57.759+0000] {logging_mixin.py:150} INFO - [2026-09-17T07:04:57.759+0000] {dag.py:3504} INFO - Setting next_dagrun for extract_dag to None, run_after=None
[2026-09-17T07:04:57.813+0000] {processor.py:179} INFO - Processing /workspaces/hands-on-introduction-data-engineering-4395021/airflow/dags/extract_dag.py took 0.121 seconds
[2026-09-17T07:05:28.147+0000] {processor.py:157} INFO - Started process (PID=27025) to work on /workspaces/hands-on-introduction-data-engineering-4395021/airflow/dags/extract_dag.py
[2026-09-17T07:05:28.148+0000] {processor.py:826} INFO - Processing file /workspaces/hands-on-introduction-data-engineering-4395021/airflow/dags/extract_dag.py for tasks to queue
[2026-09-17T07:05:28.149+0000] {logging_mixin.py:150} INFO - [2026-09-17T07:05:28.148+0000] {dagbag.py:541} INFO - Filling up the DagBag from /workspaces/hands-on-introduction-data-engineering-4395021/airflow/dags/extract_dag.py
[2026-09-17T07:05:28.162+0000] {processor.py:836} INFO - DAG(s) dict_keys(['extract_dag']) retrieved from /workspaces/hands-on-introduction-data-engineering-4395021/airflow/dags/extract_dag.py
[2026-09-17T07:05:28.184+0000] {logging_mixin.py:150} INFO - [2026-09-17T07:05:28.184+0000] {dag.py:2742} INFO - Sync 1 DAGs
[2026-09-17T07:05:28.208+0000] {logging_mixin.py:150} INFO - [2026-09-17T07:05:28.208+0000] {dag.py:3504} INFO - Setting next_dagrun for extract_dag to None, run_after=None
[2026-09-17T07:05:28.232+0000] {processor.py:179} INFO - Processing /workspaces/hands-on-introduction-data-engineering-4395021/airflow/dags/extract_dag.py took 0.089 seconds
[2026-09-17T07:05:58.607+0000] {processor.py:157} INFO - Started process (PID=27196) to work on /workspaces/hands-on-introduction-data-engineering-4395021/airflow/dags/extract_dag.py
[2026-09-17T07:05:58.609+0000] {processor.py:826} INFO - Processing file /workspaces/hands-on-introduction-data-engineering-4395021/airflow/dags/extract_dag.py for tasks to queue
[2026-09-17T07:05:58.610+0000] {logging_mixin.py:150} INFO - [2026-09-17T07:05:58.610+0000] {dagbag.py:541} INFO - Filling up the DagBag from /workspaces/hands-on-introduction-data-engineering-4395021/airflow/dags/extract_dag.py
[2026-09-17T07:05:58.622+0000] {processor.py:836} INFO - DAG(s) dict_keys(['extract_dag']) retrieved from /workspaces/hands-on-introduction-data-engineering-4395021/airflow/dags/extract_dag.py
[2026-09-17T07:05:58.641+0000] {logging_mixin.py:150} INFO - [2026-09-17T07:05:58.641+0000] {dag.py:2742} INFO - Sync 1 DAGs
[2026-09-17T07:05:58.661+0000] {logging_mixin.py:150} INFO - [2026-09-17T07:05:58.661+0000] {dag.py:3504} INFO - Setting next_dagrun for extract_dag to None, run_after=None
[2026-09-17T07:05:58.695+0000] {processor.py:179} INFO - Processing /workspaces/hands-on-introduction-data-engineering-4395021/airflow/dags/extract_dag.py took 0.094 seconds
[2026-09-17T07:06:28.962+0000] {processor.py:157} INFO - Started process (PID=27361) to work on /workspaces/hands-on-introduction-data-engineering-4395021/airflow/dags/extract_dag.py
[2026-09-17T07:06:28.963+0000] {processor.py:826} INFO - Processing file /workspaces/hands-on-introduction-data-engineering-4395021/airflow/dags/extract_dag.py for tasks to queue
[2026-09-17T07:06:28.964+0000] {logging_mixin.py:150} INFO - [2026-09-17T07:06:28.964+0000] {dagbag.py:541} INFO - Filling up the DagBag from /workspaces/hands-on-introduction-data-engineering-4395021/airflow/dags/extract_dag.py
[2026-09-17T07:06:28.973+0000] {processor.py:836} INFO - DAG(s) dict_keys(['extract_dag']) retrieved from /workspaces/hands-on-introduction-data-engineering-4395021/airflow/dags/extract_dag.py
[2026-09-17T07:06:28.989+0000] {logging_mixin.py:150} INFO - [2026-09-17T07:06:28.989+0000] {dag.py:2742} INFO - Sync 1 DAGs
[2026-09-17T07:06:29.004+0000] {logging_mixin.py:150} INFO - [2026-09-17T07:06:29.004+0000] {dag.py:3504} INFO - Setting next_dagrun for extract_dag to None, run_after=None
[2026-09-17T07:06:29.018+0000] {processor.py:179} INFO - Processing /workspaces/hands-on-introduction-data-engineering-4395021/airflow/dags/extract_dag.py took 0.058 seconds
[2026-09-17T07:06:59.289+0000] {processor.py:157} INFO - Started process (PID=27536) to work on /workspaces/hands-on-introduction-data-engineering-4395021/airflow/dags/extract_dag.py
[2026-09-17T07:06:59.290+0000] {processor.py:826} INFO - Processing file /workspaces/hands-on-introduction-data-engineering-4395021/airflow/dags/extract_dag.py for tasks to queue
[2026-09-17T07:06:59.291+0000] {logging_mixin.py:150} INFO - [2026-09-17T07:06:59.290+0000] {dagbag.py:541} INFO - Filling up the DagBag from /workspaces/hands-on-introduction-data-engineering-4395021/airflow/dags/extract_dag.py
[2026-09-17T07:06:59.299+0000] {processor.py:836} INFO - DAG(s) dict_keys(['extract_dag']) retrieved from /workspaces/hands-on-introduction-data-engineering-4395021/airflow/dags/extract_dag.py
[2026-09-17T07:06:59.315+0000] {logging_mixin.py:150} INFO - [2026-09-17T07:06:59.315+0000] {dag.py:2742} INFO - Sync 1 DAGs
[2026-09-17T07:06:59.329+0000] {logging_mixin.py:150} INFO - [2026-09-17T07:06:59.329+0000] {dag.py:3504} INFO - Setting next_dagrun for extract_dag to None, run_after=None
[2026-09-17T07:06:59.347+0000] {processor.py:179} INFO - Processing /workspaces/hands-on-introduction-data-engineering-4395021/airflow/dags/extract_dag.py took 0.061 seconds
[2026-09-17T07:07:29.611+0000] {processor.py:157} INFO - Started process (PID=27699) to work on /workspaces/hands-on-introduction-data-engineering-4395021/airflow/dags/extract_dag.py
[2026-09-17T07:07:29.612+0000] {processor.py:826} INFO - Processing file /workspaces/hands-on-introduction-data-engineering-4395021/airflow/dags/extract_dag.py for tasks to queue
[2026-09-17T07:07:29.613+0000] {logging_mixin.py:150} INFO - [2026-09-17T07:07:29.613+0000] {dagbag.py:541} INFO - Filling up the DagBag from /workspaces/hands-on-introduction-data-engineering-4395021/airflow/dags/extract_dag.py
[2026-09-17T07:07:29.622+0000] {processor.py:836} INFO - DAG(s) dict_keys(['extract_dag']) retrieved from /workspaces/hands-on-introduction-data-engineering-4395021/airflow/dags/extract_dag.py
[2026-09-17T07:07:29.640+0000] {logging_mixin.py:150} INFO - [2026-09-17T07:07:29.640+0000] {dag.py:2742} INFO - Sync 1 DAGs
[2026-09-17T07:07:29.658+0000] {logging_mixin.py:150} INFO - [2026-09-17T07:07:29.658+0000] {dag.py:3504} INFO - Setting next_dagrun for extract_dag to None, run_after=None
[2026-09-17T07:07:29.673+0000] {processor.py:179} INFO - Processing /workspaces/hands-on-introduction-data-engineering-4395021/airflow/dags/extract_dag.py took 0.064 seconds
[2026-09-17T07:07:59.921+0000] {processor.py:157} INFO - Started process (PID=27875) to work on /workspaces/hands-on-introduction-data-engineering-4395021/airflow/dags/extract_dag.py
[2026-09-17T07:07:59.922+0000] {processor.py:826} INFO - Processing file /workspaces/hands-on-introduction-data-engineering-4395021/airflow/dags/extract_dag.py for tasks to queue
[2026-09-17T07:07:59.923+0000] {logging_mixin.py:150} INFO - [2026-09-17T07:07:59.923+0000] {dagbag.py:541} INFO - Filling up the DagBag from /workspaces/hands-on-introduction-data-engineering-4395021/airflow/dags/extract_dag.py
[2026-09-17T07:07:59.935+0000] {processor.py:836} INFO - DAG(s) dict_keys(['extract_dag']) retrieved from /workspaces/hands-on-introduction-data-engineering-4395021/airflow/dags/extract_dag.py
[2026-09-17T07:07:59.955+0000] {logging_mixin.py:150} INFO - [2026-09-17T07:07:59.955+0000] {dag.py:2742} INFO - Sync 1 DAGs
[2026-09-17T07:07:59.969+0000] {logging_mixin.py:150} INFO - [2026-09-17T07:07:59.969+0000] {dag.py:3504} INFO - Setting next_dagrun for extract_dag to None, run_after=None
[2026-09-17T07:07:59.985+0000] {processor.py:179} INFO - Processing /workspaces/hands-on-introduction-data-engineering-4395021/airflow/dags/extract_dag.py took 0.066 seconds
[2026-09-17T07:08:30.230+0000] {processor.py:157} INFO - Started process (PID=28072) to work on /workspaces/hands-on-introduction-data-engineering-4395021/airflow/dags/extract_dag.py
[2026-09-17T07:08:30.231+0000] {processor.py:826} INFO - Processing file /workspaces/hands-on-introduction-data-engineering-4395021/airflow/dags/extract_dag.py for tasks to queue
[2026-09-17T07:08:30.232+0000] {logging_mixin.py:150} INFO - [2026-09-17T07:08:30.231+0000] {dagbag.py:541} INFO - Filling up the DagBag from /workspaces/hands-on-introduction-data-engineering-4395021/airflow/dags/extract_dag.py
[2026-09-17T07:08:30.243+0000] {processor.py:836} INFO - DAG(s) dict_keys(['extract_dag']) retrieved from /workspaces/hands-on-introduction-data-engineering-4395021/airflow/dags/extract_dag.py
[2026-09-17T07:08:30.261+0000] {logging_mixin.py:150} INFO - [2026-09-17T07:08:30.261+0000] {dag.py:2742} INFO - Sync 1 DAGs
[2026-09-17T07:08:30.275+0000] {logging_mixin.py:150} INFO - [2026-09-17T07:08:30.275+0000] {dag.py:3504} INFO - Setting next_dagrun for extract_dag to None, run_after=None
[2026-09-17T07:08:30.289+0000] {processor.py:179} INFO - Processing /workspaces/hands-on-introduction-data-engineering-4395021/airflow/dags/extract_dag.py took 0.062 seconds
[2026-09-17T07:09:00.564+0000] {processor.py:157} INFO - Started process (PID=28241) to work on /workspaces/hands-on-introduction-data-engineering-4395021/airflow/dags/extract_dag.py
[2026-09-17T07:09:00.565+0000] {processor.py:826} INFO - Processing file /workspaces/hands-on-introduction-data-engineering-4395021/airflow/dags/extract_dag.py for tasks to queue
[2026-09-17T07:09:00.566+0000] {logging_mixin.py:150} INFO - [2026-09-17T07:09:00.566+0000] {dagbag.py:541} INFO - Filling up the DagBag from /workspaces/hands-on-introduction-data-engineering-4395021/airflow/dags/extract_dag.py
[2026-09-17T07:09:00.575+0000] {processor.py:836} INFO - DAG(s) dict_keys(['extract_dag']) retrieved from /workspaces/hands-on-introduction-data-engineering-4395021/airflow/dags/extract_dag.py
[2026-09-17T07:09:00.591+0000] {logging_mixin.py:150} INFO - [2026-09-17T07:09:00.591+0000] {dag.py:2742} INFO - Sync 1 DAGs
[2026-09-17T07:09:00.606+0000] {logging_mixin.py:150} INFO - [2026-09-17T07:09:00.605+0000] {dag.py:3504} INFO - Setting next_dagrun for extract_dag to None, run_after=None
[2026-09-17T07:09:00.621+0000] {processor.py:179} INFO - Processing /workspaces/hands-on-introduction-data-engineering-4395021/airflow/dags/extract_dag.py took 0.060 seconds
[2026-09-17T07:09:30.900+0000] {processor.py:157} INFO - Started process (PID=28409) to work on /workspaces/hands-on-introduction-data-engineering-4395021/airflow/dags/extract_dag.py
[2026-09-17T07:09:30.901+0000] {processor.py:826} INFO - Processing file /workspaces/hands-on-introduction-data-engineering-4395021/airflow/dags/extract_dag.py for tasks to queue
[2026-09-17T07:09:30.902+0000] {logging_mixin.py:150} INFO - [2026-09-17T07:09:30.902+0000] {dagbag.py:541} INFO - Filling up the DagBag from /workspaces/hands-on-introduction-data-engineering-4395021/airflow/dags/extract_dag.py
[2026-09-17T07:09:30.911+0000] {processor.py:836} INFO - DAG(s) dict_keys(['extract_dag']) retrieved from /workspaces/hands-on-introduction-data-engineering-4395021/airflow/dags/extract_dag.py
[2026-09-17T07:09:30.928+0000] {logging_mixin.py:150} INFO - [2026-09-17T07:09:30.928+0000] {dag.py:2742} INFO - Sync 1 DAGs
[2026-09-17T07:09:30.947+0000] {logging_mixin.py:150} INFO - [2026-09-17T07:09:30.947+0000] {dag.py:3504} INFO - Setting next_dagrun for extract_dag to None, run_after=None
[2026-09-17T07:09:30.964+0000] {processor.py:179} INFO - Processing /workspaces/hands-on-introduction-data-engineering-4395021/airflow/dags/extract_dag.py took 0.066 seconds
[2026-09-17T07:10:01.100+0000] {processor.py:157} INFO - Started process (PID=28623) to work on /workspaces/hands-on-introduction-data-engineering-4395021/airflow/dags/extract_dag.py
[2026-09-17T07:10:01.101+0000] {processor.py:826} INFO - Processing file /workspaces/hands-on-introduction-data-engineering-4395021/airflow/dags/extract_dag.py for tasks to queue
[2026-09-17T07:10:01.102+0000] {logging_mixin.py:150} INFO - [2026-09-17T07:10:01.102+0000] {dagbag.py:541} INFO - Filling up the DagBag from /workspaces/hands-on-introduction-data-engineering-4395021/airflow/dags/extract_dag.py
[2026-09-17T07:10:01.111+0000] {processor.py:836} INFO - DAG(s) dict_keys(['extract_dag']) retrieved from /workspaces/hands-on-introduction-data-engineering-4395021/airflow/dags/extract_dag.py
[2026-09-17T07:10:01.128+0000] {logging_mixin.py:150} INFO - [2026-09-17T07:10:01.128+0000] {dag.py:2742} INFO - Sync 1 DAGs
[2026-09-17T07:10:01.144+0000] {logging_mixin.py:150} INFO - [2026-09-17T07:10:01.144+0000] {dag.py:3504} INFO - Setting next_dagrun for extract_dag to None, run_after=None
[2026-09-17T07:10:01.161+0000] {processor.py:179} INFO - Processing /workspaces/hands-on-introduction-data-engineering-4395021/airflow/dags/extract_dag.py took 0.064 seconds
[2026-09-17T07:10:31.314+0000] {processor.py:157} INFO - Started process (PID=28785) to work on /workspaces/hands-on-introduction-data-engineering-4395021/airflow/dags/extract_dag.py
[2026-09-17T07:10:31.314+0000] {processor.py:826} INFO - Processing file /workspaces/hands-on-introduction-data-engineering-4395021/airflow/dags/extract_dag.py for tasks to queue
[2026-09-17T07:10:31.315+0000] {logging_mixin.py:150} INFO - [2026-09-17T07:10:31.315+0000] {dagbag.py:541} INFO - Filling up the DagBag from /workspaces/hands-on-introduction-data-engineering-4395021/airflow/dags/extract_dag.py
[2026-09-17T07:10:31.324+0000] {processor.py:836} INFO - DAG(s) dict_keys(['extract_dag']) retrieved from /workspaces/hands-on-introduction-data-engineering-4395021/airflow/dags/extract_dag.py
[2026-09-17T07:10:31.343+0000] {logging_mixin.py:150} INFO - [2026-09-17T07:10:31.342+0000] {dag.py:2742} INFO - Sync 1 DAGs
[2026-09-17T07:10:31.360+0000] {logging_mixin.py:150} INFO - [2026-09-17T07:10:31.360+0000] {dag.py:3504} INFO - Setting next_dagrun for extract_dag to None, run_after=None
[2026-09-17T07:10:31.375+0000] {processor.py:179} INFO - Processing /workspaces/hands-on-introduction-data-engineering-4395021/airflow/dags/extract_dag.py took 0.064 seconds
[2026-09-17T07:11:01.512+0000] {processor.py:157} INFO - Started process (PID=28959) to work on /workspaces/hands-on-introduction-data-engineering-4395021/airflow/dags/extract_dag.py
[2026-09-17T07:11:01.512+0000] {processor.py:826} INFO - Processing file /workspaces/hands-on-introduction-data-engineering-4395021/airflow/dags/extract_dag.py for tasks to queue
[2026-09-17T07:11:01.513+0000] {logging_mixin.py:150} INFO - [2026-09-17T07:11:01.513+0000] {dagbag.py:541} INFO - Filling up the DagBag from /workspaces/hands-on-introduction-data-engineering-4395021/airflow/dags/extract_dag.py
[2026-09-17T07:11:01.522+0000] {processor.py:836} INFO - DAG(s) dict_keys(['extract_dag']) retrieved from /workspaces/hands-on-introduction-data-engineering-4395021/airflow/dags/extract_dag.py
[2026-09-17T07:11:01.541+0000] {logging_mixin.py:150} INFO - [2026-09-17T07:11:01.541+0000] {dag.py:2742} INFO - Sync 1 DAGs
[2026-09-17T07:11:01.560+0000] {logging_mixin.py:150} INFO - [2026-09-17T07:11:01.560+0000] {dag.py:3504} INFO - Setting next_dagrun for extract_dag to None, run_after=None
[2026-09-17T07:11:01.583+0000] {processor.py:179} INFO - Processing /workspaces/hands-on-introduction-data-engineering-4395021/airflow/dags/extract_dag.py took 0.074 seconds
[2026-09-17T07:11:31.708+0000] {processor.py:157} INFO - Started process (PID=29127) to work on /workspaces/hands-on-introduction-data-engineering-4395021/airflow/dags/extract_dag.py
[2026-09-17T07:11:31.709+0000] {processor.py:826} INFO - Processing file /workspaces/hands-on-introduction-data-engineering-4395021/airflow/dags/extract_dag.py for tasks to queue
[2026-09-17T07:11:31.710+0000] {logging_mixin.py:150} INFO - [2026-09-17T07:11:31.709+0000] {dagbag.py:541} INFO - Filling up the DagBag from /workspaces/hands-on-introduction-data-engineering-4395021/airflow/dags/extract_dag.py
[2026-09-17T07:11:31.718+0000] {processor.py:836} INFO - DAG(s) dict_keys(['extract_dag']) retrieved from /workspaces/hands-on-introduction-data-engineering-4395021/airflow/dags/extract_dag.py
[2026-09-17T07:11:31.737+0000] {logging_mixin.py:150} INFO - [2026-09-17T07:11:31.737+0000] {dag.py:2742} INFO - Sync 1 DAGs
[2026-09-17T07:11:31.758+0000] {logging_mixin.py:150} INFO - [2026-09-17T07:11:31.758+0000] {dag.py:3504} INFO - Setting next_dagrun for extract_dag to None, run_after=None
[2026-09-17T07:11:31.776+0000] {processor.py:179} INFO - Processing /workspaces/hands-on-introduction-data-engineering-4395021/airflow/dags/extract_dag.py took 0.071 seconds
[2026-09-17T07:12:01.908+0000] {processor.py:157} INFO - Started process (PID=29431) to work on /workspaces/hands-on-introduction-data-engineering-4395021/airflow/dags/extract_dag.py
[2026-09-17T07:12:01.909+0000] {processor.py:826} INFO - Processing file /workspaces/hands-on-introduction-data-engineering-4395021/airflow/dags/extract_dag.py for tasks to queue
[2026-09-17T07:12:01.910+0000] {logging_mixin.py:150} INFO - [2026-09-17T07:12:01.909+0000] {dagbag.py:541} INFO - Filling up the DagBag from /workspaces/hands-on-introduction-data-engineering-4395021/airflow/dags/extract_dag.py
[2026-09-17T07:12:01.918+0000] {processor.py:836} INFO - DAG(s) dict_keys(['extract_dag']) retrieved from /workspaces/hands-on-introduction-data-engineering-4395021/airflow/dags/extract_dag.py
[2026-09-17T07:12:01.935+0000] {logging_mixin.py:150} INFO - [2026-09-17T07:12:01.935+0000] {dag.py:2742} INFO - Sync 1 DAGs
[2026-09-17T07:12:01.951+0000] {logging_mixin.py:150} INFO - [2026-09-17T07:12:01.951+0000] {dag.py:3504} INFO - Setting next_dagrun for extract_dag to None, run_after=None
[2026-09-17T07:12:01.967+0000] {processor.py:179} INFO - Processing /workspaces/hands-on-introduction-data-engineering-4395021/airflow/dags/extract_dag.py took 0.062 seconds
[2026-09-17T07:12:32.115+0000] {processor.py:157} INFO - Started process (PID=29624) to work on /workspaces/hands-on-introduction-data-engineering-4395021/airflow/dags/extract_dag.py
[2026-09-17T07:12:32.115+0000] {processor.py:826} INFO - Processing file /workspaces/hands-on-introduction-data-engineering-4395021/airflow/dags/extract_dag.py for tasks to queue
[2026-09-17T07:12:32.116+0000] {logging_mixin.py:150} INFO - [2026-09-17T07:12:32.116+0000] {dagbag.py:541} INFO - Filling up the DagBag from /workspaces/hands-on-introduction-data-engineering-4395021/airflow/dags/extract_dag.py
[2026-09-17T07:12:32.124+0000] {processor.py:836} INFO - DAG(s) dict_keys(['extract_dag']) retrieved from /workspaces/hands-on-introduction-data-engineering-4395021/airflow/dags/extract_dag.py
[2026-09-17T07:12:32.142+0000] {logging_mixin.py:150} INFO - [2026-09-17T07:12:32.142+0000] {dag.py:2742} INFO - Sync 1 DAGs
[2026-09-17T07:12:32.159+0000] {logging_mixin.py:150} INFO - [2026-09-17T07:12:32.159+0000] {dag.py:3504} INFO - Setting next_dagrun for extract_dag to None, run_after=None
[2026-09-17T07:12:32.174+0000] {processor.py:179} INFO - Processing /workspaces/hands-on-introduction-data-engineering-4395021/airflow/dags/extract_dag.py took 0.062 seconds
[2026-09-17T07:13:02.315+0000] {processor.py:157} INFO - Started process (PID=29828) to work on /workspaces/hands-on-introduction-data-engineering-4395021/airflow/dags/extract_dag.py
[2026-09-17T07:13:02.316+0000] {processor.py:826} INFO - Processing file /workspaces/hands-on-introduction-data-engineering-4395021/airflow/dags/extract_dag.py for tasks to queue
[2026-09-17T07:13:02.316+0000] {logging_mixin.py:150} INFO - [2026-09-17T07:13:02.316+0000] {dagbag.py:541} INFO - Filling up the DagBag from /workspaces/hands-on-introduction-data-engineering-4395021/airflow/dags/extract_dag.py
[2026-09-17T07:13:02.324+0000] {processor.py:836} INFO - DAG(s) dict_keys(['extract_dag']) retrieved from /workspaces/hands-on-introduction-data-engineering-4395021/airflow/dags/extract_dag.py
[2026-09-17T07:13:02.347+0000] {logging_mixin.py:150} INFO - [2026-09-17T07:13:02.347+0000] {dag.py:2742} INFO - Sync 1 DAGs
[2026-09-17T07:13:02.362+0000] {logging_mixin.py:150} INFO - [2026-09-17T07:13:02.362+0000] {dag.py:3504} INFO - Setting next_dagrun for extract_dag to None, run_after=None
[2026-09-17T07:13:02.378+0000] {processor.py:179} INFO - Processing /workspaces/hands-on-introduction-data-engineering-4395021/airflow/dags/extract_dag.py took 0.065 seconds
[2026-09-17T07:13:32.513+0000] {processor.py:157} INFO - Started process (PID=30053) to work on /workspaces/hands-on-introduction-data-engineering-4395021/airflow/dags/extract_dag.py
[2026-09-17T07:13:32.513+0000] {processor.py:826} INFO - Processing file /workspaces/hands-on-introduction-data-engineering-4395021/airflow/dags/extract_dag.py for tasks to queue
[2026-09-17T07:13:32.514+0000] {logging_mixin.py:150} INFO - [2026-09-17T07:13:32.514+0000] {dagbag.py:541} INFO - Filling up the DagBag from /workspaces/hands-on-introduction-data-engineering-4395021/airflow/dags/extract_dag.py
[2026-09-17T07:13:32.522+0000] {processor.py:836} INFO - DAG(s) dict_keys(['extract_dag']) retrieved from /workspaces/hands-on-introduction-data-engineering-4395021/airflow/dags/extract_dag.py
[2026-09-17T07:13:32.540+0000] {logging_mixin.py:150} INFO - [2026-09-17T07:13:32.540+0000] {dag.py:2742} INFO - Sync 1 DAGs
[2026-09-17T07:13:32.557+0000] {logging_mixin.py:150} INFO - [2026-09-17T07:13:32.557+0000] {dag.py:3504} INFO - Setting next_dagrun for extract_dag to None, run_after=None
[2026-09-17T07:13:32.573+0000] {processor.py:179} INFO - Processing /workspaces/hands-on-introduction-data-engineering-4395021/airflow/dags/extract_dag.py took 0.063 seconds
[2026-09-17T07:14:02.704+0000] {processor.py:157} INFO - Started process (PID=30251) to work on /workspaces/hands-on-introduction-data-engineering-4395021/airflow/dags/extract_dag.py
[2026-09-17T07:14:02.705+0000] {processor.py:826} INFO - Processing file /workspaces/hands-on-introduction-data-engineering-4395021/airflow/dags/extract_dag.py for tasks to queue
[2026-09-17T07:14:02.705+0000] {logging_mixin.py:150} INFO - [2026-09-17T07:14:02.705+0000] {dagbag.py:541} INFO - Filling up the DagBag from /workspaces/hands-on-introduction-data-engineering-4395021/airflow/dags/extract_dag.py
[2026-09-17T07:14:02.714+0000] {processor.py:836} INFO - DAG(s) dict_keys(['extract_dag']) retrieved from /workspaces/hands-on-introduction-data-engineering-4395021/airflow/dags/extract_dag.py
[2026-09-17T07:14:02.730+0000] {logging_mixin.py:150} INFO - [2026-09-17T07:14:02.730+0000] {dag.py:2742} INFO - Sync 1 DAGs
[2026-09-17T07:14:02.753+0000] {logging_mixin.py:150} INFO - [2026-09-17T07:14:02.753+0000] {dag.py:3504} INFO - Setting next_dagrun for extract_dag to None, run_after=None
[2026-09-17T07:14:02.770+0000] {processor.py:179} INFO - Processing /workspaces/hands-on-introduction-data-engineering-4395021/airflow/dags/extract_dag.py took 0.069 seconds
[2026-09-17T07:14:32.894+0000] {processor.py:157} INFO - Started process (PID=30430) to work on /workspaces/hands-on-introduction-data-engineering-4395021/airflow/dags/extract_dag.py
[2026-09-17T07:14:32.895+0000] {processor.py:826} INFO - Processing file /workspaces/hands-on-introduction-data-engineering-4395021/airflow/dags/extract_dag.py for tasks to queue
[2026-09-17T07:14:32.896+0000] {logging_mixin.py:150} INFO - [2026-09-17T07:14:32.895+0000] {dagbag.py:541} INFO - Filling up the DagBag from /workspaces/hands-on-introduction-data-engineering-4395021/airflow/dags/extract_dag.py
[2026-09-17T07:14:32.904+0000] {processor.py:836} INFO - DAG(s) dict_keys(['extract_dag']) retrieved from /workspaces/hands-on-introduction-data-engineering-4395021/airflow/dags/extract_dag.py
[2026-09-17T07:14:32.920+0000] {logging_mixin.py:150} INFO - [2026-09-17T07:14:32.920+0000] {dag.py:2742} INFO - Sync 1 DAGs
[2026-09-17T07:14:32.937+0000] {logging_mixin.py:150} INFO - [2026-09-17T07:14:32.937+0000] {dag.py:3504} INFO - Setting next_dagrun for extract_dag to None, run_after=None
[2026-09-17T07:14:32.954+0000] {processor.py:179} INFO - Processing /workspaces/hands-on-introduction-data-engineering-4395021/airflow/dags/extract_dag.py took 0.062 seconds
[2026-09-17T07:15:03.084+0000] {processor.py:157} INFO - Started process (PID=30763) to work on /workspaces/hands-on-introduction-data-engineering-4395021/airflow/dags/extract_dag.py
[2026-09-17T07:15:03.085+0000] {processor.py:826} INFO - Processing file /workspaces/hands-on-introduction-data-engineering-4395021/airflow/dags/extract_dag.py for tasks to queue
[2026-09-17T07:15:03.086+0000] {logging_mixin.py:150} INFO - [2026-09-17T07:15:03.086+0000] {dagbag.py:541} INFO - Filling up the DagBag from /workspaces/hands-on-introduction-data-engineering-4395021/airflow/dags/extract_dag.py
[2026-09-17T07:15:03.095+0000] {processor.py:836} INFO - DAG(s) dict_keys(['extract_dag']) retrieved from /workspaces/hands-on-introduction-data-engineering-4395021/airflow/dags/extract_dag.py
[2026-09-17T07:15:03.112+0000] {logging_mixin.py:150} INFO - [2026-09-17T07:15:03.112+0000] {dag.py:2742} INFO - Sync 1 DAGs
[2026-09-17T07:15:03.127+0000] {logging_mixin.py:150} INFO - [2026-09-17T07:15:03.126+0000] {dag.py:3504} INFO - Setting next_dagrun for extract_dag to None, run_after=None
[2026-09-17T07:15:03.156+0000] {processor.py:179} INFO - Processing /workspaces/hands-on-introduction-data-engineering-4395021/airflow/dags/extract_dag.py took 0.074 seconds
[2026-09-17T07:15:33.290+0000] {processor.py:157} INFO - Started process (PID=30938) to work on /workspaces/hands-on-introduction-data-engineering-4395021/airflow/dags/extract_dag.py
[2026-09-17T07:15:33.291+0000] {processor.py:826} INFO - Processing file /workspaces/hands-on-introduction-data-engineering-4395021/airflow/dags/extract_dag.py for tasks to queue
[2026-09-17T07:15:33.291+0000] {logging_mixin.py:150} INFO - [2026-09-17T07:15:33.291+0000] {dagbag.py:541} INFO - Filling up the DagBag from /workspaces/hands-on-introduction-data-engineering-4395021/airflow/dags/extract_dag.py
[2026-09-17T07:15:33.300+0000] {processor.py:836} INFO - DAG(s) dict_keys(['extract_dag']) retrieved from /workspaces/hands-on-introduction-data-engineering-4395021/airflow/dags/extract_dag.py
[2026-09-17T07:15:33.317+0000] {logging_mixin.py:150} INFO - [2026-09-17T07:15:33.317+0000] {dag.py:2742} INFO - Sync 1 DAGs
[2026-09-17T07:15:33.335+0000] {logging_mixin.py:150} INFO - [2026-09-17T07:15:33.335+0000] {dag.py:3504} INFO - Setting next_dagrun for extract_dag to None, run_after=None
[2026-09-17T07:15:33.357+0000] {processor.py:179} INFO - Processing /workspaces/hands-on-introduction-data-engineering-4395021/airflow/dags/extract_dag.py took 0.070 seconds
[2026-09-17T07:16:03.490+0000] {processor.py:157} INFO - Started process (PID=31133) to work on /workspaces/hands-on-introduction-data-engineering-4395021/airflow/dags/extract_dag.py
[2026-09-17T07:16:03.493+0000] {processor.py:826} INFO - Processing file /workspaces/hands-on-introduction-data-engineering-4395021/airflow/dags/extract_dag.py for tasks to queue
[2026-09-17T07:16:03.493+0000] {logging_mixin.py:150} INFO - [2026-09-17T07:16:03.493+0000] {dagbag.py:541} INFO - Filling up the DagBag from /workspaces/hands-on-introduction-data-engineering-4395021/airflow/dags/extract_dag.py
[2026-09-17T07:16:03.506+0000] {processor.py:836} INFO - DAG(s) dict_keys(['extract_dag']) retrieved from /workspaces/hands-on-introduction-data-engineering-4395021/airflow/dags/extract_dag.py
[2026-09-17T07:16:03.532+0000] {logging_mixin.py:150} INFO - [2026-09-17T07:16:03.532+0000] {dag.py:2742} INFO - Sync 1 DAGs
[2026-09-17T07:16:03.551+0000] {logging_mixin.py:150} INFO - [2026-09-17T07:16:03.551+0000] {dag.py:3504} INFO - Setting next_dagrun for extract_dag to None, run_after=None
[2026-09-17T07:16:03.568+0000] {processor.py:179} INFO - Processing /workspaces/hands-on-introduction-data-engineering-4395021/airflow/dags/extract_dag.py took 0.081 seconds
[2026-09-17T07:16:33.702+0000] {processor.py:157} INFO - Started process (PID=31333) to work on /workspaces/hands-on-introduction-data-engineering-4395021/airflow/dags/extract_dag.py
[2026-09-17T07:16:33.703+0000] {processor.py:826} INFO - Processing file /workspaces/hands-on-introduction-data-engineering-4395021/airflow/dags/extract_dag.py for tasks to queue
[2026-09-17T07:16:33.704+0000] {logging_mixin.py:150} INFO - [2026-09-17T07:16:33.703+0000] {dagbag.py:541} INFO - Filling up the DagBag from /workspaces/hands-on-introduction-data-engineering-4395021/airflow/dags/extract_dag.py
[2026-09-17T07:16:33.716+0000] {processor.py:836} INFO - DAG(s) dict_keys(['extract_dag']) retrieved from /workspaces/hands-on-introduction-data-engineering-4395021/airflow/dags/extract_dag.py
[2026-09-17T07:16:33.738+0000] {logging_mixin.py:150} INFO - [2026-09-17T07:16:33.738+0000] {dag.py:2742} INFO - Sync 1 DAGs
[2026-09-17T07:16:33.758+0000] {logging_mixin.py:150} INFO - [2026-09-17T07:16:33.758+0000] {dag.py:3504} INFO - Setting next_dagrun for extract_dag to None, run_after=None
[2026-09-17T07:16:33.787+0000] {processor.py:179} INFO - Processing /workspaces/hands-on-introduction-data-engineering-4395021/airflow/dags/extract_dag.py took 0.088 seconds
[2026-09-17T07:17:03.893+0000] {processor.py:157} INFO - Started process (PID=31535) to work on /workspaces/hands-on-introduction-data-engineering-4395021/airflow/dags/extract_dag.py
[2026-09-17T07:17:03.893+0000] {processor.py:826} INFO - Processing file /workspaces/hands-on-introduction-data-engineering-4395021/airflow/dags/extract_dag.py for tasks to queue
[2026-09-17T07:17:03.894+0000] {logging_mixin.py:150} INFO - [2026-09-17T07:17:03.894+0000] {dagbag.py:541} INFO - Filling up the DagBag from /workspaces/hands-on-introduction-data-engineering-4395021/airflow/dags/extract_dag.py
[2026-09-17T07:17:03.903+0000] {processor.py:836} INFO - DAG(s) dict_keys(['extract_dag']) retrieved from /workspaces/hands-on-introduction-data-engineering-4395021/airflow/dags/extract_dag.py
[2026-09-17T07:17:03.920+0000] {logging_mixin.py:150} INFO - [2026-09-17T07:17:03.919+0000] {dag.py:2742} INFO - Sync 1 DAGs
[2026-09-17T07:17:03.937+0000] {logging_mixin.py:150} INFO - [2026-09-17T07:17:03.936+0000] {dag.py:3504} INFO - Setting next_dagrun for extract_dag to None, run_after=None
[2026-09-17T07:17:03.954+0000] {processor.py:179} INFO - Processing /workspaces/hands-on-introduction-data-engineering-4395021/airflow/dags/extract_dag.py took 0.065 seconds
[2026-09-17T07:17:34.087+0000] {processor.py:157} INFO - Started process (PID=31741) to work on /workspaces/hands-on-introduction-data-engineering-4395021/airflow/dags/extract_dag.py
[2026-09-17T07:17:34.088+0000] {processor.py:826} INFO - Processing file /workspaces/hands-on-introduction-data-engineering-4395021/airflow/dags/extract_dag.py for tasks to queue
[2026-09-17T07:17:34.088+0000] {logging_mixin.py:150} INFO - [2026-09-17T07:17:34.088+0000] {dagbag.py:541} INFO - Filling up the DagBag from /workspaces/hands-on-introduction-data-engineering-4395021/airflow/dags/extract_dag.py
[2026-09-17T07:17:34.098+0000] {processor.py:836} INFO - DAG(s) dict_keys(['extract_dag']) retrieved from /workspaces/hands-on-introduction-data-engineering-4395021/airflow/dags/extract_dag.py
[2026-09-17T07:17:34.116+0000] {logging_mixin.py:150} INFO - [2026-09-17T07:17:34.116+0000] {dag.py:2742} INFO - Sync 1 DAGs
[2026-09-17T07:17:34.132+0000] {logging_mixin.py:150} INFO - [2026-09-17T07:17:34.132+0000] {dag.py:3504} INFO - Setting next_dagrun for extract_dag to None, run_after=None
[2026-09-17T07:17:34.151+0000] {processor.py:179} INFO - Processing /workspaces/hands-on-introduction-data-engineering-4395021/airflow/dags/extract_dag.py took 0.067 seconds
[2026-09-17T07:18:04.278+0000] {processor.py:157} INFO - Started process (PID=31942) to work on /workspaces/hands-on-introduction-data-engineering-4395021/airflow/dags/extract_dag.py
[2026-09-17T07:18:04.279+0000] {processor.py:826} INFO - Processing file /workspaces/hands-on-introduction-data-engineering-4395021/airflow/dags/extract_dag.py for tasks to queue
[2026-09-17T07:18:04.280+0000] {logging_mixin.py:150} INFO - [2026-09-17T07:18:04.279+0000] {dagbag.py:541} INFO - Filling up the DagBag from /workspaces/hands-on-introduction-data-engineering-4395021/airflow/dags/extract_dag.py
[2026-09-17T07:18:04.288+0000] {processor.py:836} INFO - DAG(s) dict_keys(['extract_dag']) retrieved from /workspaces/hands-on-introduction-data-engineering-4395021/airflow/dags/extract_dag.py
[2026-09-17T07:18:04.304+0000] {logging_mixin.py:150} INFO - [2026-09-17T07:18:04.304+0000] {dag.py:2742} INFO - Sync 1 DAGs
[2026-09-17T07:18:04.319+0000] {logging_mixin.py:150} INFO - [2026-09-17T07:18:04.319+0000] {dag.py:3504} INFO - Setting next_dagrun for extract_dag to None, run_after=None
[2026-09-17T07:18:04.335+0000] {processor.py:179} INFO - Processing /workspaces/hands-on-introduction-data-engineering-4395021/airflow/dags/extract_dag.py took 0.059 seconds
[2026-09-17T07:18:34.503+0000] {processor.py:157} INFO - Started process (PID=32147) to work on /workspaces/hands-on-introduction-data-engineering-4395021/airflow/dags/extract_dag.py
[2026-09-17T07:18:34.504+0000] {processor.py:826} INFO - Processing file /workspaces/hands-on-introduction-data-engineering-4395021/airflow/dags/extract_dag.py for tasks to queue
[2026-09-17T07:18:34.505+0000] {logging_mixin.py:150} INFO - [2026-09-17T07:18:34.505+0000] {dagbag.py:541} INFO - Filling up the DagBag from /workspaces/hands-on-introduction-data-engineering-4395021/airflow/dags/extract_dag.py
[2026-09-17T07:18:34.513+0000] {processor.py:836} INFO - DAG(s) dict_keys(['extract_dag']) retrieved from /workspaces/hands-on-introduction-data-engineering-4395021/airflow/dags/extract_dag.py
[2026-09-17T07:18:34.530+0000] {logging_mixin.py:150} INFO - [2026-09-17T07:18:34.529+0000] {dag.py:2742} INFO - Sync 1 DAGs
[2026-09-17T07:18:34.548+0000] {logging_mixin.py:150} INFO - [2026-09-17T07:18:34.548+0000] {dag.py:3504} INFO - Setting next_dagrun for extract_dag to None, run_after=None
[2026-09-17T07:18:34.563+0000] {processor.py:179} INFO - Processing /workspaces/hands-on-introduction-data-engineering-4395021/airflow/dags/extract_dag.py took 0.063 seconds
[2026-09-17T07:19:04.695+0000] {processor.py:157} INFO - Started process (PID=32322) to work on /workspaces/hands-on-introduction-data-engineering-4395021/airflow/dags/extract_dag.py
[2026-09-17T07:19:04.697+0000] {processor.py:826} INFO - Processing file /workspaces/hands-on-introduction-data-engineering-4395021/airflow/dags/extract_dag.py for tasks to queue
[2026-09-17T07:19:04.697+0000] {logging_mixin.py:150} INFO - [2026-09-17T07:19:04.697+0000] {dagbag.py:541} INFO - Filling up the DagBag from /workspaces/hands-on-introduction-data-engineering-4395021/airflow/dags/extract_dag.py
[2026-09-17T07:19:04.706+0000] {processor.py:836} INFO - DAG(s) dict_keys(['extract_dag']) retrieved from /workspaces/hands-on-introduction-data-engineering-4395021/airflow/dags/extract_dag.py
[2026-09-17T07:19:04.722+0000] {logging_mixin.py:150} INFO - [2026-09-17T07:19:04.722+0000] {dag.py:2742} INFO - Sync 1 DAGs
[2026-09-17T07:19:04.739+0000] {logging_mixin.py:150} INFO - [2026-09-17T07:19:04.739+0000] {dag.py:3504} INFO - Setting next_dagrun for extract_dag to None, run_after=None
[2026-09-17T07:19:04.756+0000] {processor.py:179} INFO - Processing /workspaces/hands-on-introduction-data-engineering-4395021/airflow/dags/extract_dag.py took 0.064 seconds
[2026-09-17T07:19:34.885+0000] {processor.py:157} INFO - Started process (PID=32490) to work on /workspaces/hands-on-introduction-data-engineering-4395021/airflow/dags/extract_dag.py
[2026-09-17T07:19:34.885+0000] {processor.py:826} INFO - Processing file /workspaces/hands-on-introduction-data-engineering-4395021/airflow/dags/extract_dag.py for tasks to queue
[2026-09-17T07:19:34.886+0000] {logging_mixin.py:150} INFO - [2026-09-17T07:19:34.886+0000] {dagbag.py:541} INFO - Filling up the DagBag from /workspaces/hands-on-introduction-data-engineering-4395021/airflow/dags/extract_dag.py
[2026-09-17T07:19:34.895+0000] {processor.py:836} INFO - DAG(s) dict_keys(['extract_dag']) retrieved from /workspaces/hands-on-introduction-data-engineering-4395021/airflow/dags/extract_dag.py
[2026-09-17T07:19:34.912+0000] {logging_mixin.py:150} INFO - [2026-09-17T07:19:34.912+0000] {dag.py:2742} INFO - Sync 1 DAGs
[2026-09-17T07:19:34.927+0000] {logging_mixin.py:150} INFO - [2026-09-17T07:19:34.926+0000] {dag.py:3504} INFO - Setting next_dagrun for extract_dag to None, run_after=None
[2026-09-17T07:19:34.946+0000] {processor.py:179} INFO - Processing /workspaces/hands-on-introduction-data-engineering-4395021/airflow/dags/extract_dag.py took 0.064 seconds
[2026-09-17T07:19:41.536+0000] {processor.py:157} INFO - Started process (PID=32541) to work on /workspaces/hands-on-introduction-data-engineering-4395021/airflow/dags/extract_dag.py
[2026-09-17T07:19:41.537+0000] {processor.py:826} INFO - Processing file /workspaces/hands-on-introduction-data-engineering-4395021/airflow/dags/extract_dag.py for tasks to queue
[2026-09-17T07:19:41.538+0000] {logging_mixin.py:150} INFO - [2026-09-17T07:19:41.538+0000] {dagbag.py:541} INFO - Filling up the DagBag from /workspaces/hands-on-introduction-data-engineering-4395021/airflow/dags/extract_dag.py
[2026-09-17T07:19:41.551+0000] {processor.py:836} INFO - DAG(s) dict_keys(['extract_dag']) retrieved from /workspaces/hands-on-introduction-data-engineering-4395021/airflow/dags/extract_dag.py
[2026-09-17T07:19:41.948+0000] {logging_mixin.py:150} INFO - [2026-09-17T07:19:41.947+0000] {dag.py:2742} INFO - Sync 1 DAGs
[2026-09-17T07:19:41.983+0000] {logging_mixin.py:150} INFO - [2026-09-17T07:19:41.982+0000] {dag.py:3504} INFO - Setting next_dagrun for extract_dag to None, run_after=None
[2026-09-17T07:19:42.037+0000] {processor.py:179} INFO - Processing /workspaces/hands-on-introduction-data-engineering-4395021/airflow/dags/extract_dag.py took 0.505 seconds
[2026-09-17T07:19:58.743+0000] {processor.py:157} INFO - Started process (PID=32659) to work on /workspaces/hands-on-introduction-data-engineering-4395021/airflow/dags/extract_dag.py
[2026-09-17T07:19:58.747+0000] {processor.py:826} INFO - Processing file /workspaces/hands-on-introduction-data-engineering-4395021/airflow/dags/extract_dag.py for tasks to queue
[2026-09-17T07:19:58.748+0000] {logging_mixin.py:150} INFO - [2026-09-17T07:19:58.747+0000] {dagbag.py:541} INFO - Filling up the DagBag from /workspaces/hands-on-introduction-data-engineering-4395021/airflow/dags/extract_dag.py
[2026-09-17T07:19:58.779+0000] {processor.py:836} INFO - DAG(s) dict_keys(['extract_dag']) retrieved from /workspaces/hands-on-introduction-data-engineering-4395021/airflow/dags/extract_dag.py
[2026-09-17T07:19:58.802+0000] {logging_mixin.py:150} INFO - [2026-09-17T07:19:58.802+0000] {dag.py:2742} INFO - Sync 1 DAGs
[2026-09-17T07:19:58.847+0000] {logging_mixin.py:150} INFO - [2026-09-17T07:19:58.847+0000] {dag.py:3504} INFO - Setting next_dagrun for extract_dag to None, run_after=None
[2026-09-17T07:19:58.915+0000] {processor.py:179} INFO - Processing /workspaces/hands-on-introduction-data-engineering-4395021/airflow/dags/extract_dag.py took 0.178 seconds
[2026-09-17T07:20:29.718+0000] {processor.py:157} INFO - Started process (PID=32886) to work on /workspaces/hands-on-introduction-data-engineering-4395021/airflow/dags/extract_dag.py
[2026-09-17T07:20:29.720+0000] {processor.py:826} INFO - Processing file /workspaces/hands-on-introduction-data-engineering-4395021/airflow/dags/extract_dag.py for tasks to queue
[2026-09-17T07:20:29.720+0000] {logging_mixin.py:150} INFO - [2026-09-17T07:20:29.720+0000] {dagbag.py:541} INFO - Filling up the DagBag from /workspaces/hands-on-introduction-data-engineering-4395021/airflow/dags/extract_dag.py
[2026-09-17T07:20:29.731+0000] {processor.py:836} INFO - DAG(s) dict_keys(['extract_dag']) retrieved from /workspaces/hands-on-introduction-data-engineering-4395021/airflow/dags/extract_dag.py
[2026-09-17T07:20:29.752+0000] {logging_mixin.py:150} INFO - [2026-09-17T07:20:29.752+0000] {dag.py:2742} INFO - Sync 1 DAGs
[2026-09-17T07:20:29.766+0000] {logging_mixin.py:150} INFO - [2026-09-17T07:20:29.766+0000] {dag.py:3504} INFO - Setting next_dagrun for extract_dag to None, run_after=None
[2026-09-17T07:20:29.782+0000] {processor.py:179} INFO - Processing /workspaces/hands-on-introduction-data-engineering-4395021/airflow/dags/extract_dag.py took 0.070 seconds
[2026-09-17T07:20:52.289+0000] {processor.py:157} INFO - Started process (PID=33052) to work on /workspaces/hands-on-introduction-data-engineering-4395021/airflow/dags/extract_dag.py
[2026-09-17T07:20:52.289+0000] {processor.py:826} INFO - Processing file /workspaces/hands-on-introduction-data-engineering-4395021/airflow/dags/extract_dag.py for tasks to queue
[2026-09-17T07:20:52.290+0000] {logging_mixin.py:150} INFO - [2026-09-17T07:20:52.290+0000] {dagbag.py:541} INFO - Filling up the DagBag from /workspaces/hands-on-introduction-data-engineering-4395021/airflow/dags/extract_dag.py
[2026-09-17T07:20:52.300+0000] {processor.py:836} INFO - DAG(s) dict_keys(['extract_dag']) retrieved from /workspaces/hands-on-introduction-data-engineering-4395021/airflow/dags/extract_dag.py
[2026-09-17T07:20:52.316+0000] {logging_mixin.py:150} INFO - [2026-09-17T07:20:52.316+0000] {dag.py:2742} INFO - Sync 1 DAGs
[2026-09-17T07:20:52.331+0000] {logging_mixin.py:150} INFO - [2026-09-17T07:20:52.331+0000] {dag.py:3504} INFO - Setting next_dagrun for extract_dag to None, run_after=None
[2026-09-17T07:20:52.352+0000] {processor.py:179} INFO - Processing /workspaces/hands-on-introduction-data-engineering-4395021/airflow/dags/extract_dag.py took 0.067 seconds
[2026-09-17T07:21:23.372+0000] {processor.py:157} INFO - Started process (PID=33431) to work on /workspaces/hands-on-introduction-data-engineering-4395021/airflow/dags/extract_dag.py
[2026-09-17T07:21:23.374+0000] {processor.py:826} INFO - Processing file /workspaces/hands-on-introduction-data-engineering-4395021/airflow/dags/extract_dag.py for tasks to queue
[2026-09-17T07:21:23.375+0000] {logging_mixin.py:150} INFO - [2026-09-17T07:21:23.375+0000] {dagbag.py:541} INFO - Filling up the DagBag from /workspaces/hands-on-introduction-data-engineering-4395021/airflow/dags/extract_dag.py
[2026-09-17T07:21:23.387+0000] {processor.py:836} INFO - DAG(s) dict_keys(['extract_dag']) retrieved from /workspaces/hands-on-introduction-data-engineering-4395021/airflow/dags/extract_dag.py
[2026-09-17T07:21:23.403+0000] {logging_mixin.py:150} INFO - [2026-09-17T07:21:23.403+0000] {dag.py:2742} INFO - Sync 1 DAGs
[2026-09-17T07:21:23.418+0000] {logging_mixin.py:150} INFO - [2026-09-17T07:21:23.418+0000] {dag.py:3504} INFO - Setting next_dagrun for extract_dag to None, run_after=None
[2026-09-17T07:21:23.435+0000] {processor.py:179} INFO - Processing /workspaces/hands-on-introduction-data-engineering-4395021/airflow/dags/extract_dag.py took 0.066 seconds
[2026-09-17T07:21:53.511+0000] {processor.py:157} INFO - Started process (PID=33692) to work on /workspaces/hands-on-introduction-data-engineering-4395021/airflow/dags/extract_dag.py
[2026-09-17T07:21:53.512+0000] {processor.py:826} INFO - Processing file /workspaces/hands-on-introduction-data-engineering-4395021/airflow/dags/extract_dag.py for tasks to queue
[2026-09-17T07:21:53.512+0000] {logging_mixin.py:150} INFO - [2026-09-17T07:21:53.512+0000] {dagbag.py:541} INFO - Filling up the DagBag from /workspaces/hands-on-introduction-data-engineering-4395021/airflow/dags/extract_dag.py
[2026-09-17T07:21:53.522+0000] {processor.py:836} INFO - DAG(s) dict_keys(['extract_dag']) retrieved from /workspaces/hands-on-introduction-data-engineering-4395021/airflow/dags/extract_dag.py
[2026-09-17T07:21:53.541+0000] {logging_mixin.py:150} INFO - [2026-09-17T07:21:53.541+0000] {dag.py:2742} INFO - Sync 1 DAGs
[2026-09-17T07:21:53.557+0000] {logging_mixin.py:150} INFO - [2026-09-17T07:21:53.557+0000] {dag.py:3504} INFO - Setting next_dagrun for extract_dag to None, run_after=None
[2026-09-17T07:21:53.573+0000] {processor.py:179} INFO - Processing /workspaces/hands-on-introduction-data-engineering-4395021/airflow/dags/extract_dag.py took 0.065 seconds
[2026-09-17T07:22:23.719+0000] {processor.py:157} INFO - Started process (PID=33994) to work on /workspaces/hands-on-introduction-data-engineering-4395021/airflow/dags/extract_dag.py
[2026-09-17T07:22:23.720+0000] {processor.py:826} INFO - Processing file /workspaces/hands-on-introduction-data-engineering-4395021/airflow/dags/extract_dag.py for tasks to queue
[2026-09-17T07:22:23.721+0000] {logging_mixin.py:150} INFO - [2026-09-17T07:22:23.720+0000] {dagbag.py:541} INFO - Filling up the DagBag from /workspaces/hands-on-introduction-data-engineering-4395021/airflow/dags/extract_dag.py
[2026-09-17T07:22:23.730+0000] {processor.py:836} INFO - DAG(s) dict_keys(['extract_dag']) retrieved from /workspaces/hands-on-introduction-data-engineering-4395021/airflow/dags/extract_dag.py
[2026-09-17T07:22:23.751+0000] {logging_mixin.py:150} INFO - [2026-09-17T07:22:23.751+0000] {dag.py:2742} INFO - Sync 1 DAGs
[2026-09-17T07:22:23.766+0000] {logging_mixin.py:150} INFO - [2026-09-17T07:22:23.765+0000] {dag.py:3504} INFO - Setting next_dagrun for extract_dag to None, run_after=None
[2026-09-17T07:22:23.781+0000] {processor.py:179} INFO - Processing /workspaces/hands-on-introduction-data-engineering-4395021/airflow/dags/extract_dag.py took 0.064 seconds
[2026-09-17T07:22:53.957+0000] {processor.py:157} INFO - Started process (PID=34225) to work on /workspaces/hands-on-introduction-data-engineering-4395021/airflow/dags/extract_dag.py
[2026-09-17T07:22:53.958+0000] {processor.py:826} INFO - Processing file /workspaces/hands-on-introduction-data-engineering-4395021/airflow/dags/extract_dag.py for tasks to queue
[2026-09-17T07:22:53.958+0000] {logging_mixin.py:150} INFO - [2026-09-17T07:22:53.958+0000] {dagbag.py:541} INFO - Filling up the DagBag from /workspaces/hands-on-introduction-data-engineering-4395021/airflow/dags/extract_dag.py
[2026-09-17T07:22:53.967+0000] {processor.py:836} INFO - DAG(s) dict_keys(['extract_dag']) retrieved from /workspaces/hands-on-introduction-data-engineering-4395021/airflow/dags/extract_dag.py
[2026-09-17T07:22:53.983+0000] {logging_mixin.py:150} INFO - [2026-09-17T07:22:53.983+0000] {dag.py:2742} INFO - Sync 1 DAGs
[2026-09-17T07:22:53.997+0000] {logging_mixin.py:150} INFO - [2026-09-17T07:22:53.997+0000] {dag.py:3504} INFO - Setting next_dagrun for extract_dag to None, run_after=None
[2026-09-17T07:22:54.014+0000] {processor.py:179} INFO - Processing /workspaces/hands-on-introduction-data-engineering-4395021/airflow/dags/extract_dag.py took 0.060 seconds
[2026-09-17T07:23:24.168+0000] {processor.py:157} INFO - Started process (PID=34542) to work on /workspaces/hands-on-introduction-data-engineering-4395021/airflow/dags/extract_dag.py
[2026-09-17T07:23:24.169+0000] {processor.py:826} INFO - Processing file /workspaces/hands-on-introduction-data-engineering-4395021/airflow/dags/extract_dag.py for tasks to queue
[2026-09-17T07:23:24.170+0000] {logging_mixin.py:150} INFO - [2026-09-17T07:23:24.170+0000] {dagbag.py:541} INFO - Filling up the DagBag from /workspaces/hands-on-introduction-data-engineering-4395021/airflow/dags/extract_dag.py
[2026-09-17T07:23:24.179+0000] {processor.py:836} INFO - DAG(s) dict_keys(['extract_dag']) retrieved from /workspaces/hands-on-introduction-data-engineering-4395021/airflow/dags/extract_dag.py
[2026-09-17T07:23:24.196+0000] {logging_mixin.py:150} INFO - [2026-09-17T07:23:24.196+0000] {dag.py:2742} INFO - Sync 1 DAGs
[2026-09-17T07:23:24.210+0000] {logging_mixin.py:150} INFO - [2026-09-17T07:23:24.210+0000] {dag.py:3504} INFO - Setting next_dagrun for extract_dag to None, run_after=None
[2026-09-17T07:23:24.225+0000] {processor.py:179} INFO - Processing /workspaces/hands-on-introduction-data-engineering-4395021/airflow/dags/extract_dag.py took 0.060 seconds
[2026-09-17T07:23:54.447+0000] {processor.py:157} INFO - Started process (PID=34898) to work on /workspaces/hands-on-introduction-data-engineering-4395021/airflow/dags/extract_dag.py
[2026-09-17T07:23:54.447+0000] {processor.py:826} INFO - Processing file /workspaces/hands-on-introduction-data-engineering-4395021/airflow/dags/extract_dag.py for tasks to queue
[2026-09-17T07:23:54.448+0000] {logging_mixin.py:150} INFO - [2026-09-17T07:23:54.448+0000] {dagbag.py:541} INFO - Filling up the DagBag from /workspaces/hands-on-introduction-data-engineering-4395021/airflow/dags/extract_dag.py
[2026-09-17T07:23:54.457+0000] {processor.py:836} INFO - DAG(s) dict_keys(['extract_dag']) retrieved from /workspaces/hands-on-introduction-data-engineering-4395021/airflow/dags/extract_dag.py
[2026-09-17T07:23:54.474+0000] {logging_mixin.py:150} INFO - [2026-09-17T07:23:54.474+0000] {dag.py:2742} INFO - Sync 1 DAGs
[2026-09-17T07:23:54.489+0000] {logging_mixin.py:150} INFO - [2026-09-17T07:23:54.489+0000] {dag.py:3504} INFO - Setting next_dagrun for extract_dag to None, run_after=None
[2026-09-17T07:23:54.504+0000] {processor.py:179} INFO - Processing /workspaces/hands-on-introduction-data-engineering-4395021/airflow/dags/extract_dag.py took 0.060 seconds
[2026-09-17T07:24:24.662+0000] {processor.py:157} INFO - Started process (PID=35223) to work on /workspaces/hands-on-introduction-data-engineering-4395021/airflow/dags/extract_dag.py
[2026-09-17T07:24:24.663+0000] {processor.py:826} INFO - Processing file /workspaces/hands-on-introduction-data-engineering-4395021/airflow/dags/extract_dag.py for tasks to queue
[2026-09-17T07:24:24.664+0000] {logging_mixin.py:150} INFO - [2026-09-17T07:24:24.664+0000] {dagbag.py:541} INFO - Filling up the DagBag from /workspaces/hands-on-introduction-data-engineering-4395021/airflow/dags/extract_dag.py
[2026-09-17T07:24:24.681+0000] {processor.py:836} INFO - DAG(s) dict_keys(['extract_dag']) retrieved from /workspaces/hands-on-introduction-data-engineering-4395021/airflow/dags/extract_dag.py
[2026-09-17T07:24:24.703+0000] {logging_mixin.py:150} INFO - [2026-09-17T07:24:24.702+0000] {dag.py:2742} INFO - Sync 1 DAGs
[2026-09-17T07:24:24.722+0000] {logging_mixin.py:150} INFO - [2026-09-17T07:24:24.722+0000] {dag.py:3504} INFO - Setting next_dagrun for extract_dag to None, run_after=None
[2026-09-17T07:24:24.744+0000] {processor.py:179} INFO - Processing /workspaces/hands-on-introduction-data-engineering-4395021/airflow/dags/extract_dag.py took 0.085 seconds
[2026-09-17T07:24:54.890+0000] {processor.py:157} INFO - Started process (PID=35540) to work on /workspaces/hands-on-introduction-data-engineering-4395021/airflow/dags/extract_dag.py
[2026-09-17T07:24:54.890+0000] {processor.py:826} INFO - Processing file /workspaces/hands-on-introduction-data-engineering-4395021/airflow/dags/extract_dag.py for tasks to queue
[2026-09-17T07:24:54.891+0000] {logging_mixin.py:150} INFO - [2026-09-17T07:24:54.891+0000] {dagbag.py:541} INFO - Filling up the DagBag from /workspaces/hands-on-introduction-data-engineering-4395021/airflow/dags/extract_dag.py
[2026-09-17T07:24:54.900+0000] {processor.py:836} INFO - DAG(s) dict_keys(['extract_dag']) retrieved from /workspaces/hands-on-introduction-data-engineering-4395021/airflow/dags/extract_dag.py
[2026-09-17T07:24:54.916+0000] {logging_mixin.py:150} INFO - [2026-09-17T07:24:54.915+0000] {dag.py:2742} INFO - Sync 1 DAGs
[2026-09-17T07:24:54.931+0000] {logging_mixin.py:150} INFO - [2026-09-17T07:24:54.930+0000] {dag.py:3504} INFO - Setting next_dagrun for extract_dag to None, run_after=None
[2026-09-17T07:24:54.949+0000] {processor.py:179} INFO - Processing /workspaces/hands-on-introduction-data-engineering-4395021/airflow/dags/extract_dag.py took 0.062 seconds
[2026-09-17T07:25:25.125+0000] {processor.py:157} INFO - Started process (PID=35800) to work on /workspaces/hands-on-introduction-data-engineering-4395021/airflow/dags/extract_dag.py
[2026-09-17T07:25:25.126+0000] {processor.py:826} INFO - Processing file /workspaces/hands-on-introduction-data-engineering-4395021/airflow/dags/extract_dag.py for tasks to queue
[2026-09-17T07:25:25.127+0000] {logging_mixin.py:150} INFO - [2026-09-17T07:25:25.127+0000] {dagbag.py:541} INFO - Filling up the DagBag from /workspaces/hands-on-introduction-data-engineering-4395021/airflow/dags/extract_dag.py
[2026-09-17T07:25:25.146+0000] {processor.py:836} INFO - DAG(s) dict_keys(['extract_dag']) retrieved from /workspaces/hands-on-introduction-data-engineering-4395021/airflow/dags/extract_dag.py
[2026-09-17T07:25:25.169+0000] {logging_mixin.py:150} INFO - [2026-09-17T07:25:25.169+0000] {dag.py:2742} INFO - Sync 1 DAGs
[2026-09-17T07:25:25.185+0000] {logging_mixin.py:150} INFO - [2026-09-17T07:25:25.184+0000] {dag.py:3504} INFO - Setting next_dagrun for extract_dag to None, run_after=None
[2026-09-17T07:25:25.201+0000] {processor.py:179} INFO - Processing /workspaces/hands-on-introduction-data-engineering-4395021/airflow/dags/extract_dag.py took 0.079 seconds
[2026-09-17T07:25:55.685+0000] {processor.py:157} INFO - Started process (PID=36100) to work on /workspaces/hands-on-introduction-data-engineering-4395021/airflow/dags/extract_dag.py
[2026-09-17T07:25:55.688+0000] {processor.py:826} INFO - Processing file /workspaces/hands-on-introduction-data-engineering-4395021/airflow/dags/extract_dag.py for tasks to queue
[2026-09-17T07:25:55.691+0000] {logging_mixin.py:150} INFO - [2026-09-17T07:25:55.691+0000] {dagbag.py:541} INFO - Filling up the DagBag from /workspaces/hands-on-introduction-data-engineering-4395021/airflow/dags/extract_dag.py
[2026-09-17T07:25:55.730+0000] {processor.py:836} INFO - DAG(s) dict_keys(['extract_dag']) retrieved from /workspaces/hands-on-introduction-data-engineering-4395021/airflow/dags/extract_dag.py
[2026-09-17T07:25:55.787+0000] {logging_mixin.py:150} INFO - [2026-09-17T07:25:55.784+0000] {dag.py:2742} INFO - Sync 1 DAGs
[2026-09-17T07:25:55.829+0000] {logging_mixin.py:150} INFO - [2026-09-17T07:25:55.829+0000] {dag.py:3504} INFO - Setting next_dagrun for extract_dag to None, run_after=None
[2026-09-17T07:25:55.921+0000] {processor.py:179} INFO - Processing /workspaces/hands-on-introduction-data-engineering-4395021/airflow/dags/extract_dag.py took 0.241 seconds
[2026-09-17T07:26:26.158+0000] {processor.py:157} INFO - Started process (PID=36311) to work on /workspaces/hands-on-introduction-data-engineering-4395021/airflow/dags/extract_dag.py
[2026-09-17T07:26:26.159+0000] {processor.py:826} INFO - Processing file /workspaces/hands-on-introduction-data-engineering-4395021/airflow/dags/extract_dag.py for tasks to queue
[2026-09-17T07:26:26.159+0000] {logging_mixin.py:150} INFO - [2026-09-17T07:26:26.159+0000] {dagbag.py:541} INFO - Filling up the DagBag from /workspaces/hands-on-introduction-data-engineering-4395021/airflow/dags/extract_dag.py
[2026-09-17T07:26:26.168+0000] {processor.py:836} INFO - DAG(s) dict_keys(['extract_dag']) retrieved from /workspaces/hands-on-introduction-data-engineering-4395021/airflow/dags/extract_dag.py
[2026-09-17T07:26:26.185+0000] {logging_mixin.py:150} INFO - [2026-09-17T07:26:26.184+0000] {dag.py:2742} INFO - Sync 1 DAGs
[2026-09-17T07:26:26.200+0000] {logging_mixin.py:150} INFO - [2026-09-17T07:26:26.200+0000] {dag.py:3504} INFO - Setting next_dagrun for extract_dag to None, run_after=None
[2026-09-17T07:26:26.217+0000] {processor.py:179} INFO - Processing /workspaces/hands-on-introduction-data-engineering-4395021/airflow/dags/extract_dag.py took 0.061 seconds
[2026-09-17T07:26:56.355+0000] {processor.py:157} INFO - Started process (PID=36491) to work on /workspaces/hands-on-introduction-data-engineering-4395021/airflow/dags/extract_dag.py
[2026-09-17T07:26:56.356+0000] {processor.py:826} INFO - Processing file /workspaces/hands-on-introduction-data-engineering-4395021/airflow/dags/extract_dag.py for tasks to queue
[2026-09-17T07:26:56.356+0000] {logging_mixin.py:150} INFO - [2026-09-17T07:26:56.356+0000] {dagbag.py:541} INFO - Filling up the DagBag from /workspaces/hands-on-introduction-data-engineering-4395021/airflow/dags/extract_dag.py
[2026-09-17T07:26:56.365+0000] {processor.py:836} INFO - DAG(s) dict_keys(['extract_dag']) retrieved from /workspaces/hands-on-introduction-data-engineering-4395021/airflow/dags/extract_dag.py
[2026-09-17T07:26:56.381+0000] {logging_mixin.py:150} INFO - [2026-09-17T07:26:56.381+0000] {dag.py:2742} INFO - Sync 1 DAGs
[2026-09-17T07:26:56.396+0000] {logging_mixin.py:150} INFO - [2026-09-17T07:26:56.395+0000] {dag.py:3504} INFO - Setting next_dagrun for extract_dag to None, run_after=None
[2026-09-17T07:26:56.412+0000] {processor.py:179} INFO - Processing /workspaces/hands-on-introduction-data-engineering-4395021/airflow/dags/extract_dag.py took 0.060 seconds
[2026-09-17T07:27:26.555+0000] {processor.py:157} INFO - Started process (PID=36688) to work on /workspaces/hands-on-introduction-data-engineering-4395021/airflow/dags/extract_dag.py
[2026-09-17T07:27:26.556+0000] {processor.py:826} INFO - Processing file /workspaces/hands-on-introduction-data-engineering-4395021/airflow/dags/extract_dag.py for tasks to queue
[2026-09-17T07:27:26.557+0000] {logging_mixin.py:150} INFO - [2026-09-17T07:27:26.557+0000] {dagbag.py:541} INFO - Filling up the DagBag from /workspaces/hands-on-introduction-data-engineering-4395021/airflow/dags/extract_dag.py
[2026-09-17T07:27:26.566+0000] {processor.py:836} INFO - DAG(s) dict_keys(['extract_dag']) retrieved from /workspaces/hands-on-introduction-data-engineering-4395021/airflow/dags/extract_dag.py
[2026-09-17T07:27:26.582+0000] {logging_mixin.py:150} INFO - [2026-09-17T07:27:26.582+0000] {dag.py:2742} INFO - Sync 1 DAGs
[2026-09-17T07:27:26.596+0000] {logging_mixin.py:150} INFO - [2026-09-17T07:27:26.596+0000] {dag.py:3504} INFO - Setting next_dagrun for extract_dag to None, run_after=None
[2026-09-17T07:27:26.612+0000] {processor.py:179} INFO - Processing /workspaces/hands-on-introduction-data-engineering-4395021/airflow/dags/extract_dag.py took 0.060 seconds
[2026-09-17T07:27:56.753+0000] {processor.py:157} INFO - Started process (PID=36887) to work on /workspaces/hands-on-introduction-data-engineering-4395021/airflow/dags/extract_dag.py
[2026-09-17T07:27:56.754+0000] {processor.py:826} INFO - Processing file /workspaces/hands-on-introduction-data-engineering-4395021/airflow/dags/extract_dag.py for tasks to queue
[2026-09-17T07:27:56.754+0000] {logging_mixin.py:150} INFO - [2026-09-17T07:27:56.754+0000] {dagbag.py:541} INFO - Filling up the DagBag from /workspaces/hands-on-introduction-data-engineering-4395021/airflow/dags/extract_dag.py
[2026-09-17T07:27:56.763+0000] {processor.py:836} INFO - DAG(s) dict_keys(['extract_dag']) retrieved from /workspaces/hands-on-introduction-data-engineering-4395021/airflow/dags/extract_dag.py
[2026-09-17T07:27:56.779+0000] {logging_mixin.py:150} INFO - [2026-09-17T07:27:56.779+0000] {dag.py:2742} INFO - Sync 1 DAGs
[2026-09-17T07:27:56.793+0000] {logging_mixin.py:150} INFO - [2026-09-17T07:27:56.793+0000] {dag.py:3504} INFO - Setting next_dagrun for extract_dag to None, run_after=None
[2026-09-17T07:27:56.809+0000] {processor.py:179} INFO - Processing /workspaces/hands-on-introduction-data-engineering-4395021/airflow/dags/extract_dag.py took 0.058 seconds
[2026-09-17T07:28:26.976+0000] {processor.py:157} INFO - Started process (PID=37117) to work on /workspaces/hands-on-introduction-data-engineering-4395021/airflow/dags/extract_dag.py
[2026-09-17T07:28:26.977+0000] {processor.py:826} INFO - Processing file /workspaces/hands-on-introduction-data-engineering-4395021/airflow/dags/extract_dag.py for tasks to queue
[2026-09-17T07:28:26.978+0000] {logging_mixin.py:150} INFO - [2026-09-17T07:28:26.977+0000] {dagbag.py:541} INFO - Filling up the DagBag from /workspaces/hands-on-introduction-data-engineering-4395021/airflow/dags/extract_dag.py
[2026-09-17T07:28:26.991+0000] {processor.py:836} INFO - DAG(s) dict_keys(['extract_dag']) retrieved from /workspaces/hands-on-introduction-data-engineering-4395021/airflow/dags/extract_dag.py
[2026-09-17T07:28:27.017+0000] {logging_mixin.py:150} INFO - [2026-09-17T07:28:27.017+0000] {dag.py:2742} INFO - Sync 1 DAGs
[2026-09-17T07:28:27.040+0000] {logging_mixin.py:150} INFO - [2026-09-17T07:28:27.039+0000] {dag.py:3504} INFO - Setting next_dagrun for extract_dag to None, run_after=None
[2026-09-17T07:28:27.072+0000] {processor.py:179} INFO - Processing /workspaces/hands-on-introduction-data-engineering-4395021/airflow/dags/extract_dag.py took 0.100 seconds
[2026-09-17T07:28:57.276+0000] {processor.py:157} INFO - Started process (PID=37390) to work on /workspaces/hands-on-introduction-data-engineering-4395021/airflow/dags/extract_dag.py
[2026-09-17T07:28:57.277+0000] {processor.py:826} INFO - Processing file /workspaces/hands-on-introduction-data-engineering-4395021/airflow/dags/extract_dag.py for tasks to queue
[2026-09-17T07:28:57.278+0000] {logging_mixin.py:150} INFO - [2026-09-17T07:28:57.277+0000] {dagbag.py:541} INFO - Filling up the DagBag from /workspaces/hands-on-introduction-data-engineering-4395021/airflow/dags/extract_dag.py
[2026-09-17T07:28:57.287+0000] {processor.py:836} INFO - DAG(s) dict_keys(['extract_dag']) retrieved from /workspaces/hands-on-introduction-data-engineering-4395021/airflow/dags/extract_dag.py
[2026-09-17T07:28:57.303+0000] {logging_mixin.py:150} INFO - [2026-09-17T07:28:57.303+0000] {dag.py:2742} INFO - Sync 1 DAGs
[2026-09-17T07:28:57.319+0000] {logging_mixin.py:150} INFO - [2026-09-17T07:28:57.319+0000] {dag.py:3504} INFO - Setting next_dagrun for extract_dag to None, run_after=None
[2026-09-17T07:28:57.338+0000] {processor.py:179} INFO - Processing /workspaces/hands-on-introduction-data-engineering-4395021/airflow/dags/extract_dag.py took 0.065 seconds
[2026-09-17T07:29:27.443+0000] {processor.py:157} INFO - Started process (PID=37797) to work on /workspaces/hands-on-introduction-data-engineering-4395021/airflow/dags/extract_dag.py
[2026-09-17T07:29:27.444+0000] {processor.py:826} INFO - Processing file /workspaces/hands-on-introduction-data-engineering-4395021/airflow/dags/extract_dag.py for tasks to queue
[2026-09-17T07:29:27.445+0000] {logging_mixin.py:150} INFO - [2026-09-17T07:29:27.445+0000] {dagbag.py:541} INFO - Filling up the DagBag from /workspaces/hands-on-introduction-data-engineering-4395021/airflow/dags/extract_dag.py
[2026-09-17T07:29:27.455+0000] {processor.py:836} INFO - DAG(s) dict_keys(['extract_dag']) retrieved from /workspaces/hands-on-introduction-data-engineering-4395021/airflow/dags/extract_dag.py
[2026-09-17T07:29:27.473+0000] {logging_mixin.py:150} INFO - [2026-09-17T07:29:27.473+0000] {dag.py:2742} INFO - Sync 1 DAGs
[2026-09-17T07:29:27.487+0000] {logging_mixin.py:150} INFO - [2026-09-17T07:29:27.487+0000] {dag.py:3504} INFO - Setting next_dagrun for extract_dag to None, run_after=None
[2026-09-17T07:29:27.503+0000] {processor.py:179} INFO - Processing /workspaces/hands-on-introduction-data-engineering-4395021/airflow/dags/extract_dag.py took 0.063 seconds
[2026-09-17T07:29:57.634+0000] {processor.py:157} INFO - Started process (PID=38209) to work on /workspaces/hands-on-introduction-data-engineering-4395021/airflow/dags/extract_dag.py
[2026-09-17T07:29:57.635+0000] {processor.py:826} INFO - Processing file /workspaces/hands-on-introduction-data-engineering-4395021/airflow/dags/extract_dag.py for tasks to queue
[2026-09-17T07:29:57.636+0000] {logging_mixin.py:150} INFO - [2026-09-17T07:29:57.635+0000] {dagbag.py:541} INFO - Filling up the DagBag from /workspaces/hands-on-introduction-data-engineering-4395021/airflow/dags/extract_dag.py
[2026-09-17T07:29:57.648+0000] {processor.py:836} INFO - DAG(s) dict_keys(['extract_dag']) retrieved from /workspaces/hands-on-introduction-data-engineering-4395021/airflow/dags/extract_dag.py
[2026-09-17T07:29:57.664+0000] {logging_mixin.py:150} INFO - [2026-09-17T07:29:57.664+0000] {dag.py:2742} INFO - Sync 1 DAGs
[2026-09-17T07:29:57.679+0000] {logging_mixin.py:150} INFO - [2026-09-17T07:29:57.679+0000] {dag.py:3504} INFO - Setting next_dagrun for extract_dag to None, run_after=None
[2026-09-17T07:29:57.695+0000] {processor.py:179} INFO - Processing /workspaces/hands-on-introduction-data-engineering-4395021/airflow/dags/extract_dag.py took 0.064 seconds
[2026-09-17T07:30:27.823+0000] {processor.py:157} INFO - Started process (PID=38392) to work on /workspaces/hands-on-introduction-data-engineering-4395021/airflow/dags/extract_dag.py
[2026-09-17T07:30:27.823+0000] {processor.py:826} INFO - Processing file /workspaces/hands-on-introduction-data-engineering-4395021/airflow/dags/extract_dag.py for tasks to queue
[2026-09-17T07:30:27.824+0000] {logging_mixin.py:150} INFO - [2026-09-17T07:30:27.824+0000] {dagbag.py:541} INFO - Filling up the DagBag from /workspaces/hands-on-introduction-data-engineering-4395021/airflow/dags/extract_dag.py
[2026-09-17T07:30:27.834+0000] {processor.py:836} INFO - DAG(s) dict_keys(['extract_dag']) retrieved from /workspaces/hands-on-introduction-data-engineering-4395021/airflow/dags/extract_dag.py
[2026-09-17T07:30:27.853+0000] {logging_mixin.py:150} INFO - [2026-09-17T07:30:27.853+0000] {dag.py:2742} INFO - Sync 1 DAGs
[2026-09-17T07:30:27.867+0000] {logging_mixin.py:150} INFO - [2026-09-17T07:30:27.867+0000] {dag.py:3504} INFO - Setting next_dagrun for extract_dag to None, run_after=None
[2026-09-17T07:30:27.882+0000] {processor.py:179} INFO - Processing /workspaces/hands-on-introduction-data-engineering-4395021/airflow/dags/extract_dag.py took 0.062 seconds
[2026-09-17T07:30:58.031+0000] {processor.py:157} INFO - Started process (PID=38630) to work on /workspaces/hands-on-introduction-data-engineering-4395021/airflow/dags/extract_dag.py
[2026-09-17T07:30:58.032+0000] {processor.py:826} INFO - Processing file /workspaces/hands-on-introduction-data-engineering-4395021/airflow/dags/extract_dag.py for tasks to queue
[2026-09-17T07:30:58.033+0000] {logging_mixin.py:150} INFO - [2026-09-17T07:30:58.033+0000] {dagbag.py:541} INFO - Filling up the DagBag from /workspaces/hands-on-introduction-data-engineering-4395021/airflow/dags/extract_dag.py
[2026-09-17T07:30:58.045+0000] {processor.py:836} INFO - DAG(s) dict_keys(['extract_dag']) retrieved from /workspaces/hands-on-introduction-data-engineering-4395021/airflow/dags/extract_dag.py
[2026-09-17T07:30:58.062+0000] {logging_mixin.py:150} INFO - [2026-09-17T07:30:58.062+0000] {dag.py:2742} INFO - Sync 1 DAGs
[2026-09-17T07:30:58.080+0000] {logging_mixin.py:150} INFO - [2026-09-17T07:30:58.080+0000] {dag.py:3504} INFO - Setting next_dagrun for extract_dag to None, run_after=None
[2026-09-17T07:30:58.096+0000] {processor.py:179} INFO - Processing /workspaces/hands-on-introduction-data-engineering-4395021/airflow/dags/extract_dag.py took 0.069 seconds
[2026-09-17T07:31:28.224+0000] {processor.py:157} INFO - Started process (PID=39068) to work on /workspaces/hands-on-introduction-data-engineering-4395021/airflow/dags/extract_dag.py
[2026-09-17T07:31:28.225+0000] {processor.py:826} INFO - Processing file /workspaces/hands-on-introduction-data-engineering-4395021/airflow/dags/extract_dag.py for tasks to queue
[2026-09-17T07:31:28.226+0000] {logging_mixin.py:150} INFO - [2026-09-17T07:31:28.225+0000] {dagbag.py:541} INFO - Filling up the DagBag from /workspaces/hands-on-introduction-data-engineering-4395021/airflow/dags/extract_dag.py
[2026-09-17T07:31:28.236+0000] {processor.py:836} INFO - DAG(s) dict_keys(['extract_dag']) retrieved from /workspaces/hands-on-introduction-data-engineering-4395021/airflow/dags/extract_dag.py
[2026-09-17T07:31:28.256+0000] {logging_mixin.py:150} INFO - [2026-09-17T07:31:28.256+0000] {dag.py:2742} INFO - Sync 1 DAGs
[2026-09-17T07:31:28.271+0000] {logging_mixin.py:150} INFO - [2026-09-17T07:31:28.271+0000] {dag.py:3504} INFO - Setting next_dagrun for extract_dag to None, run_after=None
[2026-09-17T07:31:28.285+0000] {processor.py:179} INFO - Processing /workspaces/hands-on-introduction-data-engineering-4395021/airflow/dags/extract_dag.py took 0.064 seconds
[2026-09-17T07:31:58.412+0000] {processor.py:157} INFO - Started process (PID=39417) to work on /workspaces/hands-on-introduction-data-engineering-4395021/airflow/dags/extract_dag.py
[2026-09-17T07:31:58.413+0000] {processor.py:826} INFO - Processing file /workspaces/hands-on-introduction-data-engineering-4395021/airflow/dags/extract_dag.py for tasks to queue
[2026-09-17T07:31:58.414+0000] {logging_mixin.py:150} INFO - [2026-09-17T07:31:58.413+0000] {dagbag.py:541} INFO - Filling up the DagBag from /workspaces/hands-on-introduction-data-engineering-4395021/airflow/dags/extract_dag.py
[2026-09-17T07:31:58.422+0000] {processor.py:836} INFO - DAG(s) dict_keys(['extract_dag']) retrieved from /workspaces/hands-on-introduction-data-engineering-4395021/airflow/dags/extract_dag.py
[2026-09-17T07:31:58.441+0000] {logging_mixin.py:150} INFO - [2026-09-17T07:31:58.441+0000] {dag.py:2742} INFO - Sync 1 DAGs
[2026-09-17T07:31:58.458+0000] {logging_mixin.py:150} INFO - [2026-09-17T07:31:58.458+0000] {dag.py:3504} INFO - Setting next_dagrun for extract_dag to None, run_after=None
[2026-09-17T07:31:58.474+0000] {processor.py:179} INFO - Processing /workspaces/hands-on-introduction-data-engineering-4395021/airflow/dags/extract_dag.py took 0.064 seconds
[2026-09-17T07:32:28.603+0000] {processor.py:157} INFO - Started process (PID=39638) to work on /workspaces/hands-on-introduction-data-engineering-4395021/airflow/dags/extract_dag.py
[2026-09-17T07:32:28.604+0000] {processor.py:826} INFO - Processing file /workspaces/hands-on-introduction-data-engineering-4395021/airflow/dags/extract_dag.py for tasks to queue
[2026-09-17T07:32:28.605+0000] {logging_mixin.py:150} INFO - [2026-09-17T07:32:28.604+0000] {dagbag.py:541} INFO - Filling up the DagBag from /workspaces/hands-on-introduction-data-engineering-4395021/airflow/dags/extract_dag.py
[2026-09-17T07:32:28.613+0000] {processor.py:836} INFO - DAG(s) dict_keys(['extract_dag']) retrieved from /workspaces/hands-on-introduction-data-engineering-4395021/airflow/dags/extract_dag.py
[2026-09-17T07:32:28.629+0000] {logging_mixin.py:150} INFO - [2026-09-17T07:32:28.629+0000] {dag.py:2742} INFO - Sync 1 DAGs
[2026-09-17T07:32:28.651+0000] {logging_mixin.py:150} INFO - [2026-09-17T07:32:28.651+0000] {dag.py:3504} INFO - Setting next_dagrun for extract_dag to None, run_after=None
[2026-09-17T07:32:28.669+0000] {processor.py:179} INFO - Processing /workspaces/hands-on-introduction-data-engineering-4395021/airflow/dags/extract_dag.py took 0.068 seconds
[2026-09-17T07:32:58.812+0000] {processor.py:157} INFO - Started process (PID=40013) to work on /workspaces/hands-on-introduction-data-engineering-4395021/airflow/dags/extract_dag.py
[2026-09-17T07:32:58.813+0000] {processor.py:826} INFO - Processing file /workspaces/hands-on-introduction-data-engineering-4395021/airflow/dags/extract_dag.py for tasks to queue
[2026-09-17T07:32:58.814+0000] {logging_mixin.py:150} INFO - [2026-09-17T07:32:58.814+0000] {dagbag.py:541} INFO - Filling up the DagBag from /workspaces/hands-on-introduction-data-engineering-4395021/airflow/dags/extract_dag.py
[2026-09-17T07:32:58.824+0000] {processor.py:836} INFO - DAG(s) dict_keys(['extract_dag']) retrieved from /workspaces/hands-on-introduction-data-engineering-4395021/airflow/dags/extract_dag.py
[2026-09-17T07:32:58.845+0000] {logging_mixin.py:150} INFO - [2026-09-17T07:32:58.844+0000] {dag.py:2742} INFO - Sync 1 DAGs
[2026-09-17T07:32:58.864+0000] {logging_mixin.py:150} INFO - [2026-09-17T07:32:58.863+0000] {dag.py:3504} INFO - Setting next_dagrun for extract_dag to None, run_after=None
[2026-09-17T07:32:58.890+0000] {processor.py:179} INFO - Processing /workspaces/hands-on-introduction-data-engineering-4395021/airflow/dags/extract_dag.py took 0.081 seconds
[2026-09-17T07:33:29.050+0000] {processor.py:157} INFO - Started process (PID=40380) to work on /workspaces/hands-on-introduction-data-engineering-4395021/airflow/dags/extract_dag.py
[2026-09-17T07:33:29.050+0000] {processor.py:826} INFO - Processing file /workspaces/hands-on-introduction-data-engineering-4395021/airflow/dags/extract_dag.py for tasks to queue
[2026-09-17T07:33:29.051+0000] {logging_mixin.py:150} INFO - [2026-09-17T07:33:29.051+0000] {dagbag.py:541} INFO - Filling up the DagBag from /workspaces/hands-on-introduction-data-engineering-4395021/airflow/dags/extract_dag.py
[2026-09-17T07:33:29.062+0000] {processor.py:836} INFO - DAG(s) dict_keys(['extract_dag']) retrieved from /workspaces/hands-on-introduction-data-engineering-4395021/airflow/dags/extract_dag.py
[2026-09-17T07:33:29.078+0000] {logging_mixin.py:150} INFO - [2026-09-17T07:33:29.078+0000] {dag.py:2742} INFO - Sync 1 DAGs
[2026-09-17T07:33:29.093+0000] {logging_mixin.py:150} INFO - [2026-09-17T07:33:29.093+0000] {dag.py:3504} INFO - Setting next_dagrun for extract_dag to None, run_after=None
[2026-09-17T07:33:29.108+0000] {processor.py:179} INFO - Processing /workspaces/hands-on-introduction-data-engineering-4395021/airflow/dags/extract_dag.py took 0.061 seconds
[2026-09-17T07:33:59.240+0000] {processor.py:157} INFO - Started process (PID=40822) to work on /workspaces/hands-on-introduction-data-engineering-4395021/airflow/dags/extract_dag.py
[2026-09-17T07:33:59.241+0000] {processor.py:826} INFO - Processing file /workspaces/hands-on-introduction-data-engineering-4395021/airflow/dags/extract_dag.py for tasks to queue
[2026-09-17T07:33:59.242+0000] {logging_mixin.py:150} INFO - [2026-09-17T07:33:59.241+0000] {dagbag.py:541} INFO - Filling up the DagBag from /workspaces/hands-on-introduction-data-engineering-4395021/airflow/dags/extract_dag.py
[2026-09-17T07:33:59.252+0000] {processor.py:836} INFO - DAG(s) dict_keys(['extract_dag']) retrieved from /workspaces/hands-on-introduction-data-engineering-4395021/airflow/dags/extract_dag.py
[2026-09-17T07:33:59.269+0000] {logging_mixin.py:150} INFO - [2026-09-17T07:33:59.269+0000] {dag.py:2742} INFO - Sync 1 DAGs
[2026-09-17T07:33:59.283+0000] {logging_mixin.py:150} INFO - [2026-09-17T07:33:59.283+0000] {dag.py:3504} INFO - Setting next_dagrun for extract_dag to None, run_after=None
[2026-09-17T07:33:59.299+0000] {processor.py:179} INFO - Processing /workspaces/hands-on-introduction-data-engineering-4395021/airflow/dags/extract_dag.py took 0.062 seconds
[2026-09-17T07:34:29.429+0000] {processor.py:157} INFO - Started process (PID=41045) to work on /workspaces/hands-on-introduction-data-engineering-4395021/airflow/dags/extract_dag.py
[2026-09-17T07:34:29.430+0000] {processor.py:826} INFO - Processing file /workspaces/hands-on-introduction-data-engineering-4395021/airflow/dags/extract_dag.py for tasks to queue
[2026-09-17T07:34:29.431+0000] {logging_mixin.py:150} INFO - [2026-09-17T07:34:29.430+0000] {dagbag.py:541} INFO - Filling up the DagBag from /workspaces/hands-on-introduction-data-engineering-4395021/airflow/dags/extract_dag.py
[2026-09-17T07:34:29.442+0000] {processor.py:836} INFO - DAG(s) dict_keys(['extract_dag']) retrieved from /workspaces/hands-on-introduction-data-engineering-4395021/airflow/dags/extract_dag.py
[2026-09-17T07:34:29.460+0000] {logging_mixin.py:150} INFO - [2026-09-17T07:34:29.460+0000] {dag.py:2742} INFO - Sync 1 DAGs
[2026-09-17T07:34:29.476+0000] {logging_mixin.py:150} INFO - [2026-09-17T07:34:29.476+0000] {dag.py:3504} INFO - Setting next_dagrun for extract_dag to None, run_after=None
[2026-09-17T07:34:29.491+0000] {processor.py:179} INFO - Processing /workspaces/hands-on-introduction-data-engineering-4395021/airflow/dags/extract_dag.py took 0.065 seconds
[2026-09-17T07:34:59.624+0000] {processor.py:157} INFO - Started process (PID=41251) to work on /workspaces/hands-on-introduction-data-engineering-4395021/airflow/dags/extract_dag.py
[2026-09-17T07:34:59.625+0000] {processor.py:826} INFO - Processing file /workspaces/hands-on-introduction-data-engineering-4395021/airflow/dags/extract_dag.py for tasks to queue
[2026-09-17T07:34:59.626+0000] {logging_mixin.py:150} INFO - [2026-09-17T07:34:59.625+0000] {dagbag.py:541} INFO - Filling up the DagBag from /workspaces/hands-on-introduction-data-engineering-4395021/airflow/dags/extract_dag.py
[2026-09-17T07:34:59.640+0000] {processor.py:836} INFO - DAG(s) dict_keys(['extract_dag']) retrieved from /workspaces/hands-on-introduction-data-engineering-4395021/airflow/dags/extract_dag.py
[2026-09-17T07:34:59.664+0000] {logging_mixin.py:150} INFO - [2026-09-17T07:34:59.664+0000] {dag.py:2742} INFO - Sync 1 DAGs
[2026-09-17T07:34:59.682+0000] {logging_mixin.py:150} INFO - [2026-09-17T07:34:59.682+0000] {dag.py:3504} INFO - Setting next_dagrun for extract_dag to None, run_after=None
[2026-09-17T07:34:59.697+0000] {processor.py:179} INFO - Processing /workspaces/hands-on-introduction-data-engineering-4395021/airflow/dags/extract_dag.py took 0.076 seconds
[2026-09-17T07:35:29.812+0000] {processor.py:157} INFO - Started process (PID=41444) to work on /workspaces/hands-on-introduction-data-engineering-4395021/airflow/dags/extract_dag.py
[2026-09-17T07:35:29.813+0000] {processor.py:826} INFO - Processing file /workspaces/hands-on-introduction-data-engineering-4395021/airflow/dags/extract_dag.py for tasks to queue
[2026-09-17T07:35:29.813+0000] {logging_mixin.py:150} INFO - [2026-09-17T07:35:29.813+0000] {dagbag.py:541} INFO - Filling up the DagBag from /workspaces/hands-on-introduction-data-engineering-4395021/airflow/dags/extract_dag.py
[2026-09-17T07:35:29.822+0000] {processor.py:836} INFO - DAG(s) dict_keys(['extract_dag']) retrieved from /workspaces/hands-on-introduction-data-engineering-4395021/airflow/dags/extract_dag.py
[2026-09-17T07:35:29.839+0000] {logging_mixin.py:150} INFO - [2026-09-17T07:35:29.839+0000] {dag.py:2742} INFO - Sync 1 DAGs
[2026-09-17T07:35:29.856+0000] {logging_mixin.py:150} INFO - [2026-09-17T07:35:29.856+0000] {dag.py:3504} INFO - Setting next_dagrun for extract_dag to None, run_after=None
[2026-09-17T07:35:29.882+0000] {processor.py:179} INFO - Processing /workspaces/hands-on-introduction-data-engineering-4395021/airflow/dags/extract_dag.py took 0.073 seconds
[2026-09-17T07:36:00.003+0000] {processor.py:157} INFO - Started process (PID=41649) to work on /workspaces/hands-on-introduction-data-engineering-4395021/airflow/dags/extract_dag.py
[2026-09-17T07:36:00.004+0000] {processor.py:826} INFO - Processing file /workspaces/hands-on-introduction-data-engineering-4395021/airflow/dags/extract_dag.py for tasks to queue
[2026-09-17T07:36:00.005+0000] {logging_mixin.py:150} INFO - [2026-09-17T07:36:00.004+0000] {dagbag.py:541} INFO - Filling up the DagBag from /workspaces/hands-on-introduction-data-engineering-4395021/airflow/dags/extract_dag.py
[2026-09-17T07:36:00.013+0000] {processor.py:836} INFO - DAG(s) dict_keys(['extract_dag']) retrieved from /workspaces/hands-on-introduction-data-engineering-4395021/airflow/dags/extract_dag.py
[2026-09-17T07:36:00.029+0000] {logging_mixin.py:150} INFO - [2026-09-17T07:36:00.029+0000] {dag.py:2742} INFO - Sync 1 DAGs
[2026-09-17T07:36:00.049+0000] {logging_mixin.py:150} INFO - [2026-09-17T07:36:00.049+0000] {dag.py:3504} INFO - Setting next_dagrun for extract_dag to None, run_after=None
[2026-09-17T07:36:00.066+0000] {processor.py:179} INFO - Processing /workspaces/hands-on-introduction-data-engineering-4395021/airflow/dags/extract_dag.py took 0.065 seconds
[2026-09-17T07:36:30.197+0000] {processor.py:157} INFO - Started process (PID=41823) to work on /workspaces/hands-on-introduction-data-engineering-4395021/airflow/dags/extract_dag.py
[2026-09-17T07:36:30.198+0000] {processor.py:826} INFO - Processing file /workspaces/hands-on-introduction-data-engineering-4395021/airflow/dags/extract_dag.py for tasks to queue
[2026-09-17T07:36:30.199+0000] {logging_mixin.py:150} INFO - [2026-09-17T07:36:30.198+0000] {dagbag.py:541} INFO - Filling up the DagBag from /workspaces/hands-on-introduction-data-engineering-4395021/airflow/dags/extract_dag.py
[2026-09-17T07:36:30.208+0000] {processor.py:836} INFO - DAG(s) dict_keys(['extract_dag']) retrieved from /workspaces/hands-on-introduction-data-engineering-4395021/airflow/dags/extract_dag.py
[2026-09-17T07:36:30.227+0000] {logging_mixin.py:150} INFO - [2026-09-17T07:36:30.226+0000] {dag.py:2742} INFO - Sync 1 DAGs
[2026-09-17T07:36:30.242+0000] {logging_mixin.py:150} INFO - [2026-09-17T07:36:30.241+0000] {dag.py:3504} INFO - Setting next_dagrun for extract_dag to None, run_after=None
[2026-09-17T07:36:30.257+0000] {processor.py:179} INFO - Processing /workspaces/hands-on-introduction-data-engineering-4395021/airflow/dags/extract_dag.py took 0.063 seconds
[2026-09-17T07:37:00.389+0000] {processor.py:157} INFO - Started process (PID=41991) to work on /workspaces/hands-on-introduction-data-engineering-4395021/airflow/dags/extract_dag.py
[2026-09-17T07:37:00.390+0000] {processor.py:826} INFO - Processing file /workspaces/hands-on-introduction-data-engineering-4395021/airflow/dags/extract_dag.py for tasks to queue
[2026-09-17T07:37:00.391+0000] {logging_mixin.py:150} INFO - [2026-09-17T07:37:00.390+0000] {dagbag.py:541} INFO - Filling up the DagBag from /workspaces/hands-on-introduction-data-engineering-4395021/airflow/dags/extract_dag.py
[2026-09-17T07:37:00.400+0000] {processor.py:836} INFO - DAG(s) dict_keys(['extract_dag']) retrieved from /workspaces/hands-on-introduction-data-engineering-4395021/airflow/dags/extract_dag.py
[2026-09-17T07:37:00.416+0000] {logging_mixin.py:150} INFO - [2026-09-17T07:37:00.416+0000] {dag.py:2742} INFO - Sync 1 DAGs
[2026-09-17T07:37:00.432+0000] {logging_mixin.py:150} INFO - [2026-09-17T07:37:00.431+0000] {dag.py:3504} INFO - Setting next_dagrun for extract_dag to None, run_after=None
[2026-09-17T07:37:00.452+0000] {processor.py:179} INFO - Processing /workspaces/hands-on-introduction-data-engineering-4395021/airflow/dags/extract_dag.py took 0.065 seconds
[2026-09-17T07:37:30.587+0000] {processor.py:157} INFO - Started process (PID=42163) to work on /workspaces/hands-on-introduction-data-engineering-4395021/airflow/dags/extract_dag.py
[2026-09-17T07:37:30.588+0000] {processor.py:826} INFO - Processing file /workspaces/hands-on-introduction-data-engineering-4395021/airflow/dags/extract_dag.py for tasks to queue
[2026-09-17T07:37:30.589+0000] {logging_mixin.py:150} INFO - [2026-09-17T07:37:30.589+0000] {dagbag.py:541} INFO - Filling up the DagBag from /workspaces/hands-on-introduction-data-engineering-4395021/airflow/dags/extract_dag.py
[2026-09-17T07:37:30.597+0000] {processor.py:836} INFO - DAG(s) dict_keys(['extract_dag']) retrieved from /workspaces/hands-on-introduction-data-engineering-4395021/airflow/dags/extract_dag.py
[2026-09-17T07:37:30.613+0000] {logging_mixin.py:150} INFO - [2026-09-17T07:37:30.613+0000] {dag.py:2742} INFO - Sync 1 DAGs
[2026-09-17T07:37:30.628+0000] {logging_mixin.py:150} INFO - [2026-09-17T07:37:30.628+0000] {dag.py:3504} INFO - Setting next_dagrun for extract_dag to None, run_after=None
[2026-09-17T07:37:30.646+0000] {processor.py:179} INFO - Processing /workspaces/hands-on-introduction-data-engineering-4395021/airflow/dags/extract_dag.py took 0.061 seconds
[2026-09-17T07:38:00.779+0000] {processor.py:157} INFO - Started process (PID=42332) to work on /workspaces/hands-on-introduction-data-engineering-4395021/airflow/dags/extract_dag.py
[2026-09-17T07:38:00.779+0000] {processor.py:826} INFO - Processing file /workspaces/hands-on-introduction-data-engineering-4395021/airflow/dags/extract_dag.py for tasks to queue
[2026-09-17T07:38:00.780+0000] {logging_mixin.py:150} INFO - [2026-09-17T07:38:00.780+0000] {dagbag.py:541} INFO - Filling up the DagBag from /workspaces/hands-on-introduction-data-engineering-4395021/airflow/dags/extract_dag.py
[2026-09-17T07:38:00.789+0000] {processor.py:836} INFO - DAG(s) dict_keys(['extract_dag']) retrieved from /workspaces/hands-on-introduction-data-engineering-4395021/airflow/dags/extract_dag.py
[2026-09-17T07:38:00.806+0000] {logging_mixin.py:150} INFO - [2026-09-17T07:38:00.806+0000] {dag.py:2742} INFO - Sync 1 DAGs
[2026-09-17T07:38:00.820+0000] {logging_mixin.py:150} INFO - [2026-09-17T07:38:00.820+0000] {dag.py:3504} INFO - Setting next_dagrun for extract_dag to None, run_after=None
[2026-09-17T07:38:00.837+0000] {processor.py:179} INFO - Processing /workspaces/hands-on-introduction-data-engineering-4395021/airflow/dags/extract_dag.py took 0.061 seconds
[2026-09-17T07:38:30.969+0000] {processor.py:157} INFO - Started process (PID=42531) to work on /workspaces/hands-on-introduction-data-engineering-4395021/airflow/dags/extract_dag.py
[2026-09-17T07:38:30.970+0000] {processor.py:826} INFO - Processing file /workspaces/hands-on-introduction-data-engineering-4395021/airflow/dags/extract_dag.py for tasks to queue
[2026-09-17T07:38:30.971+0000] {logging_mixin.py:150} INFO - [2026-09-17T07:38:30.971+0000] {dagbag.py:541} INFO - Filling up the DagBag from /workspaces/hands-on-introduction-data-engineering-4395021/airflow/dags/extract_dag.py
[2026-09-17T07:38:30.979+0000] {processor.py:836} INFO - DAG(s) dict_keys(['extract_dag']) retrieved from /workspaces/hands-on-introduction-data-engineering-4395021/airflow/dags/extract_dag.py
[2026-09-17T07:38:30.996+0000] {logging_mixin.py:150} INFO - [2026-09-17T07:38:30.996+0000] {dag.py:2742} INFO - Sync 1 DAGs
[2026-09-17T07:38:31.010+0000] {logging_mixin.py:150} INFO - [2026-09-17T07:38:31.010+0000] {dag.py:3504} INFO - Setting next_dagrun for extract_dag to None, run_after=None
[2026-09-17T07:38:31.026+0000] {processor.py:179} INFO - Processing /workspaces/hands-on-introduction-data-engineering-4395021/airflow/dags/extract_dag.py took 0.059 seconds
[2026-09-17T07:39:01.186+0000] {processor.py:157} INFO - Started process (PID=43155) to work on /workspaces/hands-on-introduction-data-engineering-4395021/airflow/dags/extract_dag.py
[2026-09-17T07:39:01.198+0000] {processor.py:826} INFO - Processing file /workspaces/hands-on-introduction-data-engineering-4395021/airflow/dags/extract_dag.py for tasks to queue
[2026-09-17T07:39:01.203+0000] {logging_mixin.py:150} INFO - [2026-09-17T07:39:01.202+0000] {dagbag.py:541} INFO - Filling up the DagBag from /workspaces/hands-on-introduction-data-engineering-4395021/airflow/dags/extract_dag.py
[2026-09-17T07:39:01.222+0000] {processor.py:836} INFO - DAG(s) dict_keys(['extract_dag']) retrieved from /workspaces/hands-on-introduction-data-engineering-4395021/airflow/dags/extract_dag.py
[2026-09-17T07:39:01.279+0000] {logging_mixin.py:150} INFO - [2026-09-17T07:39:01.279+0000] {dag.py:2742} INFO - Sync 1 DAGs
[2026-09-17T07:39:01.324+0000] {logging_mixin.py:150} INFO - [2026-09-17T07:39:01.324+0000] {dag.py:3504} INFO - Setting next_dagrun for extract_dag to None, run_after=None
[2026-09-17T07:39:01.356+0000] {processor.py:179} INFO - Processing /workspaces/hands-on-introduction-data-engineering-4395021/airflow/dags/extract_dag.py took 0.174 seconds
[2026-09-17T07:39:31.527+0000] {processor.py:157} INFO - Started process (PID=44485) to work on /workspaces/hands-on-introduction-data-engineering-4395021/airflow/dags/extract_dag.py
[2026-09-17T07:39:31.528+0000] {processor.py:826} INFO - Processing file /workspaces/hands-on-introduction-data-engineering-4395021/airflow/dags/extract_dag.py for tasks to queue
[2026-09-17T07:39:31.529+0000] {logging_mixin.py:150} INFO - [2026-09-17T07:39:31.529+0000] {dagbag.py:541} INFO - Filling up the DagBag from /workspaces/hands-on-introduction-data-engineering-4395021/airflow/dags/extract_dag.py
[2026-09-17T07:39:31.565+0000] {processor.py:836} INFO - DAG(s) dict_keys(['extract_dag']) retrieved from /workspaces/hands-on-introduction-data-engineering-4395021/airflow/dags/extract_dag.py
[2026-09-17T07:39:31.612+0000] {logging_mixin.py:150} INFO - [2026-09-17T07:39:31.612+0000] {dag.py:2742} INFO - Sync 1 DAGs
[2026-09-17T07:39:31.657+0000] {logging_mixin.py:150} INFO - [2026-09-17T07:39:31.656+0000] {dag.py:3504} INFO - Setting next_dagrun for extract_dag to None, run_after=None
[2026-09-17T07:39:31.689+0000] {processor.py:179} INFO - Processing /workspaces/hands-on-introduction-data-engineering-4395021/airflow/dags/extract_dag.py took 0.164 seconds
[2026-09-17T07:40:01.838+0000] {processor.py:157} INFO - Started process (PID=44923) to work on /workspaces/hands-on-introduction-data-engineering-4395021/airflow/dags/extract_dag.py
[2026-09-17T07:40:01.862+0000] {processor.py:826} INFO - Processing file /workspaces/hands-on-introduction-data-engineering-4395021/airflow/dags/extract_dag.py for tasks to queue
[2026-09-17T07:40:01.867+0000] {logging_mixin.py:150} INFO - [2026-09-17T07:40:01.865+0000] {dagbag.py:541} INFO - Filling up the DagBag from /workspaces/hands-on-introduction-data-engineering-4395021/airflow/dags/extract_dag.py
[2026-09-17T07:40:01.890+0000] {processor.py:836} INFO - DAG(s) dict_keys(['extract_dag']) retrieved from /workspaces/hands-on-introduction-data-engineering-4395021/airflow/dags/extract_dag.py
[2026-09-17T07:40:01.973+0000] {logging_mixin.py:150} INFO - [2026-09-17T07:40:01.972+0000] {dag.py:2742} INFO - Sync 1 DAGs
[2026-09-17T07:40:02.010+0000] {logging_mixin.py:150} INFO - [2026-09-17T07:40:02.010+0000] {dag.py:3504} INFO - Setting next_dagrun for extract_dag to None, run_after=None
[2026-09-17T07:40:02.050+0000] {processor.py:179} INFO - Processing /workspaces/hands-on-introduction-data-engineering-4395021/airflow/dags/extract_dag.py took 0.217 seconds
[2026-09-17T07:40:32.249+0000] {processor.py:157} INFO - Started process (PID=45437) to work on /workspaces/hands-on-introduction-data-engineering-4395021/airflow/dags/extract_dag.py
[2026-09-17T07:40:32.249+0000] {processor.py:826} INFO - Processing file /workspaces/hands-on-introduction-data-engineering-4395021/airflow/dags/extract_dag.py for tasks to queue
[2026-09-17T07:40:32.250+0000] {logging_mixin.py:150} INFO - [2026-09-17T07:40:32.250+0000] {dagbag.py:541} INFO - Filling up the DagBag from /workspaces/hands-on-introduction-data-engineering-4395021/airflow/dags/extract_dag.py
[2026-09-17T07:40:32.258+0000] {processor.py:836} INFO - DAG(s) dict_keys(['extract_dag']) retrieved from /workspaces/hands-on-introduction-data-engineering-4395021/airflow/dags/extract_dag.py
[2026-09-17T07:40:32.275+0000] {logging_mixin.py:150} INFO - [2026-09-17T07:40:32.275+0000] {dag.py:2742} INFO - Sync 1 DAGs
[2026-09-17T07:40:32.289+0000] {logging_mixin.py:150} INFO - [2026-09-17T07:40:32.289+0000] {dag.py:3504} INFO - Setting next_dagrun for extract_dag to None, run_after=None
[2026-09-17T07:40:32.305+0000] {processor.py:179} INFO - Processing /workspaces/hands-on-introduction-data-engineering-4395021/airflow/dags/extract_dag.py took 0.060 seconds
[2026-09-17T07:41:02.440+0000] {processor.py:157} INFO - Started process (PID=45873) to work on /workspaces/hands-on-introduction-data-engineering-4395021/airflow/dags/extract_dag.py
[2026-09-17T07:41:02.441+0000] {processor.py:826} INFO - Processing file /workspaces/hands-on-introduction-data-engineering-4395021/airflow/dags/extract_dag.py for tasks to queue
[2026-09-17T07:41:02.442+0000] {logging_mixin.py:150} INFO - [2026-09-17T07:41:02.441+0000] {dagbag.py:541} INFO - Filling up the DagBag from /workspaces/hands-on-introduction-data-engineering-4395021/airflow/dags/extract_dag.py
[2026-09-17T07:41:02.450+0000] {processor.py:836} INFO - DAG(s) dict_keys(['extract_dag']) retrieved from /workspaces/hands-on-introduction-data-engineering-4395021/airflow/dags/extract_dag.py
[2026-09-17T07:41:02.467+0000] {logging_mixin.py:150} INFO - [2026-09-17T07:41:02.467+0000] {dag.py:2742} INFO - Sync 1 DAGs
[2026-09-17T07:41:02.482+0000] {logging_mixin.py:150} INFO - [2026-09-17T07:41:02.482+0000] {dag.py:3504} INFO - Setting next_dagrun for extract_dag to None, run_after=None
[2026-09-17T07:41:02.497+0000] {processor.py:179} INFO - Processing /workspaces/hands-on-introduction-data-engineering-4395021/airflow/dags/extract_dag.py took 0.060 seconds
[2026-09-17T07:41:32.662+0000] {processor.py:157} INFO - Started process (PID=46072) to work on /workspaces/hands-on-introduction-data-engineering-4395021/airflow/dags/extract_dag.py
[2026-09-17T07:41:32.663+0000] {processor.py:826} INFO - Processing file /workspaces/hands-on-introduction-data-engineering-4395021/airflow/dags/extract_dag.py for tasks to queue
[2026-09-17T07:41:32.665+0000] {logging_mixin.py:150} INFO - [2026-09-17T07:41:32.664+0000] {dagbag.py:541} INFO - Filling up the DagBag from /workspaces/hands-on-introduction-data-engineering-4395021/airflow/dags/extract_dag.py
[2026-09-17T07:41:32.695+0000] {processor.py:836} INFO - DAG(s) dict_keys(['extract_dag']) retrieved from /workspaces/hands-on-introduction-data-engineering-4395021/airflow/dags/extract_dag.py
[2026-09-17T07:41:32.768+0000] {logging_mixin.py:150} INFO - [2026-09-17T07:41:32.768+0000] {dag.py:2742} INFO - Sync 1 DAGs
[2026-09-17T07:41:32.820+0000] {logging_mixin.py:150} INFO - [2026-09-17T07:41:32.820+0000] {dag.py:3504} INFO - Setting next_dagrun for extract_dag to None, run_after=None
[2026-09-17T07:41:32.861+0000] {processor.py:179} INFO - Processing /workspaces/hands-on-introduction-data-engineering-4395021/airflow/dags/extract_dag.py took 0.210 seconds
[2026-09-17T07:41:38.961+0000] {processor.py:157} INFO - Started process (PID=46121) to work on /workspaces/hands-on-introduction-data-engineering-4395021/airflow/dags/extract_dag.py
[2026-09-17T07:41:38.961+0000] {processor.py:826} INFO - Processing file /workspaces/hands-on-introduction-data-engineering-4395021/airflow/dags/extract_dag.py for tasks to queue
[2026-09-17T07:41:38.962+0000] {logging_mixin.py:150} INFO - [2026-09-17T07:41:38.962+0000] {dagbag.py:541} INFO - Filling up the DagBag from /workspaces/hands-on-introduction-data-engineering-4395021/airflow/dags/extract_dag.py
[2026-09-17T07:41:38.971+0000] {logging_mixin.py:150} INFO - [2026-09-17T07:41:38.967+0000] {dagbag.py:350} ERROR - Failed to import: /workspaces/hands-on-introduction-data-engineering-4395021/airflow/dags/extract_dag.py
Traceback (most recent call last):
  File "/home/vscode/.local/lib/python3.10/site-packages/airflow/models/dagbag.py", line 346, in parse
    loader.exec_module(new_module)
  File "<frozen importlib._bootstrap_external>", line 879, in exec_module
  File "<frozen importlib._bootstrap_external>", line 1017, in get_code
  File "<frozen importlib._bootstrap_external>", line 947, in source_to_code
  File "<frozen importlib._bootstrap>", line 241, in _call_with_frames_removed
  File "/workspaces/hands-on-introduction-data-engineering-4395021/airflow/dags/extract_dag.py", line 21
    /workspaces/hands-on-introduction-data-engineering-4395021/lab/manual/airflow-extract-data.csv
    ^
SyntaxError: invalid syntax
[2026-09-17T07:41:38.972+0000] {processor.py:838} WARNING - No viable dags retrieved from /workspaces/hands-on-introduction-data-engineering-4395021/airflow/dags/extract_dag.py
[2026-09-17T07:41:39.001+0000] {processor.py:179} INFO - Processing /workspaces/hands-on-introduction-data-engineering-4395021/airflow/dags/extract_dag.py took 0.051 seconds
[2026-09-17T07:41:56.156+0000] {processor.py:157} INFO - Started process (PID=46205) to work on /workspaces/hands-on-introduction-data-engineering-4395021/airflow/dags/extract_dag.py
[2026-09-17T07:41:56.156+0000] {processor.py:826} INFO - Processing file /workspaces/hands-on-introduction-data-engineering-4395021/airflow/dags/extract_dag.py for tasks to queue
[2026-09-17T07:41:56.157+0000] {logging_mixin.py:150} INFO - [2026-09-17T07:41:56.157+0000] {dagbag.py:541} INFO - Filling up the DagBag from /workspaces/hands-on-introduction-data-engineering-4395021/airflow/dags/extract_dag.py
[2026-09-17T07:41:56.164+0000] {logging_mixin.py:150} INFO - [2026-09-17T07:41:56.163+0000] {dagbag.py:350} ERROR - Failed to import: /workspaces/hands-on-introduction-data-engineering-4395021/airflow/dags/extract_dag.py
Traceback (most recent call last):
  File "/home/vscode/.local/lib/python3.10/site-packages/airflow/models/dagbag.py", line 346, in parse
    loader.exec_module(new_module)
  File "<frozen importlib._bootstrap_external>", line 883, in exec_module
  File "<frozen importlib._bootstrap>", line 241, in _call_with_frames_removed
  File "/workspaces/hands-on-introduction-data-engineering-4395021/airflow/dags/extract_dag.py", line 21, in <module>
    df = pd/workspaces/hands-on-introduction-data-engineering-4395021/lab/manual/airflow-extract-data.csv
NameError: name 'pd' is not defined
[2026-09-17T07:41:56.165+0000] {processor.py:838} WARNING - No viable dags retrieved from /workspaces/hands-on-introduction-data-engineering-4395021/airflow/dags/extract_dag.py
[2026-09-17T07:41:56.180+0000] {processor.py:179} INFO - Processing /workspaces/hands-on-introduction-data-engineering-4395021/airflow/dags/extract_dag.py took 0.027 seconds
[2026-09-17T07:41:58.575+0000] {processor.py:157} INFO - Started process (PID=46221) to work on /workspaces/hands-on-introduction-data-engineering-4395021/airflow/dags/extract_dag.py
[2026-09-17T07:41:58.576+0000] {processor.py:826} INFO - Processing file /workspaces/hands-on-introduction-data-engineering-4395021/airflow/dags/extract_dag.py for tasks to queue
[2026-09-17T07:41:58.577+0000] {logging_mixin.py:150} INFO - [2026-09-17T07:41:58.576+0000] {dagbag.py:541} INFO - Filling up the DagBag from /workspaces/hands-on-introduction-data-engineering-4395021/airflow/dags/extract_dag.py
[2026-09-17T07:41:58.583+0000] {logging_mixin.py:150} INFO - [2026-09-17T07:41:58.582+0000] {dagbag.py:350} ERROR - Failed to import: /workspaces/hands-on-introduction-data-engineering-4395021/airflow/dags/extract_dag.py
Traceback (most recent call last):
  File "/home/vscode/.local/lib/python3.10/site-packages/airflow/models/dagbag.py", line 346, in parse
    loader.exec_module(new_module)
  File "<frozen importlib._bootstrap_external>", line 883, in exec_module
  File "<frozen importlib._bootstrap>", line 241, in _call_with_frames_removed
  File "/workspaces/hands-on-introduction-data-engineering-4395021/airflow/dags/extract_dag.py", line 21, in <module>
    df = pd.read/workspaces/hands-on-introduction-data-engineering-4395021/lab/manual/airflow-extract-data.csv
NameError: name 'pd' is not defined
[2026-09-17T07:41:58.583+0000] {processor.py:838} WARNING - No viable dags retrieved from /workspaces/hands-on-introduction-data-engineering-4395021/airflow/dags/extract_dag.py
[2026-09-17T07:41:58.598+0000] {processor.py:179} INFO - Processing /workspaces/hands-on-introduction-data-engineering-4395021/airflow/dags/extract_dag.py took 0.026 seconds
[2026-09-17T07:42:04.238+0000] {processor.py:157} INFO - Started process (PID=46233) to work on /workspaces/hands-on-introduction-data-engineering-4395021/airflow/dags/extract_dag.py
[2026-09-17T07:42:04.239+0000] {processor.py:826} INFO - Processing file /workspaces/hands-on-introduction-data-engineering-4395021/airflow/dags/extract_dag.py for tasks to queue
[2026-09-17T07:42:04.240+0000] {logging_mixin.py:150} INFO - [2026-09-17T07:42:04.240+0000] {dagbag.py:541} INFO - Filling up the DagBag from /workspaces/hands-on-introduction-data-engineering-4395021/airflow/dags/extract_dag.py
[2026-09-17T07:42:04.249+0000] {logging_mixin.py:150} INFO - [2026-09-17T07:42:04.248+0000] {dagbag.py:350} ERROR - Failed to import: /workspaces/hands-on-introduction-data-engineering-4395021/airflow/dags/extract_dag.py
Traceback (most recent call last):
  File "/home/vscode/.local/lib/python3.10/site-packages/airflow/models/dagbag.py", line 346, in parse
    loader.exec_module(new_module)
  File "<frozen importlib._bootstrap_external>", line 883, in exec_module
  File "<frozen importlib._bootstrap>", line 241, in _call_with_frames_removed
  File "/workspaces/hands-on-introduction-data-engineering-4395021/airflow/dags/extract_dag.py", line 21, in <module>
    df = pd.read_cs/workspaces/hands-on-introduction-data-engineering-4395021/lab/manual/airflow-extract-data.csv
NameError: name 'pd' is not defined
[2026-09-17T07:42:04.250+0000] {processor.py:838} WARNING - No viable dags retrieved from /workspaces/hands-on-introduction-data-engineering-4395021/airflow/dags/extract_dag.py
[2026-09-17T07:42:04.265+0000] {processor.py:179} INFO - Processing /workspaces/hands-on-introduction-data-engineering-4395021/airflow/dags/extract_dag.py took 0.032 seconds
[2026-09-17T07:42:06.402+0000] {processor.py:157} INFO - Started process (PID=46237) to work on /workspaces/hands-on-introduction-data-engineering-4395021/airflow/dags/extract_dag.py
[2026-09-17T07:42:06.403+0000] {processor.py:826} INFO - Processing file /workspaces/hands-on-introduction-data-engineering-4395021/airflow/dags/extract_dag.py for tasks to queue
[2026-09-17T07:42:06.403+0000] {logging_mixin.py:150} INFO - [2026-09-17T07:42:06.403+0000] {dagbag.py:541} INFO - Filling up the DagBag from /workspaces/hands-on-introduction-data-engineering-4395021/airflow/dags/extract_dag.py
[2026-09-17T07:42:06.410+0000] {logging_mixin.py:150} INFO - [2026-09-17T07:42:06.409+0000] {dagbag.py:350} ERROR - Failed to import: /workspaces/hands-on-introduction-data-engineering-4395021/airflow/dags/extract_dag.py
Traceback (most recent call last):
  File "/home/vscode/.local/lib/python3.10/site-packages/airflow/models/dagbag.py", line 346, in parse
    loader.exec_module(new_module)
  File "<frozen importlib._bootstrap_external>", line 883, in exec_module
  File "<frozen importlib._bootstrap>", line 241, in _call_with_frames_removed
  File "/workspaces/hands-on-introduction-data-engineering-4395021/airflow/dags/extract_dag.py", line 21, in <module>
    df = pd.read_csv/workspaces/hands-on-introduction-data-engineering-4395021/lab/manual/airflow-extract-data.csv
NameError: name 'pd' is not defined
[2026-09-17T07:42:06.411+0000] {processor.py:838} WARNING - No viable dags retrieved from /workspaces/hands-on-introduction-data-engineering-4395021/airflow/dags/extract_dag.py
[2026-09-17T07:42:06.426+0000] {processor.py:179} INFO - Processing /workspaces/hands-on-introduction-data-engineering-4395021/airflow/dags/extract_dag.py took 0.026 seconds
[2026-09-17T07:42:33.038+0000] {processor.py:157} INFO - Started process (PID=46992) to work on /workspaces/hands-on-introduction-data-engineering-4395021/airflow/dags/extract_dag.py
[2026-09-17T07:42:33.044+0000] {processor.py:826} INFO - Processing file /workspaces/hands-on-introduction-data-engineering-4395021/airflow/dags/extract_dag.py for tasks to queue
[2026-09-17T07:42:33.048+0000] {logging_mixin.py:150} INFO - [2026-09-17T07:42:33.045+0000] {dagbag.py:541} INFO - Filling up the DagBag from /workspaces/hands-on-introduction-data-engineering-4395021/airflow/dags/extract_dag.py
[2026-09-17T07:42:33.083+0000] {processor.py:836} INFO - DAG(s) dict_keys(['extract_dag']) retrieved from /workspaces/hands-on-introduction-data-engineering-4395021/airflow/dags/extract_dag.py
[2026-09-17T07:42:33.127+0000] {logging_mixin.py:150} INFO - [2026-09-17T07:42:33.127+0000] {dag.py:2742} INFO - Sync 1 DAGs
[2026-09-17T07:42:33.176+0000] {logging_mixin.py:150} INFO - [2026-09-17T07:42:33.176+0000] {dag.py:3504} INFO - Setting next_dagrun for extract_dag to None, run_after=None
[2026-09-17T07:42:33.272+0000] {processor.py:179} INFO - Processing /workspaces/hands-on-introduction-data-engineering-4395021/airflow/dags/extract_dag.py took 0.237 seconds
[2026-09-17T07:42:58.343+0000] {processor.py:157} INFO - Started process (PID=47171) to work on /workspaces/hands-on-introduction-data-engineering-4395021/airflow/dags/extract_dag.py
[2026-09-17T07:42:58.344+0000] {processor.py:826} INFO - Processing file /workspaces/hands-on-introduction-data-engineering-4395021/airflow/dags/extract_dag.py for tasks to queue
[2026-09-17T07:42:58.344+0000] {logging_mixin.py:150} INFO - [2026-09-17T07:42:58.344+0000] {dagbag.py:541} INFO - Filling up the DagBag from /workspaces/hands-on-introduction-data-engineering-4395021/airflow/dags/extract_dag.py
[2026-09-17T07:42:58.350+0000] {logging_mixin.py:150} INFO - [2026-09-17T07:42:58.349+0000] {dagbag.py:350} ERROR - Failed to import: /workspaces/hands-on-introduction-data-engineering-4395021/airflow/dags/extract_dag.py
Traceback (most recent call last):
  File "/home/vscode/.local/lib/python3.10/site-packages/airflow/models/dagbag.py", line 346, in parse
    loader.exec_module(new_module)
  File "<frozen importlib._bootstrap_external>", line 883, in exec_module
  File "<frozen importlib._bootstrap>", line 241, in _call_with_frames_removed
  File "/workspaces/hands-on-introduction-data-engineering-4395021/airflow/dags/extract_dag.py", line 21, in <module>
    df = pd.read_csv/workspaces/hands-on-introduction-data-engineering-4395021/lab/manual/airflow-extract-data.csv
NameError: name 'pd' is not defined
[2026-09-17T07:42:58.351+0000] {processor.py:838} WARNING - No viable dags retrieved from /workspaces/hands-on-introduction-data-engineering-4395021/airflow/dags/extract_dag.py
[2026-09-17T07:42:58.366+0000] {processor.py:179} INFO - Processing /workspaces/hands-on-introduction-data-engineering-4395021/airflow/dags/extract_dag.py took 0.027 seconds
[2026-09-17T07:43:00.510+0000] {processor.py:157} INFO - Started process (PID=47180) to work on /workspaces/hands-on-introduction-data-engineering-4395021/airflow/dags/extract_dag.py
[2026-09-17T07:43:00.511+0000] {processor.py:826} INFO - Processing file /workspaces/hands-on-introduction-data-engineering-4395021/airflow/dags/extract_dag.py for tasks to queue
[2026-09-17T07:43:00.512+0000] {logging_mixin.py:150} INFO - [2026-09-17T07:43:00.511+0000] {dagbag.py:541} INFO - Filling up the DagBag from /workspaces/hands-on-introduction-data-engineering-4395021/airflow/dags/extract_dag.py
[2026-09-17T07:43:00.514+0000] {logging_mixin.py:150} INFO - [2026-09-17T07:43:00.514+0000] {dagbag.py:350} ERROR - Failed to import: /workspaces/hands-on-introduction-data-engineering-4395021/airflow/dags/extract_dag.py
Traceback (most recent call last):
  File "/home/vscode/.local/lib/python3.10/site-packages/airflow/models/dagbag.py", line 346, in parse
    loader.exec_module(new_module)
  File "<frozen importlib._bootstrap_external>", line 879, in exec_module
  File "<frozen importlib._bootstrap_external>", line 1017, in get_code
  File "<frozen importlib._bootstrap_external>", line 947, in source_to_code
  File "<frozen importlib._bootstrap>", line 241, in _call_with_frames_removed
  File "/workspaces/hands-on-introduction-data-engineering-4395021/airflow/dags/extract_dag.py", line 21
    df = pd.read_csv(/workspaces/hands-on-introduction-data-engineering-4395021/lab/manual/airflow-extract-data.csv
                     ^
SyntaxError: invalid syntax
[2026-09-17T07:43:00.515+0000] {processor.py:838} WARNING - No viable dags retrieved from /workspaces/hands-on-introduction-data-engineering-4395021/airflow/dags/extract_dag.py
[2026-09-17T07:43:00.532+0000] {processor.py:179} INFO - Processing /workspaces/hands-on-introduction-data-engineering-4395021/airflow/dags/extract_dag.py took 0.024 seconds
[2026-09-17T07:43:03.416+0000] {processor.py:157} INFO - Started process (PID=47203) to work on /workspaces/hands-on-introduction-data-engineering-4395021/airflow/dags/extract_dag.py
[2026-09-17T07:43:03.417+0000] {processor.py:826} INFO - Processing file /workspaces/hands-on-introduction-data-engineering-4395021/airflow/dags/extract_dag.py for tasks to queue
[2026-09-17T07:43:03.418+0000] {logging_mixin.py:150} INFO - [2026-09-17T07:43:03.418+0000] {dagbag.py:541} INFO - Filling up the DagBag from /workspaces/hands-on-introduction-data-engineering-4395021/airflow/dags/extract_dag.py
[2026-09-17T07:43:03.422+0000] {logging_mixin.py:150} INFO - [2026-09-17T07:43:03.421+0000] {dagbag.py:350} ERROR - Failed to import: /workspaces/hands-on-introduction-data-engineering-4395021/airflow/dags/extract_dag.py
Traceback (most recent call last):
  File "/home/vscode/.local/lib/python3.10/site-packages/airflow/models/dagbag.py", line 346, in parse
    loader.exec_module(new_module)
  File "<frozen importlib._bootstrap_external>", line 879, in exec_module
  File "<frozen importlib._bootstrap_external>", line 1017, in get_code
  File "<frozen importlib._bootstrap_external>", line 947, in source_to_code
  File "<frozen importlib._bootstrap>", line 241, in _call_with_frames_removed
  File "/workspaces/hands-on-introduction-data-engineering-4395021/airflow/dags/extract_dag.py", line 21
    df = pd.read_csv("/workspaces/hands-on-introduction-data-engineering-4395021/lab/manual/airflow-extract-data.csv
                     ^
SyntaxError: unterminated string literal (detected at line 21)
[2026-09-17T07:43:03.423+0000] {processor.py:838} WARNING - No viable dags retrieved from /workspaces/hands-on-introduction-data-engineering-4395021/airflow/dags/extract_dag.py
[2026-09-17T07:43:03.443+0000] {processor.py:179} INFO - Processing /workspaces/hands-on-introduction-data-engineering-4395021/airflow/dags/extract_dag.py took 0.030 seconds
[2026-09-17T07:43:16.734+0000] {processor.py:157} INFO - Started process (PID=47842) to work on /workspaces/hands-on-introduction-data-engineering-4395021/airflow/dags/extract_dag.py
[2026-09-17T07:43:16.737+0000] {processor.py:826} INFO - Processing file /workspaces/hands-on-introduction-data-engineering-4395021/airflow/dags/extract_dag.py for tasks to queue
[2026-09-17T07:43:16.739+0000] {logging_mixin.py:150} INFO - [2026-09-17T07:43:16.739+0000] {dagbag.py:541} INFO - Filling up the DagBag from /workspaces/hands-on-introduction-data-engineering-4395021/airflow/dags/extract_dag.py
[2026-09-17T07:43:16.755+0000] {logging_mixin.py:150} INFO - [2026-09-17T07:43:16.752+0000] {dagbag.py:350} ERROR - Failed to import: /workspaces/hands-on-introduction-data-engineering-4395021/airflow/dags/extract_dag.py
Traceback (most recent call last):
  File "/home/vscode/.local/lib/python3.10/site-packages/airflow/models/dagbag.py", line 346, in parse
    loader.exec_module(new_module)
  File "<frozen importlib._bootstrap_external>", line 879, in exec_module
  File "<frozen importlib._bootstrap_external>", line 1017, in get_code
  File "<frozen importlib._bootstrap_external>", line 947, in source_to_code
  File "<frozen importlib._bootstrap>", line 241, in _call_with_frames_removed
  File "/workspaces/hands-on-introduction-data-engineering-4395021/airflow/dags/extract_dag.py", line 21
    df = pd.read_csv("/workspaces/hands-on-introduction-data-engineering-4395021/lab/manual/airflow-extract-data.csv"
                    ^
SyntaxError: '(' was never closed
[2026-09-17T07:43:16.761+0000] {processor.py:838} WARNING - No viable dags retrieved from /workspaces/hands-on-introduction-data-engineering-4395021/airflow/dags/extract_dag.py
[2026-09-17T07:43:16.818+0000] {processor.py:179} INFO - Processing /workspaces/hands-on-introduction-data-engineering-4395021/airflow/dags/extract_dag.py took 0.098 seconds
[2026-09-17T07:43:18.193+0000] {processor.py:157} INFO - Started process (PID=47874) to work on /workspaces/hands-on-introduction-data-engineering-4395021/airflow/dags/extract_dag.py
[2026-09-17T07:43:18.194+0000] {processor.py:826} INFO - Processing file /workspaces/hands-on-introduction-data-engineering-4395021/airflow/dags/extract_dag.py for tasks to queue
[2026-09-17T07:43:18.197+0000] {logging_mixin.py:150} INFO - [2026-09-17T07:43:18.194+0000] {dagbag.py:541} INFO - Filling up the DagBag from /workspaces/hands-on-introduction-data-engineering-4395021/airflow/dags/extract_dag.py
[2026-09-17T07:43:18.213+0000] {logging_mixin.py:150} INFO - [2026-09-17T07:43:18.212+0000] {dagbag.py:350} ERROR - Failed to import: /workspaces/hands-on-introduction-data-engineering-4395021/airflow/dags/extract_dag.py
Traceback (most recent call last):
  File "/home/vscode/.local/lib/python3.10/site-packages/airflow/models/dagbag.py", line 346, in parse
    loader.exec_module(new_module)
  File "<frozen importlib._bootstrap_external>", line 883, in exec_module
  File "<frozen importlib._bootstrap>", line 241, in _call_with_frames_removed
  File "/workspaces/hands-on-introduction-data-engineering-4395021/airflow/dags/extract_dag.py", line 21, in <module>
    df = pd.read_csv("/workspaces/hands-on-introduction-data-engineering-4395021/lab/manual/airflow-extract-data.csv")
NameError: name 'pd' is not defined
[2026-09-17T07:43:18.218+0000] {processor.py:838} WARNING - No viable dags retrieved from /workspaces/hands-on-introduction-data-engineering-4395021/airflow/dags/extract_dag.py
[2026-09-17T07:43:18.252+0000] {processor.py:179} INFO - Processing /workspaces/hands-on-introduction-data-engineering-4395021/airflow/dags/extract_dag.py took 0.078 seconds
[2026-09-17T07:43:27.679+0000] {processor.py:157} INFO - Started process (PID=48543) to work on /workspaces/hands-on-introduction-data-engineering-4395021/airflow/dags/extract_dag.py
[2026-09-17T07:43:27.680+0000] {processor.py:826} INFO - Processing file /workspaces/hands-on-introduction-data-engineering-4395021/airflow/dags/extract_dag.py for tasks to queue
[2026-09-17T07:43:27.680+0000] {logging_mixin.py:150} INFO - [2026-09-17T07:43:27.680+0000] {dagbag.py:541} INFO - Filling up the DagBag from /workspaces/hands-on-introduction-data-engineering-4395021/airflow/dags/extract_dag.py
[2026-09-17T07:43:27.697+0000] {processor.py:836} INFO - DAG(s) dict_keys(['extract_dag']) retrieved from /workspaces/hands-on-introduction-data-engineering-4395021/airflow/dags/extract_dag.py
[2026-09-17T07:43:27.721+0000] {logging_mixin.py:150} INFO - [2026-09-17T07:43:27.721+0000] {dag.py:2742} INFO - Sync 1 DAGs
[2026-09-17T07:43:27.748+0000] {logging_mixin.py:150} INFO - [2026-09-17T07:43:27.748+0000] {dag.py:3504} INFO - Setting next_dagrun for extract_dag to None, run_after=None
[2026-09-17T07:43:27.770+0000] {processor.py:179} INFO - Processing /workspaces/hands-on-introduction-data-engineering-4395021/airflow/dags/extract_dag.py took 0.093 seconds
[2026-09-17T07:43:31.924+0000] {processor.py:157} INFO - Started process (PID=48554) to work on /workspaces/hands-on-introduction-data-engineering-4395021/airflow/dags/extract_dag.py
[2026-09-17T07:43:31.925+0000] {processor.py:826} INFO - Processing file /workspaces/hands-on-introduction-data-engineering-4395021/airflow/dags/extract_dag.py for tasks to queue
[2026-09-17T07:43:31.926+0000] {logging_mixin.py:150} INFO - [2026-09-17T07:43:31.925+0000] {dagbag.py:541} INFO - Filling up the DagBag from /workspaces/hands-on-introduction-data-engineering-4395021/airflow/dags/extract_dag.py
[2026-09-17T07:43:31.940+0000] {processor.py:836} INFO - DAG(s) dict_keys(['extract_dag']) retrieved from /workspaces/hands-on-introduction-data-engineering-4395021/airflow/dags/extract_dag.py
[2026-09-17T07:43:31.959+0000] {logging_mixin.py:150} INFO - [2026-09-17T07:43:31.959+0000] {dag.py:2742} INFO - Sync 1 DAGs
[2026-09-17T07:43:31.975+0000] {logging_mixin.py:150} INFO - [2026-09-17T07:43:31.975+0000] {dag.py:3504} INFO - Setting next_dagrun for extract_dag to None, run_after=None
[2026-09-17T07:43:31.992+0000] {processor.py:179} INFO - Processing /workspaces/hands-on-introduction-data-engineering-4395021/airflow/dags/extract_dag.py took 0.071 seconds
[2026-09-17T07:44:02.111+0000] {processor.py:157} INFO - Started process (PID=48862) to work on /workspaces/hands-on-introduction-data-engineering-4395021/airflow/dags/extract_dag.py
[2026-09-17T07:44:02.112+0000] {processor.py:826} INFO - Processing file /workspaces/hands-on-introduction-data-engineering-4395021/airflow/dags/extract_dag.py for tasks to queue
[2026-09-17T07:44:02.113+0000] {logging_mixin.py:150} INFO - [2026-09-17T07:44:02.112+0000] {dagbag.py:541} INFO - Filling up the DagBag from /workspaces/hands-on-introduction-data-engineering-4395021/airflow/dags/extract_dag.py
[2026-09-17T07:44:02.121+0000] {processor.py:836} INFO - DAG(s) dict_keys(['extract_dag']) retrieved from /workspaces/hands-on-introduction-data-engineering-4395021/airflow/dags/extract_dag.py
[2026-09-17T07:44:02.141+0000] {logging_mixin.py:150} INFO - [2026-09-17T07:44:02.140+0000] {dag.py:2742} INFO - Sync 1 DAGs
[2026-09-17T07:44:02.157+0000] {logging_mixin.py:150} INFO - [2026-09-17T07:44:02.156+0000] {dag.py:3504} INFO - Setting next_dagrun for extract_dag to None, run_after=None
[2026-09-17T07:44:02.173+0000] {processor.py:179} INFO - Processing /workspaces/hands-on-introduction-data-engineering-4395021/airflow/dags/extract_dag.py took 0.064 seconds
[2026-09-17T07:44:32.332+0000] {processor.py:157} INFO - Started process (PID=48951) to work on /workspaces/hands-on-introduction-data-engineering-4395021/airflow/dags/extract_dag.py
[2026-09-17T07:44:32.332+0000] {processor.py:826} INFO - Processing file /workspaces/hands-on-introduction-data-engineering-4395021/airflow/dags/extract_dag.py for tasks to queue
[2026-09-17T07:44:32.333+0000] {logging_mixin.py:150} INFO - [2026-09-17T07:44:32.333+0000] {dagbag.py:541} INFO - Filling up the DagBag from /workspaces/hands-on-introduction-data-engineering-4395021/airflow/dags/extract_dag.py
[2026-09-17T07:44:32.344+0000] {processor.py:836} INFO - DAG(s) dict_keys(['extract_dag']) retrieved from /workspaces/hands-on-introduction-data-engineering-4395021/airflow/dags/extract_dag.py
[2026-09-17T07:44:32.362+0000] {logging_mixin.py:150} INFO - [2026-09-17T07:44:32.362+0000] {dag.py:2742} INFO - Sync 1 DAGs
[2026-09-17T07:44:32.377+0000] {logging_mixin.py:150} INFO - [2026-09-17T07:44:32.377+0000] {dag.py:3504} INFO - Setting next_dagrun for extract_dag to None, run_after=None
[2026-09-17T07:44:32.393+0000] {processor.py:179} INFO - Processing /workspaces/hands-on-introduction-data-engineering-4395021/airflow/dags/extract_dag.py took 0.065 seconds
[2026-09-17T07:45:02.555+0000] {processor.py:157} INFO - Started process (PID=49211) to work on /workspaces/hands-on-introduction-data-engineering-4395021/airflow/dags/extract_dag.py
[2026-09-17T07:45:02.556+0000] {processor.py:826} INFO - Processing file /workspaces/hands-on-introduction-data-engineering-4395021/airflow/dags/extract_dag.py for tasks to queue
[2026-09-17T07:45:02.558+0000] {logging_mixin.py:150} INFO - [2026-09-17T07:45:02.558+0000] {dagbag.py:541} INFO - Filling up the DagBag from /workspaces/hands-on-introduction-data-engineering-4395021/airflow/dags/extract_dag.py
[2026-09-17T07:45:02.574+0000] {processor.py:836} INFO - DAG(s) dict_keys(['extract_dag']) retrieved from /workspaces/hands-on-introduction-data-engineering-4395021/airflow/dags/extract_dag.py
[2026-09-17T07:45:02.598+0000] {logging_mixin.py:150} INFO - [2026-09-17T07:45:02.597+0000] {dag.py:2742} INFO - Sync 1 DAGs
[2026-09-17T07:45:02.612+0000] {logging_mixin.py:150} INFO - [2026-09-17T07:45:02.612+0000] {dag.py:3504} INFO - Setting next_dagrun for extract_dag to None, run_after=None
[2026-09-17T07:45:02.632+0000] {processor.py:179} INFO - Processing /workspaces/hands-on-introduction-data-engineering-4395021/airflow/dags/extract_dag.py took 0.080 seconds
[2026-09-17T07:45:32.772+0000] {processor.py:157} INFO - Started process (PID=49478) to work on /workspaces/hands-on-introduction-data-engineering-4395021/airflow/dags/extract_dag.py
[2026-09-17T07:45:32.773+0000] {processor.py:826} INFO - Processing file /workspaces/hands-on-introduction-data-engineering-4395021/airflow/dags/extract_dag.py for tasks to queue
[2026-09-17T07:45:32.774+0000] {logging_mixin.py:150} INFO - [2026-09-17T07:45:32.773+0000] {dagbag.py:541} INFO - Filling up the DagBag from /workspaces/hands-on-introduction-data-engineering-4395021/airflow/dags/extract_dag.py
[2026-09-17T07:45:32.783+0000] {processor.py:836} INFO - DAG(s) dict_keys(['extract_dag']) retrieved from /workspaces/hands-on-introduction-data-engineering-4395021/airflow/dags/extract_dag.py
[2026-09-17T07:45:32.800+0000] {logging_mixin.py:150} INFO - [2026-09-17T07:45:32.800+0000] {dag.py:2742} INFO - Sync 1 DAGs
[2026-09-17T07:45:32.814+0000] {logging_mixin.py:150} INFO - [2026-09-17T07:45:32.814+0000] {dag.py:3504} INFO - Setting next_dagrun for extract_dag to None, run_after=None
[2026-09-17T07:45:32.830+0000] {processor.py:179} INFO - Processing /workspaces/hands-on-introduction-data-engineering-4395021/airflow/dags/extract_dag.py took 0.060 seconds
[2026-09-17T07:46:02.947+0000] {processor.py:157} INFO - Started process (PID=49588) to work on /workspaces/hands-on-introduction-data-engineering-4395021/airflow/dags/extract_dag.py
[2026-09-17T07:46:02.948+0000] {processor.py:826} INFO - Processing file /workspaces/hands-on-introduction-data-engineering-4395021/airflow/dags/extract_dag.py for tasks to queue
[2026-09-17T07:46:02.948+0000] {logging_mixin.py:150} INFO - [2026-09-17T07:46:02.948+0000] {dagbag.py:541} INFO - Filling up the DagBag from /workspaces/hands-on-introduction-data-engineering-4395021/airflow/dags/extract_dag.py
[2026-09-17T07:46:02.958+0000] {processor.py:836} INFO - DAG(s) dict_keys(['extract_dag']) retrieved from /workspaces/hands-on-introduction-data-engineering-4395021/airflow/dags/extract_dag.py
[2026-09-17T07:46:02.975+0000] {logging_mixin.py:150} INFO - [2026-09-17T07:46:02.975+0000] {dag.py:2742} INFO - Sync 1 DAGs
[2026-09-17T07:46:02.989+0000] {logging_mixin.py:150} INFO - [2026-09-17T07:46:02.989+0000] {dag.py:3504} INFO - Setting next_dagrun for extract_dag to None, run_after=None
[2026-09-17T07:46:03.004+0000] {processor.py:179} INFO - Processing /workspaces/hands-on-introduction-data-engineering-4395021/airflow/dags/extract_dag.py took 0.061 seconds
[2026-09-17T07:46:33.157+0000] {processor.py:157} INFO - Started process (PID=49643) to work on /workspaces/hands-on-introduction-data-engineering-4395021/airflow/dags/extract_dag.py
[2026-09-17T07:46:33.157+0000] {processor.py:826} INFO - Processing file /workspaces/hands-on-introduction-data-engineering-4395021/airflow/dags/extract_dag.py for tasks to queue
[2026-09-17T07:46:33.158+0000] {logging_mixin.py:150} INFO - [2026-09-17T07:46:33.158+0000] {dagbag.py:541} INFO - Filling up the DagBag from /workspaces/hands-on-introduction-data-engineering-4395021/airflow/dags/extract_dag.py
[2026-09-17T07:46:33.167+0000] {processor.py:836} INFO - DAG(s) dict_keys(['extract_dag']) retrieved from /workspaces/hands-on-introduction-data-engineering-4395021/airflow/dags/extract_dag.py
[2026-09-17T07:46:33.184+0000] {logging_mixin.py:150} INFO - [2026-09-17T07:46:33.184+0000] {dag.py:2742} INFO - Sync 1 DAGs
[2026-09-17T07:46:33.202+0000] {logging_mixin.py:150} INFO - [2026-09-17T07:46:33.202+0000] {dag.py:3504} INFO - Setting next_dagrun for extract_dag to None, run_after=None
[2026-09-17T07:46:33.217+0000] {processor.py:179} INFO - Processing /workspaces/hands-on-introduction-data-engineering-4395021/airflow/dags/extract_dag.py took 0.064 seconds
[2026-09-17T07:47:03.367+0000] {processor.py:157} INFO - Started process (PID=49722) to work on /workspaces/hands-on-introduction-data-engineering-4395021/airflow/dags/extract_dag.py
[2026-09-17T07:47:03.368+0000] {processor.py:826} INFO - Processing file /workspaces/hands-on-introduction-data-engineering-4395021/airflow/dags/extract_dag.py for tasks to queue
[2026-09-17T07:47:03.369+0000] {logging_mixin.py:150} INFO - [2026-09-17T07:47:03.368+0000] {dagbag.py:541} INFO - Filling up the DagBag from /workspaces/hands-on-introduction-data-engineering-4395021/airflow/dags/extract_dag.py
[2026-09-17T07:47:03.377+0000] {processor.py:836} INFO - DAG(s) dict_keys(['extract_dag']) retrieved from /workspaces/hands-on-introduction-data-engineering-4395021/airflow/dags/extract_dag.py
[2026-09-17T07:47:03.393+0000] {logging_mixin.py:150} INFO - [2026-09-17T07:47:03.393+0000] {dag.py:2742} INFO - Sync 1 DAGs
[2026-09-17T07:47:03.408+0000] {logging_mixin.py:150} INFO - [2026-09-17T07:47:03.408+0000] {dag.py:3504} INFO - Setting next_dagrun for extract_dag to None, run_after=None
[2026-09-17T07:47:03.423+0000] {processor.py:179} INFO - Processing /workspaces/hands-on-introduction-data-engineering-4395021/airflow/dags/extract_dag.py took 0.059 seconds
[2026-09-17T07:47:33.562+0000] {processor.py:157} INFO - Started process (PID=50017) to work on /workspaces/hands-on-introduction-data-engineering-4395021/airflow/dags/extract_dag.py
[2026-09-17T07:47:33.563+0000] {processor.py:826} INFO - Processing file /workspaces/hands-on-introduction-data-engineering-4395021/airflow/dags/extract_dag.py for tasks to queue
[2026-09-17T07:47:33.564+0000] {logging_mixin.py:150} INFO - [2026-09-17T07:47:33.564+0000] {dagbag.py:541} INFO - Filling up the DagBag from /workspaces/hands-on-introduction-data-engineering-4395021/airflow/dags/extract_dag.py
[2026-09-17T07:47:33.573+0000] {processor.py:836} INFO - DAG(s) dict_keys(['extract_dag']) retrieved from /workspaces/hands-on-introduction-data-engineering-4395021/airflow/dags/extract_dag.py
[2026-09-17T07:47:33.589+0000] {logging_mixin.py:150} INFO - [2026-09-17T07:47:33.589+0000] {dag.py:2742} INFO - Sync 1 DAGs
[2026-09-17T07:47:33.603+0000] {logging_mixin.py:150} INFO - [2026-09-17T07:47:33.603+0000] {dag.py:3504} INFO - Setting next_dagrun for extract_dag to None, run_after=None
[2026-09-17T07:47:33.622+0000] {processor.py:179} INFO - Processing /workspaces/hands-on-introduction-data-engineering-4395021/airflow/dags/extract_dag.py took 0.062 seconds
[2026-09-17T07:48:03.764+0000] {processor.py:157} INFO - Started process (PID=50351) to work on /workspaces/hands-on-introduction-data-engineering-4395021/airflow/dags/extract_dag.py
[2026-09-17T07:48:03.764+0000] {processor.py:826} INFO - Processing file /workspaces/hands-on-introduction-data-engineering-4395021/airflow/dags/extract_dag.py for tasks to queue
[2026-09-17T07:48:03.765+0000] {logging_mixin.py:150} INFO - [2026-09-17T07:48:03.765+0000] {dagbag.py:541} INFO - Filling up the DagBag from /workspaces/hands-on-introduction-data-engineering-4395021/airflow/dags/extract_dag.py
[2026-09-17T07:48:03.773+0000] {processor.py:836} INFO - DAG(s) dict_keys(['extract_dag']) retrieved from /workspaces/hands-on-introduction-data-engineering-4395021/airflow/dags/extract_dag.py
[2026-09-17T07:48:03.790+0000] {logging_mixin.py:150} INFO - [2026-09-17T07:48:03.790+0000] {dag.py:2742} INFO - Sync 1 DAGs
[2026-09-17T07:48:03.805+0000] {logging_mixin.py:150} INFO - [2026-09-17T07:48:03.804+0000] {dag.py:3504} INFO - Setting next_dagrun for extract_dag to None, run_after=None
[2026-09-17T07:48:03.819+0000] {processor.py:179} INFO - Processing /workspaces/hands-on-introduction-data-engineering-4395021/airflow/dags/extract_dag.py took 0.059 seconds
[2026-09-17T07:48:33.975+0000] {processor.py:157} INFO - Started process (PID=50705) to work on /workspaces/hands-on-introduction-data-engineering-4395021/airflow/dags/extract_dag.py
[2026-09-17T07:48:33.976+0000] {processor.py:826} INFO - Processing file /workspaces/hands-on-introduction-data-engineering-4395021/airflow/dags/extract_dag.py for tasks to queue
[2026-09-17T07:48:33.977+0000] {logging_mixin.py:150} INFO - [2026-09-17T07:48:33.977+0000] {dagbag.py:541} INFO - Filling up the DagBag from /workspaces/hands-on-introduction-data-engineering-4395021/airflow/dags/extract_dag.py
[2026-09-17T07:48:33.986+0000] {processor.py:836} INFO - DAG(s) dict_keys(['extract_dag']) retrieved from /workspaces/hands-on-introduction-data-engineering-4395021/airflow/dags/extract_dag.py
[2026-09-17T07:48:34.002+0000] {logging_mixin.py:150} INFO - [2026-09-17T07:48:34.002+0000] {dag.py:2742} INFO - Sync 1 DAGs
[2026-09-17T07:48:34.017+0000] {logging_mixin.py:150} INFO - [2026-09-17T07:48:34.017+0000] {dag.py:3504} INFO - Setting next_dagrun for extract_dag to None, run_after=None
[2026-09-17T07:48:34.033+0000] {processor.py:179} INFO - Processing /workspaces/hands-on-introduction-data-engineering-4395021/airflow/dags/extract_dag.py took 0.061 seconds
[2026-09-17T07:49:04.199+0000] {processor.py:157} INFO - Started process (PID=50964) to work on /workspaces/hands-on-introduction-data-engineering-4395021/airflow/dags/extract_dag.py
[2026-09-17T07:49:04.200+0000] {processor.py:826} INFO - Processing file /workspaces/hands-on-introduction-data-engineering-4395021/airflow/dags/extract_dag.py for tasks to queue
[2026-09-17T07:49:04.200+0000] {logging_mixin.py:150} INFO - [2026-09-17T07:49:04.200+0000] {dagbag.py:541} INFO - Filling up the DagBag from /workspaces/hands-on-introduction-data-engineering-4395021/airflow/dags/extract_dag.py
[2026-09-17T07:49:04.209+0000] {processor.py:836} INFO - DAG(s) dict_keys(['extract_dag']) retrieved from /workspaces/hands-on-introduction-data-engineering-4395021/airflow/dags/extract_dag.py
[2026-09-17T07:49:04.225+0000] {logging_mixin.py:150} INFO - [2026-09-17T07:49:04.225+0000] {dag.py:2742} INFO - Sync 1 DAGs
[2026-09-17T07:49:04.244+0000] {logging_mixin.py:150} INFO - [2026-09-17T07:49:04.244+0000] {dag.py:3504} INFO - Setting next_dagrun for extract_dag to None, run_after=None
[2026-09-17T07:49:04.261+0000] {processor.py:179} INFO - Processing /workspaces/hands-on-introduction-data-engineering-4395021/airflow/dags/extract_dag.py took 0.066 seconds
[2026-09-17T07:49:34.378+0000] {processor.py:157} INFO - Started process (PID=51244) to work on /workspaces/hands-on-introduction-data-engineering-4395021/airflow/dags/extract_dag.py
[2026-09-17T07:49:34.379+0000] {processor.py:826} INFO - Processing file /workspaces/hands-on-introduction-data-engineering-4395021/airflow/dags/extract_dag.py for tasks to queue
[2026-09-17T07:49:34.380+0000] {logging_mixin.py:150} INFO - [2026-09-17T07:49:34.380+0000] {dagbag.py:541} INFO - Filling up the DagBag from /workspaces/hands-on-introduction-data-engineering-4395021/airflow/dags/extract_dag.py
[2026-09-17T07:49:34.388+0000] {processor.py:836} INFO - DAG(s) dict_keys(['extract_dag']) retrieved from /workspaces/hands-on-introduction-data-engineering-4395021/airflow/dags/extract_dag.py
[2026-09-17T07:49:34.407+0000] {logging_mixin.py:150} INFO - [2026-09-17T07:49:34.407+0000] {dag.py:2742} INFO - Sync 1 DAGs
[2026-09-17T07:49:34.423+0000] {logging_mixin.py:150} INFO - [2026-09-17T07:49:34.423+0000] {dag.py:3504} INFO - Setting next_dagrun for extract_dag to None, run_after=None
[2026-09-17T07:49:34.443+0000] {processor.py:179} INFO - Processing /workspaces/hands-on-introduction-data-engineering-4395021/airflow/dags/extract_dag.py took 0.067 seconds
[2026-09-17T07:50:04.595+0000] {processor.py:157} INFO - Started process (PID=51503) to work on /workspaces/hands-on-introduction-data-engineering-4395021/airflow/dags/extract_dag.py
[2026-09-17T07:50:04.596+0000] {processor.py:826} INFO - Processing file /workspaces/hands-on-introduction-data-engineering-4395021/airflow/dags/extract_dag.py for tasks to queue
[2026-09-17T07:50:04.597+0000] {logging_mixin.py:150} INFO - [2026-09-17T07:50:04.597+0000] {dagbag.py:541} INFO - Filling up the DagBag from /workspaces/hands-on-introduction-data-engineering-4395021/airflow/dags/extract_dag.py
[2026-09-17T07:50:04.605+0000] {processor.py:836} INFO - DAG(s) dict_keys(['extract_dag']) retrieved from /workspaces/hands-on-introduction-data-engineering-4395021/airflow/dags/extract_dag.py
[2026-09-17T07:50:04.622+0000] {logging_mixin.py:150} INFO - [2026-09-17T07:50:04.621+0000] {dag.py:2742} INFO - Sync 1 DAGs
[2026-09-17T07:50:04.638+0000] {logging_mixin.py:150} INFO - [2026-09-17T07:50:04.638+0000] {dag.py:3504} INFO - Setting next_dagrun for extract_dag to None, run_after=None
[2026-09-17T07:50:04.655+0000] {processor.py:179} INFO - Processing /workspaces/hands-on-introduction-data-engineering-4395021/airflow/dags/extract_dag.py took 0.062 seconds
[2026-09-17T07:50:34.800+0000] {processor.py:157} INFO - Started process (PID=51708) to work on /workspaces/hands-on-introduction-data-engineering-4395021/airflow/dags/extract_dag.py
[2026-09-17T07:50:34.801+0000] {processor.py:826} INFO - Processing file /workspaces/hands-on-introduction-data-engineering-4395021/airflow/dags/extract_dag.py for tasks to queue
[2026-09-17T07:50:34.801+0000] {logging_mixin.py:150} INFO - [2026-09-17T07:50:34.801+0000] {dagbag.py:541} INFO - Filling up the DagBag from /workspaces/hands-on-introduction-data-engineering-4395021/airflow/dags/extract_dag.py
[2026-09-17T07:50:34.809+0000] {processor.py:836} INFO - DAG(s) dict_keys(['extract_dag']) retrieved from /workspaces/hands-on-introduction-data-engineering-4395021/airflow/dags/extract_dag.py
[2026-09-17T07:50:34.825+0000] {logging_mixin.py:150} INFO - [2026-09-17T07:50:34.825+0000] {dag.py:2742} INFO - Sync 1 DAGs
[2026-09-17T07:50:34.845+0000] {logging_mixin.py:150} INFO - [2026-09-17T07:50:34.845+0000] {dag.py:3504} INFO - Setting next_dagrun for extract_dag to None, run_after=None
[2026-09-17T07:50:34.873+0000] {processor.py:179} INFO - Processing /workspaces/hands-on-introduction-data-engineering-4395021/airflow/dags/extract_dag.py took 0.076 seconds
[2026-09-17T07:51:04.966+0000] {processor.py:157} INFO - Started process (PID=51756) to work on /workspaces/hands-on-introduction-data-engineering-4395021/airflow/dags/extract_dag.py
[2026-09-17T07:51:04.967+0000] {processor.py:826} INFO - Processing file /workspaces/hands-on-introduction-data-engineering-4395021/airflow/dags/extract_dag.py for tasks to queue
[2026-09-17T07:51:04.968+0000] {logging_mixin.py:150} INFO - [2026-09-17T07:51:04.967+0000] {dagbag.py:541} INFO - Filling up the DagBag from /workspaces/hands-on-introduction-data-engineering-4395021/airflow/dags/extract_dag.py
[2026-09-17T07:51:04.976+0000] {processor.py:836} INFO - DAG(s) dict_keys(['extract_dag']) retrieved from /workspaces/hands-on-introduction-data-engineering-4395021/airflow/dags/extract_dag.py
[2026-09-17T07:51:04.992+0000] {logging_mixin.py:150} INFO - [2026-09-17T07:51:04.991+0000] {dag.py:2742} INFO - Sync 1 DAGs
[2026-09-17T07:51:05.006+0000] {logging_mixin.py:150} INFO - [2026-09-17T07:51:05.005+0000] {dag.py:3504} INFO - Setting next_dagrun for extract_dag to None, run_after=None
[2026-09-17T07:51:05.020+0000] {processor.py:179} INFO - Processing /workspaces/hands-on-introduction-data-engineering-4395021/airflow/dags/extract_dag.py took 0.057 seconds
[2026-09-17T07:51:35.149+0000] {processor.py:157} INFO - Started process (PID=52051) to work on /workspaces/hands-on-introduction-data-engineering-4395021/airflow/dags/extract_dag.py
[2026-09-17T07:51:35.150+0000] {processor.py:826} INFO - Processing file /workspaces/hands-on-introduction-data-engineering-4395021/airflow/dags/extract_dag.py for tasks to queue
[2026-09-17T07:51:35.151+0000] {logging_mixin.py:150} INFO - [2026-09-17T07:51:35.151+0000] {dagbag.py:541} INFO - Filling up the DagBag from /workspaces/hands-on-introduction-data-engineering-4395021/airflow/dags/extract_dag.py
[2026-09-17T07:51:35.159+0000] {processor.py:836} INFO - DAG(s) dict_keys(['extract_dag']) retrieved from /workspaces/hands-on-introduction-data-engineering-4395021/airflow/dags/extract_dag.py
[2026-09-17T07:51:35.176+0000] {logging_mixin.py:150} INFO - [2026-09-17T07:51:35.175+0000] {dag.py:2742} INFO - Sync 1 DAGs
[2026-09-17T07:51:35.190+0000] {logging_mixin.py:150} INFO - [2026-09-17T07:51:35.190+0000] {dag.py:3504} INFO - Setting next_dagrun for extract_dag to None, run_after=None
[2026-09-17T07:51:35.207+0000] {processor.py:179} INFO - Processing /workspaces/hands-on-introduction-data-engineering-4395021/airflow/dags/extract_dag.py took 0.061 seconds
[2026-09-17T07:52:05.341+0000] {processor.py:157} INFO - Started process (PID=52340) to work on /workspaces/hands-on-introduction-data-engineering-4395021/airflow/dags/extract_dag.py
[2026-09-17T07:52:05.342+0000] {processor.py:826} INFO - Processing file /workspaces/hands-on-introduction-data-engineering-4395021/airflow/dags/extract_dag.py for tasks to queue
[2026-09-17T07:52:05.343+0000] {logging_mixin.py:150} INFO - [2026-09-17T07:52:05.342+0000] {dagbag.py:541} INFO - Filling up the DagBag from /workspaces/hands-on-introduction-data-engineering-4395021/airflow/dags/extract_dag.py
[2026-09-17T07:52:05.353+0000] {processor.py:836} INFO - DAG(s) dict_keys(['extract_dag']) retrieved from /workspaces/hands-on-introduction-data-engineering-4395021/airflow/dags/extract_dag.py
[2026-09-17T07:52:05.369+0000] {logging_mixin.py:150} INFO - [2026-09-17T07:52:05.369+0000] {dag.py:2742} INFO - Sync 1 DAGs
[2026-09-17T07:52:05.384+0000] {logging_mixin.py:150} INFO - [2026-09-17T07:52:05.384+0000] {dag.py:3504} INFO - Setting next_dagrun for extract_dag to None, run_after=None
[2026-09-17T07:52:05.400+0000] {processor.py:179} INFO - Processing /workspaces/hands-on-introduction-data-engineering-4395021/airflow/dags/extract_dag.py took 0.062 seconds
[2026-09-17T07:52:35.535+0000] {processor.py:157} INFO - Started process (PID=52395) to work on /workspaces/hands-on-introduction-data-engineering-4395021/airflow/dags/extract_dag.py
[2026-09-17T07:52:35.535+0000] {processor.py:826} INFO - Processing file /workspaces/hands-on-introduction-data-engineering-4395021/airflow/dags/extract_dag.py for tasks to queue
[2026-09-17T07:52:35.536+0000] {logging_mixin.py:150} INFO - [2026-09-17T07:52:35.536+0000] {dagbag.py:541} INFO - Filling up the DagBag from /workspaces/hands-on-introduction-data-engineering-4395021/airflow/dags/extract_dag.py
[2026-09-17T07:52:35.547+0000] {processor.py:836} INFO - DAG(s) dict_keys(['extract_dag']) retrieved from /workspaces/hands-on-introduction-data-engineering-4395021/airflow/dags/extract_dag.py
[2026-09-17T07:52:35.564+0000] {logging_mixin.py:150} INFO - [2026-09-17T07:52:35.564+0000] {dag.py:2742} INFO - Sync 1 DAGs
[2026-09-17T07:52:35.579+0000] {logging_mixin.py:150} INFO - [2026-09-17T07:52:35.579+0000] {dag.py:3504} INFO - Setting next_dagrun for extract_dag to None, run_after=None
[2026-09-17T07:52:35.595+0000] {processor.py:179} INFO - Processing /workspaces/hands-on-introduction-data-engineering-4395021/airflow/dags/extract_dag.py took 0.064 seconds
[2026-09-17T07:53:05.728+0000] {processor.py:157} INFO - Started process (PID=52444) to work on /workspaces/hands-on-introduction-data-engineering-4395021/airflow/dags/extract_dag.py
[2026-09-17T07:53:05.729+0000] {processor.py:826} INFO - Processing file /workspaces/hands-on-introduction-data-engineering-4395021/airflow/dags/extract_dag.py for tasks to queue
[2026-09-17T07:53:05.729+0000] {logging_mixin.py:150} INFO - [2026-09-17T07:53:05.729+0000] {dagbag.py:541} INFO - Filling up the DagBag from /workspaces/hands-on-introduction-data-engineering-4395021/airflow/dags/extract_dag.py
[2026-09-17T07:53:05.739+0000] {processor.py:836} INFO - DAG(s) dict_keys(['extract_dag']) retrieved from /workspaces/hands-on-introduction-data-engineering-4395021/airflow/dags/extract_dag.py
[2026-09-17T07:53:05.756+0000] {logging_mixin.py:150} INFO - [2026-09-17T07:53:05.756+0000] {dag.py:2742} INFO - Sync 1 DAGs
[2026-09-17T07:53:05.774+0000] {logging_mixin.py:150} INFO - [2026-09-17T07:53:05.774+0000] {dag.py:3504} INFO - Setting next_dagrun for extract_dag to None, run_after=None
[2026-09-17T07:53:05.799+0000] {processor.py:179} INFO - Processing /workspaces/hands-on-introduction-data-engineering-4395021/airflow/dags/extract_dag.py took 0.075 seconds
[2026-09-17T07:53:35.920+0000] {processor.py:157} INFO - Started process (PID=52530) to work on /workspaces/hands-on-introduction-data-engineering-4395021/airflow/dags/extract_dag.py
[2026-09-17T07:53:35.921+0000] {processor.py:826} INFO - Processing file /workspaces/hands-on-introduction-data-engineering-4395021/airflow/dags/extract_dag.py for tasks to queue
[2026-09-17T07:53:35.922+0000] {logging_mixin.py:150} INFO - [2026-09-17T07:53:35.921+0000] {dagbag.py:541} INFO - Filling up the DagBag from /workspaces/hands-on-introduction-data-engineering-4395021/airflow/dags/extract_dag.py
[2026-09-17T07:53:35.931+0000] {processor.py:836} INFO - DAG(s) dict_keys(['extract_dag']) retrieved from /workspaces/hands-on-introduction-data-engineering-4395021/airflow/dags/extract_dag.py
[2026-09-17T07:53:35.952+0000] {logging_mixin.py:150} INFO - [2026-09-17T07:53:35.952+0000] {dag.py:2742} INFO - Sync 1 DAGs
[2026-09-17T07:53:35.966+0000] {logging_mixin.py:150} INFO - [2026-09-17T07:53:35.966+0000] {dag.py:3504} INFO - Setting next_dagrun for extract_dag to None, run_after=None
[2026-09-17T07:53:35.981+0000] {processor.py:179} INFO - Processing /workspaces/hands-on-introduction-data-engineering-4395021/airflow/dags/extract_dag.py took 0.064 seconds
[2026-09-17T07:54:06.109+0000] {processor.py:157} INFO - Started process (PID=52577) to work on /workspaces/hands-on-introduction-data-engineering-4395021/airflow/dags/extract_dag.py
[2026-09-17T07:54:06.110+0000] {processor.py:826} INFO - Processing file /workspaces/hands-on-introduction-data-engineering-4395021/airflow/dags/extract_dag.py for tasks to queue
[2026-09-17T07:54:06.110+0000] {logging_mixin.py:150} INFO - [2026-09-17T07:54:06.110+0000] {dagbag.py:541} INFO - Filling up the DagBag from /workspaces/hands-on-introduction-data-engineering-4395021/airflow/dags/extract_dag.py
[2026-09-17T07:54:06.119+0000] {processor.py:836} INFO - DAG(s) dict_keys(['extract_dag']) retrieved from /workspaces/hands-on-introduction-data-engineering-4395021/airflow/dags/extract_dag.py
[2026-09-17T07:54:06.137+0000] {logging_mixin.py:150} INFO - [2026-09-17T07:54:06.137+0000] {dag.py:2742} INFO - Sync 1 DAGs
[2026-09-17T07:54:06.154+0000] {logging_mixin.py:150} INFO - [2026-09-17T07:54:06.154+0000] {dag.py:3504} INFO - Setting next_dagrun for extract_dag to None, run_after=None
[2026-09-17T07:54:06.170+0000] {processor.py:179} INFO - Processing /workspaces/hands-on-introduction-data-engineering-4395021/airflow/dags/extract_dag.py took 0.064 seconds
[2026-09-17T07:54:36.299+0000] {processor.py:157} INFO - Started process (PID=52872) to work on /workspaces/hands-on-introduction-data-engineering-4395021/airflow/dags/extract_dag.py
[2026-09-17T07:54:36.300+0000] {processor.py:826} INFO - Processing file /workspaces/hands-on-introduction-data-engineering-4395021/airflow/dags/extract_dag.py for tasks to queue
[2026-09-17T07:54:36.301+0000] {logging_mixin.py:150} INFO - [2026-09-17T07:54:36.300+0000] {dagbag.py:541} INFO - Filling up the DagBag from /workspaces/hands-on-introduction-data-engineering-4395021/airflow/dags/extract_dag.py
[2026-09-17T07:54:36.309+0000] {processor.py:836} INFO - DAG(s) dict_keys(['extract_dag']) retrieved from /workspaces/hands-on-introduction-data-engineering-4395021/airflow/dags/extract_dag.py
[2026-09-17T07:54:36.325+0000] {logging_mixin.py:150} INFO - [2026-09-17T07:54:36.325+0000] {dag.py:2742} INFO - Sync 1 DAGs
[2026-09-17T07:54:36.343+0000] {logging_mixin.py:150} INFO - [2026-09-17T07:54:36.343+0000] {dag.py:3504} INFO - Setting next_dagrun for extract_dag to None, run_after=None
[2026-09-17T07:54:36.359+0000] {processor.py:179} INFO - Processing /workspaces/hands-on-introduction-data-engineering-4395021/airflow/dags/extract_dag.py took 0.063 seconds
[2026-09-17T07:55:06.490+0000] {processor.py:157} INFO - Started process (PID=53191) to work on /workspaces/hands-on-introduction-data-engineering-4395021/airflow/dags/extract_dag.py
[2026-09-17T07:55:06.491+0000] {processor.py:826} INFO - Processing file /workspaces/hands-on-introduction-data-engineering-4395021/airflow/dags/extract_dag.py for tasks to queue
[2026-09-17T07:55:06.491+0000] {logging_mixin.py:150} INFO - [2026-09-17T07:55:06.491+0000] {dagbag.py:541} INFO - Filling up the DagBag from /workspaces/hands-on-introduction-data-engineering-4395021/airflow/dags/extract_dag.py
[2026-09-17T07:55:06.500+0000] {processor.py:836} INFO - DAG(s) dict_keys(['extract_dag']) retrieved from /workspaces/hands-on-introduction-data-engineering-4395021/airflow/dags/extract_dag.py
[2026-09-17T07:55:06.516+0000] {logging_mixin.py:150} INFO - [2026-09-17T07:55:06.516+0000] {dag.py:2742} INFO - Sync 1 DAGs
[2026-09-17T07:55:06.531+0000] {logging_mixin.py:150} INFO - [2026-09-17T07:55:06.531+0000] {dag.py:3504} INFO - Setting next_dagrun for extract_dag to None, run_after=None
[2026-09-17T07:55:06.554+0000] {processor.py:179} INFO - Processing /workspaces/hands-on-introduction-data-engineering-4395021/airflow/dags/extract_dag.py took 0.067 seconds
[2026-09-17T07:55:36.681+0000] {processor.py:157} INFO - Started process (PID=53530) to work on /workspaces/hands-on-introduction-data-engineering-4395021/airflow/dags/extract_dag.py
[2026-09-17T07:55:36.682+0000] {processor.py:826} INFO - Processing file /workspaces/hands-on-introduction-data-engineering-4395021/airflow/dags/extract_dag.py for tasks to queue
[2026-09-17T07:55:36.683+0000] {logging_mixin.py:150} INFO - [2026-09-17T07:55:36.682+0000] {dagbag.py:541} INFO - Filling up the DagBag from /workspaces/hands-on-introduction-data-engineering-4395021/airflow/dags/extract_dag.py
[2026-09-17T07:55:36.691+0000] {processor.py:836} INFO - DAG(s) dict_keys(['extract_dag']) retrieved from /workspaces/hands-on-introduction-data-engineering-4395021/airflow/dags/extract_dag.py
[2026-09-17T07:55:36.707+0000] {logging_mixin.py:150} INFO - [2026-09-17T07:55:36.707+0000] {dag.py:2742} INFO - Sync 1 DAGs
[2026-09-17T07:55:36.721+0000] {logging_mixin.py:150} INFO - [2026-09-17T07:55:36.721+0000] {dag.py:3504} INFO - Setting next_dagrun for extract_dag to None, run_after=None
[2026-09-17T07:55:36.741+0000] {processor.py:179} INFO - Processing /workspaces/hands-on-introduction-data-engineering-4395021/airflow/dags/extract_dag.py took 0.062 seconds
[2026-09-17T07:56:06.873+0000] {processor.py:157} INFO - Started process (PID=53835) to work on /workspaces/hands-on-introduction-data-engineering-4395021/airflow/dags/extract_dag.py
[2026-09-17T07:56:06.874+0000] {processor.py:826} INFO - Processing file /workspaces/hands-on-introduction-data-engineering-4395021/airflow/dags/extract_dag.py for tasks to queue
[2026-09-17T07:56:06.874+0000] {logging_mixin.py:150} INFO - [2026-09-17T07:56:06.874+0000] {dagbag.py:541} INFO - Filling up the DagBag from /workspaces/hands-on-introduction-data-engineering-4395021/airflow/dags/extract_dag.py
[2026-09-17T07:56:06.883+0000] {processor.py:836} INFO - DAG(s) dict_keys(['extract_dag']) retrieved from /workspaces/hands-on-introduction-data-engineering-4395021/airflow/dags/extract_dag.py
[2026-09-17T07:56:06.898+0000] {logging_mixin.py:150} INFO - [2026-09-17T07:56:06.898+0000] {dag.py:2742} INFO - Sync 1 DAGs
[2026-09-17T07:56:06.913+0000] {logging_mixin.py:150} INFO - [2026-09-17T07:56:06.913+0000] {dag.py:3504} INFO - Setting next_dagrun for extract_dag to None, run_after=None
[2026-09-17T07:56:06.929+0000] {processor.py:179} INFO - Processing /workspaces/hands-on-introduction-data-engineering-4395021/airflow/dags/extract_dag.py took 0.059 seconds
[2026-09-17T07:56:37.064+0000] {processor.py:157} INFO - Started process (PID=53920) to work on /workspaces/hands-on-introduction-data-engineering-4395021/airflow/dags/extract_dag.py
[2026-09-17T07:56:37.065+0000] {processor.py:826} INFO - Processing file /workspaces/hands-on-introduction-data-engineering-4395021/airflow/dags/extract_dag.py for tasks to queue
[2026-09-17T07:56:37.065+0000] {logging_mixin.py:150} INFO - [2026-09-17T07:56:37.065+0000] {dagbag.py:541} INFO - Filling up the DagBag from /workspaces/hands-on-introduction-data-engineering-4395021/airflow/dags/extract_dag.py
[2026-09-17T07:56:37.074+0000] {processor.py:836} INFO - DAG(s) dict_keys(['extract_dag']) retrieved from /workspaces/hands-on-introduction-data-engineering-4395021/airflow/dags/extract_dag.py
[2026-09-17T07:56:37.090+0000] {logging_mixin.py:150} INFO - [2026-09-17T07:56:37.090+0000] {dag.py:2742} INFO - Sync 1 DAGs
[2026-09-17T07:56:37.104+0000] {logging_mixin.py:150} INFO - [2026-09-17T07:56:37.104+0000] {dag.py:3504} INFO - Setting next_dagrun for extract_dag to None, run_after=None
[2026-09-17T07:56:37.121+0000] {processor.py:179} INFO - Processing /workspaces/hands-on-introduction-data-engineering-4395021/airflow/dags/extract_dag.py took 0.059 seconds
[2026-09-17T07:57:07.254+0000] {processor.py:157} INFO - Started process (PID=53970) to work on /workspaces/hands-on-introduction-data-engineering-4395021/airflow/dags/extract_dag.py
[2026-09-17T07:57:07.255+0000] {processor.py:826} INFO - Processing file /workspaces/hands-on-introduction-data-engineering-4395021/airflow/dags/extract_dag.py for tasks to queue
[2026-09-17T07:57:07.255+0000] {logging_mixin.py:150} INFO - [2026-09-17T07:57:07.255+0000] {dagbag.py:541} INFO - Filling up the DagBag from /workspaces/hands-on-introduction-data-engineering-4395021/airflow/dags/extract_dag.py
[2026-09-17T07:57:07.266+0000] {processor.py:836} INFO - DAG(s) dict_keys(['extract_dag']) retrieved from /workspaces/hands-on-introduction-data-engineering-4395021/airflow/dags/extract_dag.py
[2026-09-17T07:57:07.283+0000] {logging_mixin.py:150} INFO - [2026-09-17T07:57:07.283+0000] {dag.py:2742} INFO - Sync 1 DAGs
[2026-09-17T07:57:07.298+0000] {logging_mixin.py:150} INFO - [2026-09-17T07:57:07.298+0000] {dag.py:3504} INFO - Setting next_dagrun for extract_dag to None, run_after=None
[2026-09-17T07:57:07.313+0000] {processor.py:179} INFO - Processing /workspaces/hands-on-introduction-data-engineering-4395021/airflow/dags/extract_dag.py took 0.062 seconds
[2026-09-17T07:57:37.447+0000] {processor.py:157} INFO - Started process (PID=54115) to work on /workspaces/hands-on-introduction-data-engineering-4395021/airflow/dags/extract_dag.py
[2026-09-17T07:57:37.448+0000] {processor.py:826} INFO - Processing file /workspaces/hands-on-introduction-data-engineering-4395021/airflow/dags/extract_dag.py for tasks to queue
[2026-09-17T07:57:37.448+0000] {logging_mixin.py:150} INFO - [2026-09-17T07:57:37.448+0000] {dagbag.py:541} INFO - Filling up the DagBag from /workspaces/hands-on-introduction-data-engineering-4395021/airflow/dags/extract_dag.py
[2026-09-17T07:57:37.457+0000] {processor.py:836} INFO - DAG(s) dict_keys(['extract_dag']) retrieved from /workspaces/hands-on-introduction-data-engineering-4395021/airflow/dags/extract_dag.py
[2026-09-17T07:57:37.475+0000] {logging_mixin.py:150} INFO - [2026-09-17T07:57:37.475+0000] {dag.py:2742} INFO - Sync 1 DAGs
[2026-09-17T07:57:37.490+0000] {logging_mixin.py:150} INFO - [2026-09-17T07:57:37.489+0000] {dag.py:3504} INFO - Setting next_dagrun for extract_dag to None, run_after=None
[2026-09-17T07:57:37.505+0000] {processor.py:179} INFO - Processing /workspaces/hands-on-introduction-data-engineering-4395021/airflow/dags/extract_dag.py took 0.060 seconds
[2026-09-17T07:58:07.633+0000] {processor.py:157} INFO - Started process (PID=54255) to work on /workspaces/hands-on-introduction-data-engineering-4395021/airflow/dags/extract_dag.py
[2026-09-17T07:58:07.634+0000] {processor.py:826} INFO - Processing file /workspaces/hands-on-introduction-data-engineering-4395021/airflow/dags/extract_dag.py for tasks to queue
[2026-09-17T07:58:07.635+0000] {logging_mixin.py:150} INFO - [2026-09-17T07:58:07.635+0000] {dagbag.py:541} INFO - Filling up the DagBag from /workspaces/hands-on-introduction-data-engineering-4395021/airflow/dags/extract_dag.py
[2026-09-17T07:58:07.646+0000] {processor.py:836} INFO - DAG(s) dict_keys(['extract_dag']) retrieved from /workspaces/hands-on-introduction-data-engineering-4395021/airflow/dags/extract_dag.py
[2026-09-17T07:58:07.664+0000] {logging_mixin.py:150} INFO - [2026-09-17T07:58:07.664+0000] {dag.py:2742} INFO - Sync 1 DAGs
[2026-09-17T07:58:07.679+0000] {logging_mixin.py:150} INFO - [2026-09-17T07:58:07.678+0000] {dag.py:3504} INFO - Setting next_dagrun for extract_dag to None, run_after=None
[2026-09-17T07:58:07.694+0000] {processor.py:179} INFO - Processing /workspaces/hands-on-introduction-data-engineering-4395021/airflow/dags/extract_dag.py took 0.065 seconds
[2026-09-17T07:58:37.823+0000] {processor.py:157} INFO - Started process (PID=54369) to work on /workspaces/hands-on-introduction-data-engineering-4395021/airflow/dags/extract_dag.py
[2026-09-17T07:58:37.824+0000] {processor.py:826} INFO - Processing file /workspaces/hands-on-introduction-data-engineering-4395021/airflow/dags/extract_dag.py for tasks to queue
[2026-09-17T07:58:37.825+0000] {logging_mixin.py:150} INFO - [2026-09-17T07:58:37.824+0000] {dagbag.py:541} INFO - Filling up the DagBag from /workspaces/hands-on-introduction-data-engineering-4395021/airflow/dags/extract_dag.py
[2026-09-17T07:58:37.834+0000] {processor.py:836} INFO - DAG(s) dict_keys(['extract_dag']) retrieved from /workspaces/hands-on-introduction-data-engineering-4395021/airflow/dags/extract_dag.py
[2026-09-17T07:58:37.852+0000] {logging_mixin.py:150} INFO - [2026-09-17T07:58:37.852+0000] {dag.py:2742} INFO - Sync 1 DAGs
[2026-09-17T07:58:37.869+0000] {logging_mixin.py:150} INFO - [2026-09-17T07:58:37.868+0000] {dag.py:3504} INFO - Setting next_dagrun for extract_dag to None, run_after=None
[2026-09-17T07:58:37.894+0000] {processor.py:179} INFO - Processing /workspaces/hands-on-introduction-data-engineering-4395021/airflow/dags/extract_dag.py took 0.074 seconds
[2026-09-17T07:59:08.020+0000] {processor.py:157} INFO - Started process (PID=54478) to work on /workspaces/hands-on-introduction-data-engineering-4395021/airflow/dags/extract_dag.py
[2026-09-17T07:59:08.021+0000] {processor.py:826} INFO - Processing file /workspaces/hands-on-introduction-data-engineering-4395021/airflow/dags/extract_dag.py for tasks to queue
[2026-09-17T07:59:08.022+0000] {logging_mixin.py:150} INFO - [2026-09-17T07:59:08.022+0000] {dagbag.py:541} INFO - Filling up the DagBag from /workspaces/hands-on-introduction-data-engineering-4395021/airflow/dags/extract_dag.py
[2026-09-17T07:59:08.031+0000] {processor.py:836} INFO - DAG(s) dict_keys(['extract_dag']) retrieved from /workspaces/hands-on-introduction-data-engineering-4395021/airflow/dags/extract_dag.py
[2026-09-17T07:59:08.051+0000] {logging_mixin.py:150} INFO - [2026-09-17T07:59:08.051+0000] {dag.py:2742} INFO - Sync 1 DAGs
[2026-09-17T07:59:08.065+0000] {logging_mixin.py:150} INFO - [2026-09-17T07:59:08.065+0000] {dag.py:3504} INFO - Setting next_dagrun for extract_dag to None, run_after=None
[2026-09-17T07:59:08.081+0000] {processor.py:179} INFO - Processing /workspaces/hands-on-introduction-data-engineering-4395021/airflow/dags/extract_dag.py took 0.064 seconds
[2026-09-17T07:59:38.208+0000] {processor.py:157} INFO - Started process (PID=54653) to work on /workspaces/hands-on-introduction-data-engineering-4395021/airflow/dags/extract_dag.py
[2026-09-17T07:59:38.209+0000] {processor.py:826} INFO - Processing file /workspaces/hands-on-introduction-data-engineering-4395021/airflow/dags/extract_dag.py for tasks to queue
[2026-09-17T07:59:38.210+0000] {logging_mixin.py:150} INFO - [2026-09-17T07:59:38.210+0000] {dagbag.py:541} INFO - Filling up the DagBag from /workspaces/hands-on-introduction-data-engineering-4395021/airflow/dags/extract_dag.py
[2026-09-17T07:59:38.218+0000] {processor.py:836} INFO - DAG(s) dict_keys(['extract_dag']) retrieved from /workspaces/hands-on-introduction-data-engineering-4395021/airflow/dags/extract_dag.py
[2026-09-17T07:59:38.237+0000] {logging_mixin.py:150} INFO - [2026-09-17T07:59:38.237+0000] {dag.py:2742} INFO - Sync 1 DAGs
[2026-09-17T07:59:38.255+0000] {logging_mixin.py:150} INFO - [2026-09-17T07:59:38.255+0000] {dag.py:3504} INFO - Setting next_dagrun for extract_dag to None, run_after=None
[2026-09-17T07:59:38.271+0000] {processor.py:179} INFO - Processing /workspaces/hands-on-introduction-data-engineering-4395021/airflow/dags/extract_dag.py took 0.065 seconds
[2026-09-17T08:00:08.401+0000] {processor.py:157} INFO - Started process (PID=54766) to work on /workspaces/hands-on-introduction-data-engineering-4395021/airflow/dags/extract_dag.py
[2026-09-17T08:00:08.401+0000] {processor.py:826} INFO - Processing file /workspaces/hands-on-introduction-data-engineering-4395021/airflow/dags/extract_dag.py for tasks to queue
[2026-09-17T08:00:08.402+0000] {logging_mixin.py:150} INFO - [2026-09-17T08:00:08.402+0000] {dagbag.py:541} INFO - Filling up the DagBag from /workspaces/hands-on-introduction-data-engineering-4395021/airflow/dags/extract_dag.py
[2026-09-17T08:00:08.410+0000] {processor.py:836} INFO - DAG(s) dict_keys(['extract_dag']) retrieved from /workspaces/hands-on-introduction-data-engineering-4395021/airflow/dags/extract_dag.py
[2026-09-17T08:00:08.427+0000] {logging_mixin.py:150} INFO - [2026-09-17T08:00:08.427+0000] {dag.py:2742} INFO - Sync 1 DAGs
[2026-09-17T08:00:08.446+0000] {logging_mixin.py:150} INFO - [2026-09-17T08:00:08.446+0000] {dag.py:3504} INFO - Setting next_dagrun for extract_dag to None, run_after=None
[2026-09-17T08:00:08.462+0000] {processor.py:179} INFO - Processing /workspaces/hands-on-introduction-data-engineering-4395021/airflow/dags/extract_dag.py took 0.064 seconds
[2026-09-17T08:00:38.590+0000] {processor.py:157} INFO - Started process (PID=54822) to work on /workspaces/hands-on-introduction-data-engineering-4395021/airflow/dags/extract_dag.py
[2026-09-17T08:00:38.591+0000] {processor.py:826} INFO - Processing file /workspaces/hands-on-introduction-data-engineering-4395021/airflow/dags/extract_dag.py for tasks to queue
[2026-09-17T08:00:38.591+0000] {logging_mixin.py:150} INFO - [2026-09-17T08:00:38.591+0000] {dagbag.py:541} INFO - Filling up the DagBag from /workspaces/hands-on-introduction-data-engineering-4395021/airflow/dags/extract_dag.py
[2026-09-17T08:00:38.600+0000] {processor.py:836} INFO - DAG(s) dict_keys(['extract_dag']) retrieved from /workspaces/hands-on-introduction-data-engineering-4395021/airflow/dags/extract_dag.py
[2026-09-17T08:00:38.616+0000] {logging_mixin.py:150} INFO - [2026-09-17T08:00:38.616+0000] {dag.py:2742} INFO - Sync 1 DAGs
[2026-09-17T08:00:38.631+0000] {logging_mixin.py:150} INFO - [2026-09-17T08:00:38.631+0000] {dag.py:3504} INFO - Setting next_dagrun for extract_dag to None, run_after=None
[2026-09-17T08:00:38.652+0000] {processor.py:179} INFO - Processing /workspaces/hands-on-introduction-data-engineering-4395021/airflow/dags/extract_dag.py took 0.064 seconds
[2026-09-17T08:01:08.779+0000] {processor.py:157} INFO - Started process (PID=54872) to work on /workspaces/hands-on-introduction-data-engineering-4395021/airflow/dags/extract_dag.py
[2026-09-17T08:01:08.780+0000] {processor.py:826} INFO - Processing file /workspaces/hands-on-introduction-data-engineering-4395021/airflow/dags/extract_dag.py for tasks to queue
[2026-09-17T08:01:08.781+0000] {logging_mixin.py:150} INFO - [2026-09-17T08:01:08.780+0000] {dagbag.py:541} INFO - Filling up the DagBag from /workspaces/hands-on-introduction-data-engineering-4395021/airflow/dags/extract_dag.py
[2026-09-17T08:01:08.789+0000] {processor.py:836} INFO - DAG(s) dict_keys(['extract_dag']) retrieved from /workspaces/hands-on-introduction-data-engineering-4395021/airflow/dags/extract_dag.py
[2026-09-17T08:01:08.806+0000] {logging_mixin.py:150} INFO - [2026-09-17T08:01:08.806+0000] {dag.py:2742} INFO - Sync 1 DAGs
[2026-09-17T08:01:08.820+0000] {logging_mixin.py:150} INFO - [2026-09-17T08:01:08.820+0000] {dag.py:3504} INFO - Setting next_dagrun for extract_dag to None, run_after=None
[2026-09-17T08:01:08.836+0000] {processor.py:179} INFO - Processing /workspaces/hands-on-introduction-data-engineering-4395021/airflow/dags/extract_dag.py took 0.059 seconds
[2026-09-17T08:01:38.969+0000] {processor.py:157} INFO - Started process (PID=54927) to work on /workspaces/hands-on-introduction-data-engineering-4395021/airflow/dags/extract_dag.py
[2026-09-17T08:01:38.970+0000] {processor.py:826} INFO - Processing file /workspaces/hands-on-introduction-data-engineering-4395021/airflow/dags/extract_dag.py for tasks to queue
[2026-09-17T08:01:38.971+0000] {logging_mixin.py:150} INFO - [2026-09-17T08:01:38.970+0000] {dagbag.py:541} INFO - Filling up the DagBag from /workspaces/hands-on-introduction-data-engineering-4395021/airflow/dags/extract_dag.py
[2026-09-17T08:01:38.979+0000] {processor.py:836} INFO - DAG(s) dict_keys(['extract_dag']) retrieved from /workspaces/hands-on-introduction-data-engineering-4395021/airflow/dags/extract_dag.py
[2026-09-17T08:01:38.996+0000] {logging_mixin.py:150} INFO - [2026-09-17T08:01:38.996+0000] {dag.py:2742} INFO - Sync 1 DAGs
[2026-09-17T08:01:39.011+0000] {logging_mixin.py:150} INFO - [2026-09-17T08:01:39.011+0000] {dag.py:3504} INFO - Setting next_dagrun for extract_dag to None, run_after=None
[2026-09-17T08:01:39.026+0000] {processor.py:179} INFO - Processing /workspaces/hands-on-introduction-data-engineering-4395021/airflow/dags/extract_dag.py took 0.060 seconds
[2026-09-17T08:02:09.160+0000] {processor.py:157} INFO - Started process (PID=54976) to work on /workspaces/hands-on-introduction-data-engineering-4395021/airflow/dags/extract_dag.py
[2026-09-17T08:02:09.161+0000] {processor.py:826} INFO - Processing file /workspaces/hands-on-introduction-data-engineering-4395021/airflow/dags/extract_dag.py for tasks to queue
[2026-09-17T08:02:09.161+0000] {logging_mixin.py:150} INFO - [2026-09-17T08:02:09.161+0000] {dagbag.py:541} INFO - Filling up the DagBag from /workspaces/hands-on-introduction-data-engineering-4395021/airflow/dags/extract_dag.py
[2026-09-17T08:02:09.170+0000] {processor.py:836} INFO - DAG(s) dict_keys(['extract_dag']) retrieved from /workspaces/hands-on-introduction-data-engineering-4395021/airflow/dags/extract_dag.py
[2026-09-17T08:02:09.186+0000] {logging_mixin.py:150} INFO - [2026-09-17T08:02:09.186+0000] {dag.py:2742} INFO - Sync 1 DAGs
[2026-09-17T08:02:09.201+0000] {logging_mixin.py:150} INFO - [2026-09-17T08:02:09.201+0000] {dag.py:3504} INFO - Setting next_dagrun for extract_dag to None, run_after=None
[2026-09-17T08:02:09.216+0000] {processor.py:179} INFO - Processing /workspaces/hands-on-introduction-data-engineering-4395021/airflow/dags/extract_dag.py took 0.059 seconds
[2026-09-17T08:02:39.355+0000] {processor.py:157} INFO - Started process (PID=55134) to work on /workspaces/hands-on-introduction-data-engineering-4395021/airflow/dags/extract_dag.py
[2026-09-17T08:02:39.356+0000] {processor.py:826} INFO - Processing file /workspaces/hands-on-introduction-data-engineering-4395021/airflow/dags/extract_dag.py for tasks to queue
[2026-09-17T08:02:39.357+0000] {logging_mixin.py:150} INFO - [2026-09-17T08:02:39.357+0000] {dagbag.py:541} INFO - Filling up the DagBag from /workspaces/hands-on-introduction-data-engineering-4395021/airflow/dags/extract_dag.py
[2026-09-17T08:02:39.366+0000] {processor.py:836} INFO - DAG(s) dict_keys(['extract_dag']) retrieved from /workspaces/hands-on-introduction-data-engineering-4395021/airflow/dags/extract_dag.py
[2026-09-17T08:02:39.384+0000] {logging_mixin.py:150} INFO - [2026-09-17T08:02:39.384+0000] {dag.py:2742} INFO - Sync 1 DAGs
[2026-09-17T08:02:39.398+0000] {logging_mixin.py:150} INFO - [2026-09-17T08:02:39.398+0000] {dag.py:3504} INFO - Setting next_dagrun for extract_dag to None, run_after=None
[2026-09-17T08:02:39.414+0000] {processor.py:179} INFO - Processing /workspaces/hands-on-introduction-data-engineering-4395021/airflow/dags/extract_dag.py took 0.061 seconds
[2026-09-17T08:03:09.548+0000] {processor.py:157} INFO - Started process (PID=55318) to work on /workspaces/hands-on-introduction-data-engineering-4395021/airflow/dags/extract_dag.py
[2026-09-17T08:03:09.550+0000] {processor.py:826} INFO - Processing file /workspaces/hands-on-introduction-data-engineering-4395021/airflow/dags/extract_dag.py for tasks to queue
[2026-09-17T08:03:09.550+0000] {logging_mixin.py:150} INFO - [2026-09-17T08:03:09.550+0000] {dagbag.py:541} INFO - Filling up the DagBag from /workspaces/hands-on-introduction-data-engineering-4395021/airflow/dags/extract_dag.py
[2026-09-17T08:03:09.559+0000] {processor.py:836} INFO - DAG(s) dict_keys(['extract_dag']) retrieved from /workspaces/hands-on-introduction-data-engineering-4395021/airflow/dags/extract_dag.py
[2026-09-17T08:03:09.576+0000] {logging_mixin.py:150} INFO - [2026-09-17T08:03:09.576+0000] {dag.py:2742} INFO - Sync 1 DAGs
[2026-09-17T08:03:09.590+0000] {logging_mixin.py:150} INFO - [2026-09-17T08:03:09.590+0000] {dag.py:3504} INFO - Setting next_dagrun for extract_dag to None, run_after=None
[2026-09-17T08:03:09.605+0000] {processor.py:179} INFO - Processing /workspaces/hands-on-introduction-data-engineering-4395021/airflow/dags/extract_dag.py took 0.061 seconds
[2026-09-17T08:03:39.740+0000] {processor.py:157} INFO - Started process (PID=55569) to work on /workspaces/hands-on-introduction-data-engineering-4395021/airflow/dags/extract_dag.py
[2026-09-17T08:03:39.740+0000] {processor.py:826} INFO - Processing file /workspaces/hands-on-introduction-data-engineering-4395021/airflow/dags/extract_dag.py for tasks to queue
[2026-09-17T08:03:39.741+0000] {logging_mixin.py:150} INFO - [2026-09-17T08:03:39.741+0000] {dagbag.py:541} INFO - Filling up the DagBag from /workspaces/hands-on-introduction-data-engineering-4395021/airflow/dags/extract_dag.py
[2026-09-17T08:03:39.751+0000] {processor.py:836} INFO - DAG(s) dict_keys(['extract_dag']) retrieved from /workspaces/hands-on-introduction-data-engineering-4395021/airflow/dags/extract_dag.py
[2026-09-17T08:03:39.767+0000] {logging_mixin.py:150} INFO - [2026-09-17T08:03:39.767+0000] {dag.py:2742} INFO - Sync 1 DAGs
[2026-09-17T08:03:39.782+0000] {logging_mixin.py:150} INFO - [2026-09-17T08:03:39.782+0000] {dag.py:3504} INFO - Setting next_dagrun for extract_dag to None, run_after=None
[2026-09-17T08:03:39.797+0000] {processor.py:179} INFO - Processing /workspaces/hands-on-introduction-data-engineering-4395021/airflow/dags/extract_dag.py took 0.061 seconds
[2026-09-17T08:04:09.930+0000] {processor.py:157} INFO - Started process (PID=55889) to work on /workspaces/hands-on-introduction-data-engineering-4395021/airflow/dags/extract_dag.py
[2026-09-17T08:04:09.933+0000] {processor.py:826} INFO - Processing file /workspaces/hands-on-introduction-data-engineering-4395021/airflow/dags/extract_dag.py for tasks to queue
[2026-09-17T08:04:09.934+0000] {logging_mixin.py:150} INFO - [2026-09-17T08:04:09.934+0000] {dagbag.py:541} INFO - Filling up the DagBag from /workspaces/hands-on-introduction-data-engineering-4395021/airflow/dags/extract_dag.py
[2026-09-17T08:04:09.945+0000] {processor.py:836} INFO - DAG(s) dict_keys(['extract_dag']) retrieved from /workspaces/hands-on-introduction-data-engineering-4395021/airflow/dags/extract_dag.py
[2026-09-17T08:04:09.964+0000] {logging_mixin.py:150} INFO - [2026-09-17T08:04:09.964+0000] {dag.py:2742} INFO - Sync 1 DAGs
[2026-09-17T08:04:09.982+0000] {logging_mixin.py:150} INFO - [2026-09-17T08:04:09.982+0000] {dag.py:3504} INFO - Setting next_dagrun for extract_dag to None, run_after=None
[2026-09-17T08:04:09.999+0000] {processor.py:179} INFO - Processing /workspaces/hands-on-introduction-data-engineering-4395021/airflow/dags/extract_dag.py took 0.071 seconds
[2026-09-17T08:04:40.126+0000] {processor.py:157} INFO - Started process (PID=56245) to work on /workspaces/hands-on-introduction-data-engineering-4395021/airflow/dags/extract_dag.py
[2026-09-17T08:04:40.126+0000] {processor.py:826} INFO - Processing file /workspaces/hands-on-introduction-data-engineering-4395021/airflow/dags/extract_dag.py for tasks to queue
[2026-09-17T08:04:40.127+0000] {logging_mixin.py:150} INFO - [2026-09-17T08:04:40.127+0000] {dagbag.py:541} INFO - Filling up the DagBag from /workspaces/hands-on-introduction-data-engineering-4395021/airflow/dags/extract_dag.py
[2026-09-17T08:04:40.138+0000] {processor.py:836} INFO - DAG(s) dict_keys(['extract_dag']) retrieved from /workspaces/hands-on-introduction-data-engineering-4395021/airflow/dags/extract_dag.py
[2026-09-17T08:04:40.157+0000] {logging_mixin.py:150} INFO - [2026-09-17T08:04:40.157+0000] {dag.py:2742} INFO - Sync 1 DAGs
[2026-09-17T08:04:40.171+0000] {logging_mixin.py:150} INFO - [2026-09-17T08:04:40.171+0000] {dag.py:3504} INFO - Setting next_dagrun for extract_dag to None, run_after=None
[2026-09-17T08:04:40.187+0000] {processor.py:179} INFO - Processing /workspaces/hands-on-introduction-data-engineering-4395021/airflow/dags/extract_dag.py took 0.064 seconds
[2026-09-17T08:05:10.314+0000] {processor.py:157} INFO - Started process (PID=56564) to work on /workspaces/hands-on-introduction-data-engineering-4395021/airflow/dags/extract_dag.py
[2026-09-17T08:05:10.315+0000] {processor.py:826} INFO - Processing file /workspaces/hands-on-introduction-data-engineering-4395021/airflow/dags/extract_dag.py for tasks to queue
[2026-09-17T08:05:10.315+0000] {logging_mixin.py:150} INFO - [2026-09-17T08:05:10.315+0000] {dagbag.py:541} INFO - Filling up the DagBag from /workspaces/hands-on-introduction-data-engineering-4395021/airflow/dags/extract_dag.py
[2026-09-17T08:05:10.324+0000] {processor.py:836} INFO - DAG(s) dict_keys(['extract_dag']) retrieved from /workspaces/hands-on-introduction-data-engineering-4395021/airflow/dags/extract_dag.py
[2026-09-17T08:05:10.344+0000] {logging_mixin.py:150} INFO - [2026-09-17T08:05:10.344+0000] {dag.py:2742} INFO - Sync 1 DAGs
[2026-09-17T08:05:10.360+0000] {logging_mixin.py:150} INFO - [2026-09-17T08:05:10.360+0000] {dag.py:3504} INFO - Setting next_dagrun for extract_dag to None, run_after=None
[2026-09-17T08:05:10.376+0000] {processor.py:179} INFO - Processing /workspaces/hands-on-introduction-data-engineering-4395021/airflow/dags/extract_dag.py took 0.064 seconds
[2026-09-17T08:05:40.502+0000] {processor.py:157} INFO - Started process (PID=57009) to work on /workspaces/hands-on-introduction-data-engineering-4395021/airflow/dags/extract_dag.py
[2026-09-17T08:05:40.503+0000] {processor.py:826} INFO - Processing file /workspaces/hands-on-introduction-data-engineering-4395021/airflow/dags/extract_dag.py for tasks to queue
[2026-09-17T08:05:40.504+0000] {logging_mixin.py:150} INFO - [2026-09-17T08:05:40.503+0000] {dagbag.py:541} INFO - Filling up the DagBag from /workspaces/hands-on-introduction-data-engineering-4395021/airflow/dags/extract_dag.py
[2026-09-17T08:05:40.515+0000] {processor.py:836} INFO - DAG(s) dict_keys(['extract_dag']) retrieved from /workspaces/hands-on-introduction-data-engineering-4395021/airflow/dags/extract_dag.py
[2026-09-17T08:05:40.539+0000] {logging_mixin.py:150} INFO - [2026-09-17T08:05:40.538+0000] {dag.py:2742} INFO - Sync 1 DAGs
[2026-09-17T08:05:40.553+0000] {logging_mixin.py:150} INFO - [2026-09-17T08:05:40.553+0000] {dag.py:3504} INFO - Setting next_dagrun for extract_dag to None, run_after=None
[2026-09-17T08:05:40.568+0000] {processor.py:179} INFO - Processing /workspaces/hands-on-introduction-data-engineering-4395021/airflow/dags/extract_dag.py took 0.068 seconds
[2026-09-17T08:06:10.690+0000] {processor.py:157} INFO - Started process (PID=57163) to work on /workspaces/hands-on-introduction-data-engineering-4395021/airflow/dags/extract_dag.py
[2026-09-17T08:06:10.691+0000] {processor.py:826} INFO - Processing file /workspaces/hands-on-introduction-data-engineering-4395021/airflow/dags/extract_dag.py for tasks to queue
[2026-09-17T08:06:10.692+0000] {logging_mixin.py:150} INFO - [2026-09-17T08:06:10.692+0000] {dagbag.py:541} INFO - Filling up the DagBag from /workspaces/hands-on-introduction-data-engineering-4395021/airflow/dags/extract_dag.py
[2026-09-17T08:06:10.700+0000] {processor.py:836} INFO - DAG(s) dict_keys(['extract_dag']) retrieved from /workspaces/hands-on-introduction-data-engineering-4395021/airflow/dags/extract_dag.py
[2026-09-17T08:06:10.716+0000] {logging_mixin.py:150} INFO - [2026-09-17T08:06:10.716+0000] {dag.py:2742} INFO - Sync 1 DAGs
[2026-09-17T08:06:10.731+0000] {logging_mixin.py:150} INFO - [2026-09-17T08:06:10.731+0000] {dag.py:3504} INFO - Setting next_dagrun for extract_dag to None, run_after=None
[2026-09-17T08:06:10.751+0000] {processor.py:179} INFO - Processing /workspaces/hands-on-introduction-data-engineering-4395021/airflow/dags/extract_dag.py took 0.063 seconds
[2026-09-17T08:06:40.880+0000] {processor.py:157} INFO - Started process (PID=57398) to work on /workspaces/hands-on-introduction-data-engineering-4395021/airflow/dags/extract_dag.py
[2026-09-17T08:06:40.880+0000] {processor.py:826} INFO - Processing file /workspaces/hands-on-introduction-data-engineering-4395021/airflow/dags/extract_dag.py for tasks to queue
[2026-09-17T08:06:40.881+0000] {logging_mixin.py:150} INFO - [2026-09-17T08:06:40.881+0000] {dagbag.py:541} INFO - Filling up the DagBag from /workspaces/hands-on-introduction-data-engineering-4395021/airflow/dags/extract_dag.py
[2026-09-17T08:06:40.889+0000] {processor.py:836} INFO - DAG(s) dict_keys(['extract_dag']) retrieved from /workspaces/hands-on-introduction-data-engineering-4395021/airflow/dags/extract_dag.py
[2026-09-17T08:06:40.905+0000] {logging_mixin.py:150} INFO - [2026-09-17T08:06:40.905+0000] {dag.py:2742} INFO - Sync 1 DAGs
[2026-09-17T08:06:40.920+0000] {logging_mixin.py:150} INFO - [2026-09-17T08:06:40.920+0000] {dag.py:3504} INFO - Setting next_dagrun for extract_dag to None, run_after=None
[2026-09-17T08:06:40.938+0000] {processor.py:179} INFO - Processing /workspaces/hands-on-introduction-data-engineering-4395021/airflow/dags/extract_dag.py took 0.061 seconds
[2026-09-17T08:07:11.072+0000] {processor.py:157} INFO - Started process (PID=57447) to work on /workspaces/hands-on-introduction-data-engineering-4395021/airflow/dags/extract_dag.py
[2026-09-17T08:07:11.072+0000] {processor.py:826} INFO - Processing file /workspaces/hands-on-introduction-data-engineering-4395021/airflow/dags/extract_dag.py for tasks to queue
[2026-09-17T08:07:11.073+0000] {logging_mixin.py:150} INFO - [2026-09-17T08:07:11.073+0000] {dagbag.py:541} INFO - Filling up the DagBag from /workspaces/hands-on-introduction-data-engineering-4395021/airflow/dags/extract_dag.py
[2026-09-17T08:07:11.081+0000] {processor.py:836} INFO - DAG(s) dict_keys(['extract_dag']) retrieved from /workspaces/hands-on-introduction-data-engineering-4395021/airflow/dags/extract_dag.py
[2026-09-17T08:07:11.097+0000] {logging_mixin.py:150} INFO - [2026-09-17T08:07:11.097+0000] {dag.py:2742} INFO - Sync 1 DAGs
[2026-09-17T08:07:11.111+0000] {logging_mixin.py:150} INFO - [2026-09-17T08:07:11.111+0000] {dag.py:3504} INFO - Setting next_dagrun for extract_dag to None, run_after=None
[2026-09-17T08:07:11.127+0000] {processor.py:179} INFO - Processing /workspaces/hands-on-introduction-data-engineering-4395021/airflow/dags/extract_dag.py took 0.058 seconds
[2026-09-17T08:07:41.265+0000] {processor.py:157} INFO - Started process (PID=57591) to work on /workspaces/hands-on-introduction-data-engineering-4395021/airflow/dags/extract_dag.py
[2026-09-17T08:07:41.266+0000] {processor.py:826} INFO - Processing file /workspaces/hands-on-introduction-data-engineering-4395021/airflow/dags/extract_dag.py for tasks to queue
[2026-09-17T08:07:41.267+0000] {logging_mixin.py:150} INFO - [2026-09-17T08:07:41.266+0000] {dagbag.py:541} INFO - Filling up the DagBag from /workspaces/hands-on-introduction-data-engineering-4395021/airflow/dags/extract_dag.py
[2026-09-17T08:07:41.275+0000] {processor.py:836} INFO - DAG(s) dict_keys(['extract_dag']) retrieved from /workspaces/hands-on-introduction-data-engineering-4395021/airflow/dags/extract_dag.py
[2026-09-17T08:07:41.291+0000] {logging_mixin.py:150} INFO - [2026-09-17T08:07:41.291+0000] {dag.py:2742} INFO - Sync 1 DAGs
[2026-09-17T08:07:41.306+0000] {logging_mixin.py:150} INFO - [2026-09-17T08:07:41.306+0000] {dag.py:3504} INFO - Setting next_dagrun for extract_dag to None, run_after=None
[2026-09-17T08:07:41.321+0000] {processor.py:179} INFO - Processing /workspaces/hands-on-introduction-data-engineering-4395021/airflow/dags/extract_dag.py took 0.058 seconds
[2026-09-17T08:08:11.454+0000] {processor.py:157} INFO - Started process (PID=57731) to work on /workspaces/hands-on-introduction-data-engineering-4395021/airflow/dags/extract_dag.py
[2026-09-17T08:08:11.455+0000] {processor.py:826} INFO - Processing file /workspaces/hands-on-introduction-data-engineering-4395021/airflow/dags/extract_dag.py for tasks to queue
[2026-09-17T08:08:11.456+0000] {logging_mixin.py:150} INFO - [2026-09-17T08:08:11.455+0000] {dagbag.py:541} INFO - Filling up the DagBag from /workspaces/hands-on-introduction-data-engineering-4395021/airflow/dags/extract_dag.py
[2026-09-17T08:08:11.464+0000] {processor.py:836} INFO - DAG(s) dict_keys(['extract_dag']) retrieved from /workspaces/hands-on-introduction-data-engineering-4395021/airflow/dags/extract_dag.py
[2026-09-17T08:08:11.480+0000] {logging_mixin.py:150} INFO - [2026-09-17T08:08:11.480+0000] {dag.py:2742} INFO - Sync 1 DAGs
[2026-09-17T08:08:11.494+0000] {logging_mixin.py:150} INFO - [2026-09-17T08:08:11.494+0000] {dag.py:3504} INFO - Setting next_dagrun for extract_dag to None, run_after=None
[2026-09-17T08:08:11.509+0000] {processor.py:179} INFO - Processing /workspaces/hands-on-introduction-data-engineering-4395021/airflow/dags/extract_dag.py took 0.058 seconds
[2026-09-17T08:08:41.647+0000] {processor.py:157} INFO - Started process (PID=57936) to work on /workspaces/hands-on-introduction-data-engineering-4395021/airflow/dags/extract_dag.py
[2026-09-17T08:08:41.648+0000] {processor.py:826} INFO - Processing file /workspaces/hands-on-introduction-data-engineering-4395021/airflow/dags/extract_dag.py for tasks to queue
[2026-09-17T08:08:41.649+0000] {logging_mixin.py:150} INFO - [2026-09-17T08:08:41.649+0000] {dagbag.py:541} INFO - Filling up the DagBag from /workspaces/hands-on-introduction-data-engineering-4395021/airflow/dags/extract_dag.py
[2026-09-17T08:08:41.658+0000] {processor.py:836} INFO - DAG(s) dict_keys(['extract_dag']) retrieved from /workspaces/hands-on-introduction-data-engineering-4395021/airflow/dags/extract_dag.py
[2026-09-17T08:08:41.674+0000] {logging_mixin.py:150} INFO - [2026-09-17T08:08:41.674+0000] {dag.py:2742} INFO - Sync 1 DAGs
[2026-09-17T08:08:41.688+0000] {logging_mixin.py:150} INFO - [2026-09-17T08:08:41.688+0000] {dag.py:3504} INFO - Setting next_dagrun for extract_dag to None, run_after=None
[2026-09-17T08:08:41.705+0000] {processor.py:179} INFO - Processing /workspaces/hands-on-introduction-data-engineering-4395021/airflow/dags/extract_dag.py took 0.061 seconds
[2026-09-17T08:09:11.838+0000] {processor.py:157} INFO - Started process (PID=58044) to work on /workspaces/hands-on-introduction-data-engineering-4395021/airflow/dags/extract_dag.py
[2026-09-17T08:09:11.840+0000] {processor.py:826} INFO - Processing file /workspaces/hands-on-introduction-data-engineering-4395021/airflow/dags/extract_dag.py for tasks to queue
[2026-09-17T08:09:11.841+0000] {logging_mixin.py:150} INFO - [2026-09-17T08:09:11.841+0000] {dagbag.py:541} INFO - Filling up the DagBag from /workspaces/hands-on-introduction-data-engineering-4395021/airflow/dags/extract_dag.py
[2026-09-17T08:09:11.852+0000] {processor.py:836} INFO - DAG(s) dict_keys(['extract_dag']) retrieved from /workspaces/hands-on-introduction-data-engineering-4395021/airflow/dags/extract_dag.py
[2026-09-17T08:09:11.871+0000] {logging_mixin.py:150} INFO - [2026-09-17T08:09:11.871+0000] {dag.py:2742} INFO - Sync 1 DAGs
[2026-09-17T08:09:11.885+0000] {logging_mixin.py:150} INFO - [2026-09-17T08:09:11.885+0000] {dag.py:3504} INFO - Setting next_dagrun for extract_dag to None, run_after=None
[2026-09-17T08:09:11.901+0000] {processor.py:179} INFO - Processing /workspaces/hands-on-introduction-data-engineering-4395021/airflow/dags/extract_dag.py took 0.066 seconds
[2026-09-17T08:09:42.031+0000] {processor.py:157} INFO - Started process (PID=58190) to work on /workspaces/hands-on-introduction-data-engineering-4395021/airflow/dags/extract_dag.py
[2026-09-17T08:09:42.032+0000] {processor.py:826} INFO - Processing file /workspaces/hands-on-introduction-data-engineering-4395021/airflow/dags/extract_dag.py for tasks to queue
[2026-09-17T08:09:42.032+0000] {logging_mixin.py:150} INFO - [2026-09-17T08:09:42.032+0000] {dagbag.py:541} INFO - Filling up the DagBag from /workspaces/hands-on-introduction-data-engineering-4395021/airflow/dags/extract_dag.py
[2026-09-17T08:09:42.043+0000] {processor.py:836} INFO - DAG(s) dict_keys(['extract_dag']) retrieved from /workspaces/hands-on-introduction-data-engineering-4395021/airflow/dags/extract_dag.py
[2026-09-17T08:09:42.064+0000] {logging_mixin.py:150} INFO - [2026-09-17T08:09:42.064+0000] {dag.py:2742} INFO - Sync 1 DAGs
[2026-09-17T08:09:42.081+0000] {logging_mixin.py:150} INFO - [2026-09-17T08:09:42.081+0000] {dag.py:3504} INFO - Setting next_dagrun for extract_dag to None, run_after=None
[2026-09-17T08:09:42.096+0000] {processor.py:179} INFO - Processing /workspaces/hands-on-introduction-data-engineering-4395021/airflow/dags/extract_dag.py took 0.068 seconds
[2026-09-17T08:10:12.222+0000] {processor.py:157} INFO - Started process (PID=58359) to work on /workspaces/hands-on-introduction-data-engineering-4395021/airflow/dags/extract_dag.py
[2026-09-17T08:10:12.223+0000] {processor.py:826} INFO - Processing file /workspaces/hands-on-introduction-data-engineering-4395021/airflow/dags/extract_dag.py for tasks to queue
[2026-09-17T08:10:12.224+0000] {logging_mixin.py:150} INFO - [2026-09-17T08:10:12.223+0000] {dagbag.py:541} INFO - Filling up the DagBag from /workspaces/hands-on-introduction-data-engineering-4395021/airflow/dags/extract_dag.py
[2026-09-17T08:10:12.234+0000] {processor.py:836} INFO - DAG(s) dict_keys(['extract_dag']) retrieved from /workspaces/hands-on-introduction-data-engineering-4395021/airflow/dags/extract_dag.py
[2026-09-17T08:10:12.256+0000] {logging_mixin.py:150} INFO - [2026-09-17T08:10:12.256+0000] {dag.py:2742} INFO - Sync 1 DAGs
[2026-09-17T08:10:12.287+0000] {logging_mixin.py:150} INFO - [2026-09-17T08:10:12.287+0000] {dag.py:3504} INFO - Setting next_dagrun for extract_dag to None, run_after=None
[2026-09-17T08:10:12.314+0000] {processor.py:179} INFO - Processing /workspaces/hands-on-introduction-data-engineering-4395021/airflow/dags/extract_dag.py took 0.095 seconds
[2026-09-17T08:10:42.415+0000] {processor.py:157} INFO - Started process (PID=58566) to work on /workspaces/hands-on-introduction-data-engineering-4395021/airflow/dags/extract_dag.py
[2026-09-17T08:10:42.416+0000] {processor.py:826} INFO - Processing file /workspaces/hands-on-introduction-data-engineering-4395021/airflow/dags/extract_dag.py for tasks to queue
[2026-09-17T08:10:42.417+0000] {logging_mixin.py:150} INFO - [2026-09-17T08:10:42.416+0000] {dagbag.py:541} INFO - Filling up the DagBag from /workspaces/hands-on-introduction-data-engineering-4395021/airflow/dags/extract_dag.py
[2026-09-17T08:10:42.425+0000] {processor.py:836} INFO - DAG(s) dict_keys(['extract_dag']) retrieved from /workspaces/hands-on-introduction-data-engineering-4395021/airflow/dags/extract_dag.py
[2026-09-17T08:10:42.445+0000] {logging_mixin.py:150} INFO - [2026-09-17T08:10:42.445+0000] {dag.py:2742} INFO - Sync 1 DAGs
[2026-09-17T08:10:42.461+0000] {logging_mixin.py:150} INFO - [2026-09-17T08:10:42.461+0000] {dag.py:3504} INFO - Setting next_dagrun for extract_dag to None, run_after=None
[2026-09-17T08:10:42.477+0000] {processor.py:179} INFO - Processing /workspaces/hands-on-introduction-data-engineering-4395021/airflow/dags/extract_dag.py took 0.064 seconds
[2026-09-17T08:11:12.605+0000] {processor.py:157} INFO - Started process (PID=58713) to work on /workspaces/hands-on-introduction-data-engineering-4395021/airflow/dags/extract_dag.py
[2026-09-17T08:11:12.605+0000] {processor.py:826} INFO - Processing file /workspaces/hands-on-introduction-data-engineering-4395021/airflow/dags/extract_dag.py for tasks to queue
[2026-09-17T08:11:12.606+0000] {logging_mixin.py:150} INFO - [2026-09-17T08:11:12.606+0000] {dagbag.py:541} INFO - Filling up the DagBag from /workspaces/hands-on-introduction-data-engineering-4395021/airflow/dags/extract_dag.py
[2026-09-17T08:11:12.615+0000] {processor.py:836} INFO - DAG(s) dict_keys(['extract_dag']) retrieved from /workspaces/hands-on-introduction-data-engineering-4395021/airflow/dags/extract_dag.py
[2026-09-17T08:11:12.631+0000] {logging_mixin.py:150} INFO - [2026-09-17T08:11:12.631+0000] {dag.py:2742} INFO - Sync 1 DAGs
[2026-09-17T08:11:12.650+0000] {logging_mixin.py:150} INFO - [2026-09-17T08:11:12.650+0000] {dag.py:3504} INFO - Setting next_dagrun for extract_dag to None, run_after=None
[2026-09-17T08:11:12.665+0000] {processor.py:179} INFO - Processing /workspaces/hands-on-introduction-data-engineering-4395021/airflow/dags/extract_dag.py took 0.063 seconds
[2026-09-17T08:24:25.935+0000] {processor.py:157} INFO - Started process (PID=5505) to work on /workspaces/hands-on-introduction-data-engineering-4395021/airflow/dags/extract_dag.py
[2026-09-17T08:24:25.937+0000] {processor.py:826} INFO - Processing file /workspaces/hands-on-introduction-data-engineering-4395021/airflow/dags/extract_dag.py for tasks to queue
[2026-09-17T08:24:25.938+0000] {logging_mixin.py:150} INFO - [2026-09-17T08:24:25.938+0000] {dagbag.py:541} INFO - Filling up the DagBag from /workspaces/hands-on-introduction-data-engineering-4395021/airflow/dags/extract_dag.py
[2026-09-17T08:24:25.950+0000] {processor.py:836} INFO - DAG(s) dict_keys(['extract_dag']) retrieved from /workspaces/hands-on-introduction-data-engineering-4395021/airflow/dags/extract_dag.py
[2026-09-17T08:24:25.966+0000] {logging_mixin.py:150} INFO - [2026-09-17T08:24:25.966+0000] {dag.py:2742} INFO - Sync 1 DAGs
[2026-09-17T08:24:25.980+0000] {logging_mixin.py:150} INFO - [2026-09-17T08:24:25.980+0000] {dag.py:3504} INFO - Setting next_dagrun for extract_dag to None, run_after=None
[2026-09-17T08:24:25.996+0000] {processor.py:179} INFO - Processing /workspaces/hands-on-introduction-data-engineering-4395021/airflow/dags/extract_dag.py took 0.064 seconds
[2026-09-17T08:24:56.512+0000] {processor.py:157} INFO - Started process (PID=5862) to work on /workspaces/hands-on-introduction-data-engineering-4395021/airflow/dags/extract_dag.py
[2026-09-17T08:24:56.513+0000] {processor.py:826} INFO - Processing file /workspaces/hands-on-introduction-data-engineering-4395021/airflow/dags/extract_dag.py for tasks to queue
[2026-09-17T08:24:56.514+0000] {logging_mixin.py:150} INFO - [2026-09-17T08:24:56.513+0000] {dagbag.py:541} INFO - Filling up the DagBag from /workspaces/hands-on-introduction-data-engineering-4395021/airflow/dags/extract_dag.py
[2026-09-17T08:24:56.522+0000] {processor.py:836} INFO - DAG(s) dict_keys(['extract_dag']) retrieved from /workspaces/hands-on-introduction-data-engineering-4395021/airflow/dags/extract_dag.py
[2026-09-17T08:24:56.539+0000] {logging_mixin.py:150} INFO - [2026-09-17T08:24:56.539+0000] {dag.py:2742} INFO - Sync 1 DAGs
[2026-09-17T08:24:56.555+0000] {logging_mixin.py:150} INFO - [2026-09-17T08:24:56.555+0000] {dag.py:3504} INFO - Setting next_dagrun for extract_dag to None, run_after=None
[2026-09-17T08:24:56.570+0000] {processor.py:179} INFO - Processing /workspaces/hands-on-introduction-data-engineering-4395021/airflow/dags/extract_dag.py took 0.060 seconds
[2026-09-17T08:25:28.816+0000] {processor.py:157} INFO - Started process (PID=6140) to work on /workspaces/hands-on-introduction-data-engineering-4395021/airflow/dags/extract_dag.py
[2026-09-17T08:25:28.817+0000] {processor.py:826} INFO - Processing file /workspaces/hands-on-introduction-data-engineering-4395021/airflow/dags/extract_dag.py for tasks to queue
[2026-09-17T08:25:28.818+0000] {logging_mixin.py:150} INFO - [2026-09-17T08:25:28.818+0000] {dagbag.py:541} INFO - Filling up the DagBag from /workspaces/hands-on-introduction-data-engineering-4395021/airflow/dags/extract_dag.py
[2026-09-17T08:25:28.826+0000] {processor.py:836} INFO - DAG(s) dict_keys(['extract_dag']) retrieved from /workspaces/hands-on-introduction-data-engineering-4395021/airflow/dags/extract_dag.py
[2026-09-17T08:25:28.843+0000] {logging_mixin.py:150} INFO - [2026-09-17T08:25:28.843+0000] {dag.py:2742} INFO - Sync 1 DAGs
[2026-09-17T08:25:28.859+0000] {logging_mixin.py:150} INFO - [2026-09-17T08:25:28.859+0000] {dag.py:3504} INFO - Setting next_dagrun for extract_dag to None, run_after=None
[2026-09-17T08:25:28.874+0000] {processor.py:179} INFO - Processing /workspaces/hands-on-introduction-data-engineering-4395021/airflow/dags/extract_dag.py took 0.060 seconds
[2026-09-17T08:25:58.954+0000] {processor.py:157} INFO - Started process (PID=6367) to work on /workspaces/hands-on-introduction-data-engineering-4395021/airflow/dags/extract_dag.py
[2026-09-17T08:25:58.955+0000] {processor.py:826} INFO - Processing file /workspaces/hands-on-introduction-data-engineering-4395021/airflow/dags/extract_dag.py for tasks to queue
[2026-09-17T08:25:58.955+0000] {logging_mixin.py:150} INFO - [2026-09-17T08:25:58.955+0000] {dagbag.py:541} INFO - Filling up the DagBag from /workspaces/hands-on-introduction-data-engineering-4395021/airflow/dags/extract_dag.py
[2026-09-17T08:25:58.964+0000] {processor.py:836} INFO - DAG(s) dict_keys(['extract_dag']) retrieved from /workspaces/hands-on-introduction-data-engineering-4395021/airflow/dags/extract_dag.py
[2026-09-17T08:25:58.981+0000] {logging_mixin.py:150} INFO - [2026-09-17T08:25:58.981+0000] {dag.py:2742} INFO - Sync 1 DAGs
[2026-09-17T08:25:58.996+0000] {logging_mixin.py:150} INFO - [2026-09-17T08:25:58.996+0000] {dag.py:3504} INFO - Setting next_dagrun for extract_dag to None, run_after=None
[2026-09-17T08:25:59.011+0000] {processor.py:179} INFO - Processing /workspaces/hands-on-introduction-data-engineering-4395021/airflow/dags/extract_dag.py took 0.060 seconds
[2026-09-17T08:26:29.264+0000] {processor.py:157} INFO - Started process (PID=6544) to work on /workspaces/hands-on-introduction-data-engineering-4395021/airflow/dags/extract_dag.py
[2026-09-17T08:26:29.265+0000] {processor.py:826} INFO - Processing file /workspaces/hands-on-introduction-data-engineering-4395021/airflow/dags/extract_dag.py for tasks to queue
[2026-09-17T08:26:29.266+0000] {logging_mixin.py:150} INFO - [2026-09-17T08:26:29.265+0000] {dagbag.py:541} INFO - Filling up the DagBag from /workspaces/hands-on-introduction-data-engineering-4395021/airflow/dags/extract_dag.py
[2026-09-17T08:26:29.274+0000] {processor.py:836} INFO - DAG(s) dict_keys(['extract_dag']) retrieved from /workspaces/hands-on-introduction-data-engineering-4395021/airflow/dags/extract_dag.py
[2026-09-17T08:26:29.291+0000] {logging_mixin.py:150} INFO - [2026-09-17T08:26:29.290+0000] {dag.py:2742} INFO - Sync 1 DAGs
[2026-09-17T08:26:29.306+0000] {logging_mixin.py:150} INFO - [2026-09-17T08:26:29.306+0000] {dag.py:3504} INFO - Setting next_dagrun for extract_dag to None, run_after=None
[2026-09-17T08:26:29.321+0000] {processor.py:179} INFO - Processing /workspaces/hands-on-introduction-data-engineering-4395021/airflow/dags/extract_dag.py took 0.060 seconds
[2026-09-17T08:26:59.769+0000] {processor.py:157} INFO - Started process (PID=6990) to work on /workspaces/hands-on-introduction-data-engineering-4395021/airflow/dags/extract_dag.py
[2026-09-17T08:26:59.770+0000] {processor.py:826} INFO - Processing file /workspaces/hands-on-introduction-data-engineering-4395021/airflow/dags/extract_dag.py for tasks to queue
[2026-09-17T08:26:59.771+0000] {logging_mixin.py:150} INFO - [2026-09-17T08:26:59.770+0000] {dagbag.py:541} INFO - Filling up the DagBag from /workspaces/hands-on-introduction-data-engineering-4395021/airflow/dags/extract_dag.py
[2026-09-17T08:26:59.779+0000] {processor.py:836} INFO - DAG(s) dict_keys(['extract_dag']) retrieved from /workspaces/hands-on-introduction-data-engineering-4395021/airflow/dags/extract_dag.py
[2026-09-17T08:26:59.796+0000] {logging_mixin.py:150} INFO - [2026-09-17T08:26:59.795+0000] {dag.py:2742} INFO - Sync 1 DAGs
[2026-09-17T08:26:59.810+0000] {logging_mixin.py:150} INFO - [2026-09-17T08:26:59.810+0000] {dag.py:3504} INFO - Setting next_dagrun for extract_dag to None, run_after=None
[2026-09-17T08:26:59.828+0000] {processor.py:179} INFO - Processing /workspaces/hands-on-introduction-data-engineering-4395021/airflow/dags/extract_dag.py took 0.061 seconds
[2026-09-17T08:27:31.415+0000] {processor.py:157} INFO - Started process (PID=7255) to work on /workspaces/hands-on-introduction-data-engineering-4395021/airflow/dags/extract_dag.py
[2026-09-17T08:27:31.417+0000] {processor.py:826} INFO - Processing file /workspaces/hands-on-introduction-data-engineering-4395021/airflow/dags/extract_dag.py for tasks to queue
[2026-09-17T08:27:31.418+0000] {logging_mixin.py:150} INFO - [2026-09-17T08:27:31.417+0000] {dagbag.py:541} INFO - Filling up the DagBag from /workspaces/hands-on-introduction-data-engineering-4395021/airflow/dags/extract_dag.py
[2026-09-17T08:27:31.431+0000] {processor.py:836} INFO - DAG(s) dict_keys(['extract_dag']) retrieved from /workspaces/hands-on-introduction-data-engineering-4395021/airflow/dags/extract_dag.py
[2026-09-17T08:27:31.447+0000] {logging_mixin.py:150} INFO - [2026-09-17T08:27:31.447+0000] {dag.py:2742} INFO - Sync 1 DAGs
[2026-09-17T08:27:31.461+0000] {logging_mixin.py:150} INFO - [2026-09-17T08:27:31.461+0000] {dag.py:3504} INFO - Setting next_dagrun for extract_dag to None, run_after=None
[2026-09-17T08:27:31.476+0000] {processor.py:179} INFO - Processing /workspaces/hands-on-introduction-data-engineering-4395021/airflow/dags/extract_dag.py took 0.064 seconds
[2026-09-17T08:28:01.922+0000] {processor.py:157} INFO - Started process (PID=7548) to work on /workspaces/hands-on-introduction-data-engineering-4395021/airflow/dags/extract_dag.py
[2026-09-17T08:28:01.923+0000] {processor.py:826} INFO - Processing file /workspaces/hands-on-introduction-data-engineering-4395021/airflow/dags/extract_dag.py for tasks to queue
[2026-09-17T08:28:01.923+0000] {logging_mixin.py:150} INFO - [2026-09-17T08:28:01.923+0000] {dagbag.py:541} INFO - Filling up the DagBag from /workspaces/hands-on-introduction-data-engineering-4395021/airflow/dags/extract_dag.py
[2026-09-17T08:28:01.932+0000] {processor.py:836} INFO - DAG(s) dict_keys(['extract_dag']) retrieved from /workspaces/hands-on-introduction-data-engineering-4395021/airflow/dags/extract_dag.py
[2026-09-17T08:28:01.949+0000] {logging_mixin.py:150} INFO - [2026-09-17T08:28:01.949+0000] {dag.py:2742} INFO - Sync 1 DAGs
[2026-09-17T08:28:01.964+0000] {logging_mixin.py:150} INFO - [2026-09-17T08:28:01.964+0000] {dag.py:3504} INFO - Setting next_dagrun for extract_dag to None, run_after=None
[2026-09-17T08:28:01.981+0000] {processor.py:179} INFO - Processing /workspaces/hands-on-introduction-data-engineering-4395021/airflow/dags/extract_dag.py took 0.061 seconds
[2026-09-17T08:28:32.095+0000] {processor.py:157} INFO - Started process (PID=7751) to work on /workspaces/hands-on-introduction-data-engineering-4395021/airflow/dags/extract_dag.py
[2026-09-17T08:28:32.095+0000] {processor.py:826} INFO - Processing file /workspaces/hands-on-introduction-data-engineering-4395021/airflow/dags/extract_dag.py for tasks to queue
[2026-09-17T08:28:32.096+0000] {logging_mixin.py:150} INFO - [2026-09-17T08:28:32.096+0000] {dagbag.py:541} INFO - Filling up the DagBag from /workspaces/hands-on-introduction-data-engineering-4395021/airflow/dags/extract_dag.py
[2026-09-17T08:28:32.105+0000] {processor.py:836} INFO - DAG(s) dict_keys(['extract_dag']) retrieved from /workspaces/hands-on-introduction-data-engineering-4395021/airflow/dags/extract_dag.py
[2026-09-17T08:28:32.121+0000] {logging_mixin.py:150} INFO - [2026-09-17T08:28:32.121+0000] {dag.py:2742} INFO - Sync 1 DAGs
[2026-09-17T08:28:32.137+0000] {logging_mixin.py:150} INFO - [2026-09-17T08:28:32.137+0000] {dag.py:3504} INFO - Setting next_dagrun for extract_dag to None, run_after=None
[2026-09-17T08:28:32.162+0000] {processor.py:179} INFO - Processing /workspaces/hands-on-introduction-data-engineering-4395021/airflow/dags/extract_dag.py took 0.070 seconds
[2026-09-17T08:29:02.266+0000] {processor.py:157} INFO - Started process (PID=7964) to work on /workspaces/hands-on-introduction-data-engineering-4395021/airflow/dags/extract_dag.py
[2026-09-17T08:29:02.267+0000] {processor.py:826} INFO - Processing file /workspaces/hands-on-introduction-data-engineering-4395021/airflow/dags/extract_dag.py for tasks to queue
[2026-09-17T08:29:02.267+0000] {logging_mixin.py:150} INFO - [2026-09-17T08:29:02.267+0000] {dagbag.py:541} INFO - Filling up the DagBag from /workspaces/hands-on-introduction-data-engineering-4395021/airflow/dags/extract_dag.py
[2026-09-17T08:29:02.276+0000] {processor.py:836} INFO - DAG(s) dict_keys(['extract_dag']) retrieved from /workspaces/hands-on-introduction-data-engineering-4395021/airflow/dags/extract_dag.py
[2026-09-17T08:29:02.291+0000] {logging_mixin.py:150} INFO - [2026-09-17T08:29:02.291+0000] {dag.py:2742} INFO - Sync 1 DAGs
[2026-09-17T08:29:02.306+0000] {logging_mixin.py:150} INFO - [2026-09-17T08:29:02.305+0000] {dag.py:3504} INFO - Setting next_dagrun for extract_dag to None, run_after=None
[2026-09-17T08:29:02.320+0000] {processor.py:179} INFO - Processing /workspaces/hands-on-introduction-data-engineering-4395021/airflow/dags/extract_dag.py took 0.057 seconds
[2026-09-17T08:29:32.438+0000] {processor.py:157} INFO - Started process (PID=8216) to work on /workspaces/hands-on-introduction-data-engineering-4395021/airflow/dags/extract_dag.py
[2026-09-17T08:29:32.439+0000] {processor.py:826} INFO - Processing file /workspaces/hands-on-introduction-data-engineering-4395021/airflow/dags/extract_dag.py for tasks to queue
[2026-09-17T08:29:32.440+0000] {logging_mixin.py:150} INFO - [2026-09-17T08:29:32.440+0000] {dagbag.py:541} INFO - Filling up the DagBag from /workspaces/hands-on-introduction-data-engineering-4395021/airflow/dags/extract_dag.py
[2026-09-17T08:29:32.450+0000] {processor.py:836} INFO - DAG(s) dict_keys(['extract_dag']) retrieved from /workspaces/hands-on-introduction-data-engineering-4395021/airflow/dags/extract_dag.py
[2026-09-17T08:29:32.468+0000] {logging_mixin.py:150} INFO - [2026-09-17T08:29:32.468+0000] {dag.py:2742} INFO - Sync 1 DAGs
[2026-09-17T08:29:32.483+0000] {logging_mixin.py:150} INFO - [2026-09-17T08:29:32.483+0000] {dag.py:3504} INFO - Setting next_dagrun for extract_dag to None, run_after=None
[2026-09-17T08:29:32.499+0000] {processor.py:179} INFO - Processing /workspaces/hands-on-introduction-data-engineering-4395021/airflow/dags/extract_dag.py took 0.063 seconds
[2026-09-17T08:30:03.922+0000] {processor.py:157} INFO - Started process (PID=8431) to work on /workspaces/hands-on-introduction-data-engineering-4395021/airflow/dags/extract_dag.py
[2026-09-17T08:30:03.923+0000] {processor.py:826} INFO - Processing file /workspaces/hands-on-introduction-data-engineering-4395021/airflow/dags/extract_dag.py for tasks to queue
[2026-09-17T08:30:03.924+0000] {logging_mixin.py:150} INFO - [2026-09-17T08:30:03.924+0000] {dagbag.py:541} INFO - Filling up the DagBag from /workspaces/hands-on-introduction-data-engineering-4395021/airflow/dags/extract_dag.py
[2026-09-17T08:30:03.933+0000] {processor.py:836} INFO - DAG(s) dict_keys(['extract_dag']) retrieved from /workspaces/hands-on-introduction-data-engineering-4395021/airflow/dags/extract_dag.py
[2026-09-17T08:30:03.949+0000] {logging_mixin.py:150} INFO - [2026-09-17T08:30:03.949+0000] {dag.py:2742} INFO - Sync 1 DAGs
[2026-09-17T08:30:03.964+0000] {logging_mixin.py:150} INFO - [2026-09-17T08:30:03.964+0000] {dag.py:3504} INFO - Setting next_dagrun for extract_dag to None, run_after=None
[2026-09-17T08:30:03.979+0000] {processor.py:179} INFO - Processing /workspaces/hands-on-introduction-data-engineering-4395021/airflow/dags/extract_dag.py took 0.060 seconds
[2026-09-17T08:30:34.397+0000] {processor.py:157} INFO - Started process (PID=8644) to work on /workspaces/hands-on-introduction-data-engineering-4395021/airflow/dags/extract_dag.py
[2026-09-17T08:30:34.398+0000] {processor.py:826} INFO - Processing file /workspaces/hands-on-introduction-data-engineering-4395021/airflow/dags/extract_dag.py for tasks to queue
[2026-09-17T08:30:34.399+0000] {logging_mixin.py:150} INFO - [2026-09-17T08:30:34.398+0000] {dagbag.py:541} INFO - Filling up the DagBag from /workspaces/hands-on-introduction-data-engineering-4395021/airflow/dags/extract_dag.py
[2026-09-17T08:30:34.408+0000] {processor.py:836} INFO - DAG(s) dict_keys(['extract_dag']) retrieved from /workspaces/hands-on-introduction-data-engineering-4395021/airflow/dags/extract_dag.py
[2026-09-17T08:30:34.427+0000] {logging_mixin.py:150} INFO - [2026-09-17T08:30:34.427+0000] {dag.py:2742} INFO - Sync 1 DAGs
[2026-09-17T08:30:34.453+0000] {logging_mixin.py:150} INFO - [2026-09-17T08:30:34.453+0000] {dag.py:3504} INFO - Setting next_dagrun for extract_dag to None, run_after=None
[2026-09-17T08:30:34.480+0000] {processor.py:179} INFO - Processing /workspaces/hands-on-introduction-data-engineering-4395021/airflow/dags/extract_dag.py took 0.086 seconds
[2026-09-17T08:31:05.023+0000] {processor.py:157} INFO - Started process (PID=8994) to work on /workspaces/hands-on-introduction-data-engineering-4395021/airflow/dags/extract_dag.py
[2026-09-17T08:31:05.023+0000] {processor.py:826} INFO - Processing file /workspaces/hands-on-introduction-data-engineering-4395021/airflow/dags/extract_dag.py for tasks to queue
[2026-09-17T08:31:05.024+0000] {logging_mixin.py:150} INFO - [2026-09-17T08:31:05.024+0000] {dagbag.py:541} INFO - Filling up the DagBag from /workspaces/hands-on-introduction-data-engineering-4395021/airflow/dags/extract_dag.py
[2026-09-17T08:31:05.032+0000] {processor.py:836} INFO - DAG(s) dict_keys(['extract_dag']) retrieved from /workspaces/hands-on-introduction-data-engineering-4395021/airflow/dags/extract_dag.py
[2026-09-17T08:31:05.056+0000] {logging_mixin.py:150} INFO - [2026-09-17T08:31:05.056+0000] {dag.py:2742} INFO - Sync 1 DAGs
[2026-09-17T08:31:05.071+0000] {logging_mixin.py:150} INFO - [2026-09-17T08:31:05.071+0000] {dag.py:3504} INFO - Setting next_dagrun for extract_dag to None, run_after=None
[2026-09-17T08:31:05.087+0000] {processor.py:179} INFO - Processing /workspaces/hands-on-introduction-data-engineering-4395021/airflow/dags/extract_dag.py took 0.067 seconds
[2026-09-17T08:31:35.595+0000] {processor.py:157} INFO - Started process (PID=9546) to work on /workspaces/hands-on-introduction-data-engineering-4395021/airflow/dags/extract_dag.py
[2026-09-17T08:31:35.596+0000] {processor.py:826} INFO - Processing file /workspaces/hands-on-introduction-data-engineering-4395021/airflow/dags/extract_dag.py for tasks to queue
[2026-09-17T08:31:35.596+0000] {logging_mixin.py:150} INFO - [2026-09-17T08:31:35.596+0000] {dagbag.py:541} INFO - Filling up the DagBag from /workspaces/hands-on-introduction-data-engineering-4395021/airflow/dags/extract_dag.py
[2026-09-17T08:31:35.607+0000] {processor.py:836} INFO - DAG(s) dict_keys(['extract_dag']) retrieved from /workspaces/hands-on-introduction-data-engineering-4395021/airflow/dags/extract_dag.py
[2026-09-17T08:31:35.623+0000] {logging_mixin.py:150} INFO - [2026-09-17T08:31:35.623+0000] {dag.py:2742} INFO - Sync 1 DAGs
[2026-09-17T08:31:35.638+0000] {logging_mixin.py:150} INFO - [2026-09-17T08:31:35.638+0000] {dag.py:3504} INFO - Setting next_dagrun for extract_dag to None, run_after=None
[2026-09-17T08:31:35.653+0000] {processor.py:179} INFO - Processing /workspaces/hands-on-introduction-data-engineering-4395021/airflow/dags/extract_dag.py took 0.061 seconds
[2026-09-17T08:32:06.175+0000] {processor.py:157} INFO - Started process (PID=9731) to work on /workspaces/hands-on-introduction-data-engineering-4395021/airflow/dags/extract_dag.py
[2026-09-17T08:32:06.176+0000] {processor.py:826} INFO - Processing file /workspaces/hands-on-introduction-data-engineering-4395021/airflow/dags/extract_dag.py for tasks to queue
[2026-09-17T08:32:06.176+0000] {logging_mixin.py:150} INFO - [2026-09-17T08:32:06.176+0000] {dagbag.py:541} INFO - Filling up the DagBag from /workspaces/hands-on-introduction-data-engineering-4395021/airflow/dags/extract_dag.py
[2026-09-17T08:32:06.185+0000] {processor.py:836} INFO - DAG(s) dict_keys(['extract_dag']) retrieved from /workspaces/hands-on-introduction-data-engineering-4395021/airflow/dags/extract_dag.py
[2026-09-17T08:32:06.201+0000] {logging_mixin.py:150} INFO - [2026-09-17T08:32:06.201+0000] {dag.py:2742} INFO - Sync 1 DAGs
[2026-09-17T08:32:06.216+0000] {logging_mixin.py:150} INFO - [2026-09-17T08:32:06.215+0000] {dag.py:3504} INFO - Setting next_dagrun for extract_dag to None, run_after=None
[2026-09-17T08:32:06.232+0000] {processor.py:179} INFO - Processing /workspaces/hands-on-introduction-data-engineering-4395021/airflow/dags/extract_dag.py took 0.060 seconds
[2026-09-17T08:32:36.644+0000] {processor.py:157} INFO - Started process (PID=9938) to work on /workspaces/hands-on-introduction-data-engineering-4395021/airflow/dags/extract_dag.py
[2026-09-17T08:32:36.644+0000] {processor.py:826} INFO - Processing file /workspaces/hands-on-introduction-data-engineering-4395021/airflow/dags/extract_dag.py for tasks to queue
[2026-09-17T08:32:36.645+0000] {logging_mixin.py:150} INFO - [2026-09-17T08:32:36.645+0000] {dagbag.py:541} INFO - Filling up the DagBag from /workspaces/hands-on-introduction-data-engineering-4395021/airflow/dags/extract_dag.py
[2026-09-17T08:32:36.653+0000] {processor.py:836} INFO - DAG(s) dict_keys(['extract_dag']) retrieved from /workspaces/hands-on-introduction-data-engineering-4395021/airflow/dags/extract_dag.py
[2026-09-17T08:32:36.672+0000] {logging_mixin.py:150} INFO - [2026-09-17T08:32:36.672+0000] {dag.py:2742} INFO - Sync 1 DAGs
[2026-09-17T08:32:36.687+0000] {logging_mixin.py:150} INFO - [2026-09-17T08:32:36.687+0000] {dag.py:3504} INFO - Setting next_dagrun for extract_dag to None, run_after=None
[2026-09-17T08:32:36.703+0000] {processor.py:179} INFO - Processing /workspaces/hands-on-introduction-data-engineering-4395021/airflow/dags/extract_dag.py took 0.061 seconds
[2026-09-17T08:33:07.122+0000] {processor.py:157} INFO - Started process (PID=10144) to work on /workspaces/hands-on-introduction-data-engineering-4395021/airflow/dags/extract_dag.py
[2026-09-17T08:33:07.123+0000] {processor.py:826} INFO - Processing file /workspaces/hands-on-introduction-data-engineering-4395021/airflow/dags/extract_dag.py for tasks to queue
[2026-09-17T08:33:07.124+0000] {logging_mixin.py:150} INFO - [2026-09-17T08:33:07.123+0000] {dagbag.py:541} INFO - Filling up the DagBag from /workspaces/hands-on-introduction-data-engineering-4395021/airflow/dags/extract_dag.py
[2026-09-17T08:33:07.132+0000] {processor.py:836} INFO - DAG(s) dict_keys(['extract_dag']) retrieved from /workspaces/hands-on-introduction-data-engineering-4395021/airflow/dags/extract_dag.py
[2026-09-17T08:33:07.148+0000] {logging_mixin.py:150} INFO - [2026-09-17T08:33:07.148+0000] {dag.py:2742} INFO - Sync 1 DAGs
[2026-09-17T08:33:07.163+0000] {logging_mixin.py:150} INFO - [2026-09-17T08:33:07.163+0000] {dag.py:3504} INFO - Setting next_dagrun for extract_dag to None, run_after=None
[2026-09-17T08:33:07.179+0000] {processor.py:179} INFO - Processing /workspaces/hands-on-introduction-data-engineering-4395021/airflow/dags/extract_dag.py took 0.059 seconds
[2026-09-17T08:33:37.600+0000] {processor.py:157} INFO - Started process (PID=10346) to work on /workspaces/hands-on-introduction-data-engineering-4395021/airflow/dags/extract_dag.py
[2026-09-17T08:33:37.601+0000] {processor.py:826} INFO - Processing file /workspaces/hands-on-introduction-data-engineering-4395021/airflow/dags/extract_dag.py for tasks to queue
[2026-09-17T08:33:37.602+0000] {logging_mixin.py:150} INFO - [2026-09-17T08:33:37.602+0000] {dagbag.py:541} INFO - Filling up the DagBag from /workspaces/hands-on-introduction-data-engineering-4395021/airflow/dags/extract_dag.py
[2026-09-17T08:33:37.612+0000] {processor.py:836} INFO - DAG(s) dict_keys(['extract_dag']) retrieved from /workspaces/hands-on-introduction-data-engineering-4395021/airflow/dags/extract_dag.py
[2026-09-17T08:33:37.629+0000] {logging_mixin.py:150} INFO - [2026-09-17T08:33:37.629+0000] {dag.py:2742} INFO - Sync 1 DAGs
[2026-09-17T08:33:37.644+0000] {logging_mixin.py:150} INFO - [2026-09-17T08:33:37.644+0000] {dag.py:3504} INFO - Setting next_dagrun for extract_dag to None, run_after=None
[2026-09-17T08:33:37.659+0000] {processor.py:179} INFO - Processing /workspaces/hands-on-introduction-data-engineering-4395021/airflow/dags/extract_dag.py took 0.061 seconds
[2026-09-17T08:34:08.072+0000] {processor.py:157} INFO - Started process (PID=10624) to work on /workspaces/hands-on-introduction-data-engineering-4395021/airflow/dags/extract_dag.py
[2026-09-17T08:34:08.072+0000] {processor.py:826} INFO - Processing file /workspaces/hands-on-introduction-data-engineering-4395021/airflow/dags/extract_dag.py for tasks to queue
[2026-09-17T08:34:08.073+0000] {logging_mixin.py:150} INFO - [2026-09-17T08:34:08.073+0000] {dagbag.py:541} INFO - Filling up the DagBag from /workspaces/hands-on-introduction-data-engineering-4395021/airflow/dags/extract_dag.py
[2026-09-17T08:34:08.081+0000] {processor.py:836} INFO - DAG(s) dict_keys(['extract_dag']) retrieved from /workspaces/hands-on-introduction-data-engineering-4395021/airflow/dags/extract_dag.py
[2026-09-17T08:34:08.098+0000] {logging_mixin.py:150} INFO - [2026-09-17T08:34:08.098+0000] {dag.py:2742} INFO - Sync 1 DAGs
[2026-09-17T08:34:08.112+0000] {logging_mixin.py:150} INFO - [2026-09-17T08:34:08.112+0000] {dag.py:3504} INFO - Setting next_dagrun for extract_dag to None, run_after=None
[2026-09-17T08:34:08.128+0000] {processor.py:179} INFO - Processing /workspaces/hands-on-introduction-data-engineering-4395021/airflow/dags/extract_dag.py took 0.059 seconds
[2026-09-17T08:34:38.542+0000] {processor.py:157} INFO - Started process (PID=11182) to work on /workspaces/hands-on-introduction-data-engineering-4395021/airflow/dags/extract_dag.py
[2026-09-17T08:34:38.543+0000] {processor.py:826} INFO - Processing file /workspaces/hands-on-introduction-data-engineering-4395021/airflow/dags/extract_dag.py for tasks to queue
[2026-09-17T08:34:38.544+0000] {logging_mixin.py:150} INFO - [2026-09-17T08:34:38.543+0000] {dagbag.py:541} INFO - Filling up the DagBag from /workspaces/hands-on-introduction-data-engineering-4395021/airflow/dags/extract_dag.py
[2026-09-17T08:34:38.552+0000] {processor.py:836} INFO - DAG(s) dict_keys(['extract_dag']) retrieved from /workspaces/hands-on-introduction-data-engineering-4395021/airflow/dags/extract_dag.py
[2026-09-17T08:34:38.568+0000] {logging_mixin.py:150} INFO - [2026-09-17T08:34:38.568+0000] {dag.py:2742} INFO - Sync 1 DAGs
[2026-09-17T08:34:38.583+0000] {logging_mixin.py:150} INFO - [2026-09-17T08:34:38.583+0000] {dag.py:3504} INFO - Setting next_dagrun for extract_dag to None, run_after=None
[2026-09-17T08:34:38.599+0000] {processor.py:179} INFO - Processing /workspaces/hands-on-introduction-data-engineering-4395021/airflow/dags/extract_dag.py took 0.060 seconds
[2026-09-17T08:35:09.018+0000] {processor.py:157} INFO - Started process (PID=11820) to work on /workspaces/hands-on-introduction-data-engineering-4395021/airflow/dags/extract_dag.py
[2026-09-17T08:35:09.019+0000] {processor.py:826} INFO - Processing file /workspaces/hands-on-introduction-data-engineering-4395021/airflow/dags/extract_dag.py for tasks to queue
[2026-09-17T08:35:09.020+0000] {logging_mixin.py:150} INFO - [2026-09-17T08:35:09.019+0000] {dagbag.py:541} INFO - Filling up the DagBag from /workspaces/hands-on-introduction-data-engineering-4395021/airflow/dags/extract_dag.py
[2026-09-17T08:35:09.028+0000] {processor.py:836} INFO - DAG(s) dict_keys(['extract_dag']) retrieved from /workspaces/hands-on-introduction-data-engineering-4395021/airflow/dags/extract_dag.py
[2026-09-17T08:35:09.044+0000] {logging_mixin.py:150} INFO - [2026-09-17T08:35:09.044+0000] {dag.py:2742} INFO - Sync 1 DAGs
[2026-09-17T08:35:09.059+0000] {logging_mixin.py:150} INFO - [2026-09-17T08:35:09.059+0000] {dag.py:3504} INFO - Setting next_dagrun for extract_dag to None, run_after=None
[2026-09-17T08:35:09.074+0000] {processor.py:179} INFO - Processing /workspaces/hands-on-introduction-data-engineering-4395021/airflow/dags/extract_dag.py took 0.058 seconds
[2026-09-17T08:35:39.488+0000] {processor.py:157} INFO - Started process (PID=12305) to work on /workspaces/hands-on-introduction-data-engineering-4395021/airflow/dags/extract_dag.py
[2026-09-17T08:35:39.489+0000] {processor.py:826} INFO - Processing file /workspaces/hands-on-introduction-data-engineering-4395021/airflow/dags/extract_dag.py for tasks to queue
[2026-09-17T08:35:39.489+0000] {logging_mixin.py:150} INFO - [2026-09-17T08:35:39.489+0000] {dagbag.py:541} INFO - Filling up the DagBag from /workspaces/hands-on-introduction-data-engineering-4395021/airflow/dags/extract_dag.py
[2026-09-17T08:35:39.498+0000] {processor.py:836} INFO - DAG(s) dict_keys(['extract_dag']) retrieved from /workspaces/hands-on-introduction-data-engineering-4395021/airflow/dags/extract_dag.py
[2026-09-17T08:35:39.515+0000] {logging_mixin.py:150} INFO - [2026-09-17T08:35:39.514+0000] {dag.py:2742} INFO - Sync 1 DAGs
[2026-09-17T08:35:39.529+0000] {logging_mixin.py:150} INFO - [2026-09-17T08:35:39.529+0000] {dag.py:3504} INFO - Setting next_dagrun for extract_dag to None, run_after=None
[2026-09-17T08:35:39.546+0000] {processor.py:179} INFO - Processing /workspaces/hands-on-introduction-data-engineering-4395021/airflow/dags/extract_dag.py took 0.061 seconds
[2026-09-17T08:36:09.956+0000] {processor.py:157} INFO - Started process (PID=12494) to work on /workspaces/hands-on-introduction-data-engineering-4395021/airflow/dags/extract_dag.py
[2026-09-17T08:36:09.957+0000] {processor.py:826} INFO - Processing file /workspaces/hands-on-introduction-data-engineering-4395021/airflow/dags/extract_dag.py for tasks to queue
[2026-09-17T08:36:09.958+0000] {logging_mixin.py:150} INFO - [2026-09-17T08:36:09.957+0000] {dagbag.py:541} INFO - Filling up the DagBag from /workspaces/hands-on-introduction-data-engineering-4395021/airflow/dags/extract_dag.py
[2026-09-17T08:36:09.968+0000] {processor.py:836} INFO - DAG(s) dict_keys(['extract_dag']) retrieved from /workspaces/hands-on-introduction-data-engineering-4395021/airflow/dags/extract_dag.py
[2026-09-17T08:36:09.984+0000] {logging_mixin.py:150} INFO - [2026-09-17T08:36:09.984+0000] {dag.py:2742} INFO - Sync 1 DAGs
[2026-09-17T08:36:09.998+0000] {logging_mixin.py:150} INFO - [2026-09-17T08:36:09.998+0000] {dag.py:3504} INFO - Setting next_dagrun for extract_dag to None, run_after=None
[2026-09-17T08:36:10.013+0000] {processor.py:179} INFO - Processing /workspaces/hands-on-introduction-data-engineering-4395021/airflow/dags/extract_dag.py took 0.060 seconds
[2026-09-17T08:36:40.429+0000] {processor.py:157} INFO - Started process (PID=12839) to work on /workspaces/hands-on-introduction-data-engineering-4395021/airflow/dags/extract_dag.py
[2026-09-17T08:36:40.430+0000] {processor.py:826} INFO - Processing file /workspaces/hands-on-introduction-data-engineering-4395021/airflow/dags/extract_dag.py for tasks to queue
[2026-09-17T08:36:40.431+0000] {logging_mixin.py:150} INFO - [2026-09-17T08:36:40.430+0000] {dagbag.py:541} INFO - Filling up the DagBag from /workspaces/hands-on-introduction-data-engineering-4395021/airflow/dags/extract_dag.py
[2026-09-17T08:36:40.439+0000] {processor.py:836} INFO - DAG(s) dict_keys(['extract_dag']) retrieved from /workspaces/hands-on-introduction-data-engineering-4395021/airflow/dags/extract_dag.py
[2026-09-17T08:36:40.455+0000] {logging_mixin.py:150} INFO - [2026-09-17T08:36:40.455+0000] {dag.py:2742} INFO - Sync 1 DAGs
[2026-09-17T08:36:40.470+0000] {logging_mixin.py:150} INFO - [2026-09-17T08:36:40.470+0000] {dag.py:3504} INFO - Setting next_dagrun for extract_dag to None, run_after=None
[2026-09-17T08:36:40.490+0000] {processor.py:179} INFO - Processing /workspaces/hands-on-introduction-data-engineering-4395021/airflow/dags/extract_dag.py took 0.063 seconds
[2026-09-17T08:37:10.918+0000] {processor.py:157} INFO - Started process (PID=13266) to work on /workspaces/hands-on-introduction-data-engineering-4395021/airflow/dags/extract_dag.py
[2026-09-17T08:37:10.919+0000] {processor.py:826} INFO - Processing file /workspaces/hands-on-introduction-data-engineering-4395021/airflow/dags/extract_dag.py for tasks to queue
[2026-09-17T08:37:10.920+0000] {logging_mixin.py:150} INFO - [2026-09-17T08:37:10.920+0000] {dagbag.py:541} INFO - Filling up the DagBag from /workspaces/hands-on-introduction-data-engineering-4395021/airflow/dags/extract_dag.py
[2026-09-17T08:37:10.931+0000] {processor.py:836} INFO - DAG(s) dict_keys(['extract_dag']) retrieved from /workspaces/hands-on-introduction-data-engineering-4395021/airflow/dags/extract_dag.py
[2026-09-17T08:37:10.959+0000] {logging_mixin.py:150} INFO - [2026-09-17T08:37:10.958+0000] {dag.py:2742} INFO - Sync 1 DAGs
[2026-09-17T08:37:10.975+0000] {logging_mixin.py:150} INFO - [2026-09-17T08:37:10.974+0000] {dag.py:3504} INFO - Setting next_dagrun for extract_dag to None, run_after=None
[2026-09-17T08:37:10.992+0000] {processor.py:179} INFO - Processing /workspaces/hands-on-introduction-data-engineering-4395021/airflow/dags/extract_dag.py took 0.078 seconds
[2026-09-17T08:37:41.382+0000] {processor.py:157} INFO - Started process (PID=13528) to work on /workspaces/hands-on-introduction-data-engineering-4395021/airflow/dags/extract_dag.py
[2026-09-17T08:37:41.383+0000] {processor.py:826} INFO - Processing file /workspaces/hands-on-introduction-data-engineering-4395021/airflow/dags/extract_dag.py for tasks to queue
[2026-09-17T08:37:41.384+0000] {logging_mixin.py:150} INFO - [2026-09-17T08:37:41.384+0000] {dagbag.py:541} INFO - Filling up the DagBag from /workspaces/hands-on-introduction-data-engineering-4395021/airflow/dags/extract_dag.py
[2026-09-17T08:37:41.392+0000] {processor.py:836} INFO - DAG(s) dict_keys(['extract_dag']) retrieved from /workspaces/hands-on-introduction-data-engineering-4395021/airflow/dags/extract_dag.py
[2026-09-17T08:37:41.408+0000] {logging_mixin.py:150} INFO - [2026-09-17T08:37:41.408+0000] {dag.py:2742} INFO - Sync 1 DAGs
[2026-09-17T08:37:41.422+0000] {logging_mixin.py:150} INFO - [2026-09-17T08:37:41.422+0000] {dag.py:3504} INFO - Setting next_dagrun for extract_dag to None, run_after=None
[2026-09-17T08:37:41.437+0000] {processor.py:179} INFO - Processing /workspaces/hands-on-introduction-data-engineering-4395021/airflow/dags/extract_dag.py took 0.057 seconds
[2026-09-17T08:38:11.860+0000] {processor.py:157} INFO - Started process (PID=14096) to work on /workspaces/hands-on-introduction-data-engineering-4395021/airflow/dags/extract_dag.py
[2026-09-17T08:38:11.861+0000] {processor.py:826} INFO - Processing file /workspaces/hands-on-introduction-data-engineering-4395021/airflow/dags/extract_dag.py for tasks to queue
[2026-09-17T08:38:11.862+0000] {logging_mixin.py:150} INFO - [2026-09-17T08:38:11.862+0000] {dagbag.py:541} INFO - Filling up the DagBag from /workspaces/hands-on-introduction-data-engineering-4395021/airflow/dags/extract_dag.py
[2026-09-17T08:38:11.873+0000] {processor.py:836} INFO - DAG(s) dict_keys(['extract_dag']) retrieved from /workspaces/hands-on-introduction-data-engineering-4395021/airflow/dags/extract_dag.py
[2026-09-17T08:38:11.889+0000] {logging_mixin.py:150} INFO - [2026-09-17T08:38:11.889+0000] {dag.py:2742} INFO - Sync 1 DAGs
[2026-09-17T08:38:11.903+0000] {logging_mixin.py:150} INFO - [2026-09-17T08:38:11.903+0000] {dag.py:3504} INFO - Setting next_dagrun for extract_dag to None, run_after=None
[2026-09-17T08:38:11.919+0000] {processor.py:179} INFO - Processing /workspaces/hands-on-introduction-data-engineering-4395021/airflow/dags/extract_dag.py took 0.063 seconds
[2026-09-17T08:38:42.348+0000] {processor.py:157} INFO - Started process (PID=14611) to work on /workspaces/hands-on-introduction-data-engineering-4395021/airflow/dags/extract_dag.py
[2026-09-17T08:38:42.349+0000] {processor.py:826} INFO - Processing file /workspaces/hands-on-introduction-data-engineering-4395021/airflow/dags/extract_dag.py for tasks to queue
[2026-09-17T08:38:42.349+0000] {logging_mixin.py:150} INFO - [2026-09-17T08:38:42.349+0000] {dagbag.py:541} INFO - Filling up the DagBag from /workspaces/hands-on-introduction-data-engineering-4395021/airflow/dags/extract_dag.py
[2026-09-17T08:38:42.358+0000] {processor.py:836} INFO - DAG(s) dict_keys(['extract_dag']) retrieved from /workspaces/hands-on-introduction-data-engineering-4395021/airflow/dags/extract_dag.py
[2026-09-17T08:38:42.375+0000] {logging_mixin.py:150} INFO - [2026-09-17T08:38:42.375+0000] {dag.py:2742} INFO - Sync 1 DAGs
[2026-09-17T08:38:42.390+0000] {logging_mixin.py:150} INFO - [2026-09-17T08:38:42.389+0000] {dag.py:3504} INFO - Setting next_dagrun for extract_dag to None, run_after=None
[2026-09-17T08:38:42.405+0000] {processor.py:179} INFO - Processing /workspaces/hands-on-introduction-data-engineering-4395021/airflow/dags/extract_dag.py took 0.060 seconds
[2026-09-17T08:39:12.922+0000] {processor.py:157} INFO - Started process (PID=14808) to work on /workspaces/hands-on-introduction-data-engineering-4395021/airflow/dags/extract_dag.py
[2026-09-17T08:39:12.923+0000] {processor.py:826} INFO - Processing file /workspaces/hands-on-introduction-data-engineering-4395021/airflow/dags/extract_dag.py for tasks to queue
[2026-09-17T08:39:12.924+0000] {logging_mixin.py:150} INFO - [2026-09-17T08:39:12.924+0000] {dagbag.py:541} INFO - Filling up the DagBag from /workspaces/hands-on-introduction-data-engineering-4395021/airflow/dags/extract_dag.py
[2026-09-17T08:39:12.933+0000] {processor.py:836} INFO - DAG(s) dict_keys(['extract_dag']) retrieved from /workspaces/hands-on-introduction-data-engineering-4395021/airflow/dags/extract_dag.py
[2026-09-17T08:39:12.950+0000] {logging_mixin.py:150} INFO - [2026-09-17T08:39:12.950+0000] {dag.py:2742} INFO - Sync 1 DAGs
[2026-09-17T08:39:12.966+0000] {logging_mixin.py:150} INFO - [2026-09-17T08:39:12.966+0000] {dag.py:3504} INFO - Setting next_dagrun for extract_dag to None, run_after=None
[2026-09-17T08:39:12.982+0000] {processor.py:179} INFO - Processing /workspaces/hands-on-introduction-data-engineering-4395021/airflow/dags/extract_dag.py took 0.062 seconds
[2026-09-17T08:39:43.396+0000] {processor.py:157} INFO - Started process (PID=15234) to work on /workspaces/hands-on-introduction-data-engineering-4395021/airflow/dags/extract_dag.py
[2026-09-17T08:39:43.396+0000] {processor.py:826} INFO - Processing file /workspaces/hands-on-introduction-data-engineering-4395021/airflow/dags/extract_dag.py for tasks to queue
[2026-09-17T08:39:43.397+0000] {logging_mixin.py:150} INFO - [2026-09-17T08:39:43.397+0000] {dagbag.py:541} INFO - Filling up the DagBag from /workspaces/hands-on-introduction-data-engineering-4395021/airflow/dags/extract_dag.py
[2026-09-17T08:39:43.406+0000] {processor.py:836} INFO - DAG(s) dict_keys(['extract_dag']) retrieved from /workspaces/hands-on-introduction-data-engineering-4395021/airflow/dags/extract_dag.py
[2026-09-17T08:39:43.422+0000] {logging_mixin.py:150} INFO - [2026-09-17T08:39:43.422+0000] {dag.py:2742} INFO - Sync 1 DAGs
[2026-09-17T08:39:43.436+0000] {logging_mixin.py:150} INFO - [2026-09-17T08:39:43.436+0000] {dag.py:3504} INFO - Setting next_dagrun for extract_dag to None, run_after=None
[2026-09-17T08:39:43.452+0000] {processor.py:179} INFO - Processing /workspaces/hands-on-introduction-data-engineering-4395021/airflow/dags/extract_dag.py took 0.059 seconds
[2026-09-17T08:40:13.867+0000] {processor.py:157} INFO - Started process (PID=15892) to work on /workspaces/hands-on-introduction-data-engineering-4395021/airflow/dags/extract_dag.py
[2026-09-17T08:40:13.868+0000] {processor.py:826} INFO - Processing file /workspaces/hands-on-introduction-data-engineering-4395021/airflow/dags/extract_dag.py for tasks to queue
[2026-09-17T08:40:13.869+0000] {logging_mixin.py:150} INFO - [2026-09-17T08:40:13.868+0000] {dagbag.py:541} INFO - Filling up the DagBag from /workspaces/hands-on-introduction-data-engineering-4395021/airflow/dags/extract_dag.py
[2026-09-17T08:40:13.880+0000] {processor.py:836} INFO - DAG(s) dict_keys(['extract_dag']) retrieved from /workspaces/hands-on-introduction-data-engineering-4395021/airflow/dags/extract_dag.py
[2026-09-17T08:40:13.902+0000] {logging_mixin.py:150} INFO - [2026-09-17T08:40:13.901+0000] {dag.py:2742} INFO - Sync 1 DAGs
[2026-09-17T08:40:13.925+0000] {logging_mixin.py:150} INFO - [2026-09-17T08:40:13.924+0000] {dag.py:3504} INFO - Setting next_dagrun for extract_dag to None, run_after=None
[2026-09-17T08:40:13.953+0000] {processor.py:179} INFO - Processing /workspaces/hands-on-introduction-data-engineering-4395021/airflow/dags/extract_dag.py took 0.089 seconds
[2026-09-17T08:40:44.335+0000] {processor.py:157} INFO - Started process (PID=16491) to work on /workspaces/hands-on-introduction-data-engineering-4395021/airflow/dags/extract_dag.py
[2026-09-17T08:40:44.336+0000] {processor.py:826} INFO - Processing file /workspaces/hands-on-introduction-data-engineering-4395021/airflow/dags/extract_dag.py for tasks to queue
[2026-09-17T08:40:44.337+0000] {logging_mixin.py:150} INFO - [2026-09-17T08:40:44.336+0000] {dagbag.py:541} INFO - Filling up the DagBag from /workspaces/hands-on-introduction-data-engineering-4395021/airflow/dags/extract_dag.py
[2026-09-17T08:40:44.345+0000] {processor.py:836} INFO - DAG(s) dict_keys(['extract_dag']) retrieved from /workspaces/hands-on-introduction-data-engineering-4395021/airflow/dags/extract_dag.py
[2026-09-17T08:40:44.361+0000] {logging_mixin.py:150} INFO - [2026-09-17T08:40:44.361+0000] {dag.py:2742} INFO - Sync 1 DAGs
[2026-09-17T08:40:44.376+0000] {logging_mixin.py:150} INFO - [2026-09-17T08:40:44.376+0000] {dag.py:3504} INFO - Setting next_dagrun for extract_dag to None, run_after=None
[2026-09-17T08:40:44.393+0000] {processor.py:179} INFO - Processing /workspaces/hands-on-introduction-data-engineering-4395021/airflow/dags/extract_dag.py took 0.060 seconds
[2026-09-17T08:41:14.807+0000] {processor.py:157} INFO - Started process (PID=16871) to work on /workspaces/hands-on-introduction-data-engineering-4395021/airflow/dags/extract_dag.py
[2026-09-17T08:41:14.808+0000] {processor.py:826} INFO - Processing file /workspaces/hands-on-introduction-data-engineering-4395021/airflow/dags/extract_dag.py for tasks to queue
[2026-09-17T08:41:14.809+0000] {logging_mixin.py:150} INFO - [2026-09-17T08:41:14.808+0000] {dagbag.py:541} INFO - Filling up the DagBag from /workspaces/hands-on-introduction-data-engineering-4395021/airflow/dags/extract_dag.py
[2026-09-17T08:41:14.818+0000] {processor.py:836} INFO - DAG(s) dict_keys(['extract_dag']) retrieved from /workspaces/hands-on-introduction-data-engineering-4395021/airflow/dags/extract_dag.py
[2026-09-17T08:41:14.834+0000] {logging_mixin.py:150} INFO - [2026-09-17T08:41:14.834+0000] {dag.py:2742} INFO - Sync 1 DAGs
[2026-09-17T08:41:14.849+0000] {logging_mixin.py:150} INFO - [2026-09-17T08:41:14.849+0000] {dag.py:3504} INFO - Setting next_dagrun for extract_dag to None, run_after=None
[2026-09-17T08:41:14.865+0000] {processor.py:179} INFO - Processing /workspaces/hands-on-introduction-data-engineering-4395021/airflow/dags/extract_dag.py took 0.060 seconds
[2026-09-17T08:41:45.277+0000] {processor.py:157} INFO - Started process (PID=17231) to work on /workspaces/hands-on-introduction-data-engineering-4395021/airflow/dags/extract_dag.py
[2026-09-17T08:41:45.278+0000] {processor.py:826} INFO - Processing file /workspaces/hands-on-introduction-data-engineering-4395021/airflow/dags/extract_dag.py for tasks to queue
[2026-09-17T08:41:45.278+0000] {logging_mixin.py:150} INFO - [2026-09-17T08:41:45.278+0000] {dagbag.py:541} INFO - Filling up the DagBag from /workspaces/hands-on-introduction-data-engineering-4395021/airflow/dags/extract_dag.py
[2026-09-17T08:41:45.287+0000] {processor.py:836} INFO - DAG(s) dict_keys(['extract_dag']) retrieved from /workspaces/hands-on-introduction-data-engineering-4395021/airflow/dags/extract_dag.py
[2026-09-17T08:41:45.303+0000] {logging_mixin.py:150} INFO - [2026-09-17T08:41:45.303+0000] {dag.py:2742} INFO - Sync 1 DAGs
[2026-09-17T08:41:45.326+0000] {logging_mixin.py:150} INFO - [2026-09-17T08:41:45.325+0000] {dag.py:3504} INFO - Setting next_dagrun for extract_dag to None, run_after=None
[2026-09-17T08:41:45.349+0000] {processor.py:179} INFO - Processing /workspaces/hands-on-introduction-data-engineering-4395021/airflow/dags/extract_dag.py took 0.075 seconds
[2026-09-17T08:42:15.746+0000] {processor.py:157} INFO - Started process (PID=17523) to work on /workspaces/hands-on-introduction-data-engineering-4395021/airflow/dags/extract_dag.py
[2026-09-17T08:42:15.746+0000] {processor.py:826} INFO - Processing file /workspaces/hands-on-introduction-data-engineering-4395021/airflow/dags/extract_dag.py for tasks to queue
[2026-09-17T08:42:15.747+0000] {logging_mixin.py:150} INFO - [2026-09-17T08:42:15.747+0000] {dagbag.py:541} INFO - Filling up the DagBag from /workspaces/hands-on-introduction-data-engineering-4395021/airflow/dags/extract_dag.py
[2026-09-17T08:42:15.755+0000] {processor.py:836} INFO - DAG(s) dict_keys(['extract_dag']) retrieved from /workspaces/hands-on-introduction-data-engineering-4395021/airflow/dags/extract_dag.py
[2026-09-17T08:42:15.772+0000] {logging_mixin.py:150} INFO - [2026-09-17T08:42:15.771+0000] {dag.py:2742} INFO - Sync 1 DAGs
[2026-09-17T08:42:15.786+0000] {logging_mixin.py:150} INFO - [2026-09-17T08:42:15.786+0000] {dag.py:3504} INFO - Setting next_dagrun for extract_dag to None, run_after=None
[2026-09-17T08:42:15.804+0000] {processor.py:179} INFO - Processing /workspaces/hands-on-introduction-data-engineering-4395021/airflow/dags/extract_dag.py took 0.061 seconds
[2026-09-17T08:42:46.216+0000] {processor.py:157} INFO - Started process (PID=18008) to work on /workspaces/hands-on-introduction-data-engineering-4395021/airflow/dags/extract_dag.py
[2026-09-17T08:42:46.217+0000] {processor.py:826} INFO - Processing file /workspaces/hands-on-introduction-data-engineering-4395021/airflow/dags/extract_dag.py for tasks to queue
[2026-09-17T08:42:46.217+0000] {logging_mixin.py:150} INFO - [2026-09-17T08:42:46.217+0000] {dagbag.py:541} INFO - Filling up the DagBag from /workspaces/hands-on-introduction-data-engineering-4395021/airflow/dags/extract_dag.py
[2026-09-17T08:42:46.226+0000] {processor.py:836} INFO - DAG(s) dict_keys(['extract_dag']) retrieved from /workspaces/hands-on-introduction-data-engineering-4395021/airflow/dags/extract_dag.py
[2026-09-17T08:42:46.243+0000] {logging_mixin.py:150} INFO - [2026-09-17T08:42:46.242+0000] {dag.py:2742} INFO - Sync 1 DAGs
[2026-09-17T08:42:46.257+0000] {logging_mixin.py:150} INFO - [2026-09-17T08:42:46.257+0000] {dag.py:3504} INFO - Setting next_dagrun for extract_dag to None, run_after=None
[2026-09-17T08:42:46.273+0000] {processor.py:179} INFO - Processing /workspaces/hands-on-introduction-data-engineering-4395021/airflow/dags/extract_dag.py took 0.059 seconds
[2026-09-17T08:43:16.790+0000] {processor.py:157} INFO - Started process (PID=18211) to work on /workspaces/hands-on-introduction-data-engineering-4395021/airflow/dags/extract_dag.py
[2026-09-17T08:43:16.791+0000] {processor.py:826} INFO - Processing file /workspaces/hands-on-introduction-data-engineering-4395021/airflow/dags/extract_dag.py for tasks to queue
[2026-09-17T08:43:16.792+0000] {logging_mixin.py:150} INFO - [2026-09-17T08:43:16.792+0000] {dagbag.py:541} INFO - Filling up the DagBag from /workspaces/hands-on-introduction-data-engineering-4395021/airflow/dags/extract_dag.py
[2026-09-17T08:43:16.800+0000] {processor.py:836} INFO - DAG(s) dict_keys(['extract_dag']) retrieved from /workspaces/hands-on-introduction-data-engineering-4395021/airflow/dags/extract_dag.py
[2026-09-17T08:43:16.817+0000] {logging_mixin.py:150} INFO - [2026-09-17T08:43:16.817+0000] {dag.py:2742} INFO - Sync 1 DAGs
[2026-09-17T08:43:16.831+0000] {logging_mixin.py:150} INFO - [2026-09-17T08:43:16.831+0000] {dag.py:3504} INFO - Setting next_dagrun for extract_dag to None, run_after=None
[2026-09-17T08:43:16.848+0000] {processor.py:179} INFO - Processing /workspaces/hands-on-introduction-data-engineering-4395021/airflow/dags/extract_dag.py took 0.060 seconds
[2026-09-17T08:43:47.276+0000] {processor.py:157} INFO - Started process (PID=18418) to work on /workspaces/hands-on-introduction-data-engineering-4395021/airflow/dags/extract_dag.py
[2026-09-17T08:43:47.277+0000] {processor.py:826} INFO - Processing file /workspaces/hands-on-introduction-data-engineering-4395021/airflow/dags/extract_dag.py for tasks to queue
[2026-09-17T08:43:47.277+0000] {logging_mixin.py:150} INFO - [2026-09-17T08:43:47.277+0000] {dagbag.py:541} INFO - Filling up the DagBag from /workspaces/hands-on-introduction-data-engineering-4395021/airflow/dags/extract_dag.py
[2026-09-17T08:43:47.286+0000] {processor.py:836} INFO - DAG(s) dict_keys(['extract_dag']) retrieved from /workspaces/hands-on-introduction-data-engineering-4395021/airflow/dags/extract_dag.py
[2026-09-17T08:43:47.302+0000] {logging_mixin.py:150} INFO - [2026-09-17T08:43:47.302+0000] {dag.py:2742} INFO - Sync 1 DAGs
[2026-09-17T08:43:47.316+0000] {logging_mixin.py:150} INFO - [2026-09-17T08:43:47.316+0000] {dag.py:3504} INFO - Setting next_dagrun for extract_dag to None, run_after=None
[2026-09-17T08:43:47.332+0000] {processor.py:179} INFO - Processing /workspaces/hands-on-introduction-data-engineering-4395021/airflow/dags/extract_dag.py took 0.058 seconds
[2026-09-17T08:44:18.039+0000] {processor.py:157} INFO - Started process (PID=18760) to work on /workspaces/hands-on-introduction-data-engineering-4395021/airflow/dags/extract_dag.py
[2026-09-17T08:44:18.040+0000] {processor.py:826} INFO - Processing file /workspaces/hands-on-introduction-data-engineering-4395021/airflow/dags/extract_dag.py for tasks to queue
[2026-09-17T08:44:18.040+0000] {logging_mixin.py:150} INFO - [2026-09-17T08:44:18.040+0000] {dagbag.py:541} INFO - Filling up the DagBag from /workspaces/hands-on-introduction-data-engineering-4395021/airflow/dags/extract_dag.py
[2026-09-17T08:44:18.049+0000] {processor.py:836} INFO - DAG(s) dict_keys(['extract_dag']) retrieved from /workspaces/hands-on-introduction-data-engineering-4395021/airflow/dags/extract_dag.py
[2026-09-17T08:44:18.065+0000] {logging_mixin.py:150} INFO - [2026-09-17T08:44:18.065+0000] {dag.py:2742} INFO - Sync 1 DAGs
[2026-09-17T08:44:18.080+0000] {logging_mixin.py:150} INFO - [2026-09-17T08:44:18.079+0000] {dag.py:3504} INFO - Setting next_dagrun for extract_dag to None, run_after=None
[2026-09-17T08:44:18.098+0000] {processor.py:179} INFO - Processing /workspaces/hands-on-introduction-data-engineering-4395021/airflow/dags/extract_dag.py took 0.062 seconds
[2026-09-17T09:16:29.222+0000] {processor.py:157} INFO - Started process (PID=32074) to work on /workspaces/hands-on-introduction-data-engineering-4395021/airflow/dags/extract_dag.py
[2026-09-17T09:16:29.226+0000] {processor.py:826} INFO - Processing file /workspaces/hands-on-introduction-data-engineering-4395021/airflow/dags/extract_dag.py for tasks to queue
[2026-09-17T09:16:29.227+0000] {logging_mixin.py:150} INFO - [2026-09-17T09:16:29.227+0000] {dagbag.py:541} INFO - Filling up the DagBag from /workspaces/hands-on-introduction-data-engineering-4395021/airflow/dags/extract_dag.py
[2026-09-17T09:16:29.235+0000] {processor.py:836} INFO - DAG(s) dict_keys(['extract_dag']) retrieved from /workspaces/hands-on-introduction-data-engineering-4395021/airflow/dags/extract_dag.py
[2026-09-17T09:16:29.251+0000] {logging_mixin.py:150} INFO - [2026-09-17T09:16:29.251+0000] {dag.py:2742} INFO - Sync 1 DAGs
[2026-09-17T09:16:29.266+0000] {logging_mixin.py:150} INFO - [2026-09-17T09:16:29.266+0000] {dag.py:3504} INFO - Setting next_dagrun for extract_dag to None, run_after=None
[2026-09-17T09:16:29.282+0000] {processor.py:179} INFO - Processing /workspaces/hands-on-introduction-data-engineering-4395021/airflow/dags/extract_dag.py took 0.063 seconds
[2026-09-17T09:16:59.905+0000] {processor.py:157} INFO - Started process (PID=32323) to work on /workspaces/hands-on-introduction-data-engineering-4395021/airflow/dags/extract_dag.py
[2026-09-17T09:16:59.906+0000] {processor.py:826} INFO - Processing file /workspaces/hands-on-introduction-data-engineering-4395021/airflow/dags/extract_dag.py for tasks to queue
[2026-09-17T09:16:59.907+0000] {logging_mixin.py:150} INFO - [2026-09-17T09:16:59.907+0000] {dagbag.py:541} INFO - Filling up the DagBag from /workspaces/hands-on-introduction-data-engineering-4395021/airflow/dags/extract_dag.py
[2026-09-17T09:16:59.918+0000] {processor.py:836} INFO - DAG(s) dict_keys(['extract_dag']) retrieved from /workspaces/hands-on-introduction-data-engineering-4395021/airflow/dags/extract_dag.py
[2026-09-17T09:16:59.935+0000] {logging_mixin.py:150} INFO - [2026-09-17T09:16:59.935+0000] {dag.py:2742} INFO - Sync 1 DAGs
[2026-09-17T09:16:59.950+0000] {logging_mixin.py:150} INFO - [2026-09-17T09:16:59.950+0000] {dag.py:3504} INFO - Setting next_dagrun for extract_dag to None, run_after=None
[2026-09-17T09:16:59.969+0000] {processor.py:179} INFO - Processing /workspaces/hands-on-introduction-data-engineering-4395021/airflow/dags/extract_dag.py took 0.069 seconds
[2026-09-17T09:17:30.888+0000] {processor.py:157} INFO - Started process (PID=32556) to work on /workspaces/hands-on-introduction-data-engineering-4395021/airflow/dags/extract_dag.py
[2026-09-17T09:17:30.891+0000] {processor.py:826} INFO - Processing file /workspaces/hands-on-introduction-data-engineering-4395021/airflow/dags/extract_dag.py for tasks to queue
[2026-09-17T09:17:30.892+0000] {logging_mixin.py:150} INFO - [2026-09-17T09:17:30.891+0000] {dagbag.py:541} INFO - Filling up the DagBag from /workspaces/hands-on-introduction-data-engineering-4395021/airflow/dags/extract_dag.py
[2026-09-17T09:17:30.919+0000] {processor.py:836} INFO - DAG(s) dict_keys(['extract_dag']) retrieved from /workspaces/hands-on-introduction-data-engineering-4395021/airflow/dags/extract_dag.py
[2026-09-17T09:17:30.964+0000] {logging_mixin.py:150} INFO - [2026-09-17T09:17:30.963+0000] {dag.py:2742} INFO - Sync 1 DAGs
[2026-09-17T09:17:30.986+0000] {logging_mixin.py:150} INFO - [2026-09-17T09:17:30.986+0000] {dag.py:3504} INFO - Setting next_dagrun for extract_dag to None, run_after=None
[2026-09-17T09:17:31.007+0000] {processor.py:179} INFO - Processing /workspaces/hands-on-introduction-data-engineering-4395021/airflow/dags/extract_dag.py took 0.125 seconds
[2026-09-17T09:18:02.224+0000] {processor.py:157} INFO - Started process (PID=32739) to work on /workspaces/hands-on-introduction-data-engineering-4395021/airflow/dags/extract_dag.py
[2026-09-17T09:18:02.225+0000] {processor.py:826} INFO - Processing file /workspaces/hands-on-introduction-data-engineering-4395021/airflow/dags/extract_dag.py for tasks to queue
[2026-09-17T09:18:02.225+0000] {logging_mixin.py:150} INFO - [2026-09-17T09:18:02.225+0000] {dagbag.py:541} INFO - Filling up the DagBag from /workspaces/hands-on-introduction-data-engineering-4395021/airflow/dags/extract_dag.py
[2026-09-17T09:18:02.235+0000] {processor.py:836} INFO - DAG(s) dict_keys(['extract_dag']) retrieved from /workspaces/hands-on-introduction-data-engineering-4395021/airflow/dags/extract_dag.py
[2026-09-17T09:18:02.251+0000] {logging_mixin.py:150} INFO - [2026-09-17T09:18:02.251+0000] {dag.py:2742} INFO - Sync 1 DAGs
[2026-09-17T09:18:02.266+0000] {logging_mixin.py:150} INFO - [2026-09-17T09:18:02.266+0000] {dag.py:3504} INFO - Setting next_dagrun for extract_dag to None, run_after=None
[2026-09-17T09:18:02.281+0000] {processor.py:179} INFO - Processing /workspaces/hands-on-introduction-data-engineering-4395021/airflow/dags/extract_dag.py took 0.060 seconds
[2026-09-17T09:18:33.566+0000] {processor.py:157} INFO - Started process (PID=32919) to work on /workspaces/hands-on-introduction-data-engineering-4395021/airflow/dags/extract_dag.py
[2026-09-17T09:18:33.567+0000] {processor.py:826} INFO - Processing file /workspaces/hands-on-introduction-data-engineering-4395021/airflow/dags/extract_dag.py for tasks to queue
[2026-09-17T09:18:33.568+0000] {logging_mixin.py:150} INFO - [2026-09-17T09:18:33.568+0000] {dagbag.py:541} INFO - Filling up the DagBag from /workspaces/hands-on-introduction-data-engineering-4395021/airflow/dags/extract_dag.py
[2026-09-17T09:18:33.578+0000] {processor.py:836} INFO - DAG(s) dict_keys(['extract_dag']) retrieved from /workspaces/hands-on-introduction-data-engineering-4395021/airflow/dags/extract_dag.py
[2026-09-17T09:18:33.602+0000] {logging_mixin.py:150} INFO - [2026-09-17T09:18:33.600+0000] {dag.py:2742} INFO - Sync 1 DAGs
[2026-09-17T09:18:33.624+0000] {logging_mixin.py:150} INFO - [2026-09-17T09:18:33.624+0000] {dag.py:3504} INFO - Setting next_dagrun for extract_dag to None, run_after=None
[2026-09-17T09:18:33.641+0000] {processor.py:179} INFO - Processing /workspaces/hands-on-introduction-data-engineering-4395021/airflow/dags/extract_dag.py took 0.078 seconds
[2026-09-17T09:19:04.405+0000] {processor.py:157} INFO - Started process (PID=33096) to work on /workspaces/hands-on-introduction-data-engineering-4395021/airflow/dags/extract_dag.py
[2026-09-17T09:19:04.406+0000] {processor.py:826} INFO - Processing file /workspaces/hands-on-introduction-data-engineering-4395021/airflow/dags/extract_dag.py for tasks to queue
[2026-09-17T09:19:04.407+0000] {logging_mixin.py:150} INFO - [2026-09-17T09:19:04.407+0000] {dagbag.py:541} INFO - Filling up the DagBag from /workspaces/hands-on-introduction-data-engineering-4395021/airflow/dags/extract_dag.py
[2026-09-17T09:19:04.418+0000] {processor.py:836} INFO - DAG(s) dict_keys(['extract_dag']) retrieved from /workspaces/hands-on-introduction-data-engineering-4395021/airflow/dags/extract_dag.py
[2026-09-17T09:19:04.435+0000] {logging_mixin.py:150} INFO - [2026-09-17T09:19:04.435+0000] {dag.py:2742} INFO - Sync 1 DAGs
[2026-09-17T09:19:04.449+0000] {logging_mixin.py:150} INFO - [2026-09-17T09:19:04.449+0000] {dag.py:3504} INFO - Setting next_dagrun for extract_dag to None, run_after=None
[2026-09-17T09:19:04.467+0000] {processor.py:179} INFO - Processing /workspaces/hands-on-introduction-data-engineering-4395021/airflow/dags/extract_dag.py took 0.067 seconds
[2026-09-17T09:19:36.232+0000] {processor.py:157} INFO - Started process (PID=33268) to work on /workspaces/hands-on-introduction-data-engineering-4395021/airflow/dags/extract_dag.py
[2026-09-17T09:19:36.233+0000] {processor.py:826} INFO - Processing file /workspaces/hands-on-introduction-data-engineering-4395021/airflow/dags/extract_dag.py for tasks to queue
[2026-09-17T09:19:36.234+0000] {logging_mixin.py:150} INFO - [2026-09-17T09:19:36.233+0000] {dagbag.py:541} INFO - Filling up the DagBag from /workspaces/hands-on-introduction-data-engineering-4395021/airflow/dags/extract_dag.py
[2026-09-17T09:19:36.242+0000] {processor.py:836} INFO - DAG(s) dict_keys(['extract_dag']) retrieved from /workspaces/hands-on-introduction-data-engineering-4395021/airflow/dags/extract_dag.py
[2026-09-17T09:19:36.258+0000] {logging_mixin.py:150} INFO - [2026-09-17T09:19:36.258+0000] {dag.py:2742} INFO - Sync 1 DAGs
[2026-09-17T09:19:36.272+0000] {logging_mixin.py:150} INFO - [2026-09-17T09:19:36.272+0000] {dag.py:3504} INFO - Setting next_dagrun for extract_dag to None, run_after=None
[2026-09-17T09:19:36.288+0000] {processor.py:179} INFO - Processing /workspaces/hands-on-introduction-data-engineering-4395021/airflow/dags/extract_dag.py took 0.058 seconds
[2026-09-17T09:20:06.660+0000] {processor.py:157} INFO - Started process (PID=33457) to work on /workspaces/hands-on-introduction-data-engineering-4395021/airflow/dags/extract_dag.py
[2026-09-17T09:20:06.661+0000] {processor.py:826} INFO - Processing file /workspaces/hands-on-introduction-data-engineering-4395021/airflow/dags/extract_dag.py for tasks to queue
[2026-09-17T09:20:06.661+0000] {logging_mixin.py:150} INFO - [2026-09-17T09:20:06.661+0000] {dagbag.py:541} INFO - Filling up the DagBag from /workspaces/hands-on-introduction-data-engineering-4395021/airflow/dags/extract_dag.py
[2026-09-17T09:20:06.671+0000] {processor.py:836} INFO - DAG(s) dict_keys(['extract_dag']) retrieved from /workspaces/hands-on-introduction-data-engineering-4395021/airflow/dags/extract_dag.py
[2026-09-17T09:20:06.687+0000] {logging_mixin.py:150} INFO - [2026-09-17T09:20:06.686+0000] {dag.py:2742} INFO - Sync 1 DAGs
[2026-09-17T09:20:06.701+0000] {logging_mixin.py:150} INFO - [2026-09-17T09:20:06.701+0000] {dag.py:3504} INFO - Setting next_dagrun for extract_dag to None, run_after=None
[2026-09-17T09:20:06.718+0000] {processor.py:179} INFO - Processing /workspaces/hands-on-introduction-data-engineering-4395021/airflow/dags/extract_dag.py took 0.060 seconds
[2026-09-17T09:20:36.857+0000] {processor.py:157} INFO - Started process (PID=33654) to work on /workspaces/hands-on-introduction-data-engineering-4395021/airflow/dags/extract_dag.py
[2026-09-17T09:20:36.857+0000] {processor.py:826} INFO - Processing file /workspaces/hands-on-introduction-data-engineering-4395021/airflow/dags/extract_dag.py for tasks to queue
[2026-09-17T09:20:36.858+0000] {logging_mixin.py:150} INFO - [2026-09-17T09:20:36.858+0000] {dagbag.py:541} INFO - Filling up the DagBag from /workspaces/hands-on-introduction-data-engineering-4395021/airflow/dags/extract_dag.py
[2026-09-17T09:20:36.867+0000] {processor.py:836} INFO - DAG(s) dict_keys(['extract_dag']) retrieved from /workspaces/hands-on-introduction-data-engineering-4395021/airflow/dags/extract_dag.py
[2026-09-17T09:20:36.882+0000] {logging_mixin.py:150} INFO - [2026-09-17T09:20:36.882+0000] {dag.py:2742} INFO - Sync 1 DAGs
[2026-09-17T09:20:36.896+0000] {logging_mixin.py:150} INFO - [2026-09-17T09:20:36.896+0000] {dag.py:3504} INFO - Setting next_dagrun for extract_dag to None, run_after=None
[2026-09-17T09:20:36.924+0000] {processor.py:179} INFO - Processing /workspaces/hands-on-introduction-data-engineering-4395021/airflow/dags/extract_dag.py took 0.070 seconds
[2026-09-17T09:21:08.220+0000] {processor.py:157} INFO - Started process (PID=33868) to work on /workspaces/hands-on-introduction-data-engineering-4395021/airflow/dags/extract_dag.py
[2026-09-17T09:21:08.221+0000] {processor.py:826} INFO - Processing file /workspaces/hands-on-introduction-data-engineering-4395021/airflow/dags/extract_dag.py for tasks to queue
[2026-09-17T09:21:08.221+0000] {logging_mixin.py:150} INFO - [2026-09-17T09:21:08.221+0000] {dagbag.py:541} INFO - Filling up the DagBag from /workspaces/hands-on-introduction-data-engineering-4395021/airflow/dags/extract_dag.py
[2026-09-17T09:21:08.230+0000] {processor.py:836} INFO - DAG(s) dict_keys(['extract_dag']) retrieved from /workspaces/hands-on-introduction-data-engineering-4395021/airflow/dags/extract_dag.py
[2026-09-17T09:21:08.246+0000] {logging_mixin.py:150} INFO - [2026-09-17T09:21:08.246+0000] {dag.py:2742} INFO - Sync 1 DAGs
[2026-09-17T09:21:08.261+0000] {logging_mixin.py:150} INFO - [2026-09-17T09:21:08.261+0000] {dag.py:3504} INFO - Setting next_dagrun for extract_dag to None, run_after=None
[2026-09-17T09:21:08.281+0000] {processor.py:179} INFO - Processing /workspaces/hands-on-introduction-data-engineering-4395021/airflow/dags/extract_dag.py took 0.064 seconds
[2026-09-17T09:21:38.728+0000] {processor.py:157} INFO - Started process (PID=34092) to work on /workspaces/hands-on-introduction-data-engineering-4395021/airflow/dags/extract_dag.py
[2026-09-17T09:21:38.729+0000] {processor.py:826} INFO - Processing file /workspaces/hands-on-introduction-data-engineering-4395021/airflow/dags/extract_dag.py for tasks to queue
[2026-09-17T09:21:38.729+0000] {logging_mixin.py:150} INFO - [2026-09-17T09:21:38.729+0000] {dagbag.py:541} INFO - Filling up the DagBag from /workspaces/hands-on-introduction-data-engineering-4395021/airflow/dags/extract_dag.py
[2026-09-17T09:21:38.738+0000] {processor.py:836} INFO - DAG(s) dict_keys(['extract_dag']) retrieved from /workspaces/hands-on-introduction-data-engineering-4395021/airflow/dags/extract_dag.py
[2026-09-17T09:21:38.754+0000] {logging_mixin.py:150} INFO - [2026-09-17T09:21:38.754+0000] {dag.py:2742} INFO - Sync 1 DAGs
[2026-09-17T09:21:38.769+0000] {logging_mixin.py:150} INFO - [2026-09-17T09:21:38.769+0000] {dag.py:3504} INFO - Setting next_dagrun for extract_dag to None, run_after=None
[2026-09-17T09:21:38.784+0000] {processor.py:179} INFO - Processing /workspaces/hands-on-introduction-data-engineering-4395021/airflow/dags/extract_dag.py took 0.059 seconds
[2026-09-17T09:22:09.235+0000] {processor.py:157} INFO - Started process (PID=34294) to work on /workspaces/hands-on-introduction-data-engineering-4395021/airflow/dags/extract_dag.py
[2026-09-17T09:22:09.236+0000] {processor.py:826} INFO - Processing file /workspaces/hands-on-introduction-data-engineering-4395021/airflow/dags/extract_dag.py for tasks to queue
[2026-09-17T09:22:09.237+0000] {logging_mixin.py:150} INFO - [2026-09-17T09:22:09.236+0000] {dagbag.py:541} INFO - Filling up the DagBag from /workspaces/hands-on-introduction-data-engineering-4395021/airflow/dags/extract_dag.py
[2026-09-17T09:22:09.247+0000] {processor.py:836} INFO - DAG(s) dict_keys(['extract_dag']) retrieved from /workspaces/hands-on-introduction-data-engineering-4395021/airflow/dags/extract_dag.py
[2026-09-17T09:22:09.266+0000] {logging_mixin.py:150} INFO - [2026-09-17T09:22:09.265+0000] {dag.py:2742} INFO - Sync 1 DAGs
[2026-09-17T09:22:09.281+0000] {logging_mixin.py:150} INFO - [2026-09-17T09:22:09.281+0000] {dag.py:3504} INFO - Setting next_dagrun for extract_dag to None, run_after=None
[2026-09-17T09:22:09.296+0000] {processor.py:179} INFO - Processing /workspaces/hands-on-introduction-data-engineering-4395021/airflow/dags/extract_dag.py took 0.064 seconds
[2026-09-17T09:22:39.755+0000] {processor.py:157} INFO - Started process (PID=34481) to work on /workspaces/hands-on-introduction-data-engineering-4395021/airflow/dags/extract_dag.py
[2026-09-17T09:22:39.756+0000] {processor.py:826} INFO - Processing file /workspaces/hands-on-introduction-data-engineering-4395021/airflow/dags/extract_dag.py for tasks to queue
[2026-09-17T09:22:39.757+0000] {logging_mixin.py:150} INFO - [2026-09-17T09:22:39.757+0000] {dagbag.py:541} INFO - Filling up the DagBag from /workspaces/hands-on-introduction-data-engineering-4395021/airflow/dags/extract_dag.py
[2026-09-17T09:22:39.766+0000] {processor.py:836} INFO - DAG(s) dict_keys(['extract_dag']) retrieved from /workspaces/hands-on-introduction-data-engineering-4395021/airflow/dags/extract_dag.py
[2026-09-17T09:22:39.783+0000] {logging_mixin.py:150} INFO - [2026-09-17T09:22:39.782+0000] {dag.py:2742} INFO - Sync 1 DAGs
[2026-09-17T09:22:39.797+0000] {logging_mixin.py:150} INFO - [2026-09-17T09:22:39.797+0000] {dag.py:3504} INFO - Setting next_dagrun for extract_dag to None, run_after=None
[2026-09-17T09:22:39.815+0000] {processor.py:179} INFO - Processing /workspaces/hands-on-introduction-data-engineering-4395021/airflow/dags/extract_dag.py took 0.063 seconds
[2026-09-17T09:23:10.355+0000] {processor.py:157} INFO - Started process (PID=34685) to work on /workspaces/hands-on-introduction-data-engineering-4395021/airflow/dags/extract_dag.py
[2026-09-17T09:23:10.356+0000] {processor.py:826} INFO - Processing file /workspaces/hands-on-introduction-data-engineering-4395021/airflow/dags/extract_dag.py for tasks to queue
[2026-09-17T09:23:10.357+0000] {logging_mixin.py:150} INFO - [2026-09-17T09:23:10.356+0000] {dagbag.py:541} INFO - Filling up the DagBag from /workspaces/hands-on-introduction-data-engineering-4395021/airflow/dags/extract_dag.py
[2026-09-17T09:23:10.366+0000] {processor.py:836} INFO - DAG(s) dict_keys(['extract_dag']) retrieved from /workspaces/hands-on-introduction-data-engineering-4395021/airflow/dags/extract_dag.py
[2026-09-17T09:23:10.382+0000] {logging_mixin.py:150} INFO - [2026-09-17T09:23:10.382+0000] {dag.py:2742} INFO - Sync 1 DAGs
[2026-09-17T09:23:10.396+0000] {logging_mixin.py:150} INFO - [2026-09-17T09:23:10.396+0000] {dag.py:3504} INFO - Setting next_dagrun for extract_dag to None, run_after=None
[2026-09-17T09:23:10.418+0000] {processor.py:179} INFO - Processing /workspaces/hands-on-introduction-data-engineering-4395021/airflow/dags/extract_dag.py took 0.066 seconds
[2026-09-17T09:23:40.853+0000] {processor.py:157} INFO - Started process (PID=34894) to work on /workspaces/hands-on-introduction-data-engineering-4395021/airflow/dags/extract_dag.py
[2026-09-17T09:23:40.854+0000] {processor.py:826} INFO - Processing file /workspaces/hands-on-introduction-data-engineering-4395021/airflow/dags/extract_dag.py for tasks to queue
[2026-09-17T09:23:40.855+0000] {logging_mixin.py:150} INFO - [2026-09-17T09:23:40.854+0000] {dagbag.py:541} INFO - Filling up the DagBag from /workspaces/hands-on-introduction-data-engineering-4395021/airflow/dags/extract_dag.py
[2026-09-17T09:23:40.863+0000] {processor.py:836} INFO - DAG(s) dict_keys(['extract_dag']) retrieved from /workspaces/hands-on-introduction-data-engineering-4395021/airflow/dags/extract_dag.py
[2026-09-17T09:23:40.879+0000] {logging_mixin.py:150} INFO - [2026-09-17T09:23:40.879+0000] {dag.py:2742} INFO - Sync 1 DAGs
[2026-09-17T09:23:40.894+0000] {logging_mixin.py:150} INFO - [2026-09-17T09:23:40.894+0000] {dag.py:3504} INFO - Setting next_dagrun for extract_dag to None, run_after=None
[2026-09-17T09:23:40.913+0000] {processor.py:179} INFO - Processing /workspaces/hands-on-introduction-data-engineering-4395021/airflow/dags/extract_dag.py took 0.063 seconds
[2026-09-17T09:24:11.352+0000] {processor.py:157} INFO - Started process (PID=35093) to work on /workspaces/hands-on-introduction-data-engineering-4395021/airflow/dags/extract_dag.py
[2026-09-17T09:24:11.353+0000] {processor.py:826} INFO - Processing file /workspaces/hands-on-introduction-data-engineering-4395021/airflow/dags/extract_dag.py for tasks to queue
[2026-09-17T09:24:11.354+0000] {logging_mixin.py:150} INFO - [2026-09-17T09:24:11.354+0000] {dagbag.py:541} INFO - Filling up the DagBag from /workspaces/hands-on-introduction-data-engineering-4395021/airflow/dags/extract_dag.py
[2026-09-17T09:24:11.362+0000] {processor.py:836} INFO - DAG(s) dict_keys(['extract_dag']) retrieved from /workspaces/hands-on-introduction-data-engineering-4395021/airflow/dags/extract_dag.py
[2026-09-17T09:24:11.379+0000] {logging_mixin.py:150} INFO - [2026-09-17T09:24:11.379+0000] {dag.py:2742} INFO - Sync 1 DAGs
[2026-09-17T09:24:11.393+0000] {logging_mixin.py:150} INFO - [2026-09-17T09:24:11.393+0000] {dag.py:3504} INFO - Setting next_dagrun for extract_dag to None, run_after=None
[2026-09-17T09:24:11.409+0000] {processor.py:179} INFO - Processing /workspaces/hands-on-introduction-data-engineering-4395021/airflow/dags/extract_dag.py took 0.059 seconds
[2026-09-17T09:24:41.853+0000] {processor.py:157} INFO - Started process (PID=35302) to work on /workspaces/hands-on-introduction-data-engineering-4395021/airflow/dags/extract_dag.py
[2026-09-17T09:24:41.854+0000] {processor.py:826} INFO - Processing file /workspaces/hands-on-introduction-data-engineering-4395021/airflow/dags/extract_dag.py for tasks to queue
[2026-09-17T09:24:41.855+0000] {logging_mixin.py:150} INFO - [2026-09-17T09:24:41.854+0000] {dagbag.py:541} INFO - Filling up the DagBag from /workspaces/hands-on-introduction-data-engineering-4395021/airflow/dags/extract_dag.py
[2026-09-17T09:24:41.863+0000] {processor.py:836} INFO - DAG(s) dict_keys(['extract_dag']) retrieved from /workspaces/hands-on-introduction-data-engineering-4395021/airflow/dags/extract_dag.py
[2026-09-17T09:24:41.879+0000] {logging_mixin.py:150} INFO - [2026-09-17T09:24:41.879+0000] {dag.py:2742} INFO - Sync 1 DAGs
[2026-09-17T09:24:41.894+0000] {logging_mixin.py:150} INFO - [2026-09-17T09:24:41.894+0000] {dag.py:3504} INFO - Setting next_dagrun for extract_dag to None, run_after=None
[2026-09-17T09:24:41.912+0000] {processor.py:179} INFO - Processing /workspaces/hands-on-introduction-data-engineering-4395021/airflow/dags/extract_dag.py took 0.061 seconds
[2026-09-17T09:25:12.076+0000] {processor.py:157} INFO - Started process (PID=35510) to work on /workspaces/hands-on-introduction-data-engineering-4395021/airflow/dags/extract_dag.py
[2026-09-17T09:25:12.077+0000] {processor.py:826} INFO - Processing file /workspaces/hands-on-introduction-data-engineering-4395021/airflow/dags/extract_dag.py for tasks to queue
[2026-09-17T09:25:12.078+0000] {logging_mixin.py:150} INFO - [2026-09-17T09:25:12.077+0000] {dagbag.py:541} INFO - Filling up the DagBag from /workspaces/hands-on-introduction-data-engineering-4395021/airflow/dags/extract_dag.py
[2026-09-17T09:25:12.086+0000] {processor.py:836} INFO - DAG(s) dict_keys(['extract_dag']) retrieved from /workspaces/hands-on-introduction-data-engineering-4395021/airflow/dags/extract_dag.py
[2026-09-17T09:25:12.104+0000] {logging_mixin.py:150} INFO - [2026-09-17T09:25:12.104+0000] {dag.py:2742} INFO - Sync 1 DAGs
[2026-09-17T09:25:12.128+0000] {logging_mixin.py:150} INFO - [2026-09-17T09:25:12.128+0000] {dag.py:3504} INFO - Setting next_dagrun for extract_dag to None, run_after=None
[2026-09-17T09:25:12.155+0000] {processor.py:179} INFO - Processing /workspaces/hands-on-introduction-data-engineering-4395021/airflow/dags/extract_dag.py took 0.082 seconds
[2026-09-17T09:25:42.259+0000] {processor.py:157} INFO - Started process (PID=35706) to work on /workspaces/hands-on-introduction-data-engineering-4395021/airflow/dags/extract_dag.py
[2026-09-17T09:25:42.260+0000] {processor.py:826} INFO - Processing file /workspaces/hands-on-introduction-data-engineering-4395021/airflow/dags/extract_dag.py for tasks to queue
[2026-09-17T09:25:42.260+0000] {logging_mixin.py:150} INFO - [2026-09-17T09:25:42.260+0000] {dagbag.py:541} INFO - Filling up the DagBag from /workspaces/hands-on-introduction-data-engineering-4395021/airflow/dags/extract_dag.py
[2026-09-17T09:25:42.269+0000] {processor.py:836} INFO - DAG(s) dict_keys(['extract_dag']) retrieved from /workspaces/hands-on-introduction-data-engineering-4395021/airflow/dags/extract_dag.py
[2026-09-17T09:25:42.285+0000] {logging_mixin.py:150} INFO - [2026-09-17T09:25:42.285+0000] {dag.py:2742} INFO - Sync 1 DAGs
[2026-09-17T09:25:42.301+0000] {logging_mixin.py:150} INFO - [2026-09-17T09:25:42.300+0000] {dag.py:3504} INFO - Setting next_dagrun for extract_dag to None, run_after=None
[2026-09-17T09:25:42.322+0000] {processor.py:179} INFO - Processing /workspaces/hands-on-introduction-data-engineering-4395021/airflow/dags/extract_dag.py took 0.066 seconds
[2026-09-17T09:26:12.442+0000] {processor.py:157} INFO - Started process (PID=35911) to work on /workspaces/hands-on-introduction-data-engineering-4395021/airflow/dags/extract_dag.py
[2026-09-17T09:26:12.443+0000] {processor.py:826} INFO - Processing file /workspaces/hands-on-introduction-data-engineering-4395021/airflow/dags/extract_dag.py for tasks to queue
[2026-09-17T09:26:12.444+0000] {logging_mixin.py:150} INFO - [2026-09-17T09:26:12.444+0000] {dagbag.py:541} INFO - Filling up the DagBag from /workspaces/hands-on-introduction-data-engineering-4395021/airflow/dags/extract_dag.py
[2026-09-17T09:26:12.453+0000] {processor.py:836} INFO - DAG(s) dict_keys(['extract_dag']) retrieved from /workspaces/hands-on-introduction-data-engineering-4395021/airflow/dags/extract_dag.py
[2026-09-17T09:26:12.475+0000] {logging_mixin.py:150} INFO - [2026-09-17T09:26:12.475+0000] {dag.py:2742} INFO - Sync 1 DAGs
[2026-09-17T09:26:12.491+0000] {logging_mixin.py:150} INFO - [2026-09-17T09:26:12.491+0000] {dag.py:3504} INFO - Setting next_dagrun for extract_dag to None, run_after=None
[2026-09-17T09:26:12.524+0000] {processor.py:179} INFO - Processing /workspaces/hands-on-introduction-data-engineering-4395021/airflow/dags/extract_dag.py took 0.084 seconds
[2026-09-17T09:26:43.879+0000] {processor.py:157} INFO - Started process (PID=36310) to work on /workspaces/hands-on-introduction-data-engineering-4395021/airflow/dags/extract_dag.py
[2026-09-17T09:26:43.880+0000] {processor.py:826} INFO - Processing file /workspaces/hands-on-introduction-data-engineering-4395021/airflow/dags/extract_dag.py for tasks to queue
[2026-09-17T09:26:43.881+0000] {logging_mixin.py:150} INFO - [2026-09-17T09:26:43.880+0000] {dagbag.py:541} INFO - Filling up the DagBag from /workspaces/hands-on-introduction-data-engineering-4395021/airflow/dags/extract_dag.py
[2026-09-17T09:26:43.890+0000] {processor.py:836} INFO - DAG(s) dict_keys(['extract_dag']) retrieved from /workspaces/hands-on-introduction-data-engineering-4395021/airflow/dags/extract_dag.py
[2026-09-17T09:26:43.910+0000] {logging_mixin.py:150} INFO - [2026-09-17T09:26:43.910+0000] {dag.py:2742} INFO - Sync 1 DAGs
[2026-09-17T09:26:43.936+0000] {logging_mixin.py:150} INFO - [2026-09-17T09:26:43.935+0000] {dag.py:3504} INFO - Setting next_dagrun for extract_dag to None, run_after=None
[2026-09-17T09:26:43.951+0000] {processor.py:179} INFO - Processing /workspaces/hands-on-introduction-data-engineering-4395021/airflow/dags/extract_dag.py took 0.074 seconds
[2026-09-17T09:27:14.361+0000] {processor.py:157} INFO - Started process (PID=36676) to work on /workspaces/hands-on-introduction-data-engineering-4395021/airflow/dags/extract_dag.py
[2026-09-17T09:27:14.362+0000] {processor.py:826} INFO - Processing file /workspaces/hands-on-introduction-data-engineering-4395021/airflow/dags/extract_dag.py for tasks to queue
[2026-09-17T09:27:14.363+0000] {logging_mixin.py:150} INFO - [2026-09-17T09:27:14.363+0000] {dagbag.py:541} INFO - Filling up the DagBag from /workspaces/hands-on-introduction-data-engineering-4395021/airflow/dags/extract_dag.py
[2026-09-17T09:27:14.372+0000] {processor.py:836} INFO - DAG(s) dict_keys(['extract_dag']) retrieved from /workspaces/hands-on-introduction-data-engineering-4395021/airflow/dags/extract_dag.py
[2026-09-17T09:27:14.387+0000] {logging_mixin.py:150} INFO - [2026-09-17T09:27:14.387+0000] {dag.py:2742} INFO - Sync 1 DAGs
[2026-09-17T09:27:14.402+0000] {logging_mixin.py:150} INFO - [2026-09-17T09:27:14.402+0000] {dag.py:3504} INFO - Setting next_dagrun for extract_dag to None, run_after=None
[2026-09-17T09:27:14.419+0000] {processor.py:179} INFO - Processing /workspaces/hands-on-introduction-data-engineering-4395021/airflow/dags/extract_dag.py took 0.060 seconds
[2026-09-17T09:27:44.939+0000] {processor.py:157} INFO - Started process (PID=37029) to work on /workspaces/hands-on-introduction-data-engineering-4395021/airflow/dags/extract_dag.py
[2026-09-17T09:27:44.940+0000] {processor.py:826} INFO - Processing file /workspaces/hands-on-introduction-data-engineering-4395021/airflow/dags/extract_dag.py for tasks to queue
[2026-09-17T09:27:44.940+0000] {logging_mixin.py:150} INFO - [2026-09-17T09:27:44.940+0000] {dagbag.py:541} INFO - Filling up the DagBag from /workspaces/hands-on-introduction-data-engineering-4395021/airflow/dags/extract_dag.py
[2026-09-17T09:27:44.950+0000] {processor.py:836} INFO - DAG(s) dict_keys(['extract_dag']) retrieved from /workspaces/hands-on-introduction-data-engineering-4395021/airflow/dags/extract_dag.py
[2026-09-17T09:27:44.968+0000] {logging_mixin.py:150} INFO - [2026-09-17T09:27:44.968+0000] {dag.py:2742} INFO - Sync 1 DAGs
[2026-09-17T09:27:44.984+0000] {logging_mixin.py:150} INFO - [2026-09-17T09:27:44.984+0000] {dag.py:3504} INFO - Setting next_dagrun for extract_dag to None, run_after=None
[2026-09-17T09:27:45.002+0000] {processor.py:179} INFO - Processing /workspaces/hands-on-introduction-data-engineering-4395021/airflow/dags/extract_dag.py took 0.065 seconds
[2026-09-17T09:28:15.420+0000] {processor.py:157} INFO - Started process (PID=37405) to work on /workspaces/hands-on-introduction-data-engineering-4395021/airflow/dags/extract_dag.py
[2026-09-17T09:28:15.422+0000] {processor.py:826} INFO - Processing file /workspaces/hands-on-introduction-data-engineering-4395021/airflow/dags/extract_dag.py for tasks to queue
[2026-09-17T09:28:15.423+0000] {logging_mixin.py:150} INFO - [2026-09-17T09:28:15.422+0000] {dagbag.py:541} INFO - Filling up the DagBag from /workspaces/hands-on-introduction-data-engineering-4395021/airflow/dags/extract_dag.py
[2026-09-17T09:28:15.439+0000] {processor.py:836} INFO - DAG(s) dict_keys(['extract_dag']) retrieved from /workspaces/hands-on-introduction-data-engineering-4395021/airflow/dags/extract_dag.py
[2026-09-17T09:28:15.462+0000] {logging_mixin.py:150} INFO - [2026-09-17T09:28:15.462+0000] {dag.py:2742} INFO - Sync 1 DAGs
[2026-09-17T09:28:15.482+0000] {logging_mixin.py:150} INFO - [2026-09-17T09:28:15.482+0000] {dag.py:3504} INFO - Setting next_dagrun for extract_dag to None, run_after=None
[2026-09-17T09:28:15.507+0000] {processor.py:179} INFO - Processing /workspaces/hands-on-introduction-data-engineering-4395021/airflow/dags/extract_dag.py took 0.091 seconds
[2026-09-17T09:28:45.878+0000] {processor.py:157} INFO - Started process (PID=37607) to work on /workspaces/hands-on-introduction-data-engineering-4395021/airflow/dags/extract_dag.py
[2026-09-17T09:28:45.878+0000] {processor.py:826} INFO - Processing file /workspaces/hands-on-introduction-data-engineering-4395021/airflow/dags/extract_dag.py for tasks to queue
[2026-09-17T09:28:45.879+0000] {logging_mixin.py:150} INFO - [2026-09-17T09:28:45.879+0000] {dagbag.py:541} INFO - Filling up the DagBag from /workspaces/hands-on-introduction-data-engineering-4395021/airflow/dags/extract_dag.py
[2026-09-17T09:28:45.888+0000] {processor.py:836} INFO - DAG(s) dict_keys(['extract_dag']) retrieved from /workspaces/hands-on-introduction-data-engineering-4395021/airflow/dags/extract_dag.py
[2026-09-17T09:28:45.910+0000] {logging_mixin.py:150} INFO - [2026-09-17T09:28:45.909+0000] {dag.py:2742} INFO - Sync 1 DAGs
[2026-09-17T09:28:45.926+0000] {logging_mixin.py:150} INFO - [2026-09-17T09:28:45.926+0000] {dag.py:3504} INFO - Setting next_dagrun for extract_dag to None, run_after=None
[2026-09-17T09:28:45.941+0000] {processor.py:179} INFO - Processing /workspaces/hands-on-introduction-data-engineering-4395021/airflow/dags/extract_dag.py took 0.066 seconds
[2026-09-17T09:29:16.658+0000] {processor.py:157} INFO - Started process (PID=37793) to work on /workspaces/hands-on-introduction-data-engineering-4395021/airflow/dags/extract_dag.py
[2026-09-17T09:29:16.659+0000] {processor.py:826} INFO - Processing file /workspaces/hands-on-introduction-data-engineering-4395021/airflow/dags/extract_dag.py for tasks to queue
[2026-09-17T09:29:16.659+0000] {logging_mixin.py:150} INFO - [2026-09-17T09:29:16.659+0000] {dagbag.py:541} INFO - Filling up the DagBag from /workspaces/hands-on-introduction-data-engineering-4395021/airflow/dags/extract_dag.py
[2026-09-17T09:29:16.668+0000] {processor.py:836} INFO - DAG(s) dict_keys(['extract_dag']) retrieved from /workspaces/hands-on-introduction-data-engineering-4395021/airflow/dags/extract_dag.py
[2026-09-17T09:29:16.684+0000] {logging_mixin.py:150} INFO - [2026-09-17T09:29:16.684+0000] {dag.py:2742} INFO - Sync 1 DAGs
[2026-09-17T09:29:16.699+0000] {logging_mixin.py:150} INFO - [2026-09-17T09:29:16.699+0000] {dag.py:3504} INFO - Setting next_dagrun for extract_dag to None, run_after=None
[2026-09-17T09:29:16.720+0000] {processor.py:179} INFO - Processing /workspaces/hands-on-introduction-data-engineering-4395021/airflow/dags/extract_dag.py took 0.064 seconds
[2026-09-17T09:29:47.242+0000] {processor.py:157} INFO - Started process (PID=37972) to work on /workspaces/hands-on-introduction-data-engineering-4395021/airflow/dags/extract_dag.py
[2026-09-17T09:29:47.243+0000] {processor.py:826} INFO - Processing file /workspaces/hands-on-introduction-data-engineering-4395021/airflow/dags/extract_dag.py for tasks to queue
[2026-09-17T09:29:47.244+0000] {logging_mixin.py:150} INFO - [2026-09-17T09:29:47.243+0000] {dagbag.py:541} INFO - Filling up the DagBag from /workspaces/hands-on-introduction-data-engineering-4395021/airflow/dags/extract_dag.py
[2026-09-17T09:29:47.254+0000] {processor.py:836} INFO - DAG(s) dict_keys(['extract_dag']) retrieved from /workspaces/hands-on-introduction-data-engineering-4395021/airflow/dags/extract_dag.py
[2026-09-17T09:29:47.277+0000] {logging_mixin.py:150} INFO - [2026-09-17T09:29:47.277+0000] {dag.py:2742} INFO - Sync 1 DAGs
[2026-09-17T09:29:47.292+0000] {logging_mixin.py:150} INFO - [2026-09-17T09:29:47.292+0000] {dag.py:3504} INFO - Setting next_dagrun for extract_dag to None, run_after=None
[2026-09-17T09:29:47.312+0000] {processor.py:179} INFO - Processing /workspaces/hands-on-introduction-data-engineering-4395021/airflow/dags/extract_dag.py took 0.072 seconds
[2026-09-17T09:30:17.721+0000] {processor.py:157} INFO - Started process (PID=38143) to work on /workspaces/hands-on-introduction-data-engineering-4395021/airflow/dags/extract_dag.py
[2026-09-17T09:30:17.722+0000] {processor.py:826} INFO - Processing file /workspaces/hands-on-introduction-data-engineering-4395021/airflow/dags/extract_dag.py for tasks to queue
[2026-09-17T09:30:17.723+0000] {logging_mixin.py:150} INFO - [2026-09-17T09:30:17.723+0000] {dagbag.py:541} INFO - Filling up the DagBag from /workspaces/hands-on-introduction-data-engineering-4395021/airflow/dags/extract_dag.py
[2026-09-17T09:30:17.732+0000] {processor.py:836} INFO - DAG(s) dict_keys(['extract_dag']) retrieved from /workspaces/hands-on-introduction-data-engineering-4395021/airflow/dags/extract_dag.py
[2026-09-17T09:30:17.748+0000] {logging_mixin.py:150} INFO - [2026-09-17T09:30:17.748+0000] {dag.py:2742} INFO - Sync 1 DAGs
[2026-09-17T09:30:17.762+0000] {logging_mixin.py:150} INFO - [2026-09-17T09:30:17.761+0000] {dag.py:3504} INFO - Setting next_dagrun for extract_dag to None, run_after=None
[2026-09-17T09:30:17.776+0000] {processor.py:179} INFO - Processing /workspaces/hands-on-introduction-data-engineering-4395021/airflow/dags/extract_dag.py took 0.058 seconds
[2026-09-17T09:30:48.187+0000] {processor.py:157} INFO - Started process (PID=38314) to work on /workspaces/hands-on-introduction-data-engineering-4395021/airflow/dags/extract_dag.py
[2026-09-17T09:30:48.188+0000] {processor.py:826} INFO - Processing file /workspaces/hands-on-introduction-data-engineering-4395021/airflow/dags/extract_dag.py for tasks to queue
[2026-09-17T09:30:48.189+0000] {logging_mixin.py:150} INFO - [2026-09-17T09:30:48.188+0000] {dagbag.py:541} INFO - Filling up the DagBag from /workspaces/hands-on-introduction-data-engineering-4395021/airflow/dags/extract_dag.py
[2026-09-17T09:30:48.199+0000] {processor.py:836} INFO - DAG(s) dict_keys(['extract_dag']) retrieved from /workspaces/hands-on-introduction-data-engineering-4395021/airflow/dags/extract_dag.py
[2026-09-17T09:30:48.219+0000] {logging_mixin.py:150} INFO - [2026-09-17T09:30:48.219+0000] {dag.py:2742} INFO - Sync 1 DAGs
[2026-09-17T09:30:48.239+0000] {logging_mixin.py:150} INFO - [2026-09-17T09:30:48.239+0000] {dag.py:3504} INFO - Setting next_dagrun for extract_dag to None, run_after=None
[2026-09-17T09:30:48.264+0000] {processor.py:179} INFO - Processing /workspaces/hands-on-introduction-data-engineering-4395021/airflow/dags/extract_dag.py took 0.079 seconds
[2026-09-17T09:31:18.779+0000] {processor.py:157} INFO - Started process (PID=38493) to work on /workspaces/hands-on-introduction-data-engineering-4395021/airflow/dags/extract_dag.py
[2026-09-17T09:31:18.780+0000] {processor.py:826} INFO - Processing file /workspaces/hands-on-introduction-data-engineering-4395021/airflow/dags/extract_dag.py for tasks to queue
[2026-09-17T09:31:18.780+0000] {logging_mixin.py:150} INFO - [2026-09-17T09:31:18.780+0000] {dagbag.py:541} INFO - Filling up the DagBag from /workspaces/hands-on-introduction-data-engineering-4395021/airflow/dags/extract_dag.py
[2026-09-17T09:31:18.789+0000] {processor.py:836} INFO - DAG(s) dict_keys(['extract_dag']) retrieved from /workspaces/hands-on-introduction-data-engineering-4395021/airflow/dags/extract_dag.py
[2026-09-17T09:31:18.812+0000] {logging_mixin.py:150} INFO - [2026-09-17T09:31:18.812+0000] {dag.py:2742} INFO - Sync 1 DAGs
[2026-09-17T09:31:18.833+0000] {logging_mixin.py:150} INFO - [2026-09-17T09:31:18.833+0000] {dag.py:3504} INFO - Setting next_dagrun for extract_dag to None, run_after=None
[2026-09-17T09:31:18.851+0000] {processor.py:179} INFO - Processing /workspaces/hands-on-introduction-data-engineering-4395021/airflow/dags/extract_dag.py took 0.075 seconds
[2026-09-17T09:31:49.372+0000] {processor.py:157} INFO - Started process (PID=38721) to work on /workspaces/hands-on-introduction-data-engineering-4395021/airflow/dags/extract_dag.py
[2026-09-17T09:31:49.373+0000] {processor.py:826} INFO - Processing file /workspaces/hands-on-introduction-data-engineering-4395021/airflow/dags/extract_dag.py for tasks to queue
[2026-09-17T09:31:49.373+0000] {logging_mixin.py:150} INFO - [2026-09-17T09:31:49.373+0000] {dagbag.py:541} INFO - Filling up the DagBag from /workspaces/hands-on-introduction-data-engineering-4395021/airflow/dags/extract_dag.py
[2026-09-17T09:31:49.382+0000] {processor.py:836} INFO - DAG(s) dict_keys(['extract_dag']) retrieved from /workspaces/hands-on-introduction-data-engineering-4395021/airflow/dags/extract_dag.py
[2026-09-17T09:31:49.398+0000] {logging_mixin.py:150} INFO - [2026-09-17T09:31:49.398+0000] {dag.py:2742} INFO - Sync 1 DAGs
[2026-09-17T09:31:49.417+0000] {logging_mixin.py:150} INFO - [2026-09-17T09:31:49.417+0000] {dag.py:3504} INFO - Setting next_dagrun for extract_dag to None, run_after=None
[2026-09-17T09:31:49.434+0000] {processor.py:179} INFO - Processing /workspaces/hands-on-introduction-data-engineering-4395021/airflow/dags/extract_dag.py took 0.065 seconds
[2026-09-17T09:32:19.836+0000] {processor.py:157} INFO - Started process (PID=38914) to work on /workspaces/hands-on-introduction-data-engineering-4395021/airflow/dags/extract_dag.py
[2026-09-17T09:32:19.837+0000] {processor.py:826} INFO - Processing file /workspaces/hands-on-introduction-data-engineering-4395021/airflow/dags/extract_dag.py for tasks to queue
[2026-09-17T09:32:19.837+0000] {logging_mixin.py:150} INFO - [2026-09-17T09:32:19.837+0000] {dagbag.py:541} INFO - Filling up the DagBag from /workspaces/hands-on-introduction-data-engineering-4395021/airflow/dags/extract_dag.py
[2026-09-17T09:32:19.847+0000] {processor.py:836} INFO - DAG(s) dict_keys(['extract_dag']) retrieved from /workspaces/hands-on-introduction-data-engineering-4395021/airflow/dags/extract_dag.py
[2026-09-17T09:32:19.864+0000] {logging_mixin.py:150} INFO - [2026-09-17T09:32:19.864+0000] {dag.py:2742} INFO - Sync 1 DAGs
[2026-09-17T09:32:19.879+0000] {logging_mixin.py:150} INFO - [2026-09-17T09:32:19.879+0000] {dag.py:3504} INFO - Setting next_dagrun for extract_dag to None, run_after=None
[2026-09-17T09:32:19.894+0000] {processor.py:179} INFO - Processing /workspaces/hands-on-introduction-data-engineering-4395021/airflow/dags/extract_dag.py took 0.061 seconds
[2026-09-17T09:32:50.307+0000] {processor.py:157} INFO - Started process (PID=39089) to work on /workspaces/hands-on-introduction-data-engineering-4395021/airflow/dags/extract_dag.py
[2026-09-17T09:32:50.307+0000] {processor.py:826} INFO - Processing file /workspaces/hands-on-introduction-data-engineering-4395021/airflow/dags/extract_dag.py for tasks to queue
[2026-09-17T09:32:50.308+0000] {logging_mixin.py:150} INFO - [2026-09-17T09:32:50.308+0000] {dagbag.py:541} INFO - Filling up the DagBag from /workspaces/hands-on-introduction-data-engineering-4395021/airflow/dags/extract_dag.py
[2026-09-17T09:32:50.316+0000] {processor.py:836} INFO - DAG(s) dict_keys(['extract_dag']) retrieved from /workspaces/hands-on-introduction-data-engineering-4395021/airflow/dags/extract_dag.py
[2026-09-17T09:32:50.332+0000] {logging_mixin.py:150} INFO - [2026-09-17T09:32:50.332+0000] {dag.py:2742} INFO - Sync 1 DAGs
[2026-09-17T09:32:50.347+0000] {logging_mixin.py:150} INFO - [2026-09-17T09:32:50.347+0000] {dag.py:3504} INFO - Setting next_dagrun for extract_dag to None, run_after=None
[2026-09-17T09:32:50.362+0000] {processor.py:179} INFO - Processing /workspaces/hands-on-introduction-data-engineering-4395021/airflow/dags/extract_dag.py took 0.058 seconds
[2026-09-17T09:33:21.110+0000] {processor.py:157} INFO - Started process (PID=39279) to work on /workspaces/hands-on-introduction-data-engineering-4395021/airflow/dags/extract_dag.py
[2026-09-17T09:33:21.112+0000] {processor.py:826} INFO - Processing file /workspaces/hands-on-introduction-data-engineering-4395021/airflow/dags/extract_dag.py for tasks to queue
[2026-09-17T09:33:21.113+0000] {logging_mixin.py:150} INFO - [2026-09-17T09:33:21.112+0000] {dagbag.py:541} INFO - Filling up the DagBag from /workspaces/hands-on-introduction-data-engineering-4395021/airflow/dags/extract_dag.py
[2026-09-17T09:33:21.123+0000] {processor.py:836} INFO - DAG(s) dict_keys(['extract_dag']) retrieved from /workspaces/hands-on-introduction-data-engineering-4395021/airflow/dags/extract_dag.py
[2026-09-17T09:33:21.140+0000] {logging_mixin.py:150} INFO - [2026-09-17T09:33:21.140+0000] {dag.py:2742} INFO - Sync 1 DAGs
[2026-09-17T09:33:21.156+0000] {logging_mixin.py:150} INFO - [2026-09-17T09:33:21.156+0000] {dag.py:3504} INFO - Setting next_dagrun for extract_dag to None, run_after=None
[2026-09-17T09:33:21.172+0000] {processor.py:179} INFO - Processing /workspaces/hands-on-introduction-data-engineering-4395021/airflow/dags/extract_dag.py took 0.065 seconds
[2026-09-17T09:33:51.416+0000] {processor.py:157} INFO - Started process (PID=39536) to work on /workspaces/hands-on-introduction-data-engineering-4395021/airflow/dags/extract_dag.py
[2026-09-17T09:33:51.417+0000] {processor.py:826} INFO - Processing file /workspaces/hands-on-introduction-data-engineering-4395021/airflow/dags/extract_dag.py for tasks to queue
[2026-09-17T09:33:51.419+0000] {logging_mixin.py:150} INFO - [2026-09-17T09:33:51.418+0000] {dagbag.py:541} INFO - Filling up the DagBag from /workspaces/hands-on-introduction-data-engineering-4395021/airflow/dags/extract_dag.py
[2026-09-17T09:33:51.429+0000] {processor.py:836} INFO - DAG(s) dict_keys(['extract_dag']) retrieved from /workspaces/hands-on-introduction-data-engineering-4395021/airflow/dags/extract_dag.py
[2026-09-17T09:33:51.447+0000] {logging_mixin.py:150} INFO - [2026-09-17T09:33:51.447+0000] {dag.py:2742} INFO - Sync 1 DAGs
[2026-09-17T09:33:51.461+0000] {logging_mixin.py:150} INFO - [2026-09-17T09:33:51.461+0000] {dag.py:3504} INFO - Setting next_dagrun for extract_dag to None, run_after=None
[2026-09-17T09:33:51.477+0000] {processor.py:179} INFO - Processing /workspaces/hands-on-introduction-data-engineering-4395021/airflow/dags/extract_dag.py took 0.064 seconds
[2026-09-17T09:34:21.879+0000] {processor.py:157} INFO - Started process (PID=39721) to work on /workspaces/hands-on-introduction-data-engineering-4395021/airflow/dags/extract_dag.py
[2026-09-17T09:34:21.880+0000] {processor.py:826} INFO - Processing file /workspaces/hands-on-introduction-data-engineering-4395021/airflow/dags/extract_dag.py for tasks to queue
[2026-09-17T09:34:21.880+0000] {logging_mixin.py:150} INFO - [2026-09-17T09:34:21.880+0000] {dagbag.py:541} INFO - Filling up the DagBag from /workspaces/hands-on-introduction-data-engineering-4395021/airflow/dags/extract_dag.py
[2026-09-17T09:34:21.889+0000] {processor.py:836} INFO - DAG(s) dict_keys(['extract_dag']) retrieved from /workspaces/hands-on-introduction-data-engineering-4395021/airflow/dags/extract_dag.py
[2026-09-17T09:34:21.916+0000] {logging_mixin.py:150} INFO - [2026-09-17T09:34:21.916+0000] {dag.py:2742} INFO - Sync 1 DAGs
[2026-09-17T09:34:21.939+0000] {logging_mixin.py:150} INFO - [2026-09-17T09:34:21.939+0000] {dag.py:3504} INFO - Setting next_dagrun for extract_dag to None, run_after=None
[2026-09-17T09:34:21.968+0000] {processor.py:179} INFO - Processing /workspaces/hands-on-introduction-data-engineering-4395021/airflow/dags/extract_dag.py took 0.092 seconds
[2026-09-17T09:34:52.346+0000] {processor.py:157} INFO - Started process (PID=39917) to work on /workspaces/hands-on-introduction-data-engineering-4395021/airflow/dags/extract_dag.py
[2026-09-17T09:34:52.347+0000] {processor.py:826} INFO - Processing file /workspaces/hands-on-introduction-data-engineering-4395021/airflow/dags/extract_dag.py for tasks to queue
[2026-09-17T09:34:52.348+0000] {logging_mixin.py:150} INFO - [2026-09-17T09:34:52.347+0000] {dagbag.py:541} INFO - Filling up the DagBag from /workspaces/hands-on-introduction-data-engineering-4395021/airflow/dags/extract_dag.py
[2026-09-17T09:34:52.356+0000] {processor.py:836} INFO - DAG(s) dict_keys(['extract_dag']) retrieved from /workspaces/hands-on-introduction-data-engineering-4395021/airflow/dags/extract_dag.py
[2026-09-17T09:34:52.371+0000] {logging_mixin.py:150} INFO - [2026-09-17T09:34:52.371+0000] {dag.py:2742} INFO - Sync 1 DAGs
[2026-09-17T09:34:52.385+0000] {logging_mixin.py:150} INFO - [2026-09-17T09:34:52.385+0000] {dag.py:3504} INFO - Setting next_dagrun for extract_dag to None, run_after=None
[2026-09-17T09:34:52.401+0000] {processor.py:179} INFO - Processing /workspaces/hands-on-introduction-data-engineering-4395021/airflow/dags/extract_dag.py took 0.057 seconds
[2026-09-17T09:35:22.813+0000] {processor.py:157} INFO - Started process (PID=40122) to work on /workspaces/hands-on-introduction-data-engineering-4395021/airflow/dags/extract_dag.py
[2026-09-17T09:35:22.815+0000] {processor.py:826} INFO - Processing file /workspaces/hands-on-introduction-data-engineering-4395021/airflow/dags/extract_dag.py for tasks to queue
[2026-09-17T09:35:22.816+0000] {logging_mixin.py:150} INFO - [2026-09-17T09:35:22.815+0000] {dagbag.py:541} INFO - Filling up the DagBag from /workspaces/hands-on-introduction-data-engineering-4395021/airflow/dags/extract_dag.py
[2026-09-17T09:35:22.826+0000] {processor.py:836} INFO - DAG(s) dict_keys(['extract_dag']) retrieved from /workspaces/hands-on-introduction-data-engineering-4395021/airflow/dags/extract_dag.py
[2026-09-17T09:35:22.842+0000] {logging_mixin.py:150} INFO - [2026-09-17T09:35:22.842+0000] {dag.py:2742} INFO - Sync 1 DAGs
[2026-09-17T09:35:22.860+0000] {logging_mixin.py:150} INFO - [2026-09-17T09:35:22.860+0000] {dag.py:3504} INFO - Setting next_dagrun for extract_dag to None, run_after=None
[2026-09-17T09:35:22.888+0000] {processor.py:179} INFO - Processing /workspaces/hands-on-introduction-data-engineering-4395021/airflow/dags/extract_dag.py took 0.078 seconds
[2026-09-17T09:35:53.380+0000] {processor.py:157} INFO - Started process (PID=40332) to work on /workspaces/hands-on-introduction-data-engineering-4395021/airflow/dags/extract_dag.py
[2026-09-17T09:35:53.381+0000] {processor.py:826} INFO - Processing file /workspaces/hands-on-introduction-data-engineering-4395021/airflow/dags/extract_dag.py for tasks to queue
[2026-09-17T09:35:53.382+0000] {logging_mixin.py:150} INFO - [2026-09-17T09:35:53.381+0000] {dagbag.py:541} INFO - Filling up the DagBag from /workspaces/hands-on-introduction-data-engineering-4395021/airflow/dags/extract_dag.py
[2026-09-17T09:35:53.394+0000] {processor.py:836} INFO - DAG(s) dict_keys(['extract_dag']) retrieved from /workspaces/hands-on-introduction-data-engineering-4395021/airflow/dags/extract_dag.py
[2026-09-17T09:35:53.414+0000] {logging_mixin.py:150} INFO - [2026-09-17T09:35:53.414+0000] {dag.py:2742} INFO - Sync 1 DAGs
[2026-09-17T09:35:53.430+0000] {logging_mixin.py:150} INFO - [2026-09-17T09:35:53.429+0000] {dag.py:3504} INFO - Setting next_dagrun for extract_dag to None, run_after=None
[2026-09-17T09:35:53.445+0000] {processor.py:179} INFO - Processing /workspaces/hands-on-introduction-data-engineering-4395021/airflow/dags/extract_dag.py took 0.069 seconds
[2026-09-17T09:36:23.972+0000] {processor.py:157} INFO - Started process (PID=40543) to work on /workspaces/hands-on-introduction-data-engineering-4395021/airflow/dags/extract_dag.py
[2026-09-17T09:36:23.973+0000] {processor.py:826} INFO - Processing file /workspaces/hands-on-introduction-data-engineering-4395021/airflow/dags/extract_dag.py for tasks to queue
[2026-09-17T09:36:23.974+0000] {logging_mixin.py:150} INFO - [2026-09-17T09:36:23.973+0000] {dagbag.py:541} INFO - Filling up the DagBag from /workspaces/hands-on-introduction-data-engineering-4395021/airflow/dags/extract_dag.py
[2026-09-17T09:36:23.987+0000] {processor.py:836} INFO - DAG(s) dict_keys(['extract_dag']) retrieved from /workspaces/hands-on-introduction-data-engineering-4395021/airflow/dags/extract_dag.py
[2026-09-17T09:36:24.006+0000] {logging_mixin.py:150} INFO - [2026-09-17T09:36:24.006+0000] {dag.py:2742} INFO - Sync 1 DAGs
[2026-09-17T09:36:24.024+0000] {logging_mixin.py:150} INFO - [2026-09-17T09:36:24.024+0000] {dag.py:3504} INFO - Setting next_dagrun for extract_dag to None, run_after=None
[2026-09-17T09:36:24.039+0000] {processor.py:179} INFO - Processing /workspaces/hands-on-introduction-data-engineering-4395021/airflow/dags/extract_dag.py took 0.072 seconds
[2026-09-17T09:36:54.425+0000] {processor.py:157} INFO - Started process (PID=40753) to work on /workspaces/hands-on-introduction-data-engineering-4395021/airflow/dags/extract_dag.py
[2026-09-17T09:36:54.425+0000] {processor.py:826} INFO - Processing file /workspaces/hands-on-introduction-data-engineering-4395021/airflow/dags/extract_dag.py for tasks to queue
[2026-09-17T09:36:54.426+0000] {logging_mixin.py:150} INFO - [2026-09-17T09:36:54.426+0000] {dagbag.py:541} INFO - Filling up the DagBag from /workspaces/hands-on-introduction-data-engineering-4395021/airflow/dags/extract_dag.py
[2026-09-17T09:36:54.435+0000] {processor.py:836} INFO - DAG(s) dict_keys(['extract_dag']) retrieved from /workspaces/hands-on-introduction-data-engineering-4395021/airflow/dags/extract_dag.py
[2026-09-17T09:36:54.451+0000] {logging_mixin.py:150} INFO - [2026-09-17T09:36:54.450+0000] {dag.py:2742} INFO - Sync 1 DAGs
[2026-09-17T09:36:54.465+0000] {logging_mixin.py:150} INFO - [2026-09-17T09:36:54.465+0000] {dag.py:3504} INFO - Setting next_dagrun for extract_dag to None, run_after=None
[2026-09-17T09:36:54.480+0000] {processor.py:179} INFO - Processing /workspaces/hands-on-introduction-data-engineering-4395021/airflow/dags/extract_dag.py took 0.058 seconds
[2026-09-17T09:37:24.891+0000] {processor.py:157} INFO - Started process (PID=40956) to work on /workspaces/hands-on-introduction-data-engineering-4395021/airflow/dags/extract_dag.py
[2026-09-17T09:37:24.891+0000] {processor.py:826} INFO - Processing file /workspaces/hands-on-introduction-data-engineering-4395021/airflow/dags/extract_dag.py for tasks to queue
[2026-09-17T09:37:24.893+0000] {logging_mixin.py:150} INFO - [2026-09-17T09:37:24.892+0000] {dagbag.py:541} INFO - Filling up the DagBag from /workspaces/hands-on-introduction-data-engineering-4395021/airflow/dags/extract_dag.py
[2026-09-17T09:37:24.902+0000] {processor.py:836} INFO - DAG(s) dict_keys(['extract_dag']) retrieved from /workspaces/hands-on-introduction-data-engineering-4395021/airflow/dags/extract_dag.py
[2026-09-17T09:37:24.923+0000] {logging_mixin.py:150} INFO - [2026-09-17T09:37:24.923+0000] {dag.py:2742} INFO - Sync 1 DAGs
[2026-09-17T09:37:24.939+0000] {logging_mixin.py:150} INFO - [2026-09-17T09:37:24.939+0000] {dag.py:3504} INFO - Setting next_dagrun for extract_dag to None, run_after=None
[2026-09-17T09:37:24.955+0000] {processor.py:179} INFO - Processing /workspaces/hands-on-introduction-data-engineering-4395021/airflow/dags/extract_dag.py took 0.066 seconds
[2026-09-17T09:37:55.361+0000] {processor.py:157} INFO - Started process (PID=41161) to work on /workspaces/hands-on-introduction-data-engineering-4395021/airflow/dags/extract_dag.py
[2026-09-17T09:37:55.362+0000] {processor.py:826} INFO - Processing file /workspaces/hands-on-introduction-data-engineering-4395021/airflow/dags/extract_dag.py for tasks to queue
[2026-09-17T09:37:55.363+0000] {logging_mixin.py:150} INFO - [2026-09-17T09:37:55.363+0000] {dagbag.py:541} INFO - Filling up the DagBag from /workspaces/hands-on-introduction-data-engineering-4395021/airflow/dags/extract_dag.py
[2026-09-17T09:37:55.371+0000] {processor.py:836} INFO - DAG(s) dict_keys(['extract_dag']) retrieved from /workspaces/hands-on-introduction-data-engineering-4395021/airflow/dags/extract_dag.py
[2026-09-17T09:37:55.387+0000] {logging_mixin.py:150} INFO - [2026-09-17T09:37:55.387+0000] {dag.py:2742} INFO - Sync 1 DAGs
[2026-09-17T09:37:55.402+0000] {logging_mixin.py:150} INFO - [2026-09-17T09:37:55.402+0000] {dag.py:3504} INFO - Setting next_dagrun for extract_dag to None, run_after=None
[2026-09-17T09:37:55.426+0000] {processor.py:179} INFO - Processing /workspaces/hands-on-introduction-data-engineering-4395021/airflow/dags/extract_dag.py took 0.068 seconds
[2026-09-17T09:38:25.828+0000] {processor.py:157} INFO - Started process (PID=41378) to work on /workspaces/hands-on-introduction-data-engineering-4395021/airflow/dags/extract_dag.py
[2026-09-17T09:38:25.829+0000] {processor.py:826} INFO - Processing file /workspaces/hands-on-introduction-data-engineering-4395021/airflow/dags/extract_dag.py for tasks to queue
[2026-09-17T09:38:25.830+0000] {logging_mixin.py:150} INFO - [2026-09-17T09:38:25.830+0000] {dagbag.py:541} INFO - Filling up the DagBag from /workspaces/hands-on-introduction-data-engineering-4395021/airflow/dags/extract_dag.py
[2026-09-17T09:38:25.838+0000] {processor.py:836} INFO - DAG(s) dict_keys(['extract_dag']) retrieved from /workspaces/hands-on-introduction-data-engineering-4395021/airflow/dags/extract_dag.py
[2026-09-17T09:38:25.855+0000] {logging_mixin.py:150} INFO - [2026-09-17T09:38:25.855+0000] {dag.py:2742} INFO - Sync 1 DAGs
[2026-09-17T09:38:25.870+0000] {logging_mixin.py:150} INFO - [2026-09-17T09:38:25.870+0000] {dag.py:3504} INFO - Setting next_dagrun for extract_dag to None, run_after=None
[2026-09-17T09:38:25.885+0000] {processor.py:179} INFO - Processing /workspaces/hands-on-introduction-data-engineering-4395021/airflow/dags/extract_dag.py took 0.059 seconds
[2026-09-17T09:38:56.321+0000] {processor.py:157} INFO - Started process (PID=41583) to work on /workspaces/hands-on-introduction-data-engineering-4395021/airflow/dags/extract_dag.py
[2026-09-17T09:38:56.322+0000] {processor.py:826} INFO - Processing file /workspaces/hands-on-introduction-data-engineering-4395021/airflow/dags/extract_dag.py for tasks to queue
[2026-09-17T09:38:56.322+0000] {logging_mixin.py:150} INFO - [2026-09-17T09:38:56.322+0000] {dagbag.py:541} INFO - Filling up the DagBag from /workspaces/hands-on-introduction-data-engineering-4395021/airflow/dags/extract_dag.py
[2026-09-17T09:38:56.331+0000] {processor.py:836} INFO - DAG(s) dict_keys(['extract_dag']) retrieved from /workspaces/hands-on-introduction-data-engineering-4395021/airflow/dags/extract_dag.py
[2026-09-17T09:38:56.348+0000] {logging_mixin.py:150} INFO - [2026-09-17T09:38:56.348+0000] {dag.py:2742} INFO - Sync 1 DAGs
[2026-09-17T09:38:56.364+0000] {logging_mixin.py:150} INFO - [2026-09-17T09:38:56.364+0000] {dag.py:3504} INFO - Setting next_dagrun for extract_dag to None, run_after=None
[2026-09-17T09:38:56.380+0000] {processor.py:179} INFO - Processing /workspaces/hands-on-introduction-data-engineering-4395021/airflow/dags/extract_dag.py took 0.062 seconds
[2026-09-17T09:39:26.782+0000] {processor.py:157} INFO - Started process (PID=41785) to work on /workspaces/hands-on-introduction-data-engineering-4395021/airflow/dags/extract_dag.py
[2026-09-17T09:39:26.783+0000] {processor.py:826} INFO - Processing file /workspaces/hands-on-introduction-data-engineering-4395021/airflow/dags/extract_dag.py for tasks to queue
[2026-09-17T09:39:26.784+0000] {logging_mixin.py:150} INFO - [2026-09-17T09:39:26.784+0000] {dagbag.py:541} INFO - Filling up the DagBag from /workspaces/hands-on-introduction-data-engineering-4395021/airflow/dags/extract_dag.py
[2026-09-17T09:39:26.792+0000] {processor.py:836} INFO - DAG(s) dict_keys(['extract_dag']) retrieved from /workspaces/hands-on-introduction-data-engineering-4395021/airflow/dags/extract_dag.py
[2026-09-17T09:39:26.812+0000] {logging_mixin.py:150} INFO - [2026-09-17T09:39:26.811+0000] {dag.py:2742} INFO - Sync 1 DAGs
[2026-09-17T09:39:26.828+0000] {logging_mixin.py:150} INFO - [2026-09-17T09:39:26.828+0000] {dag.py:3504} INFO - Setting next_dagrun for extract_dag to None, run_after=None
[2026-09-17T09:39:26.843+0000] {processor.py:179} INFO - Processing /workspaces/hands-on-introduction-data-engineering-4395021/airflow/dags/extract_dag.py took 0.064 seconds
[2026-09-17T09:39:57.260+0000] {processor.py:157} INFO - Started process (PID=41958) to work on /workspaces/hands-on-introduction-data-engineering-4395021/airflow/dags/extract_dag.py
[2026-09-17T09:39:57.260+0000] {processor.py:826} INFO - Processing file /workspaces/hands-on-introduction-data-engineering-4395021/airflow/dags/extract_dag.py for tasks to queue
[2026-09-17T09:39:57.261+0000] {logging_mixin.py:150} INFO - [2026-09-17T09:39:57.261+0000] {dagbag.py:541} INFO - Filling up the DagBag from /workspaces/hands-on-introduction-data-engineering-4395021/airflow/dags/extract_dag.py
[2026-09-17T09:39:57.270+0000] {processor.py:836} INFO - DAG(s) dict_keys(['extract_dag']) retrieved from /workspaces/hands-on-introduction-data-engineering-4395021/airflow/dags/extract_dag.py
[2026-09-17T09:39:57.286+0000] {logging_mixin.py:150} INFO - [2026-09-17T09:39:57.285+0000] {dag.py:2742} INFO - Sync 1 DAGs
[2026-09-17T09:39:57.300+0000] {logging_mixin.py:150} INFO - [2026-09-17T09:39:57.300+0000] {dag.py:3504} INFO - Setting next_dagrun for extract_dag to None, run_after=None
[2026-09-17T09:39:57.320+0000] {processor.py:179} INFO - Processing /workspaces/hands-on-introduction-data-engineering-4395021/airflow/dags/extract_dag.py took 0.063 seconds
[2026-09-17T09:40:28.361+0000] {processor.py:157} INFO - Started process (PID=42134) to work on /workspaces/hands-on-introduction-data-engineering-4395021/airflow/dags/extract_dag.py
[2026-09-17T09:40:28.362+0000] {processor.py:826} INFO - Processing file /workspaces/hands-on-introduction-data-engineering-4395021/airflow/dags/extract_dag.py for tasks to queue
[2026-09-17T09:40:28.362+0000] {logging_mixin.py:150} INFO - [2026-09-17T09:40:28.362+0000] {dagbag.py:541} INFO - Filling up the DagBag from /workspaces/hands-on-introduction-data-engineering-4395021/airflow/dags/extract_dag.py
[2026-09-17T09:40:28.371+0000] {processor.py:836} INFO - DAG(s) dict_keys(['extract_dag']) retrieved from /workspaces/hands-on-introduction-data-engineering-4395021/airflow/dags/extract_dag.py
[2026-09-17T09:40:28.387+0000] {logging_mixin.py:150} INFO - [2026-09-17T09:40:28.387+0000] {dag.py:2742} INFO - Sync 1 DAGs
[2026-09-17T09:40:28.403+0000] {logging_mixin.py:150} INFO - [2026-09-17T09:40:28.403+0000] {dag.py:3504} INFO - Setting next_dagrun for extract_dag to None, run_after=None
[2026-09-17T09:40:28.422+0000] {processor.py:179} INFO - Processing /workspaces/hands-on-introduction-data-engineering-4395021/airflow/dags/extract_dag.py took 0.064 seconds
[2026-09-17T09:40:59.221+0000] {processor.py:157} INFO - Started process (PID=42313) to work on /workspaces/hands-on-introduction-data-engineering-4395021/airflow/dags/extract_dag.py
[2026-09-17T09:40:59.222+0000] {processor.py:826} INFO - Processing file /workspaces/hands-on-introduction-data-engineering-4395021/airflow/dags/extract_dag.py for tasks to queue
[2026-09-17T09:40:59.222+0000] {logging_mixin.py:150} INFO - [2026-09-17T09:40:59.222+0000] {dagbag.py:541} INFO - Filling up the DagBag from /workspaces/hands-on-introduction-data-engineering-4395021/airflow/dags/extract_dag.py
[2026-09-17T09:40:59.231+0000] {processor.py:836} INFO - DAG(s) dict_keys(['extract_dag']) retrieved from /workspaces/hands-on-introduction-data-engineering-4395021/airflow/dags/extract_dag.py
[2026-09-17T09:40:59.248+0000] {logging_mixin.py:150} INFO - [2026-09-17T09:40:59.248+0000] {dag.py:2742} INFO - Sync 1 DAGs
[2026-09-17T09:40:59.263+0000] {logging_mixin.py:150} INFO - [2026-09-17T09:40:59.263+0000] {dag.py:3504} INFO - Setting next_dagrun for extract_dag to None, run_after=None
[2026-09-17T09:40:59.279+0000] {processor.py:179} INFO - Processing /workspaces/hands-on-introduction-data-engineering-4395021/airflow/dags/extract_dag.py took 0.061 seconds
[2026-09-17T09:41:29.672+0000] {processor.py:157} INFO - Started process (PID=42513) to work on /workspaces/hands-on-introduction-data-engineering-4395021/airflow/dags/extract_dag.py
[2026-09-17T09:41:29.673+0000] {processor.py:826} INFO - Processing file /workspaces/hands-on-introduction-data-engineering-4395021/airflow/dags/extract_dag.py for tasks to queue
[2026-09-17T09:41:29.673+0000] {logging_mixin.py:150} INFO - [2026-09-17T09:41:29.673+0000] {dagbag.py:541} INFO - Filling up the DagBag from /workspaces/hands-on-introduction-data-engineering-4395021/airflow/dags/extract_dag.py
[2026-09-17T09:41:29.682+0000] {processor.py:836} INFO - DAG(s) dict_keys(['extract_dag']) retrieved from /workspaces/hands-on-introduction-data-engineering-4395021/airflow/dags/extract_dag.py
[2026-09-17T09:41:29.699+0000] {logging_mixin.py:150} INFO - [2026-09-17T09:41:29.698+0000] {dag.py:2742} INFO - Sync 1 DAGs
[2026-09-17T09:41:29.716+0000] {logging_mixin.py:150} INFO - [2026-09-17T09:41:29.716+0000] {dag.py:3504} INFO - Setting next_dagrun for extract_dag to None, run_after=None
[2026-09-17T09:41:29.737+0000] {processor.py:179} INFO - Processing /workspaces/hands-on-introduction-data-engineering-4395021/airflow/dags/extract_dag.py took 0.068 seconds
[2026-09-17T09:42:00.127+0000] {processor.py:157} INFO - Started process (PID=42684) to work on /workspaces/hands-on-introduction-data-engineering-4395021/airflow/dags/extract_dag.py
[2026-09-17T09:42:00.128+0000] {processor.py:826} INFO - Processing file /workspaces/hands-on-introduction-data-engineering-4395021/airflow/dags/extract_dag.py for tasks to queue
[2026-09-17T09:42:00.129+0000] {logging_mixin.py:150} INFO - [2026-09-17T09:42:00.129+0000] {dagbag.py:541} INFO - Filling up the DagBag from /workspaces/hands-on-introduction-data-engineering-4395021/airflow/dags/extract_dag.py
[2026-09-17T09:42:00.138+0000] {processor.py:836} INFO - DAG(s) dict_keys(['extract_dag']) retrieved from /workspaces/hands-on-introduction-data-engineering-4395021/airflow/dags/extract_dag.py
[2026-09-17T09:42:00.156+0000] {logging_mixin.py:150} INFO - [2026-09-17T09:42:00.156+0000] {dag.py:2742} INFO - Sync 1 DAGs
[2026-09-17T09:42:00.172+0000] {logging_mixin.py:150} INFO - [2026-09-17T09:42:00.172+0000] {dag.py:3504} INFO - Setting next_dagrun for extract_dag to None, run_after=None
[2026-09-17T09:42:00.188+0000] {processor.py:179} INFO - Processing /workspaces/hands-on-introduction-data-engineering-4395021/airflow/dags/extract_dag.py took 0.064 seconds
[2026-09-17T09:42:30.590+0000] {processor.py:157} INFO - Started process (PID=42859) to work on /workspaces/hands-on-introduction-data-engineering-4395021/airflow/dags/extract_dag.py
[2026-09-17T09:42:30.590+0000] {processor.py:826} INFO - Processing file /workspaces/hands-on-introduction-data-engineering-4395021/airflow/dags/extract_dag.py for tasks to queue
[2026-09-17T09:42:30.591+0000] {logging_mixin.py:150} INFO - [2026-09-17T09:42:30.591+0000] {dagbag.py:541} INFO - Filling up the DagBag from /workspaces/hands-on-introduction-data-engineering-4395021/airflow/dags/extract_dag.py
[2026-09-17T09:42:30.601+0000] {processor.py:836} INFO - DAG(s) dict_keys(['extract_dag']) retrieved from /workspaces/hands-on-introduction-data-engineering-4395021/airflow/dags/extract_dag.py
[2026-09-17T09:42:30.623+0000] {logging_mixin.py:150} INFO - [2026-09-17T09:42:30.622+0000] {dag.py:2742} INFO - Sync 1 DAGs
[2026-09-17T09:42:30.638+0000] {logging_mixin.py:150} INFO - [2026-09-17T09:42:30.637+0000] {dag.py:3504} INFO - Setting next_dagrun for extract_dag to None, run_after=None
[2026-09-17T09:42:30.654+0000] {processor.py:179} INFO - Processing /workspaces/hands-on-introduction-data-engineering-4395021/airflow/dags/extract_dag.py took 0.067 seconds
[2026-09-17T09:43:01.063+0000] {processor.py:157} INFO - Started process (PID=43032) to work on /workspaces/hands-on-introduction-data-engineering-4395021/airflow/dags/extract_dag.py
[2026-09-17T09:43:01.064+0000] {processor.py:826} INFO - Processing file /workspaces/hands-on-introduction-data-engineering-4395021/airflow/dags/extract_dag.py for tasks to queue
[2026-09-17T09:43:01.065+0000] {logging_mixin.py:150} INFO - [2026-09-17T09:43:01.064+0000] {dagbag.py:541} INFO - Filling up the DagBag from /workspaces/hands-on-introduction-data-engineering-4395021/airflow/dags/extract_dag.py
[2026-09-17T09:43:01.073+0000] {processor.py:836} INFO - DAG(s) dict_keys(['extract_dag']) retrieved from /workspaces/hands-on-introduction-data-engineering-4395021/airflow/dags/extract_dag.py
[2026-09-17T09:43:01.091+0000] {logging_mixin.py:150} INFO - [2026-09-17T09:43:01.091+0000] {dag.py:2742} INFO - Sync 1 DAGs
[2026-09-17T09:43:01.107+0000] {logging_mixin.py:150} INFO - [2026-09-17T09:43:01.107+0000] {dag.py:3504} INFO - Setting next_dagrun for extract_dag to None, run_after=None
[2026-09-17T09:43:01.124+0000] {processor.py:179} INFO - Processing /workspaces/hands-on-introduction-data-engineering-4395021/airflow/dags/extract_dag.py took 0.063 seconds
[2026-09-17T09:43:31.525+0000] {processor.py:157} INFO - Started process (PID=43212) to work on /workspaces/hands-on-introduction-data-engineering-4395021/airflow/dags/extract_dag.py
[2026-09-17T09:43:31.526+0000] {processor.py:826} INFO - Processing file /workspaces/hands-on-introduction-data-engineering-4395021/airflow/dags/extract_dag.py for tasks to queue
[2026-09-17T09:43:31.526+0000] {logging_mixin.py:150} INFO - [2026-09-17T09:43:31.526+0000] {dagbag.py:541} INFO - Filling up the DagBag from /workspaces/hands-on-introduction-data-engineering-4395021/airflow/dags/extract_dag.py
[2026-09-17T09:43:31.535+0000] {processor.py:836} INFO - DAG(s) dict_keys(['extract_dag']) retrieved from /workspaces/hands-on-introduction-data-engineering-4395021/airflow/dags/extract_dag.py
[2026-09-17T09:43:31.552+0000] {logging_mixin.py:150} INFO - [2026-09-17T09:43:31.552+0000] {dag.py:2742} INFO - Sync 1 DAGs
[2026-09-17T09:43:31.567+0000] {logging_mixin.py:150} INFO - [2026-09-17T09:43:31.567+0000] {dag.py:3504} INFO - Setting next_dagrun for extract_dag to None, run_after=None
[2026-09-17T09:43:31.583+0000] {processor.py:179} INFO - Processing /workspaces/hands-on-introduction-data-engineering-4395021/airflow/dags/extract_dag.py took 0.061 seconds
[2026-09-17T09:44:01.983+0000] {processor.py:157} INFO - Started process (PID=43379) to work on /workspaces/hands-on-introduction-data-engineering-4395021/airflow/dags/extract_dag.py
[2026-09-17T09:44:01.984+0000] {processor.py:826} INFO - Processing file /workspaces/hands-on-introduction-data-engineering-4395021/airflow/dags/extract_dag.py for tasks to queue
[2026-09-17T09:44:01.985+0000] {logging_mixin.py:150} INFO - [2026-09-17T09:44:01.984+0000] {dagbag.py:541} INFO - Filling up the DagBag from /workspaces/hands-on-introduction-data-engineering-4395021/airflow/dags/extract_dag.py
[2026-09-17T09:44:01.994+0000] {processor.py:836} INFO - DAG(s) dict_keys(['extract_dag']) retrieved from /workspaces/hands-on-introduction-data-engineering-4395021/airflow/dags/extract_dag.py
[2026-09-17T09:44:02.015+0000] {logging_mixin.py:150} INFO - [2026-09-17T09:44:02.015+0000] {dag.py:2742} INFO - Sync 1 DAGs
[2026-09-17T09:44:02.039+0000] {logging_mixin.py:150} INFO - [2026-09-17T09:44:02.039+0000] {dag.py:3504} INFO - Setting next_dagrun for extract_dag to None, run_after=None
[2026-09-17T09:44:02.056+0000] {processor.py:179} INFO - Processing /workspaces/hands-on-introduction-data-engineering-4395021/airflow/dags/extract_dag.py took 0.076 seconds
[2026-09-17T09:44:32.450+0000] {processor.py:157} INFO - Started process (PID=43558) to work on /workspaces/hands-on-introduction-data-engineering-4395021/airflow/dags/extract_dag.py
[2026-09-17T09:44:32.451+0000] {processor.py:826} INFO - Processing file /workspaces/hands-on-introduction-data-engineering-4395021/airflow/dags/extract_dag.py for tasks to queue
[2026-09-17T09:44:32.452+0000] {logging_mixin.py:150} INFO - [2026-09-17T09:44:32.452+0000] {dagbag.py:541} INFO - Filling up the DagBag from /workspaces/hands-on-introduction-data-engineering-4395021/airflow/dags/extract_dag.py
[2026-09-17T09:44:32.461+0000] {processor.py:836} INFO - DAG(s) dict_keys(['extract_dag']) retrieved from /workspaces/hands-on-introduction-data-engineering-4395021/airflow/dags/extract_dag.py
[2026-09-17T09:44:32.482+0000] {logging_mixin.py:150} INFO - [2026-09-17T09:44:32.482+0000] {dag.py:2742} INFO - Sync 1 DAGs
[2026-09-17T09:44:32.502+0000] {logging_mixin.py:150} INFO - [2026-09-17T09:44:32.502+0000] {dag.py:3504} INFO - Setting next_dagrun for extract_dag to None, run_after=None
[2026-09-17T09:44:32.520+0000] {processor.py:179} INFO - Processing /workspaces/hands-on-introduction-data-engineering-4395021/airflow/dags/extract_dag.py took 0.072 seconds
[2026-09-17T09:45:03.037+0000] {processor.py:157} INFO - Started process (PID=43731) to work on /workspaces/hands-on-introduction-data-engineering-4395021/airflow/dags/extract_dag.py
[2026-09-17T09:45:03.038+0000] {processor.py:826} INFO - Processing file /workspaces/hands-on-introduction-data-engineering-4395021/airflow/dags/extract_dag.py for tasks to queue
[2026-09-17T09:45:03.039+0000] {logging_mixin.py:150} INFO - [2026-09-17T09:45:03.039+0000] {dagbag.py:541} INFO - Filling up the DagBag from /workspaces/hands-on-introduction-data-engineering-4395021/airflow/dags/extract_dag.py
[2026-09-17T09:45:03.048+0000] {processor.py:836} INFO - DAG(s) dict_keys(['extract_dag']) retrieved from /workspaces/hands-on-introduction-data-engineering-4395021/airflow/dags/extract_dag.py
[2026-09-17T09:45:03.066+0000] {logging_mixin.py:150} INFO - [2026-09-17T09:45:03.066+0000] {dag.py:2742} INFO - Sync 1 DAGs
[2026-09-17T09:45:03.082+0000] {logging_mixin.py:150} INFO - [2026-09-17T09:45:03.082+0000] {dag.py:3504} INFO - Setting next_dagrun for extract_dag to None, run_after=None
[2026-09-17T09:45:03.099+0000] {processor.py:179} INFO - Processing /workspaces/hands-on-introduction-data-engineering-4395021/airflow/dags/extract_dag.py took 0.064 seconds
[2026-09-17T09:45:33.595+0000] {processor.py:157} INFO - Started process (PID=43905) to work on /workspaces/hands-on-introduction-data-engineering-4395021/airflow/dags/extract_dag.py
[2026-09-17T09:45:33.596+0000] {processor.py:826} INFO - Processing file /workspaces/hands-on-introduction-data-engineering-4395021/airflow/dags/extract_dag.py for tasks to queue
[2026-09-17T09:45:33.597+0000] {logging_mixin.py:150} INFO - [2026-09-17T09:45:33.596+0000] {dagbag.py:541} INFO - Filling up the DagBag from /workspaces/hands-on-introduction-data-engineering-4395021/airflow/dags/extract_dag.py
[2026-09-17T09:45:33.607+0000] {processor.py:836} INFO - DAG(s) dict_keys(['extract_dag']) retrieved from /workspaces/hands-on-introduction-data-engineering-4395021/airflow/dags/extract_dag.py
[2026-09-17T09:45:33.630+0000] {logging_mixin.py:150} INFO - [2026-09-17T09:45:33.629+0000] {dag.py:2742} INFO - Sync 1 DAGs
[2026-09-17T09:45:33.647+0000] {logging_mixin.py:150} INFO - [2026-09-17T09:45:33.646+0000] {dag.py:3504} INFO - Setting next_dagrun for extract_dag to None, run_after=None
[2026-09-17T09:45:33.664+0000] {processor.py:179} INFO - Processing /workspaces/hands-on-introduction-data-engineering-4395021/airflow/dags/extract_dag.py took 0.072 seconds
[2026-09-17T09:46:04.062+0000] {processor.py:157} INFO - Started process (PID=44079) to work on /workspaces/hands-on-introduction-data-engineering-4395021/airflow/dags/extract_dag.py
[2026-09-17T09:46:04.063+0000] {processor.py:826} INFO - Processing file /workspaces/hands-on-introduction-data-engineering-4395021/airflow/dags/extract_dag.py for tasks to queue
[2026-09-17T09:46:04.064+0000] {logging_mixin.py:150} INFO - [2026-09-17T09:46:04.063+0000] {dagbag.py:541} INFO - Filling up the DagBag from /workspaces/hands-on-introduction-data-engineering-4395021/airflow/dags/extract_dag.py
[2026-09-17T09:46:04.072+0000] {processor.py:836} INFO - DAG(s) dict_keys(['extract_dag']) retrieved from /workspaces/hands-on-introduction-data-engineering-4395021/airflow/dags/extract_dag.py
[2026-09-17T09:46:04.089+0000] {logging_mixin.py:150} INFO - [2026-09-17T09:46:04.089+0000] {dag.py:2742} INFO - Sync 1 DAGs
[2026-09-17T09:46:04.113+0000] {logging_mixin.py:150} INFO - [2026-09-17T09:46:04.112+0000] {dag.py:3504} INFO - Setting next_dagrun for extract_dag to None, run_after=None
[2026-09-17T09:46:04.146+0000] {processor.py:179} INFO - Processing /workspaces/hands-on-introduction-data-engineering-4395021/airflow/dags/extract_dag.py took 0.086 seconds
[2026-09-17T09:46:34.543+0000] {processor.py:157} INFO - Started process (PID=44280) to work on /workspaces/hands-on-introduction-data-engineering-4395021/airflow/dags/extract_dag.py
[2026-09-17T09:46:34.544+0000] {processor.py:826} INFO - Processing file /workspaces/hands-on-introduction-data-engineering-4395021/airflow/dags/extract_dag.py for tasks to queue
[2026-09-17T09:46:34.545+0000] {logging_mixin.py:150} INFO - [2026-09-17T09:46:34.544+0000] {dagbag.py:541} INFO - Filling up the DagBag from /workspaces/hands-on-introduction-data-engineering-4395021/airflow/dags/extract_dag.py
[2026-09-17T09:46:34.554+0000] {processor.py:836} INFO - DAG(s) dict_keys(['extract_dag']) retrieved from /workspaces/hands-on-introduction-data-engineering-4395021/airflow/dags/extract_dag.py
[2026-09-17T09:46:34.572+0000] {logging_mixin.py:150} INFO - [2026-09-17T09:46:34.572+0000] {dag.py:2742} INFO - Sync 1 DAGs
[2026-09-17T09:46:34.588+0000] {logging_mixin.py:150} INFO - [2026-09-17T09:46:34.588+0000] {dag.py:3504} INFO - Setting next_dagrun for extract_dag to None, run_after=None
[2026-09-17T09:46:34.607+0000] {processor.py:179} INFO - Processing /workspaces/hands-on-introduction-data-engineering-4395021/airflow/dags/extract_dag.py took 0.067 seconds
[2026-09-17T09:47:05.001+0000] {processor.py:157} INFO - Started process (PID=44452) to work on /workspaces/hands-on-introduction-data-engineering-4395021/airflow/dags/extract_dag.py
[2026-09-17T09:47:05.003+0000] {processor.py:826} INFO - Processing file /workspaces/hands-on-introduction-data-engineering-4395021/airflow/dags/extract_dag.py for tasks to queue
[2026-09-17T09:47:05.004+0000] {logging_mixin.py:150} INFO - [2026-09-17T09:47:05.003+0000] {dagbag.py:541} INFO - Filling up the DagBag from /workspaces/hands-on-introduction-data-engineering-4395021/airflow/dags/extract_dag.py
[2026-09-17T09:47:05.021+0000] {processor.py:836} INFO - DAG(s) dict_keys(['extract_dag']) retrieved from /workspaces/hands-on-introduction-data-engineering-4395021/airflow/dags/extract_dag.py
[2026-09-17T09:47:05.047+0000] {logging_mixin.py:150} INFO - [2026-09-17T09:47:05.047+0000] {dag.py:2742} INFO - Sync 1 DAGs
[2026-09-17T09:47:05.063+0000] {logging_mixin.py:150} INFO - [2026-09-17T09:47:05.063+0000] {dag.py:3504} INFO - Setting next_dagrun for extract_dag to None, run_after=None
[2026-09-17T09:47:05.078+0000] {processor.py:179} INFO - Processing /workspaces/hands-on-introduction-data-engineering-4395021/airflow/dags/extract_dag.py took 0.082 seconds
[2026-09-17T09:47:35.477+0000] {processor.py:157} INFO - Started process (PID=44626) to work on /workspaces/hands-on-introduction-data-engineering-4395021/airflow/dags/extract_dag.py
[2026-09-17T09:47:35.478+0000] {processor.py:826} INFO - Processing file /workspaces/hands-on-introduction-data-engineering-4395021/airflow/dags/extract_dag.py for tasks to queue
[2026-09-17T09:47:35.479+0000] {logging_mixin.py:150} INFO - [2026-09-17T09:47:35.478+0000] {dagbag.py:541} INFO - Filling up the DagBag from /workspaces/hands-on-introduction-data-engineering-4395021/airflow/dags/extract_dag.py
[2026-09-17T09:47:35.488+0000] {processor.py:836} INFO - DAG(s) dict_keys(['extract_dag']) retrieved from /workspaces/hands-on-introduction-data-engineering-4395021/airflow/dags/extract_dag.py
[2026-09-17T09:47:35.507+0000] {logging_mixin.py:150} INFO - [2026-09-17T09:47:35.506+0000] {dag.py:2742} INFO - Sync 1 DAGs
[2026-09-17T09:47:35.525+0000] {logging_mixin.py:150} INFO - [2026-09-17T09:47:35.524+0000] {dag.py:3504} INFO - Setting next_dagrun for extract_dag to None, run_after=None
[2026-09-17T09:47:35.542+0000] {processor.py:179} INFO - Processing /workspaces/hands-on-introduction-data-engineering-4395021/airflow/dags/extract_dag.py took 0.068 seconds
[2026-09-17T09:48:05.947+0000] {processor.py:157} INFO - Started process (PID=44807) to work on /workspaces/hands-on-introduction-data-engineering-4395021/airflow/dags/extract_dag.py
[2026-09-17T09:48:05.948+0000] {processor.py:826} INFO - Processing file /workspaces/hands-on-introduction-data-engineering-4395021/airflow/dags/extract_dag.py for tasks to queue
[2026-09-17T09:48:05.949+0000] {logging_mixin.py:150} INFO - [2026-09-17T09:48:05.949+0000] {dagbag.py:541} INFO - Filling up the DagBag from /workspaces/hands-on-introduction-data-engineering-4395021/airflow/dags/extract_dag.py
[2026-09-17T09:48:05.958+0000] {processor.py:836} INFO - DAG(s) dict_keys(['extract_dag']) retrieved from /workspaces/hands-on-introduction-data-engineering-4395021/airflow/dags/extract_dag.py
[2026-09-17T09:48:05.976+0000] {logging_mixin.py:150} INFO - [2026-09-17T09:48:05.976+0000] {dag.py:2742} INFO - Sync 1 DAGs
[2026-09-17T09:48:05.992+0000] {logging_mixin.py:150} INFO - [2026-09-17T09:48:05.992+0000] {dag.py:3504} INFO - Setting next_dagrun for extract_dag to None, run_after=None
[2026-09-17T09:48:06.012+0000] {processor.py:179} INFO - Processing /workspaces/hands-on-introduction-data-engineering-4395021/airflow/dags/extract_dag.py took 0.068 seconds
[2026-09-17T09:48:36.415+0000] {processor.py:157} INFO - Started process (PID=44976) to work on /workspaces/hands-on-introduction-data-engineering-4395021/airflow/dags/extract_dag.py
[2026-09-17T09:48:36.419+0000] {processor.py:826} INFO - Processing file /workspaces/hands-on-introduction-data-engineering-4395021/airflow/dags/extract_dag.py for tasks to queue
[2026-09-17T09:48:36.419+0000] {logging_mixin.py:150} INFO - [2026-09-17T09:48:36.419+0000] {dagbag.py:541} INFO - Filling up the DagBag from /workspaces/hands-on-introduction-data-engineering-4395021/airflow/dags/extract_dag.py
[2026-09-17T09:48:36.428+0000] {processor.py:836} INFO - DAG(s) dict_keys(['extract_dag']) retrieved from /workspaces/hands-on-introduction-data-engineering-4395021/airflow/dags/extract_dag.py
[2026-09-17T09:48:36.444+0000] {logging_mixin.py:150} INFO - [2026-09-17T09:48:36.444+0000] {dag.py:2742} INFO - Sync 1 DAGs
[2026-09-17T09:48:36.459+0000] {logging_mixin.py:150} INFO - [2026-09-17T09:48:36.459+0000] {dag.py:3504} INFO - Setting next_dagrun for extract_dag to None, run_after=None
[2026-09-17T09:48:36.474+0000] {processor.py:179} INFO - Processing /workspaces/hands-on-introduction-data-engineering-4395021/airflow/dags/extract_dag.py took 0.062 seconds
[2026-09-17T09:49:06.878+0000] {processor.py:157} INFO - Started process (PID=45153) to work on /workspaces/hands-on-introduction-data-engineering-4395021/airflow/dags/extract_dag.py
[2026-09-17T09:49:06.879+0000] {processor.py:826} INFO - Processing file /workspaces/hands-on-introduction-data-engineering-4395021/airflow/dags/extract_dag.py for tasks to queue
[2026-09-17T09:49:06.880+0000] {logging_mixin.py:150} INFO - [2026-09-17T09:49:06.879+0000] {dagbag.py:541} INFO - Filling up the DagBag from /workspaces/hands-on-introduction-data-engineering-4395021/airflow/dags/extract_dag.py
[2026-09-17T09:49:06.888+0000] {processor.py:836} INFO - DAG(s) dict_keys(['extract_dag']) retrieved from /workspaces/hands-on-introduction-data-engineering-4395021/airflow/dags/extract_dag.py
[2026-09-17T09:49:06.905+0000] {logging_mixin.py:150} INFO - [2026-09-17T09:49:06.905+0000] {dag.py:2742} INFO - Sync 1 DAGs
[2026-09-17T09:49:06.921+0000] {logging_mixin.py:150} INFO - [2026-09-17T09:49:06.921+0000] {dag.py:3504} INFO - Setting next_dagrun for extract_dag to None, run_after=None
[2026-09-17T09:49:06.937+0000] {processor.py:179} INFO - Processing /workspaces/hands-on-introduction-data-engineering-4395021/airflow/dags/extract_dag.py took 0.062 seconds
[2026-09-17T09:49:37.348+0000] {processor.py:157} INFO - Started process (PID=45328) to work on /workspaces/hands-on-introduction-data-engineering-4395021/airflow/dags/extract_dag.py
[2026-09-17T09:49:37.349+0000] {processor.py:826} INFO - Processing file /workspaces/hands-on-introduction-data-engineering-4395021/airflow/dags/extract_dag.py for tasks to queue
[2026-09-17T09:49:37.349+0000] {logging_mixin.py:150} INFO - [2026-09-17T09:49:37.349+0000] {dagbag.py:541} INFO - Filling up the DagBag from /workspaces/hands-on-introduction-data-engineering-4395021/airflow/dags/extract_dag.py
[2026-09-17T09:49:37.358+0000] {processor.py:836} INFO - DAG(s) dict_keys(['extract_dag']) retrieved from /workspaces/hands-on-introduction-data-engineering-4395021/airflow/dags/extract_dag.py
[2026-09-17T09:49:37.375+0000] {logging_mixin.py:150} INFO - [2026-09-17T09:49:37.375+0000] {dag.py:2742} INFO - Sync 1 DAGs
[2026-09-17T09:49:37.395+0000] {logging_mixin.py:150} INFO - [2026-09-17T09:49:37.395+0000] {dag.py:3504} INFO - Setting next_dagrun for extract_dag to None, run_after=None
[2026-09-17T09:49:37.416+0000] {processor.py:179} INFO - Processing /workspaces/hands-on-introduction-data-engineering-4395021/airflow/dags/extract_dag.py took 0.071 seconds
[2026-09-17T09:50:07.820+0000] {processor.py:157} INFO - Started process (PID=45503) to work on /workspaces/hands-on-introduction-data-engineering-4395021/airflow/dags/extract_dag.py
[2026-09-17T09:50:07.821+0000] {processor.py:826} INFO - Processing file /workspaces/hands-on-introduction-data-engineering-4395021/airflow/dags/extract_dag.py for tasks to queue
[2026-09-17T09:50:07.822+0000] {logging_mixin.py:150} INFO - [2026-09-17T09:50:07.821+0000] {dagbag.py:541} INFO - Filling up the DagBag from /workspaces/hands-on-introduction-data-engineering-4395021/airflow/dags/extract_dag.py
[2026-09-17T09:50:07.831+0000] {processor.py:836} INFO - DAG(s) dict_keys(['extract_dag']) retrieved from /workspaces/hands-on-introduction-data-engineering-4395021/airflow/dags/extract_dag.py
[2026-09-17T09:50:07.848+0000] {logging_mixin.py:150} INFO - [2026-09-17T09:50:07.848+0000] {dag.py:2742} INFO - Sync 1 DAGs
[2026-09-17T09:50:07.863+0000] {logging_mixin.py:150} INFO - [2026-09-17T09:50:07.863+0000] {dag.py:3504} INFO - Setting next_dagrun for extract_dag to None, run_after=None
[2026-09-17T09:50:07.880+0000] {processor.py:179} INFO - Processing /workspaces/hands-on-introduction-data-engineering-4395021/airflow/dags/extract_dag.py took 0.063 seconds
[2026-09-17T09:50:38.284+0000] {processor.py:157} INFO - Started process (PID=45676) to work on /workspaces/hands-on-introduction-data-engineering-4395021/airflow/dags/extract_dag.py
[2026-09-17T09:50:38.285+0000] {processor.py:826} INFO - Processing file /workspaces/hands-on-introduction-data-engineering-4395021/airflow/dags/extract_dag.py for tasks to queue
[2026-09-17T09:50:38.285+0000] {logging_mixin.py:150} INFO - [2026-09-17T09:50:38.285+0000] {dagbag.py:541} INFO - Filling up the DagBag from /workspaces/hands-on-introduction-data-engineering-4395021/airflow/dags/extract_dag.py
[2026-09-17T09:50:38.294+0000] {processor.py:836} INFO - DAG(s) dict_keys(['extract_dag']) retrieved from /workspaces/hands-on-introduction-data-engineering-4395021/airflow/dags/extract_dag.py
[2026-09-17T09:50:38.315+0000] {logging_mixin.py:150} INFO - [2026-09-17T09:50:38.315+0000] {dag.py:2742} INFO - Sync 1 DAGs
[2026-09-17T09:50:38.330+0000] {logging_mixin.py:150} INFO - [2026-09-17T09:50:38.330+0000] {dag.py:3504} INFO - Setting next_dagrun for extract_dag to None, run_after=None
[2026-09-17T09:50:38.346+0000] {processor.py:179} INFO - Processing /workspaces/hands-on-introduction-data-engineering-4395021/airflow/dags/extract_dag.py took 0.064 seconds
[2026-09-17T09:51:08.851+0000] {processor.py:157} INFO - Started process (PID=45857) to work on /workspaces/hands-on-introduction-data-engineering-4395021/airflow/dags/extract_dag.py
[2026-09-17T09:51:08.852+0000] {processor.py:826} INFO - Processing file /workspaces/hands-on-introduction-data-engineering-4395021/airflow/dags/extract_dag.py for tasks to queue
[2026-09-17T09:51:08.853+0000] {logging_mixin.py:150} INFO - [2026-09-17T09:51:08.853+0000] {dagbag.py:541} INFO - Filling up the DagBag from /workspaces/hands-on-introduction-data-engineering-4395021/airflow/dags/extract_dag.py
[2026-09-17T09:51:08.862+0000] {processor.py:836} INFO - DAG(s) dict_keys(['extract_dag']) retrieved from /workspaces/hands-on-introduction-data-engineering-4395021/airflow/dags/extract_dag.py
[2026-09-17T09:51:08.878+0000] {logging_mixin.py:150} INFO - [2026-09-17T09:51:08.878+0000] {dag.py:2742} INFO - Sync 1 DAGs
[2026-09-17T09:51:08.893+0000] {logging_mixin.py:150} INFO - [2026-09-17T09:51:08.893+0000] {dag.py:3504} INFO - Setting next_dagrun for extract_dag to None, run_after=None
[2026-09-17T09:51:08.913+0000] {processor.py:179} INFO - Processing /workspaces/hands-on-introduction-data-engineering-4395021/airflow/dags/extract_dag.py took 0.065 seconds
[2026-09-17T09:51:39.327+0000] {processor.py:157} INFO - Started process (PID=46051) to work on /workspaces/hands-on-introduction-data-engineering-4395021/airflow/dags/extract_dag.py
[2026-09-17T09:51:39.328+0000] {processor.py:826} INFO - Processing file /workspaces/hands-on-introduction-data-engineering-4395021/airflow/dags/extract_dag.py for tasks to queue
[2026-09-17T09:51:39.329+0000] {logging_mixin.py:150} INFO - [2026-09-17T09:51:39.329+0000] {dagbag.py:541} INFO - Filling up the DagBag from /workspaces/hands-on-introduction-data-engineering-4395021/airflow/dags/extract_dag.py
[2026-09-17T09:51:39.339+0000] {processor.py:836} INFO - DAG(s) dict_keys(['extract_dag']) retrieved from /workspaces/hands-on-introduction-data-engineering-4395021/airflow/dags/extract_dag.py
[2026-09-17T09:51:39.355+0000] {logging_mixin.py:150} INFO - [2026-09-17T09:51:39.355+0000] {dag.py:2742} INFO - Sync 1 DAGs
[2026-09-17T09:51:39.370+0000] {logging_mixin.py:150} INFO - [2026-09-17T09:51:39.369+0000] {dag.py:3504} INFO - Setting next_dagrun for extract_dag to None, run_after=None
[2026-09-17T09:51:39.385+0000] {processor.py:179} INFO - Processing /workspaces/hands-on-introduction-data-engineering-4395021/airflow/dags/extract_dag.py took 0.062 seconds
[2026-09-17T09:52:09.783+0000] {processor.py:157} INFO - Started process (PID=46226) to work on /workspaces/hands-on-introduction-data-engineering-4395021/airflow/dags/extract_dag.py
[2026-09-17T09:52:09.784+0000] {processor.py:826} INFO - Processing file /workspaces/hands-on-introduction-data-engineering-4395021/airflow/dags/extract_dag.py for tasks to queue
[2026-09-17T09:52:09.784+0000] {logging_mixin.py:150} INFO - [2026-09-17T09:52:09.784+0000] {dagbag.py:541} INFO - Filling up the DagBag from /workspaces/hands-on-introduction-data-engineering-4395021/airflow/dags/extract_dag.py
[2026-09-17T09:52:09.793+0000] {processor.py:836} INFO - DAG(s) dict_keys(['extract_dag']) retrieved from /workspaces/hands-on-introduction-data-engineering-4395021/airflow/dags/extract_dag.py
[2026-09-17T09:52:09.815+0000] {logging_mixin.py:150} INFO - [2026-09-17T09:52:09.815+0000] {dag.py:2742} INFO - Sync 1 DAGs
[2026-09-17T09:52:09.832+0000] {logging_mixin.py:150} INFO - [2026-09-17T09:52:09.832+0000] {dag.py:3504} INFO - Setting next_dagrun for extract_dag to None, run_after=None
[2026-09-17T09:52:09.849+0000] {processor.py:179} INFO - Processing /workspaces/hands-on-introduction-data-engineering-4395021/airflow/dags/extract_dag.py took 0.069 seconds
[2026-09-17T09:52:40.257+0000] {processor.py:157} INFO - Started process (PID=46406) to work on /workspaces/hands-on-introduction-data-engineering-4395021/airflow/dags/extract_dag.py
[2026-09-17T09:52:40.258+0000] {processor.py:826} INFO - Processing file /workspaces/hands-on-introduction-data-engineering-4395021/airflow/dags/extract_dag.py for tasks to queue
[2026-09-17T09:52:40.259+0000] {logging_mixin.py:150} INFO - [2026-09-17T09:52:40.258+0000] {dagbag.py:541} INFO - Filling up the DagBag from /workspaces/hands-on-introduction-data-engineering-4395021/airflow/dags/extract_dag.py
[2026-09-17T09:52:40.273+0000] {processor.py:836} INFO - DAG(s) dict_keys(['extract_dag']) retrieved from /workspaces/hands-on-introduction-data-engineering-4395021/airflow/dags/extract_dag.py
[2026-09-17T09:52:40.296+0000] {logging_mixin.py:150} INFO - [2026-09-17T09:52:40.296+0000] {dag.py:2742} INFO - Sync 1 DAGs
[2026-09-17T09:52:40.319+0000] {logging_mixin.py:150} INFO - [2026-09-17T09:52:40.319+0000] {dag.py:3504} INFO - Setting next_dagrun for extract_dag to None, run_after=None
[2026-09-17T09:52:40.350+0000] {processor.py:179} INFO - Processing /workspaces/hands-on-introduction-data-engineering-4395021/airflow/dags/extract_dag.py took 0.097 seconds
[2026-09-17T09:53:10.723+0000] {processor.py:157} INFO - Started process (PID=46574) to work on /workspaces/hands-on-introduction-data-engineering-4395021/airflow/dags/extract_dag.py
[2026-09-17T09:53:10.724+0000] {processor.py:826} INFO - Processing file /workspaces/hands-on-introduction-data-engineering-4395021/airflow/dags/extract_dag.py for tasks to queue
[2026-09-17T09:53:10.726+0000] {logging_mixin.py:150} INFO - [2026-09-17T09:53:10.726+0000] {dagbag.py:541} INFO - Filling up the DagBag from /workspaces/hands-on-introduction-data-engineering-4395021/airflow/dags/extract_dag.py
[2026-09-17T09:53:10.744+0000] {processor.py:836} INFO - DAG(s) dict_keys(['extract_dag']) retrieved from /workspaces/hands-on-introduction-data-engineering-4395021/airflow/dags/extract_dag.py
[2026-09-17T09:53:10.768+0000] {logging_mixin.py:150} INFO - [2026-09-17T09:53:10.768+0000] {dag.py:2742} INFO - Sync 1 DAGs
[2026-09-17T09:53:10.793+0000] {logging_mixin.py:150} INFO - [2026-09-17T09:53:10.793+0000] {dag.py:3504} INFO - Setting next_dagrun for extract_dag to None, run_after=None
[2026-09-17T09:53:10.818+0000] {processor.py:179} INFO - Processing /workspaces/hands-on-introduction-data-engineering-4395021/airflow/dags/extract_dag.py took 0.102 seconds
[2026-09-17T09:53:41.197+0000] {processor.py:157} INFO - Started process (PID=46756) to work on /workspaces/hands-on-introduction-data-engineering-4395021/airflow/dags/extract_dag.py
[2026-09-17T09:53:41.198+0000] {processor.py:826} INFO - Processing file /workspaces/hands-on-introduction-data-engineering-4395021/airflow/dags/extract_dag.py for tasks to queue
[2026-09-17T09:53:41.199+0000] {logging_mixin.py:150} INFO - [2026-09-17T09:53:41.198+0000] {dagbag.py:541} INFO - Filling up the DagBag from /workspaces/hands-on-introduction-data-engineering-4395021/airflow/dags/extract_dag.py
[2026-09-17T09:53:41.210+0000] {processor.py:836} INFO - DAG(s) dict_keys(['extract_dag']) retrieved from /workspaces/hands-on-introduction-data-engineering-4395021/airflow/dags/extract_dag.py
[2026-09-17T09:53:41.229+0000] {logging_mixin.py:150} INFO - [2026-09-17T09:53:41.229+0000] {dag.py:2742} INFO - Sync 1 DAGs
[2026-09-17T09:53:41.244+0000] {logging_mixin.py:150} INFO - [2026-09-17T09:53:41.244+0000] {dag.py:3504} INFO - Setting next_dagrun for extract_dag to None, run_after=None
[2026-09-17T09:53:41.259+0000] {processor.py:179} INFO - Processing /workspaces/hands-on-introduction-data-engineering-4395021/airflow/dags/extract_dag.py took 0.064 seconds
[2026-09-17T09:54:11.651+0000] {processor.py:157} INFO - Started process (PID=46929) to work on /workspaces/hands-on-introduction-data-engineering-4395021/airflow/dags/extract_dag.py
[2026-09-17T09:54:11.652+0000] {processor.py:826} INFO - Processing file /workspaces/hands-on-introduction-data-engineering-4395021/airflow/dags/extract_dag.py for tasks to queue
[2026-09-17T09:54:11.653+0000] {logging_mixin.py:150} INFO - [2026-09-17T09:54:11.653+0000] {dagbag.py:541} INFO - Filling up the DagBag from /workspaces/hands-on-introduction-data-engineering-4395021/airflow/dags/extract_dag.py
[2026-09-17T09:54:11.661+0000] {processor.py:836} INFO - DAG(s) dict_keys(['extract_dag']) retrieved from /workspaces/hands-on-introduction-data-engineering-4395021/airflow/dags/extract_dag.py
[2026-09-17T09:54:11.678+0000] {logging_mixin.py:150} INFO - [2026-09-17T09:54:11.678+0000] {dag.py:2742} INFO - Sync 1 DAGs
[2026-09-17T09:54:11.693+0000] {logging_mixin.py:150} INFO - [2026-09-17T09:54:11.693+0000] {dag.py:3504} INFO - Setting next_dagrun for extract_dag to None, run_after=None
[2026-09-17T09:54:11.711+0000] {processor.py:179} INFO - Processing /workspaces/hands-on-introduction-data-engineering-4395021/airflow/dags/extract_dag.py took 0.063 seconds
[2026-09-17T09:54:42.120+0000] {processor.py:157} INFO - Started process (PID=47104) to work on /workspaces/hands-on-introduction-data-engineering-4395021/airflow/dags/extract_dag.py
[2026-09-17T09:54:42.121+0000] {processor.py:826} INFO - Processing file /workspaces/hands-on-introduction-data-engineering-4395021/airflow/dags/extract_dag.py for tasks to queue
[2026-09-17T09:54:42.122+0000] {logging_mixin.py:150} INFO - [2026-09-17T09:54:42.121+0000] {dagbag.py:541} INFO - Filling up the DagBag from /workspaces/hands-on-introduction-data-engineering-4395021/airflow/dags/extract_dag.py
[2026-09-17T09:54:42.131+0000] {processor.py:836} INFO - DAG(s) dict_keys(['extract_dag']) retrieved from /workspaces/hands-on-introduction-data-engineering-4395021/airflow/dags/extract_dag.py
[2026-09-17T09:54:42.148+0000] {logging_mixin.py:150} INFO - [2026-09-17T09:54:42.148+0000] {dag.py:2742} INFO - Sync 1 DAGs
[2026-09-17T09:54:42.163+0000] {logging_mixin.py:150} INFO - [2026-09-17T09:54:42.163+0000] {dag.py:3504} INFO - Setting next_dagrun for extract_dag to None, run_after=None
[2026-09-17T09:54:42.178+0000] {processor.py:179} INFO - Processing /workspaces/hands-on-introduction-data-engineering-4395021/airflow/dags/extract_dag.py took 0.062 seconds
[2026-09-17T09:55:12.585+0000] {processor.py:157} INFO - Started process (PID=47277) to work on /workspaces/hands-on-introduction-data-engineering-4395021/airflow/dags/extract_dag.py
[2026-09-17T09:55:12.586+0000] {processor.py:826} INFO - Processing file /workspaces/hands-on-introduction-data-engineering-4395021/airflow/dags/extract_dag.py for tasks to queue
[2026-09-17T09:55:12.587+0000] {logging_mixin.py:150} INFO - [2026-09-17T09:55:12.586+0000] {dagbag.py:541} INFO - Filling up the DagBag from /workspaces/hands-on-introduction-data-engineering-4395021/airflow/dags/extract_dag.py
[2026-09-17T09:55:12.595+0000] {processor.py:836} INFO - DAG(s) dict_keys(['extract_dag']) retrieved from /workspaces/hands-on-introduction-data-engineering-4395021/airflow/dags/extract_dag.py
[2026-09-17T09:55:12.616+0000] {logging_mixin.py:150} INFO - [2026-09-17T09:55:12.615+0000] {dag.py:2742} INFO - Sync 1 DAGs
[2026-09-17T09:55:12.631+0000] {logging_mixin.py:150} INFO - [2026-09-17T09:55:12.631+0000] {dag.py:3504} INFO - Setting next_dagrun for extract_dag to None, run_after=None
[2026-09-17T09:55:12.646+0000] {processor.py:179} INFO - Processing /workspaces/hands-on-introduction-data-engineering-4395021/airflow/dags/extract_dag.py took 0.064 seconds
[2026-09-17T09:55:43.168+0000] {processor.py:157} INFO - Started process (PID=47458) to work on /workspaces/hands-on-introduction-data-engineering-4395021/airflow/dags/extract_dag.py
[2026-09-17T09:55:43.169+0000] {processor.py:826} INFO - Processing file /workspaces/hands-on-introduction-data-engineering-4395021/airflow/dags/extract_dag.py for tasks to queue
[2026-09-17T09:55:43.170+0000] {logging_mixin.py:150} INFO - [2026-09-17T09:55:43.169+0000] {dagbag.py:541} INFO - Filling up the DagBag from /workspaces/hands-on-introduction-data-engineering-4395021/airflow/dags/extract_dag.py
[2026-09-17T09:55:43.183+0000] {processor.py:836} INFO - DAG(s) dict_keys(['extract_dag']) retrieved from /workspaces/hands-on-introduction-data-engineering-4395021/airflow/dags/extract_dag.py
[2026-09-17T09:55:43.210+0000] {logging_mixin.py:150} INFO - [2026-09-17T09:55:43.210+0000] {dag.py:2742} INFO - Sync 1 DAGs
[2026-09-17T09:55:43.234+0000] {logging_mixin.py:150} INFO - [2026-09-17T09:55:43.234+0000] {dag.py:3504} INFO - Setting next_dagrun for extract_dag to None, run_after=None
[2026-09-17T09:55:43.254+0000] {processor.py:179} INFO - Processing /workspaces/hands-on-introduction-data-engineering-4395021/airflow/dags/extract_dag.py took 0.090 seconds
[2026-09-17T09:56:13.626+0000] {processor.py:157} INFO - Started process (PID=47638) to work on /workspaces/hands-on-introduction-data-engineering-4395021/airflow/dags/extract_dag.py
[2026-09-17T09:56:13.627+0000] {processor.py:826} INFO - Processing file /workspaces/hands-on-introduction-data-engineering-4395021/airflow/dags/extract_dag.py for tasks to queue
[2026-09-17T09:56:13.628+0000] {logging_mixin.py:150} INFO - [2026-09-17T09:56:13.627+0000] {dagbag.py:541} INFO - Filling up the DagBag from /workspaces/hands-on-introduction-data-engineering-4395021/airflow/dags/extract_dag.py
[2026-09-17T09:56:13.636+0000] {processor.py:836} INFO - DAG(s) dict_keys(['extract_dag']) retrieved from /workspaces/hands-on-introduction-data-engineering-4395021/airflow/dags/extract_dag.py
[2026-09-17T09:56:13.654+0000] {logging_mixin.py:150} INFO - [2026-09-17T09:56:13.654+0000] {dag.py:2742} INFO - Sync 1 DAGs
[2026-09-17T09:56:13.670+0000] {logging_mixin.py:150} INFO - [2026-09-17T09:56:13.670+0000] {dag.py:3504} INFO - Setting next_dagrun for extract_dag to None, run_after=None
[2026-09-17T09:56:13.685+0000] {processor.py:179} INFO - Processing /workspaces/hands-on-introduction-data-engineering-4395021/airflow/dags/extract_dag.py took 0.061 seconds
[2026-09-17T09:56:44.099+0000] {processor.py:157} INFO - Started process (PID=47832) to work on /workspaces/hands-on-introduction-data-engineering-4395021/airflow/dags/extract_dag.py
[2026-09-17T09:56:44.100+0000] {processor.py:826} INFO - Processing file /workspaces/hands-on-introduction-data-engineering-4395021/airflow/dags/extract_dag.py for tasks to queue
[2026-09-17T09:56:44.102+0000] {logging_mixin.py:150} INFO - [2026-09-17T09:56:44.100+0000] {dagbag.py:541} INFO - Filling up the DagBag from /workspaces/hands-on-introduction-data-engineering-4395021/airflow/dags/extract_dag.py
[2026-09-17T09:56:44.112+0000] {processor.py:836} INFO - DAG(s) dict_keys(['extract_dag']) retrieved from /workspaces/hands-on-introduction-data-engineering-4395021/airflow/dags/extract_dag.py
[2026-09-17T09:56:44.130+0000] {logging_mixin.py:150} INFO - [2026-09-17T09:56:44.130+0000] {dag.py:2742} INFO - Sync 1 DAGs
[2026-09-17T09:56:44.146+0000] {logging_mixin.py:150} INFO - [2026-09-17T09:56:44.146+0000] {dag.py:3504} INFO - Setting next_dagrun for extract_dag to None, run_after=None
[2026-09-17T09:56:44.162+0000] {processor.py:179} INFO - Processing /workspaces/hands-on-introduction-data-engineering-4395021/airflow/dags/extract_dag.py took 0.065 seconds
[2026-09-17T09:57:14.672+0000] {processor.py:157} INFO - Started process (PID=48013) to work on /workspaces/hands-on-introduction-data-engineering-4395021/airflow/dags/extract_dag.py
[2026-09-17T09:57:14.673+0000] {processor.py:826} INFO - Processing file /workspaces/hands-on-introduction-data-engineering-4395021/airflow/dags/extract_dag.py for tasks to queue
[2026-09-17T09:57:14.674+0000] {logging_mixin.py:150} INFO - [2026-09-17T09:57:14.673+0000] {dagbag.py:541} INFO - Filling up the DagBag from /workspaces/hands-on-introduction-data-engineering-4395021/airflow/dags/extract_dag.py
[2026-09-17T09:57:14.682+0000] {processor.py:836} INFO - DAG(s) dict_keys(['extract_dag']) retrieved from /workspaces/hands-on-introduction-data-engineering-4395021/airflow/dags/extract_dag.py
[2026-09-17T09:57:14.699+0000] {logging_mixin.py:150} INFO - [2026-09-17T09:57:14.699+0000] {dag.py:2742} INFO - Sync 1 DAGs
[2026-09-17T09:57:14.720+0000] {logging_mixin.py:150} INFO - [2026-09-17T09:57:14.720+0000] {dag.py:3504} INFO - Setting next_dagrun for extract_dag to None, run_after=None
[2026-09-17T09:57:14.737+0000] {processor.py:179} INFO - Processing /workspaces/hands-on-introduction-data-engineering-4395021/airflow/dags/extract_dag.py took 0.067 seconds
[2026-09-17T09:57:45.146+0000] {processor.py:157} INFO - Started process (PID=48181) to work on /workspaces/hands-on-introduction-data-engineering-4395021/airflow/dags/extract_dag.py
[2026-09-17T09:57:45.147+0000] {processor.py:826} INFO - Processing file /workspaces/hands-on-introduction-data-engineering-4395021/airflow/dags/extract_dag.py for tasks to queue
[2026-09-17T09:57:45.148+0000] {logging_mixin.py:150} INFO - [2026-09-17T09:57:45.147+0000] {dagbag.py:541} INFO - Filling up the DagBag from /workspaces/hands-on-introduction-data-engineering-4395021/airflow/dags/extract_dag.py
[2026-09-17T09:57:45.156+0000] {processor.py:836} INFO - DAG(s) dict_keys(['extract_dag']) retrieved from /workspaces/hands-on-introduction-data-engineering-4395021/airflow/dags/extract_dag.py
[2026-09-17T09:57:45.172+0000] {logging_mixin.py:150} INFO - [2026-09-17T09:57:45.172+0000] {dag.py:2742} INFO - Sync 1 DAGs
[2026-09-17T09:57:45.187+0000] {logging_mixin.py:150} INFO - [2026-09-17T09:57:45.186+0000] {dag.py:3504} INFO - Setting next_dagrun for extract_dag to None, run_after=None
[2026-09-17T09:57:45.204+0000] {processor.py:179} INFO - Processing /workspaces/hands-on-introduction-data-engineering-4395021/airflow/dags/extract_dag.py took 0.060 seconds
[2026-09-17T09:58:15.636+0000] {processor.py:157} INFO - Started process (PID=48361) to work on /workspaces/hands-on-introduction-data-engineering-4395021/airflow/dags/extract_dag.py
[2026-09-17T09:58:15.637+0000] {processor.py:826} INFO - Processing file /workspaces/hands-on-introduction-data-engineering-4395021/airflow/dags/extract_dag.py for tasks to queue
[2026-09-17T09:58:15.638+0000] {logging_mixin.py:150} INFO - [2026-09-17T09:58:15.637+0000] {dagbag.py:541} INFO - Filling up the DagBag from /workspaces/hands-on-introduction-data-engineering-4395021/airflow/dags/extract_dag.py
[2026-09-17T09:58:15.646+0000] {processor.py:836} INFO - DAG(s) dict_keys(['extract_dag']) retrieved from /workspaces/hands-on-introduction-data-engineering-4395021/airflow/dags/extract_dag.py
[2026-09-17T09:58:15.662+0000] {logging_mixin.py:150} INFO - [2026-09-17T09:58:15.662+0000] {dag.py:2742} INFO - Sync 1 DAGs
[2026-09-17T09:58:15.677+0000] {logging_mixin.py:150} INFO - [2026-09-17T09:58:15.677+0000] {dag.py:3504} INFO - Setting next_dagrun for extract_dag to None, run_after=None
[2026-09-17T09:58:15.693+0000] {processor.py:179} INFO - Processing /workspaces/hands-on-introduction-data-engineering-4395021/airflow/dags/extract_dag.py took 0.059 seconds
[2026-09-17T09:58:46.092+0000] {processor.py:157} INFO - Started process (PID=48535) to work on /workspaces/hands-on-introduction-data-engineering-4395021/airflow/dags/extract_dag.py
[2026-09-17T09:58:46.093+0000] {processor.py:826} INFO - Processing file /workspaces/hands-on-introduction-data-engineering-4395021/airflow/dags/extract_dag.py for tasks to queue
[2026-09-17T09:58:46.094+0000] {logging_mixin.py:150} INFO - [2026-09-17T09:58:46.093+0000] {dagbag.py:541} INFO - Filling up the DagBag from /workspaces/hands-on-introduction-data-engineering-4395021/airflow/dags/extract_dag.py
[2026-09-17T09:58:46.102+0000] {processor.py:836} INFO - DAG(s) dict_keys(['extract_dag']) retrieved from /workspaces/hands-on-introduction-data-engineering-4395021/airflow/dags/extract_dag.py
[2026-09-17T09:58:46.123+0000] {logging_mixin.py:150} INFO - [2026-09-17T09:58:46.123+0000] {dag.py:2742} INFO - Sync 1 DAGs
[2026-09-17T09:58:46.137+0000] {logging_mixin.py:150} INFO - [2026-09-17T09:58:46.137+0000] {dag.py:3504} INFO - Setting next_dagrun for extract_dag to None, run_after=None
[2026-09-17T09:58:46.152+0000] {processor.py:179} INFO - Processing /workspaces/hands-on-introduction-data-engineering-4395021/airflow/dags/extract_dag.py took 0.063 seconds
[2026-09-17T09:59:16.567+0000] {processor.py:157} INFO - Started process (PID=48711) to work on /workspaces/hands-on-introduction-data-engineering-4395021/airflow/dags/extract_dag.py
[2026-09-17T09:59:16.568+0000] {processor.py:826} INFO - Processing file /workspaces/hands-on-introduction-data-engineering-4395021/airflow/dags/extract_dag.py for tasks to queue
[2026-09-17T09:59:16.569+0000] {logging_mixin.py:150} INFO - [2026-09-17T09:59:16.569+0000] {dagbag.py:541} INFO - Filling up the DagBag from /workspaces/hands-on-introduction-data-engineering-4395021/airflow/dags/extract_dag.py
[2026-09-17T09:59:16.578+0000] {processor.py:836} INFO - DAG(s) dict_keys(['extract_dag']) retrieved from /workspaces/hands-on-introduction-data-engineering-4395021/airflow/dags/extract_dag.py
[2026-09-17T09:59:16.594+0000] {logging_mixin.py:150} INFO - [2026-09-17T09:59:16.594+0000] {dag.py:2742} INFO - Sync 1 DAGs
[2026-09-17T09:59:16.611+0000] {logging_mixin.py:150} INFO - [2026-09-17T09:59:16.611+0000] {dag.py:3504} INFO - Setting next_dagrun for extract_dag to None, run_after=None
[2026-09-17T09:59:16.633+0000] {processor.py:179} INFO - Processing /workspaces/hands-on-introduction-data-engineering-4395021/airflow/dags/extract_dag.py took 0.068 seconds
[2026-09-17T09:59:47.061+0000] {processor.py:157} INFO - Started process (PID=48885) to work on /workspaces/hands-on-introduction-data-engineering-4395021/airflow/dags/extract_dag.py
[2026-09-17T09:59:47.062+0000] {processor.py:826} INFO - Processing file /workspaces/hands-on-introduction-data-engineering-4395021/airflow/dags/extract_dag.py for tasks to queue
[2026-09-17T09:59:47.063+0000] {logging_mixin.py:150} INFO - [2026-09-17T09:59:47.062+0000] {dagbag.py:541} INFO - Filling up the DagBag from /workspaces/hands-on-introduction-data-engineering-4395021/airflow/dags/extract_dag.py
[2026-09-17T09:59:47.071+0000] {processor.py:836} INFO - DAG(s) dict_keys(['extract_dag']) retrieved from /workspaces/hands-on-introduction-data-engineering-4395021/airflow/dags/extract_dag.py
[2026-09-17T09:59:47.087+0000] {logging_mixin.py:150} INFO - [2026-09-17T09:59:47.087+0000] {dag.py:2742} INFO - Sync 1 DAGs
[2026-09-17T09:59:47.103+0000] {logging_mixin.py:150} INFO - [2026-09-17T09:59:47.102+0000] {dag.py:3504} INFO - Setting next_dagrun for extract_dag to None, run_after=None
[2026-09-17T09:59:47.123+0000] {processor.py:179} INFO - Processing /workspaces/hands-on-introduction-data-engineering-4395021/airflow/dags/extract_dag.py took 0.065 seconds
[2026-09-17T10:00:17.620+0000] {processor.py:157} INFO - Started process (PID=49065) to work on /workspaces/hands-on-introduction-data-engineering-4395021/airflow/dags/extract_dag.py
[2026-09-17T10:00:17.621+0000] {processor.py:826} INFO - Processing file /workspaces/hands-on-introduction-data-engineering-4395021/airflow/dags/extract_dag.py for tasks to queue
[2026-09-17T10:00:17.622+0000] {logging_mixin.py:150} INFO - [2026-09-17T10:00:17.621+0000] {dagbag.py:541} INFO - Filling up the DagBag from /workspaces/hands-on-introduction-data-engineering-4395021/airflow/dags/extract_dag.py
[2026-09-17T10:00:17.630+0000] {processor.py:836} INFO - DAG(s) dict_keys(['extract_dag']) retrieved from /workspaces/hands-on-introduction-data-engineering-4395021/airflow/dags/extract_dag.py
[2026-09-17T10:00:17.646+0000] {logging_mixin.py:150} INFO - [2026-09-17T10:00:17.646+0000] {dag.py:2742} INFO - Sync 1 DAGs
[2026-09-17T10:00:17.661+0000] {logging_mixin.py:150} INFO - [2026-09-17T10:00:17.661+0000] {dag.py:3504} INFO - Setting next_dagrun for extract_dag to None, run_after=None
[2026-09-17T10:00:17.677+0000] {processor.py:179} INFO - Processing /workspaces/hands-on-introduction-data-engineering-4395021/airflow/dags/extract_dag.py took 0.060 seconds
[2026-09-17T10:00:48.093+0000] {processor.py:157} INFO - Started process (PID=49240) to work on /workspaces/hands-on-introduction-data-engineering-4395021/airflow/dags/extract_dag.py
[2026-09-17T10:00:48.094+0000] {processor.py:826} INFO - Processing file /workspaces/hands-on-introduction-data-engineering-4395021/airflow/dags/extract_dag.py for tasks to queue
[2026-09-17T10:00:48.095+0000] {logging_mixin.py:150} INFO - [2026-09-17T10:00:48.094+0000] {dagbag.py:541} INFO - Filling up the DagBag from /workspaces/hands-on-introduction-data-engineering-4395021/airflow/dags/extract_dag.py
[2026-09-17T10:00:48.104+0000] {processor.py:836} INFO - DAG(s) dict_keys(['extract_dag']) retrieved from /workspaces/hands-on-introduction-data-engineering-4395021/airflow/dags/extract_dag.py
[2026-09-17T10:00:48.125+0000] {logging_mixin.py:150} INFO - [2026-09-17T10:00:48.125+0000] {dag.py:2742} INFO - Sync 1 DAGs
[2026-09-17T10:00:48.140+0000] {logging_mixin.py:150} INFO - [2026-09-17T10:00:48.140+0000] {dag.py:3504} INFO - Setting next_dagrun for extract_dag to None, run_after=None
[2026-09-17T10:00:48.155+0000] {processor.py:179} INFO - Processing /workspaces/hands-on-introduction-data-engineering-4395021/airflow/dags/extract_dag.py took 0.066 seconds
[2026-09-17T10:01:18.556+0000] {processor.py:157} INFO - Started process (PID=49413) to work on /workspaces/hands-on-introduction-data-engineering-4395021/airflow/dags/extract_dag.py
[2026-09-17T10:01:18.556+0000] {processor.py:826} INFO - Processing file /workspaces/hands-on-introduction-data-engineering-4395021/airflow/dags/extract_dag.py for tasks to queue
[2026-09-17T10:01:18.557+0000] {logging_mixin.py:150} INFO - [2026-09-17T10:01:18.557+0000] {dagbag.py:541} INFO - Filling up the DagBag from /workspaces/hands-on-introduction-data-engineering-4395021/airflow/dags/extract_dag.py
[2026-09-17T10:01:18.566+0000] {processor.py:836} INFO - DAG(s) dict_keys(['extract_dag']) retrieved from /workspaces/hands-on-introduction-data-engineering-4395021/airflow/dags/extract_dag.py
[2026-09-17T10:01:18.583+0000] {logging_mixin.py:150} INFO - [2026-09-17T10:01:18.583+0000] {dag.py:2742} INFO - Sync 1 DAGs
[2026-09-17T10:01:18.598+0000] {logging_mixin.py:150} INFO - [2026-09-17T10:01:18.598+0000] {dag.py:3504} INFO - Setting next_dagrun for extract_dag to None, run_after=None
[2026-09-17T10:01:18.618+0000] {processor.py:179} INFO - Processing /workspaces/hands-on-introduction-data-engineering-4395021/airflow/dags/extract_dag.py took 0.065 seconds
[2026-09-17T10:01:49.033+0000] {processor.py:157} INFO - Started process (PID=49613) to work on /workspaces/hands-on-introduction-data-engineering-4395021/airflow/dags/extract_dag.py
[2026-09-17T10:01:49.034+0000] {processor.py:826} INFO - Processing file /workspaces/hands-on-introduction-data-engineering-4395021/airflow/dags/extract_dag.py for tasks to queue
[2026-09-17T10:01:49.035+0000] {logging_mixin.py:150} INFO - [2026-09-17T10:01:49.034+0000] {dagbag.py:541} INFO - Filling up the DagBag from /workspaces/hands-on-introduction-data-engineering-4395021/airflow/dags/extract_dag.py
[2026-09-17T10:01:49.043+0000] {processor.py:836} INFO - DAG(s) dict_keys(['extract_dag']) retrieved from /workspaces/hands-on-introduction-data-engineering-4395021/airflow/dags/extract_dag.py
[2026-09-17T10:01:49.060+0000] {logging_mixin.py:150} INFO - [2026-09-17T10:01:49.060+0000] {dag.py:2742} INFO - Sync 1 DAGs
[2026-09-17T10:01:49.075+0000] {logging_mixin.py:150} INFO - [2026-09-17T10:01:49.074+0000] {dag.py:3504} INFO - Setting next_dagrun for extract_dag to None, run_after=None
[2026-09-17T10:01:49.090+0000] {processor.py:179} INFO - Processing /workspaces/hands-on-introduction-data-engineering-4395021/airflow/dags/extract_dag.py took 0.060 seconds
[2026-09-17T10:02:19.497+0000] {processor.py:157} INFO - Started process (PID=49778) to work on /workspaces/hands-on-introduction-data-engineering-4395021/airflow/dags/extract_dag.py
[2026-09-17T10:02:19.498+0000] {processor.py:826} INFO - Processing file /workspaces/hands-on-introduction-data-engineering-4395021/airflow/dags/extract_dag.py for tasks to queue
[2026-09-17T10:02:19.498+0000] {logging_mixin.py:150} INFO - [2026-09-17T10:02:19.498+0000] {dagbag.py:541} INFO - Filling up the DagBag from /workspaces/hands-on-introduction-data-engineering-4395021/airflow/dags/extract_dag.py
[2026-09-17T10:02:19.511+0000] {processor.py:836} INFO - DAG(s) dict_keys(['extract_dag']) retrieved from /workspaces/hands-on-introduction-data-engineering-4395021/airflow/dags/extract_dag.py
[2026-09-17T10:02:19.529+0000] {logging_mixin.py:150} INFO - [2026-09-17T10:02:19.529+0000] {dag.py:2742} INFO - Sync 1 DAGs
[2026-09-17T10:02:19.543+0000] {logging_mixin.py:150} INFO - [2026-09-17T10:02:19.543+0000] {dag.py:3504} INFO - Setting next_dagrun for extract_dag to None, run_after=None
[2026-09-17T10:02:19.558+0000] {processor.py:179} INFO - Processing /workspaces/hands-on-introduction-data-engineering-4395021/airflow/dags/extract_dag.py took 0.064 seconds
[2026-09-17T10:02:49.967+0000] {processor.py:157} INFO - Started process (PID=49957) to work on /workspaces/hands-on-introduction-data-engineering-4395021/airflow/dags/extract_dag.py
[2026-09-17T10:02:49.967+0000] {processor.py:826} INFO - Processing file /workspaces/hands-on-introduction-data-engineering-4395021/airflow/dags/extract_dag.py for tasks to queue
[2026-09-17T10:02:49.968+0000] {logging_mixin.py:150} INFO - [2026-09-17T10:02:49.968+0000] {dagbag.py:541} INFO - Filling up the DagBag from /workspaces/hands-on-introduction-data-engineering-4395021/airflow/dags/extract_dag.py
[2026-09-17T10:02:49.978+0000] {processor.py:836} INFO - DAG(s) dict_keys(['extract_dag']) retrieved from /workspaces/hands-on-introduction-data-engineering-4395021/airflow/dags/extract_dag.py
[2026-09-17T10:02:49.995+0000] {logging_mixin.py:150} INFO - [2026-09-17T10:02:49.995+0000] {dag.py:2742} INFO - Sync 1 DAGs
[2026-09-17T10:02:50.010+0000] {logging_mixin.py:150} INFO - [2026-09-17T10:02:50.010+0000] {dag.py:3504} INFO - Setting next_dagrun for extract_dag to None, run_after=None
[2026-09-17T10:02:50.028+0000] {processor.py:179} INFO - Processing /workspaces/hands-on-introduction-data-engineering-4395021/airflow/dags/extract_dag.py took 0.065 seconds
[2026-09-17T10:03:20.437+0000] {processor.py:157} INFO - Started process (PID=50130) to work on /workspaces/hands-on-introduction-data-engineering-4395021/airflow/dags/extract_dag.py
[2026-09-17T10:03:20.437+0000] {processor.py:826} INFO - Processing file /workspaces/hands-on-introduction-data-engineering-4395021/airflow/dags/extract_dag.py for tasks to queue
[2026-09-17T10:03:20.439+0000] {logging_mixin.py:150} INFO - [2026-09-17T10:03:20.439+0000] {dagbag.py:541} INFO - Filling up the DagBag from /workspaces/hands-on-introduction-data-engineering-4395021/airflow/dags/extract_dag.py
[2026-09-17T10:03:20.447+0000] {processor.py:836} INFO - DAG(s) dict_keys(['extract_dag']) retrieved from /workspaces/hands-on-introduction-data-engineering-4395021/airflow/dags/extract_dag.py
[2026-09-17T10:03:20.463+0000] {logging_mixin.py:150} INFO - [2026-09-17T10:03:20.463+0000] {dag.py:2742} INFO - Sync 1 DAGs
[2026-09-17T10:03:20.477+0000] {logging_mixin.py:150} INFO - [2026-09-17T10:03:20.477+0000] {dag.py:3504} INFO - Setting next_dagrun for extract_dag to None, run_after=None
[2026-09-17T10:03:20.494+0000] {processor.py:179} INFO - Processing /workspaces/hands-on-introduction-data-engineering-4395021/airflow/dags/extract_dag.py took 0.060 seconds
[2026-09-17T10:03:50.909+0000] {processor.py:157} INFO - Started process (PID=50303) to work on /workspaces/hands-on-introduction-data-engineering-4395021/airflow/dags/extract_dag.py
[2026-09-17T10:03:50.910+0000] {processor.py:826} INFO - Processing file /workspaces/hands-on-introduction-data-engineering-4395021/airflow/dags/extract_dag.py for tasks to queue
[2026-09-17T10:03:50.911+0000] {logging_mixin.py:150} INFO - [2026-09-17T10:03:50.910+0000] {dagbag.py:541} INFO - Filling up the DagBag from /workspaces/hands-on-introduction-data-engineering-4395021/airflow/dags/extract_dag.py
[2026-09-17T10:03:50.922+0000] {processor.py:836} INFO - DAG(s) dict_keys(['extract_dag']) retrieved from /workspaces/hands-on-introduction-data-engineering-4395021/airflow/dags/extract_dag.py
[2026-09-17T10:03:50.938+0000] {logging_mixin.py:150} INFO - [2026-09-17T10:03:50.938+0000] {dag.py:2742} INFO - Sync 1 DAGs
[2026-09-17T10:03:50.952+0000] {logging_mixin.py:150} INFO - [2026-09-17T10:03:50.952+0000] {dag.py:3504} INFO - Setting next_dagrun for extract_dag to None, run_after=None
[2026-09-17T10:03:50.970+0000] {processor.py:179} INFO - Processing /workspaces/hands-on-introduction-data-engineering-4395021/airflow/dags/extract_dag.py took 0.064 seconds
[2026-09-17T10:04:21.378+0000] {processor.py:157} INFO - Started process (PID=50477) to work on /workspaces/hands-on-introduction-data-engineering-4395021/airflow/dags/extract_dag.py
[2026-09-17T10:04:21.379+0000] {processor.py:826} INFO - Processing file /workspaces/hands-on-introduction-data-engineering-4395021/airflow/dags/extract_dag.py for tasks to queue
[2026-09-17T10:04:21.380+0000] {logging_mixin.py:150} INFO - [2026-09-17T10:04:21.379+0000] {dagbag.py:541} INFO - Filling up the DagBag from /workspaces/hands-on-introduction-data-engineering-4395021/airflow/dags/extract_dag.py
[2026-09-17T10:04:21.388+0000] {processor.py:836} INFO - DAG(s) dict_keys(['extract_dag']) retrieved from /workspaces/hands-on-introduction-data-engineering-4395021/airflow/dags/extract_dag.py
[2026-09-17T10:04:21.406+0000] {logging_mixin.py:150} INFO - [2026-09-17T10:04:21.406+0000] {dag.py:2742} INFO - Sync 1 DAGs
[2026-09-17T10:04:21.425+0000] {logging_mixin.py:150} INFO - [2026-09-17T10:04:21.424+0000] {dag.py:3504} INFO - Setting next_dagrun for extract_dag to None, run_after=None
[2026-09-17T10:04:21.439+0000] {processor.py:179} INFO - Processing /workspaces/hands-on-introduction-data-engineering-4395021/airflow/dags/extract_dag.py took 0.065 seconds
[2026-09-17T10:04:51.860+0000] {processor.py:157} INFO - Started process (PID=50655) to work on /workspaces/hands-on-introduction-data-engineering-4395021/airflow/dags/extract_dag.py
[2026-09-17T10:04:51.861+0000] {processor.py:826} INFO - Processing file /workspaces/hands-on-introduction-data-engineering-4395021/airflow/dags/extract_dag.py for tasks to queue
[2026-09-17T10:04:51.861+0000] {logging_mixin.py:150} INFO - [2026-09-17T10:04:51.861+0000] {dagbag.py:541} INFO - Filling up the DagBag from /workspaces/hands-on-introduction-data-engineering-4395021/airflow/dags/extract_dag.py
[2026-09-17T10:04:51.870+0000] {processor.py:836} INFO - DAG(s) dict_keys(['extract_dag']) retrieved from /workspaces/hands-on-introduction-data-engineering-4395021/airflow/dags/extract_dag.py
[2026-09-17T10:04:51.886+0000] {logging_mixin.py:150} INFO - [2026-09-17T10:04:51.886+0000] {dag.py:2742} INFO - Sync 1 DAGs
[2026-09-17T10:04:51.901+0000] {logging_mixin.py:150} INFO - [2026-09-17T10:04:51.901+0000] {dag.py:3504} INFO - Setting next_dagrun for extract_dag to None, run_after=None
[2026-09-17T10:04:51.921+0000] {processor.py:179} INFO - Processing /workspaces/hands-on-introduction-data-engineering-4395021/airflow/dags/extract_dag.py took 0.064 seconds
[2026-09-17T10:05:22.334+0000] {processor.py:157} INFO - Started process (PID=50829) to work on /workspaces/hands-on-introduction-data-engineering-4395021/airflow/dags/extract_dag.py
[2026-09-17T10:05:22.335+0000] {processor.py:826} INFO - Processing file /workspaces/hands-on-introduction-data-engineering-4395021/airflow/dags/extract_dag.py for tasks to queue
[2026-09-17T10:05:22.336+0000] {logging_mixin.py:150} INFO - [2026-09-17T10:05:22.335+0000] {dagbag.py:541} INFO - Filling up the DagBag from /workspaces/hands-on-introduction-data-engineering-4395021/airflow/dags/extract_dag.py
[2026-09-17T10:05:22.344+0000] {processor.py:836} INFO - DAG(s) dict_keys(['extract_dag']) retrieved from /workspaces/hands-on-introduction-data-engineering-4395021/airflow/dags/extract_dag.py
[2026-09-17T10:05:22.360+0000] {logging_mixin.py:150} INFO - [2026-09-17T10:05:22.360+0000] {dag.py:2742} INFO - Sync 1 DAGs
[2026-09-17T10:05:22.374+0000] {logging_mixin.py:150} INFO - [2026-09-17T10:05:22.374+0000] {dag.py:3504} INFO - Setting next_dagrun for extract_dag to None, run_after=None
[2026-09-17T10:05:22.391+0000] {processor.py:179} INFO - Processing /workspaces/hands-on-introduction-data-engineering-4395021/airflow/dags/extract_dag.py took 0.059 seconds
[2026-09-17T10:05:52.803+0000] {processor.py:157} INFO - Started process (PID=51003) to work on /workspaces/hands-on-introduction-data-engineering-4395021/airflow/dags/extract_dag.py
[2026-09-17T10:05:52.804+0000] {processor.py:826} INFO - Processing file /workspaces/hands-on-introduction-data-engineering-4395021/airflow/dags/extract_dag.py for tasks to queue
[2026-09-17T10:05:52.805+0000] {logging_mixin.py:150} INFO - [2026-09-17T10:05:52.804+0000] {dagbag.py:541} INFO - Filling up the DagBag from /workspaces/hands-on-introduction-data-engineering-4395021/airflow/dags/extract_dag.py
[2026-09-17T10:05:52.816+0000] {processor.py:836} INFO - DAG(s) dict_keys(['extract_dag']) retrieved from /workspaces/hands-on-introduction-data-engineering-4395021/airflow/dags/extract_dag.py
[2026-09-17T10:05:52.833+0000] {logging_mixin.py:150} INFO - [2026-09-17T10:05:52.833+0000] {dag.py:2742} INFO - Sync 1 DAGs
[2026-09-17T10:05:52.847+0000] {logging_mixin.py:150} INFO - [2026-09-17T10:05:52.847+0000] {dag.py:3504} INFO - Setting next_dagrun for extract_dag to None, run_after=None
[2026-09-17T10:05:52.863+0000] {processor.py:179} INFO - Processing /workspaces/hands-on-introduction-data-engineering-4395021/airflow/dags/extract_dag.py took 0.063 seconds
[2026-09-17T10:06:23.269+0000] {processor.py:157} INFO - Started process (PID=51182) to work on /workspaces/hands-on-introduction-data-engineering-4395021/airflow/dags/extract_dag.py
[2026-09-17T10:06:23.270+0000] {processor.py:826} INFO - Processing file /workspaces/hands-on-introduction-data-engineering-4395021/airflow/dags/extract_dag.py for tasks to queue
[2026-09-17T10:06:23.271+0000] {logging_mixin.py:150} INFO - [2026-09-17T10:06:23.271+0000] {dagbag.py:541} INFO - Filling up the DagBag from /workspaces/hands-on-introduction-data-engineering-4395021/airflow/dags/extract_dag.py
[2026-09-17T10:06:23.280+0000] {processor.py:836} INFO - DAG(s) dict_keys(['extract_dag']) retrieved from /workspaces/hands-on-introduction-data-engineering-4395021/airflow/dags/extract_dag.py
[2026-09-17T10:06:23.296+0000] {logging_mixin.py:150} INFO - [2026-09-17T10:06:23.296+0000] {dag.py:2742} INFO - Sync 1 DAGs
[2026-09-17T10:06:23.315+0000] {logging_mixin.py:150} INFO - [2026-09-17T10:06:23.314+0000] {dag.py:3504} INFO - Setting next_dagrun for extract_dag to None, run_after=None
[2026-09-17T10:06:23.331+0000] {processor.py:179} INFO - Processing /workspaces/hands-on-introduction-data-engineering-4395021/airflow/dags/extract_dag.py took 0.064 seconds
[2026-09-17T10:06:53.743+0000] {processor.py:157} INFO - Started process (PID=51371) to work on /workspaces/hands-on-introduction-data-engineering-4395021/airflow/dags/extract_dag.py
[2026-09-17T10:06:53.743+0000] {processor.py:826} INFO - Processing file /workspaces/hands-on-introduction-data-engineering-4395021/airflow/dags/extract_dag.py for tasks to queue
[2026-09-17T10:06:53.745+0000] {logging_mixin.py:150} INFO - [2026-09-17T10:06:53.745+0000] {dagbag.py:541} INFO - Filling up the DagBag from /workspaces/hands-on-introduction-data-engineering-4395021/airflow/dags/extract_dag.py
[2026-09-17T10:06:53.754+0000] {processor.py:836} INFO - DAG(s) dict_keys(['extract_dag']) retrieved from /workspaces/hands-on-introduction-data-engineering-4395021/airflow/dags/extract_dag.py
[2026-09-17T10:06:53.771+0000] {logging_mixin.py:150} INFO - [2026-09-17T10:06:53.770+0000] {dag.py:2742} INFO - Sync 1 DAGs
[2026-09-17T10:06:53.785+0000] {logging_mixin.py:150} INFO - [2026-09-17T10:06:53.785+0000] {dag.py:3504} INFO - Setting next_dagrun for extract_dag to None, run_after=None
[2026-09-17T10:06:53.801+0000] {processor.py:179} INFO - Processing /workspaces/hands-on-introduction-data-engineering-4395021/airflow/dags/extract_dag.py took 0.061 seconds
[2026-09-17T10:07:24.211+0000] {processor.py:157} INFO - Started process (PID=51551) to work on /workspaces/hands-on-introduction-data-engineering-4395021/airflow/dags/extract_dag.py
[2026-09-17T10:07:24.212+0000] {processor.py:826} INFO - Processing file /workspaces/hands-on-introduction-data-engineering-4395021/airflow/dags/extract_dag.py for tasks to queue
[2026-09-17T10:07:24.213+0000] {logging_mixin.py:150} INFO - [2026-09-17T10:07:24.212+0000] {dagbag.py:541} INFO - Filling up the DagBag from /workspaces/hands-on-introduction-data-engineering-4395021/airflow/dags/extract_dag.py
[2026-09-17T10:07:24.224+0000] {processor.py:836} INFO - DAG(s) dict_keys(['extract_dag']) retrieved from /workspaces/hands-on-introduction-data-engineering-4395021/airflow/dags/extract_dag.py
[2026-09-17T10:07:24.245+0000] {logging_mixin.py:150} INFO - [2026-09-17T10:07:24.245+0000] {dag.py:2742} INFO - Sync 1 DAGs
[2026-09-17T10:07:24.259+0000] {logging_mixin.py:150} INFO - [2026-09-17T10:07:24.259+0000] {dag.py:3504} INFO - Setting next_dagrun for extract_dag to None, run_after=None
[2026-09-17T10:07:24.275+0000] {processor.py:179} INFO - Processing /workspaces/hands-on-introduction-data-engineering-4395021/airflow/dags/extract_dag.py took 0.068 seconds
[2026-09-17T10:07:54.705+0000] {processor.py:157} INFO - Started process (PID=51725) to work on /workspaces/hands-on-introduction-data-engineering-4395021/airflow/dags/extract_dag.py
[2026-09-17T10:07:54.706+0000] {processor.py:826} INFO - Processing file /workspaces/hands-on-introduction-data-engineering-4395021/airflow/dags/extract_dag.py for tasks to queue
[2026-09-17T10:07:54.707+0000] {logging_mixin.py:150} INFO - [2026-09-17T10:07:54.707+0000] {dagbag.py:541} INFO - Filling up the DagBag from /workspaces/hands-on-introduction-data-engineering-4395021/airflow/dags/extract_dag.py
[2026-09-17T10:07:54.718+0000] {processor.py:836} INFO - DAG(s) dict_keys(['extract_dag']) retrieved from /workspaces/hands-on-introduction-data-engineering-4395021/airflow/dags/extract_dag.py
[2026-09-17T10:07:54.736+0000] {logging_mixin.py:150} INFO - [2026-09-17T10:07:54.736+0000] {dag.py:2742} INFO - Sync 1 DAGs
[2026-09-17T10:07:54.751+0000] {logging_mixin.py:150} INFO - [2026-09-17T10:07:54.751+0000] {dag.py:3504} INFO - Setting next_dagrun for extract_dag to None, run_after=None
[2026-09-17T10:07:54.766+0000] {processor.py:179} INFO - Processing /workspaces/hands-on-introduction-data-engineering-4395021/airflow/dags/extract_dag.py took 0.064 seconds
[2026-09-17T10:08:25.176+0000] {processor.py:157} INFO - Started process (PID=51900) to work on /workspaces/hands-on-introduction-data-engineering-4395021/airflow/dags/extract_dag.py
[2026-09-17T10:08:25.177+0000] {processor.py:826} INFO - Processing file /workspaces/hands-on-introduction-data-engineering-4395021/airflow/dags/extract_dag.py for tasks to queue
[2026-09-17T10:08:25.178+0000] {logging_mixin.py:150} INFO - [2026-09-17T10:08:25.177+0000] {dagbag.py:541} INFO - Filling up the DagBag from /workspaces/hands-on-introduction-data-engineering-4395021/airflow/dags/extract_dag.py
[2026-09-17T10:08:25.186+0000] {processor.py:836} INFO - DAG(s) dict_keys(['extract_dag']) retrieved from /workspaces/hands-on-introduction-data-engineering-4395021/airflow/dags/extract_dag.py
[2026-09-17T10:08:25.205+0000] {logging_mixin.py:150} INFO - [2026-09-17T10:08:25.204+0000] {dag.py:2742} INFO - Sync 1 DAGs
[2026-09-17T10:08:25.226+0000] {logging_mixin.py:150} INFO - [2026-09-17T10:08:25.226+0000] {dag.py:3504} INFO - Setting next_dagrun for extract_dag to None, run_after=None
[2026-09-17T10:08:25.255+0000] {processor.py:179} INFO - Processing /workspaces/hands-on-introduction-data-engineering-4395021/airflow/dags/extract_dag.py took 0.081 seconds
[2026-09-17T10:08:55.647+0000] {processor.py:157} INFO - Started process (PID=52074) to work on /workspaces/hands-on-introduction-data-engineering-4395021/airflow/dags/extract_dag.py
[2026-09-17T10:08:55.648+0000] {processor.py:826} INFO - Processing file /workspaces/hands-on-introduction-data-engineering-4395021/airflow/dags/extract_dag.py for tasks to queue
[2026-09-17T10:08:55.649+0000] {logging_mixin.py:150} INFO - [2026-09-17T10:08:55.648+0000] {dagbag.py:541} INFO - Filling up the DagBag from /workspaces/hands-on-introduction-data-engineering-4395021/airflow/dags/extract_dag.py
[2026-09-17T10:08:55.657+0000] {processor.py:836} INFO - DAG(s) dict_keys(['extract_dag']) retrieved from /workspaces/hands-on-introduction-data-engineering-4395021/airflow/dags/extract_dag.py
[2026-09-17T10:08:55.673+0000] {logging_mixin.py:150} INFO - [2026-09-17T10:08:55.673+0000] {dag.py:2742} INFO - Sync 1 DAGs
[2026-09-17T10:08:55.691+0000] {logging_mixin.py:150} INFO - [2026-09-17T10:08:55.690+0000] {dag.py:3504} INFO - Setting next_dagrun for extract_dag to None, run_after=None
[2026-09-17T10:08:55.708+0000] {processor.py:179} INFO - Processing /workspaces/hands-on-introduction-data-engineering-4395021/airflow/dags/extract_dag.py took 0.064 seconds
[2026-09-17T10:09:26.220+0000] {processor.py:157} INFO - Started process (PID=52256) to work on /workspaces/hands-on-introduction-data-engineering-4395021/airflow/dags/extract_dag.py
[2026-09-17T10:09:26.221+0000] {processor.py:826} INFO - Processing file /workspaces/hands-on-introduction-data-engineering-4395021/airflow/dags/extract_dag.py for tasks to queue
[2026-09-17T10:09:26.221+0000] {logging_mixin.py:150} INFO - [2026-09-17T10:09:26.221+0000] {dagbag.py:541} INFO - Filling up the DagBag from /workspaces/hands-on-introduction-data-engineering-4395021/airflow/dags/extract_dag.py
[2026-09-17T10:09:26.231+0000] {processor.py:836} INFO - DAG(s) dict_keys(['extract_dag']) retrieved from /workspaces/hands-on-introduction-data-engineering-4395021/airflow/dags/extract_dag.py
[2026-09-17T10:09:26.247+0000] {logging_mixin.py:150} INFO - [2026-09-17T10:09:26.247+0000] {dag.py:2742} INFO - Sync 1 DAGs
[2026-09-17T10:09:26.262+0000] {logging_mixin.py:150} INFO - [2026-09-17T10:09:26.262+0000] {dag.py:3504} INFO - Setting next_dagrun for extract_dag to None, run_after=None
[2026-09-17T10:09:26.277+0000] {processor.py:179} INFO - Processing /workspaces/hands-on-introduction-data-engineering-4395021/airflow/dags/extract_dag.py took 0.060 seconds
[2026-09-17T10:09:56.715+0000] {processor.py:157} INFO - Started process (PID=52432) to work on /workspaces/hands-on-introduction-data-engineering-4395021/airflow/dags/extract_dag.py
[2026-09-17T10:09:56.716+0000] {processor.py:826} INFO - Processing file /workspaces/hands-on-introduction-data-engineering-4395021/airflow/dags/extract_dag.py for tasks to queue
[2026-09-17T10:09:56.718+0000] {logging_mixin.py:150} INFO - [2026-09-17T10:09:56.717+0000] {dagbag.py:541} INFO - Filling up the DagBag from /workspaces/hands-on-introduction-data-engineering-4395021/airflow/dags/extract_dag.py
[2026-09-17T10:09:56.729+0000] {processor.py:836} INFO - DAG(s) dict_keys(['extract_dag']) retrieved from /workspaces/hands-on-introduction-data-engineering-4395021/airflow/dags/extract_dag.py
[2026-09-17T10:09:56.771+0000] {logging_mixin.py:150} INFO - [2026-09-17T10:09:56.768+0000] {dag.py:2742} INFO - Sync 1 DAGs
[2026-09-17T10:09:56.800+0000] {logging_mixin.py:150} INFO - [2026-09-17T10:09:56.799+0000] {dag.py:3504} INFO - Setting next_dagrun for extract_dag to None, run_after=None
[2026-09-17T10:09:56.818+0000] {processor.py:179} INFO - Processing /workspaces/hands-on-introduction-data-engineering-4395021/airflow/dags/extract_dag.py took 0.107 seconds
[2026-09-17T10:10:27.147+0000] {processor.py:157} INFO - Started process (PID=52605) to work on /workspaces/hands-on-introduction-data-engineering-4395021/airflow/dags/extract_dag.py
[2026-09-17T10:10:27.148+0000] {processor.py:826} INFO - Processing file /workspaces/hands-on-introduction-data-engineering-4395021/airflow/dags/extract_dag.py for tasks to queue
[2026-09-17T10:10:27.149+0000] {logging_mixin.py:150} INFO - [2026-09-17T10:10:27.148+0000] {dagbag.py:541} INFO - Filling up the DagBag from /workspaces/hands-on-introduction-data-engineering-4395021/airflow/dags/extract_dag.py
[2026-09-17T10:10:27.157+0000] {processor.py:836} INFO - DAG(s) dict_keys(['extract_dag']) retrieved from /workspaces/hands-on-introduction-data-engineering-4395021/airflow/dags/extract_dag.py
[2026-09-17T10:10:27.173+0000] {logging_mixin.py:150} INFO - [2026-09-17T10:10:27.173+0000] {dag.py:2742} INFO - Sync 1 DAGs
[2026-09-17T10:10:27.188+0000] {logging_mixin.py:150} INFO - [2026-09-17T10:10:27.188+0000] {dag.py:3504} INFO - Setting next_dagrun for extract_dag to None, run_after=None
[2026-09-17T10:10:27.205+0000] {processor.py:179} INFO - Processing /workspaces/hands-on-introduction-data-engineering-4395021/airflow/dags/extract_dag.py took 0.060 seconds
[2026-09-17T10:10:57.651+0000] {processor.py:157} INFO - Started process (PID=52785) to work on /workspaces/hands-on-introduction-data-engineering-4395021/airflow/dags/extract_dag.py
[2026-09-17T10:10:57.651+0000] {processor.py:826} INFO - Processing file /workspaces/hands-on-introduction-data-engineering-4395021/airflow/dags/extract_dag.py for tasks to queue
[2026-09-17T10:10:57.652+0000] {logging_mixin.py:150} INFO - [2026-09-17T10:10:57.652+0000] {dagbag.py:541} INFO - Filling up the DagBag from /workspaces/hands-on-introduction-data-engineering-4395021/airflow/dags/extract_dag.py
[2026-09-17T10:10:57.661+0000] {processor.py:836} INFO - DAG(s) dict_keys(['extract_dag']) retrieved from /workspaces/hands-on-introduction-data-engineering-4395021/airflow/dags/extract_dag.py
[2026-09-17T10:10:57.677+0000] {logging_mixin.py:150} INFO - [2026-09-17T10:10:57.677+0000] {dag.py:2742} INFO - Sync 1 DAGs
[2026-09-17T10:10:57.691+0000] {logging_mixin.py:150} INFO - [2026-09-17T10:10:57.691+0000] {dag.py:3504} INFO - Setting next_dagrun for extract_dag to None, run_after=None
[2026-09-17T10:10:57.717+0000] {processor.py:179} INFO - Processing /workspaces/hands-on-introduction-data-engineering-4395021/airflow/dags/extract_dag.py took 0.069 seconds
[2026-09-17T10:11:28.433+0000] {processor.py:157} INFO - Started process (PID=52976) to work on /workspaces/hands-on-introduction-data-engineering-4395021/airflow/dags/extract_dag.py
[2026-09-17T10:11:28.434+0000] {processor.py:826} INFO - Processing file /workspaces/hands-on-introduction-data-engineering-4395021/airflow/dags/extract_dag.py for tasks to queue
[2026-09-17T10:11:28.435+0000] {logging_mixin.py:150} INFO - [2026-09-17T10:11:28.434+0000] {dagbag.py:541} INFO - Filling up the DagBag from /workspaces/hands-on-introduction-data-engineering-4395021/airflow/dags/extract_dag.py
[2026-09-17T10:11:28.443+0000] {processor.py:836} INFO - DAG(s) dict_keys(['extract_dag']) retrieved from /workspaces/hands-on-introduction-data-engineering-4395021/airflow/dags/extract_dag.py
[2026-09-17T10:11:28.460+0000] {logging_mixin.py:150} INFO - [2026-09-17T10:11:28.459+0000] {dag.py:2742} INFO - Sync 1 DAGs
[2026-09-17T10:11:28.474+0000] {logging_mixin.py:150} INFO - [2026-09-17T10:11:28.474+0000] {dag.py:3504} INFO - Setting next_dagrun for extract_dag to None, run_after=None
[2026-09-17T10:11:28.490+0000] {processor.py:179} INFO - Processing /workspaces/hands-on-introduction-data-engineering-4395021/airflow/dags/extract_dag.py took 0.061 seconds
