[2026-09-17T09:16:26.131+0000] {processor.py:157} INFO - Started process (PID=32050) to work on /workspaces/hands-on-introduction-data-engineering-4395021/airflow/dags/load_dag.py
[2026-09-17T09:16:26.131+0000] {processor.py:826} INFO - Processing file /workspaces/hands-on-introduction-data-engineering-4395021/airflow/dags/load_dag.py for tasks to queue
[2026-09-17T09:16:26.132+0000] {logging_mixin.py:150} INFO - [2026-09-17T09:16:26.132+0000] {dagbag.py:541} INFO - Filling up the DagBag from /workspaces/hands-on-introduction-data-engineering-4395021/airflow/dags/load_dag.py
[2026-09-17T09:16:26.300+0000] {processor.py:836} INFO - DAG(s) dict_keys(['load_dag']) retrieved from /workspaces/hands-on-introduction-data-engineering-4395021/airflow/dags/load_dag.py
[2026-09-17T09:16:26.460+0000] {logging_mixin.py:150} INFO - [2026-09-17T09:16:26.460+0000] {manager.py:504} INFO - Created Permission View: can delete on DAG:load_dag
[2026-09-17T09:16:26.469+0000] {logging_mixin.py:150} INFO - [2026-09-17T09:16:26.469+0000] {manager.py:504} INFO - Created Permission View: can read on DAG:load_dag
[2026-09-17T09:16:26.476+0000] {logging_mixin.py:150} INFO - [2026-09-17T09:16:26.476+0000] {manager.py:504} INFO - Created Permission View: can edit on DAG:load_dag
[2026-09-17T09:16:26.484+0000] {logging_mixin.py:150} INFO - [2026-09-17T09:16:26.484+0000] {dag.py:2742} INFO - Sync 1 DAGs
[2026-09-17T09:16:26.491+0000] {logging_mixin.py:150} INFO - [2026-09-17T09:16:26.490+0000] {dag.py:2763} INFO - Creating ORM DAG for load_dag
[2026-09-17T09:16:26.496+0000] {logging_mixin.py:150} INFO - [2026-09-17T09:16:26.496+0000] {dag.py:3504} INFO - Setting next_dagrun for load_dag to None, run_after=None
[2026-09-17T09:16:26.516+0000] {processor.py:179} INFO - Processing /workspaces/hands-on-introduction-data-engineering-4395021/airflow/dags/load_dag.py took 0.388 seconds
[2026-09-17T09:16:57.229+0000] {processor.py:157} INFO - Started process (PID=32294) to work on /workspaces/hands-on-introduction-data-engineering-4395021/airflow/dags/load_dag.py
[2026-09-17T09:16:57.230+0000] {processor.py:826} INFO - Processing file /workspaces/hands-on-introduction-data-engineering-4395021/airflow/dags/load_dag.py for tasks to queue
[2026-09-17T09:16:57.231+0000] {logging_mixin.py:150} INFO - [2026-09-17T09:16:57.231+0000] {dagbag.py:541} INFO - Filling up the DagBag from /workspaces/hands-on-introduction-data-engineering-4395021/airflow/dags/load_dag.py
[2026-09-17T09:16:57.240+0000] {processor.py:836} INFO - DAG(s) dict_keys(['load_dag']) retrieved from /workspaces/hands-on-introduction-data-engineering-4395021/airflow/dags/load_dag.py
[2026-09-17T09:16:57.256+0000] {logging_mixin.py:150} INFO - [2026-09-17T09:16:57.256+0000] {dag.py:2742} INFO - Sync 1 DAGs
[2026-09-17T09:16:57.272+0000] {logging_mixin.py:150} INFO - [2026-09-17T09:16:57.272+0000] {dag.py:3504} INFO - Setting next_dagrun for load_dag to None, run_after=None
[2026-09-17T09:16:57.288+0000] {processor.py:179} INFO - Processing /workspaces/hands-on-introduction-data-engineering-4395021/airflow/dags/load_dag.py took 0.061 seconds
[2026-09-17T09:17:28.253+0000] {processor.py:157} INFO - Started process (PID=32529) to work on /workspaces/hands-on-introduction-data-engineering-4395021/airflow/dags/load_dag.py
[2026-09-17T09:17:28.253+0000] {processor.py:826} INFO - Processing file /workspaces/hands-on-introduction-data-engineering-4395021/airflow/dags/load_dag.py for tasks to queue
[2026-09-17T09:17:28.254+0000] {logging_mixin.py:150} INFO - [2026-09-17T09:17:28.254+0000] {dagbag.py:541} INFO - Filling up the DagBag from /workspaces/hands-on-introduction-data-engineering-4395021/airflow/dags/load_dag.py
[2026-09-17T09:17:28.263+0000] {processor.py:836} INFO - DAG(s) dict_keys(['load_dag']) retrieved from /workspaces/hands-on-introduction-data-engineering-4395021/airflow/dags/load_dag.py
[2026-09-17T09:17:28.279+0000] {logging_mixin.py:150} INFO - [2026-09-17T09:17:28.279+0000] {dag.py:2742} INFO - Sync 1 DAGs
[2026-09-17T09:17:28.294+0000] {logging_mixin.py:150} INFO - [2026-09-17T09:17:28.294+0000] {dag.py:3504} INFO - Setting next_dagrun for load_dag to None, run_after=None
[2026-09-17T09:17:28.315+0000] {processor.py:179} INFO - Processing /workspaces/hands-on-introduction-data-engineering-4395021/airflow/dags/load_dag.py took 0.065 seconds
[2026-09-17T09:17:58.609+0000] {processor.py:157} INFO - Started process (PID=32721) to work on /workspaces/hands-on-introduction-data-engineering-4395021/airflow/dags/load_dag.py
[2026-09-17T09:17:58.610+0000] {processor.py:826} INFO - Processing file /workspaces/hands-on-introduction-data-engineering-4395021/airflow/dags/load_dag.py for tasks to queue
[2026-09-17T09:17:58.611+0000] {logging_mixin.py:150} INFO - [2026-09-17T09:17:58.611+0000] {dagbag.py:541} INFO - Filling up the DagBag from /workspaces/hands-on-introduction-data-engineering-4395021/airflow/dags/load_dag.py
[2026-09-17T09:17:58.622+0000] {processor.py:836} INFO - DAG(s) dict_keys(['load_dag']) retrieved from /workspaces/hands-on-introduction-data-engineering-4395021/airflow/dags/load_dag.py
[2026-09-17T09:17:58.638+0000] {logging_mixin.py:150} INFO - [2026-09-17T09:17:58.638+0000] {dag.py:2742} INFO - Sync 1 DAGs
[2026-09-17T09:17:58.652+0000] {logging_mixin.py:150} INFO - [2026-09-17T09:17:58.652+0000] {dag.py:3504} INFO - Setting next_dagrun for load_dag to None, run_after=None
[2026-09-17T09:17:58.668+0000] {processor.py:179} INFO - Processing /workspaces/hands-on-introduction-data-engineering-4395021/airflow/dags/load_dag.py took 0.062 seconds
[2026-09-17T09:18:28.930+0000] {processor.py:157} INFO - Started process (PID=32887) to work on /workspaces/hands-on-introduction-data-engineering-4395021/airflow/dags/load_dag.py
[2026-09-17T09:18:28.931+0000] {processor.py:826} INFO - Processing file /workspaces/hands-on-introduction-data-engineering-4395021/airflow/dags/load_dag.py for tasks to queue
[2026-09-17T09:18:28.932+0000] {logging_mixin.py:150} INFO - [2026-09-17T09:18:28.931+0000] {dagbag.py:541} INFO - Filling up the DagBag from /workspaces/hands-on-introduction-data-engineering-4395021/airflow/dags/load_dag.py
[2026-09-17T09:18:28.942+0000] {processor.py:836} INFO - DAG(s) dict_keys(['load_dag']) retrieved from /workspaces/hands-on-introduction-data-engineering-4395021/airflow/dags/load_dag.py
[2026-09-17T09:18:28.967+0000] {logging_mixin.py:150} INFO - [2026-09-17T09:18:28.967+0000] {dag.py:2742} INFO - Sync 1 DAGs
[2026-09-17T09:18:28.989+0000] {logging_mixin.py:150} INFO - [2026-09-17T09:18:28.989+0000] {dag.py:3504} INFO - Setting next_dagrun for load_dag to None, run_after=None
[2026-09-17T09:18:29.013+0000] {processor.py:179} INFO - Processing /workspaces/hands-on-introduction-data-engineering-4395021/airflow/dags/load_dag.py took 0.086 seconds
[2026-09-17T09:18:59.256+0000] {processor.py:157} INFO - Started process (PID=33064) to work on /workspaces/hands-on-introduction-data-engineering-4395021/airflow/dags/load_dag.py
[2026-09-17T09:18:59.257+0000] {processor.py:826} INFO - Processing file /workspaces/hands-on-introduction-data-engineering-4395021/airflow/dags/load_dag.py for tasks to queue
[2026-09-17T09:18:59.257+0000] {logging_mixin.py:150} INFO - [2026-09-17T09:18:59.257+0000] {dagbag.py:541} INFO - Filling up the DagBag from /workspaces/hands-on-introduction-data-engineering-4395021/airflow/dags/load_dag.py
[2026-09-17T09:18:59.266+0000] {processor.py:836} INFO - DAG(s) dict_keys(['load_dag']) retrieved from /workspaces/hands-on-introduction-data-engineering-4395021/airflow/dags/load_dag.py
[2026-09-17T09:18:59.282+0000] {logging_mixin.py:150} INFO - [2026-09-17T09:18:59.282+0000] {dag.py:2742} INFO - Sync 1 DAGs
[2026-09-17T09:18:59.296+0000] {logging_mixin.py:150} INFO - [2026-09-17T09:18:59.296+0000] {dag.py:3504} INFO - Setting next_dagrun for load_dag to None, run_after=None
[2026-09-17T09:18:59.344+0000] {processor.py:179} INFO - Processing /workspaces/hands-on-introduction-data-engineering-4395021/airflow/dags/load_dag.py took 0.091 seconds
[2026-09-17T09:19:29.632+0000] {processor.py:157} INFO - Started process (PID=33235) to work on /workspaces/hands-on-introduction-data-engineering-4395021/airflow/dags/load_dag.py
[2026-09-17T09:19:29.633+0000] {processor.py:826} INFO - Processing file /workspaces/hands-on-introduction-data-engineering-4395021/airflow/dags/load_dag.py for tasks to queue
[2026-09-17T09:19:29.634+0000] {logging_mixin.py:150} INFO - [2026-09-17T09:19:29.633+0000] {dagbag.py:541} INFO - Filling up the DagBag from /workspaces/hands-on-introduction-data-engineering-4395021/airflow/dags/load_dag.py
[2026-09-17T09:19:29.642+0000] {processor.py:836} INFO - DAG(s) dict_keys(['load_dag']) retrieved from /workspaces/hands-on-introduction-data-engineering-4395021/airflow/dags/load_dag.py
[2026-09-17T09:19:29.658+0000] {logging_mixin.py:150} INFO - [2026-09-17T09:19:29.658+0000] {dag.py:2742} INFO - Sync 1 DAGs
[2026-09-17T09:19:29.674+0000] {logging_mixin.py:150} INFO - [2026-09-17T09:19:29.674+0000] {dag.py:3504} INFO - Setting next_dagrun for load_dag to None, run_after=None
[2026-09-17T09:19:29.690+0000] {processor.py:179} INFO - Processing /workspaces/hands-on-introduction-data-engineering-4395021/airflow/dags/load_dag.py took 0.061 seconds
[2026-09-17T09:20:00.368+0000] {processor.py:157} INFO - Started process (PID=33419) to work on /workspaces/hands-on-introduction-data-engineering-4395021/airflow/dags/load_dag.py
[2026-09-17T09:20:00.368+0000] {processor.py:826} INFO - Processing file /workspaces/hands-on-introduction-data-engineering-4395021/airflow/dags/load_dag.py for tasks to queue
[2026-09-17T09:20:00.369+0000] {logging_mixin.py:150} INFO - [2026-09-17T09:20:00.369+0000] {dagbag.py:541} INFO - Filling up the DagBag from /workspaces/hands-on-introduction-data-engineering-4395021/airflow/dags/load_dag.py
[2026-09-17T09:20:00.378+0000] {processor.py:836} INFO - DAG(s) dict_keys(['load_dag']) retrieved from /workspaces/hands-on-introduction-data-engineering-4395021/airflow/dags/load_dag.py
[2026-09-17T09:20:00.394+0000] {logging_mixin.py:150} INFO - [2026-09-17T09:20:00.394+0000] {dag.py:2742} INFO - Sync 1 DAGs
[2026-09-17T09:20:00.411+0000] {logging_mixin.py:150} INFO - [2026-09-17T09:20:00.411+0000] {dag.py:3504} INFO - Setting next_dagrun for load_dag to None, run_after=None
[2026-09-17T09:20:00.429+0000] {processor.py:179} INFO - Processing /workspaces/hands-on-introduction-data-engineering-4395021/airflow/dags/load_dag.py took 0.064 seconds
[2026-09-17T09:20:30.937+0000] {processor.py:157} INFO - Started process (PID=33616) to work on /workspaces/hands-on-introduction-data-engineering-4395021/airflow/dags/load_dag.py
[2026-09-17T09:20:30.937+0000] {processor.py:826} INFO - Processing file /workspaces/hands-on-introduction-data-engineering-4395021/airflow/dags/load_dag.py for tasks to queue
[2026-09-17T09:20:30.938+0000] {logging_mixin.py:150} INFO - [2026-09-17T09:20:30.938+0000] {dagbag.py:541} INFO - Filling up the DagBag from /workspaces/hands-on-introduction-data-engineering-4395021/airflow/dags/load_dag.py
[2026-09-17T09:20:30.947+0000] {processor.py:836} INFO - DAG(s) dict_keys(['load_dag']) retrieved from /workspaces/hands-on-introduction-data-engineering-4395021/airflow/dags/load_dag.py
[2026-09-17T09:20:30.964+0000] {logging_mixin.py:150} INFO - [2026-09-17T09:20:30.963+0000] {dag.py:2742} INFO - Sync 1 DAGs
[2026-09-17T09:20:30.978+0000] {logging_mixin.py:150} INFO - [2026-09-17T09:20:30.978+0000] {dag.py:3504} INFO - Setting next_dagrun for load_dag to None, run_after=None
[2026-09-17T09:20:30.994+0000] {processor.py:179} INFO - Processing /workspaces/hands-on-introduction-data-engineering-4395021/airflow/dags/load_dag.py took 0.060 seconds
[2026-09-17T09:21:01.127+0000] {processor.py:157} INFO - Started process (PID=33829) to work on /workspaces/hands-on-introduction-data-engineering-4395021/airflow/dags/load_dag.py
[2026-09-17T09:21:01.127+0000] {processor.py:826} INFO - Processing file /workspaces/hands-on-introduction-data-engineering-4395021/airflow/dags/load_dag.py for tasks to queue
[2026-09-17T09:21:01.128+0000] {logging_mixin.py:150} INFO - [2026-09-17T09:21:01.128+0000] {dagbag.py:541} INFO - Filling up the DagBag from /workspaces/hands-on-introduction-data-engineering-4395021/airflow/dags/load_dag.py
[2026-09-17T09:21:01.137+0000] {processor.py:836} INFO - DAG(s) dict_keys(['load_dag']) retrieved from /workspaces/hands-on-introduction-data-engineering-4395021/airflow/dags/load_dag.py
[2026-09-17T09:21:01.153+0000] {logging_mixin.py:150} INFO - [2026-09-17T09:21:01.153+0000] {dag.py:2742} INFO - Sync 1 DAGs
[2026-09-17T09:21:01.168+0000] {logging_mixin.py:150} INFO - [2026-09-17T09:21:01.168+0000] {dag.py:3504} INFO - Setting next_dagrun for load_dag to None, run_after=None
[2026-09-17T09:21:01.187+0000] {processor.py:179} INFO - Processing /workspaces/hands-on-introduction-data-engineering-4395021/airflow/dags/load_dag.py took 0.063 seconds
[2026-09-17T09:21:31.398+0000] {processor.py:157} INFO - Started process (PID=34040) to work on /workspaces/hands-on-introduction-data-engineering-4395021/airflow/dags/load_dag.py
[2026-09-17T09:21:31.398+0000] {processor.py:826} INFO - Processing file /workspaces/hands-on-introduction-data-engineering-4395021/airflow/dags/load_dag.py for tasks to queue
[2026-09-17T09:21:31.399+0000] {logging_mixin.py:150} INFO - [2026-09-17T09:21:31.399+0000] {dagbag.py:541} INFO - Filling up the DagBag from /workspaces/hands-on-introduction-data-engineering-4395021/airflow/dags/load_dag.py
[2026-09-17T09:21:31.410+0000] {processor.py:836} INFO - DAG(s) dict_keys(['load_dag']) retrieved from /workspaces/hands-on-introduction-data-engineering-4395021/airflow/dags/load_dag.py
[2026-09-17T09:21:31.429+0000] {logging_mixin.py:150} INFO - [2026-09-17T09:21:31.429+0000] {dag.py:2742} INFO - Sync 1 DAGs
[2026-09-17T09:21:31.444+0000] {logging_mixin.py:150} INFO - [2026-09-17T09:21:31.444+0000] {dag.py:3504} INFO - Setting next_dagrun for load_dag to None, run_after=None
[2026-09-17T09:21:31.459+0000] {processor.py:179} INFO - Processing /workspaces/hands-on-introduction-data-engineering-4395021/airflow/dags/load_dag.py took 0.064 seconds
[2026-09-17T09:22:01.912+0000] {processor.py:157} INFO - Started process (PID=34235) to work on /workspaces/hands-on-introduction-data-engineering-4395021/airflow/dags/load_dag.py
[2026-09-17T09:22:01.913+0000] {processor.py:826} INFO - Processing file /workspaces/hands-on-introduction-data-engineering-4395021/airflow/dags/load_dag.py for tasks to queue
[2026-09-17T09:22:01.914+0000] {logging_mixin.py:150} INFO - [2026-09-17T09:22:01.913+0000] {dagbag.py:541} INFO - Filling up the DagBag from /workspaces/hands-on-introduction-data-engineering-4395021/airflow/dags/load_dag.py
[2026-09-17T09:22:01.927+0000] {processor.py:836} INFO - DAG(s) dict_keys(['load_dag']) retrieved from /workspaces/hands-on-introduction-data-engineering-4395021/airflow/dags/load_dag.py
[2026-09-17T09:22:01.943+0000] {logging_mixin.py:150} INFO - [2026-09-17T09:22:01.943+0000] {dag.py:2742} INFO - Sync 1 DAGs
[2026-09-17T09:22:01.958+0000] {logging_mixin.py:150} INFO - [2026-09-17T09:22:01.958+0000] {dag.py:3504} INFO - Setting next_dagrun for load_dag to None, run_after=None
[2026-09-17T09:22:01.975+0000] {processor.py:179} INFO - Processing /workspaces/hands-on-introduction-data-engineering-4395021/airflow/dags/load_dag.py took 0.067 seconds
[2026-09-17T09:22:32.447+0000] {processor.py:157} INFO - Started process (PID=34436) to work on /workspaces/hands-on-introduction-data-engineering-4395021/airflow/dags/load_dag.py
[2026-09-17T09:22:32.448+0000] {processor.py:826} INFO - Processing file /workspaces/hands-on-introduction-data-engineering-4395021/airflow/dags/load_dag.py for tasks to queue
[2026-09-17T09:22:32.448+0000] {logging_mixin.py:150} INFO - [2026-09-17T09:22:32.448+0000] {dagbag.py:541} INFO - Filling up the DagBag from /workspaces/hands-on-introduction-data-engineering-4395021/airflow/dags/load_dag.py
[2026-09-17T09:22:32.457+0000] {processor.py:836} INFO - DAG(s) dict_keys(['load_dag']) retrieved from /workspaces/hands-on-introduction-data-engineering-4395021/airflow/dags/load_dag.py
[2026-09-17T09:22:32.473+0000] {logging_mixin.py:150} INFO - [2026-09-17T09:22:32.472+0000] {dag.py:2742} INFO - Sync 1 DAGs
[2026-09-17T09:22:32.488+0000] {logging_mixin.py:150} INFO - [2026-09-17T09:22:32.487+0000] {dag.py:3504} INFO - Setting next_dagrun for load_dag to None, run_after=None
[2026-09-17T09:22:32.504+0000] {processor.py:179} INFO - Processing /workspaces/hands-on-introduction-data-engineering-4395021/airflow/dags/load_dag.py took 0.060 seconds
[2026-09-17T09:23:02.991+0000] {processor.py:157} INFO - Started process (PID=34639) to work on /workspaces/hands-on-introduction-data-engineering-4395021/airflow/dags/load_dag.py
[2026-09-17T09:23:02.991+0000] {processor.py:826} INFO - Processing file /workspaces/hands-on-introduction-data-engineering-4395021/airflow/dags/load_dag.py for tasks to queue
[2026-09-17T09:23:02.992+0000] {logging_mixin.py:150} INFO - [2026-09-17T09:23:02.992+0000] {dagbag.py:541} INFO - Filling up the DagBag from /workspaces/hands-on-introduction-data-engineering-4395021/airflow/dags/load_dag.py
[2026-09-17T09:23:03.001+0000] {processor.py:836} INFO - DAG(s) dict_keys(['load_dag']) retrieved from /workspaces/hands-on-introduction-data-engineering-4395021/airflow/dags/load_dag.py
[2026-09-17T09:23:03.023+0000] {logging_mixin.py:150} INFO - [2026-09-17T09:23:03.022+0000] {dag.py:2742} INFO - Sync 1 DAGs
[2026-09-17T09:23:03.037+0000] {logging_mixin.py:150} INFO - [2026-09-17T09:23:03.037+0000] {dag.py:3504} INFO - Setting next_dagrun for load_dag to None, run_after=None
[2026-09-17T09:23:03.055+0000] {processor.py:179} INFO - Processing /workspaces/hands-on-introduction-data-engineering-4395021/airflow/dags/load_dag.py took 0.067 seconds
[2026-09-17T09:23:33.582+0000] {processor.py:157} INFO - Started process (PID=34843) to work on /workspaces/hands-on-introduction-data-engineering-4395021/airflow/dags/load_dag.py
[2026-09-17T09:23:33.583+0000] {processor.py:826} INFO - Processing file /workspaces/hands-on-introduction-data-engineering-4395021/airflow/dags/load_dag.py for tasks to queue
[2026-09-17T09:23:33.584+0000] {logging_mixin.py:150} INFO - [2026-09-17T09:23:33.584+0000] {dagbag.py:541} INFO - Filling up the DagBag from /workspaces/hands-on-introduction-data-engineering-4395021/airflow/dags/load_dag.py
[2026-09-17T09:23:33.593+0000] {processor.py:836} INFO - DAG(s) dict_keys(['load_dag']) retrieved from /workspaces/hands-on-introduction-data-engineering-4395021/airflow/dags/load_dag.py
[2026-09-17T09:23:33.616+0000] {logging_mixin.py:150} INFO - [2026-09-17T09:23:33.615+0000] {dag.py:2742} INFO - Sync 1 DAGs
[2026-09-17T09:23:33.632+0000] {logging_mixin.py:150} INFO - [2026-09-17T09:23:33.632+0000] {dag.py:3504} INFO - Setting next_dagrun for load_dag to None, run_after=None
[2026-09-17T09:23:33.654+0000] {processor.py:179} INFO - Processing /workspaces/hands-on-introduction-data-engineering-4395021/airflow/dags/load_dag.py took 0.074 seconds
[2026-09-17T09:24:04.092+0000] {processor.py:157} INFO - Started process (PID=35047) to work on /workspaces/hands-on-introduction-data-engineering-4395021/airflow/dags/load_dag.py
[2026-09-17T09:24:04.093+0000] {processor.py:826} INFO - Processing file /workspaces/hands-on-introduction-data-engineering-4395021/airflow/dags/load_dag.py for tasks to queue
[2026-09-17T09:24:04.094+0000] {logging_mixin.py:150} INFO - [2026-09-17T09:24:04.093+0000] {dagbag.py:541} INFO - Filling up the DagBag from /workspaces/hands-on-introduction-data-engineering-4395021/airflow/dags/load_dag.py
[2026-09-17T09:24:04.104+0000] {processor.py:836} INFO - DAG(s) dict_keys(['load_dag']) retrieved from /workspaces/hands-on-introduction-data-engineering-4395021/airflow/dags/load_dag.py
[2026-09-17T09:24:04.125+0000] {logging_mixin.py:150} INFO - [2026-09-17T09:24:04.125+0000] {dag.py:2742} INFO - Sync 1 DAGs
[2026-09-17T09:24:04.140+0000] {logging_mixin.py:150} INFO - [2026-09-17T09:24:04.140+0000] {dag.py:3504} INFO - Setting next_dagrun for load_dag to None, run_after=None
[2026-09-17T09:24:04.157+0000] {processor.py:179} INFO - Processing /workspaces/hands-on-introduction-data-engineering-4395021/airflow/dags/load_dag.py took 0.068 seconds
[2026-09-17T09:24:34.577+0000] {processor.py:157} INFO - Started process (PID=35256) to work on /workspaces/hands-on-introduction-data-engineering-4395021/airflow/dags/load_dag.py
[2026-09-17T09:24:34.578+0000] {processor.py:826} INFO - Processing file /workspaces/hands-on-introduction-data-engineering-4395021/airflow/dags/load_dag.py for tasks to queue
[2026-09-17T09:24:34.578+0000] {logging_mixin.py:150} INFO - [2026-09-17T09:24:34.578+0000] {dagbag.py:541} INFO - Filling up the DagBag from /workspaces/hands-on-introduction-data-engineering-4395021/airflow/dags/load_dag.py
[2026-09-17T09:24:34.587+0000] {processor.py:836} INFO - DAG(s) dict_keys(['load_dag']) retrieved from /workspaces/hands-on-introduction-data-engineering-4395021/airflow/dags/load_dag.py
[2026-09-17T09:24:34.607+0000] {logging_mixin.py:150} INFO - [2026-09-17T09:24:34.606+0000] {dag.py:2742} INFO - Sync 1 DAGs
[2026-09-17T09:24:34.634+0000] {logging_mixin.py:150} INFO - [2026-09-17T09:24:34.634+0000] {dag.py:3504} INFO - Setting next_dagrun for load_dag to None, run_after=None
[2026-09-17T09:24:34.660+0000] {processor.py:179} INFO - Processing /workspaces/hands-on-introduction-data-engineering-4395021/airflow/dags/load_dag.py took 0.085 seconds
[2026-09-17T09:25:05.074+0000] {processor.py:157} INFO - Started process (PID=35452) to work on /workspaces/hands-on-introduction-data-engineering-4395021/airflow/dags/load_dag.py
[2026-09-17T09:25:05.075+0000] {processor.py:826} INFO - Processing file /workspaces/hands-on-introduction-data-engineering-4395021/airflow/dags/load_dag.py for tasks to queue
[2026-09-17T09:25:05.075+0000] {logging_mixin.py:150} INFO - [2026-09-17T09:25:05.075+0000] {dagbag.py:541} INFO - Filling up the DagBag from /workspaces/hands-on-introduction-data-engineering-4395021/airflow/dags/load_dag.py
[2026-09-17T09:25:05.087+0000] {processor.py:836} INFO - DAG(s) dict_keys(['load_dag']) retrieved from /workspaces/hands-on-introduction-data-engineering-4395021/airflow/dags/load_dag.py
[2026-09-17T09:25:05.114+0000] {logging_mixin.py:150} INFO - [2026-09-17T09:25:05.114+0000] {dag.py:2742} INFO - Sync 1 DAGs
[2026-09-17T09:25:05.134+0000] {logging_mixin.py:150} INFO - [2026-09-17T09:25:05.134+0000] {dag.py:3504} INFO - Setting next_dagrun for load_dag to None, run_after=None
[2026-09-17T09:25:05.150+0000] {processor.py:179} INFO - Processing /workspaces/hands-on-introduction-data-engineering-4395021/airflow/dags/load_dag.py took 0.078 seconds
[2026-09-17T09:25:35.573+0000] {processor.py:157} INFO - Started process (PID=35662) to work on /workspaces/hands-on-introduction-data-engineering-4395021/airflow/dags/load_dag.py
[2026-09-17T09:25:35.574+0000] {processor.py:826} INFO - Processing file /workspaces/hands-on-introduction-data-engineering-4395021/airflow/dags/load_dag.py for tasks to queue
[2026-09-17T09:25:35.575+0000] {logging_mixin.py:150} INFO - [2026-09-17T09:25:35.574+0000] {dagbag.py:541} INFO - Filling up the DagBag from /workspaces/hands-on-introduction-data-engineering-4395021/airflow/dags/load_dag.py
[2026-09-17T09:25:35.583+0000] {processor.py:836} INFO - DAG(s) dict_keys(['load_dag']) retrieved from /workspaces/hands-on-introduction-data-engineering-4395021/airflow/dags/load_dag.py
[2026-09-17T09:25:35.599+0000] {logging_mixin.py:150} INFO - [2026-09-17T09:25:35.599+0000] {dag.py:2742} INFO - Sync 1 DAGs
[2026-09-17T09:25:35.621+0000] {logging_mixin.py:150} INFO - [2026-09-17T09:25:35.621+0000] {dag.py:3504} INFO - Setting next_dagrun for load_dag to None, run_after=None
[2026-09-17T09:25:35.637+0000] {processor.py:179} INFO - Processing /workspaces/hands-on-introduction-data-engineering-4395021/airflow/dags/load_dag.py took 0.066 seconds
[2026-09-17T09:26:06.070+0000] {processor.py:157} INFO - Started process (PID=35860) to work on /workspaces/hands-on-introduction-data-engineering-4395021/airflow/dags/load_dag.py
[2026-09-17T09:26:06.071+0000] {processor.py:826} INFO - Processing file /workspaces/hands-on-introduction-data-engineering-4395021/airflow/dags/load_dag.py for tasks to queue
[2026-09-17T09:26:06.072+0000] {logging_mixin.py:150} INFO - [2026-09-17T09:26:06.072+0000] {dagbag.py:541} INFO - Filling up the DagBag from /workspaces/hands-on-introduction-data-engineering-4395021/airflow/dags/load_dag.py
[2026-09-17T09:26:06.081+0000] {processor.py:836} INFO - DAG(s) dict_keys(['load_dag']) retrieved from /workspaces/hands-on-introduction-data-engineering-4395021/airflow/dags/load_dag.py
[2026-09-17T09:26:06.097+0000] {logging_mixin.py:150} INFO - [2026-09-17T09:26:06.097+0000] {dag.py:2742} INFO - Sync 1 DAGs
[2026-09-17T09:26:06.116+0000] {logging_mixin.py:150} INFO - [2026-09-17T09:26:06.116+0000] {dag.py:3504} INFO - Setting next_dagrun for load_dag to None, run_after=None
[2026-09-17T09:26:06.134+0000] {processor.py:179} INFO - Processing /workspaces/hands-on-introduction-data-engineering-4395021/airflow/dags/load_dag.py took 0.067 seconds
[2026-09-17T09:26:36.565+0000] {processor.py:157} INFO - Started process (PID=36259) to work on /workspaces/hands-on-introduction-data-engineering-4395021/airflow/dags/load_dag.py
[2026-09-17T09:26:36.565+0000] {processor.py:826} INFO - Processing file /workspaces/hands-on-introduction-data-engineering-4395021/airflow/dags/load_dag.py for tasks to queue
[2026-09-17T09:26:36.566+0000] {logging_mixin.py:150} INFO - [2026-09-17T09:26:36.566+0000] {dagbag.py:541} INFO - Filling up the DagBag from /workspaces/hands-on-introduction-data-engineering-4395021/airflow/dags/load_dag.py
[2026-09-17T09:26:36.575+0000] {processor.py:836} INFO - DAG(s) dict_keys(['load_dag']) retrieved from /workspaces/hands-on-introduction-data-engineering-4395021/airflow/dags/load_dag.py
[2026-09-17T09:26:36.591+0000] {logging_mixin.py:150} INFO - [2026-09-17T09:26:36.590+0000] {dag.py:2742} INFO - Sync 1 DAGs
[2026-09-17T09:26:36.606+0000] {logging_mixin.py:150} INFO - [2026-09-17T09:26:36.606+0000] {dag.py:3504} INFO - Setting next_dagrun for load_dag to None, run_after=None
[2026-09-17T09:26:36.626+0000] {processor.py:179} INFO - Processing /workspaces/hands-on-introduction-data-engineering-4395021/airflow/dags/load_dag.py took 0.063 seconds
[2026-09-17T09:27:07.090+0000] {processor.py:157} INFO - Started process (PID=36544) to work on /workspaces/hands-on-introduction-data-engineering-4395021/airflow/dags/load_dag.py
[2026-09-17T09:27:07.091+0000] {processor.py:826} INFO - Processing file /workspaces/hands-on-introduction-data-engineering-4395021/airflow/dags/load_dag.py for tasks to queue
[2026-09-17T09:27:07.092+0000] {logging_mixin.py:150} INFO - [2026-09-17T09:27:07.092+0000] {dagbag.py:541} INFO - Filling up the DagBag from /workspaces/hands-on-introduction-data-engineering-4395021/airflow/dags/load_dag.py
[2026-09-17T09:27:07.101+0000] {processor.py:836} INFO - DAG(s) dict_keys(['load_dag']) retrieved from /workspaces/hands-on-introduction-data-engineering-4395021/airflow/dags/load_dag.py
[2026-09-17T09:27:07.119+0000] {logging_mixin.py:150} INFO - [2026-09-17T09:27:07.118+0000] {dag.py:2742} INFO - Sync 1 DAGs
[2026-09-17T09:27:07.137+0000] {logging_mixin.py:150} INFO - [2026-09-17T09:27:07.136+0000] {dag.py:3504} INFO - Setting next_dagrun for load_dag to None, run_after=None
[2026-09-17T09:27:07.153+0000] {processor.py:179} INFO - Processing /workspaces/hands-on-introduction-data-engineering-4395021/airflow/dags/load_dag.py took 0.065 seconds
[2026-09-17T09:27:37.588+0000] {processor.py:157} INFO - Started process (PID=36942) to work on /workspaces/hands-on-introduction-data-engineering-4395021/airflow/dags/load_dag.py
[2026-09-17T09:27:37.589+0000] {processor.py:826} INFO - Processing file /workspaces/hands-on-introduction-data-engineering-4395021/airflow/dags/load_dag.py for tasks to queue
[2026-09-17T09:27:37.589+0000] {logging_mixin.py:150} INFO - [2026-09-17T09:27:37.589+0000] {dagbag.py:541} INFO - Filling up the DagBag from /workspaces/hands-on-introduction-data-engineering-4395021/airflow/dags/load_dag.py
[2026-09-17T09:27:37.600+0000] {processor.py:836} INFO - DAG(s) dict_keys(['load_dag']) retrieved from /workspaces/hands-on-introduction-data-engineering-4395021/airflow/dags/load_dag.py
[2026-09-17T09:27:37.624+0000] {logging_mixin.py:150} INFO - [2026-09-17T09:27:37.624+0000] {dag.py:2742} INFO - Sync 1 DAGs
[2026-09-17T09:27:37.641+0000] {logging_mixin.py:150} INFO - [2026-09-17T09:27:37.641+0000] {dag.py:3504} INFO - Setting next_dagrun for load_dag to None, run_after=None
[2026-09-17T09:27:37.658+0000] {processor.py:179} INFO - Processing /workspaces/hands-on-introduction-data-engineering-4395021/airflow/dags/load_dag.py took 0.074 seconds
[2026-09-17T09:28:08.182+0000] {processor.py:157} INFO - Started process (PID=37359) to work on /workspaces/hands-on-introduction-data-engineering-4395021/airflow/dags/load_dag.py
[2026-09-17T09:28:08.183+0000] {processor.py:826} INFO - Processing file /workspaces/hands-on-introduction-data-engineering-4395021/airflow/dags/load_dag.py for tasks to queue
[2026-09-17T09:28:08.185+0000] {logging_mixin.py:150} INFO - [2026-09-17T09:28:08.184+0000] {dagbag.py:541} INFO - Filling up the DagBag from /workspaces/hands-on-introduction-data-engineering-4395021/airflow/dags/load_dag.py
[2026-09-17T09:28:08.197+0000] {processor.py:836} INFO - DAG(s) dict_keys(['load_dag']) retrieved from /workspaces/hands-on-introduction-data-engineering-4395021/airflow/dags/load_dag.py
[2026-09-17T09:28:08.216+0000] {logging_mixin.py:150} INFO - [2026-09-17T09:28:08.216+0000] {dag.py:2742} INFO - Sync 1 DAGs
[2026-09-17T09:28:08.232+0000] {logging_mixin.py:150} INFO - [2026-09-17T09:28:08.232+0000] {dag.py:3504} INFO - Setting next_dagrun for load_dag to None, run_after=None
[2026-09-17T09:28:08.254+0000] {processor.py:179} INFO - Processing /workspaces/hands-on-introduction-data-engineering-4395021/airflow/dags/load_dag.py took 0.076 seconds
[2026-09-17T09:28:38.666+0000] {processor.py:157} INFO - Started process (PID=37551) to work on /workspaces/hands-on-introduction-data-engineering-4395021/airflow/dags/load_dag.py
[2026-09-17T09:28:38.669+0000] {processor.py:826} INFO - Processing file /workspaces/hands-on-introduction-data-engineering-4395021/airflow/dags/load_dag.py for tasks to queue
[2026-09-17T09:28:38.669+0000] {logging_mixin.py:150} INFO - [2026-09-17T09:28:38.669+0000] {dagbag.py:541} INFO - Filling up the DagBag from /workspaces/hands-on-introduction-data-engineering-4395021/airflow/dags/load_dag.py
[2026-09-17T09:28:38.681+0000] {processor.py:836} INFO - DAG(s) dict_keys(['load_dag']) retrieved from /workspaces/hands-on-introduction-data-engineering-4395021/airflow/dags/load_dag.py
[2026-09-17T09:28:38.706+0000] {logging_mixin.py:150} INFO - [2026-09-17T09:28:38.705+0000] {dag.py:2742} INFO - Sync 1 DAGs
[2026-09-17T09:28:38.729+0000] {logging_mixin.py:150} INFO - [2026-09-17T09:28:38.729+0000] {dag.py:3504} INFO - Setting next_dagrun for load_dag to None, run_after=None
[2026-09-17T09:28:38.759+0000] {processor.py:179} INFO - Processing /workspaces/hands-on-introduction-data-engineering-4395021/airflow/dags/load_dag.py took 0.100 seconds
[2026-09-17T09:29:09.175+0000] {processor.py:157} INFO - Started process (PID=37753) to work on /workspaces/hands-on-introduction-data-engineering-4395021/airflow/dags/load_dag.py
[2026-09-17T09:29:09.176+0000] {processor.py:826} INFO - Processing file /workspaces/hands-on-introduction-data-engineering-4395021/airflow/dags/load_dag.py for tasks to queue
[2026-09-17T09:29:09.177+0000] {logging_mixin.py:150} INFO - [2026-09-17T09:29:09.176+0000] {dagbag.py:541} INFO - Filling up the DagBag from /workspaces/hands-on-introduction-data-engineering-4395021/airflow/dags/load_dag.py
[2026-09-17T09:29:09.187+0000] {processor.py:836} INFO - DAG(s) dict_keys(['load_dag']) retrieved from /workspaces/hands-on-introduction-data-engineering-4395021/airflow/dags/load_dag.py
[2026-09-17T09:29:09.205+0000] {logging_mixin.py:150} INFO - [2026-09-17T09:29:09.205+0000] {dag.py:2742} INFO - Sync 1 DAGs
[2026-09-17T09:29:09.223+0000] {logging_mixin.py:150} INFO - [2026-09-17T09:29:09.223+0000] {dag.py:3504} INFO - Setting next_dagrun for load_dag to None, run_after=None
[2026-09-17T09:29:09.240+0000] {processor.py:179} INFO - Processing /workspaces/hands-on-introduction-data-engineering-4395021/airflow/dags/load_dag.py took 0.067 seconds
[2026-09-17T09:29:39.865+0000] {processor.py:157} INFO - Started process (PID=37926) to work on /workspaces/hands-on-introduction-data-engineering-4395021/airflow/dags/load_dag.py
[2026-09-17T09:29:39.865+0000] {processor.py:826} INFO - Processing file /workspaces/hands-on-introduction-data-engineering-4395021/airflow/dags/load_dag.py for tasks to queue
[2026-09-17T09:29:39.866+0000] {logging_mixin.py:150} INFO - [2026-09-17T09:29:39.866+0000] {dagbag.py:541} INFO - Filling up the DagBag from /workspaces/hands-on-introduction-data-engineering-4395021/airflow/dags/load_dag.py
[2026-09-17T09:29:39.874+0000] {processor.py:836} INFO - DAG(s) dict_keys(['load_dag']) retrieved from /workspaces/hands-on-introduction-data-engineering-4395021/airflow/dags/load_dag.py
[2026-09-17T09:29:39.890+0000] {logging_mixin.py:150} INFO - [2026-09-17T09:29:39.890+0000] {dag.py:2742} INFO - Sync 1 DAGs
[2026-09-17T09:29:39.907+0000] {logging_mixin.py:150} INFO - [2026-09-17T09:29:39.907+0000] {dag.py:3504} INFO - Setting next_dagrun for load_dag to None, run_after=None
[2026-09-17T09:29:39.924+0000] {processor.py:179} INFO - Processing /workspaces/hands-on-introduction-data-engineering-4395021/airflow/dags/load_dag.py took 0.062 seconds
[2026-09-17T09:30:10.457+0000] {processor.py:157} INFO - Started process (PID=38097) to work on /workspaces/hands-on-introduction-data-engineering-4395021/airflow/dags/load_dag.py
[2026-09-17T09:30:10.458+0000] {processor.py:826} INFO - Processing file /workspaces/hands-on-introduction-data-engineering-4395021/airflow/dags/load_dag.py for tasks to queue
[2026-09-17T09:30:10.458+0000] {logging_mixin.py:150} INFO - [2026-09-17T09:30:10.458+0000] {dagbag.py:541} INFO - Filling up the DagBag from /workspaces/hands-on-introduction-data-engineering-4395021/airflow/dags/load_dag.py
[2026-09-17T09:30:10.469+0000] {processor.py:836} INFO - DAG(s) dict_keys(['load_dag']) retrieved from /workspaces/hands-on-introduction-data-engineering-4395021/airflow/dags/load_dag.py
[2026-09-17T09:30:10.497+0000] {logging_mixin.py:150} INFO - [2026-09-17T09:30:10.496+0000] {dag.py:2742} INFO - Sync 1 DAGs
[2026-09-17T09:30:10.519+0000] {logging_mixin.py:150} INFO - [2026-09-17T09:30:10.519+0000] {dag.py:3504} INFO - Setting next_dagrun for load_dag to None, run_after=None
[2026-09-17T09:30:10.542+0000] {processor.py:179} INFO - Processing /workspaces/hands-on-introduction-data-engineering-4395021/airflow/dags/load_dag.py took 0.088 seconds
[2026-09-17T09:30:40.983+0000] {processor.py:157} INFO - Started process (PID=38268) to work on /workspaces/hands-on-introduction-data-engineering-4395021/airflow/dags/load_dag.py
[2026-09-17T09:30:40.984+0000] {processor.py:826} INFO - Processing file /workspaces/hands-on-introduction-data-engineering-4395021/airflow/dags/load_dag.py for tasks to queue
[2026-09-17T09:30:40.984+0000] {logging_mixin.py:150} INFO - [2026-09-17T09:30:40.984+0000] {dagbag.py:541} INFO - Filling up the DagBag from /workspaces/hands-on-introduction-data-engineering-4395021/airflow/dags/load_dag.py
[2026-09-17T09:30:40.993+0000] {processor.py:836} INFO - DAG(s) dict_keys(['load_dag']) retrieved from /workspaces/hands-on-introduction-data-engineering-4395021/airflow/dags/load_dag.py
[2026-09-17T09:30:41.010+0000] {logging_mixin.py:150} INFO - [2026-09-17T09:30:41.010+0000] {dag.py:2742} INFO - Sync 1 DAGs
[2026-09-17T09:30:41.024+0000] {logging_mixin.py:150} INFO - [2026-09-17T09:30:41.024+0000] {dag.py:3504} INFO - Setting next_dagrun for load_dag to None, run_after=None
[2026-09-17T09:30:41.041+0000] {processor.py:179} INFO - Processing /workspaces/hands-on-introduction-data-engineering-4395021/airflow/dags/load_dag.py took 0.061 seconds
[2026-09-17T09:31:11.408+0000] {processor.py:157} INFO - Started process (PID=38446) to work on /workspaces/hands-on-introduction-data-engineering-4395021/airflow/dags/load_dag.py
[2026-09-17T09:31:11.409+0000] {processor.py:826} INFO - Processing file /workspaces/hands-on-introduction-data-engineering-4395021/airflow/dags/load_dag.py for tasks to queue
[2026-09-17T09:31:11.409+0000] {logging_mixin.py:150} INFO - [2026-09-17T09:31:11.409+0000] {dagbag.py:541} INFO - Filling up the DagBag from /workspaces/hands-on-introduction-data-engineering-4395021/airflow/dags/load_dag.py
[2026-09-17T09:31:11.417+0000] {processor.py:836} INFO - DAG(s) dict_keys(['load_dag']) retrieved from /workspaces/hands-on-introduction-data-engineering-4395021/airflow/dags/load_dag.py
[2026-09-17T09:31:11.433+0000] {logging_mixin.py:150} INFO - [2026-09-17T09:31:11.433+0000] {dag.py:2742} INFO - Sync 1 DAGs
[2026-09-17T09:31:11.447+0000] {logging_mixin.py:150} INFO - [2026-09-17T09:31:11.447+0000] {dag.py:3504} INFO - Setting next_dagrun for load_dag to None, run_after=None
[2026-09-17T09:31:11.463+0000] {processor.py:179} INFO - Processing /workspaces/hands-on-introduction-data-engineering-4395021/airflow/dags/load_dag.py took 0.058 seconds
[2026-09-17T09:31:42.045+0000] {processor.py:157} INFO - Started process (PID=38670) to work on /workspaces/hands-on-introduction-data-engineering-4395021/airflow/dags/load_dag.py
[2026-09-17T09:31:42.046+0000] {processor.py:826} INFO - Processing file /workspaces/hands-on-introduction-data-engineering-4395021/airflow/dags/load_dag.py for tasks to queue
[2026-09-17T09:31:42.047+0000] {logging_mixin.py:150} INFO - [2026-09-17T09:31:42.046+0000] {dagbag.py:541} INFO - Filling up the DagBag from /workspaces/hands-on-introduction-data-engineering-4395021/airflow/dags/load_dag.py
[2026-09-17T09:31:42.061+0000] {processor.py:836} INFO - DAG(s) dict_keys(['load_dag']) retrieved from /workspaces/hands-on-introduction-data-engineering-4395021/airflow/dags/load_dag.py
[2026-09-17T09:31:42.085+0000] {logging_mixin.py:150} INFO - [2026-09-17T09:31:42.085+0000] {dag.py:2742} INFO - Sync 1 DAGs
[2026-09-17T09:31:42.106+0000] {logging_mixin.py:150} INFO - [2026-09-17T09:31:42.106+0000] {dag.py:3504} INFO - Setting next_dagrun for load_dag to None, run_after=None
[2026-09-17T09:31:42.123+0000] {processor.py:179} INFO - Processing /workspaces/hands-on-introduction-data-engineering-4395021/airflow/dags/load_dag.py took 0.081 seconds
[2026-09-17T09:32:12.596+0000] {processor.py:157} INFO - Started process (PID=38869) to work on /workspaces/hands-on-introduction-data-engineering-4395021/airflow/dags/load_dag.py
[2026-09-17T09:32:12.597+0000] {processor.py:826} INFO - Processing file /workspaces/hands-on-introduction-data-engineering-4395021/airflow/dags/load_dag.py for tasks to queue
[2026-09-17T09:32:12.598+0000] {logging_mixin.py:150} INFO - [2026-09-17T09:32:12.598+0000] {dagbag.py:541} INFO - Filling up the DagBag from /workspaces/hands-on-introduction-data-engineering-4395021/airflow/dags/load_dag.py
[2026-09-17T09:32:12.612+0000] {processor.py:836} INFO - DAG(s) dict_keys(['load_dag']) retrieved from /workspaces/hands-on-introduction-data-engineering-4395021/airflow/dags/load_dag.py
[2026-09-17T09:32:12.641+0000] {logging_mixin.py:150} INFO - [2026-09-17T09:32:12.641+0000] {dag.py:2742} INFO - Sync 1 DAGs
[2026-09-17T09:32:12.662+0000] {logging_mixin.py:150} INFO - [2026-09-17T09:32:12.662+0000] {dag.py:3504} INFO - Setting next_dagrun for load_dag to None, run_after=None
[2026-09-17T09:32:12.691+0000] {processor.py:179} INFO - Processing /workspaces/hands-on-introduction-data-engineering-4395021/airflow/dags/load_dag.py took 0.098 seconds
[2026-09-17T09:32:43.070+0000] {processor.py:157} INFO - Started process (PID=39048) to work on /workspaces/hands-on-introduction-data-engineering-4395021/airflow/dags/load_dag.py
[2026-09-17T09:32:43.071+0000] {processor.py:826} INFO - Processing file /workspaces/hands-on-introduction-data-engineering-4395021/airflow/dags/load_dag.py for tasks to queue
[2026-09-17T09:32:43.071+0000] {logging_mixin.py:150} INFO - [2026-09-17T09:32:43.071+0000] {dagbag.py:541} INFO - Filling up the DagBag from /workspaces/hands-on-introduction-data-engineering-4395021/airflow/dags/load_dag.py
[2026-09-17T09:32:43.080+0000] {processor.py:836} INFO - DAG(s) dict_keys(['load_dag']) retrieved from /workspaces/hands-on-introduction-data-engineering-4395021/airflow/dags/load_dag.py
[2026-09-17T09:32:43.096+0000] {logging_mixin.py:150} INFO - [2026-09-17T09:32:43.096+0000] {dag.py:2742} INFO - Sync 1 DAGs
[2026-09-17T09:32:43.114+0000] {logging_mixin.py:150} INFO - [2026-09-17T09:32:43.114+0000] {dag.py:3504} INFO - Setting next_dagrun for load_dag to None, run_after=None
[2026-09-17T09:32:43.131+0000] {processor.py:179} INFO - Processing /workspaces/hands-on-introduction-data-engineering-4395021/airflow/dags/load_dag.py took 0.064 seconds
[2026-09-17T09:33:13.927+0000] {processor.py:157} INFO - Started process (PID=39239) to work on /workspaces/hands-on-introduction-data-engineering-4395021/airflow/dags/load_dag.py
[2026-09-17T09:33:13.928+0000] {processor.py:826} INFO - Processing file /workspaces/hands-on-introduction-data-engineering-4395021/airflow/dags/load_dag.py for tasks to queue
[2026-09-17T09:33:13.929+0000] {logging_mixin.py:150} INFO - [2026-09-17T09:33:13.929+0000] {dagbag.py:541} INFO - Filling up the DagBag from /workspaces/hands-on-introduction-data-engineering-4395021/airflow/dags/load_dag.py
[2026-09-17T09:33:13.943+0000] {processor.py:836} INFO - DAG(s) dict_keys(['load_dag']) retrieved from /workspaces/hands-on-introduction-data-engineering-4395021/airflow/dags/load_dag.py
[2026-09-17T09:33:13.969+0000] {logging_mixin.py:150} INFO - [2026-09-17T09:33:13.968+0000] {dag.py:2742} INFO - Sync 1 DAGs
[2026-09-17T09:33:13.998+0000] {logging_mixin.py:150} INFO - [2026-09-17T09:33:13.998+0000] {dag.py:3504} INFO - Setting next_dagrun for load_dag to None, run_after=None
[2026-09-17T09:33:14.030+0000] {processor.py:179} INFO - Processing /workspaces/hands-on-introduction-data-engineering-4395021/airflow/dags/load_dag.py took 0.107 seconds
[2026-09-17T09:33:46.019+0000] {processor.py:157} INFO - Started process (PID=39458) to work on /workspaces/hands-on-introduction-data-engineering-4395021/airflow/dags/load_dag.py
[2026-09-17T09:33:46.019+0000] {processor.py:826} INFO - Processing file /workspaces/hands-on-introduction-data-engineering-4395021/airflow/dags/load_dag.py for tasks to queue
[2026-09-17T09:33:46.020+0000] {logging_mixin.py:150} INFO - [2026-09-17T09:33:46.020+0000] {dagbag.py:541} INFO - Filling up the DagBag from /workspaces/hands-on-introduction-data-engineering-4395021/airflow/dags/load_dag.py
[2026-09-17T09:33:46.029+0000] {processor.py:836} INFO - DAG(s) dict_keys(['load_dag']) retrieved from /workspaces/hands-on-introduction-data-engineering-4395021/airflow/dags/load_dag.py
[2026-09-17T09:33:46.045+0000] {logging_mixin.py:150} INFO - [2026-09-17T09:33:46.045+0000] {dag.py:2742} INFO - Sync 1 DAGs
[2026-09-17T09:33:46.062+0000] {logging_mixin.py:150} INFO - [2026-09-17T09:33:46.062+0000] {dag.py:3504} INFO - Setting next_dagrun for load_dag to None, run_after=None
[2026-09-17T09:33:46.078+0000] {processor.py:179} INFO - Processing /workspaces/hands-on-introduction-data-engineering-4395021/airflow/dags/load_dag.py took 0.062 seconds
[2026-09-17T09:34:16.775+0000] {processor.py:157} INFO - Started process (PID=39695) to work on /workspaces/hands-on-introduction-data-engineering-4395021/airflow/dags/load_dag.py
[2026-09-17T09:34:16.776+0000] {processor.py:826} INFO - Processing file /workspaces/hands-on-introduction-data-engineering-4395021/airflow/dags/load_dag.py for tasks to queue
[2026-09-17T09:34:16.776+0000] {logging_mixin.py:150} INFO - [2026-09-17T09:34:16.776+0000] {dagbag.py:541} INFO - Filling up the DagBag from /workspaces/hands-on-introduction-data-engineering-4395021/airflow/dags/load_dag.py
[2026-09-17T09:34:16.785+0000] {processor.py:836} INFO - DAG(s) dict_keys(['load_dag']) retrieved from /workspaces/hands-on-introduction-data-engineering-4395021/airflow/dags/load_dag.py
[2026-09-17T09:34:16.802+0000] {logging_mixin.py:150} INFO - [2026-09-17T09:34:16.802+0000] {dag.py:2742} INFO - Sync 1 DAGs
[2026-09-17T09:34:16.821+0000] {logging_mixin.py:150} INFO - [2026-09-17T09:34:16.821+0000] {dag.py:3504} INFO - Setting next_dagrun for load_dag to None, run_after=None
[2026-09-17T09:34:16.836+0000] {processor.py:179} INFO - Processing /workspaces/hands-on-introduction-data-engineering-4395021/airflow/dags/load_dag.py took 0.064 seconds
[2026-09-17T09:34:47.008+0000] {processor.py:157} INFO - Started process (PID=39885) to work on /workspaces/hands-on-introduction-data-engineering-4395021/airflow/dags/load_dag.py
[2026-09-17T09:34:47.009+0000] {processor.py:826} INFO - Processing file /workspaces/hands-on-introduction-data-engineering-4395021/airflow/dags/load_dag.py for tasks to queue
[2026-09-17T09:34:47.010+0000] {logging_mixin.py:150} INFO - [2026-09-17T09:34:47.009+0000] {dagbag.py:541} INFO - Filling up the DagBag from /workspaces/hands-on-introduction-data-engineering-4395021/airflow/dags/load_dag.py
[2026-09-17T09:34:47.021+0000] {processor.py:836} INFO - DAG(s) dict_keys(['load_dag']) retrieved from /workspaces/hands-on-introduction-data-engineering-4395021/airflow/dags/load_dag.py
[2026-09-17T09:34:47.037+0000] {logging_mixin.py:150} INFO - [2026-09-17T09:34:47.037+0000] {dag.py:2742} INFO - Sync 1 DAGs
[2026-09-17T09:34:47.051+0000] {logging_mixin.py:150} INFO - [2026-09-17T09:34:47.051+0000] {dag.py:3504} INFO - Setting next_dagrun for load_dag to None, run_after=None
[2026-09-17T09:34:47.066+0000] {processor.py:179} INFO - Processing /workspaces/hands-on-introduction-data-engineering-4395021/airflow/dags/load_dag.py took 0.062 seconds
[2026-09-17T09:35:17.241+0000] {processor.py:157} INFO - Started process (PID=40090) to work on /workspaces/hands-on-introduction-data-engineering-4395021/airflow/dags/load_dag.py
[2026-09-17T09:35:17.242+0000] {processor.py:826} INFO - Processing file /workspaces/hands-on-introduction-data-engineering-4395021/airflow/dags/load_dag.py for tasks to queue
[2026-09-17T09:35:17.243+0000] {logging_mixin.py:150} INFO - [2026-09-17T09:35:17.242+0000] {dagbag.py:541} INFO - Filling up the DagBag from /workspaces/hands-on-introduction-data-engineering-4395021/airflow/dags/load_dag.py
[2026-09-17T09:35:17.251+0000] {processor.py:836} INFO - DAG(s) dict_keys(['load_dag']) retrieved from /workspaces/hands-on-introduction-data-engineering-4395021/airflow/dags/load_dag.py
[2026-09-17T09:35:17.267+0000] {logging_mixin.py:150} INFO - [2026-09-17T09:35:17.267+0000] {dag.py:2742} INFO - Sync 1 DAGs
[2026-09-17T09:35:17.282+0000] {logging_mixin.py:150} INFO - [2026-09-17T09:35:17.282+0000] {dag.py:3504} INFO - Setting next_dagrun for load_dag to None, run_after=None
[2026-09-17T09:35:17.297+0000] {processor.py:179} INFO - Processing /workspaces/hands-on-introduction-data-engineering-4395021/airflow/dags/load_dag.py took 0.059 seconds
[2026-09-17T09:35:47.427+0000] {processor.py:157} INFO - Started process (PID=40293) to work on /workspaces/hands-on-introduction-data-engineering-4395021/airflow/dags/load_dag.py
[2026-09-17T09:35:47.428+0000] {processor.py:826} INFO - Processing file /workspaces/hands-on-introduction-data-engineering-4395021/airflow/dags/load_dag.py for tasks to queue
[2026-09-17T09:35:47.428+0000] {logging_mixin.py:150} INFO - [2026-09-17T09:35:47.428+0000] {dagbag.py:541} INFO - Filling up the DagBag from /workspaces/hands-on-introduction-data-engineering-4395021/airflow/dags/load_dag.py
[2026-09-17T09:35:47.437+0000] {processor.py:836} INFO - DAG(s) dict_keys(['load_dag']) retrieved from /workspaces/hands-on-introduction-data-engineering-4395021/airflow/dags/load_dag.py
[2026-09-17T09:35:47.455+0000] {logging_mixin.py:150} INFO - [2026-09-17T09:35:47.455+0000] {dag.py:2742} INFO - Sync 1 DAGs
[2026-09-17T09:35:47.470+0000] {logging_mixin.py:150} INFO - [2026-09-17T09:35:47.470+0000] {dag.py:3504} INFO - Setting next_dagrun for load_dag to None, run_after=None
[2026-09-17T09:35:47.486+0000] {processor.py:179} INFO - Processing /workspaces/hands-on-introduction-data-engineering-4395021/airflow/dags/load_dag.py took 0.061 seconds
[2026-09-17T09:36:17.830+0000] {processor.py:157} INFO - Started process (PID=40504) to work on /workspaces/hands-on-introduction-data-engineering-4395021/airflow/dags/load_dag.py
[2026-09-17T09:36:17.830+0000] {processor.py:826} INFO - Processing file /workspaces/hands-on-introduction-data-engineering-4395021/airflow/dags/load_dag.py for tasks to queue
[2026-09-17T09:36:17.831+0000] {logging_mixin.py:150} INFO - [2026-09-17T09:36:17.831+0000] {dagbag.py:541} INFO - Filling up the DagBag from /workspaces/hands-on-introduction-data-engineering-4395021/airflow/dags/load_dag.py
[2026-09-17T09:36:17.840+0000] {processor.py:836} INFO - DAG(s) dict_keys(['load_dag']) retrieved from /workspaces/hands-on-introduction-data-engineering-4395021/airflow/dags/load_dag.py
[2026-09-17T09:36:17.856+0000] {logging_mixin.py:150} INFO - [2026-09-17T09:36:17.856+0000] {dag.py:2742} INFO - Sync 1 DAGs
[2026-09-17T09:36:17.871+0000] {logging_mixin.py:150} INFO - [2026-09-17T09:36:17.871+0000] {dag.py:3504} INFO - Setting next_dagrun for load_dag to None, run_after=None
[2026-09-17T09:36:17.886+0000] {processor.py:179} INFO - Processing /workspaces/hands-on-introduction-data-engineering-4395021/airflow/dags/load_dag.py took 0.059 seconds
[2026-09-17T09:36:48.377+0000] {processor.py:157} INFO - Started process (PID=40715) to work on /workspaces/hands-on-introduction-data-engineering-4395021/airflow/dags/load_dag.py
[2026-09-17T09:36:48.378+0000] {processor.py:826} INFO - Processing file /workspaces/hands-on-introduction-data-engineering-4395021/airflow/dags/load_dag.py for tasks to queue
[2026-09-17T09:36:48.379+0000] {logging_mixin.py:150} INFO - [2026-09-17T09:36:48.378+0000] {dagbag.py:541} INFO - Filling up the DagBag from /workspaces/hands-on-introduction-data-engineering-4395021/airflow/dags/load_dag.py
[2026-09-17T09:36:48.387+0000] {processor.py:836} INFO - DAG(s) dict_keys(['load_dag']) retrieved from /workspaces/hands-on-introduction-data-engineering-4395021/airflow/dags/load_dag.py
[2026-09-17T09:36:48.403+0000] {logging_mixin.py:150} INFO - [2026-09-17T09:36:48.403+0000] {dag.py:2742} INFO - Sync 1 DAGs
[2026-09-17T09:36:48.418+0000] {logging_mixin.py:150} INFO - [2026-09-17T09:36:48.418+0000] {dag.py:3504} INFO - Setting next_dagrun for load_dag to None, run_after=None
[2026-09-17T09:36:48.433+0000] {processor.py:179} INFO - Processing /workspaces/hands-on-introduction-data-engineering-4395021/airflow/dags/load_dag.py took 0.058 seconds
[2026-09-17T09:37:18.873+0000] {processor.py:157} INFO - Started process (PID=40918) to work on /workspaces/hands-on-introduction-data-engineering-4395021/airflow/dags/load_dag.py
[2026-09-17T09:37:18.874+0000] {processor.py:826} INFO - Processing file /workspaces/hands-on-introduction-data-engineering-4395021/airflow/dags/load_dag.py for tasks to queue
[2026-09-17T09:37:18.875+0000] {logging_mixin.py:150} INFO - [2026-09-17T09:37:18.874+0000] {dagbag.py:541} INFO - Filling up the DagBag from /workspaces/hands-on-introduction-data-engineering-4395021/airflow/dags/load_dag.py
[2026-09-17T09:37:18.884+0000] {processor.py:836} INFO - DAG(s) dict_keys(['load_dag']) retrieved from /workspaces/hands-on-introduction-data-engineering-4395021/airflow/dags/load_dag.py
[2026-09-17T09:37:18.901+0000] {logging_mixin.py:150} INFO - [2026-09-17T09:37:18.900+0000] {dag.py:2742} INFO - Sync 1 DAGs
[2026-09-17T09:37:18.920+0000] {logging_mixin.py:150} INFO - [2026-09-17T09:37:18.920+0000] {dag.py:3504} INFO - Setting next_dagrun for load_dag to None, run_after=None
[2026-09-17T09:37:18.935+0000] {processor.py:179} INFO - Processing /workspaces/hands-on-introduction-data-engineering-4395021/airflow/dags/load_dag.py took 0.066 seconds
[2026-09-17T09:37:49.373+0000] {processor.py:157} INFO - Started process (PID=41123) to work on /workspaces/hands-on-introduction-data-engineering-4395021/airflow/dags/load_dag.py
[2026-09-17T09:37:49.373+0000] {processor.py:826} INFO - Processing file /workspaces/hands-on-introduction-data-engineering-4395021/airflow/dags/load_dag.py for tasks to queue
[2026-09-17T09:37:49.374+0000] {logging_mixin.py:150} INFO - [2026-09-17T09:37:49.374+0000] {dagbag.py:541} INFO - Filling up the DagBag from /workspaces/hands-on-introduction-data-engineering-4395021/airflow/dags/load_dag.py
[2026-09-17T09:37:49.382+0000] {processor.py:836} INFO - DAG(s) dict_keys(['load_dag']) retrieved from /workspaces/hands-on-introduction-data-engineering-4395021/airflow/dags/load_dag.py
[2026-09-17T09:37:49.399+0000] {logging_mixin.py:150} INFO - [2026-09-17T09:37:49.399+0000] {dag.py:2742} INFO - Sync 1 DAGs
[2026-09-17T09:37:49.418+0000] {logging_mixin.py:150} INFO - [2026-09-17T09:37:49.418+0000] {dag.py:3504} INFO - Setting next_dagrun for load_dag to None, run_after=None
[2026-09-17T09:37:49.435+0000] {processor.py:179} INFO - Processing /workspaces/hands-on-introduction-data-engineering-4395021/airflow/dags/load_dag.py took 0.066 seconds
[2026-09-17T09:38:19.923+0000] {processor.py:157} INFO - Started process (PID=41334) to work on /workspaces/hands-on-introduction-data-engineering-4395021/airflow/dags/load_dag.py
[2026-09-17T09:38:19.924+0000] {processor.py:826} INFO - Processing file /workspaces/hands-on-introduction-data-engineering-4395021/airflow/dags/load_dag.py for tasks to queue
[2026-09-17T09:38:19.925+0000] {logging_mixin.py:150} INFO - [2026-09-17T09:38:19.925+0000] {dagbag.py:541} INFO - Filling up the DagBag from /workspaces/hands-on-introduction-data-engineering-4395021/airflow/dags/load_dag.py
[2026-09-17T09:38:19.940+0000] {processor.py:836} INFO - DAG(s) dict_keys(['load_dag']) retrieved from /workspaces/hands-on-introduction-data-engineering-4395021/airflow/dags/load_dag.py
[2026-09-17T09:38:19.966+0000] {logging_mixin.py:150} INFO - [2026-09-17T09:38:19.965+0000] {dag.py:2742} INFO - Sync 1 DAGs
[2026-09-17T09:38:19.988+0000] {logging_mixin.py:150} INFO - [2026-09-17T09:38:19.988+0000] {dag.py:3504} INFO - Setting next_dagrun for load_dag to None, run_after=None
[2026-09-17T09:38:20.007+0000] {processor.py:179} INFO - Processing /workspaces/hands-on-introduction-data-engineering-4395021/airflow/dags/load_dag.py took 0.089 seconds
[2026-09-17T09:38:50.421+0000] {processor.py:157} INFO - Started process (PID=41534) to work on /workspaces/hands-on-introduction-data-engineering-4395021/airflow/dags/load_dag.py
[2026-09-17T09:38:50.421+0000] {processor.py:826} INFO - Processing file /workspaces/hands-on-introduction-data-engineering-4395021/airflow/dags/load_dag.py for tasks to queue
[2026-09-17T09:38:50.422+0000] {logging_mixin.py:150} INFO - [2026-09-17T09:38:50.422+0000] {dagbag.py:541} INFO - Filling up the DagBag from /workspaces/hands-on-introduction-data-engineering-4395021/airflow/dags/load_dag.py
[2026-09-17T09:38:50.432+0000] {processor.py:836} INFO - DAG(s) dict_keys(['load_dag']) retrieved from /workspaces/hands-on-introduction-data-engineering-4395021/airflow/dags/load_dag.py
[2026-09-17T09:38:50.457+0000] {logging_mixin.py:150} INFO - [2026-09-17T09:38:50.457+0000] {dag.py:2742} INFO - Sync 1 DAGs
[2026-09-17T09:38:50.482+0000] {logging_mixin.py:150} INFO - [2026-09-17T09:38:50.481+0000] {dag.py:3504} INFO - Setting next_dagrun for load_dag to None, run_after=None
[2026-09-17T09:38:50.509+0000] {processor.py:179} INFO - Processing /workspaces/hands-on-introduction-data-engineering-4395021/airflow/dags/load_dag.py took 0.091 seconds
[2026-09-17T09:39:21.073+0000] {processor.py:157} INFO - Started process (PID=41742) to work on /workspaces/hands-on-introduction-data-engineering-4395021/airflow/dags/load_dag.py
[2026-09-17T09:39:21.074+0000] {processor.py:826} INFO - Processing file /workspaces/hands-on-introduction-data-engineering-4395021/airflow/dags/load_dag.py for tasks to queue
[2026-09-17T09:39:21.075+0000] {logging_mixin.py:150} INFO - [2026-09-17T09:39:21.075+0000] {dagbag.py:541} INFO - Filling up the DagBag from /workspaces/hands-on-introduction-data-engineering-4395021/airflow/dags/load_dag.py
[2026-09-17T09:39:21.084+0000] {processor.py:836} INFO - DAG(s) dict_keys(['load_dag']) retrieved from /workspaces/hands-on-introduction-data-engineering-4395021/airflow/dags/load_dag.py
[2026-09-17T09:39:21.101+0000] {logging_mixin.py:150} INFO - [2026-09-17T09:39:21.101+0000] {dag.py:2742} INFO - Sync 1 DAGs
[2026-09-17T09:39:21.120+0000] {logging_mixin.py:150} INFO - [2026-09-17T09:39:21.120+0000] {dag.py:3504} INFO - Setting next_dagrun for load_dag to None, run_after=None
[2026-09-17T09:39:21.137+0000] {processor.py:179} INFO - Processing /workspaces/hands-on-introduction-data-engineering-4395021/airflow/dags/load_dag.py took 0.066 seconds
[2026-09-17T09:39:51.549+0000] {processor.py:157} INFO - Started process (PID=41925) to work on /workspaces/hands-on-introduction-data-engineering-4395021/airflow/dags/load_dag.py
[2026-09-17T09:39:51.549+0000] {processor.py:826} INFO - Processing file /workspaces/hands-on-introduction-data-engineering-4395021/airflow/dags/load_dag.py for tasks to queue
[2026-09-17T09:39:51.550+0000] {logging_mixin.py:150} INFO - [2026-09-17T09:39:51.550+0000] {dagbag.py:541} INFO - Filling up the DagBag from /workspaces/hands-on-introduction-data-engineering-4395021/airflow/dags/load_dag.py
[2026-09-17T09:39:51.559+0000] {processor.py:836} INFO - DAG(s) dict_keys(['load_dag']) retrieved from /workspaces/hands-on-introduction-data-engineering-4395021/airflow/dags/load_dag.py
[2026-09-17T09:39:51.575+0000] {logging_mixin.py:150} INFO - [2026-09-17T09:39:51.575+0000] {dag.py:2742} INFO - Sync 1 DAGs
[2026-09-17T09:39:51.595+0000] {logging_mixin.py:150} INFO - [2026-09-17T09:39:51.595+0000] {dag.py:3504} INFO - Setting next_dagrun for load_dag to None, run_after=None
[2026-09-17T09:39:51.614+0000] {processor.py:179} INFO - Processing /workspaces/hands-on-introduction-data-engineering-4395021/airflow/dags/load_dag.py took 0.068 seconds
[2026-09-17T09:40:22.028+0000] {processor.py:157} INFO - Started process (PID=42093) to work on /workspaces/hands-on-introduction-data-engineering-4395021/airflow/dags/load_dag.py
[2026-09-17T09:40:22.029+0000] {processor.py:826} INFO - Processing file /workspaces/hands-on-introduction-data-engineering-4395021/airflow/dags/load_dag.py for tasks to queue
[2026-09-17T09:40:22.030+0000] {logging_mixin.py:150} INFO - [2026-09-17T09:40:22.029+0000] {dagbag.py:541} INFO - Filling up the DagBag from /workspaces/hands-on-introduction-data-engineering-4395021/airflow/dags/load_dag.py
[2026-09-17T09:40:22.038+0000] {processor.py:836} INFO - DAG(s) dict_keys(['load_dag']) retrieved from /workspaces/hands-on-introduction-data-engineering-4395021/airflow/dags/load_dag.py
[2026-09-17T09:40:22.054+0000] {logging_mixin.py:150} INFO - [2026-09-17T09:40:22.054+0000] {dag.py:2742} INFO - Sync 1 DAGs
[2026-09-17T09:40:22.069+0000] {logging_mixin.py:150} INFO - [2026-09-17T09:40:22.069+0000] {dag.py:3504} INFO - Setting next_dagrun for load_dag to None, run_after=None
[2026-09-17T09:40:22.084+0000] {processor.py:179} INFO - Processing /workspaces/hands-on-introduction-data-engineering-4395021/airflow/dags/load_dag.py took 0.058 seconds
[2026-09-17T09:40:52.526+0000] {processor.py:157} INFO - Started process (PID=42274) to work on /workspaces/hands-on-introduction-data-engineering-4395021/airflow/dags/load_dag.py
[2026-09-17T09:40:52.527+0000] {processor.py:826} INFO - Processing file /workspaces/hands-on-introduction-data-engineering-4395021/airflow/dags/load_dag.py for tasks to queue
[2026-09-17T09:40:52.527+0000] {logging_mixin.py:150} INFO - [2026-09-17T09:40:52.527+0000] {dagbag.py:541} INFO - Filling up the DagBag from /workspaces/hands-on-introduction-data-engineering-4395021/airflow/dags/load_dag.py
[2026-09-17T09:40:52.536+0000] {processor.py:836} INFO - DAG(s) dict_keys(['load_dag']) retrieved from /workspaces/hands-on-introduction-data-engineering-4395021/airflow/dags/load_dag.py
[2026-09-17T09:40:52.553+0000] {logging_mixin.py:150} INFO - [2026-09-17T09:40:52.553+0000] {dag.py:2742} INFO - Sync 1 DAGs
[2026-09-17T09:40:52.568+0000] {logging_mixin.py:150} INFO - [2026-09-17T09:40:52.568+0000] {dag.py:3504} INFO - Setting next_dagrun for load_dag to None, run_after=None
[2026-09-17T09:40:52.583+0000] {processor.py:179} INFO - Processing /workspaces/hands-on-introduction-data-engineering-4395021/airflow/dags/load_dag.py took 0.059 seconds
[2026-09-17T09:41:23.041+0000] {processor.py:157} INFO - Started process (PID=42447) to work on /workspaces/hands-on-introduction-data-engineering-4395021/airflow/dags/load_dag.py
[2026-09-17T09:41:23.041+0000] {processor.py:826} INFO - Processing file /workspaces/hands-on-introduction-data-engineering-4395021/airflow/dags/load_dag.py for tasks to queue
[2026-09-17T09:41:23.042+0000] {logging_mixin.py:150} INFO - [2026-09-17T09:41:23.042+0000] {dagbag.py:541} INFO - Filling up the DagBag from /workspaces/hands-on-introduction-data-engineering-4395021/airflow/dags/load_dag.py
[2026-09-17T09:41:23.050+0000] {processor.py:836} INFO - DAG(s) dict_keys(['load_dag']) retrieved from /workspaces/hands-on-introduction-data-engineering-4395021/airflow/dags/load_dag.py
[2026-09-17T09:41:23.068+0000] {logging_mixin.py:150} INFO - [2026-09-17T09:41:23.067+0000] {dag.py:2742} INFO - Sync 1 DAGs
[2026-09-17T09:41:23.083+0000] {logging_mixin.py:150} INFO - [2026-09-17T09:41:23.083+0000] {dag.py:3504} INFO - Setting next_dagrun for load_dag to None, run_after=None
[2026-09-17T09:41:23.100+0000] {processor.py:179} INFO - Processing /workspaces/hands-on-introduction-data-engineering-4395021/airflow/dags/load_dag.py took 0.063 seconds
[2026-09-17T09:41:53.539+0000] {processor.py:157} INFO - Started process (PID=42640) to work on /workspaces/hands-on-introduction-data-engineering-4395021/airflow/dags/load_dag.py
[2026-09-17T09:41:53.540+0000] {processor.py:826} INFO - Processing file /workspaces/hands-on-introduction-data-engineering-4395021/airflow/dags/load_dag.py for tasks to queue
[2026-09-17T09:41:53.541+0000] {logging_mixin.py:150} INFO - [2026-09-17T09:41:53.541+0000] {dagbag.py:541} INFO - Filling up the DagBag from /workspaces/hands-on-introduction-data-engineering-4395021/airflow/dags/load_dag.py
[2026-09-17T09:41:53.550+0000] {processor.py:836} INFO - DAG(s) dict_keys(['load_dag']) retrieved from /workspaces/hands-on-introduction-data-engineering-4395021/airflow/dags/load_dag.py
[2026-09-17T09:41:53.568+0000] {logging_mixin.py:150} INFO - [2026-09-17T09:41:53.568+0000] {dag.py:2742} INFO - Sync 1 DAGs
[2026-09-17T09:41:53.583+0000] {logging_mixin.py:150} INFO - [2026-09-17T09:41:53.583+0000] {dag.py:3504} INFO - Setting next_dagrun for load_dag to None, run_after=None
[2026-09-17T09:41:53.600+0000] {processor.py:179} INFO - Processing /workspaces/hands-on-introduction-data-engineering-4395021/airflow/dags/load_dag.py took 0.063 seconds
[2026-09-17T09:42:24.056+0000] {processor.py:157} INFO - Started process (PID=42813) to work on /workspaces/hands-on-introduction-data-engineering-4395021/airflow/dags/load_dag.py
[2026-09-17T09:42:24.057+0000] {processor.py:826} INFO - Processing file /workspaces/hands-on-introduction-data-engineering-4395021/airflow/dags/load_dag.py for tasks to queue
[2026-09-17T09:42:24.058+0000] {logging_mixin.py:150} INFO - [2026-09-17T09:42:24.057+0000] {dagbag.py:541} INFO - Filling up the DagBag from /workspaces/hands-on-introduction-data-engineering-4395021/airflow/dags/load_dag.py
[2026-09-17T09:42:24.066+0000] {processor.py:836} INFO - DAG(s) dict_keys(['load_dag']) retrieved from /workspaces/hands-on-introduction-data-engineering-4395021/airflow/dags/load_dag.py
[2026-09-17T09:42:24.087+0000] {logging_mixin.py:150} INFO - [2026-09-17T09:42:24.086+0000] {dag.py:2742} INFO - Sync 1 DAGs
[2026-09-17T09:42:24.104+0000] {logging_mixin.py:150} INFO - [2026-09-17T09:42:24.104+0000] {dag.py:3504} INFO - Setting next_dagrun for load_dag to None, run_after=None
[2026-09-17T09:42:24.122+0000] {processor.py:179} INFO - Processing /workspaces/hands-on-introduction-data-engineering-4395021/airflow/dags/load_dag.py took 0.068 seconds
[2026-09-17T09:42:54.586+0000] {processor.py:157} INFO - Started process (PID=42994) to work on /workspaces/hands-on-introduction-data-engineering-4395021/airflow/dags/load_dag.py
[2026-09-17T09:42:54.587+0000] {processor.py:826} INFO - Processing file /workspaces/hands-on-introduction-data-engineering-4395021/airflow/dags/load_dag.py for tasks to queue
[2026-09-17T09:42:54.588+0000] {logging_mixin.py:150} INFO - [2026-09-17T09:42:54.588+0000] {dagbag.py:541} INFO - Filling up the DagBag from /workspaces/hands-on-introduction-data-engineering-4395021/airflow/dags/load_dag.py
[2026-09-17T09:42:54.598+0000] {processor.py:836} INFO - DAG(s) dict_keys(['load_dag']) retrieved from /workspaces/hands-on-introduction-data-engineering-4395021/airflow/dags/load_dag.py
[2026-09-17T09:42:54.620+0000] {logging_mixin.py:150} INFO - [2026-09-17T09:42:54.620+0000] {dag.py:2742} INFO - Sync 1 DAGs
[2026-09-17T09:42:54.636+0000] {logging_mixin.py:150} INFO - [2026-09-17T09:42:54.635+0000] {dag.py:3504} INFO - Setting next_dagrun for load_dag to None, run_after=None
[2026-09-17T09:42:54.652+0000] {processor.py:179} INFO - Processing /workspaces/hands-on-introduction-data-engineering-4395021/airflow/dags/load_dag.py took 0.070 seconds
[2026-09-17T09:43:25.104+0000] {processor.py:157} INFO - Started process (PID=43167) to work on /workspaces/hands-on-introduction-data-engineering-4395021/airflow/dags/load_dag.py
[2026-09-17T09:43:25.105+0000] {processor.py:826} INFO - Processing file /workspaces/hands-on-introduction-data-engineering-4395021/airflow/dags/load_dag.py for tasks to queue
[2026-09-17T09:43:25.105+0000] {logging_mixin.py:150} INFO - [2026-09-17T09:43:25.105+0000] {dagbag.py:541} INFO - Filling up the DagBag from /workspaces/hands-on-introduction-data-engineering-4395021/airflow/dags/load_dag.py
[2026-09-17T09:43:25.117+0000] {processor.py:836} INFO - DAG(s) dict_keys(['load_dag']) retrieved from /workspaces/hands-on-introduction-data-engineering-4395021/airflow/dags/load_dag.py
[2026-09-17T09:43:25.150+0000] {logging_mixin.py:150} INFO - [2026-09-17T09:43:25.149+0000] {dag.py:2742} INFO - Sync 1 DAGs
[2026-09-17T09:43:25.174+0000] {logging_mixin.py:150} INFO - [2026-09-17T09:43:25.174+0000] {dag.py:3504} INFO - Setting next_dagrun for load_dag to None, run_after=None
[2026-09-17T09:43:25.209+0000] {processor.py:179} INFO - Processing /workspaces/hands-on-introduction-data-engineering-4395021/airflow/dags/load_dag.py took 0.109 seconds
[2026-09-17T09:43:55.603+0000] {processor.py:157} INFO - Started process (PID=43339) to work on /workspaces/hands-on-introduction-data-engineering-4395021/airflow/dags/load_dag.py
[2026-09-17T09:43:55.604+0000] {processor.py:826} INFO - Processing file /workspaces/hands-on-introduction-data-engineering-4395021/airflow/dags/load_dag.py for tasks to queue
[2026-09-17T09:43:55.605+0000] {logging_mixin.py:150} INFO - [2026-09-17T09:43:55.605+0000] {dagbag.py:541} INFO - Filling up the DagBag from /workspaces/hands-on-introduction-data-engineering-4395021/airflow/dags/load_dag.py
[2026-09-17T09:43:55.616+0000] {processor.py:836} INFO - DAG(s) dict_keys(['load_dag']) retrieved from /workspaces/hands-on-introduction-data-engineering-4395021/airflow/dags/load_dag.py
[2026-09-17T09:43:55.635+0000] {logging_mixin.py:150} INFO - [2026-09-17T09:43:55.634+0000] {dag.py:2742} INFO - Sync 1 DAGs
[2026-09-17T09:43:55.650+0000] {logging_mixin.py:150} INFO - [2026-09-17T09:43:55.650+0000] {dag.py:3504} INFO - Setting next_dagrun for load_dag to None, run_after=None
[2026-09-17T09:43:55.666+0000] {processor.py:179} INFO - Processing /workspaces/hands-on-introduction-data-engineering-4395021/airflow/dags/load_dag.py took 0.067 seconds
[2026-09-17T09:44:26.122+0000] {processor.py:157} INFO - Started process (PID=43520) to work on /workspaces/hands-on-introduction-data-engineering-4395021/airflow/dags/load_dag.py
[2026-09-17T09:44:26.123+0000] {processor.py:826} INFO - Processing file /workspaces/hands-on-introduction-data-engineering-4395021/airflow/dags/load_dag.py for tasks to queue
[2026-09-17T09:44:26.124+0000] {logging_mixin.py:150} INFO - [2026-09-17T09:44:26.123+0000] {dagbag.py:541} INFO - Filling up the DagBag from /workspaces/hands-on-introduction-data-engineering-4395021/airflow/dags/load_dag.py
[2026-09-17T09:44:26.132+0000] {processor.py:836} INFO - DAG(s) dict_keys(['load_dag']) retrieved from /workspaces/hands-on-introduction-data-engineering-4395021/airflow/dags/load_dag.py
[2026-09-17T09:44:26.150+0000] {logging_mixin.py:150} INFO - [2026-09-17T09:44:26.150+0000] {dag.py:2742} INFO - Sync 1 DAGs
[2026-09-17T09:44:26.167+0000] {logging_mixin.py:150} INFO - [2026-09-17T09:44:26.166+0000] {dag.py:3504} INFO - Setting next_dagrun for load_dag to None, run_after=None
[2026-09-17T09:44:26.183+0000] {processor.py:179} INFO - Processing /workspaces/hands-on-introduction-data-engineering-4395021/airflow/dags/load_dag.py took 0.063 seconds
[2026-09-17T09:44:56.630+0000] {processor.py:157} INFO - Started process (PID=43691) to work on /workspaces/hands-on-introduction-data-engineering-4395021/airflow/dags/load_dag.py
[2026-09-17T09:44:56.631+0000] {processor.py:826} INFO - Processing file /workspaces/hands-on-introduction-data-engineering-4395021/airflow/dags/load_dag.py for tasks to queue
[2026-09-17T09:44:56.632+0000] {logging_mixin.py:150} INFO - [2026-09-17T09:44:56.632+0000] {dagbag.py:541} INFO - Filling up the DagBag from /workspaces/hands-on-introduction-data-engineering-4395021/airflow/dags/load_dag.py
[2026-09-17T09:44:56.641+0000] {processor.py:836} INFO - DAG(s) dict_keys(['load_dag']) retrieved from /workspaces/hands-on-introduction-data-engineering-4395021/airflow/dags/load_dag.py
[2026-09-17T09:44:56.657+0000] {logging_mixin.py:150} INFO - [2026-09-17T09:44:56.657+0000] {dag.py:2742} INFO - Sync 1 DAGs
[2026-09-17T09:44:56.674+0000] {logging_mixin.py:150} INFO - [2026-09-17T09:44:56.673+0000] {dag.py:3504} INFO - Setting next_dagrun for load_dag to None, run_after=None
[2026-09-17T09:44:56.691+0000] {processor.py:179} INFO - Processing /workspaces/hands-on-introduction-data-engineering-4395021/airflow/dags/load_dag.py took 0.063 seconds
[2026-09-17T09:45:27.155+0000] {processor.py:157} INFO - Started process (PID=43866) to work on /workspaces/hands-on-introduction-data-engineering-4395021/airflow/dags/load_dag.py
[2026-09-17T09:45:27.156+0000] {processor.py:826} INFO - Processing file /workspaces/hands-on-introduction-data-engineering-4395021/airflow/dags/load_dag.py for tasks to queue
[2026-09-17T09:45:27.156+0000] {logging_mixin.py:150} INFO - [2026-09-17T09:45:27.156+0000] {dagbag.py:541} INFO - Filling up the DagBag from /workspaces/hands-on-introduction-data-engineering-4395021/airflow/dags/load_dag.py
[2026-09-17T09:45:27.165+0000] {processor.py:836} INFO - DAG(s) dict_keys(['load_dag']) retrieved from /workspaces/hands-on-introduction-data-engineering-4395021/airflow/dags/load_dag.py
[2026-09-17T09:45:27.184+0000] {logging_mixin.py:150} INFO - [2026-09-17T09:45:27.184+0000] {dag.py:2742} INFO - Sync 1 DAGs
[2026-09-17T09:45:27.210+0000] {logging_mixin.py:150} INFO - [2026-09-17T09:45:27.210+0000] {dag.py:3504} INFO - Setting next_dagrun for load_dag to None, run_after=None
[2026-09-17T09:45:27.229+0000] {processor.py:179} INFO - Processing /workspaces/hands-on-introduction-data-engineering-4395021/airflow/dags/load_dag.py took 0.077 seconds
[2026-09-17T09:45:57.795+0000] {processor.py:157} INFO - Started process (PID=44039) to work on /workspaces/hands-on-introduction-data-engineering-4395021/airflow/dags/load_dag.py
[2026-09-17T09:45:57.796+0000] {processor.py:826} INFO - Processing file /workspaces/hands-on-introduction-data-engineering-4395021/airflow/dags/load_dag.py for tasks to queue
[2026-09-17T09:45:57.797+0000] {logging_mixin.py:150} INFO - [2026-09-17T09:45:57.797+0000] {dagbag.py:541} INFO - Filling up the DagBag from /workspaces/hands-on-introduction-data-engineering-4395021/airflow/dags/load_dag.py
[2026-09-17T09:45:57.808+0000] {processor.py:836} INFO - DAG(s) dict_keys(['load_dag']) retrieved from /workspaces/hands-on-introduction-data-engineering-4395021/airflow/dags/load_dag.py
[2026-09-17T09:45:57.829+0000] {logging_mixin.py:150} INFO - [2026-09-17T09:45:57.829+0000] {dag.py:2742} INFO - Sync 1 DAGs
[2026-09-17T09:45:57.845+0000] {logging_mixin.py:150} INFO - [2026-09-17T09:45:57.844+0000] {dag.py:3504} INFO - Setting next_dagrun for load_dag to None, run_after=None
[2026-09-17T09:45:57.861+0000] {processor.py:179} INFO - Processing /workspaces/hands-on-introduction-data-engineering-4395021/airflow/dags/load_dag.py took 0.068 seconds
[2026-09-17T09:46:28.796+0000] {processor.py:157} INFO - Started process (PID=44242) to work on /workspaces/hands-on-introduction-data-engineering-4395021/airflow/dags/load_dag.py
[2026-09-17T09:46:28.797+0000] {processor.py:826} INFO - Processing file /workspaces/hands-on-introduction-data-engineering-4395021/airflow/dags/load_dag.py for tasks to queue
[2026-09-17T09:46:28.797+0000] {logging_mixin.py:150} INFO - [2026-09-17T09:46:28.797+0000] {dagbag.py:541} INFO - Filling up the DagBag from /workspaces/hands-on-introduction-data-engineering-4395021/airflow/dags/load_dag.py
[2026-09-17T09:46:28.808+0000] {processor.py:836} INFO - DAG(s) dict_keys(['load_dag']) retrieved from /workspaces/hands-on-introduction-data-engineering-4395021/airflow/dags/load_dag.py
[2026-09-17T09:46:28.828+0000] {logging_mixin.py:150} INFO - [2026-09-17T09:46:28.828+0000] {dag.py:2742} INFO - Sync 1 DAGs
[2026-09-17T09:46:28.843+0000] {logging_mixin.py:150} INFO - [2026-09-17T09:46:28.843+0000] {dag.py:3504} INFO - Setting next_dagrun for load_dag to None, run_after=None
[2026-09-17T09:46:28.861+0000] {processor.py:179} INFO - Processing /workspaces/hands-on-introduction-data-engineering-4395021/airflow/dags/load_dag.py took 0.067 seconds
[2026-09-17T09:46:59.846+0000] {processor.py:157} INFO - Started process (PID=44426) to work on /workspaces/hands-on-introduction-data-engineering-4395021/airflow/dags/load_dag.py
[2026-09-17T09:46:59.847+0000] {processor.py:826} INFO - Processing file /workspaces/hands-on-introduction-data-engineering-4395021/airflow/dags/load_dag.py for tasks to queue
[2026-09-17T09:46:59.848+0000] {logging_mixin.py:150} INFO - [2026-09-17T09:46:59.847+0000] {dagbag.py:541} INFO - Filling up the DagBag from /workspaces/hands-on-introduction-data-engineering-4395021/airflow/dags/load_dag.py
[2026-09-17T09:46:59.857+0000] {processor.py:836} INFO - DAG(s) dict_keys(['load_dag']) retrieved from /workspaces/hands-on-introduction-data-engineering-4395021/airflow/dags/load_dag.py
[2026-09-17T09:46:59.874+0000] {logging_mixin.py:150} INFO - [2026-09-17T09:46:59.874+0000] {dag.py:2742} INFO - Sync 1 DAGs
[2026-09-17T09:46:59.896+0000] {logging_mixin.py:150} INFO - [2026-09-17T09:46:59.895+0000] {dag.py:3504} INFO - Setting next_dagrun for load_dag to None, run_after=None
[2026-09-17T09:46:59.915+0000] {processor.py:179} INFO - Processing /workspaces/hands-on-introduction-data-engineering-4395021/airflow/dags/load_dag.py took 0.073 seconds
[2026-09-17T09:47:30.868+0000] {processor.py:157} INFO - Started process (PID=44600) to work on /workspaces/hands-on-introduction-data-engineering-4395021/airflow/dags/load_dag.py
[2026-09-17T09:47:30.869+0000] {processor.py:826} INFO - Processing file /workspaces/hands-on-introduction-data-engineering-4395021/airflow/dags/load_dag.py for tasks to queue
[2026-09-17T09:47:30.870+0000] {logging_mixin.py:150} INFO - [2026-09-17T09:47:30.869+0000] {dagbag.py:541} INFO - Filling up the DagBag from /workspaces/hands-on-introduction-data-engineering-4395021/airflow/dags/load_dag.py
[2026-09-17T09:47:30.878+0000] {processor.py:836} INFO - DAG(s) dict_keys(['load_dag']) retrieved from /workspaces/hands-on-introduction-data-engineering-4395021/airflow/dags/load_dag.py
[2026-09-17T09:47:30.894+0000] {logging_mixin.py:150} INFO - [2026-09-17T09:47:30.894+0000] {dag.py:2742} INFO - Sync 1 DAGs
[2026-09-17T09:47:30.909+0000] {logging_mixin.py:150} INFO - [2026-09-17T09:47:30.909+0000] {dag.py:3504} INFO - Setting next_dagrun for load_dag to None, run_after=None
[2026-09-17T09:47:30.925+0000] {processor.py:179} INFO - Processing /workspaces/hands-on-introduction-data-engineering-4395021/airflow/dags/load_dag.py took 0.059 seconds
[2026-09-17T09:48:01.882+0000] {processor.py:157} INFO - Started process (PID=44781) to work on /workspaces/hands-on-introduction-data-engineering-4395021/airflow/dags/load_dag.py
[2026-09-17T09:48:01.883+0000] {processor.py:826} INFO - Processing file /workspaces/hands-on-introduction-data-engineering-4395021/airflow/dags/load_dag.py for tasks to queue
[2026-09-17T09:48:01.884+0000] {logging_mixin.py:150} INFO - [2026-09-17T09:48:01.884+0000] {dagbag.py:541} INFO - Filling up the DagBag from /workspaces/hands-on-introduction-data-engineering-4395021/airflow/dags/load_dag.py
[2026-09-17T09:48:01.893+0000] {processor.py:836} INFO - DAG(s) dict_keys(['load_dag']) retrieved from /workspaces/hands-on-introduction-data-engineering-4395021/airflow/dags/load_dag.py
[2026-09-17T09:48:01.913+0000] {logging_mixin.py:150} INFO - [2026-09-17T09:48:01.913+0000] {dag.py:2742} INFO - Sync 1 DAGs
[2026-09-17T09:48:01.929+0000] {logging_mixin.py:150} INFO - [2026-09-17T09:48:01.929+0000] {dag.py:3504} INFO - Setting next_dagrun for load_dag to None, run_after=None
[2026-09-17T09:48:01.945+0000] {processor.py:179} INFO - Processing /workspaces/hands-on-introduction-data-engineering-4395021/airflow/dags/load_dag.py took 0.066 seconds
[2026-09-17T09:48:32.406+0000] {processor.py:157} INFO - Started process (PID=44957) to work on /workspaces/hands-on-introduction-data-engineering-4395021/airflow/dags/load_dag.py
[2026-09-17T09:48:32.410+0000] {processor.py:826} INFO - Processing file /workspaces/hands-on-introduction-data-engineering-4395021/airflow/dags/load_dag.py for tasks to queue
[2026-09-17T09:48:32.412+0000] {logging_mixin.py:150} INFO - [2026-09-17T09:48:32.412+0000] {dagbag.py:541} INFO - Filling up the DagBag from /workspaces/hands-on-introduction-data-engineering-4395021/airflow/dags/load_dag.py
[2026-09-17T09:48:32.425+0000] {processor.py:836} INFO - DAG(s) dict_keys(['load_dag']) retrieved from /workspaces/hands-on-introduction-data-engineering-4395021/airflow/dags/load_dag.py
[2026-09-17T09:48:32.455+0000] {logging_mixin.py:150} INFO - [2026-09-17T09:48:32.455+0000] {dag.py:2742} INFO - Sync 1 DAGs
[2026-09-17T09:48:32.470+0000] {logging_mixin.py:150} INFO - [2026-09-17T09:48:32.470+0000] {dag.py:3504} INFO - Setting next_dagrun for load_dag to None, run_after=None
[2026-09-17T09:48:32.486+0000] {processor.py:179} INFO - Processing /workspaces/hands-on-introduction-data-engineering-4395021/airflow/dags/load_dag.py took 0.084 seconds
[2026-09-17T09:49:02.895+0000] {processor.py:157} INFO - Started process (PID=45129) to work on /workspaces/hands-on-introduction-data-engineering-4395021/airflow/dags/load_dag.py
[2026-09-17T09:49:02.896+0000] {processor.py:826} INFO - Processing file /workspaces/hands-on-introduction-data-engineering-4395021/airflow/dags/load_dag.py for tasks to queue
[2026-09-17T09:49:02.896+0000] {logging_mixin.py:150} INFO - [2026-09-17T09:49:02.896+0000] {dagbag.py:541} INFO - Filling up the DagBag from /workspaces/hands-on-introduction-data-engineering-4395021/airflow/dags/load_dag.py
[2026-09-17T09:49:02.907+0000] {processor.py:836} INFO - DAG(s) dict_keys(['load_dag']) retrieved from /workspaces/hands-on-introduction-data-engineering-4395021/airflow/dags/load_dag.py
[2026-09-17T09:49:02.936+0000] {logging_mixin.py:150} INFO - [2026-09-17T09:49:02.936+0000] {dag.py:2742} INFO - Sync 1 DAGs
[2026-09-17T09:49:02.951+0000] {logging_mixin.py:150} INFO - [2026-09-17T09:49:02.951+0000] {dag.py:3504} INFO - Setting next_dagrun for load_dag to None, run_after=None
[2026-09-17T09:49:02.968+0000] {processor.py:179} INFO - Processing /workspaces/hands-on-introduction-data-engineering-4395021/airflow/dags/load_dag.py took 0.076 seconds
[2026-09-17T09:49:33.417+0000] {processor.py:157} INFO - Started process (PID=45310) to work on /workspaces/hands-on-introduction-data-engineering-4395021/airflow/dags/load_dag.py
[2026-09-17T09:49:33.421+0000] {processor.py:826} INFO - Processing file /workspaces/hands-on-introduction-data-engineering-4395021/airflow/dags/load_dag.py for tasks to queue
[2026-09-17T09:49:33.422+0000] {logging_mixin.py:150} INFO - [2026-09-17T09:49:33.421+0000] {dagbag.py:541} INFO - Filling up the DagBag from /workspaces/hands-on-introduction-data-engineering-4395021/airflow/dags/load_dag.py
[2026-09-17T09:49:33.432+0000] {processor.py:836} INFO - DAG(s) dict_keys(['load_dag']) retrieved from /workspaces/hands-on-introduction-data-engineering-4395021/airflow/dags/load_dag.py
[2026-09-17T09:49:33.450+0000] {logging_mixin.py:150} INFO - [2026-09-17T09:49:33.450+0000] {dag.py:2742} INFO - Sync 1 DAGs
[2026-09-17T09:49:33.467+0000] {logging_mixin.py:150} INFO - [2026-09-17T09:49:33.467+0000] {dag.py:3504} INFO - Setting next_dagrun for load_dag to None, run_after=None
[2026-09-17T09:49:33.485+0000] {processor.py:179} INFO - Processing /workspaces/hands-on-introduction-data-engineering-4395021/airflow/dags/load_dag.py took 0.071 seconds
[2026-09-17T09:50:03.918+0000] {processor.py:157} INFO - Started process (PID=45478) to work on /workspaces/hands-on-introduction-data-engineering-4395021/airflow/dags/load_dag.py
[2026-09-17T09:50:03.919+0000] {processor.py:826} INFO - Processing file /workspaces/hands-on-introduction-data-engineering-4395021/airflow/dags/load_dag.py for tasks to queue
[2026-09-17T09:50:03.919+0000] {logging_mixin.py:150} INFO - [2026-09-17T09:50:03.919+0000] {dagbag.py:541} INFO - Filling up the DagBag from /workspaces/hands-on-introduction-data-engineering-4395021/airflow/dags/load_dag.py
[2026-09-17T09:50:03.930+0000] {processor.py:836} INFO - DAG(s) dict_keys(['load_dag']) retrieved from /workspaces/hands-on-introduction-data-engineering-4395021/airflow/dags/load_dag.py
[2026-09-17T09:50:03.962+0000] {logging_mixin.py:150} INFO - [2026-09-17T09:50:03.962+0000] {dag.py:2742} INFO - Sync 1 DAGs
[2026-09-17T09:50:03.988+0000] {logging_mixin.py:150} INFO - [2026-09-17T09:50:03.988+0000] {dag.py:3504} INFO - Setting next_dagrun for load_dag to None, run_after=None
[2026-09-17T09:50:04.022+0000] {processor.py:179} INFO - Processing /workspaces/hands-on-introduction-data-engineering-4395021/airflow/dags/load_dag.py took 0.108 seconds
[2026-09-17T09:50:34.424+0000] {processor.py:157} INFO - Started process (PID=45657) to work on /workspaces/hands-on-introduction-data-engineering-4395021/airflow/dags/load_dag.py
[2026-09-17T09:50:34.425+0000] {processor.py:826} INFO - Processing file /workspaces/hands-on-introduction-data-engineering-4395021/airflow/dags/load_dag.py for tasks to queue
[2026-09-17T09:50:34.426+0000] {logging_mixin.py:150} INFO - [2026-09-17T09:50:34.426+0000] {dagbag.py:541} INFO - Filling up the DagBag from /workspaces/hands-on-introduction-data-engineering-4395021/airflow/dags/load_dag.py
[2026-09-17T09:50:34.436+0000] {processor.py:836} INFO - DAG(s) dict_keys(['load_dag']) retrieved from /workspaces/hands-on-introduction-data-engineering-4395021/airflow/dags/load_dag.py
[2026-09-17T09:50:34.454+0000] {logging_mixin.py:150} INFO - [2026-09-17T09:50:34.454+0000] {dag.py:2742} INFO - Sync 1 DAGs
[2026-09-17T09:50:34.470+0000] {logging_mixin.py:150} INFO - [2026-09-17T09:50:34.469+0000] {dag.py:3504} INFO - Setting next_dagrun for load_dag to None, run_after=None
[2026-09-17T09:50:34.488+0000] {processor.py:179} INFO - Processing /workspaces/hands-on-introduction-data-engineering-4395021/airflow/dags/load_dag.py took 0.067 seconds
[2026-09-17T09:51:05.028+0000] {processor.py:157} INFO - Started process (PID=45832) to work on /workspaces/hands-on-introduction-data-engineering-4395021/airflow/dags/load_dag.py
[2026-09-17T09:51:05.029+0000] {processor.py:826} INFO - Processing file /workspaces/hands-on-introduction-data-engineering-4395021/airflow/dags/load_dag.py for tasks to queue
[2026-09-17T09:51:05.030+0000] {logging_mixin.py:150} INFO - [2026-09-17T09:51:05.030+0000] {dagbag.py:541} INFO - Filling up the DagBag from /workspaces/hands-on-introduction-data-engineering-4395021/airflow/dags/load_dag.py
[2026-09-17T09:51:05.039+0000] {processor.py:836} INFO - DAG(s) dict_keys(['load_dag']) retrieved from /workspaces/hands-on-introduction-data-engineering-4395021/airflow/dags/load_dag.py
[2026-09-17T09:51:05.057+0000] {logging_mixin.py:150} INFO - [2026-09-17T09:51:05.056+0000] {dag.py:2742} INFO - Sync 1 DAGs
[2026-09-17T09:51:05.073+0000] {logging_mixin.py:150} INFO - [2026-09-17T09:51:05.072+0000] {dag.py:3504} INFO - Setting next_dagrun for load_dag to None, run_after=None
[2026-09-17T09:51:05.089+0000] {processor.py:179} INFO - Processing /workspaces/hands-on-introduction-data-engineering-4395021/airflow/dags/load_dag.py took 0.063 seconds
[2026-09-17T09:51:35.532+0000] {processor.py:157} INFO - Started process (PID=46032) to work on /workspaces/hands-on-introduction-data-engineering-4395021/airflow/dags/load_dag.py
[2026-09-17T09:51:35.533+0000] {processor.py:826} INFO - Processing file /workspaces/hands-on-introduction-data-engineering-4395021/airflow/dags/load_dag.py for tasks to queue
[2026-09-17T09:51:35.534+0000] {logging_mixin.py:150} INFO - [2026-09-17T09:51:35.534+0000] {dagbag.py:541} INFO - Filling up the DagBag from /workspaces/hands-on-introduction-data-engineering-4395021/airflow/dags/load_dag.py
[2026-09-17T09:51:35.543+0000] {processor.py:836} INFO - DAG(s) dict_keys(['load_dag']) retrieved from /workspaces/hands-on-introduction-data-engineering-4395021/airflow/dags/load_dag.py
[2026-09-17T09:51:35.560+0000] {logging_mixin.py:150} INFO - [2026-09-17T09:51:35.560+0000] {dag.py:2742} INFO - Sync 1 DAGs
[2026-09-17T09:51:35.574+0000] {logging_mixin.py:150} INFO - [2026-09-17T09:51:35.574+0000] {dag.py:3504} INFO - Setting next_dagrun for load_dag to None, run_after=None
[2026-09-17T09:51:35.590+0000] {processor.py:179} INFO - Processing /workspaces/hands-on-introduction-data-engineering-4395021/airflow/dags/load_dag.py took 0.060 seconds
[2026-09-17T09:52:06.070+0000] {processor.py:157} INFO - Started process (PID=46201) to work on /workspaces/hands-on-introduction-data-engineering-4395021/airflow/dags/load_dag.py
[2026-09-17T09:52:06.071+0000] {processor.py:826} INFO - Processing file /workspaces/hands-on-introduction-data-engineering-4395021/airflow/dags/load_dag.py for tasks to queue
[2026-09-17T09:52:06.072+0000] {logging_mixin.py:150} INFO - [2026-09-17T09:52:06.071+0000] {dagbag.py:541} INFO - Filling up the DagBag from /workspaces/hands-on-introduction-data-engineering-4395021/airflow/dags/load_dag.py
[2026-09-17T09:52:06.081+0000] {processor.py:836} INFO - DAG(s) dict_keys(['load_dag']) retrieved from /workspaces/hands-on-introduction-data-engineering-4395021/airflow/dags/load_dag.py
[2026-09-17T09:52:06.098+0000] {logging_mixin.py:150} INFO - [2026-09-17T09:52:06.098+0000] {dag.py:2742} INFO - Sync 1 DAGs
[2026-09-17T09:52:06.118+0000] {logging_mixin.py:150} INFO - [2026-09-17T09:52:06.118+0000] {dag.py:3504} INFO - Setting next_dagrun for load_dag to None, run_after=None
[2026-09-17T09:52:06.134+0000] {processor.py:179} INFO - Processing /workspaces/hands-on-introduction-data-engineering-4395021/airflow/dags/load_dag.py took 0.067 seconds
[2026-09-17T09:52:36.551+0000] {processor.py:157} INFO - Started process (PID=46381) to work on /workspaces/hands-on-introduction-data-engineering-4395021/airflow/dags/load_dag.py
[2026-09-17T09:52:36.552+0000] {processor.py:826} INFO - Processing file /workspaces/hands-on-introduction-data-engineering-4395021/airflow/dags/load_dag.py for tasks to queue
[2026-09-17T09:52:36.553+0000] {logging_mixin.py:150} INFO - [2026-09-17T09:52:36.552+0000] {dagbag.py:541} INFO - Filling up the DagBag from /workspaces/hands-on-introduction-data-engineering-4395021/airflow/dags/load_dag.py
[2026-09-17T09:52:36.561+0000] {processor.py:836} INFO - DAG(s) dict_keys(['load_dag']) retrieved from /workspaces/hands-on-introduction-data-engineering-4395021/airflow/dags/load_dag.py
[2026-09-17T09:52:36.577+0000] {logging_mixin.py:150} INFO - [2026-09-17T09:52:36.577+0000] {dag.py:2742} INFO - Sync 1 DAGs
[2026-09-17T09:52:36.591+0000] {logging_mixin.py:150} INFO - [2026-09-17T09:52:36.591+0000] {dag.py:3504} INFO - Setting next_dagrun for load_dag to None, run_after=None
[2026-09-17T09:52:36.607+0000] {processor.py:179} INFO - Processing /workspaces/hands-on-introduction-data-engineering-4395021/airflow/dags/load_dag.py took 0.059 seconds
[2026-09-17T09:53:07.036+0000] {processor.py:157} INFO - Started process (PID=46562) to work on /workspaces/hands-on-introduction-data-engineering-4395021/airflow/dags/load_dag.py
[2026-09-17T09:53:07.037+0000] {processor.py:826} INFO - Processing file /workspaces/hands-on-introduction-data-engineering-4395021/airflow/dags/load_dag.py for tasks to queue
[2026-09-17T09:53:07.038+0000] {logging_mixin.py:150} INFO - [2026-09-17T09:53:07.038+0000] {dagbag.py:541} INFO - Filling up the DagBag from /workspaces/hands-on-introduction-data-engineering-4395021/airflow/dags/load_dag.py
[2026-09-17T09:53:07.048+0000] {processor.py:836} INFO - DAG(s) dict_keys(['load_dag']) retrieved from /workspaces/hands-on-introduction-data-engineering-4395021/airflow/dags/load_dag.py
[2026-09-17T09:53:07.064+0000] {logging_mixin.py:150} INFO - [2026-09-17T09:53:07.064+0000] {dag.py:2742} INFO - Sync 1 DAGs
[2026-09-17T09:53:07.079+0000] {logging_mixin.py:150} INFO - [2026-09-17T09:53:07.079+0000] {dag.py:3504} INFO - Setting next_dagrun for load_dag to None, run_after=None
[2026-09-17T09:53:07.095+0000] {processor.py:179} INFO - Processing /workspaces/hands-on-introduction-data-engineering-4395021/airflow/dags/load_dag.py took 0.061 seconds
[2026-09-17T09:53:37.585+0000] {processor.py:157} INFO - Started process (PID=46731) to work on /workspaces/hands-on-introduction-data-engineering-4395021/airflow/dags/load_dag.py
[2026-09-17T09:53:37.586+0000] {processor.py:826} INFO - Processing file /workspaces/hands-on-introduction-data-engineering-4395021/airflow/dags/load_dag.py for tasks to queue
[2026-09-17T09:53:37.586+0000] {logging_mixin.py:150} INFO - [2026-09-17T09:53:37.586+0000] {dagbag.py:541} INFO - Filling up the DagBag from /workspaces/hands-on-introduction-data-engineering-4395021/airflow/dags/load_dag.py
[2026-09-17T09:53:37.597+0000] {processor.py:836} INFO - DAG(s) dict_keys(['load_dag']) retrieved from /workspaces/hands-on-introduction-data-engineering-4395021/airflow/dags/load_dag.py
[2026-09-17T09:53:37.620+0000] {logging_mixin.py:150} INFO - [2026-09-17T09:53:37.620+0000] {dag.py:2742} INFO - Sync 1 DAGs
[2026-09-17T09:53:37.635+0000] {logging_mixin.py:150} INFO - [2026-09-17T09:53:37.635+0000] {dag.py:3504} INFO - Setting next_dagrun for load_dag to None, run_after=None
[2026-09-17T09:53:37.650+0000] {processor.py:179} INFO - Processing /workspaces/hands-on-introduction-data-engineering-4395021/airflow/dags/load_dag.py took 0.068 seconds
[2026-09-17T09:54:08.097+0000] {processor.py:157} INFO - Started process (PID=46911) to work on /workspaces/hands-on-introduction-data-engineering-4395021/airflow/dags/load_dag.py
[2026-09-17T09:54:08.098+0000] {processor.py:826} INFO - Processing file /workspaces/hands-on-introduction-data-engineering-4395021/airflow/dags/load_dag.py for tasks to queue
[2026-09-17T09:54:08.099+0000] {logging_mixin.py:150} INFO - [2026-09-17T09:54:08.098+0000] {dagbag.py:541} INFO - Filling up the DagBag from /workspaces/hands-on-introduction-data-engineering-4395021/airflow/dags/load_dag.py
[2026-09-17T09:54:08.110+0000] {processor.py:836} INFO - DAG(s) dict_keys(['load_dag']) retrieved from /workspaces/hands-on-introduction-data-engineering-4395021/airflow/dags/load_dag.py
[2026-09-17T09:54:08.130+0000] {logging_mixin.py:150} INFO - [2026-09-17T09:54:08.130+0000] {dag.py:2742} INFO - Sync 1 DAGs
[2026-09-17T09:54:08.145+0000] {logging_mixin.py:150} INFO - [2026-09-17T09:54:08.145+0000] {dag.py:3504} INFO - Setting next_dagrun for load_dag to None, run_after=None
[2026-09-17T09:54:08.160+0000] {processor.py:179} INFO - Processing /workspaces/hands-on-introduction-data-engineering-4395021/airflow/dags/load_dag.py took 0.066 seconds
[2026-09-17T09:54:38.597+0000] {processor.py:157} INFO - Started process (PID=47085) to work on /workspaces/hands-on-introduction-data-engineering-4395021/airflow/dags/load_dag.py
[2026-09-17T09:54:38.598+0000] {processor.py:826} INFO - Processing file /workspaces/hands-on-introduction-data-engineering-4395021/airflow/dags/load_dag.py for tasks to queue
[2026-09-17T09:54:38.599+0000] {logging_mixin.py:150} INFO - [2026-09-17T09:54:38.598+0000] {dagbag.py:541} INFO - Filling up the DagBag from /workspaces/hands-on-introduction-data-engineering-4395021/airflow/dags/load_dag.py
[2026-09-17T09:54:38.610+0000] {processor.py:836} INFO - DAG(s) dict_keys(['load_dag']) retrieved from /workspaces/hands-on-introduction-data-engineering-4395021/airflow/dags/load_dag.py
[2026-09-17T09:54:38.628+0000] {logging_mixin.py:150} INFO - [2026-09-17T09:54:38.628+0000] {dag.py:2742} INFO - Sync 1 DAGs
[2026-09-17T09:54:38.643+0000] {logging_mixin.py:150} INFO - [2026-09-17T09:54:38.642+0000] {dag.py:3504} INFO - Setting next_dagrun for load_dag to None, run_after=None
[2026-09-17T09:54:38.657+0000] {processor.py:179} INFO - Processing /workspaces/hands-on-introduction-data-engineering-4395021/airflow/dags/load_dag.py took 0.063 seconds
[2026-09-17T09:55:09.096+0000] {processor.py:157} INFO - Started process (PID=47259) to work on /workspaces/hands-on-introduction-data-engineering-4395021/airflow/dags/load_dag.py
[2026-09-17T09:55:09.097+0000] {processor.py:826} INFO - Processing file /workspaces/hands-on-introduction-data-engineering-4395021/airflow/dags/load_dag.py for tasks to queue
[2026-09-17T09:55:09.098+0000] {logging_mixin.py:150} INFO - [2026-09-17T09:55:09.098+0000] {dagbag.py:541} INFO - Filling up the DagBag from /workspaces/hands-on-introduction-data-engineering-4395021/airflow/dags/load_dag.py
[2026-09-17T09:55:09.108+0000] {processor.py:836} INFO - DAG(s) dict_keys(['load_dag']) retrieved from /workspaces/hands-on-introduction-data-engineering-4395021/airflow/dags/load_dag.py
[2026-09-17T09:55:09.124+0000] {logging_mixin.py:150} INFO - [2026-09-17T09:55:09.124+0000] {dag.py:2742} INFO - Sync 1 DAGs
[2026-09-17T09:55:09.139+0000] {logging_mixin.py:150} INFO - [2026-09-17T09:55:09.139+0000] {dag.py:3504} INFO - Setting next_dagrun for load_dag to None, run_after=None
[2026-09-17T09:55:09.154+0000] {processor.py:179} INFO - Processing /workspaces/hands-on-introduction-data-engineering-4395021/airflow/dags/load_dag.py took 0.060 seconds
[2026-09-17T09:55:39.685+0000] {processor.py:157} INFO - Started process (PID=47433) to work on /workspaces/hands-on-introduction-data-engineering-4395021/airflow/dags/load_dag.py
[2026-09-17T09:55:39.686+0000] {processor.py:826} INFO - Processing file /workspaces/hands-on-introduction-data-engineering-4395021/airflow/dags/load_dag.py for tasks to queue
[2026-09-17T09:55:39.687+0000] {logging_mixin.py:150} INFO - [2026-09-17T09:55:39.686+0000] {dagbag.py:541} INFO - Filling up the DagBag from /workspaces/hands-on-introduction-data-engineering-4395021/airflow/dags/load_dag.py
[2026-09-17T09:55:39.696+0000] {processor.py:836} INFO - DAG(s) dict_keys(['load_dag']) retrieved from /workspaces/hands-on-introduction-data-engineering-4395021/airflow/dags/load_dag.py
[2026-09-17T09:55:39.717+0000] {logging_mixin.py:150} INFO - [2026-09-17T09:55:39.717+0000] {dag.py:2742} INFO - Sync 1 DAGs
[2026-09-17T09:55:39.732+0000] {logging_mixin.py:150} INFO - [2026-09-17T09:55:39.732+0000] {dag.py:3504} INFO - Setting next_dagrun for load_dag to None, run_after=None
[2026-09-17T09:55:39.748+0000] {processor.py:179} INFO - Processing /workspaces/hands-on-introduction-data-engineering-4395021/airflow/dags/load_dag.py took 0.066 seconds
[2026-09-17T09:56:10.246+0000] {processor.py:157} INFO - Started process (PID=47614) to work on /workspaces/hands-on-introduction-data-engineering-4395021/airflow/dags/load_dag.py
[2026-09-17T09:56:10.247+0000] {processor.py:826} INFO - Processing file /workspaces/hands-on-introduction-data-engineering-4395021/airflow/dags/load_dag.py for tasks to queue
[2026-09-17T09:56:10.249+0000] {logging_mixin.py:150} INFO - [2026-09-17T09:56:10.248+0000] {dagbag.py:541} INFO - Filling up the DagBag from /workspaces/hands-on-introduction-data-engineering-4395021/airflow/dags/load_dag.py
[2026-09-17T09:56:10.257+0000] {processor.py:836} INFO - DAG(s) dict_keys(['load_dag']) retrieved from /workspaces/hands-on-introduction-data-engineering-4395021/airflow/dags/load_dag.py
[2026-09-17T09:56:10.275+0000] {logging_mixin.py:150} INFO - [2026-09-17T09:56:10.274+0000] {dag.py:2742} INFO - Sync 1 DAGs
[2026-09-17T09:56:10.291+0000] {logging_mixin.py:150} INFO - [2026-09-17T09:56:10.291+0000] {dag.py:3504} INFO - Setting next_dagrun for load_dag to None, run_after=None
[2026-09-17T09:56:10.309+0000] {processor.py:179} INFO - Processing /workspaces/hands-on-introduction-data-engineering-4395021/airflow/dags/load_dag.py took 0.066 seconds
[2026-09-17T09:56:40.749+0000] {processor.py:157} INFO - Started process (PID=47802) to work on /workspaces/hands-on-introduction-data-engineering-4395021/airflow/dags/load_dag.py
[2026-09-17T09:56:40.750+0000] {processor.py:826} INFO - Processing file /workspaces/hands-on-introduction-data-engineering-4395021/airflow/dags/load_dag.py for tasks to queue
[2026-09-17T09:56:40.751+0000] {logging_mixin.py:150} INFO - [2026-09-17T09:56:40.751+0000] {dagbag.py:541} INFO - Filling up the DagBag from /workspaces/hands-on-introduction-data-engineering-4395021/airflow/dags/load_dag.py
[2026-09-17T09:56:40.761+0000] {processor.py:836} INFO - DAG(s) dict_keys(['load_dag']) retrieved from /workspaces/hands-on-introduction-data-engineering-4395021/airflow/dags/load_dag.py
[2026-09-17T09:56:40.778+0000] {logging_mixin.py:150} INFO - [2026-09-17T09:56:40.778+0000] {dag.py:2742} INFO - Sync 1 DAGs
[2026-09-17T09:56:40.793+0000] {logging_mixin.py:150} INFO - [2026-09-17T09:56:40.793+0000] {dag.py:3504} INFO - Setting next_dagrun for load_dag to None, run_after=None
[2026-09-17T09:56:40.808+0000] {processor.py:179} INFO - Processing /workspaces/hands-on-introduction-data-engineering-4395021/airflow/dags/load_dag.py took 0.061 seconds
[2026-09-17T09:57:11.212+0000] {processor.py:157} INFO - Started process (PID=47982) to work on /workspaces/hands-on-introduction-data-engineering-4395021/airflow/dags/load_dag.py
[2026-09-17T09:57:11.214+0000] {processor.py:826} INFO - Processing file /workspaces/hands-on-introduction-data-engineering-4395021/airflow/dags/load_dag.py for tasks to queue
[2026-09-17T09:57:11.215+0000] {logging_mixin.py:150} INFO - [2026-09-17T09:57:11.214+0000] {dagbag.py:541} INFO - Filling up the DagBag from /workspaces/hands-on-introduction-data-engineering-4395021/airflow/dags/load_dag.py
[2026-09-17T09:57:11.228+0000] {processor.py:836} INFO - DAG(s) dict_keys(['load_dag']) retrieved from /workspaces/hands-on-introduction-data-engineering-4395021/airflow/dags/load_dag.py
[2026-09-17T09:57:11.250+0000] {logging_mixin.py:150} INFO - [2026-09-17T09:57:11.250+0000] {dag.py:2742} INFO - Sync 1 DAGs
[2026-09-17T09:57:11.266+0000] {logging_mixin.py:150} INFO - [2026-09-17T09:57:11.266+0000] {dag.py:3504} INFO - Setting next_dagrun for load_dag to None, run_after=None
[2026-09-17T09:57:11.282+0000] {processor.py:179} INFO - Processing /workspaces/hands-on-introduction-data-engineering-4395021/airflow/dags/load_dag.py took 0.073 seconds
[2026-09-17T09:57:41.755+0000] {processor.py:157} INFO - Started process (PID=48163) to work on /workspaces/hands-on-introduction-data-engineering-4395021/airflow/dags/load_dag.py
[2026-09-17T09:57:41.756+0000] {processor.py:826} INFO - Processing file /workspaces/hands-on-introduction-data-engineering-4395021/airflow/dags/load_dag.py for tasks to queue
[2026-09-17T09:57:41.757+0000] {logging_mixin.py:150} INFO - [2026-09-17T09:57:41.757+0000] {dagbag.py:541} INFO - Filling up the DagBag from /workspaces/hands-on-introduction-data-engineering-4395021/airflow/dags/load_dag.py
[2026-09-17T09:57:41.766+0000] {processor.py:836} INFO - DAG(s) dict_keys(['load_dag']) retrieved from /workspaces/hands-on-introduction-data-engineering-4395021/airflow/dags/load_dag.py
[2026-09-17T09:57:41.783+0000] {logging_mixin.py:150} INFO - [2026-09-17T09:57:41.783+0000] {dag.py:2742} INFO - Sync 1 DAGs
[2026-09-17T09:57:41.798+0000] {logging_mixin.py:150} INFO - [2026-09-17T09:57:41.798+0000] {dag.py:3504} INFO - Setting next_dagrun for load_dag to None, run_after=None
[2026-09-17T09:57:41.820+0000] {processor.py:179} INFO - Processing /workspaces/hands-on-introduction-data-engineering-4395021/airflow/dags/load_dag.py took 0.067 seconds
[2026-09-17T09:58:12.261+0000] {processor.py:157} INFO - Started process (PID=48331) to work on /workspaces/hands-on-introduction-data-engineering-4395021/airflow/dags/load_dag.py
[2026-09-17T09:58:12.262+0000] {processor.py:826} INFO - Processing file /workspaces/hands-on-introduction-data-engineering-4395021/airflow/dags/load_dag.py for tasks to queue
[2026-09-17T09:58:12.263+0000] {logging_mixin.py:150} INFO - [2026-09-17T09:58:12.262+0000] {dagbag.py:541} INFO - Filling up the DagBag from /workspaces/hands-on-introduction-data-engineering-4395021/airflow/dags/load_dag.py
[2026-09-17T09:58:12.272+0000] {processor.py:836} INFO - DAG(s) dict_keys(['load_dag']) retrieved from /workspaces/hands-on-introduction-data-engineering-4395021/airflow/dags/load_dag.py
[2026-09-17T09:58:12.288+0000] {logging_mixin.py:150} INFO - [2026-09-17T09:58:12.288+0000] {dag.py:2742} INFO - Sync 1 DAGs
[2026-09-17T09:58:12.305+0000] {logging_mixin.py:150} INFO - [2026-09-17T09:58:12.305+0000] {dag.py:3504} INFO - Setting next_dagrun for load_dag to None, run_after=None
[2026-09-17T09:58:12.322+0000] {processor.py:179} INFO - Processing /workspaces/hands-on-introduction-data-engineering-4395021/airflow/dags/load_dag.py took 0.064 seconds
[2026-09-17T09:58:42.762+0000] {processor.py:157} INFO - Started process (PID=48511) to work on /workspaces/hands-on-introduction-data-engineering-4395021/airflow/dags/load_dag.py
[2026-09-17T09:58:42.762+0000] {processor.py:826} INFO - Processing file /workspaces/hands-on-introduction-data-engineering-4395021/airflow/dags/load_dag.py for tasks to queue
[2026-09-17T09:58:42.763+0000] {logging_mixin.py:150} INFO - [2026-09-17T09:58:42.763+0000] {dagbag.py:541} INFO - Filling up the DagBag from /workspaces/hands-on-introduction-data-engineering-4395021/airflow/dags/load_dag.py
[2026-09-17T09:58:42.772+0000] {processor.py:836} INFO - DAG(s) dict_keys(['load_dag']) retrieved from /workspaces/hands-on-introduction-data-engineering-4395021/airflow/dags/load_dag.py
[2026-09-17T09:58:42.788+0000] {logging_mixin.py:150} INFO - [2026-09-17T09:58:42.788+0000] {dag.py:2742} INFO - Sync 1 DAGs
[2026-09-17T09:58:42.804+0000] {logging_mixin.py:150} INFO - [2026-09-17T09:58:42.804+0000] {dag.py:3504} INFO - Setting next_dagrun for load_dag to None, run_after=None
[2026-09-17T09:58:42.823+0000] {processor.py:179} INFO - Processing /workspaces/hands-on-introduction-data-engineering-4395021/airflow/dags/load_dag.py took 0.064 seconds
[2026-09-17T09:59:13.233+0000] {processor.py:157} INFO - Started process (PID=48686) to work on /workspaces/hands-on-introduction-data-engineering-4395021/airflow/dags/load_dag.py
[2026-09-17T09:59:13.234+0000] {processor.py:826} INFO - Processing file /workspaces/hands-on-introduction-data-engineering-4395021/airflow/dags/load_dag.py for tasks to queue
[2026-09-17T09:59:13.235+0000] {logging_mixin.py:150} INFO - [2026-09-17T09:59:13.235+0000] {dagbag.py:541} INFO - Filling up the DagBag from /workspaces/hands-on-introduction-data-engineering-4395021/airflow/dags/load_dag.py
[2026-09-17T09:59:13.245+0000] {processor.py:836} INFO - DAG(s) dict_keys(['load_dag']) retrieved from /workspaces/hands-on-introduction-data-engineering-4395021/airflow/dags/load_dag.py
[2026-09-17T09:59:13.261+0000] {logging_mixin.py:150} INFO - [2026-09-17T09:59:13.261+0000] {dag.py:2742} INFO - Sync 1 DAGs
[2026-09-17T09:59:13.277+0000] {logging_mixin.py:150} INFO - [2026-09-17T09:59:13.277+0000] {dag.py:3504} INFO - Setting next_dagrun for load_dag to None, run_after=None
[2026-09-17T09:59:13.292+0000] {processor.py:179} INFO - Processing /workspaces/hands-on-introduction-data-engineering-4395021/airflow/dags/load_dag.py took 0.061 seconds
[2026-09-17T09:59:43.771+0000] {processor.py:157} INFO - Started process (PID=48861) to work on /workspaces/hands-on-introduction-data-engineering-4395021/airflow/dags/load_dag.py
[2026-09-17T09:59:43.771+0000] {processor.py:826} INFO - Processing file /workspaces/hands-on-introduction-data-engineering-4395021/airflow/dags/load_dag.py for tasks to queue
[2026-09-17T09:59:43.772+0000] {logging_mixin.py:150} INFO - [2026-09-17T09:59:43.772+0000] {dagbag.py:541} INFO - Filling up the DagBag from /workspaces/hands-on-introduction-data-engineering-4395021/airflow/dags/load_dag.py
[2026-09-17T09:59:43.781+0000] {processor.py:836} INFO - DAG(s) dict_keys(['load_dag']) retrieved from /workspaces/hands-on-introduction-data-engineering-4395021/airflow/dags/load_dag.py
[2026-09-17T09:59:43.797+0000] {logging_mixin.py:150} INFO - [2026-09-17T09:59:43.797+0000] {dag.py:2742} INFO - Sync 1 DAGs
[2026-09-17T09:59:43.816+0000] {logging_mixin.py:150} INFO - [2026-09-17T09:59:43.816+0000] {dag.py:3504} INFO - Setting next_dagrun for load_dag to None, run_after=None
[2026-09-17T09:59:43.833+0000] {processor.py:179} INFO - Processing /workspaces/hands-on-introduction-data-engineering-4395021/airflow/dags/load_dag.py took 0.065 seconds
[2026-09-17T10:00:14.266+0000] {processor.py:157} INFO - Started process (PID=49035) to work on /workspaces/hands-on-introduction-data-engineering-4395021/airflow/dags/load_dag.py
[2026-09-17T10:00:14.267+0000] {processor.py:826} INFO - Processing file /workspaces/hands-on-introduction-data-engineering-4395021/airflow/dags/load_dag.py for tasks to queue
[2026-09-17T10:00:14.268+0000] {logging_mixin.py:150} INFO - [2026-09-17T10:00:14.267+0000] {dagbag.py:541} INFO - Filling up the DagBag from /workspaces/hands-on-introduction-data-engineering-4395021/airflow/dags/load_dag.py
[2026-09-17T10:00:14.277+0000] {processor.py:836} INFO - DAG(s) dict_keys(['load_dag']) retrieved from /workspaces/hands-on-introduction-data-engineering-4395021/airflow/dags/load_dag.py
[2026-09-17T10:00:14.294+0000] {logging_mixin.py:150} INFO - [2026-09-17T10:00:14.294+0000] {dag.py:2742} INFO - Sync 1 DAGs
[2026-09-17T10:00:14.311+0000] {logging_mixin.py:150} INFO - [2026-09-17T10:00:14.311+0000] {dag.py:3504} INFO - Setting next_dagrun for load_dag to None, run_after=None
[2026-09-17T10:00:14.327+0000] {processor.py:179} INFO - Processing /workspaces/hands-on-introduction-data-engineering-4395021/airflow/dags/load_dag.py took 0.064 seconds
[2026-09-17T10:00:44.700+0000] {processor.py:157} INFO - Started process (PID=49215) to work on /workspaces/hands-on-introduction-data-engineering-4395021/airflow/dags/load_dag.py
[2026-09-17T10:00:44.701+0000] {processor.py:826} INFO - Processing file /workspaces/hands-on-introduction-data-engineering-4395021/airflow/dags/load_dag.py for tasks to queue
[2026-09-17T10:00:44.702+0000] {logging_mixin.py:150} INFO - [2026-09-17T10:00:44.702+0000] {dagbag.py:541} INFO - Filling up the DagBag from /workspaces/hands-on-introduction-data-engineering-4395021/airflow/dags/load_dag.py
[2026-09-17T10:00:44.713+0000] {processor.py:836} INFO - DAG(s) dict_keys(['load_dag']) retrieved from /workspaces/hands-on-introduction-data-engineering-4395021/airflow/dags/load_dag.py
[2026-09-17T10:00:44.734+0000] {logging_mixin.py:150} INFO - [2026-09-17T10:00:44.734+0000] {dag.py:2742} INFO - Sync 1 DAGs
[2026-09-17T10:00:44.748+0000] {logging_mixin.py:150} INFO - [2026-09-17T10:00:44.748+0000] {dag.py:3504} INFO - Setting next_dagrun for load_dag to None, run_after=None
[2026-09-17T10:00:44.763+0000] {processor.py:179} INFO - Processing /workspaces/hands-on-introduction-data-engineering-4395021/airflow/dags/load_dag.py took 0.066 seconds
[2026-09-17T10:01:15.219+0000] {processor.py:157} INFO - Started process (PID=49383) to work on /workspaces/hands-on-introduction-data-engineering-4395021/airflow/dags/load_dag.py
[2026-09-17T10:01:15.220+0000] {processor.py:826} INFO - Processing file /workspaces/hands-on-introduction-data-engineering-4395021/airflow/dags/load_dag.py for tasks to queue
[2026-09-17T10:01:15.221+0000] {logging_mixin.py:150} INFO - [2026-09-17T10:01:15.220+0000] {dagbag.py:541} INFO - Filling up the DagBag from /workspaces/hands-on-introduction-data-engineering-4395021/airflow/dags/load_dag.py
[2026-09-17T10:01:15.233+0000] {processor.py:836} INFO - DAG(s) dict_keys(['load_dag']) retrieved from /workspaces/hands-on-introduction-data-engineering-4395021/airflow/dags/load_dag.py
[2026-09-17T10:01:15.257+0000] {logging_mixin.py:150} INFO - [2026-09-17T10:01:15.257+0000] {dag.py:2742} INFO - Sync 1 DAGs
[2026-09-17T10:01:15.280+0000] {logging_mixin.py:150} INFO - [2026-09-17T10:01:15.280+0000] {dag.py:3504} INFO - Setting next_dagrun for load_dag to None, run_after=None
[2026-09-17T10:01:15.304+0000] {processor.py:179} INFO - Processing /workspaces/hands-on-introduction-data-engineering-4395021/airflow/dags/load_dag.py took 0.089 seconds
[2026-09-17T10:01:45.721+0000] {processor.py:157} INFO - Started process (PID=49583) to work on /workspaces/hands-on-introduction-data-engineering-4395021/airflow/dags/load_dag.py
[2026-09-17T10:01:45.722+0000] {processor.py:826} INFO - Processing file /workspaces/hands-on-introduction-data-engineering-4395021/airflow/dags/load_dag.py for tasks to queue
[2026-09-17T10:01:45.723+0000] {logging_mixin.py:150} INFO - [2026-09-17T10:01:45.723+0000] {dagbag.py:541} INFO - Filling up the DagBag from /workspaces/hands-on-introduction-data-engineering-4395021/airflow/dags/load_dag.py
[2026-09-17T10:01:45.734+0000] {processor.py:836} INFO - DAG(s) dict_keys(['load_dag']) retrieved from /workspaces/hands-on-introduction-data-engineering-4395021/airflow/dags/load_dag.py
[2026-09-17T10:01:45.757+0000] {logging_mixin.py:150} INFO - [2026-09-17T10:01:45.756+0000] {dag.py:2742} INFO - Sync 1 DAGs
[2026-09-17T10:01:45.784+0000] {logging_mixin.py:150} INFO - [2026-09-17T10:01:45.784+0000] {dag.py:3504} INFO - Setting next_dagrun for load_dag to None, run_after=None
[2026-09-17T10:01:45.810+0000] {processor.py:179} INFO - Processing /workspaces/hands-on-introduction-data-engineering-4395021/airflow/dags/load_dag.py took 0.096 seconds
[2026-09-17T10:02:16.231+0000] {processor.py:157} INFO - Started process (PID=49766) to work on /workspaces/hands-on-introduction-data-engineering-4395021/airflow/dags/load_dag.py
[2026-09-17T10:02:16.232+0000] {processor.py:826} INFO - Processing file /workspaces/hands-on-introduction-data-engineering-4395021/airflow/dags/load_dag.py for tasks to queue
[2026-09-17T10:02:16.232+0000] {logging_mixin.py:150} INFO - [2026-09-17T10:02:16.232+0000] {dagbag.py:541} INFO - Filling up the DagBag from /workspaces/hands-on-introduction-data-engineering-4395021/airflow/dags/load_dag.py
[2026-09-17T10:02:16.241+0000] {processor.py:836} INFO - DAG(s) dict_keys(['load_dag']) retrieved from /workspaces/hands-on-introduction-data-engineering-4395021/airflow/dags/load_dag.py
[2026-09-17T10:02:16.257+0000] {logging_mixin.py:150} INFO - [2026-09-17T10:02:16.257+0000] {dag.py:2742} INFO - Sync 1 DAGs
[2026-09-17T10:02:16.272+0000] {logging_mixin.py:150} INFO - [2026-09-17T10:02:16.272+0000] {dag.py:3504} INFO - Setting next_dagrun for load_dag to None, run_after=None
[2026-09-17T10:02:16.287+0000] {processor.py:179} INFO - Processing /workspaces/hands-on-introduction-data-engineering-4395021/airflow/dags/load_dag.py took 0.060 seconds
[2026-09-17T10:02:46.742+0000] {processor.py:157} INFO - Started process (PID=49934) to work on /workspaces/hands-on-introduction-data-engineering-4395021/airflow/dags/load_dag.py
[2026-09-17T10:02:46.743+0000] {processor.py:826} INFO - Processing file /workspaces/hands-on-introduction-data-engineering-4395021/airflow/dags/load_dag.py for tasks to queue
[2026-09-17T10:02:46.744+0000] {logging_mixin.py:150} INFO - [2026-09-17T10:02:46.744+0000] {dagbag.py:541} INFO - Filling up the DagBag from /workspaces/hands-on-introduction-data-engineering-4395021/airflow/dags/load_dag.py
[2026-09-17T10:02:46.757+0000] {processor.py:836} INFO - DAG(s) dict_keys(['load_dag']) retrieved from /workspaces/hands-on-introduction-data-engineering-4395021/airflow/dags/load_dag.py
[2026-09-17T10:02:46.781+0000] {logging_mixin.py:150} INFO - [2026-09-17T10:02:46.781+0000] {dag.py:2742} INFO - Sync 1 DAGs
[2026-09-17T10:02:46.803+0000] {logging_mixin.py:150} INFO - [2026-09-17T10:02:46.803+0000] {dag.py:3504} INFO - Setting next_dagrun for load_dag to None, run_after=None
[2026-09-17T10:02:46.826+0000] {processor.py:179} INFO - Processing /workspaces/hands-on-introduction-data-engineering-4395021/airflow/dags/load_dag.py took 0.090 seconds
[2026-09-17T10:03:17.237+0000] {processor.py:157} INFO - Started process (PID=50112) to work on /workspaces/hands-on-introduction-data-engineering-4395021/airflow/dags/load_dag.py
[2026-09-17T10:03:17.238+0000] {processor.py:826} INFO - Processing file /workspaces/hands-on-introduction-data-engineering-4395021/airflow/dags/load_dag.py for tasks to queue
[2026-09-17T10:03:17.239+0000] {logging_mixin.py:150} INFO - [2026-09-17T10:03:17.239+0000] {dagbag.py:541} INFO - Filling up the DagBag from /workspaces/hands-on-introduction-data-engineering-4395021/airflow/dags/load_dag.py
[2026-09-17T10:03:17.249+0000] {processor.py:836} INFO - DAG(s) dict_keys(['load_dag']) retrieved from /workspaces/hands-on-introduction-data-engineering-4395021/airflow/dags/load_dag.py
[2026-09-17T10:03:17.266+0000] {logging_mixin.py:150} INFO - [2026-09-17T10:03:17.266+0000] {dag.py:2742} INFO - Sync 1 DAGs
[2026-09-17T10:03:17.281+0000] {logging_mixin.py:150} INFO - [2026-09-17T10:03:17.281+0000] {dag.py:3504} INFO - Setting next_dagrun for load_dag to None, run_after=None
[2026-09-17T10:03:17.298+0000] {processor.py:179} INFO - Processing /workspaces/hands-on-introduction-data-engineering-4395021/airflow/dags/load_dag.py took 0.063 seconds
[2026-09-17T10:03:47.850+0000] {processor.py:157} INFO - Started process (PID=50285) to work on /workspaces/hands-on-introduction-data-engineering-4395021/airflow/dags/load_dag.py
[2026-09-17T10:03:47.851+0000] {processor.py:826} INFO - Processing file /workspaces/hands-on-introduction-data-engineering-4395021/airflow/dags/load_dag.py for tasks to queue
[2026-09-17T10:03:47.852+0000] {logging_mixin.py:150} INFO - [2026-09-17T10:03:47.851+0000] {dagbag.py:541} INFO - Filling up the DagBag from /workspaces/hands-on-introduction-data-engineering-4395021/airflow/dags/load_dag.py
[2026-09-17T10:03:47.861+0000] {processor.py:836} INFO - DAG(s) dict_keys(['load_dag']) retrieved from /workspaces/hands-on-introduction-data-engineering-4395021/airflow/dags/load_dag.py
[2026-09-17T10:03:47.880+0000] {logging_mixin.py:150} INFO - [2026-09-17T10:03:47.880+0000] {dag.py:2742} INFO - Sync 1 DAGs
[2026-09-17T10:03:47.895+0000] {logging_mixin.py:150} INFO - [2026-09-17T10:03:47.895+0000] {dag.py:3504} INFO - Setting next_dagrun for load_dag to None, run_after=None
[2026-09-17T10:03:47.915+0000] {processor.py:179} INFO - Processing /workspaces/hands-on-introduction-data-engineering-4395021/airflow/dags/load_dag.py took 0.068 seconds
[2026-09-17T10:04:18.346+0000] {processor.py:157} INFO - Started process (PID=50465) to work on /workspaces/hands-on-introduction-data-engineering-4395021/airflow/dags/load_dag.py
[2026-09-17T10:04:18.347+0000] {processor.py:826} INFO - Processing file /workspaces/hands-on-introduction-data-engineering-4395021/airflow/dags/load_dag.py for tasks to queue
[2026-09-17T10:04:18.347+0000] {logging_mixin.py:150} INFO - [2026-09-17T10:04:18.347+0000] {dagbag.py:541} INFO - Filling up the DagBag from /workspaces/hands-on-introduction-data-engineering-4395021/airflow/dags/load_dag.py
[2026-09-17T10:04:18.356+0000] {processor.py:836} INFO - DAG(s) dict_keys(['load_dag']) retrieved from /workspaces/hands-on-introduction-data-engineering-4395021/airflow/dags/load_dag.py
[2026-09-17T10:04:18.372+0000] {logging_mixin.py:150} INFO - [2026-09-17T10:04:18.372+0000] {dag.py:2742} INFO - Sync 1 DAGs
[2026-09-17T10:04:18.387+0000] {logging_mixin.py:150} INFO - [2026-09-17T10:04:18.387+0000] {dag.py:3504} INFO - Setting next_dagrun for load_dag to None, run_after=None
[2026-09-17T10:04:18.403+0000] {processor.py:179} INFO - Processing /workspaces/hands-on-introduction-data-engineering-4395021/airflow/dags/load_dag.py took 0.060 seconds
[2026-09-17T10:04:48.870+0000] {processor.py:157} INFO - Started process (PID=50631) to work on /workspaces/hands-on-introduction-data-engineering-4395021/airflow/dags/load_dag.py
[2026-09-17T10:04:48.871+0000] {processor.py:826} INFO - Processing file /workspaces/hands-on-introduction-data-engineering-4395021/airflow/dags/load_dag.py for tasks to queue
[2026-09-17T10:04:48.872+0000] {logging_mixin.py:150} INFO - [2026-09-17T10:04:48.872+0000] {dagbag.py:541} INFO - Filling up the DagBag from /workspaces/hands-on-introduction-data-engineering-4395021/airflow/dags/load_dag.py
[2026-09-17T10:04:48.883+0000] {processor.py:836} INFO - DAG(s) dict_keys(['load_dag']) retrieved from /workspaces/hands-on-introduction-data-engineering-4395021/airflow/dags/load_dag.py
[2026-09-17T10:04:48.899+0000] {logging_mixin.py:150} INFO - [2026-09-17T10:04:48.899+0000] {dag.py:2742} INFO - Sync 1 DAGs
[2026-09-17T10:04:48.920+0000] {logging_mixin.py:150} INFO - [2026-09-17T10:04:48.920+0000] {dag.py:3504} INFO - Setting next_dagrun for load_dag to None, run_after=None
[2026-09-17T10:04:48.935+0000] {processor.py:179} INFO - Processing /workspaces/hands-on-introduction-data-engineering-4395021/airflow/dags/load_dag.py took 0.067 seconds
[2026-09-17T10:05:19.371+0000] {processor.py:157} INFO - Started process (PID=50811) to work on /workspaces/hands-on-introduction-data-engineering-4395021/airflow/dags/load_dag.py
[2026-09-17T10:05:19.371+0000] {processor.py:826} INFO - Processing file /workspaces/hands-on-introduction-data-engineering-4395021/airflow/dags/load_dag.py for tasks to queue
[2026-09-17T10:05:19.373+0000] {logging_mixin.py:150} INFO - [2026-09-17T10:05:19.372+0000] {dagbag.py:541} INFO - Filling up the DagBag from /workspaces/hands-on-introduction-data-engineering-4395021/airflow/dags/load_dag.py
[2026-09-17T10:05:19.381+0000] {processor.py:836} INFO - DAG(s) dict_keys(['load_dag']) retrieved from /workspaces/hands-on-introduction-data-engineering-4395021/airflow/dags/load_dag.py
[2026-09-17T10:05:19.397+0000] {logging_mixin.py:150} INFO - [2026-09-17T10:05:19.397+0000] {dag.py:2742} INFO - Sync 1 DAGs
[2026-09-17T10:05:19.418+0000] {logging_mixin.py:150} INFO - [2026-09-17T10:05:19.418+0000] {dag.py:3504} INFO - Setting next_dagrun for load_dag to None, run_after=None
[2026-09-17T10:05:19.434+0000] {processor.py:179} INFO - Processing /workspaces/hands-on-introduction-data-engineering-4395021/airflow/dags/load_dag.py took 0.067 seconds
[2026-09-17T10:05:49.854+0000] {processor.py:157} INFO - Started process (PID=50991) to work on /workspaces/hands-on-introduction-data-engineering-4395021/airflow/dags/load_dag.py
[2026-09-17T10:05:49.856+0000] {processor.py:826} INFO - Processing file /workspaces/hands-on-introduction-data-engineering-4395021/airflow/dags/load_dag.py for tasks to queue
[2026-09-17T10:05:49.857+0000] {logging_mixin.py:150} INFO - [2026-09-17T10:05:49.856+0000] {dagbag.py:541} INFO - Filling up the DagBag from /workspaces/hands-on-introduction-data-engineering-4395021/airflow/dags/load_dag.py
[2026-09-17T10:05:49.866+0000] {processor.py:836} INFO - DAG(s) dict_keys(['load_dag']) retrieved from /workspaces/hands-on-introduction-data-engineering-4395021/airflow/dags/load_dag.py
[2026-09-17T10:05:49.882+0000] {logging_mixin.py:150} INFO - [2026-09-17T10:05:49.882+0000] {dag.py:2742} INFO - Sync 1 DAGs
[2026-09-17T10:05:49.896+0000] {logging_mixin.py:150} INFO - [2026-09-17T10:05:49.896+0000] {dag.py:3504} INFO - Setting next_dagrun for load_dag to None, run_after=None
[2026-09-17T10:05:49.913+0000] {processor.py:179} INFO - Processing /workspaces/hands-on-introduction-data-engineering-4395021/airflow/dags/load_dag.py took 0.061 seconds
[2026-09-17T10:06:20.431+0000] {processor.py:157} INFO - Started process (PID=51159) to work on /workspaces/hands-on-introduction-data-engineering-4395021/airflow/dags/load_dag.py
[2026-09-17T10:06:20.432+0000] {processor.py:826} INFO - Processing file /workspaces/hands-on-introduction-data-engineering-4395021/airflow/dags/load_dag.py for tasks to queue
[2026-09-17T10:06:20.433+0000] {logging_mixin.py:150} INFO - [2026-09-17T10:06:20.432+0000] {dagbag.py:541} INFO - Filling up the DagBag from /workspaces/hands-on-introduction-data-engineering-4395021/airflow/dags/load_dag.py
[2026-09-17T10:06:20.441+0000] {processor.py:836} INFO - DAG(s) dict_keys(['load_dag']) retrieved from /workspaces/hands-on-introduction-data-engineering-4395021/airflow/dags/load_dag.py
[2026-09-17T10:06:20.458+0000] {logging_mixin.py:150} INFO - [2026-09-17T10:06:20.457+0000] {dag.py:2742} INFO - Sync 1 DAGs
[2026-09-17T10:06:20.472+0000] {logging_mixin.py:150} INFO - [2026-09-17T10:06:20.472+0000] {dag.py:3504} INFO - Setting next_dagrun for load_dag to None, run_after=None
[2026-09-17T10:06:20.487+0000] {processor.py:179} INFO - Processing /workspaces/hands-on-introduction-data-engineering-4395021/airflow/dags/load_dag.py took 0.060 seconds
[2026-09-17T10:06:50.926+0000] {processor.py:157} INFO - Started process (PID=51359) to work on /workspaces/hands-on-introduction-data-engineering-4395021/airflow/dags/load_dag.py
[2026-09-17T10:06:50.927+0000] {processor.py:826} INFO - Processing file /workspaces/hands-on-introduction-data-engineering-4395021/airflow/dags/load_dag.py for tasks to queue
[2026-09-17T10:06:50.927+0000] {logging_mixin.py:150} INFO - [2026-09-17T10:06:50.927+0000] {dagbag.py:541} INFO - Filling up the DagBag from /workspaces/hands-on-introduction-data-engineering-4395021/airflow/dags/load_dag.py
[2026-09-17T10:06:50.936+0000] {processor.py:836} INFO - DAG(s) dict_keys(['load_dag']) retrieved from /workspaces/hands-on-introduction-data-engineering-4395021/airflow/dags/load_dag.py
[2026-09-17T10:06:50.952+0000] {logging_mixin.py:150} INFO - [2026-09-17T10:06:50.952+0000] {dag.py:2742} INFO - Sync 1 DAGs
[2026-09-17T10:06:50.967+0000] {logging_mixin.py:150} INFO - [2026-09-17T10:06:50.967+0000] {dag.py:3504} INFO - Setting next_dagrun for load_dag to None, run_after=None
[2026-09-17T10:06:50.982+0000] {processor.py:179} INFO - Processing /workspaces/hands-on-introduction-data-engineering-4395021/airflow/dags/load_dag.py took 0.059 seconds
[2026-09-17T10:07:21.425+0000] {processor.py:157} INFO - Started process (PID=51533) to work on /workspaces/hands-on-introduction-data-engineering-4395021/airflow/dags/load_dag.py
[2026-09-17T10:07:21.426+0000] {processor.py:826} INFO - Processing file /workspaces/hands-on-introduction-data-engineering-4395021/airflow/dags/load_dag.py for tasks to queue
[2026-09-17T10:07:21.427+0000] {logging_mixin.py:150} INFO - [2026-09-17T10:07:21.427+0000] {dagbag.py:541} INFO - Filling up the DagBag from /workspaces/hands-on-introduction-data-engineering-4395021/airflow/dags/load_dag.py
[2026-09-17T10:07:21.436+0000] {processor.py:836} INFO - DAG(s) dict_keys(['load_dag']) retrieved from /workspaces/hands-on-introduction-data-engineering-4395021/airflow/dags/load_dag.py
[2026-09-17T10:07:21.453+0000] {logging_mixin.py:150} INFO - [2026-09-17T10:07:21.453+0000] {dag.py:2742} INFO - Sync 1 DAGs
[2026-09-17T10:07:21.467+0000] {logging_mixin.py:150} INFO - [2026-09-17T10:07:21.467+0000] {dag.py:3504} INFO - Setting next_dagrun for load_dag to None, run_after=None
[2026-09-17T10:07:21.482+0000] {processor.py:179} INFO - Processing /workspaces/hands-on-introduction-data-engineering-4395021/airflow/dags/load_dag.py took 0.060 seconds
[2026-09-17T10:07:51.922+0000] {processor.py:157} INFO - Started process (PID=51707) to work on /workspaces/hands-on-introduction-data-engineering-4395021/airflow/dags/load_dag.py
[2026-09-17T10:07:51.923+0000] {processor.py:826} INFO - Processing file /workspaces/hands-on-introduction-data-engineering-4395021/airflow/dags/load_dag.py for tasks to queue
[2026-09-17T10:07:51.924+0000] {logging_mixin.py:150} INFO - [2026-09-17T10:07:51.924+0000] {dagbag.py:541} INFO - Filling up the DagBag from /workspaces/hands-on-introduction-data-engineering-4395021/airflow/dags/load_dag.py
[2026-09-17T10:07:51.933+0000] {processor.py:836} INFO - DAG(s) dict_keys(['load_dag']) retrieved from /workspaces/hands-on-introduction-data-engineering-4395021/airflow/dags/load_dag.py
[2026-09-17T10:07:51.950+0000] {logging_mixin.py:150} INFO - [2026-09-17T10:07:51.949+0000] {dag.py:2742} INFO - Sync 1 DAGs
[2026-09-17T10:07:51.966+0000] {logging_mixin.py:150} INFO - [2026-09-17T10:07:51.966+0000] {dag.py:3504} INFO - Setting next_dagrun for load_dag to None, run_after=None
[2026-09-17T10:07:51.983+0000] {processor.py:179} INFO - Processing /workspaces/hands-on-introduction-data-engineering-4395021/airflow/dags/load_dag.py took 0.064 seconds
[2026-09-17T10:08:22.433+0000] {processor.py:157} INFO - Started process (PID=51882) to work on /workspaces/hands-on-introduction-data-engineering-4395021/airflow/dags/load_dag.py
[2026-09-17T10:08:22.434+0000] {processor.py:826} INFO - Processing file /workspaces/hands-on-introduction-data-engineering-4395021/airflow/dags/load_dag.py for tasks to queue
[2026-09-17T10:08:22.435+0000] {logging_mixin.py:150} INFO - [2026-09-17T10:08:22.435+0000] {dagbag.py:541} INFO - Filling up the DagBag from /workspaces/hands-on-introduction-data-engineering-4395021/airflow/dags/load_dag.py
[2026-09-17T10:08:22.444+0000] {processor.py:836} INFO - DAG(s) dict_keys(['load_dag']) retrieved from /workspaces/hands-on-introduction-data-engineering-4395021/airflow/dags/load_dag.py
[2026-09-17T10:08:22.462+0000] {logging_mixin.py:150} INFO - [2026-09-17T10:08:22.462+0000] {dag.py:2742} INFO - Sync 1 DAGs
[2026-09-17T10:08:22.477+0000] {logging_mixin.py:150} INFO - [2026-09-17T10:08:22.477+0000] {dag.py:3504} INFO - Setting next_dagrun for load_dag to None, run_after=None
[2026-09-17T10:08:22.492+0000] {processor.py:179} INFO - Processing /workspaces/hands-on-introduction-data-engineering-4395021/airflow/dags/load_dag.py took 0.061 seconds
[2026-09-17T10:08:52.933+0000] {processor.py:157} INFO - Started process (PID=52063) to work on /workspaces/hands-on-introduction-data-engineering-4395021/airflow/dags/load_dag.py
[2026-09-17T10:08:52.934+0000] {processor.py:826} INFO - Processing file /workspaces/hands-on-introduction-data-engineering-4395021/airflow/dags/load_dag.py for tasks to queue
[2026-09-17T10:08:52.935+0000] {logging_mixin.py:150} INFO - [2026-09-17T10:08:52.934+0000] {dagbag.py:541} INFO - Filling up the DagBag from /workspaces/hands-on-introduction-data-engineering-4395021/airflow/dags/load_dag.py
[2026-09-17T10:08:52.943+0000] {processor.py:836} INFO - DAG(s) dict_keys(['load_dag']) retrieved from /workspaces/hands-on-introduction-data-engineering-4395021/airflow/dags/load_dag.py
[2026-09-17T10:08:52.960+0000] {logging_mixin.py:150} INFO - [2026-09-17T10:08:52.960+0000] {dag.py:2742} INFO - Sync 1 DAGs
[2026-09-17T10:08:52.976+0000] {logging_mixin.py:150} INFO - [2026-09-17T10:08:52.976+0000] {dag.py:3504} INFO - Setting next_dagrun for load_dag to None, run_after=None
[2026-09-17T10:08:52.991+0000] {processor.py:179} INFO - Processing /workspaces/hands-on-introduction-data-engineering-4395021/airflow/dags/load_dag.py took 0.062 seconds
[2026-09-17T10:09:23.436+0000] {processor.py:157} INFO - Started process (PID=52234) to work on /workspaces/hands-on-introduction-data-engineering-4395021/airflow/dags/load_dag.py
[2026-09-17T10:09:23.439+0000] {processor.py:826} INFO - Processing file /workspaces/hands-on-introduction-data-engineering-4395021/airflow/dags/load_dag.py for tasks to queue
[2026-09-17T10:09:23.440+0000] {logging_mixin.py:150} INFO - [2026-09-17T10:09:23.440+0000] {dagbag.py:541} INFO - Filling up the DagBag from /workspaces/hands-on-introduction-data-engineering-4395021/airflow/dags/load_dag.py
[2026-09-17T10:09:23.452+0000] {processor.py:836} INFO - DAG(s) dict_keys(['load_dag']) retrieved from /workspaces/hands-on-introduction-data-engineering-4395021/airflow/dags/load_dag.py
[2026-09-17T10:09:23.476+0000] {logging_mixin.py:150} INFO - [2026-09-17T10:09:23.476+0000] {dag.py:2742} INFO - Sync 1 DAGs
[2026-09-17T10:09:23.496+0000] {logging_mixin.py:150} INFO - [2026-09-17T10:09:23.495+0000] {dag.py:3504} INFO - Setting next_dagrun for load_dag to None, run_after=None
[2026-09-17T10:09:23.513+0000] {processor.py:179} INFO - Processing /workspaces/hands-on-introduction-data-engineering-4395021/airflow/dags/load_dag.py took 0.081 seconds
[2026-09-17T10:09:53.925+0000] {processor.py:157} INFO - Started process (PID=52412) to work on /workspaces/hands-on-introduction-data-engineering-4395021/airflow/dags/load_dag.py
[2026-09-17T10:09:53.925+0000] {processor.py:826} INFO - Processing file /workspaces/hands-on-introduction-data-engineering-4395021/airflow/dags/load_dag.py for tasks to queue
[2026-09-17T10:09:53.926+0000] {logging_mixin.py:150} INFO - [2026-09-17T10:09:53.926+0000] {dagbag.py:541} INFO - Filling up the DagBag from /workspaces/hands-on-introduction-data-engineering-4395021/airflow/dags/load_dag.py
[2026-09-17T10:09:53.937+0000] {processor.py:836} INFO - DAG(s) dict_keys(['load_dag']) retrieved from /workspaces/hands-on-introduction-data-engineering-4395021/airflow/dags/load_dag.py
[2026-09-17T10:09:53.954+0000] {logging_mixin.py:150} INFO - [2026-09-17T10:09:53.954+0000] {dag.py:2742} INFO - Sync 1 DAGs
[2026-09-17T10:09:53.970+0000] {logging_mixin.py:150} INFO - [2026-09-17T10:09:53.969+0000] {dag.py:3504} INFO - Setting next_dagrun for load_dag to None, run_after=None
[2026-09-17T10:09:53.985+0000] {processor.py:179} INFO - Processing /workspaces/hands-on-introduction-data-engineering-4395021/airflow/dags/load_dag.py took 0.062 seconds
[2026-09-17T10:10:24.414+0000] {processor.py:157} INFO - Started process (PID=52593) to work on /workspaces/hands-on-introduction-data-engineering-4395021/airflow/dags/load_dag.py
[2026-09-17T10:10:24.415+0000] {processor.py:826} INFO - Processing file /workspaces/hands-on-introduction-data-engineering-4395021/airflow/dags/load_dag.py for tasks to queue
[2026-09-17T10:10:24.416+0000] {logging_mixin.py:150} INFO - [2026-09-17T10:10:24.416+0000] {dagbag.py:541} INFO - Filling up the DagBag from /workspaces/hands-on-introduction-data-engineering-4395021/airflow/dags/load_dag.py
[2026-09-17T10:10:24.425+0000] {processor.py:836} INFO - DAG(s) dict_keys(['load_dag']) retrieved from /workspaces/hands-on-introduction-data-engineering-4395021/airflow/dags/load_dag.py
[2026-09-17T10:10:24.441+0000] {logging_mixin.py:150} INFO - [2026-09-17T10:10:24.441+0000] {dag.py:2742} INFO - Sync 1 DAGs
[2026-09-17T10:10:24.456+0000] {logging_mixin.py:150} INFO - [2026-09-17T10:10:24.456+0000] {dag.py:3504} INFO - Setting next_dagrun for load_dag to None, run_after=None
[2026-09-17T10:10:24.471+0000] {processor.py:179} INFO - Processing /workspaces/hands-on-introduction-data-engineering-4395021/airflow/dags/load_dag.py took 0.059 seconds
[2026-09-17T10:10:54.993+0000] {processor.py:157} INFO - Started process (PID=52768) to work on /workspaces/hands-on-introduction-data-engineering-4395021/airflow/dags/load_dag.py
[2026-09-17T10:10:54.994+0000] {processor.py:826} INFO - Processing file /workspaces/hands-on-introduction-data-engineering-4395021/airflow/dags/load_dag.py for tasks to queue
[2026-09-17T10:10:54.995+0000] {logging_mixin.py:150} INFO - [2026-09-17T10:10:54.994+0000] {dagbag.py:541} INFO - Filling up the DagBag from /workspaces/hands-on-introduction-data-engineering-4395021/airflow/dags/load_dag.py
[2026-09-17T10:10:55.005+0000] {processor.py:836} INFO - DAG(s) dict_keys(['load_dag']) retrieved from /workspaces/hands-on-introduction-data-engineering-4395021/airflow/dags/load_dag.py
[2026-09-17T10:10:55.022+0000] {logging_mixin.py:150} INFO - [2026-09-17T10:10:55.021+0000] {dag.py:2742} INFO - Sync 1 DAGs
[2026-09-17T10:10:55.036+0000] {logging_mixin.py:150} INFO - [2026-09-17T10:10:55.035+0000] {dag.py:3504} INFO - Setting next_dagrun for load_dag to None, run_after=None
[2026-09-17T10:10:55.050+0000] {processor.py:179} INFO - Processing /workspaces/hands-on-introduction-data-engineering-4395021/airflow/dags/load_dag.py took 0.060 seconds
[2026-09-17T10:11:25.497+0000] {processor.py:157} INFO - Started process (PID=52941) to work on /workspaces/hands-on-introduction-data-engineering-4395021/airflow/dags/load_dag.py
[2026-09-17T10:11:25.498+0000] {processor.py:826} INFO - Processing file /workspaces/hands-on-introduction-data-engineering-4395021/airflow/dags/load_dag.py for tasks to queue
[2026-09-17T10:11:25.498+0000] {logging_mixin.py:150} INFO - [2026-09-17T10:11:25.498+0000] {dagbag.py:541} INFO - Filling up the DagBag from /workspaces/hands-on-introduction-data-engineering-4395021/airflow/dags/load_dag.py
[2026-09-17T10:11:25.512+0000] {processor.py:836} INFO - DAG(s) dict_keys(['load_dag']) retrieved from /workspaces/hands-on-introduction-data-engineering-4395021/airflow/dags/load_dag.py
[2026-09-17T10:11:25.534+0000] {logging_mixin.py:150} INFO - [2026-09-17T10:11:25.534+0000] {dag.py:2742} INFO - Sync 1 DAGs
[2026-09-17T10:11:25.550+0000] {logging_mixin.py:150} INFO - [2026-09-17T10:11:25.549+0000] {dag.py:3504} INFO - Setting next_dagrun for load_dag to None, run_after=None
[2026-09-17T10:11:25.565+0000] {processor.py:179} INFO - Processing /workspaces/hands-on-introduction-data-engineering-4395021/airflow/dags/load_dag.py took 0.071 seconds
