[2026-09-17T08:24:16.486+0000] {processor.py:157} INFO - Started process (PID=5375) to work on /workspaces/hands-on-introduction-data-engineering-4395021/airflow/dags/transform_dag.py
[2026-09-17T08:24:16.487+0000] {processor.py:826} INFO - Processing file /workspaces/hands-on-introduction-data-engineering-4395021/airflow/dags/transform_dag.py for tasks to queue
[2026-09-17T08:24:16.488+0000] {logging_mixin.py:150} INFO - [2026-09-17T08:24:16.487+0000] {dagbag.py:541} INFO - Filling up the DagBag from /workspaces/hands-on-introduction-data-engineering-4395021/airflow/dags/transform_dag.py
[2026-09-17T08:24:24.424+0000] {processor.py:836} INFO - DAG(s) dict_keys(['transform_dag']) retrieved from /workspaces/hands-on-introduction-data-engineering-4395021/airflow/dags/transform_dag.py
[2026-09-17T08:24:24.539+0000] {logging_mixin.py:150} INFO - [2026-09-17T08:24:24.538+0000] {manager.py:504} INFO - Created Permission View: can edit on DAG:transform_dag
[2026-09-17T08:24:24.552+0000] {logging_mixin.py:150} INFO - [2026-09-17T08:24:24.552+0000] {manager.py:504} INFO - Created Permission View: can read on DAG:transform_dag
[2026-09-17T08:24:24.561+0000] {logging_mixin.py:150} INFO - [2026-09-17T08:24:24.561+0000] {manager.py:504} INFO - Created Permission View: can delete on DAG:transform_dag
[2026-09-17T08:24:24.573+0000] {logging_mixin.py:150} INFO - [2026-09-17T08:24:24.573+0000] {dag.py:2742} INFO - Sync 1 DAGs
[2026-09-17T08:24:24.584+0000] {logging_mixin.py:150} INFO - [2026-09-17T08:24:24.584+0000] {dag.py:2763} INFO - Creating ORM DAG for transform_dag
[2026-09-17T08:24:24.592+0000] {logging_mixin.py:150} INFO - [2026-09-17T08:24:24.592+0000] {dag.py:3504} INFO - Setting next_dagrun for transform_dag to None, run_after=None
[2026-09-17T08:24:24.611+0000] {processor.py:179} INFO - Processing /workspaces/hands-on-introduction-data-engineering-4395021/airflow/dags/transform_dag.py took 8.129 seconds
[2026-09-17T08:24:55.099+0000] {processor.py:157} INFO - Started process (PID=5852) to work on /workspaces/hands-on-introduction-data-engineering-4395021/airflow/dags/transform_dag.py
[2026-09-17T08:24:55.100+0000] {processor.py:826} INFO - Processing file /workspaces/hands-on-introduction-data-engineering-4395021/airflow/dags/transform_dag.py for tasks to queue
[2026-09-17T08:24:55.101+0000] {logging_mixin.py:150} INFO - [2026-09-17T08:24:55.100+0000] {dagbag.py:541} INFO - Filling up the DagBag from /workspaces/hands-on-introduction-data-engineering-4395021/airflow/dags/transform_dag.py
[2026-09-17T08:24:55.379+0000] {processor.py:836} INFO - DAG(s) dict_keys(['transform_dag']) retrieved from /workspaces/hands-on-introduction-data-engineering-4395021/airflow/dags/transform_dag.py
[2026-09-17T08:24:55.395+0000] {logging_mixin.py:150} INFO - [2026-09-17T08:24:55.395+0000] {dag.py:2742} INFO - Sync 1 DAGs
[2026-09-17T08:24:55.410+0000] {logging_mixin.py:150} INFO - [2026-09-17T08:24:55.410+0000] {dag.py:3504} INFO - Setting next_dagrun for transform_dag to None, run_after=None
[2026-09-17T08:24:55.425+0000] {processor.py:179} INFO - Processing /workspaces/hands-on-introduction-data-engineering-4395021/airflow/dags/transform_dag.py took 0.329 seconds
[2026-09-17T08:25:25.900+0000] {processor.py:157} INFO - Started process (PID=6069) to work on /workspaces/hands-on-introduction-data-engineering-4395021/airflow/dags/transform_dag.py
[2026-09-17T08:25:25.901+0000] {processor.py:826} INFO - Processing file /workspaces/hands-on-introduction-data-engineering-4395021/airflow/dags/transform_dag.py for tasks to queue
[2026-09-17T08:25:25.901+0000] {logging_mixin.py:150} INFO - [2026-09-17T08:25:25.901+0000] {dagbag.py:541} INFO - Filling up the DagBag from /workspaces/hands-on-introduction-data-engineering-4395021/airflow/dags/transform_dag.py
[2026-09-17T08:25:26.183+0000] {processor.py:836} INFO - DAG(s) dict_keys(['transform_dag']) retrieved from /workspaces/hands-on-introduction-data-engineering-4395021/airflow/dags/transform_dag.py
[2026-09-17T08:25:26.199+0000] {logging_mixin.py:150} INFO - [2026-09-17T08:25:26.198+0000] {dag.py:2742} INFO - Sync 1 DAGs
[2026-09-17T08:25:26.219+0000] {logging_mixin.py:150} INFO - [2026-09-17T08:25:26.218+0000] {dag.py:3504} INFO - Setting next_dagrun for transform_dag to None, run_after=None
[2026-09-17T08:25:26.237+0000] {processor.py:179} INFO - Processing /workspaces/hands-on-introduction-data-engineering-4395021/airflow/dags/transform_dag.py took 0.340 seconds
[2026-09-17T08:25:57.014+0000] {processor.py:157} INFO - Started process (PID=6357) to work on /workspaces/hands-on-introduction-data-engineering-4395021/airflow/dags/transform_dag.py
[2026-09-17T08:25:57.014+0000] {processor.py:826} INFO - Processing file /workspaces/hands-on-introduction-data-engineering-4395021/airflow/dags/transform_dag.py for tasks to queue
[2026-09-17T08:25:57.015+0000] {logging_mixin.py:150} INFO - [2026-09-17T08:25:57.015+0000] {dagbag.py:541} INFO - Filling up the DagBag from /workspaces/hands-on-introduction-data-engineering-4395021/airflow/dags/transform_dag.py
[2026-09-17T08:25:57.291+0000] {processor.py:836} INFO - DAG(s) dict_keys(['transform_dag']) retrieved from /workspaces/hands-on-introduction-data-engineering-4395021/airflow/dags/transform_dag.py
[2026-09-17T08:25:57.306+0000] {logging_mixin.py:150} INFO - [2026-09-17T08:25:57.306+0000] {dag.py:2742} INFO - Sync 1 DAGs
[2026-09-17T08:25:57.320+0000] {logging_mixin.py:150} INFO - [2026-09-17T08:25:57.320+0000] {dag.py:3504} INFO - Setting next_dagrun for transform_dag to None, run_after=None
[2026-09-17T08:25:57.336+0000] {processor.py:179} INFO - Processing /workspaces/hands-on-introduction-data-engineering-4395021/airflow/dags/transform_dag.py took 0.326 seconds
[2026-09-17T08:26:28.353+0000] {processor.py:157} INFO - Started process (PID=6542) to work on /workspaces/hands-on-introduction-data-engineering-4395021/airflow/dags/transform_dag.py
[2026-09-17T08:26:28.354+0000] {processor.py:826} INFO - Processing file /workspaces/hands-on-introduction-data-engineering-4395021/airflow/dags/transform_dag.py for tasks to queue
[2026-09-17T08:26:28.355+0000] {logging_mixin.py:150} INFO - [2026-09-17T08:26:28.354+0000] {dagbag.py:541} INFO - Filling up the DagBag from /workspaces/hands-on-introduction-data-engineering-4395021/airflow/dags/transform_dag.py
[2026-09-17T08:26:28.613+0000] {processor.py:836} INFO - DAG(s) dict_keys(['transform_dag']) retrieved from /workspaces/hands-on-introduction-data-engineering-4395021/airflow/dags/transform_dag.py
[2026-09-17T08:26:28.627+0000] {logging_mixin.py:150} INFO - [2026-09-17T08:26:28.627+0000] {dag.py:2742} INFO - Sync 1 DAGs
[2026-09-17T08:26:28.642+0000] {logging_mixin.py:150} INFO - [2026-09-17T08:26:28.642+0000] {dag.py:3504} INFO - Setting next_dagrun for transform_dag to None, run_after=None
[2026-09-17T08:26:28.657+0000] {processor.py:179} INFO - Processing /workspaces/hands-on-introduction-data-engineering-4395021/airflow/dags/transform_dag.py took 0.306 seconds
[2026-09-17T08:26:59.075+0000] {processor.py:157} INFO - Started process (PID=6962) to work on /workspaces/hands-on-introduction-data-engineering-4395021/airflow/dags/transform_dag.py
[2026-09-17T08:26:59.076+0000] {processor.py:826} INFO - Processing file /workspaces/hands-on-introduction-data-engineering-4395021/airflow/dags/transform_dag.py for tasks to queue
[2026-09-17T08:26:59.077+0000] {logging_mixin.py:150} INFO - [2026-09-17T08:26:59.076+0000] {dagbag.py:541} INFO - Filling up the DagBag from /workspaces/hands-on-introduction-data-engineering-4395021/airflow/dags/transform_dag.py
[2026-09-17T08:26:59.357+0000] {processor.py:836} INFO - DAG(s) dict_keys(['transform_dag']) retrieved from /workspaces/hands-on-introduction-data-engineering-4395021/airflow/dags/transform_dag.py
[2026-09-17T08:26:59.372+0000] {logging_mixin.py:150} INFO - [2026-09-17T08:26:59.372+0000] {dag.py:2742} INFO - Sync 1 DAGs
[2026-09-17T08:26:59.387+0000] {logging_mixin.py:150} INFO - [2026-09-17T08:26:59.387+0000] {dag.py:3504} INFO - Setting next_dagrun for transform_dag to None, run_after=None
[2026-09-17T08:26:59.401+0000] {processor.py:179} INFO - Processing /workspaces/hands-on-introduction-data-engineering-4395021/airflow/dags/transform_dag.py took 0.329 seconds
[2026-09-17T08:27:29.965+0000] {processor.py:157} INFO - Started process (PID=7252) to work on /workspaces/hands-on-introduction-data-engineering-4395021/airflow/dags/transform_dag.py
[2026-09-17T08:27:29.966+0000] {processor.py:826} INFO - Processing file /workspaces/hands-on-introduction-data-engineering-4395021/airflow/dags/transform_dag.py for tasks to queue
[2026-09-17T08:27:29.966+0000] {logging_mixin.py:150} INFO - [2026-09-17T08:27:29.966+0000] {dagbag.py:541} INFO - Filling up the DagBag from /workspaces/hands-on-introduction-data-engineering-4395021/airflow/dags/transform_dag.py
[2026-09-17T08:27:30.229+0000] {processor.py:836} INFO - DAG(s) dict_keys(['transform_dag']) retrieved from /workspaces/hands-on-introduction-data-engineering-4395021/airflow/dags/transform_dag.py
[2026-09-17T08:27:30.250+0000] {logging_mixin.py:150} INFO - [2026-09-17T08:27:30.249+0000] {dag.py:2742} INFO - Sync 1 DAGs
[2026-09-17T08:27:30.266+0000] {logging_mixin.py:150} INFO - [2026-09-17T08:27:30.266+0000] {dag.py:3504} INFO - Setting next_dagrun for transform_dag to None, run_after=None
[2026-09-17T08:27:30.281+0000] {processor.py:179} INFO - Processing /workspaces/hands-on-introduction-data-engineering-4395021/airflow/dags/transform_dag.py took 0.318 seconds
[2026-09-17T08:28:00.476+0000] {processor.py:157} INFO - Started process (PID=7538) to work on /workspaces/hands-on-introduction-data-engineering-4395021/airflow/dags/transform_dag.py
[2026-09-17T08:28:00.477+0000] {processor.py:826} INFO - Processing file /workspaces/hands-on-introduction-data-engineering-4395021/airflow/dags/transform_dag.py for tasks to queue
[2026-09-17T08:28:00.478+0000] {logging_mixin.py:150} INFO - [2026-09-17T08:28:00.478+0000] {dagbag.py:541} INFO - Filling up the DagBag from /workspaces/hands-on-introduction-data-engineering-4395021/airflow/dags/transform_dag.py
[2026-09-17T08:28:00.780+0000] {processor.py:836} INFO - DAG(s) dict_keys(['transform_dag']) retrieved from /workspaces/hands-on-introduction-data-engineering-4395021/airflow/dags/transform_dag.py
[2026-09-17T08:28:00.795+0000] {logging_mixin.py:150} INFO - [2026-09-17T08:28:00.794+0000] {dag.py:2742} INFO - Sync 1 DAGs
[2026-09-17T08:28:00.810+0000] {logging_mixin.py:150} INFO - [2026-09-17T08:28:00.810+0000] {dag.py:3504} INFO - Setting next_dagrun for transform_dag to None, run_after=None
[2026-09-17T08:28:00.826+0000] {processor.py:179} INFO - Processing /workspaces/hands-on-introduction-data-engineering-4395021/airflow/dags/transform_dag.py took 0.352 seconds
[2026-09-17T08:28:30.974+0000] {processor.py:157} INFO - Started process (PID=7748) to work on /workspaces/hands-on-introduction-data-engineering-4395021/airflow/dags/transform_dag.py
[2026-09-17T08:28:30.975+0000] {processor.py:826} INFO - Processing file /workspaces/hands-on-introduction-data-engineering-4395021/airflow/dags/transform_dag.py for tasks to queue
[2026-09-17T08:28:30.976+0000] {logging_mixin.py:150} INFO - [2026-09-17T08:28:30.975+0000] {dagbag.py:541} INFO - Filling up the DagBag from /workspaces/hands-on-introduction-data-engineering-4395021/airflow/dags/transform_dag.py
[2026-09-17T08:28:31.257+0000] {processor.py:836} INFO - DAG(s) dict_keys(['transform_dag']) retrieved from /workspaces/hands-on-introduction-data-engineering-4395021/airflow/dags/transform_dag.py
[2026-09-17T08:28:31.272+0000] {logging_mixin.py:150} INFO - [2026-09-17T08:28:31.272+0000] {dag.py:2742} INFO - Sync 1 DAGs
[2026-09-17T08:28:31.286+0000] {logging_mixin.py:150} INFO - [2026-09-17T08:28:31.286+0000] {dag.py:3504} INFO - Setting next_dagrun for transform_dag to None, run_after=None
[2026-09-17T08:28:31.302+0000] {processor.py:179} INFO - Processing /workspaces/hands-on-introduction-data-engineering-4395021/airflow/dags/transform_dag.py took 0.331 seconds
[2026-09-17T08:29:01.471+0000] {processor.py:157} INFO - Started process (PID=7961) to work on /workspaces/hands-on-introduction-data-engineering-4395021/airflow/dags/transform_dag.py
[2026-09-17T08:29:01.472+0000] {processor.py:826} INFO - Processing file /workspaces/hands-on-introduction-data-engineering-4395021/airflow/dags/transform_dag.py for tasks to queue
[2026-09-17T08:29:01.473+0000] {logging_mixin.py:150} INFO - [2026-09-17T08:29:01.473+0000] {dagbag.py:541} INFO - Filling up the DagBag from /workspaces/hands-on-introduction-data-engineering-4395021/airflow/dags/transform_dag.py
[2026-09-17T08:29:01.753+0000] {processor.py:836} INFO - DAG(s) dict_keys(['transform_dag']) retrieved from /workspaces/hands-on-introduction-data-engineering-4395021/airflow/dags/transform_dag.py
[2026-09-17T08:29:01.772+0000] {logging_mixin.py:150} INFO - [2026-09-17T08:29:01.772+0000] {dag.py:2742} INFO - Sync 1 DAGs
[2026-09-17T08:29:01.787+0000] {logging_mixin.py:150} INFO - [2026-09-17T08:29:01.787+0000] {dag.py:3504} INFO - Setting next_dagrun for transform_dag to None, run_after=None
[2026-09-17T08:29:01.804+0000] {processor.py:179} INFO - Processing /workspaces/hands-on-introduction-data-engineering-4395021/airflow/dags/transform_dag.py took 0.335 seconds
[2026-09-17T08:29:31.971+0000] {processor.py:157} INFO - Started process (PID=8208) to work on /workspaces/hands-on-introduction-data-engineering-4395021/airflow/dags/transform_dag.py
[2026-09-17T08:29:31.972+0000] {processor.py:826} INFO - Processing file /workspaces/hands-on-introduction-data-engineering-4395021/airflow/dags/transform_dag.py for tasks to queue
[2026-09-17T08:29:31.973+0000] {logging_mixin.py:150} INFO - [2026-09-17T08:29:31.972+0000] {dagbag.py:541} INFO - Filling up the DagBag from /workspaces/hands-on-introduction-data-engineering-4395021/airflow/dags/transform_dag.py
[2026-09-17T08:29:32.264+0000] {processor.py:836} INFO - DAG(s) dict_keys(['transform_dag']) retrieved from /workspaces/hands-on-introduction-data-engineering-4395021/airflow/dags/transform_dag.py
[2026-09-17T08:29:32.279+0000] {logging_mixin.py:150} INFO - [2026-09-17T08:29:32.279+0000] {dag.py:2742} INFO - Sync 1 DAGs
[2026-09-17T08:29:32.293+0000] {logging_mixin.py:150} INFO - [2026-09-17T08:29:32.293+0000] {dag.py:3504} INFO - Setting next_dagrun for transform_dag to None, run_after=None
[2026-09-17T08:29:32.308+0000] {processor.py:179} INFO - Processing /workspaces/hands-on-introduction-data-engineering-4395021/airflow/dags/transform_dag.py took 0.339 seconds
[2026-09-17T08:30:02.468+0000] {processor.py:157} INFO - Started process (PID=8421) to work on /workspaces/hands-on-introduction-data-engineering-4395021/airflow/dags/transform_dag.py
[2026-09-17T08:30:02.468+0000] {processor.py:826} INFO - Processing file /workspaces/hands-on-introduction-data-engineering-4395021/airflow/dags/transform_dag.py for tasks to queue
[2026-09-17T08:30:02.469+0000] {logging_mixin.py:150} INFO - [2026-09-17T08:30:02.469+0000] {dagbag.py:541} INFO - Filling up the DagBag from /workspaces/hands-on-introduction-data-engineering-4395021/airflow/dags/transform_dag.py
[2026-09-17T08:30:02.744+0000] {processor.py:836} INFO - DAG(s) dict_keys(['transform_dag']) retrieved from /workspaces/hands-on-introduction-data-engineering-4395021/airflow/dags/transform_dag.py
[2026-09-17T08:30:02.759+0000] {logging_mixin.py:150} INFO - [2026-09-17T08:30:02.758+0000] {dag.py:2742} INFO - Sync 1 DAGs
[2026-09-17T08:30:02.773+0000] {logging_mixin.py:150} INFO - [2026-09-17T08:30:02.772+0000] {dag.py:3504} INFO - Setting next_dagrun for transform_dag to None, run_after=None
[2026-09-17T08:30:02.790+0000] {processor.py:179} INFO - Processing /workspaces/hands-on-introduction-data-engineering-4395021/airflow/dags/transform_dag.py took 0.325 seconds
[2026-09-17T08:30:32.947+0000] {processor.py:157} INFO - Started process (PID=8629) to work on /workspaces/hands-on-introduction-data-engineering-4395021/airflow/dags/transform_dag.py
[2026-09-17T08:30:32.948+0000] {processor.py:826} INFO - Processing file /workspaces/hands-on-introduction-data-engineering-4395021/airflow/dags/transform_dag.py for tasks to queue
[2026-09-17T08:30:32.949+0000] {logging_mixin.py:150} INFO - [2026-09-17T08:30:32.949+0000] {dagbag.py:541} INFO - Filling up the DagBag from /workspaces/hands-on-introduction-data-engineering-4395021/airflow/dags/transform_dag.py
[2026-09-17T08:30:33.216+0000] {processor.py:836} INFO - DAG(s) dict_keys(['transform_dag']) retrieved from /workspaces/hands-on-introduction-data-engineering-4395021/airflow/dags/transform_dag.py
[2026-09-17T08:30:33.234+0000] {logging_mixin.py:150} INFO - [2026-09-17T08:30:33.234+0000] {dag.py:2742} INFO - Sync 1 DAGs
[2026-09-17T08:30:33.250+0000] {logging_mixin.py:150} INFO - [2026-09-17T08:30:33.250+0000] {dag.py:3504} INFO - Setting next_dagrun for transform_dag to None, run_after=None
[2026-09-17T08:30:33.267+0000] {processor.py:179} INFO - Processing /workspaces/hands-on-introduction-data-engineering-4395021/airflow/dags/transform_dag.py took 0.322 seconds
[2026-09-17T08:31:03.419+0000] {processor.py:157} INFO - Started process (PID=8959) to work on /workspaces/hands-on-introduction-data-engineering-4395021/airflow/dags/transform_dag.py
[2026-09-17T08:31:03.420+0000] {processor.py:826} INFO - Processing file /workspaces/hands-on-introduction-data-engineering-4395021/airflow/dags/transform_dag.py for tasks to queue
[2026-09-17T08:31:03.420+0000] {logging_mixin.py:150} INFO - [2026-09-17T08:31:03.420+0000] {dagbag.py:541} INFO - Filling up the DagBag from /workspaces/hands-on-introduction-data-engineering-4395021/airflow/dags/transform_dag.py
[2026-09-17T08:31:03.784+0000] {processor.py:836} INFO - DAG(s) dict_keys(['transform_dag']) retrieved from /workspaces/hands-on-introduction-data-engineering-4395021/airflow/dags/transform_dag.py
[2026-09-17T08:31:03.811+0000] {logging_mixin.py:150} INFO - [2026-09-17T08:31:03.810+0000] {dag.py:2742} INFO - Sync 1 DAGs
[2026-09-17T08:31:03.838+0000] {logging_mixin.py:150} INFO - [2026-09-17T08:31:03.838+0000] {dag.py:3504} INFO - Setting next_dagrun for transform_dag to None, run_after=None
[2026-09-17T08:31:03.874+0000] {processor.py:179} INFO - Processing /workspaces/hands-on-introduction-data-engineering-4395021/airflow/dags/transform_dag.py took 0.457 seconds
[2026-09-17T08:31:34.042+0000] {processor.py:157} INFO - Started process (PID=9532) to work on /workspaces/hands-on-introduction-data-engineering-4395021/airflow/dags/transform_dag.py
[2026-09-17T08:31:34.043+0000] {processor.py:826} INFO - Processing file /workspaces/hands-on-introduction-data-engineering-4395021/airflow/dags/transform_dag.py for tasks to queue
[2026-09-17T08:31:34.043+0000] {logging_mixin.py:150} INFO - [2026-09-17T08:31:34.043+0000] {dagbag.py:541} INFO - Filling up the DagBag from /workspaces/hands-on-introduction-data-engineering-4395021/airflow/dags/transform_dag.py
[2026-09-17T08:31:34.419+0000] {processor.py:836} INFO - DAG(s) dict_keys(['transform_dag']) retrieved from /workspaces/hands-on-introduction-data-engineering-4395021/airflow/dags/transform_dag.py
[2026-09-17T08:31:34.443+0000] {logging_mixin.py:150} INFO - [2026-09-17T08:31:34.443+0000] {dag.py:2742} INFO - Sync 1 DAGs
[2026-09-17T08:31:34.466+0000] {logging_mixin.py:150} INFO - [2026-09-17T08:31:34.465+0000] {dag.py:3504} INFO - Setting next_dagrun for transform_dag to None, run_after=None
[2026-09-17T08:31:34.482+0000] {processor.py:179} INFO - Processing /workspaces/hands-on-introduction-data-engineering-4395021/airflow/dags/transform_dag.py took 0.443 seconds
[2026-09-17T08:32:04.624+0000] {processor.py:157} INFO - Started process (PID=9717) to work on /workspaces/hands-on-introduction-data-engineering-4395021/airflow/dags/transform_dag.py
[2026-09-17T08:32:04.625+0000] {processor.py:826} INFO - Processing file /workspaces/hands-on-introduction-data-engineering-4395021/airflow/dags/transform_dag.py for tasks to queue
[2026-09-17T08:32:04.626+0000] {logging_mixin.py:150} INFO - [2026-09-17T08:32:04.626+0000] {dagbag.py:541} INFO - Filling up the DagBag from /workspaces/hands-on-introduction-data-engineering-4395021/airflow/dags/transform_dag.py
[2026-09-17T08:32:04.968+0000] {processor.py:836} INFO - DAG(s) dict_keys(['transform_dag']) retrieved from /workspaces/hands-on-introduction-data-engineering-4395021/airflow/dags/transform_dag.py
[2026-09-17T08:32:04.985+0000] {logging_mixin.py:150} INFO - [2026-09-17T08:32:04.984+0000] {dag.py:2742} INFO - Sync 1 DAGs
[2026-09-17T08:32:05.007+0000] {logging_mixin.py:150} INFO - [2026-09-17T08:32:05.006+0000] {dag.py:3504} INFO - Setting next_dagrun for transform_dag to None, run_after=None
[2026-09-17T08:32:05.023+0000] {processor.py:179} INFO - Processing /workspaces/hands-on-introduction-data-engineering-4395021/airflow/dags/transform_dag.py took 0.403 seconds
[2026-09-17T08:32:35.197+0000] {processor.py:157} INFO - Started process (PID=9929) to work on /workspaces/hands-on-introduction-data-engineering-4395021/airflow/dags/transform_dag.py
[2026-09-17T08:32:35.198+0000] {processor.py:826} INFO - Processing file /workspaces/hands-on-introduction-data-engineering-4395021/airflow/dags/transform_dag.py for tasks to queue
[2026-09-17T08:32:35.198+0000] {logging_mixin.py:150} INFO - [2026-09-17T08:32:35.198+0000] {dagbag.py:541} INFO - Filling up the DagBag from /workspaces/hands-on-introduction-data-engineering-4395021/airflow/dags/transform_dag.py
[2026-09-17T08:32:35.509+0000] {processor.py:836} INFO - DAG(s) dict_keys(['transform_dag']) retrieved from /workspaces/hands-on-introduction-data-engineering-4395021/airflow/dags/transform_dag.py
[2026-09-17T08:32:35.533+0000] {logging_mixin.py:150} INFO - [2026-09-17T08:32:35.533+0000] {dag.py:2742} INFO - Sync 1 DAGs
[2026-09-17T08:32:35.560+0000] {logging_mixin.py:150} INFO - [2026-09-17T08:32:35.560+0000] {dag.py:3504} INFO - Setting next_dagrun for transform_dag to None, run_after=None
[2026-09-17T08:32:35.579+0000] {processor.py:179} INFO - Processing /workspaces/hands-on-introduction-data-engineering-4395021/airflow/dags/transform_dag.py took 0.384 seconds
[2026-09-17T08:33:05.674+0000] {processor.py:157} INFO - Started process (PID=10134) to work on /workspaces/hands-on-introduction-data-engineering-4395021/airflow/dags/transform_dag.py
[2026-09-17T08:33:05.675+0000] {processor.py:826} INFO - Processing file /workspaces/hands-on-introduction-data-engineering-4395021/airflow/dags/transform_dag.py for tasks to queue
[2026-09-17T08:33:05.677+0000] {logging_mixin.py:150} INFO - [2026-09-17T08:33:05.676+0000] {dagbag.py:541} INFO - Filling up the DagBag from /workspaces/hands-on-introduction-data-engineering-4395021/airflow/dags/transform_dag.py
[2026-09-17T08:33:05.994+0000] {processor.py:836} INFO - DAG(s) dict_keys(['transform_dag']) retrieved from /workspaces/hands-on-introduction-data-engineering-4395021/airflow/dags/transform_dag.py
[2026-09-17T08:33:06.009+0000] {logging_mixin.py:150} INFO - [2026-09-17T08:33:06.009+0000] {dag.py:2742} INFO - Sync 1 DAGs
[2026-09-17T08:33:06.023+0000] {logging_mixin.py:150} INFO - [2026-09-17T08:33:06.023+0000] {dag.py:3504} INFO - Setting next_dagrun for transform_dag to None, run_after=None
[2026-09-17T08:33:06.039+0000] {processor.py:179} INFO - Processing /workspaces/hands-on-introduction-data-engineering-4395021/airflow/dags/transform_dag.py took 0.368 seconds
[2026-09-17T08:33:36.153+0000] {processor.py:157} INFO - Started process (PID=10337) to work on /workspaces/hands-on-introduction-data-engineering-4395021/airflow/dags/transform_dag.py
[2026-09-17T08:33:36.154+0000] {processor.py:826} INFO - Processing file /workspaces/hands-on-introduction-data-engineering-4395021/airflow/dags/transform_dag.py for tasks to queue
[2026-09-17T08:33:36.154+0000] {logging_mixin.py:150} INFO - [2026-09-17T08:33:36.154+0000] {dagbag.py:541} INFO - Filling up the DagBag from /workspaces/hands-on-introduction-data-engineering-4395021/airflow/dags/transform_dag.py
[2026-09-17T08:33:36.448+0000] {processor.py:836} INFO - DAG(s) dict_keys(['transform_dag']) retrieved from /workspaces/hands-on-introduction-data-engineering-4395021/airflow/dags/transform_dag.py
[2026-09-17T08:33:36.467+0000] {logging_mixin.py:150} INFO - [2026-09-17T08:33:36.467+0000] {dag.py:2742} INFO - Sync 1 DAGs
[2026-09-17T08:33:36.483+0000] {logging_mixin.py:150} INFO - [2026-09-17T08:33:36.482+0000] {dag.py:3504} INFO - Setting next_dagrun for transform_dag to None, run_after=None
[2026-09-17T08:33:36.497+0000] {processor.py:179} INFO - Processing /workspaces/hands-on-introduction-data-engineering-4395021/airflow/dags/transform_dag.py took 0.347 seconds
[2026-09-17T08:34:06.624+0000] {processor.py:157} INFO - Started process (PID=10588) to work on /workspaces/hands-on-introduction-data-engineering-4395021/airflow/dags/transform_dag.py
[2026-09-17T08:34:06.625+0000] {processor.py:826} INFO - Processing file /workspaces/hands-on-introduction-data-engineering-4395021/airflow/dags/transform_dag.py for tasks to queue
[2026-09-17T08:34:06.626+0000] {logging_mixin.py:150} INFO - [2026-09-17T08:34:06.626+0000] {dagbag.py:541} INFO - Filling up the DagBag from /workspaces/hands-on-introduction-data-engineering-4395021/airflow/dags/transform_dag.py
[2026-09-17T08:34:06.902+0000] {processor.py:836} INFO - DAG(s) dict_keys(['transform_dag']) retrieved from /workspaces/hands-on-introduction-data-engineering-4395021/airflow/dags/transform_dag.py
[2026-09-17T08:34:06.917+0000] {logging_mixin.py:150} INFO - [2026-09-17T08:34:06.917+0000] {dag.py:2742} INFO - Sync 1 DAGs
[2026-09-17T08:34:06.931+0000] {logging_mixin.py:150} INFO - [2026-09-17T08:34:06.931+0000] {dag.py:3504} INFO - Setting next_dagrun for transform_dag to None, run_after=None
[2026-09-17T08:34:06.948+0000] {processor.py:179} INFO - Processing /workspaces/hands-on-introduction-data-engineering-4395021/airflow/dags/transform_dag.py took 0.326 seconds
[2026-09-17T08:34:37.094+0000] {processor.py:157} INFO - Started process (PID=11171) to work on /workspaces/hands-on-introduction-data-engineering-4395021/airflow/dags/transform_dag.py
[2026-09-17T08:34:37.095+0000] {processor.py:826} INFO - Processing file /workspaces/hands-on-introduction-data-engineering-4395021/airflow/dags/transform_dag.py for tasks to queue
[2026-09-17T08:34:37.096+0000] {logging_mixin.py:150} INFO - [2026-09-17T08:34:37.096+0000] {dagbag.py:541} INFO - Filling up the DagBag from /workspaces/hands-on-introduction-data-engineering-4395021/airflow/dags/transform_dag.py
[2026-09-17T08:34:37.388+0000] {processor.py:836} INFO - DAG(s) dict_keys(['transform_dag']) retrieved from /workspaces/hands-on-introduction-data-engineering-4395021/airflow/dags/transform_dag.py
[2026-09-17T08:34:37.403+0000] {logging_mixin.py:150} INFO - [2026-09-17T08:34:37.403+0000] {dag.py:2742} INFO - Sync 1 DAGs
[2026-09-17T08:34:37.418+0000] {logging_mixin.py:150} INFO - [2026-09-17T08:34:37.418+0000] {dag.py:3504} INFO - Setting next_dagrun for transform_dag to None, run_after=None
[2026-09-17T08:34:37.433+0000] {processor.py:179} INFO - Processing /workspaces/hands-on-introduction-data-engineering-4395021/airflow/dags/transform_dag.py took 0.342 seconds
[2026-09-17T08:35:07.568+0000] {processor.py:157} INFO - Started process (PID=11816) to work on /workspaces/hands-on-introduction-data-engineering-4395021/airflow/dags/transform_dag.py
[2026-09-17T08:35:07.569+0000] {processor.py:826} INFO - Processing file /workspaces/hands-on-introduction-data-engineering-4395021/airflow/dags/transform_dag.py for tasks to queue
[2026-09-17T08:35:07.569+0000] {logging_mixin.py:150} INFO - [2026-09-17T08:35:07.569+0000] {dagbag.py:541} INFO - Filling up the DagBag from /workspaces/hands-on-introduction-data-engineering-4395021/airflow/dags/transform_dag.py
[2026-09-17T08:35:07.883+0000] {processor.py:836} INFO - DAG(s) dict_keys(['transform_dag']) retrieved from /workspaces/hands-on-introduction-data-engineering-4395021/airflow/dags/transform_dag.py
[2026-09-17T08:35:07.898+0000] {logging_mixin.py:150} INFO - [2026-09-17T08:35:07.898+0000] {dag.py:2742} INFO - Sync 1 DAGs
[2026-09-17T08:35:07.913+0000] {logging_mixin.py:150} INFO - [2026-09-17T08:35:07.913+0000] {dag.py:3504} INFO - Setting next_dagrun for transform_dag to None, run_after=None
[2026-09-17T08:35:07.930+0000] {processor.py:179} INFO - Processing /workspaces/hands-on-introduction-data-engineering-4395021/airflow/dags/transform_dag.py took 0.364 seconds
[2026-09-17T08:35:38.041+0000] {processor.py:157} INFO - Started process (PID=12290) to work on /workspaces/hands-on-introduction-data-engineering-4395021/airflow/dags/transform_dag.py
[2026-09-17T08:35:38.041+0000] {processor.py:826} INFO - Processing file /workspaces/hands-on-introduction-data-engineering-4395021/airflow/dags/transform_dag.py for tasks to queue
[2026-09-17T08:35:38.042+0000] {logging_mixin.py:150} INFO - [2026-09-17T08:35:38.042+0000] {dagbag.py:541} INFO - Filling up the DagBag from /workspaces/hands-on-introduction-data-engineering-4395021/airflow/dags/transform_dag.py
[2026-09-17T08:35:38.316+0000] {processor.py:836} INFO - DAG(s) dict_keys(['transform_dag']) retrieved from /workspaces/hands-on-introduction-data-engineering-4395021/airflow/dags/transform_dag.py
[2026-09-17T08:35:38.330+0000] {logging_mixin.py:150} INFO - [2026-09-17T08:35:38.330+0000] {dag.py:2742} INFO - Sync 1 DAGs
[2026-09-17T08:35:38.345+0000] {logging_mixin.py:150} INFO - [2026-09-17T08:35:38.345+0000] {dag.py:3504} INFO - Setting next_dagrun for transform_dag to None, run_after=None
[2026-09-17T08:35:38.363+0000] {processor.py:179} INFO - Processing /workspaces/hands-on-introduction-data-engineering-4395021/airflow/dags/transform_dag.py took 0.326 seconds
[2026-09-17T08:36:08.509+0000] {processor.py:157} INFO - Started process (PID=12485) to work on /workspaces/hands-on-introduction-data-engineering-4395021/airflow/dags/transform_dag.py
[2026-09-17T08:36:08.510+0000] {processor.py:826} INFO - Processing file /workspaces/hands-on-introduction-data-engineering-4395021/airflow/dags/transform_dag.py for tasks to queue
[2026-09-17T08:36:08.510+0000] {logging_mixin.py:150} INFO - [2026-09-17T08:36:08.510+0000] {dagbag.py:541} INFO - Filling up the DagBag from /workspaces/hands-on-introduction-data-engineering-4395021/airflow/dags/transform_dag.py
[2026-09-17T08:36:08.771+0000] {processor.py:836} INFO - DAG(s) dict_keys(['transform_dag']) retrieved from /workspaces/hands-on-introduction-data-engineering-4395021/airflow/dags/transform_dag.py
[2026-09-17T08:36:08.786+0000] {logging_mixin.py:150} INFO - [2026-09-17T08:36:08.785+0000] {dag.py:2742} INFO - Sync 1 DAGs
[2026-09-17T08:36:08.800+0000] {logging_mixin.py:150} INFO - [2026-09-17T08:36:08.800+0000] {dag.py:3504} INFO - Setting next_dagrun for transform_dag to None, run_after=None
[2026-09-17T08:36:08.815+0000] {processor.py:179} INFO - Processing /workspaces/hands-on-introduction-data-engineering-4395021/airflow/dags/transform_dag.py took 0.309 seconds
[2026-09-17T08:36:38.983+0000] {processor.py:157} INFO - Started process (PID=12835) to work on /workspaces/hands-on-introduction-data-engineering-4395021/airflow/dags/transform_dag.py
[2026-09-17T08:36:38.983+0000] {processor.py:826} INFO - Processing file /workspaces/hands-on-introduction-data-engineering-4395021/airflow/dags/transform_dag.py for tasks to queue
[2026-09-17T08:36:38.984+0000] {logging_mixin.py:150} INFO - [2026-09-17T08:36:38.984+0000] {dagbag.py:541} INFO - Filling up the DagBag from /workspaces/hands-on-introduction-data-engineering-4395021/airflow/dags/transform_dag.py
[2026-09-17T08:36:39.243+0000] {processor.py:836} INFO - DAG(s) dict_keys(['transform_dag']) retrieved from /workspaces/hands-on-introduction-data-engineering-4395021/airflow/dags/transform_dag.py
[2026-09-17T08:36:39.258+0000] {logging_mixin.py:150} INFO - [2026-09-17T08:36:39.257+0000] {dag.py:2742} INFO - Sync 1 DAGs
[2026-09-17T08:36:39.272+0000] {logging_mixin.py:150} INFO - [2026-09-17T08:36:39.271+0000] {dag.py:3504} INFO - Setting next_dagrun for transform_dag to None, run_after=None
[2026-09-17T08:36:39.286+0000] {processor.py:179} INFO - Processing /workspaces/hands-on-introduction-data-engineering-4395021/airflow/dags/transform_dag.py took 0.306 seconds
[2026-09-17T08:37:09.459+0000] {processor.py:157} INFO - Started process (PID=13234) to work on /workspaces/hands-on-introduction-data-engineering-4395021/airflow/dags/transform_dag.py
[2026-09-17T08:37:09.460+0000] {processor.py:826} INFO - Processing file /workspaces/hands-on-introduction-data-engineering-4395021/airflow/dags/transform_dag.py for tasks to queue
[2026-09-17T08:37:09.461+0000] {logging_mixin.py:150} INFO - [2026-09-17T08:37:09.460+0000] {dagbag.py:541} INFO - Filling up the DagBag from /workspaces/hands-on-introduction-data-engineering-4395021/airflow/dags/transform_dag.py
[2026-09-17T08:37:09.768+0000] {processor.py:836} INFO - DAG(s) dict_keys(['transform_dag']) retrieved from /workspaces/hands-on-introduction-data-engineering-4395021/airflow/dags/transform_dag.py
[2026-09-17T08:37:09.782+0000] {logging_mixin.py:150} INFO - [2026-09-17T08:37:09.782+0000] {dag.py:2742} INFO - Sync 1 DAGs
[2026-09-17T08:37:09.796+0000] {logging_mixin.py:150} INFO - [2026-09-17T08:37:09.796+0000] {dag.py:3504} INFO - Setting next_dagrun for transform_dag to None, run_after=None
[2026-09-17T08:37:09.812+0000] {processor.py:179} INFO - Processing /workspaces/hands-on-introduction-data-engineering-4395021/airflow/dags/transform_dag.py took 0.356 seconds
[2026-09-17T08:37:39.934+0000] {processor.py:157} INFO - Started process (PID=13507) to work on /workspaces/hands-on-introduction-data-engineering-4395021/airflow/dags/transform_dag.py
[2026-09-17T08:37:39.935+0000] {processor.py:826} INFO - Processing file /workspaces/hands-on-introduction-data-engineering-4395021/airflow/dags/transform_dag.py for tasks to queue
[2026-09-17T08:37:39.935+0000] {logging_mixin.py:150} INFO - [2026-09-17T08:37:39.935+0000] {dagbag.py:541} INFO - Filling up the DagBag from /workspaces/hands-on-introduction-data-engineering-4395021/airflow/dags/transform_dag.py
[2026-09-17T08:37:40.196+0000] {processor.py:836} INFO - DAG(s) dict_keys(['transform_dag']) retrieved from /workspaces/hands-on-introduction-data-engineering-4395021/airflow/dags/transform_dag.py
[2026-09-17T08:37:40.211+0000] {logging_mixin.py:150} INFO - [2026-09-17T08:37:40.210+0000] {dag.py:2742} INFO - Sync 1 DAGs
[2026-09-17T08:37:40.224+0000] {logging_mixin.py:150} INFO - [2026-09-17T08:37:40.224+0000] {dag.py:3504} INFO - Setting next_dagrun for transform_dag to None, run_after=None
[2026-09-17T08:37:40.239+0000] {processor.py:179} INFO - Processing /workspaces/hands-on-introduction-data-engineering-4395021/airflow/dags/transform_dag.py took 0.308 seconds
[2026-09-17T08:38:10.409+0000] {processor.py:157} INFO - Started process (PID=14058) to work on /workspaces/hands-on-introduction-data-engineering-4395021/airflow/dags/transform_dag.py
[2026-09-17T08:38:10.410+0000] {processor.py:826} INFO - Processing file /workspaces/hands-on-introduction-data-engineering-4395021/airflow/dags/transform_dag.py for tasks to queue
[2026-09-17T08:38:10.411+0000] {logging_mixin.py:150} INFO - [2026-09-17T08:38:10.410+0000] {dagbag.py:541} INFO - Filling up the DagBag from /workspaces/hands-on-introduction-data-engineering-4395021/airflow/dags/transform_dag.py
[2026-09-17T08:38:10.680+0000] {processor.py:836} INFO - DAG(s) dict_keys(['transform_dag']) retrieved from /workspaces/hands-on-introduction-data-engineering-4395021/airflow/dags/transform_dag.py
[2026-09-17T08:38:10.694+0000] {logging_mixin.py:150} INFO - [2026-09-17T08:38:10.694+0000] {dag.py:2742} INFO - Sync 1 DAGs
[2026-09-17T08:38:10.709+0000] {logging_mixin.py:150} INFO - [2026-09-17T08:38:10.708+0000] {dag.py:3504} INFO - Setting next_dagrun for transform_dag to None, run_after=None
[2026-09-17T08:38:10.725+0000] {processor.py:179} INFO - Processing /workspaces/hands-on-introduction-data-engineering-4395021/airflow/dags/transform_dag.py took 0.318 seconds
[2026-09-17T08:38:40.886+0000] {processor.py:157} INFO - Started process (PID=14596) to work on /workspaces/hands-on-introduction-data-engineering-4395021/airflow/dags/transform_dag.py
[2026-09-17T08:38:40.886+0000] {processor.py:826} INFO - Processing file /workspaces/hands-on-introduction-data-engineering-4395021/airflow/dags/transform_dag.py for tasks to queue
[2026-09-17T08:38:40.887+0000] {logging_mixin.py:150} INFO - [2026-09-17T08:38:40.887+0000] {dagbag.py:541} INFO - Filling up the DagBag from /workspaces/hands-on-introduction-data-engineering-4395021/airflow/dags/transform_dag.py
[2026-09-17T08:38:41.148+0000] {processor.py:836} INFO - DAG(s) dict_keys(['transform_dag']) retrieved from /workspaces/hands-on-introduction-data-engineering-4395021/airflow/dags/transform_dag.py
[2026-09-17T08:38:41.163+0000] {logging_mixin.py:150} INFO - [2026-09-17T08:38:41.162+0000] {dag.py:2742} INFO - Sync 1 DAGs
[2026-09-17T08:38:41.178+0000] {logging_mixin.py:150} INFO - [2026-09-17T08:38:41.177+0000] {dag.py:3504} INFO - Setting next_dagrun for transform_dag to None, run_after=None
[2026-09-17T08:38:41.192+0000] {processor.py:179} INFO - Processing /workspaces/hands-on-introduction-data-engineering-4395021/airflow/dags/transform_dag.py took 0.309 seconds
[2026-09-17T08:39:11.369+0000] {processor.py:157} INFO - Started process (PID=14791) to work on /workspaces/hands-on-introduction-data-engineering-4395021/airflow/dags/transform_dag.py
[2026-09-17T08:39:11.369+0000] {processor.py:826} INFO - Processing file /workspaces/hands-on-introduction-data-engineering-4395021/airflow/dags/transform_dag.py for tasks to queue
[2026-09-17T08:39:11.370+0000] {logging_mixin.py:150} INFO - [2026-09-17T08:39:11.370+0000] {dagbag.py:541} INFO - Filling up the DagBag from /workspaces/hands-on-introduction-data-engineering-4395021/airflow/dags/transform_dag.py
[2026-09-17T08:39:11.669+0000] {processor.py:836} INFO - DAG(s) dict_keys(['transform_dag']) retrieved from /workspaces/hands-on-introduction-data-engineering-4395021/airflow/dags/transform_dag.py
[2026-09-17T08:39:11.710+0000] {logging_mixin.py:150} INFO - [2026-09-17T08:39:11.708+0000] {dag.py:2742} INFO - Sync 1 DAGs
[2026-09-17T08:39:11.748+0000] {logging_mixin.py:150} INFO - [2026-09-17T08:39:11.748+0000] {dag.py:3504} INFO - Setting next_dagrun for transform_dag to None, run_after=None
[2026-09-17T08:39:11.770+0000] {processor.py:179} INFO - Processing /workspaces/hands-on-introduction-data-engineering-4395021/airflow/dags/transform_dag.py took 0.404 seconds
[2026-09-17T08:39:41.957+0000] {processor.py:157} INFO - Started process (PID=15204) to work on /workspaces/hands-on-introduction-data-engineering-4395021/airflow/dags/transform_dag.py
[2026-09-17T08:39:41.961+0000] {processor.py:826} INFO - Processing file /workspaces/hands-on-introduction-data-engineering-4395021/airflow/dags/transform_dag.py for tasks to queue
[2026-09-17T08:39:41.962+0000] {logging_mixin.py:150} INFO - [2026-09-17T08:39:41.961+0000] {dagbag.py:541} INFO - Filling up the DagBag from /workspaces/hands-on-introduction-data-engineering-4395021/airflow/dags/transform_dag.py
[2026-09-17T08:39:42.248+0000] {processor.py:836} INFO - DAG(s) dict_keys(['transform_dag']) retrieved from /workspaces/hands-on-introduction-data-engineering-4395021/airflow/dags/transform_dag.py
[2026-09-17T08:39:42.271+0000] {logging_mixin.py:150} INFO - [2026-09-17T08:39:42.271+0000] {dag.py:2742} INFO - Sync 1 DAGs
[2026-09-17T08:39:42.287+0000] {logging_mixin.py:150} INFO - [2026-09-17T08:39:42.286+0000] {dag.py:3504} INFO - Setting next_dagrun for transform_dag to None, run_after=None
[2026-09-17T08:39:42.303+0000] {processor.py:179} INFO - Processing /workspaces/hands-on-introduction-data-engineering-4395021/airflow/dags/transform_dag.py took 0.358 seconds
[2026-09-17T08:40:12.419+0000] {processor.py:157} INFO - Started process (PID=15841) to work on /workspaces/hands-on-introduction-data-engineering-4395021/airflow/dags/transform_dag.py
[2026-09-17T08:40:12.420+0000] {processor.py:826} INFO - Processing file /workspaces/hands-on-introduction-data-engineering-4395021/airflow/dags/transform_dag.py for tasks to queue
[2026-09-17T08:40:12.421+0000] {logging_mixin.py:150} INFO - [2026-09-17T08:40:12.421+0000] {dagbag.py:541} INFO - Filling up the DagBag from /workspaces/hands-on-introduction-data-engineering-4395021/airflow/dags/transform_dag.py
[2026-09-17T08:40:12.705+0000] {processor.py:836} INFO - DAG(s) dict_keys(['transform_dag']) retrieved from /workspaces/hands-on-introduction-data-engineering-4395021/airflow/dags/transform_dag.py
[2026-09-17T08:40:12.720+0000] {logging_mixin.py:150} INFO - [2026-09-17T08:40:12.720+0000] {dag.py:2742} INFO - Sync 1 DAGs
[2026-09-17T08:40:12.734+0000] {logging_mixin.py:150} INFO - [2026-09-17T08:40:12.734+0000] {dag.py:3504} INFO - Setting next_dagrun for transform_dag to None, run_after=None
[2026-09-17T08:40:12.751+0000] {processor.py:179} INFO - Processing /workspaces/hands-on-introduction-data-engineering-4395021/airflow/dags/transform_dag.py took 0.335 seconds
[2026-09-17T08:40:42.888+0000] {processor.py:157} INFO - Started process (PID=16433) to work on /workspaces/hands-on-introduction-data-engineering-4395021/airflow/dags/transform_dag.py
[2026-09-17T08:40:42.889+0000] {processor.py:826} INFO - Processing file /workspaces/hands-on-introduction-data-engineering-4395021/airflow/dags/transform_dag.py for tasks to queue
[2026-09-17T08:40:42.889+0000] {logging_mixin.py:150} INFO - [2026-09-17T08:40:42.889+0000] {dagbag.py:541} INFO - Filling up the DagBag from /workspaces/hands-on-introduction-data-engineering-4395021/airflow/dags/transform_dag.py
[2026-09-17T08:40:43.179+0000] {processor.py:836} INFO - DAG(s) dict_keys(['transform_dag']) retrieved from /workspaces/hands-on-introduction-data-engineering-4395021/airflow/dags/transform_dag.py
[2026-09-17T08:40:43.194+0000] {logging_mixin.py:150} INFO - [2026-09-17T08:40:43.194+0000] {dag.py:2742} INFO - Sync 1 DAGs
[2026-09-17T08:40:43.208+0000] {logging_mixin.py:150} INFO - [2026-09-17T08:40:43.208+0000] {dag.py:3504} INFO - Setting next_dagrun for transform_dag to None, run_after=None
[2026-09-17T08:40:43.225+0000] {processor.py:179} INFO - Processing /workspaces/hands-on-introduction-data-engineering-4395021/airflow/dags/transform_dag.py took 0.340 seconds
[2026-09-17T08:41:13.358+0000] {processor.py:157} INFO - Started process (PID=16835) to work on /workspaces/hands-on-introduction-data-engineering-4395021/airflow/dags/transform_dag.py
[2026-09-17T08:41:13.359+0000] {processor.py:826} INFO - Processing file /workspaces/hands-on-introduction-data-engineering-4395021/airflow/dags/transform_dag.py for tasks to queue
[2026-09-17T08:41:13.360+0000] {logging_mixin.py:150} INFO - [2026-09-17T08:41:13.360+0000] {dagbag.py:541} INFO - Filling up the DagBag from /workspaces/hands-on-introduction-data-engineering-4395021/airflow/dags/transform_dag.py
[2026-09-17T08:41:13.622+0000] {processor.py:836} INFO - DAG(s) dict_keys(['transform_dag']) retrieved from /workspaces/hands-on-introduction-data-engineering-4395021/airflow/dags/transform_dag.py
[2026-09-17T08:41:13.641+0000] {logging_mixin.py:150} INFO - [2026-09-17T08:41:13.641+0000] {dag.py:2742} INFO - Sync 1 DAGs
[2026-09-17T08:41:13.656+0000] {logging_mixin.py:150} INFO - [2026-09-17T08:41:13.656+0000] {dag.py:3504} INFO - Setting next_dagrun for transform_dag to None, run_after=None
[2026-09-17T08:41:13.672+0000] {processor.py:179} INFO - Processing /workspaces/hands-on-introduction-data-engineering-4395021/airflow/dags/transform_dag.py took 0.316 seconds
[2026-09-17T08:41:43.828+0000] {processor.py:157} INFO - Started process (PID=17221) to work on /workspaces/hands-on-introduction-data-engineering-4395021/airflow/dags/transform_dag.py
[2026-09-17T08:41:43.829+0000] {processor.py:826} INFO - Processing file /workspaces/hands-on-introduction-data-engineering-4395021/airflow/dags/transform_dag.py for tasks to queue
[2026-09-17T08:41:43.830+0000] {logging_mixin.py:150} INFO - [2026-09-17T08:41:43.830+0000] {dagbag.py:541} INFO - Filling up the DagBag from /workspaces/hands-on-introduction-data-engineering-4395021/airflow/dags/transform_dag.py
[2026-09-17T08:41:44.123+0000] {processor.py:836} INFO - DAG(s) dict_keys(['transform_dag']) retrieved from /workspaces/hands-on-introduction-data-engineering-4395021/airflow/dags/transform_dag.py
[2026-09-17T08:41:44.138+0000] {logging_mixin.py:150} INFO - [2026-09-17T08:41:44.138+0000] {dag.py:2742} INFO - Sync 1 DAGs
[2026-09-17T08:41:44.152+0000] {logging_mixin.py:150} INFO - [2026-09-17T08:41:44.152+0000] {dag.py:3504} INFO - Setting next_dagrun for transform_dag to None, run_after=None
[2026-09-17T08:41:44.168+0000] {processor.py:179} INFO - Processing /workspaces/hands-on-introduction-data-engineering-4395021/airflow/dags/transform_dag.py took 0.342 seconds
[2026-09-17T08:42:14.299+0000] {processor.py:157} INFO - Started process (PID=17514) to work on /workspaces/hands-on-introduction-data-engineering-4395021/airflow/dags/transform_dag.py
[2026-09-17T08:42:14.299+0000] {processor.py:826} INFO - Processing file /workspaces/hands-on-introduction-data-engineering-4395021/airflow/dags/transform_dag.py for tasks to queue
[2026-09-17T08:42:14.300+0000] {logging_mixin.py:150} INFO - [2026-09-17T08:42:14.300+0000] {dagbag.py:541} INFO - Filling up the DagBag from /workspaces/hands-on-introduction-data-engineering-4395021/airflow/dags/transform_dag.py
[2026-09-17T08:42:14.563+0000] {processor.py:836} INFO - DAG(s) dict_keys(['transform_dag']) retrieved from /workspaces/hands-on-introduction-data-engineering-4395021/airflow/dags/transform_dag.py
[2026-09-17T08:42:14.578+0000] {logging_mixin.py:150} INFO - [2026-09-17T08:42:14.577+0000] {dag.py:2742} INFO - Sync 1 DAGs
[2026-09-17T08:42:14.593+0000] {logging_mixin.py:150} INFO - [2026-09-17T08:42:14.593+0000] {dag.py:3504} INFO - Setting next_dagrun for transform_dag to None, run_after=None
[2026-09-17T08:42:14.609+0000] {processor.py:179} INFO - Processing /workspaces/hands-on-introduction-data-engineering-4395021/airflow/dags/transform_dag.py took 0.313 seconds
[2026-09-17T08:42:44.768+0000] {processor.py:157} INFO - Started process (PID=17998) to work on /workspaces/hands-on-introduction-data-engineering-4395021/airflow/dags/transform_dag.py
[2026-09-17T08:42:44.769+0000] {processor.py:826} INFO - Processing file /workspaces/hands-on-introduction-data-engineering-4395021/airflow/dags/transform_dag.py for tasks to queue
[2026-09-17T08:42:44.769+0000] {logging_mixin.py:150} INFO - [2026-09-17T08:42:44.769+0000] {dagbag.py:541} INFO - Filling up the DagBag from /workspaces/hands-on-introduction-data-engineering-4395021/airflow/dags/transform_dag.py
[2026-09-17T08:42:45.033+0000] {processor.py:836} INFO - DAG(s) dict_keys(['transform_dag']) retrieved from /workspaces/hands-on-introduction-data-engineering-4395021/airflow/dags/transform_dag.py
[2026-09-17T08:42:45.047+0000] {logging_mixin.py:150} INFO - [2026-09-17T08:42:45.047+0000] {dag.py:2742} INFO - Sync 1 DAGs
[2026-09-17T08:42:45.062+0000] {logging_mixin.py:150} INFO - [2026-09-17T08:42:45.062+0000] {dag.py:3504} INFO - Setting next_dagrun for transform_dag to None, run_after=None
[2026-09-17T08:42:45.082+0000] {processor.py:179} INFO - Processing /workspaces/hands-on-introduction-data-engineering-4395021/airflow/dags/transform_dag.py took 0.316 seconds
[2026-09-17T08:43:15.238+0000] {processor.py:157} INFO - Started process (PID=18195) to work on /workspaces/hands-on-introduction-data-engineering-4395021/airflow/dags/transform_dag.py
[2026-09-17T08:43:15.239+0000] {processor.py:826} INFO - Processing file /workspaces/hands-on-introduction-data-engineering-4395021/airflow/dags/transform_dag.py for tasks to queue
[2026-09-17T08:43:15.240+0000] {logging_mixin.py:150} INFO - [2026-09-17T08:43:15.239+0000] {dagbag.py:541} INFO - Filling up the DagBag from /workspaces/hands-on-introduction-data-engineering-4395021/airflow/dags/transform_dag.py
[2026-09-17T08:43:15.606+0000] {processor.py:836} INFO - DAG(s) dict_keys(['transform_dag']) retrieved from /workspaces/hands-on-introduction-data-engineering-4395021/airflow/dags/transform_dag.py
[2026-09-17T08:43:15.621+0000] {logging_mixin.py:150} INFO - [2026-09-17T08:43:15.621+0000] {dag.py:2742} INFO - Sync 1 DAGs
[2026-09-17T08:43:15.641+0000] {logging_mixin.py:150} INFO - [2026-09-17T08:43:15.640+0000] {dag.py:3504} INFO - Setting next_dagrun for transform_dag to None, run_after=None
[2026-09-17T08:43:15.656+0000] {processor.py:179} INFO - Processing /workspaces/hands-on-introduction-data-engineering-4395021/airflow/dags/transform_dag.py took 0.420 seconds
[2026-09-17T08:43:45.812+0000] {processor.py:157} INFO - Started process (PID=18409) to work on /workspaces/hands-on-introduction-data-engineering-4395021/airflow/dags/transform_dag.py
[2026-09-17T08:43:45.813+0000] {processor.py:826} INFO - Processing file /workspaces/hands-on-introduction-data-engineering-4395021/airflow/dags/transform_dag.py for tasks to queue
[2026-09-17T08:43:45.813+0000] {logging_mixin.py:150} INFO - [2026-09-17T08:43:45.813+0000] {dagbag.py:541} INFO - Filling up the DagBag from /workspaces/hands-on-introduction-data-engineering-4395021/airflow/dags/transform_dag.py
[2026-09-17T08:43:46.083+0000] {processor.py:836} INFO - DAG(s) dict_keys(['transform_dag']) retrieved from /workspaces/hands-on-introduction-data-engineering-4395021/airflow/dags/transform_dag.py
[2026-09-17T08:43:46.098+0000] {logging_mixin.py:150} INFO - [2026-09-17T08:43:46.097+0000] {dag.py:2742} INFO - Sync 1 DAGs
[2026-09-17T08:43:46.112+0000] {logging_mixin.py:150} INFO - [2026-09-17T08:43:46.112+0000] {dag.py:3504} INFO - Setting next_dagrun for transform_dag to None, run_after=None
[2026-09-17T08:43:46.128+0000] {processor.py:179} INFO - Processing /workspaces/hands-on-introduction-data-engineering-4395021/airflow/dags/transform_dag.py took 0.319 seconds
[2026-09-17T08:44:16.297+0000] {processor.py:157} INFO - Started process (PID=18735) to work on /workspaces/hands-on-introduction-data-engineering-4395021/airflow/dags/transform_dag.py
[2026-09-17T08:44:16.297+0000] {processor.py:826} INFO - Processing file /workspaces/hands-on-introduction-data-engineering-4395021/airflow/dags/transform_dag.py for tasks to queue
[2026-09-17T08:44:16.298+0000] {logging_mixin.py:150} INFO - [2026-09-17T08:44:16.298+0000] {dagbag.py:541} INFO - Filling up the DagBag from /workspaces/hands-on-introduction-data-engineering-4395021/airflow/dags/transform_dag.py
[2026-09-17T08:44:16.580+0000] {processor.py:836} INFO - DAG(s) dict_keys(['transform_dag']) retrieved from /workspaces/hands-on-introduction-data-engineering-4395021/airflow/dags/transform_dag.py
[2026-09-17T08:44:16.595+0000] {logging_mixin.py:150} INFO - [2026-09-17T08:44:16.595+0000] {dag.py:2742} INFO - Sync 1 DAGs
[2026-09-17T08:44:16.611+0000] {logging_mixin.py:150} INFO - [2026-09-17T08:44:16.611+0000] {dag.py:3504} INFO - Setting next_dagrun for transform_dag to None, run_after=None
[2026-09-17T08:44:16.630+0000] {processor.py:179} INFO - Processing /workspaces/hands-on-introduction-data-engineering-4395021/airflow/dags/transform_dag.py took 0.336 seconds
[2026-09-17T09:16:27.779+0000] {processor.py:157} INFO - Started process (PID=32065) to work on /workspaces/hands-on-introduction-data-engineering-4395021/airflow/dags/transform_dag.py
[2026-09-17T09:16:27.783+0000] {processor.py:826} INFO - Processing file /workspaces/hands-on-introduction-data-engineering-4395021/airflow/dags/transform_dag.py for tasks to queue
[2026-09-17T09:16:27.783+0000] {logging_mixin.py:150} INFO - [2026-09-17T09:16:27.783+0000] {dagbag.py:541} INFO - Filling up the DagBag from /workspaces/hands-on-introduction-data-engineering-4395021/airflow/dags/transform_dag.py
[2026-09-17T09:16:28.081+0000] {processor.py:836} INFO - DAG(s) dict_keys(['transform_dag']) retrieved from /workspaces/hands-on-introduction-data-engineering-4395021/airflow/dags/transform_dag.py
[2026-09-17T09:16:28.098+0000] {logging_mixin.py:150} INFO - [2026-09-17T09:16:28.097+0000] {dag.py:2742} INFO - Sync 1 DAGs
[2026-09-17T09:16:28.127+0000] {logging_mixin.py:150} INFO - [2026-09-17T09:16:28.127+0000] {dag.py:3504} INFO - Setting next_dagrun for transform_dag to None, run_after=None
[2026-09-17T09:16:28.142+0000] {processor.py:179} INFO - Processing /workspaces/hands-on-introduction-data-engineering-4395021/airflow/dags/transform_dag.py took 0.366 seconds
[2026-09-17T09:16:58.364+0000] {processor.py:157} INFO - Started process (PID=32314) to work on /workspaces/hands-on-introduction-data-engineering-4395021/airflow/dags/transform_dag.py
[2026-09-17T09:16:58.364+0000] {processor.py:826} INFO - Processing file /workspaces/hands-on-introduction-data-engineering-4395021/airflow/dags/transform_dag.py for tasks to queue
[2026-09-17T09:16:58.365+0000] {logging_mixin.py:150} INFO - [2026-09-17T09:16:58.365+0000] {dagbag.py:541} INFO - Filling up the DagBag from /workspaces/hands-on-introduction-data-engineering-4395021/airflow/dags/transform_dag.py
[2026-09-17T09:16:58.702+0000] {processor.py:836} INFO - DAG(s) dict_keys(['transform_dag']) retrieved from /workspaces/hands-on-introduction-data-engineering-4395021/airflow/dags/transform_dag.py
[2026-09-17T09:16:58.725+0000] {logging_mixin.py:150} INFO - [2026-09-17T09:16:58.724+0000] {dag.py:2742} INFO - Sync 1 DAGs
[2026-09-17T09:16:58.745+0000] {logging_mixin.py:150} INFO - [2026-09-17T09:16:58.745+0000] {dag.py:3504} INFO - Setting next_dagrun for transform_dag to None, run_after=None
[2026-09-17T09:16:58.765+0000] {processor.py:179} INFO - Processing /workspaces/hands-on-introduction-data-engineering-4395021/airflow/dags/transform_dag.py took 0.404 seconds
[2026-09-17T09:17:29.431+0000] {processor.py:157} INFO - Started process (PID=32552) to work on /workspaces/hands-on-introduction-data-engineering-4395021/airflow/dags/transform_dag.py
[2026-09-17T09:17:29.431+0000] {processor.py:826} INFO - Processing file /workspaces/hands-on-introduction-data-engineering-4395021/airflow/dags/transform_dag.py for tasks to queue
[2026-09-17T09:17:29.433+0000] {logging_mixin.py:150} INFO - [2026-09-17T09:17:29.432+0000] {dagbag.py:541} INFO - Filling up the DagBag from /workspaces/hands-on-introduction-data-engineering-4395021/airflow/dags/transform_dag.py
[2026-09-17T09:17:29.702+0000] {processor.py:836} INFO - DAG(s) dict_keys(['transform_dag']) retrieved from /workspaces/hands-on-introduction-data-engineering-4395021/airflow/dags/transform_dag.py
[2026-09-17T09:17:29.722+0000] {logging_mixin.py:150} INFO - [2026-09-17T09:17:29.722+0000] {dag.py:2742} INFO - Sync 1 DAGs
[2026-09-17T09:17:29.737+0000] {logging_mixin.py:150} INFO - [2026-09-17T09:17:29.737+0000] {dag.py:3504} INFO - Setting next_dagrun for transform_dag to None, run_after=None
[2026-09-17T09:17:29.753+0000] {processor.py:179} INFO - Processing /workspaces/hands-on-introduction-data-engineering-4395021/airflow/dags/transform_dag.py took 0.325 seconds
[2026-09-17T09:18:00.780+0000] {processor.py:157} INFO - Started process (PID=32730) to work on /workspaces/hands-on-introduction-data-engineering-4395021/airflow/dags/transform_dag.py
[2026-09-17T09:18:00.781+0000] {processor.py:826} INFO - Processing file /workspaces/hands-on-introduction-data-engineering-4395021/airflow/dags/transform_dag.py for tasks to queue
[2026-09-17T09:18:00.781+0000] {logging_mixin.py:150} INFO - [2026-09-17T09:18:00.781+0000] {dagbag.py:541} INFO - Filling up the DagBag from /workspaces/hands-on-introduction-data-engineering-4395021/airflow/dags/transform_dag.py
[2026-09-17T09:18:01.050+0000] {processor.py:836} INFO - DAG(s) dict_keys(['transform_dag']) retrieved from /workspaces/hands-on-introduction-data-engineering-4395021/airflow/dags/transform_dag.py
[2026-09-17T09:18:01.066+0000] {logging_mixin.py:150} INFO - [2026-09-17T09:18:01.066+0000] {dag.py:2742} INFO - Sync 1 DAGs
[2026-09-17T09:18:01.080+0000] {logging_mixin.py:150} INFO - [2026-09-17T09:18:01.080+0000] {dag.py:3504} INFO - Setting next_dagrun for transform_dag to None, run_after=None
[2026-09-17T09:18:01.096+0000] {processor.py:179} INFO - Processing /workspaces/hands-on-introduction-data-engineering-4395021/airflow/dags/transform_dag.py took 0.319 seconds
[2026-09-17T09:18:32.128+0000] {processor.py:157} INFO - Started process (PID=32909) to work on /workspaces/hands-on-introduction-data-engineering-4395021/airflow/dags/transform_dag.py
[2026-09-17T09:18:32.129+0000] {processor.py:826} INFO - Processing file /workspaces/hands-on-introduction-data-engineering-4395021/airflow/dags/transform_dag.py for tasks to queue
[2026-09-17T09:18:32.129+0000] {logging_mixin.py:150} INFO - [2026-09-17T09:18:32.129+0000] {dagbag.py:541} INFO - Filling up the DagBag from /workspaces/hands-on-introduction-data-engineering-4395021/airflow/dags/transform_dag.py
[2026-09-17T09:18:32.399+0000] {processor.py:836} INFO - DAG(s) dict_keys(['transform_dag']) retrieved from /workspaces/hands-on-introduction-data-engineering-4395021/airflow/dags/transform_dag.py
[2026-09-17T09:18:32.418+0000] {logging_mixin.py:150} INFO - [2026-09-17T09:18:32.418+0000] {dag.py:2742} INFO - Sync 1 DAGs
[2026-09-17T09:18:32.434+0000] {logging_mixin.py:150} INFO - [2026-09-17T09:18:32.433+0000] {dag.py:3504} INFO - Setting next_dagrun for transform_dag to None, run_after=None
[2026-09-17T09:18:32.448+0000] {processor.py:179} INFO - Processing /workspaces/hands-on-introduction-data-engineering-4395021/airflow/dags/transform_dag.py took 0.323 seconds
[2026-09-17T09:19:03.481+0000] {processor.py:157} INFO - Started process (PID=33081) to work on /workspaces/hands-on-introduction-data-engineering-4395021/airflow/dags/transform_dag.py
[2026-09-17T09:19:03.482+0000] {processor.py:826} INFO - Processing file /workspaces/hands-on-introduction-data-engineering-4395021/airflow/dags/transform_dag.py for tasks to queue
[2026-09-17T09:19:03.483+0000] {logging_mixin.py:150} INFO - [2026-09-17T09:19:03.483+0000] {dagbag.py:541} INFO - Filling up the DagBag from /workspaces/hands-on-introduction-data-engineering-4395021/airflow/dags/transform_dag.py
[2026-09-17T09:19:03.764+0000] {processor.py:836} INFO - DAG(s) dict_keys(['transform_dag']) retrieved from /workspaces/hands-on-introduction-data-engineering-4395021/airflow/dags/transform_dag.py
[2026-09-17T09:19:03.779+0000] {logging_mixin.py:150} INFO - [2026-09-17T09:19:03.779+0000] {dag.py:2742} INFO - Sync 1 DAGs
[2026-09-17T09:19:03.795+0000] {logging_mixin.py:150} INFO - [2026-09-17T09:19:03.794+0000] {dag.py:3504} INFO - Setting next_dagrun for transform_dag to None, run_after=None
[2026-09-17T09:19:03.813+0000] {processor.py:179} INFO - Processing /workspaces/hands-on-introduction-data-engineering-4395021/airflow/dags/transform_dag.py took 0.334 seconds
[2026-09-17T09:19:34.791+0000] {processor.py:157} INFO - Started process (PID=33259) to work on /workspaces/hands-on-introduction-data-engineering-4395021/airflow/dags/transform_dag.py
[2026-09-17T09:19:34.792+0000] {processor.py:826} INFO - Processing file /workspaces/hands-on-introduction-data-engineering-4395021/airflow/dags/transform_dag.py for tasks to queue
[2026-09-17T09:19:34.793+0000] {logging_mixin.py:150} INFO - [2026-09-17T09:19:34.793+0000] {dagbag.py:541} INFO - Filling up the DagBag from /workspaces/hands-on-introduction-data-engineering-4395021/airflow/dags/transform_dag.py
[2026-09-17T09:19:35.077+0000] {processor.py:836} INFO - DAG(s) dict_keys(['transform_dag']) retrieved from /workspaces/hands-on-introduction-data-engineering-4395021/airflow/dags/transform_dag.py
[2026-09-17T09:19:35.091+0000] {logging_mixin.py:150} INFO - [2026-09-17T09:19:35.091+0000] {dag.py:2742} INFO - Sync 1 DAGs
[2026-09-17T09:19:35.108+0000] {logging_mixin.py:150} INFO - [2026-09-17T09:19:35.108+0000] {dag.py:3504} INFO - Setting next_dagrun for transform_dag to None, run_after=None
[2026-09-17T09:19:35.125+0000] {processor.py:179} INFO - Processing /workspaces/hands-on-introduction-data-engineering-4395021/airflow/dags/transform_dag.py took 0.338 seconds
[2026-09-17T09:20:05.510+0000] {processor.py:157} INFO - Started process (PID=33448) to work on /workspaces/hands-on-introduction-data-engineering-4395021/airflow/dags/transform_dag.py
[2026-09-17T09:20:05.511+0000] {processor.py:826} INFO - Processing file /workspaces/hands-on-introduction-data-engineering-4395021/airflow/dags/transform_dag.py for tasks to queue
[2026-09-17T09:20:05.511+0000] {logging_mixin.py:150} INFO - [2026-09-17T09:20:05.511+0000] {dagbag.py:541} INFO - Filling up the DagBag from /workspaces/hands-on-introduction-data-engineering-4395021/airflow/dags/transform_dag.py
[2026-09-17T09:20:05.789+0000] {processor.py:836} INFO - DAG(s) dict_keys(['transform_dag']) retrieved from /workspaces/hands-on-introduction-data-engineering-4395021/airflow/dags/transform_dag.py
[2026-09-17T09:20:05.806+0000] {logging_mixin.py:150} INFO - [2026-09-17T09:20:05.805+0000] {dag.py:2742} INFO - Sync 1 DAGs
[2026-09-17T09:20:05.823+0000] {logging_mixin.py:150} INFO - [2026-09-17T09:20:05.823+0000] {dag.py:3504} INFO - Setting next_dagrun for transform_dag to None, run_after=None
[2026-09-17T09:20:05.838+0000] {processor.py:179} INFO - Processing /workspaces/hands-on-introduction-data-engineering-4395021/airflow/dags/transform_dag.py took 0.331 seconds
[2026-09-17T09:20:36.152+0000] {processor.py:157} INFO - Started process (PID=33651) to work on /workspaces/hands-on-introduction-data-engineering-4395021/airflow/dags/transform_dag.py
[2026-09-17T09:20:36.153+0000] {processor.py:826} INFO - Processing file /workspaces/hands-on-introduction-data-engineering-4395021/airflow/dags/transform_dag.py for tasks to queue
[2026-09-17T09:20:36.154+0000] {logging_mixin.py:150} INFO - [2026-09-17T09:20:36.154+0000] {dagbag.py:541} INFO - Filling up the DagBag from /workspaces/hands-on-introduction-data-engineering-4395021/airflow/dags/transform_dag.py
[2026-09-17T09:20:36.430+0000] {processor.py:836} INFO - DAG(s) dict_keys(['transform_dag']) retrieved from /workspaces/hands-on-introduction-data-engineering-4395021/airflow/dags/transform_dag.py
[2026-09-17T09:20:36.444+0000] {logging_mixin.py:150} INFO - [2026-09-17T09:20:36.444+0000] {dag.py:2742} INFO - Sync 1 DAGs
[2026-09-17T09:20:36.458+0000] {logging_mixin.py:150} INFO - [2026-09-17T09:20:36.458+0000] {dag.py:3504} INFO - Setting next_dagrun for transform_dag to None, run_after=None
[2026-09-17T09:20:36.474+0000] {processor.py:179} INFO - Processing /workspaces/hands-on-introduction-data-engineering-4395021/airflow/dags/transform_dag.py took 0.324 seconds
[2026-09-17T09:21:06.769+0000] {processor.py:157} INFO - Started process (PID=33864) to work on /workspaces/hands-on-introduction-data-engineering-4395021/airflow/dags/transform_dag.py
[2026-09-17T09:21:06.770+0000] {processor.py:826} INFO - Processing file /workspaces/hands-on-introduction-data-engineering-4395021/airflow/dags/transform_dag.py for tasks to queue
[2026-09-17T09:21:06.770+0000] {logging_mixin.py:150} INFO - [2026-09-17T09:21:06.770+0000] {dagbag.py:541} INFO - Filling up the DagBag from /workspaces/hands-on-introduction-data-engineering-4395021/airflow/dags/transform_dag.py
[2026-09-17T09:21:07.043+0000] {processor.py:836} INFO - DAG(s) dict_keys(['transform_dag']) retrieved from /workspaces/hands-on-introduction-data-engineering-4395021/airflow/dags/transform_dag.py
[2026-09-17T09:21:07.059+0000] {logging_mixin.py:150} INFO - [2026-09-17T09:21:07.058+0000] {dag.py:2742} INFO - Sync 1 DAGs
[2026-09-17T09:21:07.075+0000] {logging_mixin.py:150} INFO - [2026-09-17T09:21:07.074+0000] {dag.py:3504} INFO - Setting next_dagrun for transform_dag to None, run_after=None
[2026-09-17T09:21:07.090+0000] {processor.py:179} INFO - Processing /workspaces/hands-on-introduction-data-engineering-4395021/airflow/dags/transform_dag.py took 0.324 seconds
[2026-09-17T09:21:37.279+0000] {processor.py:157} INFO - Started process (PID=34071) to work on /workspaces/hands-on-introduction-data-engineering-4395021/airflow/dags/transform_dag.py
[2026-09-17T09:21:37.280+0000] {processor.py:826} INFO - Processing file /workspaces/hands-on-introduction-data-engineering-4395021/airflow/dags/transform_dag.py for tasks to queue
[2026-09-17T09:21:37.281+0000] {logging_mixin.py:150} INFO - [2026-09-17T09:21:37.280+0000] {dagbag.py:541} INFO - Filling up the DagBag from /workspaces/hands-on-introduction-data-engineering-4395021/airflow/dags/transform_dag.py
[2026-09-17T09:21:37.550+0000] {processor.py:836} INFO - DAG(s) dict_keys(['transform_dag']) retrieved from /workspaces/hands-on-introduction-data-engineering-4395021/airflow/dags/transform_dag.py
[2026-09-17T09:21:37.568+0000] {logging_mixin.py:150} INFO - [2026-09-17T09:21:37.568+0000] {dag.py:2742} INFO - Sync 1 DAGs
[2026-09-17T09:21:37.584+0000] {logging_mixin.py:150} INFO - [2026-09-17T09:21:37.584+0000] {dag.py:3504} INFO - Setting next_dagrun for transform_dag to None, run_after=None
[2026-09-17T09:21:37.600+0000] {processor.py:179} INFO - Processing /workspaces/hands-on-introduction-data-engineering-4395021/airflow/dags/transform_dag.py took 0.323 seconds
[2026-09-17T09:22:07.787+0000] {processor.py:157} INFO - Started process (PID=34278) to work on /workspaces/hands-on-introduction-data-engineering-4395021/airflow/dags/transform_dag.py
[2026-09-17T09:22:07.788+0000] {processor.py:826} INFO - Processing file /workspaces/hands-on-introduction-data-engineering-4395021/airflow/dags/transform_dag.py for tasks to queue
[2026-09-17T09:22:07.789+0000] {logging_mixin.py:150} INFO - [2026-09-17T09:22:07.789+0000] {dagbag.py:541} INFO - Filling up the DagBag from /workspaces/hands-on-introduction-data-engineering-4395021/airflow/dags/transform_dag.py
[2026-09-17T09:22:08.074+0000] {processor.py:836} INFO - DAG(s) dict_keys(['transform_dag']) retrieved from /workspaces/hands-on-introduction-data-engineering-4395021/airflow/dags/transform_dag.py
[2026-09-17T09:22:08.088+0000] {logging_mixin.py:150} INFO - [2026-09-17T09:22:08.088+0000] {dag.py:2742} INFO - Sync 1 DAGs
[2026-09-17T09:22:08.103+0000] {logging_mixin.py:150} INFO - [2026-09-17T09:22:08.103+0000] {dag.py:3504} INFO - Setting next_dagrun for transform_dag to None, run_after=None
[2026-09-17T09:22:08.124+0000] {processor.py:179} INFO - Processing /workspaces/hands-on-introduction-data-engineering-4395021/airflow/dags/transform_dag.py took 0.339 seconds
[2026-09-17T09:22:38.287+0000] {processor.py:157} INFO - Started process (PID=34466) to work on /workspaces/hands-on-introduction-data-engineering-4395021/airflow/dags/transform_dag.py
[2026-09-17T09:22:38.288+0000] {processor.py:826} INFO - Processing file /workspaces/hands-on-introduction-data-engineering-4395021/airflow/dags/transform_dag.py for tasks to queue
[2026-09-17T09:22:38.288+0000] {logging_mixin.py:150} INFO - [2026-09-17T09:22:38.288+0000] {dagbag.py:541} INFO - Filling up the DagBag from /workspaces/hands-on-introduction-data-engineering-4395021/airflow/dags/transform_dag.py
[2026-09-17T09:22:38.590+0000] {processor.py:836} INFO - DAG(s) dict_keys(['transform_dag']) retrieved from /workspaces/hands-on-introduction-data-engineering-4395021/airflow/dags/transform_dag.py
[2026-09-17T09:22:38.606+0000] {logging_mixin.py:150} INFO - [2026-09-17T09:22:38.606+0000] {dag.py:2742} INFO - Sync 1 DAGs
[2026-09-17T09:22:38.624+0000] {logging_mixin.py:150} INFO - [2026-09-17T09:22:38.624+0000] {dag.py:3504} INFO - Setting next_dagrun for transform_dag to None, run_after=None
[2026-09-17T09:22:38.641+0000] {processor.py:179} INFO - Processing /workspaces/hands-on-introduction-data-engineering-4395021/airflow/dags/transform_dag.py took 0.357 seconds
[2026-09-17T09:23:08.803+0000] {processor.py:157} INFO - Started process (PID=34669) to work on /workspaces/hands-on-introduction-data-engineering-4395021/airflow/dags/transform_dag.py
[2026-09-17T09:23:08.804+0000] {processor.py:826} INFO - Processing file /workspaces/hands-on-introduction-data-engineering-4395021/airflow/dags/transform_dag.py for tasks to queue
[2026-09-17T09:23:08.805+0000] {logging_mixin.py:150} INFO - [2026-09-17T09:23:08.805+0000] {dagbag.py:541} INFO - Filling up the DagBag from /workspaces/hands-on-introduction-data-engineering-4395021/airflow/dags/transform_dag.py
[2026-09-17T09:23:09.122+0000] {processor.py:836} INFO - DAG(s) dict_keys(['transform_dag']) retrieved from /workspaces/hands-on-introduction-data-engineering-4395021/airflow/dags/transform_dag.py
[2026-09-17T09:23:09.191+0000] {logging_mixin.py:150} INFO - [2026-09-17T09:23:09.191+0000] {dag.py:2742} INFO - Sync 1 DAGs
[2026-09-17T09:23:09.224+0000] {logging_mixin.py:150} INFO - [2026-09-17T09:23:09.224+0000] {dag.py:3504} INFO - Setting next_dagrun for transform_dag to None, run_after=None
[2026-09-17T09:23:09.245+0000] {processor.py:179} INFO - Processing /workspaces/hands-on-introduction-data-engineering-4395021/airflow/dags/transform_dag.py took 0.446 seconds
[2026-09-17T09:23:39.415+0000] {processor.py:157} INFO - Started process (PID=34885) to work on /workspaces/hands-on-introduction-data-engineering-4395021/airflow/dags/transform_dag.py
[2026-09-17T09:23:39.419+0000] {processor.py:826} INFO - Processing file /workspaces/hands-on-introduction-data-engineering-4395021/airflow/dags/transform_dag.py for tasks to queue
[2026-09-17T09:23:39.420+0000] {logging_mixin.py:150} INFO - [2026-09-17T09:23:39.419+0000] {dagbag.py:541} INFO - Filling up the DagBag from /workspaces/hands-on-introduction-data-engineering-4395021/airflow/dags/transform_dag.py
[2026-09-17T09:23:39.697+0000] {processor.py:836} INFO - DAG(s) dict_keys(['transform_dag']) retrieved from /workspaces/hands-on-introduction-data-engineering-4395021/airflow/dags/transform_dag.py
[2026-09-17T09:23:39.716+0000] {logging_mixin.py:150} INFO - [2026-09-17T09:23:39.716+0000] {dag.py:2742} INFO - Sync 1 DAGs
[2026-09-17T09:23:39.733+0000] {logging_mixin.py:150} INFO - [2026-09-17T09:23:39.733+0000] {dag.py:3504} INFO - Setting next_dagrun for transform_dag to None, run_after=None
[2026-09-17T09:23:39.748+0000] {processor.py:179} INFO - Processing /workspaces/hands-on-introduction-data-engineering-4395021/airflow/dags/transform_dag.py took 0.343 seconds
[2026-09-17T09:24:09.906+0000] {processor.py:157} INFO - Started process (PID=35089) to work on /workspaces/hands-on-introduction-data-engineering-4395021/airflow/dags/transform_dag.py
[2026-09-17T09:24:09.907+0000] {processor.py:826} INFO - Processing file /workspaces/hands-on-introduction-data-engineering-4395021/airflow/dags/transform_dag.py for tasks to queue
[2026-09-17T09:24:09.907+0000] {logging_mixin.py:150} INFO - [2026-09-17T09:24:09.907+0000] {dagbag.py:541} INFO - Filling up the DagBag from /workspaces/hands-on-introduction-data-engineering-4395021/airflow/dags/transform_dag.py
[2026-09-17T09:24:10.193+0000] {processor.py:836} INFO - DAG(s) dict_keys(['transform_dag']) retrieved from /workspaces/hands-on-introduction-data-engineering-4395021/airflow/dags/transform_dag.py
[2026-09-17T09:24:10.212+0000] {logging_mixin.py:150} INFO - [2026-09-17T09:24:10.212+0000] {dag.py:2742} INFO - Sync 1 DAGs
[2026-09-17T09:24:10.227+0000] {logging_mixin.py:150} INFO - [2026-09-17T09:24:10.227+0000] {dag.py:3504} INFO - Setting next_dagrun for transform_dag to None, run_after=None
[2026-09-17T09:24:10.242+0000] {processor.py:179} INFO - Processing /workspaces/hands-on-introduction-data-engineering-4395021/airflow/dags/transform_dag.py took 0.340 seconds
[2026-09-17T09:24:40.404+0000] {processor.py:157} INFO - Started process (PID=35293) to work on /workspaces/hands-on-introduction-data-engineering-4395021/airflow/dags/transform_dag.py
[2026-09-17T09:24:40.405+0000] {processor.py:826} INFO - Processing file /workspaces/hands-on-introduction-data-engineering-4395021/airflow/dags/transform_dag.py for tasks to queue
[2026-09-17T09:24:40.406+0000] {logging_mixin.py:150} INFO - [2026-09-17T09:24:40.405+0000] {dagbag.py:541} INFO - Filling up the DagBag from /workspaces/hands-on-introduction-data-engineering-4395021/airflow/dags/transform_dag.py
[2026-09-17T09:24:40.713+0000] {processor.py:836} INFO - DAG(s) dict_keys(['transform_dag']) retrieved from /workspaces/hands-on-introduction-data-engineering-4395021/airflow/dags/transform_dag.py
[2026-09-17T09:24:40.732+0000] {logging_mixin.py:150} INFO - [2026-09-17T09:24:40.731+0000] {dag.py:2742} INFO - Sync 1 DAGs
[2026-09-17T09:24:40.748+0000] {logging_mixin.py:150} INFO - [2026-09-17T09:24:40.748+0000] {dag.py:3504} INFO - Setting next_dagrun for transform_dag to None, run_after=None
[2026-09-17T09:24:40.763+0000] {processor.py:179} INFO - Processing /workspaces/hands-on-introduction-data-engineering-4395021/airflow/dags/transform_dag.py took 0.363 seconds
[2026-09-17T09:25:10.905+0000] {processor.py:157} INFO - Started process (PID=35495) to work on /workspaces/hands-on-introduction-data-engineering-4395021/airflow/dags/transform_dag.py
[2026-09-17T09:25:10.906+0000] {processor.py:826} INFO - Processing file /workspaces/hands-on-introduction-data-engineering-4395021/airflow/dags/transform_dag.py for tasks to queue
[2026-09-17T09:25:10.907+0000] {logging_mixin.py:150} INFO - [2026-09-17T09:25:10.906+0000] {dagbag.py:541} INFO - Filling up the DagBag from /workspaces/hands-on-introduction-data-engineering-4395021/airflow/dags/transform_dag.py
[2026-09-17T09:25:11.190+0000] {processor.py:836} INFO - DAG(s) dict_keys(['transform_dag']) retrieved from /workspaces/hands-on-introduction-data-engineering-4395021/airflow/dags/transform_dag.py
[2026-09-17T09:25:11.207+0000] {logging_mixin.py:150} INFO - [2026-09-17T09:25:11.207+0000] {dag.py:2742} INFO - Sync 1 DAGs
[2026-09-17T09:25:11.224+0000] {logging_mixin.py:150} INFO - [2026-09-17T09:25:11.224+0000] {dag.py:3504} INFO - Setting next_dagrun for transform_dag to None, run_after=None
[2026-09-17T09:25:11.240+0000] {processor.py:179} INFO - Processing /workspaces/hands-on-introduction-data-engineering-4395021/airflow/dags/transform_dag.py took 0.339 seconds
[2026-09-17T09:25:41.404+0000] {processor.py:157} INFO - Started process (PID=35704) to work on /workspaces/hands-on-introduction-data-engineering-4395021/airflow/dags/transform_dag.py
[2026-09-17T09:25:41.405+0000] {processor.py:826} INFO - Processing file /workspaces/hands-on-introduction-data-engineering-4395021/airflow/dags/transform_dag.py for tasks to queue
[2026-09-17T09:25:41.405+0000] {logging_mixin.py:150} INFO - [2026-09-17T09:25:41.405+0000] {dagbag.py:541} INFO - Filling up the DagBag from /workspaces/hands-on-introduction-data-engineering-4395021/airflow/dags/transform_dag.py
[2026-09-17T09:25:41.691+0000] {processor.py:836} INFO - DAG(s) dict_keys(['transform_dag']) retrieved from /workspaces/hands-on-introduction-data-engineering-4395021/airflow/dags/transform_dag.py
[2026-09-17T09:25:41.710+0000] {logging_mixin.py:150} INFO - [2026-09-17T09:25:41.710+0000] {dag.py:2742} INFO - Sync 1 DAGs
[2026-09-17T09:25:41.728+0000] {logging_mixin.py:150} INFO - [2026-09-17T09:25:41.728+0000] {dag.py:3504} INFO - Setting next_dagrun for transform_dag to None, run_after=None
[2026-09-17T09:25:41.744+0000] {processor.py:179} INFO - Processing /workspaces/hands-on-introduction-data-engineering-4395021/airflow/dags/transform_dag.py took 0.344 seconds
[2026-09-17T09:26:11.907+0000] {processor.py:157} INFO - Started process (PID=35896) to work on /workspaces/hands-on-introduction-data-engineering-4395021/airflow/dags/transform_dag.py
[2026-09-17T09:26:11.911+0000] {processor.py:826} INFO - Processing file /workspaces/hands-on-introduction-data-engineering-4395021/airflow/dags/transform_dag.py for tasks to queue
[2026-09-17T09:26:11.912+0000] {logging_mixin.py:150} INFO - [2026-09-17T09:26:11.911+0000] {dagbag.py:541} INFO - Filling up the DagBag from /workspaces/hands-on-introduction-data-engineering-4395021/airflow/dags/transform_dag.py
[2026-09-17T09:26:12.220+0000] {processor.py:836} INFO - DAG(s) dict_keys(['transform_dag']) retrieved from /workspaces/hands-on-introduction-data-engineering-4395021/airflow/dags/transform_dag.py
[2026-09-17T09:26:12.234+0000] {logging_mixin.py:150} INFO - [2026-09-17T09:26:12.234+0000] {dag.py:2742} INFO - Sync 1 DAGs
[2026-09-17T09:26:12.248+0000] {logging_mixin.py:150} INFO - [2026-09-17T09:26:12.248+0000] {dag.py:3504} INFO - Setting next_dagrun for transform_dag to None, run_after=None
[2026-09-17T09:26:12.264+0000] {processor.py:179} INFO - Processing /workspaces/hands-on-introduction-data-engineering-4395021/airflow/dags/transform_dag.py took 0.360 seconds
[2026-09-17T09:26:42.433+0000] {processor.py:157} INFO - Started process (PID=36300) to work on /workspaces/hands-on-introduction-data-engineering-4395021/airflow/dags/transform_dag.py
[2026-09-17T09:26:42.434+0000] {processor.py:826} INFO - Processing file /workspaces/hands-on-introduction-data-engineering-4395021/airflow/dags/transform_dag.py for tasks to queue
[2026-09-17T09:26:42.434+0000] {logging_mixin.py:150} INFO - [2026-09-17T09:26:42.434+0000] {dagbag.py:541} INFO - Filling up the DagBag from /workspaces/hands-on-introduction-data-engineering-4395021/airflow/dags/transform_dag.py
[2026-09-17T09:26:42.743+0000] {processor.py:836} INFO - DAG(s) dict_keys(['transform_dag']) retrieved from /workspaces/hands-on-introduction-data-engineering-4395021/airflow/dags/transform_dag.py
[2026-09-17T09:26:42.761+0000] {logging_mixin.py:150} INFO - [2026-09-17T09:26:42.761+0000] {dag.py:2742} INFO - Sync 1 DAGs
[2026-09-17T09:26:42.777+0000] {logging_mixin.py:150} INFO - [2026-09-17T09:26:42.776+0000] {dag.py:3504} INFO - Setting next_dagrun for transform_dag to None, run_after=None
[2026-09-17T09:26:42.792+0000] {processor.py:179} INFO - Processing /workspaces/hands-on-introduction-data-engineering-4395021/airflow/dags/transform_dag.py took 0.362 seconds
[2026-09-17T09:27:12.909+0000] {processor.py:157} INFO - Started process (PID=36655) to work on /workspaces/hands-on-introduction-data-engineering-4395021/airflow/dags/transform_dag.py
[2026-09-17T09:27:12.910+0000] {processor.py:826} INFO - Processing file /workspaces/hands-on-introduction-data-engineering-4395021/airflow/dags/transform_dag.py for tasks to queue
[2026-09-17T09:27:12.911+0000] {logging_mixin.py:150} INFO - [2026-09-17T09:27:12.910+0000] {dagbag.py:541} INFO - Filling up the DagBag from /workspaces/hands-on-introduction-data-engineering-4395021/airflow/dags/transform_dag.py
[2026-09-17T09:27:13.200+0000] {processor.py:836} INFO - DAG(s) dict_keys(['transform_dag']) retrieved from /workspaces/hands-on-introduction-data-engineering-4395021/airflow/dags/transform_dag.py
[2026-09-17T09:27:13.221+0000] {logging_mixin.py:150} INFO - [2026-09-17T09:27:13.221+0000] {dag.py:2742} INFO - Sync 1 DAGs
[2026-09-17T09:27:13.244+0000] {logging_mixin.py:150} INFO - [2026-09-17T09:27:13.242+0000] {dag.py:3504} INFO - Setting next_dagrun for transform_dag to None, run_after=None
[2026-09-17T09:27:13.264+0000] {processor.py:179} INFO - Processing /workspaces/hands-on-introduction-data-engineering-4395021/airflow/dags/transform_dag.py took 0.358 seconds
[2026-09-17T09:27:43.383+0000] {processor.py:157} INFO - Started process (PID=37013) to work on /workspaces/hands-on-introduction-data-engineering-4395021/airflow/dags/transform_dag.py
[2026-09-17T09:27:43.384+0000] {processor.py:826} INFO - Processing file /workspaces/hands-on-introduction-data-engineering-4395021/airflow/dags/transform_dag.py for tasks to queue
[2026-09-17T09:27:43.385+0000] {logging_mixin.py:150} INFO - [2026-09-17T09:27:43.385+0000] {dagbag.py:541} INFO - Filling up the DagBag from /workspaces/hands-on-introduction-data-engineering-4395021/airflow/dags/transform_dag.py
[2026-09-17T09:27:43.724+0000] {processor.py:836} INFO - DAG(s) dict_keys(['transform_dag']) retrieved from /workspaces/hands-on-introduction-data-engineering-4395021/airflow/dags/transform_dag.py
[2026-09-17T09:27:43.743+0000] {logging_mixin.py:150} INFO - [2026-09-17T09:27:43.743+0000] {dag.py:2742} INFO - Sync 1 DAGs
[2026-09-17T09:27:43.760+0000] {logging_mixin.py:150} INFO - [2026-09-17T09:27:43.759+0000] {dag.py:3504} INFO - Setting next_dagrun for transform_dag to None, run_after=None
[2026-09-17T09:27:43.779+0000] {processor.py:179} INFO - Processing /workspaces/hands-on-introduction-data-engineering-4395021/airflow/dags/transform_dag.py took 0.400 seconds
[2026-09-17T09:28:13.960+0000] {processor.py:157} INFO - Started process (PID=37396) to work on /workspaces/hands-on-introduction-data-engineering-4395021/airflow/dags/transform_dag.py
[2026-09-17T09:28:13.961+0000] {processor.py:826} INFO - Processing file /workspaces/hands-on-introduction-data-engineering-4395021/airflow/dags/transform_dag.py for tasks to queue
[2026-09-17T09:28:13.962+0000] {logging_mixin.py:150} INFO - [2026-09-17T09:28:13.962+0000] {dagbag.py:541} INFO - Filling up the DagBag from /workspaces/hands-on-introduction-data-engineering-4395021/airflow/dags/transform_dag.py
[2026-09-17T09:28:14.248+0000] {processor.py:836} INFO - DAG(s) dict_keys(['transform_dag']) retrieved from /workspaces/hands-on-introduction-data-engineering-4395021/airflow/dags/transform_dag.py
[2026-09-17T09:28:14.264+0000] {logging_mixin.py:150} INFO - [2026-09-17T09:28:14.264+0000] {dag.py:2742} INFO - Sync 1 DAGs
[2026-09-17T09:28:14.279+0000] {logging_mixin.py:150} INFO - [2026-09-17T09:28:14.279+0000] {dag.py:3504} INFO - Setting next_dagrun for transform_dag to None, run_after=None
[2026-09-17T09:28:14.295+0000] {processor.py:179} INFO - Processing /workspaces/hands-on-introduction-data-engineering-4395021/airflow/dags/transform_dag.py took 0.338 seconds
[2026-09-17T09:28:44.432+0000] {processor.py:157} INFO - Started process (PID=37597) to work on /workspaces/hands-on-introduction-data-engineering-4395021/airflow/dags/transform_dag.py
[2026-09-17T09:28:44.432+0000] {processor.py:826} INFO - Processing file /workspaces/hands-on-introduction-data-engineering-4395021/airflow/dags/transform_dag.py for tasks to queue
[2026-09-17T09:28:44.433+0000] {logging_mixin.py:150} INFO - [2026-09-17T09:28:44.433+0000] {dagbag.py:541} INFO - Filling up the DagBag from /workspaces/hands-on-introduction-data-engineering-4395021/airflow/dags/transform_dag.py
[2026-09-17T09:28:44.748+0000] {processor.py:836} INFO - DAG(s) dict_keys(['transform_dag']) retrieved from /workspaces/hands-on-introduction-data-engineering-4395021/airflow/dags/transform_dag.py
[2026-09-17T09:28:44.765+0000] {logging_mixin.py:150} INFO - [2026-09-17T09:28:44.765+0000] {dag.py:2742} INFO - Sync 1 DAGs
[2026-09-17T09:28:44.779+0000] {logging_mixin.py:150} INFO - [2026-09-17T09:28:44.779+0000] {dag.py:3504} INFO - Setting next_dagrun for transform_dag to None, run_after=None
[2026-09-17T09:28:44.794+0000] {processor.py:179} INFO - Processing /workspaces/hands-on-introduction-data-engineering-4395021/airflow/dags/transform_dag.py took 0.365 seconds
[2026-09-17T09:29:14.900+0000] {processor.py:157} INFO - Started process (PID=37790) to work on /workspaces/hands-on-introduction-data-engineering-4395021/airflow/dags/transform_dag.py
[2026-09-17T09:29:14.901+0000] {processor.py:826} INFO - Processing file /workspaces/hands-on-introduction-data-engineering-4395021/airflow/dags/transform_dag.py for tasks to queue
[2026-09-17T09:29:14.902+0000] {logging_mixin.py:150} INFO - [2026-09-17T09:29:14.901+0000] {dagbag.py:541} INFO - Filling up the DagBag from /workspaces/hands-on-introduction-data-engineering-4395021/airflow/dags/transform_dag.py
[2026-09-17T09:29:15.532+0000] {processor.py:836} INFO - DAG(s) dict_keys(['transform_dag']) retrieved from /workspaces/hands-on-introduction-data-engineering-4395021/airflow/dags/transform_dag.py
[2026-09-17T09:29:15.552+0000] {logging_mixin.py:150} INFO - [2026-09-17T09:29:15.552+0000] {dag.py:2742} INFO - Sync 1 DAGs
[2026-09-17T09:29:15.571+0000] {logging_mixin.py:150} INFO - [2026-09-17T09:29:15.571+0000] {dag.py:3504} INFO - Setting next_dagrun for transform_dag to None, run_after=None
[2026-09-17T09:29:15.593+0000] {processor.py:179} INFO - Processing /workspaces/hands-on-introduction-data-engineering-4395021/airflow/dags/transform_dag.py took 0.696 seconds
[2026-09-17T09:29:45.692+0000] {processor.py:157} INFO - Started process (PID=37956) to work on /workspaces/hands-on-introduction-data-engineering-4395021/airflow/dags/transform_dag.py
[2026-09-17T09:29:45.693+0000] {processor.py:826} INFO - Processing file /workspaces/hands-on-introduction-data-engineering-4395021/airflow/dags/transform_dag.py for tasks to queue
[2026-09-17T09:29:45.694+0000] {logging_mixin.py:150} INFO - [2026-09-17T09:29:45.693+0000] {dagbag.py:541} INFO - Filling up the DagBag from /workspaces/hands-on-introduction-data-engineering-4395021/airflow/dags/transform_dag.py
[2026-09-17T09:29:46.068+0000] {processor.py:836} INFO - DAG(s) dict_keys(['transform_dag']) retrieved from /workspaces/hands-on-introduction-data-engineering-4395021/airflow/dags/transform_dag.py
[2026-09-17T09:29:46.084+0000] {logging_mixin.py:150} INFO - [2026-09-17T09:29:46.084+0000] {dag.py:2742} INFO - Sync 1 DAGs
[2026-09-17T09:29:46.099+0000] {logging_mixin.py:150} INFO - [2026-09-17T09:29:46.098+0000] {dag.py:3504} INFO - Setting next_dagrun for transform_dag to None, run_after=None
[2026-09-17T09:29:46.118+0000] {processor.py:179} INFO - Processing /workspaces/hands-on-introduction-data-engineering-4395021/airflow/dags/transform_dag.py took 0.429 seconds
[2026-09-17T09:30:16.270+0000] {processor.py:157} INFO - Started process (PID=38134) to work on /workspaces/hands-on-introduction-data-engineering-4395021/airflow/dags/transform_dag.py
[2026-09-17T09:30:16.271+0000] {processor.py:826} INFO - Processing file /workspaces/hands-on-introduction-data-engineering-4395021/airflow/dags/transform_dag.py for tasks to queue
[2026-09-17T09:30:16.272+0000] {logging_mixin.py:150} INFO - [2026-09-17T09:30:16.271+0000] {dagbag.py:541} INFO - Filling up the DagBag from /workspaces/hands-on-introduction-data-engineering-4395021/airflow/dags/transform_dag.py
[2026-09-17T09:30:16.557+0000] {processor.py:836} INFO - DAG(s) dict_keys(['transform_dag']) retrieved from /workspaces/hands-on-introduction-data-engineering-4395021/airflow/dags/transform_dag.py
[2026-09-17T09:30:16.572+0000] {logging_mixin.py:150} INFO - [2026-09-17T09:30:16.571+0000] {dag.py:2742} INFO - Sync 1 DAGs
[2026-09-17T09:30:16.585+0000] {logging_mixin.py:150} INFO - [2026-09-17T09:30:16.585+0000] {dag.py:3504} INFO - Setting next_dagrun for transform_dag to None, run_after=None
[2026-09-17T09:30:16.602+0000] {processor.py:179} INFO - Processing /workspaces/hands-on-introduction-data-engineering-4395021/airflow/dags/transform_dag.py took 0.336 seconds
[2026-09-17T09:30:46.737+0000] {processor.py:157} INFO - Started process (PID=38304) to work on /workspaces/hands-on-introduction-data-engineering-4395021/airflow/dags/transform_dag.py
[2026-09-17T09:30:46.738+0000] {processor.py:826} INFO - Processing file /workspaces/hands-on-introduction-data-engineering-4395021/airflow/dags/transform_dag.py for tasks to queue
[2026-09-17T09:30:46.739+0000] {logging_mixin.py:150} INFO - [2026-09-17T09:30:46.739+0000] {dagbag.py:541} INFO - Filling up the DagBag from /workspaces/hands-on-introduction-data-engineering-4395021/airflow/dags/transform_dag.py
[2026-09-17T09:30:47.063+0000] {processor.py:836} INFO - DAG(s) dict_keys(['transform_dag']) retrieved from /workspaces/hands-on-introduction-data-engineering-4395021/airflow/dags/transform_dag.py
[2026-09-17T09:30:47.079+0000] {logging_mixin.py:150} INFO - [2026-09-17T09:30:47.079+0000] {dag.py:2742} INFO - Sync 1 DAGs
[2026-09-17T09:30:47.094+0000] {logging_mixin.py:150} INFO - [2026-09-17T09:30:47.094+0000] {dag.py:3504} INFO - Setting next_dagrun for transform_dag to None, run_after=None
[2026-09-17T09:30:47.116+0000] {processor.py:179} INFO - Processing /workspaces/hands-on-introduction-data-engineering-4395021/airflow/dags/transform_dag.py took 0.381 seconds
[2026-09-17T09:31:17.212+0000] {processor.py:157} INFO - Started process (PID=38484) to work on /workspaces/hands-on-introduction-data-engineering-4395021/airflow/dags/transform_dag.py
[2026-09-17T09:31:17.213+0000] {processor.py:826} INFO - Processing file /workspaces/hands-on-introduction-data-engineering-4395021/airflow/dags/transform_dag.py for tasks to queue
[2026-09-17T09:31:17.214+0000] {logging_mixin.py:150} INFO - [2026-09-17T09:31:17.214+0000] {dagbag.py:541} INFO - Filling up the DagBag from /workspaces/hands-on-introduction-data-engineering-4395021/airflow/dags/transform_dag.py
[2026-09-17T09:31:17.645+0000] {processor.py:836} INFO - DAG(s) dict_keys(['transform_dag']) retrieved from /workspaces/hands-on-introduction-data-engineering-4395021/airflow/dags/transform_dag.py
[2026-09-17T09:31:17.660+0000] {logging_mixin.py:150} INFO - [2026-09-17T09:31:17.660+0000] {dag.py:2742} INFO - Sync 1 DAGs
[2026-09-17T09:31:17.676+0000] {logging_mixin.py:150} INFO - [2026-09-17T09:31:17.676+0000] {dag.py:3504} INFO - Setting next_dagrun for transform_dag to None, run_after=None
[2026-09-17T09:31:17.700+0000] {processor.py:179} INFO - Processing /workspaces/hands-on-introduction-data-engineering-4395021/airflow/dags/transform_dag.py took 0.491 seconds
[2026-09-17T09:31:47.806+0000] {processor.py:157} INFO - Started process (PID=38717) to work on /workspaces/hands-on-introduction-data-engineering-4395021/airflow/dags/transform_dag.py
[2026-09-17T09:31:47.806+0000] {processor.py:826} INFO - Processing file /workspaces/hands-on-introduction-data-engineering-4395021/airflow/dags/transform_dag.py for tasks to queue
[2026-09-17T09:31:47.807+0000] {logging_mixin.py:150} INFO - [2026-09-17T09:31:47.807+0000] {dagbag.py:541} INFO - Filling up the DagBag from /workspaces/hands-on-introduction-data-engineering-4395021/airflow/dags/transform_dag.py
[2026-09-17T09:31:48.196+0000] {processor.py:836} INFO - DAG(s) dict_keys(['transform_dag']) retrieved from /workspaces/hands-on-introduction-data-engineering-4395021/airflow/dags/transform_dag.py
[2026-09-17T09:31:48.217+0000] {logging_mixin.py:150} INFO - [2026-09-17T09:31:48.216+0000] {dag.py:2742} INFO - Sync 1 DAGs
[2026-09-17T09:31:48.247+0000] {logging_mixin.py:150} INFO - [2026-09-17T09:31:48.247+0000] {dag.py:3504} INFO - Setting next_dagrun for transform_dag to None, run_after=None
[2026-09-17T09:31:48.267+0000] {processor.py:179} INFO - Processing /workspaces/hands-on-introduction-data-engineering-4395021/airflow/dags/transform_dag.py took 0.465 seconds
[2026-09-17T09:32:18.388+0000] {processor.py:157} INFO - Started process (PID=38905) to work on /workspaces/hands-on-introduction-data-engineering-4395021/airflow/dags/transform_dag.py
[2026-09-17T09:32:18.389+0000] {processor.py:826} INFO - Processing file /workspaces/hands-on-introduction-data-engineering-4395021/airflow/dags/transform_dag.py for tasks to queue
[2026-09-17T09:32:18.390+0000] {logging_mixin.py:150} INFO - [2026-09-17T09:32:18.389+0000] {dagbag.py:541} INFO - Filling up the DagBag from /workspaces/hands-on-introduction-data-engineering-4395021/airflow/dags/transform_dag.py
[2026-09-17T09:32:18.664+0000] {processor.py:836} INFO - DAG(s) dict_keys(['transform_dag']) retrieved from /workspaces/hands-on-introduction-data-engineering-4395021/airflow/dags/transform_dag.py
[2026-09-17T09:32:18.680+0000] {logging_mixin.py:150} INFO - [2026-09-17T09:32:18.679+0000] {dag.py:2742} INFO - Sync 1 DAGs
[2026-09-17T09:32:18.693+0000] {logging_mixin.py:150} INFO - [2026-09-17T09:32:18.693+0000] {dag.py:3504} INFO - Setting next_dagrun for transform_dag to None, run_after=None
[2026-09-17T09:32:18.712+0000] {processor.py:179} INFO - Processing /workspaces/hands-on-introduction-data-engineering-4395021/airflow/dags/transform_dag.py took 0.327 seconds
[2026-09-17T09:32:48.860+0000] {processor.py:157} INFO - Started process (PID=39085) to work on /workspaces/hands-on-introduction-data-engineering-4395021/airflow/dags/transform_dag.py
[2026-09-17T09:32:48.861+0000] {processor.py:826} INFO - Processing file /workspaces/hands-on-introduction-data-engineering-4395021/airflow/dags/transform_dag.py for tasks to queue
[2026-09-17T09:32:48.862+0000] {logging_mixin.py:150} INFO - [2026-09-17T09:32:48.862+0000] {dagbag.py:541} INFO - Filling up the DagBag from /workspaces/hands-on-introduction-data-engineering-4395021/airflow/dags/transform_dag.py
[2026-09-17T09:32:49.139+0000] {processor.py:836} INFO - DAG(s) dict_keys(['transform_dag']) retrieved from /workspaces/hands-on-introduction-data-engineering-4395021/airflow/dags/transform_dag.py
[2026-09-17T09:32:49.154+0000] {logging_mixin.py:150} INFO - [2026-09-17T09:32:49.153+0000] {dag.py:2742} INFO - Sync 1 DAGs
[2026-09-17T09:32:49.167+0000] {logging_mixin.py:150} INFO - [2026-09-17T09:32:49.167+0000] {dag.py:3504} INFO - Setting next_dagrun for transform_dag to None, run_after=None
[2026-09-17T09:32:49.183+0000] {processor.py:179} INFO - Processing /workspaces/hands-on-introduction-data-engineering-4395021/airflow/dags/transform_dag.py took 0.325 seconds
[2026-09-17T09:33:19.329+0000] {processor.py:157} INFO - Started process (PID=39263) to work on /workspaces/hands-on-introduction-data-engineering-4395021/airflow/dags/transform_dag.py
[2026-09-17T09:33:19.330+0000] {processor.py:826} INFO - Processing file /workspaces/hands-on-introduction-data-engineering-4395021/airflow/dags/transform_dag.py for tasks to queue
[2026-09-17T09:33:19.331+0000] {logging_mixin.py:150} INFO - [2026-09-17T09:33:19.331+0000] {dagbag.py:541} INFO - Filling up the DagBag from /workspaces/hands-on-introduction-data-engineering-4395021/airflow/dags/transform_dag.py
[2026-09-17T09:33:19.602+0000] {processor.py:836} INFO - DAG(s) dict_keys(['transform_dag']) retrieved from /workspaces/hands-on-introduction-data-engineering-4395021/airflow/dags/transform_dag.py
[2026-09-17T09:33:19.618+0000] {logging_mixin.py:150} INFO - [2026-09-17T09:33:19.618+0000] {dag.py:2742} INFO - Sync 1 DAGs
[2026-09-17T09:33:19.636+0000] {logging_mixin.py:150} INFO - [2026-09-17T09:33:19.636+0000] {dag.py:3504} INFO - Setting next_dagrun for transform_dag to None, run_after=None
[2026-09-17T09:33:19.651+0000] {processor.py:179} INFO - Processing /workspaces/hands-on-introduction-data-engineering-4395021/airflow/dags/transform_dag.py took 0.324 seconds
[2026-09-17T09:33:49.970+0000] {processor.py:157} INFO - Started process (PID=39510) to work on /workspaces/hands-on-introduction-data-engineering-4395021/airflow/dags/transform_dag.py
[2026-09-17T09:33:49.970+0000] {processor.py:826} INFO - Processing file /workspaces/hands-on-introduction-data-engineering-4395021/airflow/dags/transform_dag.py for tasks to queue
[2026-09-17T09:33:49.971+0000] {logging_mixin.py:150} INFO - [2026-09-17T09:33:49.971+0000] {dagbag.py:541} INFO - Filling up the DagBag from /workspaces/hands-on-introduction-data-engineering-4395021/airflow/dags/transform_dag.py
[2026-09-17T09:33:50.285+0000] {processor.py:836} INFO - DAG(s) dict_keys(['transform_dag']) retrieved from /workspaces/hands-on-introduction-data-engineering-4395021/airflow/dags/transform_dag.py
[2026-09-17T09:33:50.301+0000] {logging_mixin.py:150} INFO - [2026-09-17T09:33:50.300+0000] {dag.py:2742} INFO - Sync 1 DAGs
[2026-09-17T09:33:50.319+0000] {logging_mixin.py:150} INFO - [2026-09-17T09:33:50.319+0000] {dag.py:3504} INFO - Setting next_dagrun for transform_dag to None, run_after=None
[2026-09-17T09:33:50.336+0000] {processor.py:179} INFO - Processing /workspaces/hands-on-introduction-data-engineering-4395021/airflow/dags/transform_dag.py took 0.369 seconds
[2026-09-17T09:34:20.444+0000] {processor.py:157} INFO - Started process (PID=39708) to work on /workspaces/hands-on-introduction-data-engineering-4395021/airflow/dags/transform_dag.py
[2026-09-17T09:34:20.445+0000] {processor.py:826} INFO - Processing file /workspaces/hands-on-introduction-data-engineering-4395021/airflow/dags/transform_dag.py for tasks to queue
[2026-09-17T09:34:20.446+0000] {logging_mixin.py:150} INFO - [2026-09-17T09:34:20.446+0000] {dagbag.py:541} INFO - Filling up the DagBag from /workspaces/hands-on-introduction-data-engineering-4395021/airflow/dags/transform_dag.py
[2026-09-17T09:34:20.726+0000] {processor.py:836} INFO - DAG(s) dict_keys(['transform_dag']) retrieved from /workspaces/hands-on-introduction-data-engineering-4395021/airflow/dags/transform_dag.py
[2026-09-17T09:34:20.742+0000] {logging_mixin.py:150} INFO - [2026-09-17T09:34:20.741+0000] {dag.py:2742} INFO - Sync 1 DAGs
[2026-09-17T09:34:20.758+0000] {logging_mixin.py:150} INFO - [2026-09-17T09:34:20.758+0000] {dag.py:3504} INFO - Setting next_dagrun for transform_dag to None, run_after=None
[2026-09-17T09:34:20.775+0000] {processor.py:179} INFO - Processing /workspaces/hands-on-introduction-data-engineering-4395021/airflow/dags/transform_dag.py took 0.337 seconds
[2026-09-17T09:34:50.904+0000] {processor.py:157} INFO - Started process (PID=39908) to work on /workspaces/hands-on-introduction-data-engineering-4395021/airflow/dags/transform_dag.py
[2026-09-17T09:34:50.904+0000] {processor.py:826} INFO - Processing file /workspaces/hands-on-introduction-data-engineering-4395021/airflow/dags/transform_dag.py for tasks to queue
[2026-09-17T09:34:50.905+0000] {logging_mixin.py:150} INFO - [2026-09-17T09:34:50.905+0000] {dagbag.py:541} INFO - Filling up the DagBag from /workspaces/hands-on-introduction-data-engineering-4395021/airflow/dags/transform_dag.py
[2026-09-17T09:34:51.180+0000] {processor.py:836} INFO - DAG(s) dict_keys(['transform_dag']) retrieved from /workspaces/hands-on-introduction-data-engineering-4395021/airflow/dags/transform_dag.py
[2026-09-17T09:34:51.195+0000] {logging_mixin.py:150} INFO - [2026-09-17T09:34:51.194+0000] {dag.py:2742} INFO - Sync 1 DAGs
[2026-09-17T09:34:51.213+0000] {logging_mixin.py:150} INFO - [2026-09-17T09:34:51.213+0000] {dag.py:3504} INFO - Setting next_dagrun for transform_dag to None, run_after=None
[2026-09-17T09:34:51.231+0000] {processor.py:179} INFO - Processing /workspaces/hands-on-introduction-data-engineering-4395021/airflow/dags/transform_dag.py took 0.330 seconds
[2026-09-17T09:35:21.370+0000] {processor.py:157} INFO - Started process (PID=40112) to work on /workspaces/hands-on-introduction-data-engineering-4395021/airflow/dags/transform_dag.py
[2026-09-17T09:35:21.371+0000] {processor.py:826} INFO - Processing file /workspaces/hands-on-introduction-data-engineering-4395021/airflow/dags/transform_dag.py for tasks to queue
[2026-09-17T09:35:21.372+0000] {logging_mixin.py:150} INFO - [2026-09-17T09:35:21.372+0000] {dagbag.py:541} INFO - Filling up the DagBag from /workspaces/hands-on-introduction-data-engineering-4395021/airflow/dags/transform_dag.py
[2026-09-17T09:35:21.646+0000] {processor.py:836} INFO - DAG(s) dict_keys(['transform_dag']) retrieved from /workspaces/hands-on-introduction-data-engineering-4395021/airflow/dags/transform_dag.py
[2026-09-17T09:35:21.660+0000] {logging_mixin.py:150} INFO - [2026-09-17T09:35:21.660+0000] {dag.py:2742} INFO - Sync 1 DAGs
[2026-09-17T09:35:21.675+0000] {logging_mixin.py:150} INFO - [2026-09-17T09:35:21.675+0000] {dag.py:3504} INFO - Setting next_dagrun for transform_dag to None, run_after=None
[2026-09-17T09:35:21.690+0000] {processor.py:179} INFO - Processing /workspaces/hands-on-introduction-data-engineering-4395021/airflow/dags/transform_dag.py took 0.323 seconds
[2026-09-17T09:35:51.840+0000] {processor.py:157} INFO - Started process (PID=40318) to work on /workspaces/hands-on-introduction-data-engineering-4395021/airflow/dags/transform_dag.py
[2026-09-17T09:35:51.841+0000] {processor.py:826} INFO - Processing file /workspaces/hands-on-introduction-data-engineering-4395021/airflow/dags/transform_dag.py for tasks to queue
[2026-09-17T09:35:51.842+0000] {logging_mixin.py:150} INFO - [2026-09-17T09:35:51.841+0000] {dagbag.py:541} INFO - Filling up the DagBag from /workspaces/hands-on-introduction-data-engineering-4395021/airflow/dags/transform_dag.py
[2026-09-17T09:35:52.220+0000] {processor.py:836} INFO - DAG(s) dict_keys(['transform_dag']) retrieved from /workspaces/hands-on-introduction-data-engineering-4395021/airflow/dags/transform_dag.py
[2026-09-17T09:35:52.235+0000] {logging_mixin.py:150} INFO - [2026-09-17T09:35:52.234+0000] {dag.py:2742} INFO - Sync 1 DAGs
[2026-09-17T09:35:52.250+0000] {logging_mixin.py:150} INFO - [2026-09-17T09:35:52.250+0000] {dag.py:3504} INFO - Setting next_dagrun for transform_dag to None, run_after=None
[2026-09-17T09:35:52.266+0000] {processor.py:179} INFO - Processing /workspaces/hands-on-introduction-data-engineering-4395021/airflow/dags/transform_dag.py took 0.428 seconds
[2026-09-17T09:36:22.412+0000] {processor.py:157} INFO - Started process (PID=40527) to work on /workspaces/hands-on-introduction-data-engineering-4395021/airflow/dags/transform_dag.py
[2026-09-17T09:36:22.413+0000] {processor.py:826} INFO - Processing file /workspaces/hands-on-introduction-data-engineering-4395021/airflow/dags/transform_dag.py for tasks to queue
[2026-09-17T09:36:22.414+0000] {logging_mixin.py:150} INFO - [2026-09-17T09:36:22.414+0000] {dagbag.py:541} INFO - Filling up the DagBag from /workspaces/hands-on-introduction-data-engineering-4395021/airflow/dags/transform_dag.py
[2026-09-17T09:36:22.803+0000] {processor.py:836} INFO - DAG(s) dict_keys(['transform_dag']) retrieved from /workspaces/hands-on-introduction-data-engineering-4395021/airflow/dags/transform_dag.py
[2026-09-17T09:36:22.825+0000] {logging_mixin.py:150} INFO - [2026-09-17T09:36:22.825+0000] {dag.py:2742} INFO - Sync 1 DAGs
[2026-09-17T09:36:22.840+0000] {logging_mixin.py:150} INFO - [2026-09-17T09:36:22.840+0000] {dag.py:3504} INFO - Setting next_dagrun for transform_dag to None, run_after=None
[2026-09-17T09:36:22.865+0000] {processor.py:179} INFO - Processing /workspaces/hands-on-introduction-data-engineering-4395021/airflow/dags/transform_dag.py took 0.456 seconds
[2026-09-17T09:36:52.987+0000] {processor.py:157} INFO - Started process (PID=40744) to work on /workspaces/hands-on-introduction-data-engineering-4395021/airflow/dags/transform_dag.py
[2026-09-17T09:36:52.988+0000] {processor.py:826} INFO - Processing file /workspaces/hands-on-introduction-data-engineering-4395021/airflow/dags/transform_dag.py for tasks to queue
[2026-09-17T09:36:52.989+0000] {logging_mixin.py:150} INFO - [2026-09-17T09:36:52.989+0000] {dagbag.py:541} INFO - Filling up the DagBag from /workspaces/hands-on-introduction-data-engineering-4395021/airflow/dags/transform_dag.py
[2026-09-17T09:36:53.267+0000] {processor.py:836} INFO - DAG(s) dict_keys(['transform_dag']) retrieved from /workspaces/hands-on-introduction-data-engineering-4395021/airflow/dags/transform_dag.py
[2026-09-17T09:36:53.288+0000] {logging_mixin.py:150} INFO - [2026-09-17T09:36:53.288+0000] {dag.py:2742} INFO - Sync 1 DAGs
[2026-09-17T09:36:53.306+0000] {logging_mixin.py:150} INFO - [2026-09-17T09:36:53.306+0000] {dag.py:3504} INFO - Setting next_dagrun for transform_dag to None, run_after=None
[2026-09-17T09:36:53.327+0000] {processor.py:179} INFO - Processing /workspaces/hands-on-introduction-data-engineering-4395021/airflow/dags/transform_dag.py took 0.343 seconds
[2026-09-17T09:37:23.456+0000] {processor.py:157} INFO - Started process (PID=40953) to work on /workspaces/hands-on-introduction-data-engineering-4395021/airflow/dags/transform_dag.py
[2026-09-17T09:37:23.456+0000] {processor.py:826} INFO - Processing file /workspaces/hands-on-introduction-data-engineering-4395021/airflow/dags/transform_dag.py for tasks to queue
[2026-09-17T09:37:23.457+0000] {logging_mixin.py:150} INFO - [2026-09-17T09:37:23.457+0000] {dagbag.py:541} INFO - Filling up the DagBag from /workspaces/hands-on-introduction-data-engineering-4395021/airflow/dags/transform_dag.py
[2026-09-17T09:37:23.743+0000] {processor.py:836} INFO - DAG(s) dict_keys(['transform_dag']) retrieved from /workspaces/hands-on-introduction-data-engineering-4395021/airflow/dags/transform_dag.py
[2026-09-17T09:37:23.758+0000] {logging_mixin.py:150} INFO - [2026-09-17T09:37:23.758+0000] {dag.py:2742} INFO - Sync 1 DAGs
[2026-09-17T09:37:23.772+0000] {logging_mixin.py:150} INFO - [2026-09-17T09:37:23.772+0000] {dag.py:3504} INFO - Setting next_dagrun for transform_dag to None, run_after=None
[2026-09-17T09:37:23.787+0000] {processor.py:179} INFO - Processing /workspaces/hands-on-introduction-data-engineering-4395021/airflow/dags/transform_dag.py took 0.336 seconds
[2026-09-17T09:37:53.926+0000] {processor.py:157} INFO - Started process (PID=41151) to work on /workspaces/hands-on-introduction-data-engineering-4395021/airflow/dags/transform_dag.py
[2026-09-17T09:37:53.927+0000] {processor.py:826} INFO - Processing file /workspaces/hands-on-introduction-data-engineering-4395021/airflow/dags/transform_dag.py for tasks to queue
[2026-09-17T09:37:53.927+0000] {logging_mixin.py:150} INFO - [2026-09-17T09:37:53.927+0000] {dagbag.py:541} INFO - Filling up the DagBag from /workspaces/hands-on-introduction-data-engineering-4395021/airflow/dags/transform_dag.py
[2026-09-17T09:37:54.218+0000] {processor.py:836} INFO - DAG(s) dict_keys(['transform_dag']) retrieved from /workspaces/hands-on-introduction-data-engineering-4395021/airflow/dags/transform_dag.py
[2026-09-17T09:37:54.236+0000] {logging_mixin.py:150} INFO - [2026-09-17T09:37:54.235+0000] {dag.py:2742} INFO - Sync 1 DAGs
[2026-09-17T09:37:54.250+0000] {logging_mixin.py:150} INFO - [2026-09-17T09:37:54.250+0000] {dag.py:3504} INFO - Setting next_dagrun for transform_dag to None, run_after=None
[2026-09-17T09:37:54.265+0000] {processor.py:179} INFO - Processing /workspaces/hands-on-introduction-data-engineering-4395021/airflow/dags/transform_dag.py took 0.343 seconds
[2026-09-17T09:38:24.388+0000] {processor.py:157} INFO - Started process (PID=41362) to work on /workspaces/hands-on-introduction-data-engineering-4395021/airflow/dags/transform_dag.py
[2026-09-17T09:38:24.389+0000] {processor.py:826} INFO - Processing file /workspaces/hands-on-introduction-data-engineering-4395021/airflow/dags/transform_dag.py for tasks to queue
[2026-09-17T09:38:24.390+0000] {logging_mixin.py:150} INFO - [2026-09-17T09:38:24.390+0000] {dagbag.py:541} INFO - Filling up the DagBag from /workspaces/hands-on-introduction-data-engineering-4395021/airflow/dags/transform_dag.py
[2026-09-17T09:38:24.677+0000] {processor.py:836} INFO - DAG(s) dict_keys(['transform_dag']) retrieved from /workspaces/hands-on-introduction-data-engineering-4395021/airflow/dags/transform_dag.py
[2026-09-17T09:38:24.692+0000] {logging_mixin.py:150} INFO - [2026-09-17T09:38:24.692+0000] {dag.py:2742} INFO - Sync 1 DAGs
[2026-09-17T09:38:24.708+0000] {logging_mixin.py:150} INFO - [2026-09-17T09:38:24.708+0000] {dag.py:3504} INFO - Setting next_dagrun for transform_dag to None, run_after=None
[2026-09-17T09:38:24.729+0000] {processor.py:179} INFO - Processing /workspaces/hands-on-introduction-data-engineering-4395021/airflow/dags/transform_dag.py took 0.345 seconds
[2026-09-17T09:38:54.856+0000] {processor.py:157} INFO - Started process (PID=41562) to work on /workspaces/hands-on-introduction-data-engineering-4395021/airflow/dags/transform_dag.py
[2026-09-17T09:38:54.857+0000] {processor.py:826} INFO - Processing file /workspaces/hands-on-introduction-data-engineering-4395021/airflow/dags/transform_dag.py for tasks to queue
[2026-09-17T09:38:54.858+0000] {logging_mixin.py:150} INFO - [2026-09-17T09:38:54.857+0000] {dagbag.py:541} INFO - Filling up the DagBag from /workspaces/hands-on-introduction-data-engineering-4395021/airflow/dags/transform_dag.py
[2026-09-17T09:38:55.191+0000] {processor.py:836} INFO - DAG(s) dict_keys(['transform_dag']) retrieved from /workspaces/hands-on-introduction-data-engineering-4395021/airflow/dags/transform_dag.py
[2026-09-17T09:38:55.209+0000] {logging_mixin.py:150} INFO - [2026-09-17T09:38:55.208+0000] {dag.py:2742} INFO - Sync 1 DAGs
[2026-09-17T09:38:55.227+0000] {logging_mixin.py:150} INFO - [2026-09-17T09:38:55.227+0000] {dag.py:3504} INFO - Setting next_dagrun for transform_dag to None, run_after=None
[2026-09-17T09:38:55.251+0000] {processor.py:179} INFO - Processing /workspaces/hands-on-introduction-data-engineering-4395021/airflow/dags/transform_dag.py took 0.399 seconds
[2026-09-17T09:39:25.344+0000] {processor.py:157} INFO - Started process (PID=41771) to work on /workspaces/hands-on-introduction-data-engineering-4395021/airflow/dags/transform_dag.py
[2026-09-17T09:39:25.345+0000] {processor.py:826} INFO - Processing file /workspaces/hands-on-introduction-data-engineering-4395021/airflow/dags/transform_dag.py for tasks to queue
[2026-09-17T09:39:25.346+0000] {logging_mixin.py:150} INFO - [2026-09-17T09:39:25.345+0000] {dagbag.py:541} INFO - Filling up the DagBag from /workspaces/hands-on-introduction-data-engineering-4395021/airflow/dags/transform_dag.py
[2026-09-17T09:39:25.649+0000] {processor.py:836} INFO - DAG(s) dict_keys(['transform_dag']) retrieved from /workspaces/hands-on-introduction-data-engineering-4395021/airflow/dags/transform_dag.py
[2026-09-17T09:39:25.664+0000] {logging_mixin.py:150} INFO - [2026-09-17T09:39:25.664+0000] {dag.py:2742} INFO - Sync 1 DAGs
[2026-09-17T09:39:25.679+0000] {logging_mixin.py:150} INFO - [2026-09-17T09:39:25.679+0000] {dag.py:3504} INFO - Setting next_dagrun for transform_dag to None, run_after=None
[2026-09-17T09:39:25.694+0000] {processor.py:179} INFO - Processing /workspaces/hands-on-introduction-data-engineering-4395021/airflow/dags/transform_dag.py took 0.353 seconds
[2026-09-17T09:39:55.827+0000] {processor.py:157} INFO - Started process (PID=41942) to work on /workspaces/hands-on-introduction-data-engineering-4395021/airflow/dags/transform_dag.py
[2026-09-17T09:39:55.828+0000] {processor.py:826} INFO - Processing file /workspaces/hands-on-introduction-data-engineering-4395021/airflow/dags/transform_dag.py for tasks to queue
[2026-09-17T09:39:55.829+0000] {logging_mixin.py:150} INFO - [2026-09-17T09:39:55.828+0000] {dagbag.py:541} INFO - Filling up the DagBag from /workspaces/hands-on-introduction-data-engineering-4395021/airflow/dags/transform_dag.py
[2026-09-17T09:39:56.124+0000] {processor.py:836} INFO - DAG(s) dict_keys(['transform_dag']) retrieved from /workspaces/hands-on-introduction-data-engineering-4395021/airflow/dags/transform_dag.py
[2026-09-17T09:39:56.141+0000] {logging_mixin.py:150} INFO - [2026-09-17T09:39:56.140+0000] {dag.py:2742} INFO - Sync 1 DAGs
[2026-09-17T09:39:56.156+0000] {logging_mixin.py:150} INFO - [2026-09-17T09:39:56.156+0000] {dag.py:3504} INFO - Setting next_dagrun for transform_dag to None, run_after=None
[2026-09-17T09:39:56.173+0000] {processor.py:179} INFO - Processing /workspaces/hands-on-introduction-data-engineering-4395021/airflow/dags/transform_dag.py took 0.352 seconds
[2026-09-17T09:40:26.284+0000] {processor.py:157} INFO - Started process (PID=42117) to work on /workspaces/hands-on-introduction-data-engineering-4395021/airflow/dags/transform_dag.py
[2026-09-17T09:40:26.285+0000] {processor.py:826} INFO - Processing file /workspaces/hands-on-introduction-data-engineering-4395021/airflow/dags/transform_dag.py for tasks to queue
[2026-09-17T09:40:26.286+0000] {logging_mixin.py:150} INFO - [2026-09-17T09:40:26.285+0000] {dagbag.py:541} INFO - Filling up the DagBag from /workspaces/hands-on-introduction-data-engineering-4395021/airflow/dags/transform_dag.py
[2026-09-17T09:40:26.629+0000] {processor.py:836} INFO - DAG(s) dict_keys(['transform_dag']) retrieved from /workspaces/hands-on-introduction-data-engineering-4395021/airflow/dags/transform_dag.py
[2026-09-17T09:40:26.649+0000] {logging_mixin.py:150} INFO - [2026-09-17T09:40:26.649+0000] {dag.py:2742} INFO - Sync 1 DAGs
[2026-09-17T09:40:26.663+0000] {logging_mixin.py:150} INFO - [2026-09-17T09:40:26.663+0000] {dag.py:3504} INFO - Setting next_dagrun for transform_dag to None, run_after=None
[2026-09-17T09:40:26.679+0000] {processor.py:179} INFO - Processing /workspaces/hands-on-introduction-data-engineering-4395021/airflow/dags/transform_dag.py took 0.397 seconds
[2026-09-17T09:40:56.754+0000] {processor.py:157} INFO - Started process (PID=42297) to work on /workspaces/hands-on-introduction-data-engineering-4395021/airflow/dags/transform_dag.py
[2026-09-17T09:40:56.755+0000] {processor.py:826} INFO - Processing file /workspaces/hands-on-introduction-data-engineering-4395021/airflow/dags/transform_dag.py for tasks to queue
[2026-09-17T09:40:56.756+0000] {logging_mixin.py:150} INFO - [2026-09-17T09:40:56.756+0000] {dagbag.py:541} INFO - Filling up the DagBag from /workspaces/hands-on-introduction-data-engineering-4395021/airflow/dags/transform_dag.py
[2026-09-17T09:40:57.070+0000] {processor.py:836} INFO - DAG(s) dict_keys(['transform_dag']) retrieved from /workspaces/hands-on-introduction-data-engineering-4395021/airflow/dags/transform_dag.py
[2026-09-17T09:40:57.086+0000] {logging_mixin.py:150} INFO - [2026-09-17T09:40:57.085+0000] {dag.py:2742} INFO - Sync 1 DAGs
[2026-09-17T09:40:57.099+0000] {logging_mixin.py:150} INFO - [2026-09-17T09:40:57.099+0000] {dag.py:3504} INFO - Setting next_dagrun for transform_dag to None, run_after=None
[2026-09-17T09:40:57.130+0000] {processor.py:179} INFO - Processing /workspaces/hands-on-introduction-data-engineering-4395021/airflow/dags/transform_dag.py took 0.378 seconds
[2026-09-17T09:41:27.193+0000] {processor.py:157} INFO - Started process (PID=42479) to work on /workspaces/hands-on-introduction-data-engineering-4395021/airflow/dags/transform_dag.py
[2026-09-17T09:41:27.194+0000] {processor.py:826} INFO - Processing file /workspaces/hands-on-introduction-data-engineering-4395021/airflow/dags/transform_dag.py for tasks to queue
[2026-09-17T09:41:27.195+0000] {logging_mixin.py:150} INFO - [2026-09-17T09:41:27.194+0000] {dagbag.py:541} INFO - Filling up the DagBag from /workspaces/hands-on-introduction-data-engineering-4395021/airflow/dags/transform_dag.py
[2026-09-17T09:41:27.487+0000] {processor.py:836} INFO - DAG(s) dict_keys(['transform_dag']) retrieved from /workspaces/hands-on-introduction-data-engineering-4395021/airflow/dags/transform_dag.py
[2026-09-17T09:41:27.505+0000] {logging_mixin.py:150} INFO - [2026-09-17T09:41:27.504+0000] {dag.py:2742} INFO - Sync 1 DAGs
[2026-09-17T09:41:27.524+0000] {logging_mixin.py:150} INFO - [2026-09-17T09:41:27.524+0000] {dag.py:3504} INFO - Setting next_dagrun for transform_dag to None, run_after=None
[2026-09-17T09:41:27.540+0000] {processor.py:179} INFO - Processing /workspaces/hands-on-introduction-data-engineering-4395021/airflow/dags/transform_dag.py took 0.351 seconds
[2026-09-17T09:41:57.658+0000] {processor.py:157} INFO - Started process (PID=42668) to work on /workspaces/hands-on-introduction-data-engineering-4395021/airflow/dags/transform_dag.py
[2026-09-17T09:41:57.659+0000] {processor.py:826} INFO - Processing file /workspaces/hands-on-introduction-data-engineering-4395021/airflow/dags/transform_dag.py for tasks to queue
[2026-09-17T09:41:57.659+0000] {logging_mixin.py:150} INFO - [2026-09-17T09:41:57.659+0000] {dagbag.py:541} INFO - Filling up the DagBag from /workspaces/hands-on-introduction-data-engineering-4395021/airflow/dags/transform_dag.py
[2026-09-17T09:41:57.987+0000] {processor.py:836} INFO - DAG(s) dict_keys(['transform_dag']) retrieved from /workspaces/hands-on-introduction-data-engineering-4395021/airflow/dags/transform_dag.py
[2026-09-17T09:41:58.005+0000] {logging_mixin.py:150} INFO - [2026-09-17T09:41:58.004+0000] {dag.py:2742} INFO - Sync 1 DAGs
[2026-09-17T09:41:58.024+0000] {logging_mixin.py:150} INFO - [2026-09-17T09:41:58.024+0000] {dag.py:3504} INFO - Setting next_dagrun for transform_dag to None, run_after=None
[2026-09-17T09:41:58.042+0000] {processor.py:179} INFO - Processing /workspaces/hands-on-introduction-data-engineering-4395021/airflow/dags/transform_dag.py took 0.387 seconds
[2026-09-17T09:42:28.125+0000] {processor.py:157} INFO - Started process (PID=42842) to work on /workspaces/hands-on-introduction-data-engineering-4395021/airflow/dags/transform_dag.py
[2026-09-17T09:42:28.126+0000] {processor.py:826} INFO - Processing file /workspaces/hands-on-introduction-data-engineering-4395021/airflow/dags/transform_dag.py for tasks to queue
[2026-09-17T09:42:28.127+0000] {logging_mixin.py:150} INFO - [2026-09-17T09:42:28.126+0000] {dagbag.py:541} INFO - Filling up the DagBag from /workspaces/hands-on-introduction-data-engineering-4395021/airflow/dags/transform_dag.py
[2026-09-17T09:42:28.410+0000] {processor.py:836} INFO - DAG(s) dict_keys(['transform_dag']) retrieved from /workspaces/hands-on-introduction-data-engineering-4395021/airflow/dags/transform_dag.py
[2026-09-17T09:42:28.428+0000] {logging_mixin.py:150} INFO - [2026-09-17T09:42:28.428+0000] {dag.py:2742} INFO - Sync 1 DAGs
[2026-09-17T09:42:28.444+0000] {logging_mixin.py:150} INFO - [2026-09-17T09:42:28.444+0000] {dag.py:3504} INFO - Setting next_dagrun for transform_dag to None, run_after=None
[2026-09-17T09:42:28.461+0000] {processor.py:179} INFO - Processing /workspaces/hands-on-introduction-data-engineering-4395021/airflow/dags/transform_dag.py took 0.338 seconds
[2026-09-17T09:42:58.594+0000] {processor.py:157} INFO - Started process (PID=43022) to work on /workspaces/hands-on-introduction-data-engineering-4395021/airflow/dags/transform_dag.py
[2026-09-17T09:42:58.595+0000] {processor.py:826} INFO - Processing file /workspaces/hands-on-introduction-data-engineering-4395021/airflow/dags/transform_dag.py for tasks to queue
[2026-09-17T09:42:58.596+0000] {logging_mixin.py:150} INFO - [2026-09-17T09:42:58.595+0000] {dagbag.py:541} INFO - Filling up the DagBag from /workspaces/hands-on-introduction-data-engineering-4395021/airflow/dags/transform_dag.py
[2026-09-17T09:42:58.885+0000] {processor.py:836} INFO - DAG(s) dict_keys(['transform_dag']) retrieved from /workspaces/hands-on-introduction-data-engineering-4395021/airflow/dags/transform_dag.py
[2026-09-17T09:42:58.901+0000] {logging_mixin.py:150} INFO - [2026-09-17T09:42:58.901+0000] {dag.py:2742} INFO - Sync 1 DAGs
[2026-09-17T09:42:58.921+0000] {logging_mixin.py:150} INFO - [2026-09-17T09:42:58.921+0000] {dag.py:3504} INFO - Setting next_dagrun for transform_dag to None, run_after=None
[2026-09-17T09:42:58.938+0000] {processor.py:179} INFO - Processing /workspaces/hands-on-introduction-data-engineering-4395021/airflow/dags/transform_dag.py took 0.347 seconds
[2026-09-17T09:43:29.043+0000] {processor.py:157} INFO - Started process (PID=43190) to work on /workspaces/hands-on-introduction-data-engineering-4395021/airflow/dags/transform_dag.py
[2026-09-17T09:43:29.043+0000] {processor.py:826} INFO - Processing file /workspaces/hands-on-introduction-data-engineering-4395021/airflow/dags/transform_dag.py for tasks to queue
[2026-09-17T09:43:29.044+0000] {logging_mixin.py:150} INFO - [2026-09-17T09:43:29.044+0000] {dagbag.py:541} INFO - Filling up the DagBag from /workspaces/hands-on-introduction-data-engineering-4395021/airflow/dags/transform_dag.py
[2026-09-17T09:43:29.343+0000] {processor.py:836} INFO - DAG(s) dict_keys(['transform_dag']) retrieved from /workspaces/hands-on-introduction-data-engineering-4395021/airflow/dags/transform_dag.py
[2026-09-17T09:43:29.367+0000] {logging_mixin.py:150} INFO - [2026-09-17T09:43:29.366+0000] {dag.py:2742} INFO - Sync 1 DAGs
[2026-09-17T09:43:29.389+0000] {logging_mixin.py:150} INFO - [2026-09-17T09:43:29.389+0000] {dag.py:3504} INFO - Setting next_dagrun for transform_dag to None, run_after=None
[2026-09-17T09:43:29.408+0000] {processor.py:179} INFO - Processing /workspaces/hands-on-introduction-data-engineering-4395021/airflow/dags/transform_dag.py took 0.368 seconds
[2026-09-17T09:43:59.514+0000] {processor.py:157} INFO - Started process (PID=43368) to work on /workspaces/hands-on-introduction-data-engineering-4395021/airflow/dags/transform_dag.py
[2026-09-17T09:43:59.515+0000] {processor.py:826} INFO - Processing file /workspaces/hands-on-introduction-data-engineering-4395021/airflow/dags/transform_dag.py for tasks to queue
[2026-09-17T09:43:59.516+0000] {logging_mixin.py:150} INFO - [2026-09-17T09:43:59.516+0000] {dagbag.py:541} INFO - Filling up the DagBag from /workspaces/hands-on-introduction-data-engineering-4395021/airflow/dags/transform_dag.py
[2026-09-17T09:43:59.817+0000] {processor.py:836} INFO - DAG(s) dict_keys(['transform_dag']) retrieved from /workspaces/hands-on-introduction-data-engineering-4395021/airflow/dags/transform_dag.py
[2026-09-17T09:43:59.834+0000] {logging_mixin.py:150} INFO - [2026-09-17T09:43:59.833+0000] {dag.py:2742} INFO - Sync 1 DAGs
[2026-09-17T09:43:59.850+0000] {logging_mixin.py:150} INFO - [2026-09-17T09:43:59.849+0000] {dag.py:3504} INFO - Setting next_dagrun for transform_dag to None, run_after=None
[2026-09-17T09:43:59.866+0000] {processor.py:179} INFO - Processing /workspaces/hands-on-introduction-data-engineering-4395021/airflow/dags/transform_dag.py took 0.356 seconds
[2026-09-17T09:44:29.981+0000] {processor.py:157} INFO - Started process (PID=43543) to work on /workspaces/hands-on-introduction-data-engineering-4395021/airflow/dags/transform_dag.py
[2026-09-17T09:44:29.982+0000] {processor.py:826} INFO - Processing file /workspaces/hands-on-introduction-data-engineering-4395021/airflow/dags/transform_dag.py for tasks to queue
[2026-09-17T09:44:29.983+0000] {logging_mixin.py:150} INFO - [2026-09-17T09:44:29.982+0000] {dagbag.py:541} INFO - Filling up the DagBag from /workspaces/hands-on-introduction-data-engineering-4395021/airflow/dags/transform_dag.py
[2026-09-17T09:44:30.269+0000] {processor.py:836} INFO - DAG(s) dict_keys(['transform_dag']) retrieved from /workspaces/hands-on-introduction-data-engineering-4395021/airflow/dags/transform_dag.py
[2026-09-17T09:44:30.287+0000] {logging_mixin.py:150} INFO - [2026-09-17T09:44:30.287+0000] {dag.py:2742} INFO - Sync 1 DAGs
[2026-09-17T09:44:30.304+0000] {logging_mixin.py:150} INFO - [2026-09-17T09:44:30.303+0000] {dag.py:3504} INFO - Setting next_dagrun for transform_dag to None, run_after=None
[2026-09-17T09:44:30.324+0000] {processor.py:179} INFO - Processing /workspaces/hands-on-introduction-data-engineering-4395021/airflow/dags/transform_dag.py took 0.345 seconds
[2026-09-17T09:45:00.451+0000] {processor.py:157} INFO - Started process (PID=43714) to work on /workspaces/hands-on-introduction-data-engineering-4395021/airflow/dags/transform_dag.py
[2026-09-17T09:45:00.452+0000] {processor.py:826} INFO - Processing file /workspaces/hands-on-introduction-data-engineering-4395021/airflow/dags/transform_dag.py for tasks to queue
[2026-09-17T09:45:00.453+0000] {logging_mixin.py:150} INFO - [2026-09-17T09:45:00.453+0000] {dagbag.py:541} INFO - Filling up the DagBag from /workspaces/hands-on-introduction-data-engineering-4395021/airflow/dags/transform_dag.py
[2026-09-17T09:45:00.779+0000] {processor.py:836} INFO - DAG(s) dict_keys(['transform_dag']) retrieved from /workspaces/hands-on-introduction-data-engineering-4395021/airflow/dags/transform_dag.py
[2026-09-17T09:45:00.796+0000] {logging_mixin.py:150} INFO - [2026-09-17T09:45:00.796+0000] {dag.py:2742} INFO - Sync 1 DAGs
[2026-09-17T09:45:00.818+0000] {logging_mixin.py:150} INFO - [2026-09-17T09:45:00.818+0000] {dag.py:3504} INFO - Setting next_dagrun for transform_dag to None, run_after=None
[2026-09-17T09:45:00.853+0000] {processor.py:179} INFO - Processing /workspaces/hands-on-introduction-data-engineering-4395021/airflow/dags/transform_dag.py took 0.405 seconds
[2026-09-17T09:45:31.025+0000] {processor.py:157} INFO - Started process (PID=43889) to work on /workspaces/hands-on-introduction-data-engineering-4395021/airflow/dags/transform_dag.py
[2026-09-17T09:45:31.026+0000] {processor.py:826} INFO - Processing file /workspaces/hands-on-introduction-data-engineering-4395021/airflow/dags/transform_dag.py for tasks to queue
[2026-09-17T09:45:31.026+0000] {logging_mixin.py:150} INFO - [2026-09-17T09:45:31.026+0000] {dagbag.py:541} INFO - Filling up the DagBag from /workspaces/hands-on-introduction-data-engineering-4395021/airflow/dags/transform_dag.py
[2026-09-17T09:45:31.361+0000] {processor.py:836} INFO - DAG(s) dict_keys(['transform_dag']) retrieved from /workspaces/hands-on-introduction-data-engineering-4395021/airflow/dags/transform_dag.py
[2026-09-17T09:45:31.378+0000] {logging_mixin.py:150} INFO - [2026-09-17T09:45:31.378+0000] {dag.py:2742} INFO - Sync 1 DAGs
[2026-09-17T09:45:31.396+0000] {logging_mixin.py:150} INFO - [2026-09-17T09:45:31.396+0000] {dag.py:3504} INFO - Setting next_dagrun for transform_dag to None, run_after=None
[2026-09-17T09:45:31.427+0000] {processor.py:179} INFO - Processing /workspaces/hands-on-introduction-data-engineering-4395021/airflow/dags/transform_dag.py took 0.405 seconds
[2026-09-17T09:46:01.597+0000] {processor.py:157} INFO - Started process (PID=44068) to work on /workspaces/hands-on-introduction-data-engineering-4395021/airflow/dags/transform_dag.py
[2026-09-17T09:46:01.597+0000] {processor.py:826} INFO - Processing file /workspaces/hands-on-introduction-data-engineering-4395021/airflow/dags/transform_dag.py for tasks to queue
[2026-09-17T09:46:01.598+0000] {logging_mixin.py:150} INFO - [2026-09-17T09:46:01.598+0000] {dagbag.py:541} INFO - Filling up the DagBag from /workspaces/hands-on-introduction-data-engineering-4395021/airflow/dags/transform_dag.py
[2026-09-17T09:46:01.887+0000] {processor.py:836} INFO - DAG(s) dict_keys(['transform_dag']) retrieved from /workspaces/hands-on-introduction-data-engineering-4395021/airflow/dags/transform_dag.py
[2026-09-17T09:46:01.904+0000] {logging_mixin.py:150} INFO - [2026-09-17T09:46:01.903+0000] {dag.py:2742} INFO - Sync 1 DAGs
[2026-09-17T09:46:01.922+0000] {logging_mixin.py:150} INFO - [2026-09-17T09:46:01.922+0000] {dag.py:3504} INFO - Setting next_dagrun for transform_dag to None, run_after=None
[2026-09-17T09:46:01.939+0000] {processor.py:179} INFO - Processing /workspaces/hands-on-introduction-data-engineering-4395021/airflow/dags/transform_dag.py took 0.346 seconds
[2026-09-17T09:46:32.067+0000] {processor.py:157} INFO - Started process (PID=44264) to work on /workspaces/hands-on-introduction-data-engineering-4395021/airflow/dags/transform_dag.py
[2026-09-17T09:46:32.067+0000] {processor.py:826} INFO - Processing file /workspaces/hands-on-introduction-data-engineering-4395021/airflow/dags/transform_dag.py for tasks to queue
[2026-09-17T09:46:32.068+0000] {logging_mixin.py:150} INFO - [2026-09-17T09:46:32.068+0000] {dagbag.py:541} INFO - Filling up the DagBag from /workspaces/hands-on-introduction-data-engineering-4395021/airflow/dags/transform_dag.py
[2026-09-17T09:46:32.395+0000] {processor.py:836} INFO - DAG(s) dict_keys(['transform_dag']) retrieved from /workspaces/hands-on-introduction-data-engineering-4395021/airflow/dags/transform_dag.py
[2026-09-17T09:46:32.411+0000] {logging_mixin.py:150} INFO - [2026-09-17T09:46:32.410+0000] {dag.py:2742} INFO - Sync 1 DAGs
[2026-09-17T09:46:32.425+0000] {logging_mixin.py:150} INFO - [2026-09-17T09:46:32.424+0000] {dag.py:3504} INFO - Setting next_dagrun for transform_dag to None, run_after=None
[2026-09-17T09:46:32.441+0000] {processor.py:179} INFO - Processing /workspaces/hands-on-introduction-data-engineering-4395021/airflow/dags/transform_dag.py took 0.378 seconds
[2026-09-17T09:47:02.534+0000] {processor.py:157} INFO - Started process (PID=44436) to work on /workspaces/hands-on-introduction-data-engineering-4395021/airflow/dags/transform_dag.py
[2026-09-17T09:47:02.535+0000] {processor.py:826} INFO - Processing file /workspaces/hands-on-introduction-data-engineering-4395021/airflow/dags/transform_dag.py for tasks to queue
[2026-09-17T09:47:02.535+0000] {logging_mixin.py:150} INFO - [2026-09-17T09:47:02.535+0000] {dagbag.py:541} INFO - Filling up the DagBag from /workspaces/hands-on-introduction-data-engineering-4395021/airflow/dags/transform_dag.py
[2026-09-17T09:47:02.810+0000] {processor.py:836} INFO - DAG(s) dict_keys(['transform_dag']) retrieved from /workspaces/hands-on-introduction-data-engineering-4395021/airflow/dags/transform_dag.py
[2026-09-17T09:47:02.827+0000] {logging_mixin.py:150} INFO - [2026-09-17T09:47:02.827+0000] {dag.py:2742} INFO - Sync 1 DAGs
[2026-09-17T09:47:02.842+0000] {logging_mixin.py:150} INFO - [2026-09-17T09:47:02.842+0000] {dag.py:3504} INFO - Setting next_dagrun for transform_dag to None, run_after=None
[2026-09-17T09:47:02.858+0000] {processor.py:179} INFO - Processing /workspaces/hands-on-introduction-data-engineering-4395021/airflow/dags/transform_dag.py took 0.327 seconds
[2026-09-17T09:47:33.007+0000] {processor.py:157} INFO - Started process (PID=44615) to work on /workspaces/hands-on-introduction-data-engineering-4395021/airflow/dags/transform_dag.py
[2026-09-17T09:47:33.008+0000] {processor.py:826} INFO - Processing file /workspaces/hands-on-introduction-data-engineering-4395021/airflow/dags/transform_dag.py for tasks to queue
[2026-09-17T09:47:33.008+0000] {logging_mixin.py:150} INFO - [2026-09-17T09:47:33.008+0000] {dagbag.py:541} INFO - Filling up the DagBag from /workspaces/hands-on-introduction-data-engineering-4395021/airflow/dags/transform_dag.py
[2026-09-17T09:47:33.287+0000] {processor.py:836} INFO - DAG(s) dict_keys(['transform_dag']) retrieved from /workspaces/hands-on-introduction-data-engineering-4395021/airflow/dags/transform_dag.py
[2026-09-17T09:47:33.303+0000] {logging_mixin.py:150} INFO - [2026-09-17T09:47:33.303+0000] {dag.py:2742} INFO - Sync 1 DAGs
[2026-09-17T09:47:33.322+0000] {logging_mixin.py:150} INFO - [2026-09-17T09:47:33.322+0000] {dag.py:3504} INFO - Setting next_dagrun for transform_dag to None, run_after=None
[2026-09-17T09:47:33.342+0000] {processor.py:179} INFO - Processing /workspaces/hands-on-introduction-data-engineering-4395021/airflow/dags/transform_dag.py took 0.338 seconds
[2026-09-17T09:48:03.476+0000] {processor.py:157} INFO - Started process (PID=44784) to work on /workspaces/hands-on-introduction-data-engineering-4395021/airflow/dags/transform_dag.py
[2026-09-17T09:48:03.477+0000] {processor.py:826} INFO - Processing file /workspaces/hands-on-introduction-data-engineering-4395021/airflow/dags/transform_dag.py for tasks to queue
[2026-09-17T09:48:03.478+0000] {logging_mixin.py:150} INFO - [2026-09-17T09:48:03.478+0000] {dagbag.py:541} INFO - Filling up the DagBag from /workspaces/hands-on-introduction-data-engineering-4395021/airflow/dags/transform_dag.py
[2026-09-17T09:48:03.788+0000] {processor.py:836} INFO - DAG(s) dict_keys(['transform_dag']) retrieved from /workspaces/hands-on-introduction-data-engineering-4395021/airflow/dags/transform_dag.py
[2026-09-17T09:48:03.804+0000] {logging_mixin.py:150} INFO - [2026-09-17T09:48:03.804+0000] {dag.py:2742} INFO - Sync 1 DAGs
[2026-09-17T09:48:03.823+0000] {logging_mixin.py:150} INFO - [2026-09-17T09:48:03.823+0000] {dag.py:3504} INFO - Setting next_dagrun for transform_dag to None, run_after=None
[2026-09-17T09:48:03.839+0000] {processor.py:179} INFO - Processing /workspaces/hands-on-introduction-data-engineering-4395021/airflow/dags/transform_dag.py took 0.366 seconds
[2026-09-17T09:48:33.944+0000] {processor.py:157} INFO - Started process (PID=44965) to work on /workspaces/hands-on-introduction-data-engineering-4395021/airflow/dags/transform_dag.py
[2026-09-17T09:48:33.945+0000] {processor.py:826} INFO - Processing file /workspaces/hands-on-introduction-data-engineering-4395021/airflow/dags/transform_dag.py for tasks to queue
[2026-09-17T09:48:33.947+0000] {logging_mixin.py:150} INFO - [2026-09-17T09:48:33.946+0000] {dagbag.py:541} INFO - Filling up the DagBag from /workspaces/hands-on-introduction-data-engineering-4395021/airflow/dags/transform_dag.py
[2026-09-17T09:48:34.226+0000] {processor.py:836} INFO - DAG(s) dict_keys(['transform_dag']) retrieved from /workspaces/hands-on-introduction-data-engineering-4395021/airflow/dags/transform_dag.py
[2026-09-17T09:48:34.244+0000] {logging_mixin.py:150} INFO - [2026-09-17T09:48:34.243+0000] {dag.py:2742} INFO - Sync 1 DAGs
[2026-09-17T09:48:34.261+0000] {logging_mixin.py:150} INFO - [2026-09-17T09:48:34.261+0000] {dag.py:3504} INFO - Setting next_dagrun for transform_dag to None, run_after=None
[2026-09-17T09:48:34.277+0000] {processor.py:179} INFO - Processing /workspaces/hands-on-introduction-data-engineering-4395021/airflow/dags/transform_dag.py took 0.335 seconds
[2026-09-17T09:49:04.407+0000] {processor.py:157} INFO - Started process (PID=45138) to work on /workspaces/hands-on-introduction-data-engineering-4395021/airflow/dags/transform_dag.py
[2026-09-17T09:49:04.408+0000] {processor.py:826} INFO - Processing file /workspaces/hands-on-introduction-data-engineering-4395021/airflow/dags/transform_dag.py for tasks to queue
[2026-09-17T09:49:04.409+0000] {logging_mixin.py:150} INFO - [2026-09-17T09:49:04.408+0000] {dagbag.py:541} INFO - Filling up the DagBag from /workspaces/hands-on-introduction-data-engineering-4395021/airflow/dags/transform_dag.py
[2026-09-17T09:49:04.683+0000] {processor.py:836} INFO - DAG(s) dict_keys(['transform_dag']) retrieved from /workspaces/hands-on-introduction-data-engineering-4395021/airflow/dags/transform_dag.py
[2026-09-17T09:49:04.700+0000] {logging_mixin.py:150} INFO - [2026-09-17T09:49:04.699+0000] {dag.py:2742} INFO - Sync 1 DAGs
[2026-09-17T09:49:04.719+0000] {logging_mixin.py:150} INFO - [2026-09-17T09:49:04.719+0000] {dag.py:3504} INFO - Setting next_dagrun for transform_dag to None, run_after=None
[2026-09-17T09:49:04.735+0000] {processor.py:179} INFO - Processing /workspaces/hands-on-introduction-data-engineering-4395021/airflow/dags/transform_dag.py took 0.331 seconds
[2026-09-17T09:49:34.880+0000] {processor.py:157} INFO - Started process (PID=45313) to work on /workspaces/hands-on-introduction-data-engineering-4395021/airflow/dags/transform_dag.py
[2026-09-17T09:49:34.881+0000] {processor.py:826} INFO - Processing file /workspaces/hands-on-introduction-data-engineering-4395021/airflow/dags/transform_dag.py for tasks to queue
[2026-09-17T09:49:34.882+0000] {logging_mixin.py:150} INFO - [2026-09-17T09:49:34.881+0000] {dagbag.py:541} INFO - Filling up the DagBag from /workspaces/hands-on-introduction-data-engineering-4395021/airflow/dags/transform_dag.py
[2026-09-17T09:49:35.170+0000] {processor.py:836} INFO - DAG(s) dict_keys(['transform_dag']) retrieved from /workspaces/hands-on-introduction-data-engineering-4395021/airflow/dags/transform_dag.py
[2026-09-17T09:49:35.185+0000] {logging_mixin.py:150} INFO - [2026-09-17T09:49:35.185+0000] {dag.py:2742} INFO - Sync 1 DAGs
[2026-09-17T09:49:35.199+0000] {logging_mixin.py:150} INFO - [2026-09-17T09:49:35.199+0000] {dag.py:3504} INFO - Setting next_dagrun for transform_dag to None, run_after=None
[2026-09-17T09:49:35.215+0000] {processor.py:179} INFO - Processing /workspaces/hands-on-introduction-data-engineering-4395021/airflow/dags/transform_dag.py took 0.339 seconds
[2026-09-17T09:50:05.346+0000] {processor.py:157} INFO - Started process (PID=45486) to work on /workspaces/hands-on-introduction-data-engineering-4395021/airflow/dags/transform_dag.py
[2026-09-17T09:50:05.347+0000] {processor.py:826} INFO - Processing file /workspaces/hands-on-introduction-data-engineering-4395021/airflow/dags/transform_dag.py for tasks to queue
[2026-09-17T09:50:05.347+0000] {logging_mixin.py:150} INFO - [2026-09-17T09:50:05.347+0000] {dagbag.py:541} INFO - Filling up the DagBag from /workspaces/hands-on-introduction-data-engineering-4395021/airflow/dags/transform_dag.py
[2026-09-17T09:50:05.645+0000] {processor.py:836} INFO - DAG(s) dict_keys(['transform_dag']) retrieved from /workspaces/hands-on-introduction-data-engineering-4395021/airflow/dags/transform_dag.py
[2026-09-17T09:50:05.670+0000] {logging_mixin.py:150} INFO - [2026-09-17T09:50:05.669+0000] {dag.py:2742} INFO - Sync 1 DAGs
[2026-09-17T09:50:05.691+0000] {logging_mixin.py:150} INFO - [2026-09-17T09:50:05.691+0000] {dag.py:3504} INFO - Setting next_dagrun for transform_dag to None, run_after=None
[2026-09-17T09:50:05.714+0000] {processor.py:179} INFO - Processing /workspaces/hands-on-introduction-data-engineering-4395021/airflow/dags/transform_dag.py took 0.370 seconds
[2026-09-17T09:50:35.821+0000] {processor.py:157} INFO - Started process (PID=45666) to work on /workspaces/hands-on-introduction-data-engineering-4395021/airflow/dags/transform_dag.py
[2026-09-17T09:50:35.822+0000] {processor.py:826} INFO - Processing file /workspaces/hands-on-introduction-data-engineering-4395021/airflow/dags/transform_dag.py for tasks to queue
[2026-09-17T09:50:35.823+0000] {logging_mixin.py:150} INFO - [2026-09-17T09:50:35.822+0000] {dagbag.py:541} INFO - Filling up the DagBag from /workspaces/hands-on-introduction-data-engineering-4395021/airflow/dags/transform_dag.py
[2026-09-17T09:50:36.094+0000] {processor.py:836} INFO - DAG(s) dict_keys(['transform_dag']) retrieved from /workspaces/hands-on-introduction-data-engineering-4395021/airflow/dags/transform_dag.py
[2026-09-17T09:50:36.112+0000] {logging_mixin.py:150} INFO - [2026-09-17T09:50:36.112+0000] {dag.py:2742} INFO - Sync 1 DAGs
[2026-09-17T09:50:36.129+0000] {logging_mixin.py:150} INFO - [2026-09-17T09:50:36.129+0000] {dag.py:3504} INFO - Setting next_dagrun for transform_dag to None, run_after=None
[2026-09-17T09:50:36.144+0000] {processor.py:179} INFO - Processing /workspaces/hands-on-introduction-data-engineering-4395021/airflow/dags/transform_dag.py took 0.326 seconds
[2026-09-17T09:51:06.283+0000] {processor.py:157} INFO - Started process (PID=45840) to work on /workspaces/hands-on-introduction-data-engineering-4395021/airflow/dags/transform_dag.py
[2026-09-17T09:51:06.284+0000] {processor.py:826} INFO - Processing file /workspaces/hands-on-introduction-data-engineering-4395021/airflow/dags/transform_dag.py for tasks to queue
[2026-09-17T09:51:06.285+0000] {logging_mixin.py:150} INFO - [2026-09-17T09:51:06.284+0000] {dagbag.py:541} INFO - Filling up the DagBag from /workspaces/hands-on-introduction-data-engineering-4395021/airflow/dags/transform_dag.py
[2026-09-17T09:51:06.639+0000] {processor.py:836} INFO - DAG(s) dict_keys(['transform_dag']) retrieved from /workspaces/hands-on-introduction-data-engineering-4395021/airflow/dags/transform_dag.py
[2026-09-17T09:51:06.654+0000] {logging_mixin.py:150} INFO - [2026-09-17T09:51:06.654+0000] {dag.py:2742} INFO - Sync 1 DAGs
[2026-09-17T09:51:06.670+0000] {logging_mixin.py:150} INFO - [2026-09-17T09:51:06.669+0000] {dag.py:3504} INFO - Setting next_dagrun for transform_dag to None, run_after=None
[2026-09-17T09:51:06.686+0000] {processor.py:179} INFO - Processing /workspaces/hands-on-introduction-data-engineering-4395021/airflow/dags/transform_dag.py took 0.406 seconds
[2026-09-17T09:51:36.849+0000] {processor.py:157} INFO - Started process (PID=46035) to work on /workspaces/hands-on-introduction-data-engineering-4395021/airflow/dags/transform_dag.py
[2026-09-17T09:51:36.850+0000] {processor.py:826} INFO - Processing file /workspaces/hands-on-introduction-data-engineering-4395021/airflow/dags/transform_dag.py for tasks to queue
[2026-09-17T09:51:36.850+0000] {logging_mixin.py:150} INFO - [2026-09-17T09:51:36.850+0000] {dagbag.py:541} INFO - Filling up the DagBag from /workspaces/hands-on-introduction-data-engineering-4395021/airflow/dags/transform_dag.py
[2026-09-17T09:51:37.141+0000] {processor.py:836} INFO - DAG(s) dict_keys(['transform_dag']) retrieved from /workspaces/hands-on-introduction-data-engineering-4395021/airflow/dags/transform_dag.py
[2026-09-17T09:51:37.156+0000] {logging_mixin.py:150} INFO - [2026-09-17T09:51:37.155+0000] {dag.py:2742} INFO - Sync 1 DAGs
[2026-09-17T09:51:37.171+0000] {logging_mixin.py:150} INFO - [2026-09-17T09:51:37.170+0000] {dag.py:3504} INFO - Setting next_dagrun for transform_dag to None, run_after=None
[2026-09-17T09:51:37.186+0000] {processor.py:179} INFO - Processing /workspaces/hands-on-introduction-data-engineering-4395021/airflow/dags/transform_dag.py took 0.339 seconds
[2026-09-17T09:52:07.316+0000] {processor.py:157} INFO - Started process (PID=46215) to work on /workspaces/hands-on-introduction-data-engineering-4395021/airflow/dags/transform_dag.py
[2026-09-17T09:52:07.319+0000] {processor.py:826} INFO - Processing file /workspaces/hands-on-introduction-data-engineering-4395021/airflow/dags/transform_dag.py for tasks to queue
[2026-09-17T09:52:07.320+0000] {logging_mixin.py:150} INFO - [2026-09-17T09:52:07.320+0000] {dagbag.py:541} INFO - Filling up the DagBag from /workspaces/hands-on-introduction-data-engineering-4395021/airflow/dags/transform_dag.py
[2026-09-17T09:52:07.593+0000] {processor.py:836} INFO - DAG(s) dict_keys(['transform_dag']) retrieved from /workspaces/hands-on-introduction-data-engineering-4395021/airflow/dags/transform_dag.py
[2026-09-17T09:52:07.616+0000] {logging_mixin.py:150} INFO - [2026-09-17T09:52:07.615+0000] {dag.py:2742} INFO - Sync 1 DAGs
[2026-09-17T09:52:07.638+0000] {logging_mixin.py:150} INFO - [2026-09-17T09:52:07.638+0000] {dag.py:3504} INFO - Setting next_dagrun for transform_dag to None, run_after=None
[2026-09-17T09:52:07.669+0000] {processor.py:179} INFO - Processing /workspaces/hands-on-introduction-data-engineering-4395021/airflow/dags/transform_dag.py took 0.357 seconds
[2026-09-17T09:52:37.788+0000] {processor.py:157} INFO - Started process (PID=46390) to work on /workspaces/hands-on-introduction-data-engineering-4395021/airflow/dags/transform_dag.py
[2026-09-17T09:52:37.789+0000] {processor.py:826} INFO - Processing file /workspaces/hands-on-introduction-data-engineering-4395021/airflow/dags/transform_dag.py for tasks to queue
[2026-09-17T09:52:37.791+0000] {logging_mixin.py:150} INFO - [2026-09-17T09:52:37.789+0000] {dagbag.py:541} INFO - Filling up the DagBag from /workspaces/hands-on-introduction-data-engineering-4395021/airflow/dags/transform_dag.py
[2026-09-17T09:52:38.095+0000] {processor.py:836} INFO - DAG(s) dict_keys(['transform_dag']) retrieved from /workspaces/hands-on-introduction-data-engineering-4395021/airflow/dags/transform_dag.py
[2026-09-17T09:52:38.112+0000] {logging_mixin.py:150} INFO - [2026-09-17T09:52:38.112+0000] {dag.py:2742} INFO - Sync 1 DAGs
[2026-09-17T09:52:38.126+0000] {logging_mixin.py:150} INFO - [2026-09-17T09:52:38.126+0000] {dag.py:3504} INFO - Setting next_dagrun for transform_dag to None, run_after=None
[2026-09-17T09:52:38.143+0000] {processor.py:179} INFO - Processing /workspaces/hands-on-introduction-data-engineering-4395021/airflow/dags/transform_dag.py took 0.359 seconds
[2026-09-17T09:53:08.250+0000] {processor.py:157} INFO - Started process (PID=46564) to work on /workspaces/hands-on-introduction-data-engineering-4395021/airflow/dags/transform_dag.py
[2026-09-17T09:53:08.251+0000] {processor.py:826} INFO - Processing file /workspaces/hands-on-introduction-data-engineering-4395021/airflow/dags/transform_dag.py for tasks to queue
[2026-09-17T09:53:08.252+0000] {logging_mixin.py:150} INFO - [2026-09-17T09:53:08.252+0000] {dagbag.py:541} INFO - Filling up the DagBag from /workspaces/hands-on-introduction-data-engineering-4395021/airflow/dags/transform_dag.py
[2026-09-17T09:53:08.526+0000] {processor.py:836} INFO - DAG(s) dict_keys(['transform_dag']) retrieved from /workspaces/hands-on-introduction-data-engineering-4395021/airflow/dags/transform_dag.py
[2026-09-17T09:53:08.542+0000] {logging_mixin.py:150} INFO - [2026-09-17T09:53:08.542+0000] {dag.py:2742} INFO - Sync 1 DAGs
[2026-09-17T09:53:08.557+0000] {logging_mixin.py:150} INFO - [2026-09-17T09:53:08.557+0000] {dag.py:3504} INFO - Setting next_dagrun for transform_dag to None, run_after=None
[2026-09-17T09:53:08.573+0000] {processor.py:179} INFO - Processing /workspaces/hands-on-introduction-data-engineering-4395021/airflow/dags/transform_dag.py took 0.325 seconds
[2026-09-17T09:53:38.720+0000] {processor.py:157} INFO - Started process (PID=46739) to work on /workspaces/hands-on-introduction-data-engineering-4395021/airflow/dags/transform_dag.py
[2026-09-17T09:53:38.721+0000] {processor.py:826} INFO - Processing file /workspaces/hands-on-introduction-data-engineering-4395021/airflow/dags/transform_dag.py for tasks to queue
[2026-09-17T09:53:38.721+0000] {logging_mixin.py:150} INFO - [2026-09-17T09:53:38.721+0000] {dagbag.py:541} INFO - Filling up the DagBag from /workspaces/hands-on-introduction-data-engineering-4395021/airflow/dags/transform_dag.py
[2026-09-17T09:53:38.994+0000] {processor.py:836} INFO - DAG(s) dict_keys(['transform_dag']) retrieved from /workspaces/hands-on-introduction-data-engineering-4395021/airflow/dags/transform_dag.py
[2026-09-17T09:53:39.013+0000] {logging_mixin.py:150} INFO - [2026-09-17T09:53:39.012+0000] {dag.py:2742} INFO - Sync 1 DAGs
[2026-09-17T09:53:39.029+0000] {logging_mixin.py:150} INFO - [2026-09-17T09:53:39.029+0000] {dag.py:3504} INFO - Setting next_dagrun for transform_dag to None, run_after=None
[2026-09-17T09:53:39.044+0000] {processor.py:179} INFO - Processing /workspaces/hands-on-introduction-data-engineering-4395021/airflow/dags/transform_dag.py took 0.328 seconds
[2026-09-17T09:54:09.185+0000] {processor.py:157} INFO - Started process (PID=46919) to work on /workspaces/hands-on-introduction-data-engineering-4395021/airflow/dags/transform_dag.py
[2026-09-17T09:54:09.186+0000] {processor.py:826} INFO - Processing file /workspaces/hands-on-introduction-data-engineering-4395021/airflow/dags/transform_dag.py for tasks to queue
[2026-09-17T09:54:09.186+0000] {logging_mixin.py:150} INFO - [2026-09-17T09:54:09.186+0000] {dagbag.py:541} INFO - Filling up the DagBag from /workspaces/hands-on-introduction-data-engineering-4395021/airflow/dags/transform_dag.py
[2026-09-17T09:54:09.462+0000] {processor.py:836} INFO - DAG(s) dict_keys(['transform_dag']) retrieved from /workspaces/hands-on-introduction-data-engineering-4395021/airflow/dags/transform_dag.py
[2026-09-17T09:54:09.477+0000] {logging_mixin.py:150} INFO - [2026-09-17T09:54:09.476+0000] {dag.py:2742} INFO - Sync 1 DAGs
[2026-09-17T09:54:09.491+0000] {logging_mixin.py:150} INFO - [2026-09-17T09:54:09.491+0000] {dag.py:3504} INFO - Setting next_dagrun for transform_dag to None, run_after=None
[2026-09-17T09:54:09.509+0000] {processor.py:179} INFO - Processing /workspaces/hands-on-introduction-data-engineering-4395021/airflow/dags/transform_dag.py took 0.327 seconds
[2026-09-17T09:54:39.651+0000] {processor.py:157} INFO - Started process (PID=47087) to work on /workspaces/hands-on-introduction-data-engineering-4395021/airflow/dags/transform_dag.py
[2026-09-17T09:54:39.652+0000] {processor.py:826} INFO - Processing file /workspaces/hands-on-introduction-data-engineering-4395021/airflow/dags/transform_dag.py for tasks to queue
[2026-09-17T09:54:39.653+0000] {logging_mixin.py:150} INFO - [2026-09-17T09:54:39.652+0000] {dagbag.py:541} INFO - Filling up the DagBag from /workspaces/hands-on-introduction-data-engineering-4395021/airflow/dags/transform_dag.py
[2026-09-17T09:54:39.932+0000] {processor.py:836} INFO - DAG(s) dict_keys(['transform_dag']) retrieved from /workspaces/hands-on-introduction-data-engineering-4395021/airflow/dags/transform_dag.py
[2026-09-17T09:54:39.948+0000] {logging_mixin.py:150} INFO - [2026-09-17T09:54:39.948+0000] {dag.py:2742} INFO - Sync 1 DAGs
[2026-09-17T09:54:39.964+0000] {logging_mixin.py:150} INFO - [2026-09-17T09:54:39.964+0000] {dag.py:3504} INFO - Setting next_dagrun for transform_dag to None, run_after=None
[2026-09-17T09:54:39.981+0000] {processor.py:179} INFO - Processing /workspaces/hands-on-introduction-data-engineering-4395021/airflow/dags/transform_dag.py took 0.332 seconds
[2026-09-17T09:55:10.122+0000] {processor.py:157} INFO - Started process (PID=47267) to work on /workspaces/hands-on-introduction-data-engineering-4395021/airflow/dags/transform_dag.py
[2026-09-17T09:55:10.123+0000] {processor.py:826} INFO - Processing file /workspaces/hands-on-introduction-data-engineering-4395021/airflow/dags/transform_dag.py for tasks to queue
[2026-09-17T09:55:10.124+0000] {logging_mixin.py:150} INFO - [2026-09-17T09:55:10.124+0000] {dagbag.py:541} INFO - Filling up the DagBag from /workspaces/hands-on-introduction-data-engineering-4395021/airflow/dags/transform_dag.py
[2026-09-17T09:55:10.398+0000] {processor.py:836} INFO - DAG(s) dict_keys(['transform_dag']) retrieved from /workspaces/hands-on-introduction-data-engineering-4395021/airflow/dags/transform_dag.py
[2026-09-17T09:55:10.417+0000] {logging_mixin.py:150} INFO - [2026-09-17T09:55:10.416+0000] {dag.py:2742} INFO - Sync 1 DAGs
[2026-09-17T09:55:10.432+0000] {logging_mixin.py:150} INFO - [2026-09-17T09:55:10.432+0000] {dag.py:3504} INFO - Setting next_dagrun for transform_dag to None, run_after=None
[2026-09-17T09:55:10.447+0000] {processor.py:179} INFO - Processing /workspaces/hands-on-introduction-data-engineering-4395021/airflow/dags/transform_dag.py took 0.328 seconds
[2026-09-17T09:55:40.589+0000] {processor.py:157} INFO - Started process (PID=47441) to work on /workspaces/hands-on-introduction-data-engineering-4395021/airflow/dags/transform_dag.py
[2026-09-17T09:55:40.590+0000] {processor.py:826} INFO - Processing file /workspaces/hands-on-introduction-data-engineering-4395021/airflow/dags/transform_dag.py for tasks to queue
[2026-09-17T09:55:40.591+0000] {logging_mixin.py:150} INFO - [2026-09-17T09:55:40.590+0000] {dagbag.py:541} INFO - Filling up the DagBag from /workspaces/hands-on-introduction-data-engineering-4395021/airflow/dags/transform_dag.py
[2026-09-17T09:55:40.908+0000] {processor.py:836} INFO - DAG(s) dict_keys(['transform_dag']) retrieved from /workspaces/hands-on-introduction-data-engineering-4395021/airflow/dags/transform_dag.py
[2026-09-17T09:55:40.932+0000] {logging_mixin.py:150} INFO - [2026-09-17T09:55:40.931+0000] {dag.py:2742} INFO - Sync 1 DAGs
[2026-09-17T09:55:40.953+0000] {logging_mixin.py:150} INFO - [2026-09-17T09:55:40.952+0000] {dag.py:3504} INFO - Setting next_dagrun for transform_dag to None, run_after=None
[2026-09-17T09:55:41.002+0000] {processor.py:179} INFO - Processing /workspaces/hands-on-introduction-data-engineering-4395021/airflow/dags/transform_dag.py took 0.415 seconds
[2026-09-17T09:56:11.162+0000] {processor.py:157} INFO - Started process (PID=47615) to work on /workspaces/hands-on-introduction-data-engineering-4395021/airflow/dags/transform_dag.py
[2026-09-17T09:56:11.163+0000] {processor.py:826} INFO - Processing file /workspaces/hands-on-introduction-data-engineering-4395021/airflow/dags/transform_dag.py for tasks to queue
[2026-09-17T09:56:11.164+0000] {logging_mixin.py:150} INFO - [2026-09-17T09:56:11.163+0000] {dagbag.py:541} INFO - Filling up the DagBag from /workspaces/hands-on-introduction-data-engineering-4395021/airflow/dags/transform_dag.py
[2026-09-17T09:56:11.448+0000] {processor.py:836} INFO - DAG(s) dict_keys(['transform_dag']) retrieved from /workspaces/hands-on-introduction-data-engineering-4395021/airflow/dags/transform_dag.py
[2026-09-17T09:56:11.464+0000] {logging_mixin.py:150} INFO - [2026-09-17T09:56:11.464+0000] {dag.py:2742} INFO - Sync 1 DAGs
[2026-09-17T09:56:11.479+0000] {logging_mixin.py:150} INFO - [2026-09-17T09:56:11.479+0000] {dag.py:3504} INFO - Setting next_dagrun for transform_dag to None, run_after=None
[2026-09-17T09:56:11.495+0000] {processor.py:179} INFO - Processing /workspaces/hands-on-introduction-data-engineering-4395021/airflow/dags/transform_dag.py took 0.336 seconds
[2026-09-17T09:56:41.635+0000] {processor.py:157} INFO - Started process (PID=47816) to work on /workspaces/hands-on-introduction-data-engineering-4395021/airflow/dags/transform_dag.py
[2026-09-17T09:56:41.636+0000] {processor.py:826} INFO - Processing file /workspaces/hands-on-introduction-data-engineering-4395021/airflow/dags/transform_dag.py for tasks to queue
[2026-09-17T09:56:41.637+0000] {logging_mixin.py:150} INFO - [2026-09-17T09:56:41.636+0000] {dagbag.py:541} INFO - Filling up the DagBag from /workspaces/hands-on-introduction-data-engineering-4395021/airflow/dags/transform_dag.py
[2026-09-17T09:56:41.927+0000] {processor.py:836} INFO - DAG(s) dict_keys(['transform_dag']) retrieved from /workspaces/hands-on-introduction-data-engineering-4395021/airflow/dags/transform_dag.py
[2026-09-17T09:56:41.944+0000] {logging_mixin.py:150} INFO - [2026-09-17T09:56:41.943+0000] {dag.py:2742} INFO - Sync 1 DAGs
[2026-09-17T09:56:41.959+0000] {logging_mixin.py:150} INFO - [2026-09-17T09:56:41.958+0000] {dag.py:3504} INFO - Setting next_dagrun for transform_dag to None, run_after=None
[2026-09-17T09:56:41.976+0000] {processor.py:179} INFO - Processing /workspaces/hands-on-introduction-data-engineering-4395021/airflow/dags/transform_dag.py took 0.343 seconds
[2026-09-17T09:57:12.104+0000] {processor.py:157} INFO - Started process (PID=47984) to work on /workspaces/hands-on-introduction-data-engineering-4395021/airflow/dags/transform_dag.py
[2026-09-17T09:57:12.105+0000] {processor.py:826} INFO - Processing file /workspaces/hands-on-introduction-data-engineering-4395021/airflow/dags/transform_dag.py for tasks to queue
[2026-09-17T09:57:12.106+0000] {logging_mixin.py:150} INFO - [2026-09-17T09:57:12.105+0000] {dagbag.py:541} INFO - Filling up the DagBag from /workspaces/hands-on-introduction-data-engineering-4395021/airflow/dags/transform_dag.py
[2026-09-17T09:57:12.444+0000] {processor.py:836} INFO - DAG(s) dict_keys(['transform_dag']) retrieved from /workspaces/hands-on-introduction-data-engineering-4395021/airflow/dags/transform_dag.py
[2026-09-17T09:57:12.465+0000] {logging_mixin.py:150} INFO - [2026-09-17T09:57:12.464+0000] {dag.py:2742} INFO - Sync 1 DAGs
[2026-09-17T09:57:12.484+0000] {logging_mixin.py:150} INFO - [2026-09-17T09:57:12.483+0000] {dag.py:3504} INFO - Setting next_dagrun for transform_dag to None, run_after=None
[2026-09-17T09:57:12.508+0000] {processor.py:179} INFO - Processing /workspaces/hands-on-introduction-data-engineering-4395021/airflow/dags/transform_dag.py took 0.407 seconds
[2026-09-17T09:57:42.677+0000] {processor.py:157} INFO - Started process (PID=48165) to work on /workspaces/hands-on-introduction-data-engineering-4395021/airflow/dags/transform_dag.py
[2026-09-17T09:57:42.678+0000] {processor.py:826} INFO - Processing file /workspaces/hands-on-introduction-data-engineering-4395021/airflow/dags/transform_dag.py for tasks to queue
[2026-09-17T09:57:42.679+0000] {logging_mixin.py:150} INFO - [2026-09-17T09:57:42.679+0000] {dagbag.py:541} INFO - Filling up the DagBag from /workspaces/hands-on-introduction-data-engineering-4395021/airflow/dags/transform_dag.py
[2026-09-17T09:57:42.945+0000] {processor.py:836} INFO - DAG(s) dict_keys(['transform_dag']) retrieved from /workspaces/hands-on-introduction-data-engineering-4395021/airflow/dags/transform_dag.py
[2026-09-17T09:57:42.960+0000] {logging_mixin.py:150} INFO - [2026-09-17T09:57:42.960+0000] {dag.py:2742} INFO - Sync 1 DAGs
[2026-09-17T09:57:42.975+0000] {logging_mixin.py:150} INFO - [2026-09-17T09:57:42.975+0000] {dag.py:3504} INFO - Setting next_dagrun for transform_dag to None, run_after=None
[2026-09-17T09:57:42.991+0000] {processor.py:179} INFO - Processing /workspaces/hands-on-introduction-data-engineering-4395021/airflow/dags/transform_dag.py took 0.316 seconds
[2026-09-17T09:58:13.160+0000] {processor.py:157} INFO - Started process (PID=48339) to work on /workspaces/hands-on-introduction-data-engineering-4395021/airflow/dags/transform_dag.py
[2026-09-17T09:58:13.161+0000] {processor.py:826} INFO - Processing file /workspaces/hands-on-introduction-data-engineering-4395021/airflow/dags/transform_dag.py for tasks to queue
[2026-09-17T09:58:13.162+0000] {logging_mixin.py:150} INFO - [2026-09-17T09:58:13.162+0000] {dagbag.py:541} INFO - Filling up the DagBag from /workspaces/hands-on-introduction-data-engineering-4395021/airflow/dags/transform_dag.py
[2026-09-17T09:58:13.455+0000] {processor.py:836} INFO - DAG(s) dict_keys(['transform_dag']) retrieved from /workspaces/hands-on-introduction-data-engineering-4395021/airflow/dags/transform_dag.py
[2026-09-17T09:58:13.469+0000] {logging_mixin.py:150} INFO - [2026-09-17T09:58:13.469+0000] {dag.py:2742} INFO - Sync 1 DAGs
[2026-09-17T09:58:13.483+0000] {logging_mixin.py:150} INFO - [2026-09-17T09:58:13.483+0000] {dag.py:3504} INFO - Setting next_dagrun for transform_dag to None, run_after=None
[2026-09-17T09:58:13.502+0000] {processor.py:179} INFO - Processing /workspaces/hands-on-introduction-data-engineering-4395021/airflow/dags/transform_dag.py took 0.344 seconds
[2026-09-17T09:58:43.628+0000] {processor.py:157} INFO - Started process (PID=48513) to work on /workspaces/hands-on-introduction-data-engineering-4395021/airflow/dags/transform_dag.py
[2026-09-17T09:58:43.629+0000] {processor.py:826} INFO - Processing file /workspaces/hands-on-introduction-data-engineering-4395021/airflow/dags/transform_dag.py for tasks to queue
[2026-09-17T09:58:43.630+0000] {logging_mixin.py:150} INFO - [2026-09-17T09:58:43.630+0000] {dagbag.py:541} INFO - Filling up the DagBag from /workspaces/hands-on-introduction-data-engineering-4395021/airflow/dags/transform_dag.py
[2026-09-17T09:58:43.936+0000] {processor.py:836} INFO - DAG(s) dict_keys(['transform_dag']) retrieved from /workspaces/hands-on-introduction-data-engineering-4395021/airflow/dags/transform_dag.py
[2026-09-17T09:58:43.950+0000] {logging_mixin.py:150} INFO - [2026-09-17T09:58:43.950+0000] {dag.py:2742} INFO - Sync 1 DAGs
[2026-09-17T09:58:43.966+0000] {logging_mixin.py:150} INFO - [2026-09-17T09:58:43.966+0000] {dag.py:3504} INFO - Setting next_dagrun for transform_dag to None, run_after=None
[2026-09-17T09:58:43.981+0000] {processor.py:179} INFO - Processing /workspaces/hands-on-introduction-data-engineering-4395021/airflow/dags/transform_dag.py took 0.356 seconds
[2026-09-17T09:59:14.096+0000] {processor.py:157} INFO - Started process (PID=48688) to work on /workspaces/hands-on-introduction-data-engineering-4395021/airflow/dags/transform_dag.py
[2026-09-17T09:59:14.097+0000] {processor.py:826} INFO - Processing file /workspaces/hands-on-introduction-data-engineering-4395021/airflow/dags/transform_dag.py for tasks to queue
[2026-09-17T09:59:14.097+0000] {logging_mixin.py:150} INFO - [2026-09-17T09:59:14.097+0000] {dagbag.py:541} INFO - Filling up the DagBag from /workspaces/hands-on-introduction-data-engineering-4395021/airflow/dags/transform_dag.py
[2026-09-17T09:59:14.368+0000] {processor.py:836} INFO - DAG(s) dict_keys(['transform_dag']) retrieved from /workspaces/hands-on-introduction-data-engineering-4395021/airflow/dags/transform_dag.py
[2026-09-17T09:59:14.383+0000] {logging_mixin.py:150} INFO - [2026-09-17T09:59:14.383+0000] {dag.py:2742} INFO - Sync 1 DAGs
[2026-09-17T09:59:14.399+0000] {logging_mixin.py:150} INFO - [2026-09-17T09:59:14.398+0000] {dag.py:3504} INFO - Setting next_dagrun for transform_dag to None, run_after=None
[2026-09-17T09:59:14.422+0000] {processor.py:179} INFO - Processing /workspaces/hands-on-introduction-data-engineering-4395021/airflow/dags/transform_dag.py took 0.329 seconds
[2026-09-17T09:59:44.565+0000] {processor.py:157} INFO - Started process (PID=48868) to work on /workspaces/hands-on-introduction-data-engineering-4395021/airflow/dags/transform_dag.py
[2026-09-17T09:59:44.566+0000] {processor.py:826} INFO - Processing file /workspaces/hands-on-introduction-data-engineering-4395021/airflow/dags/transform_dag.py for tasks to queue
[2026-09-17T09:59:44.566+0000] {logging_mixin.py:150} INFO - [2026-09-17T09:59:44.566+0000] {dagbag.py:541} INFO - Filling up the DagBag from /workspaces/hands-on-introduction-data-engineering-4395021/airflow/dags/transform_dag.py
[2026-09-17T09:59:44.868+0000] {processor.py:836} INFO - DAG(s) dict_keys(['transform_dag']) retrieved from /workspaces/hands-on-introduction-data-engineering-4395021/airflow/dags/transform_dag.py
[2026-09-17T09:59:44.894+0000] {logging_mixin.py:150} INFO - [2026-09-17T09:59:44.893+0000] {dag.py:2742} INFO - Sync 1 DAGs
[2026-09-17T09:59:44.916+0000] {logging_mixin.py:150} INFO - [2026-09-17T09:59:44.915+0000] {dag.py:3504} INFO - Setting next_dagrun for transform_dag to None, run_after=None
[2026-09-17T09:59:44.932+0000] {processor.py:179} INFO - Processing /workspaces/hands-on-introduction-data-engineering-4395021/airflow/dags/transform_dag.py took 0.370 seconds
[2026-09-17T10:00:15.042+0000] {processor.py:157} INFO - Started process (PID=49043) to work on /workspaces/hands-on-introduction-data-engineering-4395021/airflow/dags/transform_dag.py
[2026-09-17T10:00:15.044+0000] {processor.py:826} INFO - Processing file /workspaces/hands-on-introduction-data-engineering-4395021/airflow/dags/transform_dag.py for tasks to queue
[2026-09-17T10:00:15.045+0000] {logging_mixin.py:150} INFO - [2026-09-17T10:00:15.044+0000] {dagbag.py:541} INFO - Filling up the DagBag from /workspaces/hands-on-introduction-data-engineering-4395021/airflow/dags/transform_dag.py
[2026-09-17T10:00:15.430+0000] {processor.py:836} INFO - DAG(s) dict_keys(['transform_dag']) retrieved from /workspaces/hands-on-introduction-data-engineering-4395021/airflow/dags/transform_dag.py
[2026-09-17T10:00:15.445+0000] {logging_mixin.py:150} INFO - [2026-09-17T10:00:15.445+0000] {dag.py:2742} INFO - Sync 1 DAGs
[2026-09-17T10:00:15.459+0000] {logging_mixin.py:150} INFO - [2026-09-17T10:00:15.459+0000] {dag.py:3504} INFO - Setting next_dagrun for transform_dag to None, run_after=None
[2026-09-17T10:00:15.484+0000] {processor.py:179} INFO - Processing /workspaces/hands-on-introduction-data-engineering-4395021/airflow/dags/transform_dag.py took 0.446 seconds
[2026-09-17T10:00:45.623+0000] {processor.py:157} INFO - Started process (PID=49223) to work on /workspaces/hands-on-introduction-data-engineering-4395021/airflow/dags/transform_dag.py
[2026-09-17T10:00:45.623+0000] {processor.py:826} INFO - Processing file /workspaces/hands-on-introduction-data-engineering-4395021/airflow/dags/transform_dag.py for tasks to queue
[2026-09-17T10:00:45.625+0000] {logging_mixin.py:150} INFO - [2026-09-17T10:00:45.625+0000] {dagbag.py:541} INFO - Filling up the DagBag from /workspaces/hands-on-introduction-data-engineering-4395021/airflow/dags/transform_dag.py
[2026-09-17T10:00:45.892+0000] {processor.py:836} INFO - DAG(s) dict_keys(['transform_dag']) retrieved from /workspaces/hands-on-introduction-data-engineering-4395021/airflow/dags/transform_dag.py
[2026-09-17T10:00:45.910+0000] {logging_mixin.py:150} INFO - [2026-09-17T10:00:45.910+0000] {dag.py:2742} INFO - Sync 1 DAGs
[2026-09-17T10:00:45.929+0000] {logging_mixin.py:150} INFO - [2026-09-17T10:00:45.929+0000] {dag.py:3504} INFO - Setting next_dagrun for transform_dag to None, run_after=None
[2026-09-17T10:00:45.948+0000] {processor.py:179} INFO - Processing /workspaces/hands-on-introduction-data-engineering-4395021/airflow/dags/transform_dag.py took 0.328 seconds
[2026-09-17T10:01:16.091+0000] {processor.py:157} INFO - Started process (PID=49403) to work on /workspaces/hands-on-introduction-data-engineering-4395021/airflow/dags/transform_dag.py
[2026-09-17T10:01:16.092+0000] {processor.py:826} INFO - Processing file /workspaces/hands-on-introduction-data-engineering-4395021/airflow/dags/transform_dag.py for tasks to queue
[2026-09-17T10:01:16.093+0000] {logging_mixin.py:150} INFO - [2026-09-17T10:01:16.092+0000] {dagbag.py:541} INFO - Filling up the DagBag from /workspaces/hands-on-introduction-data-engineering-4395021/airflow/dags/transform_dag.py
[2026-09-17T10:01:16.380+0000] {processor.py:836} INFO - DAG(s) dict_keys(['transform_dag']) retrieved from /workspaces/hands-on-introduction-data-engineering-4395021/airflow/dags/transform_dag.py
[2026-09-17T10:01:16.396+0000] {logging_mixin.py:150} INFO - [2026-09-17T10:01:16.395+0000] {dag.py:2742} INFO - Sync 1 DAGs
[2026-09-17T10:01:16.414+0000] {logging_mixin.py:150} INFO - [2026-09-17T10:01:16.414+0000] {dag.py:3504} INFO - Setting next_dagrun for transform_dag to None, run_after=None
[2026-09-17T10:01:16.431+0000] {processor.py:179} INFO - Processing /workspaces/hands-on-introduction-data-engineering-4395021/airflow/dags/transform_dag.py took 0.342 seconds
[2026-09-17T10:01:46.566+0000] {processor.py:157} INFO - Started process (PID=49593) to work on /workspaces/hands-on-introduction-data-engineering-4395021/airflow/dags/transform_dag.py
[2026-09-17T10:01:46.567+0000] {processor.py:826} INFO - Processing file /workspaces/hands-on-introduction-data-engineering-4395021/airflow/dags/transform_dag.py for tasks to queue
[2026-09-17T10:01:46.568+0000] {logging_mixin.py:150} INFO - [2026-09-17T10:01:46.568+0000] {dagbag.py:541} INFO - Filling up the DagBag from /workspaces/hands-on-introduction-data-engineering-4395021/airflow/dags/transform_dag.py
[2026-09-17T10:01:46.858+0000] {processor.py:836} INFO - DAG(s) dict_keys(['transform_dag']) retrieved from /workspaces/hands-on-introduction-data-engineering-4395021/airflow/dags/transform_dag.py
[2026-09-17T10:01:46.873+0000] {logging_mixin.py:150} INFO - [2026-09-17T10:01:46.872+0000] {dag.py:2742} INFO - Sync 1 DAGs
[2026-09-17T10:01:46.887+0000] {logging_mixin.py:150} INFO - [2026-09-17T10:01:46.886+0000] {dag.py:3504} INFO - Setting next_dagrun for transform_dag to None, run_after=None
[2026-09-17T10:01:46.904+0000] {processor.py:179} INFO - Processing /workspaces/hands-on-introduction-data-engineering-4395021/airflow/dags/transform_dag.py took 0.342 seconds
[2026-09-17T10:02:17.034+0000] {processor.py:157} INFO - Started process (PID=49768) to work on /workspaces/hands-on-introduction-data-engineering-4395021/airflow/dags/transform_dag.py
[2026-09-17T10:02:17.035+0000] {processor.py:826} INFO - Processing file /workspaces/hands-on-introduction-data-engineering-4395021/airflow/dags/transform_dag.py for tasks to queue
[2026-09-17T10:02:17.036+0000] {logging_mixin.py:150} INFO - [2026-09-17T10:02:17.036+0000] {dagbag.py:541} INFO - Filling up the DagBag from /workspaces/hands-on-introduction-data-engineering-4395021/airflow/dags/transform_dag.py
[2026-09-17T10:02:17.325+0000] {processor.py:836} INFO - DAG(s) dict_keys(['transform_dag']) retrieved from /workspaces/hands-on-introduction-data-engineering-4395021/airflow/dags/transform_dag.py
[2026-09-17T10:02:17.340+0000] {logging_mixin.py:150} INFO - [2026-09-17T10:02:17.339+0000] {dag.py:2742} INFO - Sync 1 DAGs
[2026-09-17T10:02:17.354+0000] {logging_mixin.py:150} INFO - [2026-09-17T10:02:17.354+0000] {dag.py:3504} INFO - Setting next_dagrun for transform_dag to None, run_after=None
[2026-09-17T10:02:17.371+0000] {processor.py:179} INFO - Processing /workspaces/hands-on-introduction-data-engineering-4395021/airflow/dags/transform_dag.py took 0.339 seconds
[2026-09-17T10:02:47.502+0000] {processor.py:157} INFO - Started process (PID=49941) to work on /workspaces/hands-on-introduction-data-engineering-4395021/airflow/dags/transform_dag.py
[2026-09-17T10:02:47.502+0000] {processor.py:826} INFO - Processing file /workspaces/hands-on-introduction-data-engineering-4395021/airflow/dags/transform_dag.py for tasks to queue
[2026-09-17T10:02:47.503+0000] {logging_mixin.py:150} INFO - [2026-09-17T10:02:47.503+0000] {dagbag.py:541} INFO - Filling up the DagBag from /workspaces/hands-on-introduction-data-engineering-4395021/airflow/dags/transform_dag.py
[2026-09-17T10:02:47.772+0000] {processor.py:836} INFO - DAG(s) dict_keys(['transform_dag']) retrieved from /workspaces/hands-on-introduction-data-engineering-4395021/airflow/dags/transform_dag.py
[2026-09-17T10:02:47.788+0000] {logging_mixin.py:150} INFO - [2026-09-17T10:02:47.788+0000] {dag.py:2742} INFO - Sync 1 DAGs
[2026-09-17T10:02:47.804+0000] {logging_mixin.py:150} INFO - [2026-09-17T10:02:47.804+0000] {dag.py:3504} INFO - Setting next_dagrun for transform_dag to None, run_after=None
[2026-09-17T10:02:47.820+0000] {processor.py:179} INFO - Processing /workspaces/hands-on-introduction-data-engineering-4395021/airflow/dags/transform_dag.py took 0.321 seconds
[2026-09-17T10:03:17.973+0000] {processor.py:157} INFO - Started process (PID=50119) to work on /workspaces/hands-on-introduction-data-engineering-4395021/airflow/dags/transform_dag.py
[2026-09-17T10:03:17.973+0000] {processor.py:826} INFO - Processing file /workspaces/hands-on-introduction-data-engineering-4395021/airflow/dags/transform_dag.py for tasks to queue
[2026-09-17T10:03:17.974+0000] {logging_mixin.py:150} INFO - [2026-09-17T10:03:17.974+0000] {dagbag.py:541} INFO - Filling up the DagBag from /workspaces/hands-on-introduction-data-engineering-4395021/airflow/dags/transform_dag.py
[2026-09-17T10:03:18.243+0000] {processor.py:836} INFO - DAG(s) dict_keys(['transform_dag']) retrieved from /workspaces/hands-on-introduction-data-engineering-4395021/airflow/dags/transform_dag.py
[2026-09-17T10:03:18.260+0000] {logging_mixin.py:150} INFO - [2026-09-17T10:03:18.260+0000] {dag.py:2742} INFO - Sync 1 DAGs
[2026-09-17T10:03:18.275+0000] {logging_mixin.py:150} INFO - [2026-09-17T10:03:18.275+0000] {dag.py:3504} INFO - Setting next_dagrun for transform_dag to None, run_after=None
[2026-09-17T10:03:18.291+0000] {processor.py:179} INFO - Processing /workspaces/hands-on-introduction-data-engineering-4395021/airflow/dags/transform_dag.py took 0.321 seconds
[2026-09-17T10:03:48.442+0000] {processor.py:157} INFO - Started process (PID=50287) to work on /workspaces/hands-on-introduction-data-engineering-4395021/airflow/dags/transform_dag.py
[2026-09-17T10:03:48.443+0000] {processor.py:826} INFO - Processing file /workspaces/hands-on-introduction-data-engineering-4395021/airflow/dags/transform_dag.py for tasks to queue
[2026-09-17T10:03:48.444+0000] {logging_mixin.py:150} INFO - [2026-09-17T10:03:48.444+0000] {dagbag.py:541} INFO - Filling up the DagBag from /workspaces/hands-on-introduction-data-engineering-4395021/airflow/dags/transform_dag.py
[2026-09-17T10:03:48.717+0000] {processor.py:836} INFO - DAG(s) dict_keys(['transform_dag']) retrieved from /workspaces/hands-on-introduction-data-engineering-4395021/airflow/dags/transform_dag.py
[2026-09-17T10:03:48.732+0000] {logging_mixin.py:150} INFO - [2026-09-17T10:03:48.732+0000] {dag.py:2742} INFO - Sync 1 DAGs
[2026-09-17T10:03:48.747+0000] {logging_mixin.py:150} INFO - [2026-09-17T10:03:48.747+0000] {dag.py:3504} INFO - Setting next_dagrun for transform_dag to None, run_after=None
[2026-09-17T10:03:48.762+0000] {processor.py:179} INFO - Processing /workspaces/hands-on-introduction-data-engineering-4395021/airflow/dags/transform_dag.py took 0.322 seconds
[2026-09-17T10:04:18.913+0000] {processor.py:157} INFO - Started process (PID=50466) to work on /workspaces/hands-on-introduction-data-engineering-4395021/airflow/dags/transform_dag.py
[2026-09-17T10:04:18.914+0000] {processor.py:826} INFO - Processing file /workspaces/hands-on-introduction-data-engineering-4395021/airflow/dags/transform_dag.py for tasks to queue
[2026-09-17T10:04:18.915+0000] {logging_mixin.py:150} INFO - [2026-09-17T10:04:18.914+0000] {dagbag.py:541} INFO - Filling up the DagBag from /workspaces/hands-on-introduction-data-engineering-4395021/airflow/dags/transform_dag.py
[2026-09-17T10:04:19.189+0000] {processor.py:836} INFO - DAG(s) dict_keys(['transform_dag']) retrieved from /workspaces/hands-on-introduction-data-engineering-4395021/airflow/dags/transform_dag.py
[2026-09-17T10:04:19.207+0000] {logging_mixin.py:150} INFO - [2026-09-17T10:04:19.206+0000] {dag.py:2742} INFO - Sync 1 DAGs
[2026-09-17T10:04:19.223+0000] {logging_mixin.py:150} INFO - [2026-09-17T10:04:19.223+0000] {dag.py:3504} INFO - Setting next_dagrun for transform_dag to None, run_after=None
[2026-09-17T10:04:19.255+0000] {processor.py:179} INFO - Processing /workspaces/hands-on-introduction-data-engineering-4395021/airflow/dags/transform_dag.py took 0.346 seconds
[2026-09-17T10:04:49.382+0000] {processor.py:157} INFO - Started process (PID=50645) to work on /workspaces/hands-on-introduction-data-engineering-4395021/airflow/dags/transform_dag.py
[2026-09-17T10:04:49.383+0000] {processor.py:826} INFO - Processing file /workspaces/hands-on-introduction-data-engineering-4395021/airflow/dags/transform_dag.py for tasks to queue
[2026-09-17T10:04:49.384+0000] {logging_mixin.py:150} INFO - [2026-09-17T10:04:49.384+0000] {dagbag.py:541} INFO - Filling up the DagBag from /workspaces/hands-on-introduction-data-engineering-4395021/airflow/dags/transform_dag.py
[2026-09-17T10:04:49.690+0000] {processor.py:836} INFO - DAG(s) dict_keys(['transform_dag']) retrieved from /workspaces/hands-on-introduction-data-engineering-4395021/airflow/dags/transform_dag.py
[2026-09-17T10:04:49.706+0000] {logging_mixin.py:150} INFO - [2026-09-17T10:04:49.706+0000] {dag.py:2742} INFO - Sync 1 DAGs
[2026-09-17T10:04:49.720+0000] {logging_mixin.py:150} INFO - [2026-09-17T10:04:49.719+0000] {dag.py:3504} INFO - Setting next_dagrun for transform_dag to None, run_after=None
[2026-09-17T10:04:49.735+0000] {processor.py:179} INFO - Processing /workspaces/hands-on-introduction-data-engineering-4395021/airflow/dags/transform_dag.py took 0.355 seconds
[2026-09-17T10:05:19.864+0000] {processor.py:157} INFO - Started process (PID=50812) to work on /workspaces/hands-on-introduction-data-engineering-4395021/airflow/dags/transform_dag.py
[2026-09-17T10:05:19.865+0000] {processor.py:826} INFO - Processing file /workspaces/hands-on-introduction-data-engineering-4395021/airflow/dags/transform_dag.py for tasks to queue
[2026-09-17T10:05:19.865+0000] {logging_mixin.py:150} INFO - [2026-09-17T10:05:19.865+0000] {dagbag.py:541} INFO - Filling up the DagBag from /workspaces/hands-on-introduction-data-engineering-4395021/airflow/dags/transform_dag.py
[2026-09-17T10:05:20.140+0000] {processor.py:836} INFO - DAG(s) dict_keys(['transform_dag']) retrieved from /workspaces/hands-on-introduction-data-engineering-4395021/airflow/dags/transform_dag.py
[2026-09-17T10:05:20.155+0000] {logging_mixin.py:150} INFO - [2026-09-17T10:05:20.155+0000] {dag.py:2742} INFO - Sync 1 DAGs
[2026-09-17T10:05:20.170+0000] {logging_mixin.py:150} INFO - [2026-09-17T10:05:20.170+0000] {dag.py:3504} INFO - Setting next_dagrun for transform_dag to None, run_after=None
[2026-09-17T10:05:20.186+0000] {processor.py:179} INFO - Processing /workspaces/hands-on-introduction-data-engineering-4395021/airflow/dags/transform_dag.py took 0.324 seconds
[2026-09-17T10:05:50.338+0000] {processor.py:157} INFO - Started process (PID=50993) to work on /workspaces/hands-on-introduction-data-engineering-4395021/airflow/dags/transform_dag.py
[2026-09-17T10:05:50.339+0000] {processor.py:826} INFO - Processing file /workspaces/hands-on-introduction-data-engineering-4395021/airflow/dags/transform_dag.py for tasks to queue
[2026-09-17T10:05:50.340+0000] {logging_mixin.py:150} INFO - [2026-09-17T10:05:50.340+0000] {dagbag.py:541} INFO - Filling up the DagBag from /workspaces/hands-on-introduction-data-engineering-4395021/airflow/dags/transform_dag.py
[2026-09-17T10:05:50.611+0000] {processor.py:836} INFO - DAG(s) dict_keys(['transform_dag']) retrieved from /workspaces/hands-on-introduction-data-engineering-4395021/airflow/dags/transform_dag.py
[2026-09-17T10:05:50.628+0000] {logging_mixin.py:150} INFO - [2026-09-17T10:05:50.627+0000] {dag.py:2742} INFO - Sync 1 DAGs
[2026-09-17T10:05:50.642+0000] {logging_mixin.py:150} INFO - [2026-09-17T10:05:50.641+0000] {dag.py:3504} INFO - Setting next_dagrun for transform_dag to None, run_after=None
[2026-09-17T10:05:50.658+0000] {processor.py:179} INFO - Processing /workspaces/hands-on-introduction-data-engineering-4395021/airflow/dags/transform_dag.py took 0.323 seconds
[2026-09-17T10:06:20.803+0000] {processor.py:157} INFO - Started process (PID=51166) to work on /workspaces/hands-on-introduction-data-engineering-4395021/airflow/dags/transform_dag.py
[2026-09-17T10:06:20.804+0000] {processor.py:826} INFO - Processing file /workspaces/hands-on-introduction-data-engineering-4395021/airflow/dags/transform_dag.py for tasks to queue
[2026-09-17T10:06:20.805+0000] {logging_mixin.py:150} INFO - [2026-09-17T10:06:20.804+0000] {dagbag.py:541} INFO - Filling up the DagBag from /workspaces/hands-on-introduction-data-engineering-4395021/airflow/dags/transform_dag.py
[2026-09-17T10:06:21.078+0000] {processor.py:836} INFO - DAG(s) dict_keys(['transform_dag']) retrieved from /workspaces/hands-on-introduction-data-engineering-4395021/airflow/dags/transform_dag.py
[2026-09-17T10:06:21.092+0000] {logging_mixin.py:150} INFO - [2026-09-17T10:06:21.092+0000] {dag.py:2742} INFO - Sync 1 DAGs
[2026-09-17T10:06:21.109+0000] {logging_mixin.py:150} INFO - [2026-09-17T10:06:21.109+0000] {dag.py:3504} INFO - Setting next_dagrun for transform_dag to None, run_after=None
[2026-09-17T10:06:21.129+0000] {processor.py:179} INFO - Processing /workspaces/hands-on-introduction-data-engineering-4395021/airflow/dags/transform_dag.py took 0.329 seconds
[2026-09-17T10:06:51.272+0000] {processor.py:157} INFO - Started process (PID=51360) to work on /workspaces/hands-on-introduction-data-engineering-4395021/airflow/dags/transform_dag.py
[2026-09-17T10:06:51.273+0000] {processor.py:826} INFO - Processing file /workspaces/hands-on-introduction-data-engineering-4395021/airflow/dags/transform_dag.py for tasks to queue
[2026-09-17T10:06:51.274+0000] {logging_mixin.py:150} INFO - [2026-09-17T10:06:51.274+0000] {dagbag.py:541} INFO - Filling up the DagBag from /workspaces/hands-on-introduction-data-engineering-4395021/airflow/dags/transform_dag.py
[2026-09-17T10:06:51.545+0000] {processor.py:836} INFO - DAG(s) dict_keys(['transform_dag']) retrieved from /workspaces/hands-on-introduction-data-engineering-4395021/airflow/dags/transform_dag.py
[2026-09-17T10:06:51.559+0000] {logging_mixin.py:150} INFO - [2026-09-17T10:06:51.559+0000] {dag.py:2742} INFO - Sync 1 DAGs
[2026-09-17T10:06:51.574+0000] {logging_mixin.py:150} INFO - [2026-09-17T10:06:51.574+0000] {dag.py:3504} INFO - Setting next_dagrun for transform_dag to None, run_after=None
[2026-09-17T10:06:51.589+0000] {processor.py:179} INFO - Processing /workspaces/hands-on-introduction-data-engineering-4395021/airflow/dags/transform_dag.py took 0.319 seconds
[2026-09-17T10:07:21.744+0000] {processor.py:157} INFO - Started process (PID=51535) to work on /workspaces/hands-on-introduction-data-engineering-4395021/airflow/dags/transform_dag.py
[2026-09-17T10:07:21.745+0000] {processor.py:826} INFO - Processing file /workspaces/hands-on-introduction-data-engineering-4395021/airflow/dags/transform_dag.py for tasks to queue
[2026-09-17T10:07:21.746+0000] {logging_mixin.py:150} INFO - [2026-09-17T10:07:21.745+0000] {dagbag.py:541} INFO - Filling up the DagBag from /workspaces/hands-on-introduction-data-engineering-4395021/airflow/dags/transform_dag.py
[2026-09-17T10:07:22.020+0000] {processor.py:836} INFO - DAG(s) dict_keys(['transform_dag']) retrieved from /workspaces/hands-on-introduction-data-engineering-4395021/airflow/dags/transform_dag.py
[2026-09-17T10:07:22.034+0000] {logging_mixin.py:150} INFO - [2026-09-17T10:07:22.034+0000] {dag.py:2742} INFO - Sync 1 DAGs
[2026-09-17T10:07:22.049+0000] {logging_mixin.py:150} INFO - [2026-09-17T10:07:22.049+0000] {dag.py:3504} INFO - Setting next_dagrun for transform_dag to None, run_after=None
[2026-09-17T10:07:22.064+0000] {processor.py:179} INFO - Processing /workspaces/hands-on-introduction-data-engineering-4395021/airflow/dags/transform_dag.py took 0.323 seconds
[2026-09-17T10:07:52.214+0000] {processor.py:157} INFO - Started process (PID=51714) to work on /workspaces/hands-on-introduction-data-engineering-4395021/airflow/dags/transform_dag.py
[2026-09-17T10:07:52.218+0000] {processor.py:826} INFO - Processing file /workspaces/hands-on-introduction-data-engineering-4395021/airflow/dags/transform_dag.py for tasks to queue
[2026-09-17T10:07:52.220+0000] {logging_mixin.py:150} INFO - [2026-09-17T10:07:52.219+0000] {dagbag.py:541} INFO - Filling up the DagBag from /workspaces/hands-on-introduction-data-engineering-4395021/airflow/dags/transform_dag.py
[2026-09-17T10:07:52.494+0000] {processor.py:836} INFO - DAG(s) dict_keys(['transform_dag']) retrieved from /workspaces/hands-on-introduction-data-engineering-4395021/airflow/dags/transform_dag.py
[2026-09-17T10:07:52.514+0000] {logging_mixin.py:150} INFO - [2026-09-17T10:07:52.514+0000] {dag.py:2742} INFO - Sync 1 DAGs
[2026-09-17T10:07:52.530+0000] {logging_mixin.py:150} INFO - [2026-09-17T10:07:52.530+0000] {dag.py:3504} INFO - Setting next_dagrun for transform_dag to None, run_after=None
[2026-09-17T10:07:52.546+0000] {processor.py:179} INFO - Processing /workspaces/hands-on-introduction-data-engineering-4395021/airflow/dags/transform_dag.py took 0.336 seconds
[2026-09-17T10:08:22.707+0000] {processor.py:157} INFO - Started process (PID=51884) to work on /workspaces/hands-on-introduction-data-engineering-4395021/airflow/dags/transform_dag.py
[2026-09-17T10:08:22.708+0000] {processor.py:826} INFO - Processing file /workspaces/hands-on-introduction-data-engineering-4395021/airflow/dags/transform_dag.py for tasks to queue
[2026-09-17T10:08:22.709+0000] {logging_mixin.py:150} INFO - [2026-09-17T10:08:22.709+0000] {dagbag.py:541} INFO - Filling up the DagBag from /workspaces/hands-on-introduction-data-engineering-4395021/airflow/dags/transform_dag.py
[2026-09-17T10:08:22.986+0000] {processor.py:836} INFO - DAG(s) dict_keys(['transform_dag']) retrieved from /workspaces/hands-on-introduction-data-engineering-4395021/airflow/dags/transform_dag.py
[2026-09-17T10:08:23.003+0000] {logging_mixin.py:150} INFO - [2026-09-17T10:08:23.002+0000] {dag.py:2742} INFO - Sync 1 DAGs
[2026-09-17T10:08:23.022+0000] {logging_mixin.py:150} INFO - [2026-09-17T10:08:23.022+0000] {dag.py:3504} INFO - Setting next_dagrun for transform_dag to None, run_after=None
[2026-09-17T10:08:23.052+0000] {processor.py:179} INFO - Processing /workspaces/hands-on-introduction-data-engineering-4395021/airflow/dags/transform_dag.py took 0.348 seconds
[2026-09-17T10:08:53.178+0000] {processor.py:157} INFO - Started process (PID=52064) to work on /workspaces/hands-on-introduction-data-engineering-4395021/airflow/dags/transform_dag.py
[2026-09-17T10:08:53.179+0000] {processor.py:826} INFO - Processing file /workspaces/hands-on-introduction-data-engineering-4395021/airflow/dags/transform_dag.py for tasks to queue
[2026-09-17T10:08:53.180+0000] {logging_mixin.py:150} INFO - [2026-09-17T10:08:53.179+0000] {dagbag.py:541} INFO - Filling up the DagBag from /workspaces/hands-on-introduction-data-engineering-4395021/airflow/dags/transform_dag.py
[2026-09-17T10:08:53.452+0000] {processor.py:836} INFO - DAG(s) dict_keys(['transform_dag']) retrieved from /workspaces/hands-on-introduction-data-engineering-4395021/airflow/dags/transform_dag.py
[2026-09-17T10:08:53.478+0000] {logging_mixin.py:150} INFO - [2026-09-17T10:08:53.478+0000] {dag.py:2742} INFO - Sync 1 DAGs
[2026-09-17T10:08:53.501+0000] {logging_mixin.py:150} INFO - [2026-09-17T10:08:53.500+0000] {dag.py:3504} INFO - Setting next_dagrun for transform_dag to None, run_after=None
[2026-09-17T10:08:53.544+0000] {processor.py:179} INFO - Processing /workspaces/hands-on-introduction-data-engineering-4395021/airflow/dags/transform_dag.py took 0.368 seconds
[2026-09-17T10:09:23.649+0000] {processor.py:157} INFO - Started process (PID=52245) to work on /workspaces/hands-on-introduction-data-engineering-4395021/airflow/dags/transform_dag.py
[2026-09-17T10:09:23.649+0000] {processor.py:826} INFO - Processing file /workspaces/hands-on-introduction-data-engineering-4395021/airflow/dags/transform_dag.py for tasks to queue
[2026-09-17T10:09:23.650+0000] {logging_mixin.py:150} INFO - [2026-09-17T10:09:23.650+0000] {dagbag.py:541} INFO - Filling up the DagBag from /workspaces/hands-on-introduction-data-engineering-4395021/airflow/dags/transform_dag.py
[2026-09-17T10:09:23.950+0000] {processor.py:836} INFO - DAG(s) dict_keys(['transform_dag']) retrieved from /workspaces/hands-on-introduction-data-engineering-4395021/airflow/dags/transform_dag.py
[2026-09-17T10:09:23.973+0000] {logging_mixin.py:150} INFO - [2026-09-17T10:09:23.972+0000] {dag.py:2742} INFO - Sync 1 DAGs
[2026-09-17T10:09:24.004+0000] {logging_mixin.py:150} INFO - [2026-09-17T10:09:24.004+0000] {dag.py:3504} INFO - Setting next_dagrun for transform_dag to None, run_after=None
[2026-09-17T10:09:24.059+0000] {processor.py:179} INFO - Processing /workspaces/hands-on-introduction-data-engineering-4395021/airflow/dags/transform_dag.py took 0.412 seconds
[2026-09-17T10:09:54.234+0000] {processor.py:157} INFO - Started process (PID=52413) to work on /workspaces/hands-on-introduction-data-engineering-4395021/airflow/dags/transform_dag.py
[2026-09-17T10:09:54.236+0000] {processor.py:826} INFO - Processing file /workspaces/hands-on-introduction-data-engineering-4395021/airflow/dags/transform_dag.py for tasks to queue
[2026-09-17T10:09:54.237+0000] {logging_mixin.py:150} INFO - [2026-09-17T10:09:54.236+0000] {dagbag.py:541} INFO - Filling up the DagBag from /workspaces/hands-on-introduction-data-engineering-4395021/airflow/dags/transform_dag.py
[2026-09-17T10:09:54.552+0000] {processor.py:836} INFO - DAG(s) dict_keys(['transform_dag']) retrieved from /workspaces/hands-on-introduction-data-engineering-4395021/airflow/dags/transform_dag.py
[2026-09-17T10:09:54.567+0000] {logging_mixin.py:150} INFO - [2026-09-17T10:09:54.567+0000] {dag.py:2742} INFO - Sync 1 DAGs
[2026-09-17T10:09:54.581+0000] {logging_mixin.py:150} INFO - [2026-09-17T10:09:54.581+0000] {dag.py:3504} INFO - Setting next_dagrun for transform_dag to None, run_after=None
[2026-09-17T10:09:54.597+0000] {processor.py:179} INFO - Processing /workspaces/hands-on-introduction-data-engineering-4395021/airflow/dags/transform_dag.py took 0.366 seconds
[2026-09-17T10:10:24.720+0000] {processor.py:157} INFO - Started process (PID=52594) to work on /workspaces/hands-on-introduction-data-engineering-4395021/airflow/dags/transform_dag.py
[2026-09-17T10:10:24.721+0000] {processor.py:826} INFO - Processing file /workspaces/hands-on-introduction-data-engineering-4395021/airflow/dags/transform_dag.py for tasks to queue
[2026-09-17T10:10:24.722+0000] {logging_mixin.py:150} INFO - [2026-09-17T10:10:24.722+0000] {dagbag.py:541} INFO - Filling up the DagBag from /workspaces/hands-on-introduction-data-engineering-4395021/airflow/dags/transform_dag.py
[2026-09-17T10:10:25.048+0000] {processor.py:836} INFO - DAG(s) dict_keys(['transform_dag']) retrieved from /workspaces/hands-on-introduction-data-engineering-4395021/airflow/dags/transform_dag.py
[2026-09-17T10:10:25.062+0000] {logging_mixin.py:150} INFO - [2026-09-17T10:10:25.062+0000] {dag.py:2742} INFO - Sync 1 DAGs
[2026-09-17T10:10:25.077+0000] {logging_mixin.py:150} INFO - [2026-09-17T10:10:25.077+0000] {dag.py:3504} INFO - Setting next_dagrun for transform_dag to None, run_after=None
[2026-09-17T10:10:25.093+0000] {processor.py:179} INFO - Processing /workspaces/hands-on-introduction-data-engineering-4395021/airflow/dags/transform_dag.py took 0.375 seconds
[2026-09-17T10:10:55.186+0000] {processor.py:157} INFO - Started process (PID=52769) to work on /workspaces/hands-on-introduction-data-engineering-4395021/airflow/dags/transform_dag.py
[2026-09-17T10:10:55.187+0000] {processor.py:826} INFO - Processing file /workspaces/hands-on-introduction-data-engineering-4395021/airflow/dags/transform_dag.py for tasks to queue
[2026-09-17T10:10:55.188+0000] {logging_mixin.py:150} INFO - [2026-09-17T10:10:55.187+0000] {dagbag.py:541} INFO - Filling up the DagBag from /workspaces/hands-on-introduction-data-engineering-4395021/airflow/dags/transform_dag.py
[2026-09-17T10:10:55.494+0000] {processor.py:836} INFO - DAG(s) dict_keys(['transform_dag']) retrieved from /workspaces/hands-on-introduction-data-engineering-4395021/airflow/dags/transform_dag.py
[2026-09-17T10:10:55.511+0000] {logging_mixin.py:150} INFO - [2026-09-17T10:10:55.511+0000] {dag.py:2742} INFO - Sync 1 DAGs
[2026-09-17T10:10:55.528+0000] {logging_mixin.py:150} INFO - [2026-09-17T10:10:55.528+0000] {dag.py:3504} INFO - Setting next_dagrun for transform_dag to None, run_after=None
[2026-09-17T10:10:55.543+0000] {processor.py:179} INFO - Processing /workspaces/hands-on-introduction-data-engineering-4395021/airflow/dags/transform_dag.py took 0.359 seconds
[2026-09-17T10:11:25.655+0000] {processor.py:157} INFO - Started process (PID=52942) to work on /workspaces/hands-on-introduction-data-engineering-4395021/airflow/dags/transform_dag.py
[2026-09-17T10:11:25.656+0000] {processor.py:826} INFO - Processing file /workspaces/hands-on-introduction-data-engineering-4395021/airflow/dags/transform_dag.py for tasks to queue
[2026-09-17T10:11:25.657+0000] {logging_mixin.py:150} INFO - [2026-09-17T10:11:25.656+0000] {dagbag.py:541} INFO - Filling up the DagBag from /workspaces/hands-on-introduction-data-engineering-4395021/airflow/dags/transform_dag.py
[2026-09-17T10:11:25.981+0000] {processor.py:836} INFO - DAG(s) dict_keys(['transform_dag']) retrieved from /workspaces/hands-on-introduction-data-engineering-4395021/airflow/dags/transform_dag.py
[2026-09-17T10:11:25.997+0000] {logging_mixin.py:150} INFO - [2026-09-17T10:11:25.996+0000] {dag.py:2742} INFO - Sync 1 DAGs
[2026-09-17T10:11:26.016+0000] {logging_mixin.py:150} INFO - [2026-09-17T10:11:26.016+0000] {dag.py:3504} INFO - Setting next_dagrun for transform_dag to None, run_after=None
[2026-09-17T10:11:26.033+0000] {processor.py:179} INFO - Processing /workspaces/hands-on-introduction-data-engineering-4395021/airflow/dags/transform_dag.py took 0.380 seconds
