[2026-09-17T00:55:20.225+0000] {processor.py:157} INFO - Started process (PID=21872) to work on /home/vscode/.local/lib/python3.10/site-packages/airflow/example_dags/example_xcomargs.py
[2026-09-17T00:55:20.226+0000] {processor.py:826} INFO - Processing file /home/vscode/.local/lib/python3.10/site-packages/airflow/example_dags/example_xcomargs.py for tasks to queue
[2026-09-17T00:55:20.226+0000] {logging_mixin.py:150} INFO - [2026-09-17T00:55:20.226+0000] {dagbag.py:541} INFO - Filling up the DagBag from /home/vscode/.local/lib/python3.10/site-packages/airflow/example_dags/example_xcomargs.py
[2026-09-17T00:55:20.235+0000] {processor.py:836} INFO - DAG(s) dict_keys(['example_xcom_args', 'example_xcom_args_with_operators']) retrieved from /home/vscode/.local/lib/python3.10/site-packages/airflow/example_dags/example_xcomargs.py
[2026-09-17T00:55:20.326+0000] {logging_mixin.py:150} INFO - [2026-09-17T00:55:20.325+0000] {manager.py:504} INFO - Created Permission View: can delete on DAG:example_xcom_args
[2026-09-17T00:55:20.337+0000] {logging_mixin.py:150} INFO - [2026-09-17T00:55:20.336+0000] {manager.py:504} INFO - Created Permission View: can edit on DAG:example_xcom_args
[2026-09-17T00:55:20.345+0000] {logging_mixin.py:150} INFO - [2026-09-17T00:55:20.345+0000] {manager.py:504} INFO - Created Permission View: can read on DAG:example_xcom_args
[2026-09-17T00:55:20.371+0000] {logging_mixin.py:150} INFO - [2026-09-17T00:55:20.371+0000] {manager.py:504} INFO - Created Permission View: can delete on DAG:example_xcom_args_with_operators
[2026-09-17T00:55:20.380+0000] {logging_mixin.py:150} INFO - [2026-09-17T00:55:20.380+0000] {manager.py:504} INFO - Created Permission View: can edit on DAG:example_xcom_args_with_operators
[2026-09-17T00:55:20.387+0000] {logging_mixin.py:150} INFO - [2026-09-17T00:55:20.387+0000] {manager.py:504} INFO - Created Permission View: can read on DAG:example_xcom_args_with_operators
[2026-09-17T00:55:20.391+0000] {logging_mixin.py:150} INFO - [2026-09-17T00:55:20.391+0000] {dag.py:2742} INFO - Sync 2 DAGs
[2026-09-17T00:55:20.398+0000] {logging_mixin.py:150} INFO - [2026-09-17T00:55:20.398+0000] {dag.py:2763} INFO - Creating ORM DAG for example_xcom_args_with_operators
[2026-09-17T00:55:20.399+0000] {logging_mixin.py:150} INFO - [2026-09-17T00:55:20.398+0000] {dag.py:2763} INFO - Creating ORM DAG for example_xcom_args
[2026-09-17T00:55:20.406+0000] {logging_mixin.py:150} INFO - [2026-09-17T00:55:20.406+0000] {dag.py:3504} INFO - Setting next_dagrun for example_xcom_args to None, run_after=None
[2026-09-17T00:55:20.406+0000] {logging_mixin.py:150} INFO - [2026-09-17T00:55:20.406+0000] {dag.py:3504} INFO - Setting next_dagrun for example_xcom_args_with_operators to None, run_after=None
[2026-09-17T00:55:20.425+0000] {processor.py:179} INFO - Processing /home/vscode/.local/lib/python3.10/site-packages/airflow/example_dags/example_xcomargs.py took 0.203 seconds
[2026-09-17T00:55:50.833+0000] {processor.py:157} INFO - Started process (PID=22214) to work on /home/vscode/.local/lib/python3.10/site-packages/airflow/example_dags/example_xcomargs.py
[2026-09-17T00:55:50.833+0000] {processor.py:826} INFO - Processing file /home/vscode/.local/lib/python3.10/site-packages/airflow/example_dags/example_xcomargs.py for tasks to queue
[2026-09-17T00:55:50.834+0000] {logging_mixin.py:150} INFO - [2026-09-17T00:55:50.834+0000] {dagbag.py:541} INFO - Filling up the DagBag from /home/vscode/.local/lib/python3.10/site-packages/airflow/example_dags/example_xcomargs.py
[2026-09-17T00:55:50.842+0000] {processor.py:836} INFO - DAG(s) dict_keys(['example_xcom_args', 'example_xcom_args_with_operators']) retrieved from /home/vscode/.local/lib/python3.10/site-packages/airflow/example_dags/example_xcomargs.py
[2026-09-17T00:55:50.866+0000] {logging_mixin.py:150} INFO - [2026-09-17T00:55:50.866+0000] {dag.py:2742} INFO - Sync 2 DAGs
[2026-09-17T00:55:50.883+0000] {logging_mixin.py:150} INFO - [2026-09-17T00:55:50.883+0000] {dag.py:3504} INFO - Setting next_dagrun for example_xcom_args to None, run_after=None
[2026-09-17T00:55:50.885+0000] {logging_mixin.py:150} INFO - [2026-09-17T00:55:50.885+0000] {dag.py:3504} INFO - Setting next_dagrun for example_xcom_args_with_operators to None, run_after=None
[2026-09-17T00:55:50.902+0000] {processor.py:179} INFO - Processing /home/vscode/.local/lib/python3.10/site-packages/airflow/example_dags/example_xcomargs.py took 0.072 seconds
[2026-09-17T00:56:16.870+0000] {processor.py:157} INFO - Started process (PID=22418) to work on /home/vscode/.local/lib/python3.10/site-packages/airflow/example_dags/example_xcomargs.py
[2026-09-17T00:56:16.871+0000] {processor.py:826} INFO - Processing file /home/vscode/.local/lib/python3.10/site-packages/airflow/example_dags/example_xcomargs.py for tasks to queue
[2026-09-17T00:56:16.872+0000] {logging_mixin.py:150} INFO - [2026-09-17T00:56:16.872+0000] {dagbag.py:541} INFO - Filling up the DagBag from /home/vscode/.local/lib/python3.10/site-packages/airflow/example_dags/example_xcomargs.py
[2026-09-17T00:56:16.890+0000] {processor.py:836} INFO - DAG(s) dict_keys(['example_xcom_args', 'example_xcom_args_with_operators']) retrieved from /home/vscode/.local/lib/python3.10/site-packages/airflow/example_dags/example_xcomargs.py
[2026-09-17T00:56:16.913+0000] {logging_mixin.py:150} INFO - [2026-09-17T00:56:16.913+0000] {dag.py:2742} INFO - Sync 2 DAGs
[2026-09-17T00:56:16.933+0000] {logging_mixin.py:150} INFO - [2026-09-17T00:56:16.933+0000] {dag.py:3504} INFO - Setting next_dagrun for example_xcom_args to None, run_after=None
[2026-09-17T00:56:16.941+0000] {logging_mixin.py:150} INFO - [2026-09-17T00:56:16.940+0000] {dag.py:3504} INFO - Setting next_dagrun for example_xcom_args_with_operators to None, run_after=None
[2026-09-17T00:56:16.972+0000] {processor.py:179} INFO - Processing /home/vscode/.local/lib/python3.10/site-packages/airflow/example_dags/example_xcomargs.py took 0.110 seconds
[2026-09-17T00:56:39.956+0000] {processor.py:157} INFO - Started process (PID=22694) to work on /home/vscode/.local/lib/python3.10/site-packages/airflow/example_dags/example_xcomargs.py
[2026-09-17T00:56:39.957+0000] {processor.py:826} INFO - Processing file /home/vscode/.local/lib/python3.10/site-packages/airflow/example_dags/example_xcomargs.py for tasks to queue
[2026-09-17T00:56:39.958+0000] {logging_mixin.py:150} INFO - [2026-09-17T00:56:39.958+0000] {dagbag.py:541} INFO - Filling up the DagBag from /home/vscode/.local/lib/python3.10/site-packages/airflow/example_dags/example_xcomargs.py
[2026-09-17T00:56:39.970+0000] {processor.py:836} INFO - DAG(s) dict_keys(['example_xcom_args', 'example_xcom_args_with_operators']) retrieved from /home/vscode/.local/lib/python3.10/site-packages/airflow/example_dags/example_xcomargs.py
[2026-09-17T00:56:39.991+0000] {logging_mixin.py:150} INFO - [2026-09-17T00:56:39.990+0000] {dag.py:2742} INFO - Sync 2 DAGs
[2026-09-17T00:56:40.012+0000] {logging_mixin.py:150} INFO - [2026-09-17T00:56:40.012+0000] {dag.py:3504} INFO - Setting next_dagrun for example_xcom_args to None, run_after=None
[2026-09-17T00:56:40.016+0000] {logging_mixin.py:150} INFO - [2026-09-17T00:56:40.016+0000] {dag.py:3504} INFO - Setting next_dagrun for example_xcom_args_with_operators to None, run_after=None
[2026-09-17T00:56:40.035+0000] {processor.py:179} INFO - Processing /home/vscode/.local/lib/python3.10/site-packages/airflow/example_dags/example_xcomargs.py took 0.082 seconds
[2026-09-17T00:57:02.951+0000] {processor.py:157} INFO - Started process (PID=22868) to work on /home/vscode/.local/lib/python3.10/site-packages/airflow/example_dags/example_xcomargs.py
[2026-09-17T00:57:02.952+0000] {processor.py:826} INFO - Processing file /home/vscode/.local/lib/python3.10/site-packages/airflow/example_dags/example_xcomargs.py for tasks to queue
[2026-09-17T00:57:02.953+0000] {logging_mixin.py:150} INFO - [2026-09-17T00:57:02.952+0000] {dagbag.py:541} INFO - Filling up the DagBag from /home/vscode/.local/lib/python3.10/site-packages/airflow/example_dags/example_xcomargs.py
[2026-09-17T00:57:02.961+0000] {processor.py:836} INFO - DAG(s) dict_keys(['example_xcom_args_with_operators', 'example_xcom_args']) retrieved from /home/vscode/.local/lib/python3.10/site-packages/airflow/example_dags/example_xcomargs.py
[2026-09-17T00:57:02.982+0000] {logging_mixin.py:150} INFO - [2026-09-17T00:57:02.981+0000] {dag.py:2742} INFO - Sync 2 DAGs
[2026-09-17T00:57:03.002+0000] {logging_mixin.py:150} INFO - [2026-09-17T00:57:03.002+0000] {dag.py:3504} INFO - Setting next_dagrun for example_xcom_args to None, run_after=None
[2026-09-17T00:57:03.005+0000] {logging_mixin.py:150} INFO - [2026-09-17T00:57:03.005+0000] {dag.py:3504} INFO - Setting next_dagrun for example_xcom_args_with_operators to None, run_after=None
[2026-09-17T00:57:03.025+0000] {processor.py:179} INFO - Processing /home/vscode/.local/lib/python3.10/site-packages/airflow/example_dags/example_xcomargs.py took 0.077 seconds
[2026-09-17T00:57:31.132+0000] {processor.py:157} INFO - Started process (PID=23082) to work on /home/vscode/.local/lib/python3.10/site-packages/airflow/example_dags/example_xcomargs.py
[2026-09-17T00:57:31.133+0000] {processor.py:826} INFO - Processing file /home/vscode/.local/lib/python3.10/site-packages/airflow/example_dags/example_xcomargs.py for tasks to queue
[2026-09-17T00:57:31.134+0000] {logging_mixin.py:150} INFO - [2026-09-17T00:57:31.133+0000] {dagbag.py:541} INFO - Filling up the DagBag from /home/vscode/.local/lib/python3.10/site-packages/airflow/example_dags/example_xcomargs.py
[2026-09-17T00:57:31.145+0000] {processor.py:836} INFO - DAG(s) dict_keys(['example_xcom_args', 'example_xcom_args_with_operators']) retrieved from /home/vscode/.local/lib/python3.10/site-packages/airflow/example_dags/example_xcomargs.py
[2026-09-17T00:57:31.162+0000] {logging_mixin.py:150} INFO - [2026-09-17T00:57:31.162+0000] {dag.py:2742} INFO - Sync 2 DAGs
[2026-09-17T00:57:31.184+0000] {logging_mixin.py:150} INFO - [2026-09-17T00:57:31.184+0000] {dag.py:3504} INFO - Setting next_dagrun for example_xcom_args to None, run_after=None
[2026-09-17T00:57:31.188+0000] {logging_mixin.py:150} INFO - [2026-09-17T00:57:31.188+0000] {dag.py:3504} INFO - Setting next_dagrun for example_xcom_args_with_operators to None, run_after=None
[2026-09-17T00:57:31.212+0000] {processor.py:179} INFO - Processing /home/vscode/.local/lib/python3.10/site-packages/airflow/example_dags/example_xcomargs.py took 0.084 seconds
[2026-09-17T00:57:50.259+0000] {processor.py:157} INFO - Started process (PID=23231) to work on /home/vscode/.local/lib/python3.10/site-packages/airflow/example_dags/example_xcomargs.py
[2026-09-17T00:57:50.260+0000] {processor.py:826} INFO - Processing file /home/vscode/.local/lib/python3.10/site-packages/airflow/example_dags/example_xcomargs.py for tasks to queue
[2026-09-17T00:57:50.260+0000] {logging_mixin.py:150} INFO - [2026-09-17T00:57:50.260+0000] {dagbag.py:541} INFO - Filling up the DagBag from /home/vscode/.local/lib/python3.10/site-packages/airflow/example_dags/example_xcomargs.py
[2026-09-17T00:57:50.267+0000] {processor.py:836} INFO - DAG(s) dict_keys(['example_xcom_args_with_operators', 'example_xcom_args']) retrieved from /home/vscode/.local/lib/python3.10/site-packages/airflow/example_dags/example_xcomargs.py
[2026-09-17T00:57:50.287+0000] {logging_mixin.py:150} INFO - [2026-09-17T00:57:50.287+0000] {dag.py:2742} INFO - Sync 2 DAGs
[2026-09-17T00:57:50.308+0000] {logging_mixin.py:150} INFO - [2026-09-17T00:57:50.308+0000] {dag.py:3504} INFO - Setting next_dagrun for example_xcom_args to None, run_after=None
[2026-09-17T00:57:50.311+0000] {logging_mixin.py:150} INFO - [2026-09-17T00:57:50.311+0000] {dag.py:3504} INFO - Setting next_dagrun for example_xcom_args_with_operators to None, run_after=None
[2026-09-17T00:57:50.333+0000] {processor.py:179} INFO - Processing /home/vscode/.local/lib/python3.10/site-packages/airflow/example_dags/example_xcomargs.py took 0.076 seconds
[2026-09-17T00:58:07.287+0000] {processor.py:157} INFO - Started process (PID=23355) to work on /home/vscode/.local/lib/python3.10/site-packages/airflow/example_dags/example_xcomargs.py
[2026-09-17T00:58:07.288+0000] {processor.py:826} INFO - Processing file /home/vscode/.local/lib/python3.10/site-packages/airflow/example_dags/example_xcomargs.py for tasks to queue
[2026-09-17T00:58:07.288+0000] {logging_mixin.py:150} INFO - [2026-09-17T00:58:07.288+0000] {dagbag.py:541} INFO - Filling up the DagBag from /home/vscode/.local/lib/python3.10/site-packages/airflow/example_dags/example_xcomargs.py
[2026-09-17T00:58:07.295+0000] {processor.py:836} INFO - DAG(s) dict_keys(['example_xcom_args_with_operators', 'example_xcom_args']) retrieved from /home/vscode/.local/lib/python3.10/site-packages/airflow/example_dags/example_xcomargs.py
[2026-09-17T00:58:07.327+0000] {logging_mixin.py:150} INFO - [2026-09-17T00:58:07.327+0000] {dag.py:2742} INFO - Sync 2 DAGs
[2026-09-17T00:58:07.378+0000] {logging_mixin.py:150} INFO - [2026-09-17T00:58:07.378+0000] {dag.py:3504} INFO - Setting next_dagrun for example_xcom_args to None, run_after=None
[2026-09-17T00:58:07.385+0000] {logging_mixin.py:150} INFO - [2026-09-17T00:58:07.385+0000] {dag.py:3504} INFO - Setting next_dagrun for example_xcom_args_with_operators to None, run_after=None
[2026-09-17T00:58:07.423+0000] {processor.py:179} INFO - Processing /home/vscode/.local/lib/python3.10/site-packages/airflow/example_dags/example_xcomargs.py took 0.139 seconds
[2026-09-17T00:58:25.946+0000] {processor.py:157} INFO - Started process (PID=23598) to work on /home/vscode/.local/lib/python3.10/site-packages/airflow/example_dags/example_xcomargs.py
[2026-09-17T00:58:25.946+0000] {processor.py:826} INFO - Processing file /home/vscode/.local/lib/python3.10/site-packages/airflow/example_dags/example_xcomargs.py for tasks to queue
[2026-09-17T00:58:25.947+0000] {logging_mixin.py:150} INFO - [2026-09-17T00:58:25.947+0000] {dagbag.py:541} INFO - Filling up the DagBag from /home/vscode/.local/lib/python3.10/site-packages/airflow/example_dags/example_xcomargs.py
[2026-09-17T00:58:25.953+0000] {processor.py:836} INFO - DAG(s) dict_keys(['example_xcom_args', 'example_xcom_args_with_operators']) retrieved from /home/vscode/.local/lib/python3.10/site-packages/airflow/example_dags/example_xcomargs.py
[2026-09-17T00:58:25.970+0000] {logging_mixin.py:150} INFO - [2026-09-17T00:58:25.969+0000] {dag.py:2742} INFO - Sync 2 DAGs
[2026-09-17T00:58:25.985+0000] {logging_mixin.py:150} INFO - [2026-09-17T00:58:25.985+0000] {dag.py:3504} INFO - Setting next_dagrun for example_xcom_args to None, run_after=None
[2026-09-17T00:58:25.987+0000] {logging_mixin.py:150} INFO - [2026-09-17T00:58:25.987+0000] {dag.py:3504} INFO - Setting next_dagrun for example_xcom_args_with_operators to None, run_after=None
[2026-09-17T00:58:26.008+0000] {processor.py:179} INFO - Processing /home/vscode/.local/lib/python3.10/site-packages/airflow/example_dags/example_xcomargs.py took 0.065 seconds
[2026-09-17T00:58:44.590+0000] {processor.py:157} INFO - Started process (PID=23748) to work on /home/vscode/.local/lib/python3.10/site-packages/airflow/example_dags/example_xcomargs.py
[2026-09-17T00:58:44.590+0000] {processor.py:826} INFO - Processing file /home/vscode/.local/lib/python3.10/site-packages/airflow/example_dags/example_xcomargs.py for tasks to queue
[2026-09-17T00:58:44.591+0000] {logging_mixin.py:150} INFO - [2026-09-17T00:58:44.591+0000] {dagbag.py:541} INFO - Filling up the DagBag from /home/vscode/.local/lib/python3.10/site-packages/airflow/example_dags/example_xcomargs.py
[2026-09-17T00:58:44.601+0000] {processor.py:836} INFO - DAG(s) dict_keys(['example_xcom_args', 'example_xcom_args_with_operators']) retrieved from /home/vscode/.local/lib/python3.10/site-packages/airflow/example_dags/example_xcomargs.py
[2026-09-17T00:58:44.631+0000] {logging_mixin.py:150} INFO - [2026-09-17T00:58:44.631+0000] {dag.py:2742} INFO - Sync 2 DAGs
[2026-09-17T00:58:44.648+0000] {logging_mixin.py:150} INFO - [2026-09-17T00:58:44.648+0000] {dag.py:3504} INFO - Setting next_dagrun for example_xcom_args to None, run_after=None
[2026-09-17T00:58:44.650+0000] {logging_mixin.py:150} INFO - [2026-09-17T00:58:44.650+0000] {dag.py:3504} INFO - Setting next_dagrun for example_xcom_args_with_operators to None, run_after=None
[2026-09-17T00:58:44.669+0000] {processor.py:179} INFO - Processing /home/vscode/.local/lib/python3.10/site-packages/airflow/example_dags/example_xcomargs.py took 0.083 seconds
[2026-09-17T00:59:14.123+0000] {processor.py:157} INFO - Started process (PID=24136) to work on /home/vscode/.local/lib/python3.10/site-packages/airflow/example_dags/example_xcomargs.py
[2026-09-17T00:59:14.124+0000] {processor.py:826} INFO - Processing file /home/vscode/.local/lib/python3.10/site-packages/airflow/example_dags/example_xcomargs.py for tasks to queue
[2026-09-17T00:59:14.125+0000] {logging_mixin.py:150} INFO - [2026-09-17T00:59:14.124+0000] {dagbag.py:541} INFO - Filling up the DagBag from /home/vscode/.local/lib/python3.10/site-packages/airflow/example_dags/example_xcomargs.py
[2026-09-17T00:59:14.134+0000] {processor.py:836} INFO - DAG(s) dict_keys(['example_xcom_args_with_operators', 'example_xcom_args']) retrieved from /home/vscode/.local/lib/python3.10/site-packages/airflow/example_dags/example_xcomargs.py
[2026-09-17T00:59:14.155+0000] {logging_mixin.py:150} INFO - [2026-09-17T00:59:14.155+0000] {dag.py:2742} INFO - Sync 2 DAGs
[2026-09-17T00:59:14.171+0000] {logging_mixin.py:150} INFO - [2026-09-17T00:59:14.171+0000] {dag.py:3504} INFO - Setting next_dagrun for example_xcom_args to None, run_after=None
[2026-09-17T00:59:14.173+0000] {logging_mixin.py:150} INFO - [2026-09-17T00:59:14.173+0000] {dag.py:3504} INFO - Setting next_dagrun for example_xcom_args_with_operators to None, run_after=None
[2026-09-17T00:59:14.193+0000] {processor.py:179} INFO - Processing /home/vscode/.local/lib/python3.10/site-packages/airflow/example_dags/example_xcomargs.py took 0.073 seconds
[2026-09-17T00:59:21.695+0000] {processor.py:157} INFO - Started process (PID=24234) to work on /home/vscode/.local/lib/python3.10/site-packages/airflow/example_dags/example_xcomargs.py
[2026-09-17T00:59:21.696+0000] {processor.py:826} INFO - Processing file /home/vscode/.local/lib/python3.10/site-packages/airflow/example_dags/example_xcomargs.py for tasks to queue
[2026-09-17T00:59:21.699+0000] {logging_mixin.py:150} INFO - [2026-09-17T00:59:21.699+0000] {dagbag.py:541} INFO - Filling up the DagBag from /home/vscode/.local/lib/python3.10/site-packages/airflow/example_dags/example_xcomargs.py
[2026-09-17T00:59:21.731+0000] {processor.py:836} INFO - DAG(s) dict_keys(['example_xcom_args', 'example_xcom_args_with_operators']) retrieved from /home/vscode/.local/lib/python3.10/site-packages/airflow/example_dags/example_xcomargs.py
[2026-09-17T00:59:21.814+0000] {logging_mixin.py:150} INFO - [2026-09-17T00:59:21.810+0000] {dag.py:2742} INFO - Sync 2 DAGs
[2026-09-17T00:59:21.881+0000] {logging_mixin.py:150} INFO - [2026-09-17T00:59:21.881+0000] {dag.py:3504} INFO - Setting next_dagrun for example_xcom_args to None, run_after=None
[2026-09-17T00:59:21.895+0000] {logging_mixin.py:150} INFO - [2026-09-17T00:59:21.895+0000] {dag.py:3504} INFO - Setting next_dagrun for example_xcom_args_with_operators to None, run_after=None
[2026-09-17T00:59:21.954+0000] {processor.py:179} INFO - Processing /home/vscode/.local/lib/python3.10/site-packages/airflow/example_dags/example_xcomargs.py took 0.270 seconds
[2026-09-17T00:59:57.849+0000] {processor.py:157} INFO - Started process (PID=24759) to work on /home/vscode/.local/lib/python3.10/site-packages/airflow/example_dags/example_xcomargs.py
[2026-09-17T00:59:57.849+0000] {processor.py:826} INFO - Processing file /home/vscode/.local/lib/python3.10/site-packages/airflow/example_dags/example_xcomargs.py for tasks to queue
[2026-09-17T00:59:57.850+0000] {logging_mixin.py:150} INFO - [2026-09-17T00:59:57.850+0000] {dagbag.py:541} INFO - Filling up the DagBag from /home/vscode/.local/lib/python3.10/site-packages/airflow/example_dags/example_xcomargs.py
[2026-09-17T00:59:57.856+0000] {processor.py:836} INFO - DAG(s) dict_keys(['example_xcom_args', 'example_xcom_args_with_operators']) retrieved from /home/vscode/.local/lib/python3.10/site-packages/airflow/example_dags/example_xcomargs.py
[2026-09-17T00:59:57.871+0000] {logging_mixin.py:150} INFO - [2026-09-17T00:59:57.870+0000] {dag.py:2742} INFO - Sync 2 DAGs
[2026-09-17T00:59:57.887+0000] {logging_mixin.py:150} INFO - [2026-09-17T00:59:57.886+0000] {dag.py:3504} INFO - Setting next_dagrun for example_xcom_args to None, run_after=None
[2026-09-17T00:59:57.889+0000] {logging_mixin.py:150} INFO - [2026-09-17T00:59:57.889+0000] {dag.py:3504} INFO - Setting next_dagrun for example_xcom_args_with_operators to None, run_after=None
[2026-09-17T00:59:57.907+0000] {processor.py:179} INFO - Processing /home/vscode/.local/lib/python3.10/site-packages/airflow/example_dags/example_xcomargs.py took 0.061 seconds
[2026-09-17T01:00:06.171+0000] {processor.py:157} INFO - Started process (PID=24890) to work on /home/vscode/.local/lib/python3.10/site-packages/airflow/example_dags/example_xcomargs.py
[2026-09-17T01:00:06.172+0000] {processor.py:826} INFO - Processing file /home/vscode/.local/lib/python3.10/site-packages/airflow/example_dags/example_xcomargs.py for tasks to queue
[2026-09-17T01:00:06.172+0000] {logging_mixin.py:150} INFO - [2026-09-17T01:00:06.172+0000] {dagbag.py:541} INFO - Filling up the DagBag from /home/vscode/.local/lib/python3.10/site-packages/airflow/example_dags/example_xcomargs.py
[2026-09-17T01:00:06.179+0000] {processor.py:836} INFO - DAG(s) dict_keys(['example_xcom_args_with_operators', 'example_xcom_args']) retrieved from /home/vscode/.local/lib/python3.10/site-packages/airflow/example_dags/example_xcomargs.py
[2026-09-17T01:00:06.201+0000] {logging_mixin.py:150} INFO - [2026-09-17T01:00:06.201+0000] {dag.py:2742} INFO - Sync 2 DAGs
[2026-09-17T01:00:06.216+0000] {logging_mixin.py:150} INFO - [2026-09-17T01:00:06.216+0000] {dag.py:3504} INFO - Setting next_dagrun for example_xcom_args to None, run_after=None
[2026-09-17T01:00:06.218+0000] {logging_mixin.py:150} INFO - [2026-09-17T01:00:06.218+0000] {dag.py:3504} INFO - Setting next_dagrun for example_xcom_args_with_operators to None, run_after=None
[2026-09-17T01:00:06.234+0000] {processor.py:179} INFO - Processing /home/vscode/.local/lib/python3.10/site-packages/airflow/example_dags/example_xcomargs.py took 0.065 seconds
[2026-09-17T01:00:42.202+0000] {processor.py:157} INFO - Started process (PID=25344) to work on /home/vscode/.local/lib/python3.10/site-packages/airflow/example_dags/example_xcomargs.py
[2026-09-17T01:00:42.203+0000] {processor.py:826} INFO - Processing file /home/vscode/.local/lib/python3.10/site-packages/airflow/example_dags/example_xcomargs.py for tasks to queue
[2026-09-17T01:00:42.204+0000] {logging_mixin.py:150} INFO - [2026-09-17T01:00:42.203+0000] {dagbag.py:541} INFO - Filling up the DagBag from /home/vscode/.local/lib/python3.10/site-packages/airflow/example_dags/example_xcomargs.py
[2026-09-17T01:00:42.210+0000] {processor.py:836} INFO - DAG(s) dict_keys(['example_xcom_args', 'example_xcom_args_with_operators']) retrieved from /home/vscode/.local/lib/python3.10/site-packages/airflow/example_dags/example_xcomargs.py
[2026-09-17T01:00:42.225+0000] {logging_mixin.py:150} INFO - [2026-09-17T01:00:42.224+0000] {dag.py:2742} INFO - Sync 2 DAGs
[2026-09-17T01:00:42.240+0000] {logging_mixin.py:150} INFO - [2026-09-17T01:00:42.239+0000] {dag.py:3504} INFO - Setting next_dagrun for example_xcom_args to None, run_after=None
[2026-09-17T01:00:42.242+0000] {logging_mixin.py:150} INFO - [2026-09-17T01:00:42.242+0000] {dag.py:3504} INFO - Setting next_dagrun for example_xcom_args_with_operators to None, run_after=None
[2026-09-17T01:00:42.257+0000] {processor.py:179} INFO - Processing /home/vscode/.local/lib/python3.10/site-packages/airflow/example_dags/example_xcomargs.py took 0.057 seconds
[2026-09-17T01:00:47.776+0000] {processor.py:157} INFO - Started process (PID=25400) to work on /home/vscode/.local/lib/python3.10/site-packages/airflow/example_dags/example_xcomargs.py
[2026-09-17T01:00:47.777+0000] {processor.py:826} INFO - Processing file /home/vscode/.local/lib/python3.10/site-packages/airflow/example_dags/example_xcomargs.py for tasks to queue
[2026-09-17T01:00:47.777+0000] {logging_mixin.py:150} INFO - [2026-09-17T01:00:47.777+0000] {dagbag.py:541} INFO - Filling up the DagBag from /home/vscode/.local/lib/python3.10/site-packages/airflow/example_dags/example_xcomargs.py
[2026-09-17T01:00:47.785+0000] {processor.py:836} INFO - DAG(s) dict_keys(['example_xcom_args', 'example_xcom_args_with_operators']) retrieved from /home/vscode/.local/lib/python3.10/site-packages/airflow/example_dags/example_xcomargs.py
[2026-09-17T01:00:47.804+0000] {logging_mixin.py:150} INFO - [2026-09-17T01:00:47.803+0000] {dag.py:2742} INFO - Sync 2 DAGs
[2026-09-17T01:00:47.818+0000] {logging_mixin.py:150} INFO - [2026-09-17T01:00:47.818+0000] {dag.py:3504} INFO - Setting next_dagrun for example_xcom_args to None, run_after=None
[2026-09-17T01:00:47.820+0000] {logging_mixin.py:150} INFO - [2026-09-17T01:00:47.820+0000] {dag.py:3504} INFO - Setting next_dagrun for example_xcom_args_with_operators to None, run_after=None
[2026-09-17T01:00:47.835+0000] {processor.py:179} INFO - Processing /home/vscode/.local/lib/python3.10/site-packages/airflow/example_dags/example_xcomargs.py took 0.062 seconds
[2026-09-17T01:01:34.063+0000] {processor.py:157} INFO - Started process (PID=25795) to work on /home/vscode/.local/lib/python3.10/site-packages/airflow/example_dags/example_xcomargs.py
[2026-09-17T01:01:34.064+0000] {processor.py:826} INFO - Processing file /home/vscode/.local/lib/python3.10/site-packages/airflow/example_dags/example_xcomargs.py for tasks to queue
[2026-09-17T01:01:34.065+0000] {logging_mixin.py:150} INFO - [2026-09-17T01:01:34.065+0000] {dagbag.py:541} INFO - Filling up the DagBag from /home/vscode/.local/lib/python3.10/site-packages/airflow/example_dags/example_xcomargs.py
[2026-09-17T01:01:34.096+0000] {processor.py:836} INFO - DAG(s) dict_keys(['example_xcom_args_with_operators', 'example_xcom_args']) retrieved from /home/vscode/.local/lib/python3.10/site-packages/airflow/example_dags/example_xcomargs.py
[2026-09-17T01:01:34.117+0000] {logging_mixin.py:150} INFO - [2026-09-17T01:01:34.117+0000] {dag.py:2742} INFO - Sync 2 DAGs
[2026-09-17T01:01:34.139+0000] {logging_mixin.py:150} INFO - [2026-09-17T01:01:34.139+0000] {dag.py:3504} INFO - Setting next_dagrun for example_xcom_args to None, run_after=None
[2026-09-17T01:01:34.142+0000] {logging_mixin.py:150} INFO - [2026-09-17T01:01:34.142+0000] {dag.py:3504} INFO - Setting next_dagrun for example_xcom_args_with_operators to None, run_after=None
[2026-09-17T01:01:34.168+0000] {processor.py:179} INFO - Processing /home/vscode/.local/lib/python3.10/site-packages/airflow/example_dags/example_xcomargs.py took 0.126 seconds
[2026-09-17T01:01:38.071+0000] {processor.py:157} INFO - Started process (PID=25816) to work on /home/vscode/.local/lib/python3.10/site-packages/airflow/example_dags/example_xcomargs.py
[2026-09-17T01:01:38.072+0000] {processor.py:826} INFO - Processing file /home/vscode/.local/lib/python3.10/site-packages/airflow/example_dags/example_xcomargs.py for tasks to queue
[2026-09-17T01:01:38.073+0000] {logging_mixin.py:150} INFO - [2026-09-17T01:01:38.073+0000] {dagbag.py:541} INFO - Filling up the DagBag from /home/vscode/.local/lib/python3.10/site-packages/airflow/example_dags/example_xcomargs.py
[2026-09-17T01:01:38.083+0000] {processor.py:836} INFO - DAG(s) dict_keys(['example_xcom_args', 'example_xcom_args_with_operators']) retrieved from /home/vscode/.local/lib/python3.10/site-packages/airflow/example_dags/example_xcomargs.py
[2026-09-17T01:01:38.103+0000] {logging_mixin.py:150} INFO - [2026-09-17T01:01:38.103+0000] {dag.py:2742} INFO - Sync 2 DAGs
[2026-09-17T01:01:38.125+0000] {logging_mixin.py:150} INFO - [2026-09-17T01:01:38.124+0000] {dag.py:3504} INFO - Setting next_dagrun for example_xcom_args to None, run_after=None
[2026-09-17T01:01:38.128+0000] {logging_mixin.py:150} INFO - [2026-09-17T01:01:38.127+0000] {dag.py:3504} INFO - Setting next_dagrun for example_xcom_args_with_operators to None, run_after=None
[2026-09-17T01:01:38.146+0000] {processor.py:179} INFO - Processing /home/vscode/.local/lib/python3.10/site-packages/airflow/example_dags/example_xcomargs.py took 0.078 seconds
[2026-09-17T01:02:08.909+0000] {processor.py:157} INFO - Started process (PID=26075) to work on /home/vscode/.local/lib/python3.10/site-packages/airflow/example_dags/example_xcomargs.py
[2026-09-17T01:02:08.910+0000] {processor.py:826} INFO - Processing file /home/vscode/.local/lib/python3.10/site-packages/airflow/example_dags/example_xcomargs.py for tasks to queue
[2026-09-17T01:02:08.911+0000] {logging_mixin.py:150} INFO - [2026-09-17T01:02:08.911+0000] {dagbag.py:541} INFO - Filling up the DagBag from /home/vscode/.local/lib/python3.10/site-packages/airflow/example_dags/example_xcomargs.py
[2026-09-17T01:02:08.917+0000] {processor.py:836} INFO - DAG(s) dict_keys(['example_xcom_args_with_operators', 'example_xcom_args']) retrieved from /home/vscode/.local/lib/python3.10/site-packages/airflow/example_dags/example_xcomargs.py
[2026-09-17T01:02:08.935+0000] {logging_mixin.py:150} INFO - [2026-09-17T01:02:08.935+0000] {dag.py:2742} INFO - Sync 2 DAGs
[2026-09-17T01:02:08.951+0000] {logging_mixin.py:150} INFO - [2026-09-17T01:02:08.950+0000] {dag.py:3504} INFO - Setting next_dagrun for example_xcom_args to None, run_after=None
[2026-09-17T01:02:08.953+0000] {logging_mixin.py:150} INFO - [2026-09-17T01:02:08.953+0000] {dag.py:3504} INFO - Setting next_dagrun for example_xcom_args_with_operators to None, run_after=None
[2026-09-17T01:02:08.975+0000] {processor.py:179} INFO - Processing /home/vscode/.local/lib/python3.10/site-packages/airflow/example_dags/example_xcomargs.py took 0.069 seconds
[2026-09-17T01:02:22.843+0000] {processor.py:157} INFO - Started process (PID=26198) to work on /home/vscode/.local/lib/python3.10/site-packages/airflow/example_dags/example_xcomargs.py
[2026-09-17T01:02:22.844+0000] {processor.py:826} INFO - Processing file /home/vscode/.local/lib/python3.10/site-packages/airflow/example_dags/example_xcomargs.py for tasks to queue
[2026-09-17T01:02:22.844+0000] {logging_mixin.py:150} INFO - [2026-09-17T01:02:22.844+0000] {dagbag.py:541} INFO - Filling up the DagBag from /home/vscode/.local/lib/python3.10/site-packages/airflow/example_dags/example_xcomargs.py
[2026-09-17T01:02:22.851+0000] {processor.py:836} INFO - DAG(s) dict_keys(['example_xcom_args_with_operators', 'example_xcom_args']) retrieved from /home/vscode/.local/lib/python3.10/site-packages/airflow/example_dags/example_xcomargs.py
[2026-09-17T01:02:22.866+0000] {logging_mixin.py:150} INFO - [2026-09-17T01:02:22.866+0000] {dag.py:2742} INFO - Sync 2 DAGs
[2026-09-17T01:02:22.881+0000] {logging_mixin.py:150} INFO - [2026-09-17T01:02:22.881+0000] {dag.py:3504} INFO - Setting next_dagrun for example_xcom_args to None, run_after=None
[2026-09-17T01:02:22.884+0000] {logging_mixin.py:150} INFO - [2026-09-17T01:02:22.883+0000] {dag.py:3504} INFO - Setting next_dagrun for example_xcom_args_with_operators to None, run_after=None
[2026-09-17T01:02:22.903+0000] {processor.py:179} INFO - Processing /home/vscode/.local/lib/python3.10/site-packages/airflow/example_dags/example_xcomargs.py took 0.063 seconds
[2026-09-17T01:02:44.324+0000] {processor.py:157} INFO - Started process (PID=26380) to work on /home/vscode/.local/lib/python3.10/site-packages/airflow/example_dags/example_xcomargs.py
[2026-09-17T01:02:44.325+0000] {processor.py:826} INFO - Processing file /home/vscode/.local/lib/python3.10/site-packages/airflow/example_dags/example_xcomargs.py for tasks to queue
[2026-09-17T01:02:44.326+0000] {logging_mixin.py:150} INFO - [2026-09-17T01:02:44.325+0000] {dagbag.py:541} INFO - Filling up the DagBag from /home/vscode/.local/lib/python3.10/site-packages/airflow/example_dags/example_xcomargs.py
[2026-09-17T01:02:44.334+0000] {processor.py:836} INFO - DAG(s) dict_keys(['example_xcom_args', 'example_xcom_args_with_operators']) retrieved from /home/vscode/.local/lib/python3.10/site-packages/airflow/example_dags/example_xcomargs.py
[2026-09-17T01:02:44.349+0000] {logging_mixin.py:150} INFO - [2026-09-17T01:02:44.349+0000] {dag.py:2742} INFO - Sync 2 DAGs
[2026-09-17T01:02:44.363+0000] {logging_mixin.py:150} INFO - [2026-09-17T01:02:44.363+0000] {dag.py:3504} INFO - Setting next_dagrun for example_xcom_args to None, run_after=None
[2026-09-17T01:02:44.366+0000] {logging_mixin.py:150} INFO - [2026-09-17T01:02:44.366+0000] {dag.py:3504} INFO - Setting next_dagrun for example_xcom_args_with_operators to None, run_after=None
[2026-09-17T01:02:44.380+0000] {processor.py:179} INFO - Processing /home/vscode/.local/lib/python3.10/site-packages/airflow/example_dags/example_xcomargs.py took 0.059 seconds
[2026-09-17T01:03:09.742+0000] {processor.py:157} INFO - Started process (PID=26595) to work on /home/vscode/.local/lib/python3.10/site-packages/airflow/example_dags/example_xcomargs.py
[2026-09-17T01:03:09.743+0000] {processor.py:826} INFO - Processing file /home/vscode/.local/lib/python3.10/site-packages/airflow/example_dags/example_xcomargs.py for tasks to queue
[2026-09-17T01:03:09.744+0000] {logging_mixin.py:150} INFO - [2026-09-17T01:03:09.744+0000] {dagbag.py:541} INFO - Filling up the DagBag from /home/vscode/.local/lib/python3.10/site-packages/airflow/example_dags/example_xcomargs.py
[2026-09-17T01:03:09.753+0000] {processor.py:836} INFO - DAG(s) dict_keys(['example_xcom_args', 'example_xcom_args_with_operators']) retrieved from /home/vscode/.local/lib/python3.10/site-packages/airflow/example_dags/example_xcomargs.py
[2026-09-17T01:03:09.775+0000] {logging_mixin.py:150} INFO - [2026-09-17T01:03:09.775+0000] {dag.py:2742} INFO - Sync 2 DAGs
[2026-09-17T01:03:09.796+0000] {logging_mixin.py:150} INFO - [2026-09-17T01:03:09.796+0000] {dag.py:3504} INFO - Setting next_dagrun for example_xcom_args to None, run_after=None
[2026-09-17T01:03:09.799+0000] {logging_mixin.py:150} INFO - [2026-09-17T01:03:09.799+0000] {dag.py:3504} INFO - Setting next_dagrun for example_xcom_args_with_operators to None, run_after=None
[2026-09-17T01:03:09.817+0000] {processor.py:179} INFO - Processing /home/vscode/.local/lib/python3.10/site-packages/airflow/example_dags/example_xcomargs.py took 0.078 seconds
[2026-09-17T01:03:20.002+0000] {processor.py:157} INFO - Started process (PID=26686) to work on /home/vscode/.local/lib/python3.10/site-packages/airflow/example_dags/example_xcomargs.py
[2026-09-17T01:03:20.003+0000] {processor.py:826} INFO - Processing file /home/vscode/.local/lib/python3.10/site-packages/airflow/example_dags/example_xcomargs.py for tasks to queue
[2026-09-17T01:03:20.003+0000] {logging_mixin.py:150} INFO - [2026-09-17T01:03:20.003+0000] {dagbag.py:541} INFO - Filling up the DagBag from /home/vscode/.local/lib/python3.10/site-packages/airflow/example_dags/example_xcomargs.py
[2026-09-17T01:03:20.010+0000] {processor.py:836} INFO - DAG(s) dict_keys(['example_xcom_args_with_operators', 'example_xcom_args']) retrieved from /home/vscode/.local/lib/python3.10/site-packages/airflow/example_dags/example_xcomargs.py
[2026-09-17T01:03:20.025+0000] {logging_mixin.py:150} INFO - [2026-09-17T01:03:20.025+0000] {dag.py:2742} INFO - Sync 2 DAGs
[2026-09-17T01:03:20.040+0000] {logging_mixin.py:150} INFO - [2026-09-17T01:03:20.040+0000] {dag.py:3504} INFO - Setting next_dagrun for example_xcom_args to None, run_after=None
[2026-09-17T01:03:20.042+0000] {logging_mixin.py:150} INFO - [2026-09-17T01:03:20.042+0000] {dag.py:3504} INFO - Setting next_dagrun for example_xcom_args_with_operators to None, run_after=None
[2026-09-17T01:03:20.061+0000] {processor.py:179} INFO - Processing /home/vscode/.local/lib/python3.10/site-packages/airflow/example_dags/example_xcomargs.py took 0.062 seconds
[2026-09-17T01:03:58.155+0000] {processor.py:157} INFO - Started process (PID=27013) to work on /home/vscode/.local/lib/python3.10/site-packages/airflow/example_dags/example_xcomargs.py
[2026-09-17T01:03:58.156+0000] {processor.py:826} INFO - Processing file /home/vscode/.local/lib/python3.10/site-packages/airflow/example_dags/example_xcomargs.py for tasks to queue
[2026-09-17T01:03:58.157+0000] {logging_mixin.py:150} INFO - [2026-09-17T01:03:58.157+0000] {dagbag.py:541} INFO - Filling up the DagBag from /home/vscode/.local/lib/python3.10/site-packages/airflow/example_dags/example_xcomargs.py
[2026-09-17T01:03:58.169+0000] {processor.py:836} INFO - DAG(s) dict_keys(['example_xcom_args_with_operators', 'example_xcom_args']) retrieved from /home/vscode/.local/lib/python3.10/site-packages/airflow/example_dags/example_xcomargs.py
[2026-09-17T01:03:58.186+0000] {logging_mixin.py:150} INFO - [2026-09-17T01:03:58.186+0000] {dag.py:2742} INFO - Sync 2 DAGs
[2026-09-17T01:03:58.206+0000] {logging_mixin.py:150} INFO - [2026-09-17T01:03:58.205+0000] {dag.py:3504} INFO - Setting next_dagrun for example_xcom_args to None, run_after=None
[2026-09-17T01:03:58.208+0000] {logging_mixin.py:150} INFO - [2026-09-17T01:03:58.208+0000] {dag.py:3504} INFO - Setting next_dagrun for example_xcom_args_with_operators to None, run_after=None
[2026-09-17T01:03:58.222+0000] {processor.py:179} INFO - Processing /home/vscode/.local/lib/python3.10/site-packages/airflow/example_dags/example_xcomargs.py took 0.071 seconds
[2026-09-17T01:04:08.720+0000] {processor.py:157} INFO - Started process (PID=27102) to work on /home/vscode/.local/lib/python3.10/site-packages/airflow/example_dags/example_xcomargs.py
[2026-09-17T01:04:08.721+0000] {processor.py:826} INFO - Processing file /home/vscode/.local/lib/python3.10/site-packages/airflow/example_dags/example_xcomargs.py for tasks to queue
[2026-09-17T01:04:08.721+0000] {logging_mixin.py:150} INFO - [2026-09-17T01:04:08.721+0000] {dagbag.py:541} INFO - Filling up the DagBag from /home/vscode/.local/lib/python3.10/site-packages/airflow/example_dags/example_xcomargs.py
[2026-09-17T01:04:08.731+0000] {processor.py:836} INFO - DAG(s) dict_keys(['example_xcom_args', 'example_xcom_args_with_operators']) retrieved from /home/vscode/.local/lib/python3.10/site-packages/airflow/example_dags/example_xcomargs.py
[2026-09-17T01:04:08.755+0000] {logging_mixin.py:150} INFO - [2026-09-17T01:04:08.755+0000] {dag.py:2742} INFO - Sync 2 DAGs
[2026-09-17T01:04:08.773+0000] {logging_mixin.py:150} INFO - [2026-09-17T01:04:08.773+0000] {dag.py:3504} INFO - Setting next_dagrun for example_xcom_args to None, run_after=None
[2026-09-17T01:04:08.775+0000] {logging_mixin.py:150} INFO - [2026-09-17T01:04:08.775+0000] {dag.py:3504} INFO - Setting next_dagrun for example_xcom_args_with_operators to None, run_after=None
[2026-09-17T01:04:08.794+0000] {processor.py:179} INFO - Processing /home/vscode/.local/lib/python3.10/site-packages/airflow/example_dags/example_xcomargs.py took 0.078 seconds
[2026-09-17T01:04:49.996+0000] {processor.py:157} INFO - Started process (PID=27436) to work on /home/vscode/.local/lib/python3.10/site-packages/airflow/example_dags/example_xcomargs.py
[2026-09-17T01:04:49.997+0000] {processor.py:826} INFO - Processing file /home/vscode/.local/lib/python3.10/site-packages/airflow/example_dags/example_xcomargs.py for tasks to queue
[2026-09-17T01:04:49.998+0000] {logging_mixin.py:150} INFO - [2026-09-17T01:04:49.997+0000] {dagbag.py:541} INFO - Filling up the DagBag from /home/vscode/.local/lib/python3.10/site-packages/airflow/example_dags/example_xcomargs.py
[2026-09-17T01:04:50.004+0000] {processor.py:836} INFO - DAG(s) dict_keys(['example_xcom_args', 'example_xcom_args_with_operators']) retrieved from /home/vscode/.local/lib/python3.10/site-packages/airflow/example_dags/example_xcomargs.py
[2026-09-17T01:04:50.019+0000] {logging_mixin.py:150} INFO - [2026-09-17T01:04:50.019+0000] {dag.py:2742} INFO - Sync 2 DAGs
[2026-09-17T01:04:50.034+0000] {logging_mixin.py:150} INFO - [2026-09-17T01:04:50.034+0000] {dag.py:3504} INFO - Setting next_dagrun for example_xcom_args to None, run_after=None
[2026-09-17T01:04:50.037+0000] {logging_mixin.py:150} INFO - [2026-09-17T01:04:50.037+0000] {dag.py:3504} INFO - Setting next_dagrun for example_xcom_args_with_operators to None, run_after=None
[2026-09-17T01:04:50.058+0000] {processor.py:179} INFO - Processing /home/vscode/.local/lib/python3.10/site-packages/airflow/example_dags/example_xcomargs.py took 0.065 seconds
[2026-09-17T01:04:58.671+0000] {processor.py:157} INFO - Started process (PID=27514) to work on /home/vscode/.local/lib/python3.10/site-packages/airflow/example_dags/example_xcomargs.py
[2026-09-17T01:04:58.672+0000] {processor.py:826} INFO - Processing file /home/vscode/.local/lib/python3.10/site-packages/airflow/example_dags/example_xcomargs.py for tasks to queue
[2026-09-17T01:04:58.673+0000] {logging_mixin.py:150} INFO - [2026-09-17T01:04:58.673+0000] {dagbag.py:541} INFO - Filling up the DagBag from /home/vscode/.local/lib/python3.10/site-packages/airflow/example_dags/example_xcomargs.py
[2026-09-17T01:04:58.682+0000] {processor.py:836} INFO - DAG(s) dict_keys(['example_xcom_args', 'example_xcom_args_with_operators']) retrieved from /home/vscode/.local/lib/python3.10/site-packages/airflow/example_dags/example_xcomargs.py
[2026-09-17T01:04:58.697+0000] {logging_mixin.py:150} INFO - [2026-09-17T01:04:58.697+0000] {dag.py:2742} INFO - Sync 2 DAGs
[2026-09-17T01:04:58.712+0000] {logging_mixin.py:150} INFO - [2026-09-17T01:04:58.712+0000] {dag.py:3504} INFO - Setting next_dagrun for example_xcom_args to None, run_after=None
[2026-09-17T01:04:58.714+0000] {logging_mixin.py:150} INFO - [2026-09-17T01:04:58.714+0000] {dag.py:3504} INFO - Setting next_dagrun for example_xcom_args_with_operators to None, run_after=None
[2026-09-17T01:04:58.729+0000] {processor.py:179} INFO - Processing /home/vscode/.local/lib/python3.10/site-packages/airflow/example_dags/example_xcomargs.py took 0.062 seconds
[2026-09-17T01:05:39.578+0000] {processor.py:157} INFO - Started process (PID=27864) to work on /home/vscode/.local/lib/python3.10/site-packages/airflow/example_dags/example_xcomargs.py
[2026-09-17T01:05:39.585+0000] {processor.py:826} INFO - Processing file /home/vscode/.local/lib/python3.10/site-packages/airflow/example_dags/example_xcomargs.py for tasks to queue
[2026-09-17T01:05:39.585+0000] {logging_mixin.py:150} INFO - [2026-09-17T01:05:39.585+0000] {dagbag.py:541} INFO - Filling up the DagBag from /home/vscode/.local/lib/python3.10/site-packages/airflow/example_dags/example_xcomargs.py
[2026-09-17T01:05:39.595+0000] {processor.py:836} INFO - DAG(s) dict_keys(['example_xcom_args_with_operators', 'example_xcom_args']) retrieved from /home/vscode/.local/lib/python3.10/site-packages/airflow/example_dags/example_xcomargs.py
[2026-09-17T01:05:39.617+0000] {logging_mixin.py:150} INFO - [2026-09-17T01:05:39.616+0000] {dag.py:2742} INFO - Sync 2 DAGs
[2026-09-17T01:05:39.639+0000] {logging_mixin.py:150} INFO - [2026-09-17T01:05:39.638+0000] {dag.py:3504} INFO - Setting next_dagrun for example_xcom_args to None, run_after=None
[2026-09-17T01:05:39.642+0000] {logging_mixin.py:150} INFO - [2026-09-17T01:05:39.642+0000] {dag.py:3504} INFO - Setting next_dagrun for example_xcom_args_with_operators to None, run_after=None
[2026-09-17T01:05:39.659+0000] {processor.py:179} INFO - Processing /home/vscode/.local/lib/python3.10/site-packages/airflow/example_dags/example_xcomargs.py took 0.085 seconds
[2026-09-17T01:05:45.236+0000] {processor.py:157} INFO - Started process (PID=27950) to work on /home/vscode/.local/lib/python3.10/site-packages/airflow/example_dags/example_xcomargs.py
[2026-09-17T01:05:45.236+0000] {processor.py:826} INFO - Processing file /home/vscode/.local/lib/python3.10/site-packages/airflow/example_dags/example_xcomargs.py for tasks to queue
[2026-09-17T01:05:45.237+0000] {logging_mixin.py:150} INFO - [2026-09-17T01:05:45.237+0000] {dagbag.py:541} INFO - Filling up the DagBag from /home/vscode/.local/lib/python3.10/site-packages/airflow/example_dags/example_xcomargs.py
[2026-09-17T01:05:45.243+0000] {processor.py:836} INFO - DAG(s) dict_keys(['example_xcom_args', 'example_xcom_args_with_operators']) retrieved from /home/vscode/.local/lib/python3.10/site-packages/airflow/example_dags/example_xcomargs.py
[2026-09-17T01:05:45.257+0000] {logging_mixin.py:150} INFO - [2026-09-17T01:05:45.257+0000] {dag.py:2742} INFO - Sync 2 DAGs
[2026-09-17T01:05:45.271+0000] {logging_mixin.py:150} INFO - [2026-09-17T01:05:45.271+0000] {dag.py:3504} INFO - Setting next_dagrun for example_xcom_args to None, run_after=None
[2026-09-17T01:05:45.274+0000] {logging_mixin.py:150} INFO - [2026-09-17T01:05:45.274+0000] {dag.py:3504} INFO - Setting next_dagrun for example_xcom_args_with_operators to None, run_after=None
[2026-09-17T01:05:45.298+0000] {processor.py:179} INFO - Processing /home/vscode/.local/lib/python3.10/site-packages/airflow/example_dags/example_xcomargs.py took 0.065 seconds
[2026-09-17T01:06:26.455+0000] {processor.py:157} INFO - Started process (PID=28300) to work on /home/vscode/.local/lib/python3.10/site-packages/airflow/example_dags/example_xcomargs.py
[2026-09-17T01:06:26.455+0000] {processor.py:826} INFO - Processing file /home/vscode/.local/lib/python3.10/site-packages/airflow/example_dags/example_xcomargs.py for tasks to queue
[2026-09-17T01:06:26.456+0000] {logging_mixin.py:150} INFO - [2026-09-17T01:06:26.456+0000] {dagbag.py:541} INFO - Filling up the DagBag from /home/vscode/.local/lib/python3.10/site-packages/airflow/example_dags/example_xcomargs.py
[2026-09-17T01:06:26.466+0000] {processor.py:836} INFO - DAG(s) dict_keys(['example_xcom_args_with_operators', 'example_xcom_args']) retrieved from /home/vscode/.local/lib/python3.10/site-packages/airflow/example_dags/example_xcomargs.py
[2026-09-17T01:06:26.494+0000] {logging_mixin.py:150} INFO - [2026-09-17T01:06:26.494+0000] {dag.py:2742} INFO - Sync 2 DAGs
[2026-09-17T01:06:26.510+0000] {logging_mixin.py:150} INFO - [2026-09-17T01:06:26.509+0000] {dag.py:3504} INFO - Setting next_dagrun for example_xcom_args to None, run_after=None
[2026-09-17T01:06:26.512+0000] {logging_mixin.py:150} INFO - [2026-09-17T01:06:26.512+0000] {dag.py:3504} INFO - Setting next_dagrun for example_xcom_args_with_operators to None, run_after=None
[2026-09-17T01:06:26.529+0000] {processor.py:179} INFO - Processing /home/vscode/.local/lib/python3.10/site-packages/airflow/example_dags/example_xcomargs.py took 0.078 seconds
[2026-09-17T01:06:36.642+0000] {processor.py:157} INFO - Started process (PID=28386) to work on /home/vscode/.local/lib/python3.10/site-packages/airflow/example_dags/example_xcomargs.py
[2026-09-17T01:06:36.642+0000] {processor.py:826} INFO - Processing file /home/vscode/.local/lib/python3.10/site-packages/airflow/example_dags/example_xcomargs.py for tasks to queue
[2026-09-17T01:06:36.643+0000] {logging_mixin.py:150} INFO - [2026-09-17T01:06:36.643+0000] {dagbag.py:541} INFO - Filling up the DagBag from /home/vscode/.local/lib/python3.10/site-packages/airflow/example_dags/example_xcomargs.py
[2026-09-17T01:06:36.649+0000] {processor.py:836} INFO - DAG(s) dict_keys(['example_xcom_args', 'example_xcom_args_with_operators']) retrieved from /home/vscode/.local/lib/python3.10/site-packages/airflow/example_dags/example_xcomargs.py
[2026-09-17T01:06:36.663+0000] {logging_mixin.py:150} INFO - [2026-09-17T01:06:36.663+0000] {dag.py:2742} INFO - Sync 2 DAGs
[2026-09-17T01:06:36.682+0000] {logging_mixin.py:150} INFO - [2026-09-17T01:06:36.682+0000] {dag.py:3504} INFO - Setting next_dagrun for example_xcom_args to None, run_after=None
[2026-09-17T01:06:36.685+0000] {logging_mixin.py:150} INFO - [2026-09-17T01:06:36.685+0000] {dag.py:3504} INFO - Setting next_dagrun for example_xcom_args_with_operators to None, run_after=None
[2026-09-17T01:06:36.706+0000] {processor.py:179} INFO - Processing /home/vscode/.local/lib/python3.10/site-packages/airflow/example_dags/example_xcomargs.py took 0.066 seconds
[2026-09-17T01:07:00.793+0000] {processor.py:157} INFO - Started process (PID=28587) to work on /home/vscode/.local/lib/python3.10/site-packages/airflow/example_dags/example_xcomargs.py
[2026-09-17T01:07:00.796+0000] {processor.py:826} INFO - Processing file /home/vscode/.local/lib/python3.10/site-packages/airflow/example_dags/example_xcomargs.py for tasks to queue
[2026-09-17T01:07:00.796+0000] {logging_mixin.py:150} INFO - [2026-09-17T01:07:00.796+0000] {dagbag.py:541} INFO - Filling up the DagBag from /home/vscode/.local/lib/python3.10/site-packages/airflow/example_dags/example_xcomargs.py
[2026-09-17T01:07:00.806+0000] {processor.py:836} INFO - DAG(s) dict_keys(['example_xcom_args_with_operators', 'example_xcom_args']) retrieved from /home/vscode/.local/lib/python3.10/site-packages/airflow/example_dags/example_xcomargs.py
[2026-09-17T01:07:00.830+0000] {logging_mixin.py:150} INFO - [2026-09-17T01:07:00.830+0000] {dag.py:2742} INFO - Sync 2 DAGs
[2026-09-17T01:07:00.852+0000] {logging_mixin.py:150} INFO - [2026-09-17T01:07:00.852+0000] {dag.py:3504} INFO - Setting next_dagrun for example_xcom_args to None, run_after=None
[2026-09-17T01:07:00.855+0000] {logging_mixin.py:150} INFO - [2026-09-17T01:07:00.855+0000] {dag.py:3504} INFO - Setting next_dagrun for example_xcom_args_with_operators to None, run_after=None
[2026-09-17T01:07:00.872+0000] {processor.py:179} INFO - Processing /home/vscode/.local/lib/python3.10/site-packages/airflow/example_dags/example_xcomargs.py took 0.084 seconds
[2026-09-17T01:07:10.913+0000] {processor.py:157} INFO - Started process (PID=28671) to work on /home/vscode/.local/lib/python3.10/site-packages/airflow/example_dags/example_xcomargs.py
[2026-09-17T01:07:10.916+0000] {processor.py:826} INFO - Processing file /home/vscode/.local/lib/python3.10/site-packages/airflow/example_dags/example_xcomargs.py for tasks to queue
[2026-09-17T01:07:10.916+0000] {logging_mixin.py:150} INFO - [2026-09-17T01:07:10.916+0000] {dagbag.py:541} INFO - Filling up the DagBag from /home/vscode/.local/lib/python3.10/site-packages/airflow/example_dags/example_xcomargs.py
[2026-09-17T01:07:10.925+0000] {processor.py:836} INFO - DAG(s) dict_keys(['example_xcom_args_with_operators', 'example_xcom_args']) retrieved from /home/vscode/.local/lib/python3.10/site-packages/airflow/example_dags/example_xcomargs.py
[2026-09-17T01:07:10.946+0000] {logging_mixin.py:150} INFO - [2026-09-17T01:07:10.946+0000] {dag.py:2742} INFO - Sync 2 DAGs
[2026-09-17T01:07:10.968+0000] {logging_mixin.py:150} INFO - [2026-09-17T01:07:10.968+0000] {dag.py:3504} INFO - Setting next_dagrun for example_xcom_args to None, run_after=None
[2026-09-17T01:07:10.971+0000] {logging_mixin.py:150} INFO - [2026-09-17T01:07:10.971+0000] {dag.py:3504} INFO - Setting next_dagrun for example_xcom_args_with_operators to None, run_after=None
[2026-09-17T01:07:10.993+0000] {processor.py:179} INFO - Processing /home/vscode/.local/lib/python3.10/site-packages/airflow/example_dags/example_xcomargs.py took 0.083 seconds
[2026-09-17T01:07:36.707+0000] {processor.py:157} INFO - Started process (PID=28893) to work on /home/vscode/.local/lib/python3.10/site-packages/airflow/example_dags/example_xcomargs.py
[2026-09-17T01:07:36.708+0000] {processor.py:826} INFO - Processing file /home/vscode/.local/lib/python3.10/site-packages/airflow/example_dags/example_xcomargs.py for tasks to queue
[2026-09-17T01:07:36.708+0000] {logging_mixin.py:150} INFO - [2026-09-17T01:07:36.708+0000] {dagbag.py:541} INFO - Filling up the DagBag from /home/vscode/.local/lib/python3.10/site-packages/airflow/example_dags/example_xcomargs.py
[2026-09-17T01:07:36.715+0000] {processor.py:836} INFO - DAG(s) dict_keys(['example_xcom_args', 'example_xcom_args_with_operators']) retrieved from /home/vscode/.local/lib/python3.10/site-packages/airflow/example_dags/example_xcomargs.py
[2026-09-17T01:07:36.730+0000] {logging_mixin.py:150} INFO - [2026-09-17T01:07:36.730+0000] {dag.py:2742} INFO - Sync 2 DAGs
[2026-09-17T01:07:36.745+0000] {logging_mixin.py:150} INFO - [2026-09-17T01:07:36.745+0000] {dag.py:3504} INFO - Setting next_dagrun for example_xcom_args to None, run_after=None
[2026-09-17T01:07:36.753+0000] {logging_mixin.py:150} INFO - [2026-09-17T01:07:36.753+0000] {dag.py:3504} INFO - Setting next_dagrun for example_xcom_args_with_operators to None, run_after=None
[2026-09-17T01:07:36.777+0000] {processor.py:179} INFO - Processing /home/vscode/.local/lib/python3.10/site-packages/airflow/example_dags/example_xcomargs.py took 0.073 seconds
[2026-09-17T01:07:58.921+0000] {processor.py:157} INFO - Started process (PID=29080) to work on /home/vscode/.local/lib/python3.10/site-packages/airflow/example_dags/example_xcomargs.py
[2026-09-17T01:07:58.922+0000] {processor.py:826} INFO - Processing file /home/vscode/.local/lib/python3.10/site-packages/airflow/example_dags/example_xcomargs.py for tasks to queue
[2026-09-17T01:07:58.923+0000] {logging_mixin.py:150} INFO - [2026-09-17T01:07:58.923+0000] {dagbag.py:541} INFO - Filling up the DagBag from /home/vscode/.local/lib/python3.10/site-packages/airflow/example_dags/example_xcomargs.py
[2026-09-17T01:07:58.934+0000] {processor.py:836} INFO - DAG(s) dict_keys(['example_xcom_args_with_operators', 'example_xcom_args']) retrieved from /home/vscode/.local/lib/python3.10/site-packages/airflow/example_dags/example_xcomargs.py
[2026-09-17T01:07:58.953+0000] {logging_mixin.py:150} INFO - [2026-09-17T01:07:58.953+0000] {dag.py:2742} INFO - Sync 2 DAGs
[2026-09-17T01:07:58.967+0000] {logging_mixin.py:150} INFO - [2026-09-17T01:07:58.967+0000] {dag.py:3504} INFO - Setting next_dagrun for example_xcom_args to None, run_after=None
[2026-09-17T01:07:58.970+0000] {logging_mixin.py:150} INFO - [2026-09-17T01:07:58.970+0000] {dag.py:3504} INFO - Setting next_dagrun for example_xcom_args_with_operators to None, run_after=None
[2026-09-17T01:07:58.984+0000] {processor.py:179} INFO - Processing /home/vscode/.local/lib/python3.10/site-packages/airflow/example_dags/example_xcomargs.py took 0.069 seconds
[2026-09-17T01:08:24.576+0000] {processor.py:157} INFO - Started process (PID=29302) to work on /home/vscode/.local/lib/python3.10/site-packages/airflow/example_dags/example_xcomargs.py
[2026-09-17T01:08:24.576+0000] {processor.py:826} INFO - Processing file /home/vscode/.local/lib/python3.10/site-packages/airflow/example_dags/example_xcomargs.py for tasks to queue
[2026-09-17T01:08:24.577+0000] {logging_mixin.py:150} INFO - [2026-09-17T01:08:24.577+0000] {dagbag.py:541} INFO - Filling up the DagBag from /home/vscode/.local/lib/python3.10/site-packages/airflow/example_dags/example_xcomargs.py
[2026-09-17T01:08:24.584+0000] {processor.py:836} INFO - DAG(s) dict_keys(['example_xcom_args_with_operators', 'example_xcom_args']) retrieved from /home/vscode/.local/lib/python3.10/site-packages/airflow/example_dags/example_xcomargs.py
[2026-09-17T01:08:24.604+0000] {logging_mixin.py:150} INFO - [2026-09-17T01:08:24.604+0000] {dag.py:2742} INFO - Sync 2 DAGs
[2026-09-17T01:08:24.620+0000] {logging_mixin.py:150} INFO - [2026-09-17T01:08:24.620+0000] {dag.py:3504} INFO - Setting next_dagrun for example_xcom_args to None, run_after=None
[2026-09-17T01:08:24.622+0000] {logging_mixin.py:150} INFO - [2026-09-17T01:08:24.622+0000] {dag.py:3504} INFO - Setting next_dagrun for example_xcom_args_with_operators to None, run_after=None
[2026-09-17T01:08:24.640+0000] {processor.py:179} INFO - Processing /home/vscode/.local/lib/python3.10/site-packages/airflow/example_dags/example_xcomargs.py took 0.067 seconds
[2026-09-17T01:08:46.821+0000] {processor.py:157} INFO - Started process (PID=29490) to work on /home/vscode/.local/lib/python3.10/site-packages/airflow/example_dags/example_xcomargs.py
[2026-09-17T01:08:46.822+0000] {processor.py:826} INFO - Processing file /home/vscode/.local/lib/python3.10/site-packages/airflow/example_dags/example_xcomargs.py for tasks to queue
[2026-09-17T01:08:46.822+0000] {logging_mixin.py:150} INFO - [2026-09-17T01:08:46.822+0000] {dagbag.py:541} INFO - Filling up the DagBag from /home/vscode/.local/lib/python3.10/site-packages/airflow/example_dags/example_xcomargs.py
[2026-09-17T01:08:46.829+0000] {processor.py:836} INFO - DAG(s) dict_keys(['example_xcom_args', 'example_xcom_args_with_operators']) retrieved from /home/vscode/.local/lib/python3.10/site-packages/airflow/example_dags/example_xcomargs.py
[2026-09-17T01:08:46.844+0000] {logging_mixin.py:150} INFO - [2026-09-17T01:08:46.843+0000] {dag.py:2742} INFO - Sync 2 DAGs
[2026-09-17T01:08:46.858+0000] {logging_mixin.py:150} INFO - [2026-09-17T01:08:46.858+0000] {dag.py:3504} INFO - Setting next_dagrun for example_xcom_args to None, run_after=None
[2026-09-17T01:08:46.860+0000] {logging_mixin.py:150} INFO - [2026-09-17T01:08:46.860+0000] {dag.py:3504} INFO - Setting next_dagrun for example_xcom_args_with_operators to None, run_after=None
[2026-09-17T01:08:46.874+0000] {processor.py:179} INFO - Processing /home/vscode/.local/lib/python3.10/site-packages/airflow/example_dags/example_xcomargs.py took 0.056 seconds
[2026-09-17T01:09:10.860+0000] {processor.py:157} INFO - Started process (PID=29699) to work on /home/vscode/.local/lib/python3.10/site-packages/airflow/example_dags/example_xcomargs.py
[2026-09-17T01:09:10.860+0000] {processor.py:826} INFO - Processing file /home/vscode/.local/lib/python3.10/site-packages/airflow/example_dags/example_xcomargs.py for tasks to queue
[2026-09-17T01:09:10.861+0000] {logging_mixin.py:150} INFO - [2026-09-17T01:09:10.861+0000] {dagbag.py:541} INFO - Filling up the DagBag from /home/vscode/.local/lib/python3.10/site-packages/airflow/example_dags/example_xcomargs.py
[2026-09-17T01:09:10.871+0000] {processor.py:836} INFO - DAG(s) dict_keys(['example_xcom_args_with_operators', 'example_xcom_args']) retrieved from /home/vscode/.local/lib/python3.10/site-packages/airflow/example_dags/example_xcomargs.py
[2026-09-17T01:09:10.891+0000] {logging_mixin.py:150} INFO - [2026-09-17T01:09:10.891+0000] {dag.py:2742} INFO - Sync 2 DAGs
[2026-09-17T01:09:10.907+0000] {logging_mixin.py:150} INFO - [2026-09-17T01:09:10.906+0000] {dag.py:3504} INFO - Setting next_dagrun for example_xcom_args to None, run_after=None
[2026-09-17T01:09:10.909+0000] {logging_mixin.py:150} INFO - [2026-09-17T01:09:10.909+0000] {dag.py:3504} INFO - Setting next_dagrun for example_xcom_args_with_operators to None, run_after=None
[2026-09-17T01:09:10.933+0000] {processor.py:179} INFO - Processing /home/vscode/.local/lib/python3.10/site-packages/airflow/example_dags/example_xcomargs.py took 0.076 seconds
[2026-09-17T01:09:22.480+0000] {processor.py:157} INFO - Started process (PID=29791) to work on /home/vscode/.local/lib/python3.10/site-packages/airflow/example_dags/example_xcomargs.py
[2026-09-17T01:09:22.481+0000] {processor.py:826} INFO - Processing file /home/vscode/.local/lib/python3.10/site-packages/airflow/example_dags/example_xcomargs.py for tasks to queue
[2026-09-17T01:09:22.482+0000] {logging_mixin.py:150} INFO - [2026-09-17T01:09:22.482+0000] {dagbag.py:541} INFO - Filling up the DagBag from /home/vscode/.local/lib/python3.10/site-packages/airflow/example_dags/example_xcomargs.py
[2026-09-17T01:09:22.491+0000] {processor.py:836} INFO - DAG(s) dict_keys(['example_xcom_args_with_operators', 'example_xcom_args']) retrieved from /home/vscode/.local/lib/python3.10/site-packages/airflow/example_dags/example_xcomargs.py
[2026-09-17T01:09:22.508+0000] {logging_mixin.py:150} INFO - [2026-09-17T01:09:22.508+0000] {dag.py:2742} INFO - Sync 2 DAGs
[2026-09-17T01:09:22.522+0000] {logging_mixin.py:150} INFO - [2026-09-17T01:09:22.522+0000] {dag.py:3504} INFO - Setting next_dagrun for example_xcom_args to None, run_after=None
[2026-09-17T01:09:22.524+0000] {logging_mixin.py:150} INFO - [2026-09-17T01:09:22.524+0000] {dag.py:3504} INFO - Setting next_dagrun for example_xcom_args_with_operators to None, run_after=None
[2026-09-17T01:09:22.540+0000] {processor.py:179} INFO - Processing /home/vscode/.local/lib/python3.10/site-packages/airflow/example_dags/example_xcomargs.py took 0.062 seconds
[2026-09-17T01:09:44.423+0000] {processor.py:157} INFO - Started process (PID=29981) to work on /home/vscode/.local/lib/python3.10/site-packages/airflow/example_dags/example_xcomargs.py
[2026-09-17T01:09:44.424+0000] {processor.py:826} INFO - Processing file /home/vscode/.local/lib/python3.10/site-packages/airflow/example_dags/example_xcomargs.py for tasks to queue
[2026-09-17T01:09:44.424+0000] {logging_mixin.py:150} INFO - [2026-09-17T01:09:44.424+0000] {dagbag.py:541} INFO - Filling up the DagBag from /home/vscode/.local/lib/python3.10/site-packages/airflow/example_dags/example_xcomargs.py
[2026-09-17T01:09:44.431+0000] {processor.py:836} INFO - DAG(s) dict_keys(['example_xcom_args', 'example_xcom_args_with_operators']) retrieved from /home/vscode/.local/lib/python3.10/site-packages/airflow/example_dags/example_xcomargs.py
[2026-09-17T01:09:44.446+0000] {logging_mixin.py:150} INFO - [2026-09-17T01:09:44.446+0000] {dag.py:2742} INFO - Sync 2 DAGs
[2026-09-17T01:09:44.460+0000] {logging_mixin.py:150} INFO - [2026-09-17T01:09:44.460+0000] {dag.py:3504} INFO - Setting next_dagrun for example_xcom_args to None, run_after=None
[2026-09-17T01:09:44.462+0000] {logging_mixin.py:150} INFO - [2026-09-17T01:09:44.462+0000] {dag.py:3504} INFO - Setting next_dagrun for example_xcom_args_with_operators to None, run_after=None
[2026-09-17T01:09:44.478+0000] {processor.py:179} INFO - Processing /home/vscode/.local/lib/python3.10/site-packages/airflow/example_dags/example_xcomargs.py took 0.058 seconds
[2026-09-17T01:10:10.596+0000] {processor.py:157} INFO - Started process (PID=30200) to work on /home/vscode/.local/lib/python3.10/site-packages/airflow/example_dags/example_xcomargs.py
[2026-09-17T01:10:10.596+0000] {processor.py:826} INFO - Processing file /home/vscode/.local/lib/python3.10/site-packages/airflow/example_dags/example_xcomargs.py for tasks to queue
[2026-09-17T01:10:10.597+0000] {logging_mixin.py:150} INFO - [2026-09-17T01:10:10.597+0000] {dagbag.py:541} INFO - Filling up the DagBag from /home/vscode/.local/lib/python3.10/site-packages/airflow/example_dags/example_xcomargs.py
[2026-09-17T01:10:10.604+0000] {processor.py:836} INFO - DAG(s) dict_keys(['example_xcom_args_with_operators', 'example_xcom_args']) retrieved from /home/vscode/.local/lib/python3.10/site-packages/airflow/example_dags/example_xcomargs.py
[2026-09-17T01:10:10.618+0000] {logging_mixin.py:150} INFO - [2026-09-17T01:10:10.618+0000] {dag.py:2742} INFO - Sync 2 DAGs
[2026-09-17T01:10:10.634+0000] {logging_mixin.py:150} INFO - [2026-09-17T01:10:10.634+0000] {dag.py:3504} INFO - Setting next_dagrun for example_xcom_args to None, run_after=None
[2026-09-17T01:10:10.636+0000] {logging_mixin.py:150} INFO - [2026-09-17T01:10:10.636+0000] {dag.py:3504} INFO - Setting next_dagrun for example_xcom_args_with_operators to None, run_after=None
[2026-09-17T01:10:10.651+0000] {processor.py:179} INFO - Processing /home/vscode/.local/lib/python3.10/site-packages/airflow/example_dags/example_xcomargs.py took 0.058 seconds
[2026-09-17T01:10:30.588+0000] {processor.py:157} INFO - Started process (PID=30374) to work on /home/vscode/.local/lib/python3.10/site-packages/airflow/example_dags/example_xcomargs.py
[2026-09-17T01:10:30.589+0000] {processor.py:826} INFO - Processing file /home/vscode/.local/lib/python3.10/site-packages/airflow/example_dags/example_xcomargs.py for tasks to queue
[2026-09-17T01:10:30.590+0000] {logging_mixin.py:150} INFO - [2026-09-17T01:10:30.590+0000] {dagbag.py:541} INFO - Filling up the DagBag from /home/vscode/.local/lib/python3.10/site-packages/airflow/example_dags/example_xcomargs.py
[2026-09-17T01:10:30.599+0000] {processor.py:836} INFO - DAG(s) dict_keys(['example_xcom_args', 'example_xcom_args_with_operators']) retrieved from /home/vscode/.local/lib/python3.10/site-packages/airflow/example_dags/example_xcomargs.py
[2026-09-17T01:10:30.615+0000] {logging_mixin.py:150} INFO - [2026-09-17T01:10:30.615+0000] {dag.py:2742} INFO - Sync 2 DAGs
[2026-09-17T01:10:30.630+0000] {logging_mixin.py:150} INFO - [2026-09-17T01:10:30.630+0000] {dag.py:3504} INFO - Setting next_dagrun for example_xcom_args to None, run_after=None
[2026-09-17T01:10:30.633+0000] {logging_mixin.py:150} INFO - [2026-09-17T01:10:30.633+0000] {dag.py:3504} INFO - Setting next_dagrun for example_xcom_args_with_operators to None, run_after=None
[2026-09-17T01:10:30.648+0000] {processor.py:179} INFO - Processing /home/vscode/.local/lib/python3.10/site-packages/airflow/example_dags/example_xcomargs.py took 0.063 seconds
[2026-09-17T01:10:46.457+0000] {processor.py:157} INFO - Started process (PID=30544) to work on /home/vscode/.local/lib/python3.10/site-packages/airflow/example_dags/example_xcomargs.py
[2026-09-17T01:10:46.457+0000] {processor.py:826} INFO - Processing file /home/vscode/.local/lib/python3.10/site-packages/airflow/example_dags/example_xcomargs.py for tasks to queue
[2026-09-17T01:10:46.458+0000] {logging_mixin.py:150} INFO - [2026-09-17T01:10:46.458+0000] {dagbag.py:541} INFO - Filling up the DagBag from /home/vscode/.local/lib/python3.10/site-packages/airflow/example_dags/example_xcomargs.py
[2026-09-17T01:10:46.464+0000] {processor.py:836} INFO - DAG(s) dict_keys(['example_xcom_args', 'example_xcom_args_with_operators']) retrieved from /home/vscode/.local/lib/python3.10/site-packages/airflow/example_dags/example_xcomargs.py
[2026-09-17T01:10:46.479+0000] {logging_mixin.py:150} INFO - [2026-09-17T01:10:46.479+0000] {dag.py:2742} INFO - Sync 2 DAGs
[2026-09-17T01:10:46.499+0000] {logging_mixin.py:150} INFO - [2026-09-17T01:10:46.499+0000] {dag.py:3504} INFO - Setting next_dagrun for example_xcom_args to None, run_after=None
[2026-09-17T01:10:46.502+0000] {logging_mixin.py:150} INFO - [2026-09-17T01:10:46.502+0000] {dag.py:3504} INFO - Setting next_dagrun for example_xcom_args_with_operators to None, run_after=None
[2026-09-17T01:10:46.517+0000] {processor.py:179} INFO - Processing /home/vscode/.local/lib/python3.10/site-packages/airflow/example_dags/example_xcomargs.py took 0.063 seconds
[2026-09-17T01:11:22.351+0000] {processor.py:157} INFO - Started process (PID=30851) to work on /home/vscode/.local/lib/python3.10/site-packages/airflow/example_dags/example_xcomargs.py
[2026-09-17T01:11:22.352+0000] {processor.py:826} INFO - Processing file /home/vscode/.local/lib/python3.10/site-packages/airflow/example_dags/example_xcomargs.py for tasks to queue
[2026-09-17T01:11:22.353+0000] {logging_mixin.py:150} INFO - [2026-09-17T01:11:22.352+0000] {dagbag.py:541} INFO - Filling up the DagBag from /home/vscode/.local/lib/python3.10/site-packages/airflow/example_dags/example_xcomargs.py
[2026-09-17T01:11:22.364+0000] {processor.py:836} INFO - DAG(s) dict_keys(['example_xcom_args_with_operators', 'example_xcom_args']) retrieved from /home/vscode/.local/lib/python3.10/site-packages/airflow/example_dags/example_xcomargs.py
[2026-09-17T01:11:22.398+0000] {logging_mixin.py:150} INFO - [2026-09-17T01:11:22.398+0000] {dag.py:2742} INFO - Sync 2 DAGs
[2026-09-17T01:11:22.428+0000] {logging_mixin.py:150} INFO - [2026-09-17T01:11:22.428+0000] {dag.py:3504} INFO - Setting next_dagrun for example_xcom_args to None, run_after=None
[2026-09-17T01:11:22.430+0000] {logging_mixin.py:150} INFO - [2026-09-17T01:11:22.430+0000] {dag.py:3504} INFO - Setting next_dagrun for example_xcom_args_with_operators to None, run_after=None
[2026-09-17T01:11:22.449+0000] {processor.py:179} INFO - Processing /home/vscode/.local/lib/python3.10/site-packages/airflow/example_dags/example_xcomargs.py took 0.102 seconds
[2026-09-17T01:11:34.835+0000] {processor.py:157} INFO - Started process (PID=30959) to work on /home/vscode/.local/lib/python3.10/site-packages/airflow/example_dags/example_xcomargs.py
[2026-09-17T01:11:34.836+0000] {processor.py:826} INFO - Processing file /home/vscode/.local/lib/python3.10/site-packages/airflow/example_dags/example_xcomargs.py for tasks to queue
[2026-09-17T01:11:34.836+0000] {logging_mixin.py:150} INFO - [2026-09-17T01:11:34.836+0000] {dagbag.py:541} INFO - Filling up the DagBag from /home/vscode/.local/lib/python3.10/site-packages/airflow/example_dags/example_xcomargs.py
[2026-09-17T01:11:34.846+0000] {processor.py:836} INFO - DAG(s) dict_keys(['example_xcom_args', 'example_xcom_args_with_operators']) retrieved from /home/vscode/.local/lib/python3.10/site-packages/airflow/example_dags/example_xcomargs.py
[2026-09-17T01:11:34.866+0000] {logging_mixin.py:150} INFO - [2026-09-17T01:11:34.866+0000] {dag.py:2742} INFO - Sync 2 DAGs
[2026-09-17T01:11:34.887+0000] {logging_mixin.py:150} INFO - [2026-09-17T01:11:34.887+0000] {dag.py:3504} INFO - Setting next_dagrun for example_xcom_args to None, run_after=None
[2026-09-17T01:11:34.889+0000] {logging_mixin.py:150} INFO - [2026-09-17T01:11:34.889+0000] {dag.py:3504} INFO - Setting next_dagrun for example_xcom_args_with_operators to None, run_after=None
[2026-09-17T01:11:34.914+0000] {processor.py:179} INFO - Processing /home/vscode/.local/lib/python3.10/site-packages/airflow/example_dags/example_xcomargs.py took 0.084 seconds
[2026-09-17T01:12:11.083+0000] {processor.py:157} INFO - Started process (PID=31270) to work on /home/vscode/.local/lib/python3.10/site-packages/airflow/example_dags/example_xcomargs.py
[2026-09-17T01:12:11.084+0000] {processor.py:826} INFO - Processing file /home/vscode/.local/lib/python3.10/site-packages/airflow/example_dags/example_xcomargs.py for tasks to queue
[2026-09-17T01:12:11.085+0000] {logging_mixin.py:150} INFO - [2026-09-17T01:12:11.085+0000] {dagbag.py:541} INFO - Filling up the DagBag from /home/vscode/.local/lib/python3.10/site-packages/airflow/example_dags/example_xcomargs.py
[2026-09-17T01:12:11.094+0000] {processor.py:836} INFO - DAG(s) dict_keys(['example_xcom_args', 'example_xcom_args_with_operators']) retrieved from /home/vscode/.local/lib/python3.10/site-packages/airflow/example_dags/example_xcomargs.py
[2026-09-17T01:12:11.137+0000] {logging_mixin.py:150} INFO - [2026-09-17T01:12:11.137+0000] {dag.py:2742} INFO - Sync 2 DAGs
[2026-09-17T01:12:11.179+0000] {logging_mixin.py:150} INFO - [2026-09-17T01:12:11.179+0000] {dag.py:3504} INFO - Setting next_dagrun for example_xcom_args to None, run_after=None
[2026-09-17T01:12:11.182+0000] {logging_mixin.py:150} INFO - [2026-09-17T01:12:11.182+0000] {dag.py:3504} INFO - Setting next_dagrun for example_xcom_args_with_operators to None, run_after=None
[2026-09-17T01:12:11.205+0000] {processor.py:179} INFO - Processing /home/vscode/.local/lib/python3.10/site-packages/airflow/example_dags/example_xcomargs.py took 0.125 seconds
[2026-09-17T01:12:25.651+0000] {processor.py:157} INFO - Started process (PID=31395) to work on /home/vscode/.local/lib/python3.10/site-packages/airflow/example_dags/example_xcomargs.py
[2026-09-17T01:12:25.652+0000] {processor.py:826} INFO - Processing file /home/vscode/.local/lib/python3.10/site-packages/airflow/example_dags/example_xcomargs.py for tasks to queue
[2026-09-17T01:12:25.653+0000] {logging_mixin.py:150} INFO - [2026-09-17T01:12:25.652+0000] {dagbag.py:541} INFO - Filling up the DagBag from /home/vscode/.local/lib/python3.10/site-packages/airflow/example_dags/example_xcomargs.py
[2026-09-17T01:12:25.662+0000] {processor.py:836} INFO - DAG(s) dict_keys(['example_xcom_args_with_operators', 'example_xcom_args']) retrieved from /home/vscode/.local/lib/python3.10/site-packages/airflow/example_dags/example_xcomargs.py
[2026-09-17T01:12:25.684+0000] {logging_mixin.py:150} INFO - [2026-09-17T01:12:25.684+0000] {dag.py:2742} INFO - Sync 2 DAGs
[2026-09-17T01:12:25.707+0000] {logging_mixin.py:150} INFO - [2026-09-17T01:12:25.707+0000] {dag.py:3504} INFO - Setting next_dagrun for example_xcom_args to None, run_after=None
[2026-09-17T01:12:25.710+0000] {logging_mixin.py:150} INFO - [2026-09-17T01:12:25.710+0000] {dag.py:3504} INFO - Setting next_dagrun for example_xcom_args_with_operators to None, run_after=None
[2026-09-17T01:12:25.733+0000] {processor.py:179} INFO - Processing /home/vscode/.local/lib/python3.10/site-packages/airflow/example_dags/example_xcomargs.py took 0.085 seconds
[2026-09-17T01:12:58.163+0000] {processor.py:157} INFO - Started process (PID=31673) to work on /home/vscode/.local/lib/python3.10/site-packages/airflow/example_dags/example_xcomargs.py
[2026-09-17T01:12:58.164+0000] {processor.py:826} INFO - Processing file /home/vscode/.local/lib/python3.10/site-packages/airflow/example_dags/example_xcomargs.py for tasks to queue
[2026-09-17T01:12:58.165+0000] {logging_mixin.py:150} INFO - [2026-09-17T01:12:58.165+0000] {dagbag.py:541} INFO - Filling up the DagBag from /home/vscode/.local/lib/python3.10/site-packages/airflow/example_dags/example_xcomargs.py
[2026-09-17T01:12:58.172+0000] {processor.py:836} INFO - DAG(s) dict_keys(['example_xcom_args', 'example_xcom_args_with_operators']) retrieved from /home/vscode/.local/lib/python3.10/site-packages/airflow/example_dags/example_xcomargs.py
[2026-09-17T01:12:58.189+0000] {logging_mixin.py:150} INFO - [2026-09-17T01:12:58.189+0000] {dag.py:2742} INFO - Sync 2 DAGs
[2026-09-17T01:12:58.210+0000] {logging_mixin.py:150} INFO - [2026-09-17T01:12:58.209+0000] {dag.py:3504} INFO - Setting next_dagrun for example_xcom_args to None, run_after=None
[2026-09-17T01:12:58.212+0000] {logging_mixin.py:150} INFO - [2026-09-17T01:12:58.212+0000] {dag.py:3504} INFO - Setting next_dagrun for example_xcom_args_with_operators to None, run_after=None
[2026-09-17T01:12:58.271+0000] {processor.py:179} INFO - Processing /home/vscode/.local/lib/python3.10/site-packages/airflow/example_dags/example_xcomargs.py took 0.110 seconds
[2026-09-17T01:13:12.288+0000] {processor.py:157} INFO - Started process (PID=31791) to work on /home/vscode/.local/lib/python3.10/site-packages/airflow/example_dags/example_xcomargs.py
[2026-09-17T01:13:12.289+0000] {processor.py:826} INFO - Processing file /home/vscode/.local/lib/python3.10/site-packages/airflow/example_dags/example_xcomargs.py for tasks to queue
[2026-09-17T01:13:12.290+0000] {logging_mixin.py:150} INFO - [2026-09-17T01:13:12.290+0000] {dagbag.py:541} INFO - Filling up the DagBag from /home/vscode/.local/lib/python3.10/site-packages/airflow/example_dags/example_xcomargs.py
[2026-09-17T01:13:12.297+0000] {processor.py:836} INFO - DAG(s) dict_keys(['example_xcom_args_with_operators', 'example_xcom_args']) retrieved from /home/vscode/.local/lib/python3.10/site-packages/airflow/example_dags/example_xcomargs.py
[2026-09-17T01:13:12.311+0000] {logging_mixin.py:150} INFO - [2026-09-17T01:13:12.311+0000] {dag.py:2742} INFO - Sync 2 DAGs
[2026-09-17T01:13:12.325+0000] {logging_mixin.py:150} INFO - [2026-09-17T01:13:12.325+0000] {dag.py:3504} INFO - Setting next_dagrun for example_xcom_args to None, run_after=None
[2026-09-17T01:13:12.327+0000] {logging_mixin.py:150} INFO - [2026-09-17T01:13:12.327+0000] {dag.py:3504} INFO - Setting next_dagrun for example_xcom_args_with_operators to None, run_after=None
[2026-09-17T01:13:12.342+0000] {processor.py:179} INFO - Processing /home/vscode/.local/lib/python3.10/site-packages/airflow/example_dags/example_xcomargs.py took 0.057 seconds
[2026-09-17T01:13:49.274+0000] {processor.py:157} INFO - Started process (PID=32104) to work on /home/vscode/.local/lib/python3.10/site-packages/airflow/example_dags/example_xcomargs.py
[2026-09-17T01:13:49.275+0000] {processor.py:826} INFO - Processing file /home/vscode/.local/lib/python3.10/site-packages/airflow/example_dags/example_xcomargs.py for tasks to queue
[2026-09-17T01:13:49.276+0000] {logging_mixin.py:150} INFO - [2026-09-17T01:13:49.276+0000] {dagbag.py:541} INFO - Filling up the DagBag from /home/vscode/.local/lib/python3.10/site-packages/airflow/example_dags/example_xcomargs.py
[2026-09-17T01:13:49.283+0000] {processor.py:836} INFO - DAG(s) dict_keys(['example_xcom_args', 'example_xcom_args_with_operators']) retrieved from /home/vscode/.local/lib/python3.10/site-packages/airflow/example_dags/example_xcomargs.py
[2026-09-17T01:13:49.303+0000] {logging_mixin.py:150} INFO - [2026-09-17T01:13:49.303+0000] {dag.py:2742} INFO - Sync 2 DAGs
[2026-09-17T01:13:49.320+0000] {logging_mixin.py:150} INFO - [2026-09-17T01:13:49.320+0000] {dag.py:3504} INFO - Setting next_dagrun for example_xcom_args to None, run_after=None
[2026-09-17T01:13:49.323+0000] {logging_mixin.py:150} INFO - [2026-09-17T01:13:49.323+0000] {dag.py:3504} INFO - Setting next_dagrun for example_xcom_args_with_operators to None, run_after=None
[2026-09-17T01:13:49.337+0000] {processor.py:179} INFO - Processing /home/vscode/.local/lib/python3.10/site-packages/airflow/example_dags/example_xcomargs.py took 0.065 seconds
[2026-09-17T01:13:57.004+0000] {processor.py:157} INFO - Started process (PID=32166) to work on /home/vscode/.local/lib/python3.10/site-packages/airflow/example_dags/example_xcomargs.py
[2026-09-17T01:13:57.005+0000] {processor.py:826} INFO - Processing file /home/vscode/.local/lib/python3.10/site-packages/airflow/example_dags/example_xcomargs.py for tasks to queue
[2026-09-17T01:13:57.006+0000] {logging_mixin.py:150} INFO - [2026-09-17T01:13:57.006+0000] {dagbag.py:541} INFO - Filling up the DagBag from /home/vscode/.local/lib/python3.10/site-packages/airflow/example_dags/example_xcomargs.py
[2026-09-17T01:13:57.017+0000] {processor.py:836} INFO - DAG(s) dict_keys(['example_xcom_args_with_operators', 'example_xcom_args']) retrieved from /home/vscode/.local/lib/python3.10/site-packages/airflow/example_dags/example_xcomargs.py
[2026-09-17T01:13:57.043+0000] {logging_mixin.py:150} INFO - [2026-09-17T01:13:57.043+0000] {dag.py:2742} INFO - Sync 2 DAGs
[2026-09-17T01:13:57.076+0000] {logging_mixin.py:150} INFO - [2026-09-17T01:13:57.075+0000] {dag.py:3504} INFO - Setting next_dagrun for example_xcom_args to None, run_after=None
[2026-09-17T01:13:57.078+0000] {logging_mixin.py:150} INFO - [2026-09-17T01:13:57.078+0000] {dag.py:3504} INFO - Setting next_dagrun for example_xcom_args_with_operators to None, run_after=None
[2026-09-17T01:13:57.116+0000] {processor.py:179} INFO - Processing /home/vscode/.local/lib/python3.10/site-packages/airflow/example_dags/example_xcomargs.py took 0.116 seconds
[2026-09-17T01:14:38.922+0000] {processor.py:157} INFO - Started process (PID=32527) to work on /home/vscode/.local/lib/python3.10/site-packages/airflow/example_dags/example_xcomargs.py
[2026-09-17T01:14:38.923+0000] {processor.py:826} INFO - Processing file /home/vscode/.local/lib/python3.10/site-packages/airflow/example_dags/example_xcomargs.py for tasks to queue
[2026-09-17T01:14:38.924+0000] {logging_mixin.py:150} INFO - [2026-09-17T01:14:38.923+0000] {dagbag.py:541} INFO - Filling up the DagBag from /home/vscode/.local/lib/python3.10/site-packages/airflow/example_dags/example_xcomargs.py
[2026-09-17T01:14:38.944+0000] {processor.py:836} INFO - DAG(s) dict_keys(['example_xcom_args', 'example_xcom_args_with_operators']) retrieved from /home/vscode/.local/lib/python3.10/site-packages/airflow/example_dags/example_xcomargs.py
[2026-09-17T01:14:38.976+0000] {logging_mixin.py:150} INFO - [2026-09-17T01:14:38.976+0000] {dag.py:2742} INFO - Sync 2 DAGs
[2026-09-17T01:14:38.999+0000] {logging_mixin.py:150} INFO - [2026-09-17T01:14:38.999+0000] {dag.py:3504} INFO - Setting next_dagrun for example_xcom_args to None, run_after=None
[2026-09-17T01:14:39.002+0000] {logging_mixin.py:150} INFO - [2026-09-17T01:14:39.002+0000] {dag.py:3504} INFO - Setting next_dagrun for example_xcom_args_with_operators to None, run_after=None
[2026-09-17T01:14:39.021+0000] {processor.py:179} INFO - Processing /home/vscode/.local/lib/python3.10/site-packages/airflow/example_dags/example_xcomargs.py took 0.104 seconds
[2026-09-17T01:14:46.524+0000] {processor.py:157} INFO - Started process (PID=32593) to work on /home/vscode/.local/lib/python3.10/site-packages/airflow/example_dags/example_xcomargs.py
[2026-09-17T01:14:46.524+0000] {processor.py:826} INFO - Processing file /home/vscode/.local/lib/python3.10/site-packages/airflow/example_dags/example_xcomargs.py for tasks to queue
[2026-09-17T01:14:46.525+0000] {logging_mixin.py:150} INFO - [2026-09-17T01:14:46.525+0000] {dagbag.py:541} INFO - Filling up the DagBag from /home/vscode/.local/lib/python3.10/site-packages/airflow/example_dags/example_xcomargs.py
[2026-09-17T01:14:46.534+0000] {processor.py:836} INFO - DAG(s) dict_keys(['example_xcom_args_with_operators', 'example_xcom_args']) retrieved from /home/vscode/.local/lib/python3.10/site-packages/airflow/example_dags/example_xcomargs.py
[2026-09-17T01:14:46.549+0000] {logging_mixin.py:150} INFO - [2026-09-17T01:14:46.549+0000] {dag.py:2742} INFO - Sync 2 DAGs
[2026-09-17T01:14:46.566+0000] {logging_mixin.py:150} INFO - [2026-09-17T01:14:46.566+0000] {dag.py:3504} INFO - Setting next_dagrun for example_xcom_args to None, run_after=None
[2026-09-17T01:14:46.568+0000] {logging_mixin.py:150} INFO - [2026-09-17T01:14:46.568+0000] {dag.py:3504} INFO - Setting next_dagrun for example_xcom_args_with_operators to None, run_after=None
[2026-09-17T01:14:46.584+0000] {processor.py:179} INFO - Processing /home/vscode/.local/lib/python3.10/site-packages/airflow/example_dags/example_xcomargs.py took 0.063 seconds
[2026-09-17T01:15:16.340+0000] {processor.py:157} INFO - Started process (PID=32843) to work on /home/vscode/.local/lib/python3.10/site-packages/airflow/example_dags/example_xcomargs.py
[2026-09-17T01:15:16.340+0000] {processor.py:826} INFO - Processing file /home/vscode/.local/lib/python3.10/site-packages/airflow/example_dags/example_xcomargs.py for tasks to queue
[2026-09-17T01:15:16.341+0000] {logging_mixin.py:150} INFO - [2026-09-17T01:15:16.341+0000] {dagbag.py:541} INFO - Filling up the DagBag from /home/vscode/.local/lib/python3.10/site-packages/airflow/example_dags/example_xcomargs.py
[2026-09-17T01:15:16.348+0000] {processor.py:836} INFO - DAG(s) dict_keys(['example_xcom_args', 'example_xcom_args_with_operators']) retrieved from /home/vscode/.local/lib/python3.10/site-packages/airflow/example_dags/example_xcomargs.py
[2026-09-17T01:15:16.362+0000] {logging_mixin.py:150} INFO - [2026-09-17T01:15:16.362+0000] {dag.py:2742} INFO - Sync 2 DAGs
[2026-09-17T01:15:16.377+0000] {logging_mixin.py:150} INFO - [2026-09-17T01:15:16.377+0000] {dag.py:3504} INFO - Setting next_dagrun for example_xcom_args to None, run_after=None
[2026-09-17T01:15:16.379+0000] {logging_mixin.py:150} INFO - [2026-09-17T01:15:16.379+0000] {dag.py:3504} INFO - Setting next_dagrun for example_xcom_args_with_operators to None, run_after=None
[2026-09-17T01:15:16.396+0000] {processor.py:179} INFO - Processing /home/vscode/.local/lib/python3.10/site-packages/airflow/example_dags/example_xcomargs.py took 0.059 seconds
[2026-09-17T01:15:28.411+0000] {processor.py:157} INFO - Started process (PID=32947) to work on /home/vscode/.local/lib/python3.10/site-packages/airflow/example_dags/example_xcomargs.py
[2026-09-17T01:15:28.412+0000] {processor.py:826} INFO - Processing file /home/vscode/.local/lib/python3.10/site-packages/airflow/example_dags/example_xcomargs.py for tasks to queue
[2026-09-17T01:15:28.412+0000] {logging_mixin.py:150} INFO - [2026-09-17T01:15:28.412+0000] {dagbag.py:541} INFO - Filling up the DagBag from /home/vscode/.local/lib/python3.10/site-packages/airflow/example_dags/example_xcomargs.py
[2026-09-17T01:15:28.419+0000] {processor.py:836} INFO - DAG(s) dict_keys(['example_xcom_args', 'example_xcom_args_with_operators']) retrieved from /home/vscode/.local/lib/python3.10/site-packages/airflow/example_dags/example_xcomargs.py
[2026-09-17T01:15:28.435+0000] {logging_mixin.py:150} INFO - [2026-09-17T01:15:28.435+0000] {dag.py:2742} INFO - Sync 2 DAGs
[2026-09-17T01:15:28.449+0000] {logging_mixin.py:150} INFO - [2026-09-17T01:15:28.449+0000] {dag.py:3504} INFO - Setting next_dagrun for example_xcom_args to None, run_after=None
[2026-09-17T01:15:28.451+0000] {logging_mixin.py:150} INFO - [2026-09-17T01:15:28.451+0000] {dag.py:3504} INFO - Setting next_dagrun for example_xcom_args_with_operators to None, run_after=None
[2026-09-17T01:15:28.472+0000] {processor.py:179} INFO - Processing /home/vscode/.local/lib/python3.10/site-packages/airflow/example_dags/example_xcomargs.py took 0.063 seconds
[2026-09-17T01:16:06.845+0000] {processor.py:157} INFO - Started process (PID=33307) to work on /home/vscode/.local/lib/python3.10/site-packages/airflow/example_dags/example_xcomargs.py
[2026-09-17T01:16:06.846+0000] {processor.py:826} INFO - Processing file /home/vscode/.local/lib/python3.10/site-packages/airflow/example_dags/example_xcomargs.py for tasks to queue
[2026-09-17T01:16:06.847+0000] {logging_mixin.py:150} INFO - [2026-09-17T01:16:06.846+0000] {dagbag.py:541} INFO - Filling up the DagBag from /home/vscode/.local/lib/python3.10/site-packages/airflow/example_dags/example_xcomargs.py
[2026-09-17T01:16:06.856+0000] {processor.py:836} INFO - DAG(s) dict_keys(['example_xcom_args_with_operators', 'example_xcom_args']) retrieved from /home/vscode/.local/lib/python3.10/site-packages/airflow/example_dags/example_xcomargs.py
[2026-09-17T01:16:06.875+0000] {logging_mixin.py:150} INFO - [2026-09-17T01:16:06.875+0000] {dag.py:2742} INFO - Sync 2 DAGs
[2026-09-17T01:16:06.898+0000] {logging_mixin.py:150} INFO - [2026-09-17T01:16:06.897+0000] {dag.py:3504} INFO - Setting next_dagrun for example_xcom_args to None, run_after=None
[2026-09-17T01:16:06.900+0000] {logging_mixin.py:150} INFO - [2026-09-17T01:16:06.900+0000] {dag.py:3504} INFO - Setting next_dagrun for example_xcom_args_with_operators to None, run_after=None
[2026-09-17T01:16:06.919+0000] {processor.py:179} INFO - Processing /home/vscode/.local/lib/python3.10/site-packages/airflow/example_dags/example_xcomargs.py took 0.078 seconds
[2026-09-17T01:16:18.805+0000] {processor.py:157} INFO - Started process (PID=33411) to work on /home/vscode/.local/lib/python3.10/site-packages/airflow/example_dags/example_xcomargs.py
[2026-09-17T01:16:18.806+0000] {processor.py:826} INFO - Processing file /home/vscode/.local/lib/python3.10/site-packages/airflow/example_dags/example_xcomargs.py for tasks to queue
[2026-09-17T01:16:18.806+0000] {logging_mixin.py:150} INFO - [2026-09-17T01:16:18.806+0000] {dagbag.py:541} INFO - Filling up the DagBag from /home/vscode/.local/lib/python3.10/site-packages/airflow/example_dags/example_xcomargs.py
[2026-09-17T01:16:18.813+0000] {processor.py:836} INFO - DAG(s) dict_keys(['example_xcom_args', 'example_xcom_args_with_operators']) retrieved from /home/vscode/.local/lib/python3.10/site-packages/airflow/example_dags/example_xcomargs.py
[2026-09-17T01:16:18.829+0000] {logging_mixin.py:150} INFO - [2026-09-17T01:16:18.829+0000] {dag.py:2742} INFO - Sync 2 DAGs
[2026-09-17T01:16:18.844+0000] {logging_mixin.py:150} INFO - [2026-09-17T01:16:18.844+0000] {dag.py:3504} INFO - Setting next_dagrun for example_xcom_args to None, run_after=None
[2026-09-17T01:16:18.846+0000] {logging_mixin.py:150} INFO - [2026-09-17T01:16:18.846+0000] {dag.py:3504} INFO - Setting next_dagrun for example_xcom_args_with_operators to None, run_after=None
[2026-09-17T01:16:18.861+0000] {processor.py:179} INFO - Processing /home/vscode/.local/lib/python3.10/site-packages/airflow/example_dags/example_xcomargs.py took 0.059 seconds
[2026-09-17T01:16:41.975+0000] {processor.py:157} INFO - Started process (PID=33609) to work on /home/vscode/.local/lib/python3.10/site-packages/airflow/example_dags/example_xcomargs.py
[2026-09-17T01:16:41.977+0000] {processor.py:826} INFO - Processing file /home/vscode/.local/lib/python3.10/site-packages/airflow/example_dags/example_xcomargs.py for tasks to queue
[2026-09-17T01:16:41.978+0000] {logging_mixin.py:150} INFO - [2026-09-17T01:16:41.978+0000] {dagbag.py:541} INFO - Filling up the DagBag from /home/vscode/.local/lib/python3.10/site-packages/airflow/example_dags/example_xcomargs.py
[2026-09-17T01:16:42.000+0000] {processor.py:836} INFO - DAG(s) dict_keys(['example_xcom_args_with_operators', 'example_xcom_args']) retrieved from /home/vscode/.local/lib/python3.10/site-packages/airflow/example_dags/example_xcomargs.py
[2026-09-17T01:16:42.050+0000] {logging_mixin.py:150} INFO - [2026-09-17T01:16:42.049+0000] {dag.py:2742} INFO - Sync 2 DAGs
[2026-09-17T01:16:42.065+0000] {logging_mixin.py:150} INFO - [2026-09-17T01:16:42.065+0000] {dag.py:3504} INFO - Setting next_dagrun for example_xcom_args to None, run_after=None
[2026-09-17T01:16:42.068+0000] {logging_mixin.py:150} INFO - [2026-09-17T01:16:42.068+0000] {dag.py:3504} INFO - Setting next_dagrun for example_xcom_args_with_operators to None, run_after=None
[2026-09-17T01:16:42.090+0000] {processor.py:179} INFO - Processing /home/vscode/.local/lib/python3.10/site-packages/airflow/example_dags/example_xcomargs.py took 0.125 seconds
[2026-09-17T01:17:06.905+0000] {processor.py:157} INFO - Started process (PID=33819) to work on /home/vscode/.local/lib/python3.10/site-packages/airflow/example_dags/example_xcomargs.py
[2026-09-17T01:17:06.906+0000] {processor.py:826} INFO - Processing file /home/vscode/.local/lib/python3.10/site-packages/airflow/example_dags/example_xcomargs.py for tasks to queue
[2026-09-17T01:17:06.906+0000] {logging_mixin.py:150} INFO - [2026-09-17T01:17:06.906+0000] {dagbag.py:541} INFO - Filling up the DagBag from /home/vscode/.local/lib/python3.10/site-packages/airflow/example_dags/example_xcomargs.py
[2026-09-17T01:17:06.913+0000] {processor.py:836} INFO - DAG(s) dict_keys(['example_xcom_args_with_operators', 'example_xcom_args']) retrieved from /home/vscode/.local/lib/python3.10/site-packages/airflow/example_dags/example_xcomargs.py
[2026-09-17T01:17:06.930+0000] {logging_mixin.py:150} INFO - [2026-09-17T01:17:06.930+0000] {dag.py:2742} INFO - Sync 2 DAGs
[2026-09-17T01:17:06.945+0000] {logging_mixin.py:150} INFO - [2026-09-17T01:17:06.945+0000] {dag.py:3504} INFO - Setting next_dagrun for example_xcom_args to None, run_after=None
[2026-09-17T01:17:06.947+0000] {logging_mixin.py:150} INFO - [2026-09-17T01:17:06.947+0000] {dag.py:3504} INFO - Setting next_dagrun for example_xcom_args_with_operators to None, run_after=None
[2026-09-17T01:17:06.962+0000] {processor.py:179} INFO - Processing /home/vscode/.local/lib/python3.10/site-packages/airflow/example_dags/example_xcomargs.py took 0.060 seconds
[2026-09-17T01:17:32.272+0000] {processor.py:157} INFO - Started process (PID=34040) to work on /home/vscode/.local/lib/python3.10/site-packages/airflow/example_dags/example_xcomargs.py
[2026-09-17T01:17:32.273+0000] {processor.py:826} INFO - Processing file /home/vscode/.local/lib/python3.10/site-packages/airflow/example_dags/example_xcomargs.py for tasks to queue
[2026-09-17T01:17:32.273+0000] {logging_mixin.py:150} INFO - [2026-09-17T01:17:32.273+0000] {dagbag.py:541} INFO - Filling up the DagBag from /home/vscode/.local/lib/python3.10/site-packages/airflow/example_dags/example_xcomargs.py
[2026-09-17T01:17:32.280+0000] {processor.py:836} INFO - DAG(s) dict_keys(['example_xcom_args_with_operators', 'example_xcom_args']) retrieved from /home/vscode/.local/lib/python3.10/site-packages/airflow/example_dags/example_xcomargs.py
[2026-09-17T01:17:32.299+0000] {logging_mixin.py:150} INFO - [2026-09-17T01:17:32.299+0000] {dag.py:2742} INFO - Sync 2 DAGs
[2026-09-17T01:17:32.314+0000] {logging_mixin.py:150} INFO - [2026-09-17T01:17:32.314+0000] {dag.py:3504} INFO - Setting next_dagrun for example_xcom_args to None, run_after=None
[2026-09-17T01:17:32.316+0000] {logging_mixin.py:150} INFO - [2026-09-17T01:17:32.316+0000] {dag.py:3504} INFO - Setting next_dagrun for example_xcom_args_with_operators to None, run_after=None
[2026-09-17T01:17:32.331+0000] {processor.py:179} INFO - Processing /home/vscode/.local/lib/python3.10/site-packages/airflow/example_dags/example_xcomargs.py took 0.062 seconds
[2026-09-17T01:17:50.637+0000] {processor.py:157} INFO - Started process (PID=34195) to work on /home/vscode/.local/lib/python3.10/site-packages/airflow/example_dags/example_xcomargs.py
[2026-09-17T01:17:50.638+0000] {processor.py:826} INFO - Processing file /home/vscode/.local/lib/python3.10/site-packages/airflow/example_dags/example_xcomargs.py for tasks to queue
[2026-09-17T01:17:50.639+0000] {logging_mixin.py:150} INFO - [2026-09-17T01:17:50.638+0000] {dagbag.py:541} INFO - Filling up the DagBag from /home/vscode/.local/lib/python3.10/site-packages/airflow/example_dags/example_xcomargs.py
[2026-09-17T01:17:50.645+0000] {processor.py:836} INFO - DAG(s) dict_keys(['example_xcom_args', 'example_xcom_args_with_operators']) retrieved from /home/vscode/.local/lib/python3.10/site-packages/airflow/example_dags/example_xcomargs.py
[2026-09-17T01:17:50.666+0000] {logging_mixin.py:150} INFO - [2026-09-17T01:17:50.666+0000] {dag.py:2742} INFO - Sync 2 DAGs
[2026-09-17T01:17:50.681+0000] {logging_mixin.py:150} INFO - [2026-09-17T01:17:50.681+0000] {dag.py:3504} INFO - Setting next_dagrun for example_xcom_args to None, run_after=None
[2026-09-17T01:17:50.683+0000] {logging_mixin.py:150} INFO - [2026-09-17T01:17:50.683+0000] {dag.py:3504} INFO - Setting next_dagrun for example_xcom_args_with_operators to None, run_after=None
[2026-09-17T01:17:50.703+0000] {processor.py:179} INFO - Processing /home/vscode/.local/lib/python3.10/site-packages/airflow/example_dags/example_xcomargs.py took 0.068 seconds
[2026-09-17T01:18:18.673+0000] {processor.py:157} INFO - Started process (PID=34430) to work on /home/vscode/.local/lib/python3.10/site-packages/airflow/example_dags/example_xcomargs.py
[2026-09-17T01:18:18.674+0000] {processor.py:826} INFO - Processing file /home/vscode/.local/lib/python3.10/site-packages/airflow/example_dags/example_xcomargs.py for tasks to queue
[2026-09-17T01:18:18.675+0000] {logging_mixin.py:150} INFO - [2026-09-17T01:18:18.674+0000] {dagbag.py:541} INFO - Filling up the DagBag from /home/vscode/.local/lib/python3.10/site-packages/airflow/example_dags/example_xcomargs.py
[2026-09-17T01:18:18.682+0000] {processor.py:836} INFO - DAG(s) dict_keys(['example_xcom_args_with_operators', 'example_xcom_args']) retrieved from /home/vscode/.local/lib/python3.10/site-packages/airflow/example_dags/example_xcomargs.py
[2026-09-17T01:18:18.701+0000] {logging_mixin.py:150} INFO - [2026-09-17T01:18:18.701+0000] {dag.py:2742} INFO - Sync 2 DAGs
[2026-09-17T01:18:18.717+0000] {logging_mixin.py:150} INFO - [2026-09-17T01:18:18.717+0000] {dag.py:3504} INFO - Setting next_dagrun for example_xcom_args to None, run_after=None
[2026-09-17T01:18:18.720+0000] {logging_mixin.py:150} INFO - [2026-09-17T01:18:18.720+0000] {dag.py:3504} INFO - Setting next_dagrun for example_xcom_args_with_operators to None, run_after=None
[2026-09-17T01:18:18.736+0000] {processor.py:179} INFO - Processing /home/vscode/.local/lib/python3.10/site-packages/airflow/example_dags/example_xcomargs.py took 0.065 seconds
[2026-09-17T01:18:25.908+0000] {processor.py:157} INFO - Started process (PID=34488) to work on /home/vscode/.local/lib/python3.10/site-packages/airflow/example_dags/example_xcomargs.py
[2026-09-17T01:18:25.909+0000] {processor.py:826} INFO - Processing file /home/vscode/.local/lib/python3.10/site-packages/airflow/example_dags/example_xcomargs.py for tasks to queue
[2026-09-17T01:18:25.910+0000] {logging_mixin.py:150} INFO - [2026-09-17T01:18:25.910+0000] {dagbag.py:541} INFO - Filling up the DagBag from /home/vscode/.local/lib/python3.10/site-packages/airflow/example_dags/example_xcomargs.py
[2026-09-17T01:18:25.917+0000] {processor.py:836} INFO - DAG(s) dict_keys(['example_xcom_args_with_operators', 'example_xcom_args']) retrieved from /home/vscode/.local/lib/python3.10/site-packages/airflow/example_dags/example_xcomargs.py
[2026-09-17T01:18:25.932+0000] {logging_mixin.py:150} INFO - [2026-09-17T01:18:25.931+0000] {dag.py:2742} INFO - Sync 2 DAGs
[2026-09-17T01:18:25.946+0000] {logging_mixin.py:150} INFO - [2026-09-17T01:18:25.946+0000] {dag.py:3504} INFO - Setting next_dagrun for example_xcom_args to None, run_after=None
[2026-09-17T01:18:25.948+0000] {logging_mixin.py:150} INFO - [2026-09-17T01:18:25.948+0000] {dag.py:3504} INFO - Setting next_dagrun for example_xcom_args_with_operators to None, run_after=None
[2026-09-17T01:18:25.962+0000] {processor.py:179} INFO - Processing /home/vscode/.local/lib/python3.10/site-packages/airflow/example_dags/example_xcomargs.py took 0.057 seconds
[2026-09-17T01:19:03.930+0000] {processor.py:157} INFO - Started process (PID=34809) to work on /home/vscode/.local/lib/python3.10/site-packages/airflow/example_dags/example_xcomargs.py
[2026-09-17T01:19:03.932+0000] {processor.py:826} INFO - Processing file /home/vscode/.local/lib/python3.10/site-packages/airflow/example_dags/example_xcomargs.py for tasks to queue
[2026-09-17T01:19:03.932+0000] {logging_mixin.py:150} INFO - [2026-09-17T01:19:03.932+0000] {dagbag.py:541} INFO - Filling up the DagBag from /home/vscode/.local/lib/python3.10/site-packages/airflow/example_dags/example_xcomargs.py
[2026-09-17T01:19:03.939+0000] {processor.py:836} INFO - DAG(s) dict_keys(['example_xcom_args_with_operators', 'example_xcom_args']) retrieved from /home/vscode/.local/lib/python3.10/site-packages/airflow/example_dags/example_xcomargs.py
[2026-09-17T01:19:03.956+0000] {logging_mixin.py:150} INFO - [2026-09-17T01:19:03.955+0000] {dag.py:2742} INFO - Sync 2 DAGs
[2026-09-17T01:19:03.977+0000] {logging_mixin.py:150} INFO - [2026-09-17T01:19:03.977+0000] {dag.py:3504} INFO - Setting next_dagrun for example_xcom_args to None, run_after=None
[2026-09-17T01:19:03.980+0000] {logging_mixin.py:150} INFO - [2026-09-17T01:19:03.980+0000] {dag.py:3504} INFO - Setting next_dagrun for example_xcom_args_with_operators to None, run_after=None
[2026-09-17T01:19:04.007+0000] {processor.py:179} INFO - Processing /home/vscode/.local/lib/python3.10/site-packages/airflow/example_dags/example_xcomargs.py took 0.080 seconds
[2026-09-17T01:19:12.907+0000] {processor.py:157} INFO - Started process (PID=34889) to work on /home/vscode/.local/lib/python3.10/site-packages/airflow/example_dags/example_xcomargs.py
[2026-09-17T01:19:12.908+0000] {processor.py:826} INFO - Processing file /home/vscode/.local/lib/python3.10/site-packages/airflow/example_dags/example_xcomargs.py for tasks to queue
[2026-09-17T01:19:12.909+0000] {logging_mixin.py:150} INFO - [2026-09-17T01:19:12.908+0000] {dagbag.py:541} INFO - Filling up the DagBag from /home/vscode/.local/lib/python3.10/site-packages/airflow/example_dags/example_xcomargs.py
[2026-09-17T01:19:12.917+0000] {processor.py:836} INFO - DAG(s) dict_keys(['example_xcom_args_with_operators', 'example_xcom_args']) retrieved from /home/vscode/.local/lib/python3.10/site-packages/airflow/example_dags/example_xcomargs.py
[2026-09-17T01:19:12.932+0000] {logging_mixin.py:150} INFO - [2026-09-17T01:19:12.931+0000] {dag.py:2742} INFO - Sync 2 DAGs
[2026-09-17T01:19:12.946+0000] {logging_mixin.py:150} INFO - [2026-09-17T01:19:12.946+0000] {dag.py:3504} INFO - Setting next_dagrun for example_xcom_args to None, run_after=None
[2026-09-17T01:19:12.948+0000] {logging_mixin.py:150} INFO - [2026-09-17T01:19:12.948+0000] {dag.py:3504} INFO - Setting next_dagrun for example_xcom_args_with_operators to None, run_after=None
[2026-09-17T01:19:12.962+0000] {processor.py:179} INFO - Processing /home/vscode/.local/lib/python3.10/site-packages/airflow/example_dags/example_xcomargs.py took 0.058 seconds
[2026-09-17T01:19:38.774+0000] {processor.py:157} INFO - Started process (PID=35082) to work on /home/vscode/.local/lib/python3.10/site-packages/airflow/example_dags/example_xcomargs.py
[2026-09-17T01:19:38.774+0000] {processor.py:826} INFO - Processing file /home/vscode/.local/lib/python3.10/site-packages/airflow/example_dags/example_xcomargs.py for tasks to queue
[2026-09-17T01:19:38.775+0000] {logging_mixin.py:150} INFO - [2026-09-17T01:19:38.775+0000] {dagbag.py:541} INFO - Filling up the DagBag from /home/vscode/.local/lib/python3.10/site-packages/airflow/example_dags/example_xcomargs.py
[2026-09-17T01:19:38.782+0000] {processor.py:836} INFO - DAG(s) dict_keys(['example_xcom_args_with_operators', 'example_xcom_args']) retrieved from /home/vscode/.local/lib/python3.10/site-packages/airflow/example_dags/example_xcomargs.py
[2026-09-17T01:19:38.801+0000] {logging_mixin.py:150} INFO - [2026-09-17T01:19:38.801+0000] {dag.py:2742} INFO - Sync 2 DAGs
[2026-09-17T01:19:38.815+0000] {logging_mixin.py:150} INFO - [2026-09-17T01:19:38.815+0000] {dag.py:3504} INFO - Setting next_dagrun for example_xcom_args to None, run_after=None
[2026-09-17T01:19:38.818+0000] {logging_mixin.py:150} INFO - [2026-09-17T01:19:38.817+0000] {dag.py:3504} INFO - Setting next_dagrun for example_xcom_args_with_operators to None, run_after=None
[2026-09-17T01:19:38.833+0000] {processor.py:179} INFO - Processing /home/vscode/.local/lib/python3.10/site-packages/airflow/example_dags/example_xcomargs.py took 0.062 seconds
[2026-09-17T01:20:01.531+0000] {processor.py:157} INFO - Started process (PID=35340) to work on /home/vscode/.local/lib/python3.10/site-packages/airflow/example_dags/example_xcomargs.py
[2026-09-17T01:20:01.531+0000] {processor.py:826} INFO - Processing file /home/vscode/.local/lib/python3.10/site-packages/airflow/example_dags/example_xcomargs.py for tasks to queue
[2026-09-17T01:20:01.532+0000] {logging_mixin.py:150} INFO - [2026-09-17T01:20:01.532+0000] {dagbag.py:541} INFO - Filling up the DagBag from /home/vscode/.local/lib/python3.10/site-packages/airflow/example_dags/example_xcomargs.py
[2026-09-17T01:20:01.539+0000] {processor.py:836} INFO - DAG(s) dict_keys(['example_xcom_args', 'example_xcom_args_with_operators']) retrieved from /home/vscode/.local/lib/python3.10/site-packages/airflow/example_dags/example_xcomargs.py
[2026-09-17T01:20:01.553+0000] {logging_mixin.py:150} INFO - [2026-09-17T01:20:01.553+0000] {dag.py:2742} INFO - Sync 2 DAGs
[2026-09-17T01:20:01.568+0000] {logging_mixin.py:150} INFO - [2026-09-17T01:20:01.568+0000] {dag.py:3504} INFO - Setting next_dagrun for example_xcom_args to None, run_after=None
[2026-09-17T01:20:01.570+0000] {logging_mixin.py:150} INFO - [2026-09-17T01:20:01.570+0000] {dag.py:3504} INFO - Setting next_dagrun for example_xcom_args_with_operators to None, run_after=None
[2026-09-17T01:20:01.588+0000] {processor.py:179} INFO - Processing /home/vscode/.local/lib/python3.10/site-packages/airflow/example_dags/example_xcomargs.py took 0.059 seconds
[2026-09-17T01:20:25.332+0000] {processor.py:157} INFO - Started process (PID=35524) to work on /home/vscode/.local/lib/python3.10/site-packages/airflow/example_dags/example_xcomargs.py
[2026-09-17T01:20:25.333+0000] {processor.py:826} INFO - Processing file /home/vscode/.local/lib/python3.10/site-packages/airflow/example_dags/example_xcomargs.py for tasks to queue
[2026-09-17T01:20:25.333+0000] {logging_mixin.py:150} INFO - [2026-09-17T01:20:25.333+0000] {dagbag.py:541} INFO - Filling up the DagBag from /home/vscode/.local/lib/python3.10/site-packages/airflow/example_dags/example_xcomargs.py
[2026-09-17T01:20:25.340+0000] {processor.py:836} INFO - DAG(s) dict_keys(['example_xcom_args_with_operators', 'example_xcom_args']) retrieved from /home/vscode/.local/lib/python3.10/site-packages/airflow/example_dags/example_xcomargs.py
[2026-09-17T01:20:25.358+0000] {logging_mixin.py:150} INFO - [2026-09-17T01:20:25.358+0000] {dag.py:2742} INFO - Sync 2 DAGs
[2026-09-17T01:20:25.374+0000] {logging_mixin.py:150} INFO - [2026-09-17T01:20:25.374+0000] {dag.py:3504} INFO - Setting next_dagrun for example_xcom_args to None, run_after=None
[2026-09-17T01:20:25.376+0000] {logging_mixin.py:150} INFO - [2026-09-17T01:20:25.376+0000] {dag.py:3504} INFO - Setting next_dagrun for example_xcom_args_with_operators to None, run_after=None
[2026-09-17T01:20:25.394+0000] {processor.py:179} INFO - Processing /home/vscode/.local/lib/python3.10/site-packages/airflow/example_dags/example_xcomargs.py took 0.064 seconds
[2026-09-17T01:20:50.373+0000] {processor.py:157} INFO - Started process (PID=35765) to work on /home/vscode/.local/lib/python3.10/site-packages/airflow/example_dags/example_xcomargs.py
[2026-09-17T01:20:50.374+0000] {processor.py:826} INFO - Processing file /home/vscode/.local/lib/python3.10/site-packages/airflow/example_dags/example_xcomargs.py for tasks to queue
[2026-09-17T01:20:50.375+0000] {logging_mixin.py:150} INFO - [2026-09-17T01:20:50.375+0000] {dagbag.py:541} INFO - Filling up the DagBag from /home/vscode/.local/lib/python3.10/site-packages/airflow/example_dags/example_xcomargs.py
[2026-09-17T01:20:50.382+0000] {processor.py:836} INFO - DAG(s) dict_keys(['example_xcom_args', 'example_xcom_args_with_operators']) retrieved from /home/vscode/.local/lib/python3.10/site-packages/airflow/example_dags/example_xcomargs.py
[2026-09-17T01:20:50.403+0000] {logging_mixin.py:150} INFO - [2026-09-17T01:20:50.402+0000] {dag.py:2742} INFO - Sync 2 DAGs
[2026-09-17T01:20:50.417+0000] {logging_mixin.py:150} INFO - [2026-09-17T01:20:50.417+0000] {dag.py:3504} INFO - Setting next_dagrun for example_xcom_args to None, run_after=None
[2026-09-17T01:20:50.419+0000] {logging_mixin.py:150} INFO - [2026-09-17T01:20:50.419+0000] {dag.py:3504} INFO - Setting next_dagrun for example_xcom_args_with_operators to None, run_after=None
[2026-09-17T01:20:50.441+0000] {processor.py:179} INFO - Processing /home/vscode/.local/lib/python3.10/site-packages/airflow/example_dags/example_xcomargs.py took 0.070 seconds
[2026-09-17T01:21:15.001+0000] {processor.py:157} INFO - Started process (PID=36187) to work on /home/vscode/.local/lib/python3.10/site-packages/airflow/example_dags/example_xcomargs.py
[2026-09-17T01:21:15.002+0000] {processor.py:826} INFO - Processing file /home/vscode/.local/lib/python3.10/site-packages/airflow/example_dags/example_xcomargs.py for tasks to queue
[2026-09-17T01:21:15.002+0000] {logging_mixin.py:150} INFO - [2026-09-17T01:21:15.002+0000] {dagbag.py:541} INFO - Filling up the DagBag from /home/vscode/.local/lib/python3.10/site-packages/airflow/example_dags/example_xcomargs.py
[2026-09-17T01:21:15.009+0000] {processor.py:836} INFO - DAG(s) dict_keys(['example_xcom_args_with_operators', 'example_xcom_args']) retrieved from /home/vscode/.local/lib/python3.10/site-packages/airflow/example_dags/example_xcomargs.py
[2026-09-17T01:21:15.024+0000] {logging_mixin.py:150} INFO - [2026-09-17T01:21:15.024+0000] {dag.py:2742} INFO - Sync 2 DAGs
[2026-09-17T01:21:15.039+0000] {logging_mixin.py:150} INFO - [2026-09-17T01:21:15.038+0000] {dag.py:3504} INFO - Setting next_dagrun for example_xcom_args to None, run_after=None
[2026-09-17T01:21:15.041+0000] {logging_mixin.py:150} INFO - [2026-09-17T01:21:15.041+0000] {dag.py:3504} INFO - Setting next_dagrun for example_xcom_args_with_operators to None, run_after=None
[2026-09-17T01:21:15.062+0000] {processor.py:179} INFO - Processing /home/vscode/.local/lib/python3.10/site-packages/airflow/example_dags/example_xcomargs.py took 0.064 seconds
[2026-09-17T01:21:37.753+0000] {processor.py:157} INFO - Started process (PID=36431) to work on /home/vscode/.local/lib/python3.10/site-packages/airflow/example_dags/example_xcomargs.py
[2026-09-17T01:21:37.754+0000] {processor.py:826} INFO - Processing file /home/vscode/.local/lib/python3.10/site-packages/airflow/example_dags/example_xcomargs.py for tasks to queue
[2026-09-17T01:21:37.755+0000] {logging_mixin.py:150} INFO - [2026-09-17T01:21:37.754+0000] {dagbag.py:541} INFO - Filling up the DagBag from /home/vscode/.local/lib/python3.10/site-packages/airflow/example_dags/example_xcomargs.py
[2026-09-17T01:21:37.764+0000] {processor.py:836} INFO - DAG(s) dict_keys(['example_xcom_args_with_operators', 'example_xcom_args']) retrieved from /home/vscode/.local/lib/python3.10/site-packages/airflow/example_dags/example_xcomargs.py
[2026-09-17T01:21:37.788+0000] {logging_mixin.py:150} INFO - [2026-09-17T01:21:37.788+0000] {dag.py:2742} INFO - Sync 2 DAGs
[2026-09-17T01:21:37.843+0000] {logging_mixin.py:150} INFO - [2026-09-17T01:21:37.843+0000] {dag.py:3504} INFO - Setting next_dagrun for example_xcom_args to None, run_after=None
[2026-09-17T01:21:37.846+0000] {logging_mixin.py:150} INFO - [2026-09-17T01:21:37.846+0000] {dag.py:3504} INFO - Setting next_dagrun for example_xcom_args_with_operators to None, run_after=None
[2026-09-17T01:21:37.869+0000] {processor.py:179} INFO - Processing /home/vscode/.local/lib/python3.10/site-packages/airflow/example_dags/example_xcomargs.py took 0.124 seconds
[2026-09-17T01:22:04.113+0000] {processor.py:157} INFO - Started process (PID=36753) to work on /home/vscode/.local/lib/python3.10/site-packages/airflow/example_dags/example_xcomargs.py
[2026-09-17T01:22:04.114+0000] {processor.py:826} INFO - Processing file /home/vscode/.local/lib/python3.10/site-packages/airflow/example_dags/example_xcomargs.py for tasks to queue
[2026-09-17T01:22:04.115+0000] {logging_mixin.py:150} INFO - [2026-09-17T01:22:04.114+0000] {dagbag.py:541} INFO - Filling up the DagBag from /home/vscode/.local/lib/python3.10/site-packages/airflow/example_dags/example_xcomargs.py
[2026-09-17T01:22:04.121+0000] {processor.py:836} INFO - DAG(s) dict_keys(['example_xcom_args_with_operators', 'example_xcom_args']) retrieved from /home/vscode/.local/lib/python3.10/site-packages/airflow/example_dags/example_xcomargs.py
[2026-09-17T01:22:04.137+0000] {logging_mixin.py:150} INFO - [2026-09-17T01:22:04.136+0000] {dag.py:2742} INFO - Sync 2 DAGs
[2026-09-17T01:22:04.154+0000] {logging_mixin.py:150} INFO - [2026-09-17T01:22:04.153+0000] {dag.py:3504} INFO - Setting next_dagrun for example_xcom_args to None, run_after=None
[2026-09-17T01:22:04.157+0000] {logging_mixin.py:150} INFO - [2026-09-17T01:22:04.157+0000] {dag.py:3504} INFO - Setting next_dagrun for example_xcom_args_with_operators to None, run_after=None
[2026-09-17T01:22:04.178+0000] {processor.py:179} INFO - Processing /home/vscode/.local/lib/python3.10/site-packages/airflow/example_dags/example_xcomargs.py took 0.067 seconds
[2026-09-17T01:22:27.264+0000] {processor.py:157} INFO - Started process (PID=37134) to work on /home/vscode/.local/lib/python3.10/site-packages/airflow/example_dags/example_xcomargs.py
[2026-09-17T01:22:27.264+0000] {processor.py:826} INFO - Processing file /home/vscode/.local/lib/python3.10/site-packages/airflow/example_dags/example_xcomargs.py for tasks to queue
[2026-09-17T01:22:27.265+0000] {logging_mixin.py:150} INFO - [2026-09-17T01:22:27.265+0000] {dagbag.py:541} INFO - Filling up the DagBag from /home/vscode/.local/lib/python3.10/site-packages/airflow/example_dags/example_xcomargs.py
[2026-09-17T01:22:27.271+0000] {processor.py:836} INFO - DAG(s) dict_keys(['example_xcom_args_with_operators', 'example_xcom_args']) retrieved from /home/vscode/.local/lib/python3.10/site-packages/airflow/example_dags/example_xcomargs.py
[2026-09-17T01:22:27.289+0000] {logging_mixin.py:150} INFO - [2026-09-17T01:22:27.288+0000] {dag.py:2742} INFO - Sync 2 DAGs
[2026-09-17T01:22:27.304+0000] {logging_mixin.py:150} INFO - [2026-09-17T01:22:27.304+0000] {dag.py:3504} INFO - Setting next_dagrun for example_xcom_args to None, run_after=None
[2026-09-17T01:22:27.307+0000] {logging_mixin.py:150} INFO - [2026-09-17T01:22:27.307+0000] {dag.py:3504} INFO - Setting next_dagrun for example_xcom_args_with_operators to None, run_after=None
[2026-09-17T01:22:27.324+0000] {processor.py:179} INFO - Processing /home/vscode/.local/lib/python3.10/site-packages/airflow/example_dags/example_xcomargs.py took 0.062 seconds
[2026-09-17T01:22:39.579+0000] {processor.py:157} INFO - Started process (PID=37229) to work on /home/vscode/.local/lib/python3.10/site-packages/airflow/example_dags/example_xcomargs.py
[2026-09-17T01:22:39.579+0000] {processor.py:826} INFO - Processing file /home/vscode/.local/lib/python3.10/site-packages/airflow/example_dags/example_xcomargs.py for tasks to queue
[2026-09-17T01:22:39.580+0000] {logging_mixin.py:150} INFO - [2026-09-17T01:22:39.580+0000] {dagbag.py:541} INFO - Filling up the DagBag from /home/vscode/.local/lib/python3.10/site-packages/airflow/example_dags/example_xcomargs.py
[2026-09-17T01:22:39.588+0000] {processor.py:836} INFO - DAG(s) dict_keys(['example_xcom_args', 'example_xcom_args_with_operators']) retrieved from /home/vscode/.local/lib/python3.10/site-packages/airflow/example_dags/example_xcomargs.py
[2026-09-17T01:22:39.603+0000] {logging_mixin.py:150} INFO - [2026-09-17T01:22:39.603+0000] {dag.py:2742} INFO - Sync 2 DAGs
[2026-09-17T01:22:39.621+0000] {logging_mixin.py:150} INFO - [2026-09-17T01:22:39.621+0000] {dag.py:3504} INFO - Setting next_dagrun for example_xcom_args to None, run_after=None
[2026-09-17T01:22:39.624+0000] {logging_mixin.py:150} INFO - [2026-09-17T01:22:39.624+0000] {dag.py:3504} INFO - Setting next_dagrun for example_xcom_args_with_operators to None, run_after=None
[2026-09-17T01:22:39.640+0000] {processor.py:179} INFO - Processing /home/vscode/.local/lib/python3.10/site-packages/airflow/example_dags/example_xcomargs.py took 0.063 seconds
[2026-09-17T01:23:15.392+0000] {processor.py:157} INFO - Started process (PID=37551) to work on /home/vscode/.local/lib/python3.10/site-packages/airflow/example_dags/example_xcomargs.py
[2026-09-17T01:23:15.392+0000] {processor.py:826} INFO - Processing file /home/vscode/.local/lib/python3.10/site-packages/airflow/example_dags/example_xcomargs.py for tasks to queue
[2026-09-17T01:23:15.393+0000] {logging_mixin.py:150} INFO - [2026-09-17T01:23:15.393+0000] {dagbag.py:541} INFO - Filling up the DagBag from /home/vscode/.local/lib/python3.10/site-packages/airflow/example_dags/example_xcomargs.py
[2026-09-17T01:23:15.404+0000] {processor.py:836} INFO - DAG(s) dict_keys(['example_xcom_args', 'example_xcom_args_with_operators']) retrieved from /home/vscode/.local/lib/python3.10/site-packages/airflow/example_dags/example_xcomargs.py
[2026-09-17T01:23:15.429+0000] {logging_mixin.py:150} INFO - [2026-09-17T01:23:15.429+0000] {dag.py:2742} INFO - Sync 2 DAGs
[2026-09-17T01:23:15.454+0000] {logging_mixin.py:150} INFO - [2026-09-17T01:23:15.453+0000] {dag.py:3504} INFO - Setting next_dagrun for example_xcom_args to None, run_after=None
[2026-09-17T01:23:15.457+0000] {logging_mixin.py:150} INFO - [2026-09-17T01:23:15.457+0000] {dag.py:3504} INFO - Setting next_dagrun for example_xcom_args_with_operators to None, run_after=None
[2026-09-17T01:23:15.481+0000] {processor.py:179} INFO - Processing /home/vscode/.local/lib/python3.10/site-packages/airflow/example_dags/example_xcomargs.py took 0.094 seconds
[2026-09-17T01:23:24.109+0000] {processor.py:157} INFO - Started process (PID=37657) to work on /home/vscode/.local/lib/python3.10/site-packages/airflow/example_dags/example_xcomargs.py
[2026-09-17T01:23:24.110+0000] {processor.py:826} INFO - Processing file /home/vscode/.local/lib/python3.10/site-packages/airflow/example_dags/example_xcomargs.py for tasks to queue
[2026-09-17T01:23:24.110+0000] {logging_mixin.py:150} INFO - [2026-09-17T01:23:24.110+0000] {dagbag.py:541} INFO - Filling up the DagBag from /home/vscode/.local/lib/python3.10/site-packages/airflow/example_dags/example_xcomargs.py
[2026-09-17T01:23:24.117+0000] {processor.py:836} INFO - DAG(s) dict_keys(['example_xcom_args', 'example_xcom_args_with_operators']) retrieved from /home/vscode/.local/lib/python3.10/site-packages/airflow/example_dags/example_xcomargs.py
[2026-09-17T01:23:24.132+0000] {logging_mixin.py:150} INFO - [2026-09-17T01:23:24.132+0000] {dag.py:2742} INFO - Sync 2 DAGs
[2026-09-17T01:23:24.146+0000] {logging_mixin.py:150} INFO - [2026-09-17T01:23:24.146+0000] {dag.py:3504} INFO - Setting next_dagrun for example_xcom_args to None, run_after=None
[2026-09-17T01:23:24.148+0000] {logging_mixin.py:150} INFO - [2026-09-17T01:23:24.148+0000] {dag.py:3504} INFO - Setting next_dagrun for example_xcom_args_with_operators to None, run_after=None
[2026-09-17T01:23:24.164+0000] {processor.py:179} INFO - Processing /home/vscode/.local/lib/python3.10/site-packages/airflow/example_dags/example_xcomargs.py took 0.057 seconds
[2026-09-17T01:23:57.757+0000] {processor.py:157} INFO - Started process (PID=37922) to work on /home/vscode/.local/lib/python3.10/site-packages/airflow/example_dags/example_xcomargs.py
[2026-09-17T01:23:57.758+0000] {processor.py:826} INFO - Processing file /home/vscode/.local/lib/python3.10/site-packages/airflow/example_dags/example_xcomargs.py for tasks to queue
[2026-09-17T01:23:57.759+0000] {logging_mixin.py:150} INFO - [2026-09-17T01:23:57.758+0000] {dagbag.py:541} INFO - Filling up the DagBag from /home/vscode/.local/lib/python3.10/site-packages/airflow/example_dags/example_xcomargs.py
[2026-09-17T01:23:57.765+0000] {processor.py:836} INFO - DAG(s) dict_keys(['example_xcom_args_with_operators', 'example_xcom_args']) retrieved from /home/vscode/.local/lib/python3.10/site-packages/airflow/example_dags/example_xcomargs.py
[2026-09-17T01:23:57.780+0000] {logging_mixin.py:150} INFO - [2026-09-17T01:23:57.780+0000] {dag.py:2742} INFO - Sync 2 DAGs
[2026-09-17T01:23:57.796+0000] {logging_mixin.py:150} INFO - [2026-09-17T01:23:57.796+0000] {dag.py:3504} INFO - Setting next_dagrun for example_xcom_args to None, run_after=None
[2026-09-17T01:23:57.799+0000] {logging_mixin.py:150} INFO - [2026-09-17T01:23:57.799+0000] {dag.py:3504} INFO - Setting next_dagrun for example_xcom_args_with_operators to None, run_after=None
[2026-09-17T01:23:57.816+0000] {processor.py:179} INFO - Processing /home/vscode/.local/lib/python3.10/site-packages/airflow/example_dags/example_xcomargs.py took 0.061 seconds
[2026-09-17T01:24:04.225+0000] {processor.py:157} INFO - Started process (PID=37972) to work on /home/vscode/.local/lib/python3.10/site-packages/airflow/example_dags/example_xcomargs.py
[2026-09-17T01:24:04.226+0000] {processor.py:826} INFO - Processing file /home/vscode/.local/lib/python3.10/site-packages/airflow/example_dags/example_xcomargs.py for tasks to queue
[2026-09-17T01:24:04.227+0000] {logging_mixin.py:150} INFO - [2026-09-17T01:24:04.227+0000] {dagbag.py:541} INFO - Filling up the DagBag from /home/vscode/.local/lib/python3.10/site-packages/airflow/example_dags/example_xcomargs.py
[2026-09-17T01:24:04.238+0000] {processor.py:836} INFO - DAG(s) dict_keys(['example_xcom_args', 'example_xcom_args_with_operators']) retrieved from /home/vscode/.local/lib/python3.10/site-packages/airflow/example_dags/example_xcomargs.py
[2026-09-17T01:24:04.253+0000] {logging_mixin.py:150} INFO - [2026-09-17T01:24:04.253+0000] {dag.py:2742} INFO - Sync 2 DAGs
[2026-09-17T01:24:04.267+0000] {logging_mixin.py:150} INFO - [2026-09-17T01:24:04.267+0000] {dag.py:3504} INFO - Setting next_dagrun for example_xcom_args to None, run_after=None
[2026-09-17T01:24:04.269+0000] {logging_mixin.py:150} INFO - [2026-09-17T01:24:04.269+0000] {dag.py:3504} INFO - Setting next_dagrun for example_xcom_args_with_operators to None, run_after=None
[2026-09-17T01:24:04.288+0000] {processor.py:179} INFO - Processing /home/vscode/.local/lib/python3.10/site-packages/airflow/example_dags/example_xcomargs.py took 0.066 seconds
[2026-09-17T01:24:33.713+0000] {processor.py:157} INFO - Started process (PID=38518) to work on /home/vscode/.local/lib/python3.10/site-packages/airflow/example_dags/example_xcomargs.py
[2026-09-17T01:24:33.714+0000] {processor.py:826} INFO - Processing file /home/vscode/.local/lib/python3.10/site-packages/airflow/example_dags/example_xcomargs.py for tasks to queue
[2026-09-17T01:24:33.715+0000] {logging_mixin.py:150} INFO - [2026-09-17T01:24:33.715+0000] {dagbag.py:541} INFO - Filling up the DagBag from /home/vscode/.local/lib/python3.10/site-packages/airflow/example_dags/example_xcomargs.py
[2026-09-17T01:24:33.721+0000] {processor.py:836} INFO - DAG(s) dict_keys(['example_xcom_args_with_operators', 'example_xcom_args']) retrieved from /home/vscode/.local/lib/python3.10/site-packages/airflow/example_dags/example_xcomargs.py
[2026-09-17T01:24:33.736+0000] {logging_mixin.py:150} INFO - [2026-09-17T01:24:33.736+0000] {dag.py:2742} INFO - Sync 2 DAGs
[2026-09-17T01:24:33.751+0000] {logging_mixin.py:150} INFO - [2026-09-17T01:24:33.751+0000] {dag.py:3504} INFO - Setting next_dagrun for example_xcom_args to None, run_after=None
[2026-09-17T01:24:33.753+0000] {logging_mixin.py:150} INFO - [2026-09-17T01:24:33.753+0000] {dag.py:3504} INFO - Setting next_dagrun for example_xcom_args_with_operators to None, run_after=None
[2026-09-17T01:24:33.769+0000] {processor.py:179} INFO - Processing /home/vscode/.local/lib/python3.10/site-packages/airflow/example_dags/example_xcomargs.py took 0.058 seconds
