[2026-09-17T00:55:46.464+0000] {processor.py:157} INFO - Started process (PID=22154) to work on /home/vscode/.local/lib/python3.10/site-packages/airflow/example_dags/example_local_kubernetes_executor.py
[2026-09-17T00:55:46.465+0000] {processor.py:826} INFO - Processing file /home/vscode/.local/lib/python3.10/site-packages/airflow/example_dags/example_local_kubernetes_executor.py for tasks to queue
[2026-09-17T00:55:46.466+0000] {logging_mixin.py:150} INFO - [2026-09-17T00:55:46.466+0000] {dagbag.py:541} INFO - Filling up the DagBag from /home/vscode/.local/lib/python3.10/site-packages/airflow/example_dags/example_local_kubernetes_executor.py
[2026-09-17T00:55:46.470+0000] {logging_mixin.py:150} INFO - [2026-09-17T00:55:46.470+0000] {example_local_kubernetes_executor.py:39} WARNING - Could not import DAGs in example_local_kubernetes_executor.py
Traceback (most recent call last):
  File "/home/vscode/.local/lib/python3.10/site-packages/airflow/example_dags/example_local_kubernetes_executor.py", line 37, in <module>
    from kubernetes.client import models as k8s
ModuleNotFoundError: No module named 'kubernetes'
[2026-09-17T00:55:46.471+0000] {logging_mixin.py:150} INFO - [2026-09-17T00:55:46.471+0000] {example_local_kubernetes_executor.py:40} WARNING - Install Kubernetes dependencies with: pip install apache-airflow[cncf.kubernetes]
[2026-09-17T00:55:46.471+0000] {processor.py:838} WARNING - No viable dags retrieved from /home/vscode/.local/lib/python3.10/site-packages/airflow/example_dags/example_local_kubernetes_executor.py
[2026-09-17T00:55:46.482+0000] {processor.py:179} INFO - Processing /home/vscode/.local/lib/python3.10/site-packages/airflow/example_dags/example_local_kubernetes_executor.py took 0.021 seconds
[2026-09-17T00:56:12.902+0000] {processor.py:157} INFO - Started process (PID=22389) to work on /home/vscode/.local/lib/python3.10/site-packages/airflow/example_dags/example_local_kubernetes_executor.py
[2026-09-17T00:56:12.905+0000] {processor.py:826} INFO - Processing file /home/vscode/.local/lib/python3.10/site-packages/airflow/example_dags/example_local_kubernetes_executor.py for tasks to queue
[2026-09-17T00:56:12.906+0000] {logging_mixin.py:150} INFO - [2026-09-17T00:56:12.905+0000] {dagbag.py:541} INFO - Filling up the DagBag from /home/vscode/.local/lib/python3.10/site-packages/airflow/example_dags/example_local_kubernetes_executor.py
[2026-09-17T00:56:12.913+0000] {logging_mixin.py:150} INFO - [2026-09-17T00:56:12.912+0000] {example_local_kubernetes_executor.py:39} WARNING - Could not import DAGs in example_local_kubernetes_executor.py
Traceback (most recent call last):
  File "/home/vscode/.local/lib/python3.10/site-packages/airflow/example_dags/example_local_kubernetes_executor.py", line 37, in <module>
    from kubernetes.client import models as k8s
ModuleNotFoundError: No module named 'kubernetes'
[2026-09-17T00:56:12.913+0000] {logging_mixin.py:150} INFO - [2026-09-17T00:56:12.913+0000] {example_local_kubernetes_executor.py:40} WARNING - Install Kubernetes dependencies with: pip install apache-airflow[cncf.kubernetes]
[2026-09-17T00:56:12.914+0000] {processor.py:838} WARNING - No viable dags retrieved from /home/vscode/.local/lib/python3.10/site-packages/airflow/example_dags/example_local_kubernetes_executor.py
[2026-09-17T00:56:12.937+0000] {processor.py:179} INFO - Processing /home/vscode/.local/lib/python3.10/site-packages/airflow/example_dags/example_local_kubernetes_executor.py took 0.049 seconds
[2026-09-17T00:56:38.890+0000] {processor.py:157} INFO - Started process (PID=22691) to work on /home/vscode/.local/lib/python3.10/site-packages/airflow/example_dags/example_local_kubernetes_executor.py
[2026-09-17T00:56:38.891+0000] {processor.py:826} INFO - Processing file /home/vscode/.local/lib/python3.10/site-packages/airflow/example_dags/example_local_kubernetes_executor.py for tasks to queue
[2026-09-17T00:56:38.892+0000] {logging_mixin.py:150} INFO - [2026-09-17T00:56:38.892+0000] {dagbag.py:541} INFO - Filling up the DagBag from /home/vscode/.local/lib/python3.10/site-packages/airflow/example_dags/example_local_kubernetes_executor.py
[2026-09-17T00:56:38.896+0000] {logging_mixin.py:150} INFO - [2026-09-17T00:56:38.895+0000] {example_local_kubernetes_executor.py:39} WARNING - Could not import DAGs in example_local_kubernetes_executor.py
Traceback (most recent call last):
  File "/home/vscode/.local/lib/python3.10/site-packages/airflow/example_dags/example_local_kubernetes_executor.py", line 37, in <module>
    from kubernetes.client import models as k8s
ModuleNotFoundError: No module named 'kubernetes'
[2026-09-17T00:56:38.896+0000] {logging_mixin.py:150} INFO - [2026-09-17T00:56:38.896+0000] {example_local_kubernetes_executor.py:40} WARNING - Install Kubernetes dependencies with: pip install apache-airflow[cncf.kubernetes]
[2026-09-17T00:56:38.896+0000] {processor.py:838} WARNING - No viable dags retrieved from /home/vscode/.local/lib/python3.10/site-packages/airflow/example_dags/example_local_kubernetes_executor.py
[2026-09-17T00:56:38.908+0000] {processor.py:179} INFO - Processing /home/vscode/.local/lib/python3.10/site-packages/airflow/example_dags/example_local_kubernetes_executor.py took 0.021 seconds
[2026-09-17T00:57:02.913+0000] {processor.py:157} INFO - Started process (PID=22867) to work on /home/vscode/.local/lib/python3.10/site-packages/airflow/example_dags/example_local_kubernetes_executor.py
[2026-09-17T00:57:02.914+0000] {processor.py:826} INFO - Processing file /home/vscode/.local/lib/python3.10/site-packages/airflow/example_dags/example_local_kubernetes_executor.py for tasks to queue
[2026-09-17T00:57:02.915+0000] {logging_mixin.py:150} INFO - [2026-09-17T00:57:02.915+0000] {dagbag.py:541} INFO - Filling up the DagBag from /home/vscode/.local/lib/python3.10/site-packages/airflow/example_dags/example_local_kubernetes_executor.py
[2026-09-17T00:57:02.919+0000] {logging_mixin.py:150} INFO - [2026-09-17T00:57:02.918+0000] {example_local_kubernetes_executor.py:39} WARNING - Could not import DAGs in example_local_kubernetes_executor.py
Traceback (most recent call last):
  File "/home/vscode/.local/lib/python3.10/site-packages/airflow/example_dags/example_local_kubernetes_executor.py", line 37, in <module>
    from kubernetes.client import models as k8s
ModuleNotFoundError: No module named 'kubernetes'
[2026-09-17T00:57:02.919+0000] {logging_mixin.py:150} INFO - [2026-09-17T00:57:02.919+0000] {example_local_kubernetes_executor.py:40} WARNING - Install Kubernetes dependencies with: pip install apache-airflow[cncf.kubernetes]
[2026-09-17T00:57:02.919+0000] {processor.py:838} WARNING - No viable dags retrieved from /home/vscode/.local/lib/python3.10/site-packages/airflow/example_dags/example_local_kubernetes_executor.py
[2026-09-17T00:57:02.929+0000] {processor.py:179} INFO - Processing /home/vscode/.local/lib/python3.10/site-packages/airflow/example_dags/example_local_kubernetes_executor.py took 0.021 seconds
[2026-09-17T00:57:27.431+0000] {processor.py:157} INFO - Started process (PID=23048) to work on /home/vscode/.local/lib/python3.10/site-packages/airflow/example_dags/example_local_kubernetes_executor.py
[2026-09-17T00:57:27.432+0000] {processor.py:826} INFO - Processing file /home/vscode/.local/lib/python3.10/site-packages/airflow/example_dags/example_local_kubernetes_executor.py for tasks to queue
[2026-09-17T00:57:27.432+0000] {logging_mixin.py:150} INFO - [2026-09-17T00:57:27.432+0000] {dagbag.py:541} INFO - Filling up the DagBag from /home/vscode/.local/lib/python3.10/site-packages/airflow/example_dags/example_local_kubernetes_executor.py
[2026-09-17T00:57:27.435+0000] {logging_mixin.py:150} INFO - [2026-09-17T00:57:27.434+0000] {example_local_kubernetes_executor.py:39} WARNING - Could not import DAGs in example_local_kubernetes_executor.py
Traceback (most recent call last):
  File "/home/vscode/.local/lib/python3.10/site-packages/airflow/example_dags/example_local_kubernetes_executor.py", line 37, in <module>
    from kubernetes.client import models as k8s
ModuleNotFoundError: No module named 'kubernetes'
[2026-09-17T00:57:27.435+0000] {logging_mixin.py:150} INFO - [2026-09-17T00:57:27.435+0000] {example_local_kubernetes_executor.py:40} WARNING - Install Kubernetes dependencies with: pip install apache-airflow[cncf.kubernetes]
[2026-09-17T00:57:27.435+0000] {processor.py:838} WARNING - No viable dags retrieved from /home/vscode/.local/lib/python3.10/site-packages/airflow/example_dags/example_local_kubernetes_executor.py
[2026-09-17T00:57:27.443+0000] {processor.py:179} INFO - Processing /home/vscode/.local/lib/python3.10/site-packages/airflow/example_dags/example_local_kubernetes_executor.py took 0.014 seconds
[2026-09-17T00:58:00.077+0000] {processor.py:157} INFO - Started process (PID=23309) to work on /home/vscode/.local/lib/python3.10/site-packages/airflow/example_dags/example_local_kubernetes_executor.py
[2026-09-17T00:58:00.078+0000] {processor.py:826} INFO - Processing file /home/vscode/.local/lib/python3.10/site-packages/airflow/example_dags/example_local_kubernetes_executor.py for tasks to queue
[2026-09-17T00:58:00.078+0000] {logging_mixin.py:150} INFO - [2026-09-17T00:58:00.078+0000] {dagbag.py:541} INFO - Filling up the DagBag from /home/vscode/.local/lib/python3.10/site-packages/airflow/example_dags/example_local_kubernetes_executor.py
[2026-09-17T00:58:00.082+0000] {logging_mixin.py:150} INFO - [2026-09-17T00:58:00.081+0000] {example_local_kubernetes_executor.py:39} WARNING - Could not import DAGs in example_local_kubernetes_executor.py
Traceback (most recent call last):
  File "/home/vscode/.local/lib/python3.10/site-packages/airflow/example_dags/example_local_kubernetes_executor.py", line 37, in <module>
    from kubernetes.client import models as k8s
ModuleNotFoundError: No module named 'kubernetes'
[2026-09-17T00:58:00.082+0000] {logging_mixin.py:150} INFO - [2026-09-17T00:58:00.082+0000] {example_local_kubernetes_executor.py:40} WARNING - Install Kubernetes dependencies with: pip install apache-airflow[cncf.kubernetes]
[2026-09-17T00:58:00.082+0000] {processor.py:838} WARNING - No viable dags retrieved from /home/vscode/.local/lib/python3.10/site-packages/airflow/example_dags/example_local_kubernetes_executor.py
[2026-09-17T00:58:00.092+0000] {processor.py:179} INFO - Processing /home/vscode/.local/lib/python3.10/site-packages/airflow/example_dags/example_local_kubernetes_executor.py took 0.018 seconds
[2026-09-17T00:58:17.695+0000] {processor.py:157} INFO - Started process (PID=23446) to work on /home/vscode/.local/lib/python3.10/site-packages/airflow/example_dags/example_local_kubernetes_executor.py
[2026-09-17T00:58:17.696+0000] {processor.py:826} INFO - Processing file /home/vscode/.local/lib/python3.10/site-packages/airflow/example_dags/example_local_kubernetes_executor.py for tasks to queue
[2026-09-17T00:58:17.697+0000] {logging_mixin.py:150} INFO - [2026-09-17T00:58:17.696+0000] {dagbag.py:541} INFO - Filling up the DagBag from /home/vscode/.local/lib/python3.10/site-packages/airflow/example_dags/example_local_kubernetes_executor.py
[2026-09-17T00:58:17.700+0000] {logging_mixin.py:150} INFO - [2026-09-17T00:58:17.700+0000] {example_local_kubernetes_executor.py:39} WARNING - Could not import DAGs in example_local_kubernetes_executor.py
Traceback (most recent call last):
  File "/home/vscode/.local/lib/python3.10/site-packages/airflow/example_dags/example_local_kubernetes_executor.py", line 37, in <module>
    from kubernetes.client import models as k8s
ModuleNotFoundError: No module named 'kubernetes'
[2026-09-17T00:58:17.701+0000] {logging_mixin.py:150} INFO - [2026-09-17T00:58:17.701+0000] {example_local_kubernetes_executor.py:40} WARNING - Install Kubernetes dependencies with: pip install apache-airflow[cncf.kubernetes]
[2026-09-17T00:58:17.701+0000] {processor.py:838} WARNING - No viable dags retrieved from /home/vscode/.local/lib/python3.10/site-packages/airflow/example_dags/example_local_kubernetes_executor.py
[2026-09-17T00:58:17.712+0000] {processor.py:179} INFO - Processing /home/vscode/.local/lib/python3.10/site-packages/airflow/example_dags/example_local_kubernetes_executor.py took 0.020 seconds
[2026-09-17T00:58:50.758+0000] {processor.py:157} INFO - Started process (PID=23855) to work on /home/vscode/.local/lib/python3.10/site-packages/airflow/example_dags/example_local_kubernetes_executor.py
[2026-09-17T00:58:50.759+0000] {processor.py:826} INFO - Processing file /home/vscode/.local/lib/python3.10/site-packages/airflow/example_dags/example_local_kubernetes_executor.py for tasks to queue
[2026-09-17T00:58:50.760+0000] {logging_mixin.py:150} INFO - [2026-09-17T00:58:50.759+0000] {dagbag.py:541} INFO - Filling up the DagBag from /home/vscode/.local/lib/python3.10/site-packages/airflow/example_dags/example_local_kubernetes_executor.py
[2026-09-17T00:58:50.762+0000] {logging_mixin.py:150} INFO - [2026-09-17T00:58:50.762+0000] {example_local_kubernetes_executor.py:39} WARNING - Could not import DAGs in example_local_kubernetes_executor.py
Traceback (most recent call last):
  File "/home/vscode/.local/lib/python3.10/site-packages/airflow/example_dags/example_local_kubernetes_executor.py", line 37, in <module>
    from kubernetes.client import models as k8s
ModuleNotFoundError: No module named 'kubernetes'
[2026-09-17T00:58:50.763+0000] {logging_mixin.py:150} INFO - [2026-09-17T00:58:50.763+0000] {example_local_kubernetes_executor.py:40} WARNING - Install Kubernetes dependencies with: pip install apache-airflow[cncf.kubernetes]
[2026-09-17T00:58:50.763+0000] {processor.py:838} WARNING - No viable dags retrieved from /home/vscode/.local/lib/python3.10/site-packages/airflow/example_dags/example_local_kubernetes_executor.py
[2026-09-17T00:58:50.770+0000] {processor.py:179} INFO - Processing /home/vscode/.local/lib/python3.10/site-packages/airflow/example_dags/example_local_kubernetes_executor.py took 0.014 seconds
[2026-09-17T00:59:06.277+0000] {processor.py:157} INFO - Started process (PID=24075) to work on /home/vscode/.local/lib/python3.10/site-packages/airflow/example_dags/example_local_kubernetes_executor.py
[2026-09-17T00:59:06.281+0000] {processor.py:826} INFO - Processing file /home/vscode/.local/lib/python3.10/site-packages/airflow/example_dags/example_local_kubernetes_executor.py for tasks to queue
[2026-09-17T00:59:06.282+0000] {logging_mixin.py:150} INFO - [2026-09-17T00:59:06.281+0000] {dagbag.py:541} INFO - Filling up the DagBag from /home/vscode/.local/lib/python3.10/site-packages/airflow/example_dags/example_local_kubernetes_executor.py
[2026-09-17T00:59:06.286+0000] {logging_mixin.py:150} INFO - [2026-09-17T00:59:06.285+0000] {example_local_kubernetes_executor.py:39} WARNING - Could not import DAGs in example_local_kubernetes_executor.py
Traceback (most recent call last):
  File "/home/vscode/.local/lib/python3.10/site-packages/airflow/example_dags/example_local_kubernetes_executor.py", line 37, in <module>
    from kubernetes.client import models as k8s
ModuleNotFoundError: No module named 'kubernetes'
[2026-09-17T00:59:06.286+0000] {logging_mixin.py:150} INFO - [2026-09-17T00:59:06.286+0000] {example_local_kubernetes_executor.py:40} WARNING - Install Kubernetes dependencies with: pip install apache-airflow[cncf.kubernetes]
[2026-09-17T00:59:06.286+0000] {processor.py:838} WARNING - No viable dags retrieved from /home/vscode/.local/lib/python3.10/site-packages/airflow/example_dags/example_local_kubernetes_executor.py
[2026-09-17T00:59:06.297+0000] {processor.py:179} INFO - Processing /home/vscode/.local/lib/python3.10/site-packages/airflow/example_dags/example_local_kubernetes_executor.py took 0.023 seconds
[2026-09-17T00:59:45.782+0000] {processor.py:157} INFO - Started process (PID=24554) to work on /home/vscode/.local/lib/python3.10/site-packages/airflow/example_dags/example_local_kubernetes_executor.py
[2026-09-17T00:59:45.783+0000] {processor.py:826} INFO - Processing file /home/vscode/.local/lib/python3.10/site-packages/airflow/example_dags/example_local_kubernetes_executor.py for tasks to queue
[2026-09-17T00:59:45.784+0000] {logging_mixin.py:150} INFO - [2026-09-17T00:59:45.783+0000] {dagbag.py:541} INFO - Filling up the DagBag from /home/vscode/.local/lib/python3.10/site-packages/airflow/example_dags/example_local_kubernetes_executor.py
[2026-09-17T00:59:45.787+0000] {logging_mixin.py:150} INFO - [2026-09-17T00:59:45.787+0000] {example_local_kubernetes_executor.py:39} WARNING - Could not import DAGs in example_local_kubernetes_executor.py
Traceback (most recent call last):
  File "/home/vscode/.local/lib/python3.10/site-packages/airflow/example_dags/example_local_kubernetes_executor.py", line 37, in <module>
    from kubernetes.client import models as k8s
ModuleNotFoundError: No module named 'kubernetes'
[2026-09-17T00:59:45.787+0000] {logging_mixin.py:150} INFO - [2026-09-17T00:59:45.787+0000] {example_local_kubernetes_executor.py:40} WARNING - Install Kubernetes dependencies with: pip install apache-airflow[cncf.kubernetes]
[2026-09-17T00:59:45.788+0000] {processor.py:838} WARNING - No viable dags retrieved from /home/vscode/.local/lib/python3.10/site-packages/airflow/example_dags/example_local_kubernetes_executor.py
[2026-09-17T00:59:45.798+0000] {processor.py:179} INFO - Processing /home/vscode/.local/lib/python3.10/site-packages/airflow/example_dags/example_local_kubernetes_executor.py took 0.018 seconds
[2026-09-17T00:59:57.967+0000] {processor.py:157} INFO - Started process (PID=24760) to work on /home/vscode/.local/lib/python3.10/site-packages/airflow/example_dags/example_local_kubernetes_executor.py
[2026-09-17T00:59:57.967+0000] {processor.py:826} INFO - Processing file /home/vscode/.local/lib/python3.10/site-packages/airflow/example_dags/example_local_kubernetes_executor.py for tasks to queue
[2026-09-17T00:59:57.968+0000] {logging_mixin.py:150} INFO - [2026-09-17T00:59:57.968+0000] {dagbag.py:541} INFO - Filling up the DagBag from /home/vscode/.local/lib/python3.10/site-packages/airflow/example_dags/example_local_kubernetes_executor.py
[2026-09-17T00:59:57.971+0000] {logging_mixin.py:150} INFO - [2026-09-17T00:59:57.970+0000] {example_local_kubernetes_executor.py:39} WARNING - Could not import DAGs in example_local_kubernetes_executor.py
Traceback (most recent call last):
  File "/home/vscode/.local/lib/python3.10/site-packages/airflow/example_dags/example_local_kubernetes_executor.py", line 37, in <module>
    from kubernetes.client import models as k8s
ModuleNotFoundError: No module named 'kubernetes'
[2026-09-17T00:59:57.971+0000] {logging_mixin.py:150} INFO - [2026-09-17T00:59:57.971+0000] {example_local_kubernetes_executor.py:40} WARNING - Install Kubernetes dependencies with: pip install apache-airflow[cncf.kubernetes]
[2026-09-17T00:59:57.972+0000] {processor.py:838} WARNING - No viable dags retrieved from /home/vscode/.local/lib/python3.10/site-packages/airflow/example_dags/example_local_kubernetes_executor.py
[2026-09-17T00:59:57.983+0000] {processor.py:179} INFO - Processing /home/vscode/.local/lib/python3.10/site-packages/airflow/example_dags/example_local_kubernetes_executor.py took 0.019 seconds
[2026-09-17T01:00:37.488+0000] {processor.py:157} INFO - Started process (PID=25281) to work on /home/vscode/.local/lib/python3.10/site-packages/airflow/example_dags/example_local_kubernetes_executor.py
[2026-09-17T01:00:37.489+0000] {processor.py:826} INFO - Processing file /home/vscode/.local/lib/python3.10/site-packages/airflow/example_dags/example_local_kubernetes_executor.py for tasks to queue
[2026-09-17T01:00:37.490+0000] {logging_mixin.py:150} INFO - [2026-09-17T01:00:37.489+0000] {dagbag.py:541} INFO - Filling up the DagBag from /home/vscode/.local/lib/python3.10/site-packages/airflow/example_dags/example_local_kubernetes_executor.py
[2026-09-17T01:00:37.493+0000] {logging_mixin.py:150} INFO - [2026-09-17T01:00:37.493+0000] {example_local_kubernetes_executor.py:39} WARNING - Could not import DAGs in example_local_kubernetes_executor.py
Traceback (most recent call last):
  File "/home/vscode/.local/lib/python3.10/site-packages/airflow/example_dags/example_local_kubernetes_executor.py", line 37, in <module>
    from kubernetes.client import models as k8s
ModuleNotFoundError: No module named 'kubernetes'
[2026-09-17T01:00:37.494+0000] {logging_mixin.py:150} INFO - [2026-09-17T01:00:37.493+0000] {example_local_kubernetes_executor.py:40} WARNING - Install Kubernetes dependencies with: pip install apache-airflow[cncf.kubernetes]
[2026-09-17T01:00:37.494+0000] {processor.py:838} WARNING - No viable dags retrieved from /home/vscode/.local/lib/python3.10/site-packages/airflow/example_dags/example_local_kubernetes_executor.py
[2026-09-17T01:00:37.503+0000] {processor.py:179} INFO - Processing /home/vscode/.local/lib/python3.10/site-packages/airflow/example_dags/example_local_kubernetes_executor.py took 0.018 seconds
[2026-09-17T01:00:51.620+0000] {processor.py:157} INFO - Started process (PID=25434) to work on /home/vscode/.local/lib/python3.10/site-packages/airflow/example_dags/example_local_kubernetes_executor.py
[2026-09-17T01:00:51.620+0000] {processor.py:826} INFO - Processing file /home/vscode/.local/lib/python3.10/site-packages/airflow/example_dags/example_local_kubernetes_executor.py for tasks to queue
[2026-09-17T01:00:51.621+0000] {logging_mixin.py:150} INFO - [2026-09-17T01:00:51.621+0000] {dagbag.py:541} INFO - Filling up the DagBag from /home/vscode/.local/lib/python3.10/site-packages/airflow/example_dags/example_local_kubernetes_executor.py
[2026-09-17T01:00:51.624+0000] {logging_mixin.py:150} INFO - [2026-09-17T01:00:51.623+0000] {example_local_kubernetes_executor.py:39} WARNING - Could not import DAGs in example_local_kubernetes_executor.py
Traceback (most recent call last):
  File "/home/vscode/.local/lib/python3.10/site-packages/airflow/example_dags/example_local_kubernetes_executor.py", line 37, in <module>
    from kubernetes.client import models as k8s
ModuleNotFoundError: No module named 'kubernetes'
[2026-09-17T01:00:51.624+0000] {logging_mixin.py:150} INFO - [2026-09-17T01:00:51.624+0000] {example_local_kubernetes_executor.py:40} WARNING - Install Kubernetes dependencies with: pip install apache-airflow[cncf.kubernetes]
[2026-09-17T01:00:51.624+0000] {processor.py:838} WARNING - No viable dags retrieved from /home/vscode/.local/lib/python3.10/site-packages/airflow/example_dags/example_local_kubernetes_executor.py
[2026-09-17T01:00:51.633+0000] {processor.py:179} INFO - Processing /home/vscode/.local/lib/python3.10/site-packages/airflow/example_dags/example_local_kubernetes_executor.py took 0.016 seconds
[2026-09-17T01:01:27.263+0000] {processor.py:157} INFO - Started process (PID=25734) to work on /home/vscode/.local/lib/python3.10/site-packages/airflow/example_dags/example_local_kubernetes_executor.py
[2026-09-17T01:01:27.264+0000] {processor.py:826} INFO - Processing file /home/vscode/.local/lib/python3.10/site-packages/airflow/example_dags/example_local_kubernetes_executor.py for tasks to queue
[2026-09-17T01:01:27.265+0000] {logging_mixin.py:150} INFO - [2026-09-17T01:01:27.265+0000] {dagbag.py:541} INFO - Filling up the DagBag from /home/vscode/.local/lib/python3.10/site-packages/airflow/example_dags/example_local_kubernetes_executor.py
[2026-09-17T01:01:27.267+0000] {logging_mixin.py:150} INFO - [2026-09-17T01:01:27.267+0000] {example_local_kubernetes_executor.py:39} WARNING - Could not import DAGs in example_local_kubernetes_executor.py
Traceback (most recent call last):
  File "/home/vscode/.local/lib/python3.10/site-packages/airflow/example_dags/example_local_kubernetes_executor.py", line 37, in <module>
    from kubernetes.client import models as k8s
ModuleNotFoundError: No module named 'kubernetes'
[2026-09-17T01:01:27.268+0000] {logging_mixin.py:150} INFO - [2026-09-17T01:01:27.268+0000] {example_local_kubernetes_executor.py:40} WARNING - Install Kubernetes dependencies with: pip install apache-airflow[cncf.kubernetes]
[2026-09-17T01:01:27.268+0000] {processor.py:838} WARNING - No viable dags retrieved from /home/vscode/.local/lib/python3.10/site-packages/airflow/example_dags/example_local_kubernetes_executor.py
[2026-09-17T01:01:27.275+0000] {processor.py:179} INFO - Processing /home/vscode/.local/lib/python3.10/site-packages/airflow/example_dags/example_local_kubernetes_executor.py took 0.014 seconds
[2026-09-17T01:01:43.176+0000] {processor.py:157} INFO - Started process (PID=25861) to work on /home/vscode/.local/lib/python3.10/site-packages/airflow/example_dags/example_local_kubernetes_executor.py
[2026-09-17T01:01:43.176+0000] {processor.py:826} INFO - Processing file /home/vscode/.local/lib/python3.10/site-packages/airflow/example_dags/example_local_kubernetes_executor.py for tasks to queue
[2026-09-17T01:01:43.177+0000] {logging_mixin.py:150} INFO - [2026-09-17T01:01:43.177+0000] {dagbag.py:541} INFO - Filling up the DagBag from /home/vscode/.local/lib/python3.10/site-packages/airflow/example_dags/example_local_kubernetes_executor.py
[2026-09-17T01:01:43.180+0000] {logging_mixin.py:150} INFO - [2026-09-17T01:01:43.179+0000] {example_local_kubernetes_executor.py:39} WARNING - Could not import DAGs in example_local_kubernetes_executor.py
Traceback (most recent call last):
  File "/home/vscode/.local/lib/python3.10/site-packages/airflow/example_dags/example_local_kubernetes_executor.py", line 37, in <module>
    from kubernetes.client import models as k8s
ModuleNotFoundError: No module named 'kubernetes'
[2026-09-17T01:01:43.180+0000] {logging_mixin.py:150} INFO - [2026-09-17T01:01:43.180+0000] {example_local_kubernetes_executor.py:40} WARNING - Install Kubernetes dependencies with: pip install apache-airflow[cncf.kubernetes]
[2026-09-17T01:01:43.180+0000] {processor.py:838} WARNING - No viable dags retrieved from /home/vscode/.local/lib/python3.10/site-packages/airflow/example_dags/example_local_kubernetes_executor.py
[2026-09-17T01:01:43.189+0000] {processor.py:179} INFO - Processing /home/vscode/.local/lib/python3.10/site-packages/airflow/example_dags/example_local_kubernetes_executor.py took 0.016 seconds
[2026-09-17T01:02:12.641+0000] {processor.py:157} INFO - Started process (PID=26115) to work on /home/vscode/.local/lib/python3.10/site-packages/airflow/example_dags/example_local_kubernetes_executor.py
[2026-09-17T01:02:12.642+0000] {processor.py:826} INFO - Processing file /home/vscode/.local/lib/python3.10/site-packages/airflow/example_dags/example_local_kubernetes_executor.py for tasks to queue
[2026-09-17T01:02:12.643+0000] {logging_mixin.py:150} INFO - [2026-09-17T01:02:12.642+0000] {dagbag.py:541} INFO - Filling up the DagBag from /home/vscode/.local/lib/python3.10/site-packages/airflow/example_dags/example_local_kubernetes_executor.py
[2026-09-17T01:02:12.646+0000] {logging_mixin.py:150} INFO - [2026-09-17T01:02:12.645+0000] {example_local_kubernetes_executor.py:39} WARNING - Could not import DAGs in example_local_kubernetes_executor.py
Traceback (most recent call last):
  File "/home/vscode/.local/lib/python3.10/site-packages/airflow/example_dags/example_local_kubernetes_executor.py", line 37, in <module>
    from kubernetes.client import models as k8s
ModuleNotFoundError: No module named 'kubernetes'
[2026-09-17T01:02:12.646+0000] {logging_mixin.py:150} INFO - [2026-09-17T01:02:12.646+0000] {example_local_kubernetes_executor.py:40} WARNING - Install Kubernetes dependencies with: pip install apache-airflow[cncf.kubernetes]
[2026-09-17T01:02:12.646+0000] {processor.py:838} WARNING - No viable dags retrieved from /home/vscode/.local/lib/python3.10/site-packages/airflow/example_dags/example_local_kubernetes_executor.py
[2026-09-17T01:02:12.654+0000] {processor.py:179} INFO - Processing /home/vscode/.local/lib/python3.10/site-packages/airflow/example_dags/example_local_kubernetes_executor.py took 0.015 seconds
[2026-09-17T01:02:35.906+0000] {processor.py:157} INFO - Started process (PID=26308) to work on /home/vscode/.local/lib/python3.10/site-packages/airflow/example_dags/example_local_kubernetes_executor.py
[2026-09-17T01:02:35.907+0000] {processor.py:826} INFO - Processing file /home/vscode/.local/lib/python3.10/site-packages/airflow/example_dags/example_local_kubernetes_executor.py for tasks to queue
[2026-09-17T01:02:35.908+0000] {logging_mixin.py:150} INFO - [2026-09-17T01:02:35.907+0000] {dagbag.py:541} INFO - Filling up the DagBag from /home/vscode/.local/lib/python3.10/site-packages/airflow/example_dags/example_local_kubernetes_executor.py
[2026-09-17T01:02:35.910+0000] {logging_mixin.py:150} INFO - [2026-09-17T01:02:35.910+0000] {example_local_kubernetes_executor.py:39} WARNING - Could not import DAGs in example_local_kubernetes_executor.py
Traceback (most recent call last):
  File "/home/vscode/.local/lib/python3.10/site-packages/airflow/example_dags/example_local_kubernetes_executor.py", line 37, in <module>
    from kubernetes.client import models as k8s
ModuleNotFoundError: No module named 'kubernetes'
[2026-09-17T01:02:35.911+0000] {logging_mixin.py:150} INFO - [2026-09-17T01:02:35.911+0000] {example_local_kubernetes_executor.py:40} WARNING - Install Kubernetes dependencies with: pip install apache-airflow[cncf.kubernetes]
[2026-09-17T01:02:35.911+0000] {processor.py:838} WARNING - No viable dags retrieved from /home/vscode/.local/lib/python3.10/site-packages/airflow/example_dags/example_local_kubernetes_executor.py
[2026-09-17T01:02:35.918+0000] {processor.py:179} INFO - Processing /home/vscode/.local/lib/python3.10/site-packages/airflow/example_dags/example_local_kubernetes_executor.py took 0.015 seconds
[2026-09-17T01:02:57.292+0000] {processor.py:157} INFO - Started process (PID=26494) to work on /home/vscode/.local/lib/python3.10/site-packages/airflow/example_dags/example_local_kubernetes_executor.py
[2026-09-17T01:02:57.292+0000] {processor.py:826} INFO - Processing file /home/vscode/.local/lib/python3.10/site-packages/airflow/example_dags/example_local_kubernetes_executor.py for tasks to queue
[2026-09-17T01:02:57.293+0000] {logging_mixin.py:150} INFO - [2026-09-17T01:02:57.293+0000] {dagbag.py:541} INFO - Filling up the DagBag from /home/vscode/.local/lib/python3.10/site-packages/airflow/example_dags/example_local_kubernetes_executor.py
[2026-09-17T01:02:57.296+0000] {logging_mixin.py:150} INFO - [2026-09-17T01:02:57.295+0000] {example_local_kubernetes_executor.py:39} WARNING - Could not import DAGs in example_local_kubernetes_executor.py
Traceback (most recent call last):
  File "/home/vscode/.local/lib/python3.10/site-packages/airflow/example_dags/example_local_kubernetes_executor.py", line 37, in <module>
    from kubernetes.client import models as k8s
ModuleNotFoundError: No module named 'kubernetes'
[2026-09-17T01:02:57.296+0000] {logging_mixin.py:150} INFO - [2026-09-17T01:02:57.296+0000] {example_local_kubernetes_executor.py:40} WARNING - Install Kubernetes dependencies with: pip install apache-airflow[cncf.kubernetes]
[2026-09-17T01:02:57.296+0000] {processor.py:838} WARNING - No viable dags retrieved from /home/vscode/.local/lib/python3.10/site-packages/airflow/example_dags/example_local_kubernetes_executor.py
[2026-09-17T01:02:57.303+0000] {processor.py:179} INFO - Processing /home/vscode/.local/lib/python3.10/site-packages/airflow/example_dags/example_local_kubernetes_executor.py took 0.014 seconds
[2026-09-17T01:03:29.748+0000] {processor.py:157} INFO - Started process (PID=26773) to work on /home/vscode/.local/lib/python3.10/site-packages/airflow/example_dags/example_local_kubernetes_executor.py
[2026-09-17T01:03:29.749+0000] {processor.py:826} INFO - Processing file /home/vscode/.local/lib/python3.10/site-packages/airflow/example_dags/example_local_kubernetes_executor.py for tasks to queue
[2026-09-17T01:03:29.749+0000] {logging_mixin.py:150} INFO - [2026-09-17T01:03:29.749+0000] {dagbag.py:541} INFO - Filling up the DagBag from /home/vscode/.local/lib/python3.10/site-packages/airflow/example_dags/example_local_kubernetes_executor.py
[2026-09-17T01:03:29.752+0000] {logging_mixin.py:150} INFO - [2026-09-17T01:03:29.752+0000] {example_local_kubernetes_executor.py:39} WARNING - Could not import DAGs in example_local_kubernetes_executor.py
Traceback (most recent call last):
  File "/home/vscode/.local/lib/python3.10/site-packages/airflow/example_dags/example_local_kubernetes_executor.py", line 37, in <module>
    from kubernetes.client import models as k8s
ModuleNotFoundError: No module named 'kubernetes'
[2026-09-17T01:03:29.752+0000] {logging_mixin.py:150} INFO - [2026-09-17T01:03:29.752+0000] {example_local_kubernetes_executor.py:40} WARNING - Install Kubernetes dependencies with: pip install apache-airflow[cncf.kubernetes]
[2026-09-17T01:03:29.753+0000] {processor.py:838} WARNING - No viable dags retrieved from /home/vscode/.local/lib/python3.10/site-packages/airflow/example_dags/example_local_kubernetes_executor.py
[2026-09-17T01:03:29.760+0000] {processor.py:179} INFO - Processing /home/vscode/.local/lib/python3.10/site-packages/airflow/example_dags/example_local_kubernetes_executor.py took 0.014 seconds
[2026-09-17T01:03:46.146+0000] {processor.py:157} INFO - Started process (PID=26917) to work on /home/vscode/.local/lib/python3.10/site-packages/airflow/example_dags/example_local_kubernetes_executor.py
[2026-09-17T01:03:46.147+0000] {processor.py:826} INFO - Processing file /home/vscode/.local/lib/python3.10/site-packages/airflow/example_dags/example_local_kubernetes_executor.py for tasks to queue
[2026-09-17T01:03:46.148+0000] {logging_mixin.py:150} INFO - [2026-09-17T01:03:46.148+0000] {dagbag.py:541} INFO - Filling up the DagBag from /home/vscode/.local/lib/python3.10/site-packages/airflow/example_dags/example_local_kubernetes_executor.py
[2026-09-17T01:03:46.151+0000] {logging_mixin.py:150} INFO - [2026-09-17T01:03:46.151+0000] {example_local_kubernetes_executor.py:39} WARNING - Could not import DAGs in example_local_kubernetes_executor.py
Traceback (most recent call last):
  File "/home/vscode/.local/lib/python3.10/site-packages/airflow/example_dags/example_local_kubernetes_executor.py", line 37, in <module>
    from kubernetes.client import models as k8s
ModuleNotFoundError: No module named 'kubernetes'
[2026-09-17T01:03:46.151+0000] {logging_mixin.py:150} INFO - [2026-09-17T01:03:46.151+0000] {example_local_kubernetes_executor.py:40} WARNING - Install Kubernetes dependencies with: pip install apache-airflow[cncf.kubernetes]
[2026-09-17T01:03:46.151+0000] {processor.py:838} WARNING - No viable dags retrieved from /home/vscode/.local/lib/python3.10/site-packages/airflow/example_dags/example_local_kubernetes_executor.py
[2026-09-17T01:03:46.159+0000] {processor.py:179} INFO - Processing /home/vscode/.local/lib/python3.10/site-packages/airflow/example_dags/example_local_kubernetes_executor.py took 0.016 seconds
[2026-09-17T01:04:18.561+0000] {processor.py:157} INFO - Started process (PID=27180) to work on /home/vscode/.local/lib/python3.10/site-packages/airflow/example_dags/example_local_kubernetes_executor.py
[2026-09-17T01:04:18.561+0000] {processor.py:826} INFO - Processing file /home/vscode/.local/lib/python3.10/site-packages/airflow/example_dags/example_local_kubernetes_executor.py for tasks to queue
[2026-09-17T01:04:18.562+0000] {logging_mixin.py:150} INFO - [2026-09-17T01:04:18.562+0000] {dagbag.py:541} INFO - Filling up the DagBag from /home/vscode/.local/lib/python3.10/site-packages/airflow/example_dags/example_local_kubernetes_executor.py
[2026-09-17T01:04:18.566+0000] {logging_mixin.py:150} INFO - [2026-09-17T01:04:18.565+0000] {example_local_kubernetes_executor.py:39} WARNING - Could not import DAGs in example_local_kubernetes_executor.py
Traceback (most recent call last):
  File "/home/vscode/.local/lib/python3.10/site-packages/airflow/example_dags/example_local_kubernetes_executor.py", line 37, in <module>
    from kubernetes.client import models as k8s
ModuleNotFoundError: No module named 'kubernetes'
[2026-09-17T01:04:18.566+0000] {logging_mixin.py:150} INFO - [2026-09-17T01:04:18.566+0000] {example_local_kubernetes_executor.py:40} WARNING - Install Kubernetes dependencies with: pip install apache-airflow[cncf.kubernetes]
[2026-09-17T01:04:18.566+0000] {processor.py:838} WARNING - No viable dags retrieved from /home/vscode/.local/lib/python3.10/site-packages/airflow/example_dags/example_local_kubernetes_executor.py
[2026-09-17T01:04:18.573+0000] {processor.py:179} INFO - Processing /home/vscode/.local/lib/python3.10/site-packages/airflow/example_dags/example_local_kubernetes_executor.py took 0.015 seconds
[2026-09-17T01:04:39.817+0000] {processor.py:157} INFO - Started process (PID=27348) to work on /home/vscode/.local/lib/python3.10/site-packages/airflow/example_dags/example_local_kubernetes_executor.py
[2026-09-17T01:04:39.818+0000] {processor.py:826} INFO - Processing file /home/vscode/.local/lib/python3.10/site-packages/airflow/example_dags/example_local_kubernetes_executor.py for tasks to queue
[2026-09-17T01:04:39.819+0000] {logging_mixin.py:150} INFO - [2026-09-17T01:04:39.819+0000] {dagbag.py:541} INFO - Filling up the DagBag from /home/vscode/.local/lib/python3.10/site-packages/airflow/example_dags/example_local_kubernetes_executor.py
[2026-09-17T01:04:39.822+0000] {logging_mixin.py:150} INFO - [2026-09-17T01:04:39.821+0000] {example_local_kubernetes_executor.py:39} WARNING - Could not import DAGs in example_local_kubernetes_executor.py
Traceback (most recent call last):
  File "/home/vscode/.local/lib/python3.10/site-packages/airflow/example_dags/example_local_kubernetes_executor.py", line 37, in <module>
    from kubernetes.client import models as k8s
ModuleNotFoundError: No module named 'kubernetes'
[2026-09-17T01:04:39.822+0000] {logging_mixin.py:150} INFO - [2026-09-17T01:04:39.822+0000] {example_local_kubernetes_executor.py:40} WARNING - Install Kubernetes dependencies with: pip install apache-airflow[cncf.kubernetes]
[2026-09-17T01:04:39.822+0000] {processor.py:838} WARNING - No viable dags retrieved from /home/vscode/.local/lib/python3.10/site-packages/airflow/example_dags/example_local_kubernetes_executor.py
[2026-09-17T01:04:39.830+0000] {processor.py:179} INFO - Processing /home/vscode/.local/lib/python3.10/site-packages/airflow/example_dags/example_local_kubernetes_executor.py took 0.015 seconds
[2026-09-17T01:05:07.730+0000] {processor.py:157} INFO - Started process (PID=27592) to work on /home/vscode/.local/lib/python3.10/site-packages/airflow/example_dags/example_local_kubernetes_executor.py
[2026-09-17T01:05:07.731+0000] {processor.py:826} INFO - Processing file /home/vscode/.local/lib/python3.10/site-packages/airflow/example_dags/example_local_kubernetes_executor.py for tasks to queue
[2026-09-17T01:05:07.732+0000] {logging_mixin.py:150} INFO - [2026-09-17T01:05:07.732+0000] {dagbag.py:541} INFO - Filling up the DagBag from /home/vscode/.local/lib/python3.10/site-packages/airflow/example_dags/example_local_kubernetes_executor.py
[2026-09-17T01:05:07.736+0000] {logging_mixin.py:150} INFO - [2026-09-17T01:05:07.735+0000] {example_local_kubernetes_executor.py:39} WARNING - Could not import DAGs in example_local_kubernetes_executor.py
Traceback (most recent call last):
  File "/home/vscode/.local/lib/python3.10/site-packages/airflow/example_dags/example_local_kubernetes_executor.py", line 37, in <module>
    from kubernetes.client import models as k8s
ModuleNotFoundError: No module named 'kubernetes'
[2026-09-17T01:05:07.736+0000] {logging_mixin.py:150} INFO - [2026-09-17T01:05:07.736+0000] {example_local_kubernetes_executor.py:40} WARNING - Install Kubernetes dependencies with: pip install apache-airflow[cncf.kubernetes]
[2026-09-17T01:05:07.736+0000] {processor.py:838} WARNING - No viable dags retrieved from /home/vscode/.local/lib/python3.10/site-packages/airflow/example_dags/example_local_kubernetes_executor.py
[2026-09-17T01:05:07.746+0000] {processor.py:179} INFO - Processing /home/vscode/.local/lib/python3.10/site-packages/airflow/example_dags/example_local_kubernetes_executor.py took 0.019 seconds
[2026-09-17T01:05:28.417+0000] {processor.py:157} INFO - Started process (PID=27766) to work on /home/vscode/.local/lib/python3.10/site-packages/airflow/example_dags/example_local_kubernetes_executor.py
[2026-09-17T01:05:28.418+0000] {processor.py:826} INFO - Processing file /home/vscode/.local/lib/python3.10/site-packages/airflow/example_dags/example_local_kubernetes_executor.py for tasks to queue
[2026-09-17T01:05:28.419+0000] {logging_mixin.py:150} INFO - [2026-09-17T01:05:28.419+0000] {dagbag.py:541} INFO - Filling up the DagBag from /home/vscode/.local/lib/python3.10/site-packages/airflow/example_dags/example_local_kubernetes_executor.py
[2026-09-17T01:05:28.422+0000] {logging_mixin.py:150} INFO - [2026-09-17T01:05:28.421+0000] {example_local_kubernetes_executor.py:39} WARNING - Could not import DAGs in example_local_kubernetes_executor.py
Traceback (most recent call last):
  File "/home/vscode/.local/lib/python3.10/site-packages/airflow/example_dags/example_local_kubernetes_executor.py", line 37, in <module>
    from kubernetes.client import models as k8s
ModuleNotFoundError: No module named 'kubernetes'
[2026-09-17T01:05:28.422+0000] {logging_mixin.py:150} INFO - [2026-09-17T01:05:28.422+0000] {example_local_kubernetes_executor.py:40} WARNING - Install Kubernetes dependencies with: pip install apache-airflow[cncf.kubernetes]
[2026-09-17T01:05:28.422+0000] {processor.py:838} WARNING - No viable dags retrieved from /home/vscode/.local/lib/python3.10/site-packages/airflow/example_dags/example_local_kubernetes_executor.py
[2026-09-17T01:05:28.430+0000] {processor.py:179} INFO - Processing /home/vscode/.local/lib/python3.10/site-packages/airflow/example_dags/example_local_kubernetes_executor.py took 0.015 seconds
[2026-09-17T01:05:55.536+0000] {processor.py:157} INFO - Started process (PID=28039) to work on /home/vscode/.local/lib/python3.10/site-packages/airflow/example_dags/example_local_kubernetes_executor.py
[2026-09-17T01:05:55.537+0000] {processor.py:826} INFO - Processing file /home/vscode/.local/lib/python3.10/site-packages/airflow/example_dags/example_local_kubernetes_executor.py for tasks to queue
[2026-09-17T01:05:55.538+0000] {logging_mixin.py:150} INFO - [2026-09-17T01:05:55.537+0000] {dagbag.py:541} INFO - Filling up the DagBag from /home/vscode/.local/lib/python3.10/site-packages/airflow/example_dags/example_local_kubernetes_executor.py
[2026-09-17T01:05:55.540+0000] {logging_mixin.py:150} INFO - [2026-09-17T01:05:55.540+0000] {example_local_kubernetes_executor.py:39} WARNING - Could not import DAGs in example_local_kubernetes_executor.py
Traceback (most recent call last):
  File "/home/vscode/.local/lib/python3.10/site-packages/airflow/example_dags/example_local_kubernetes_executor.py", line 37, in <module>
    from kubernetes.client import models as k8s
ModuleNotFoundError: No module named 'kubernetes'
[2026-09-17T01:05:55.541+0000] {logging_mixin.py:150} INFO - [2026-09-17T01:05:55.541+0000] {example_local_kubernetes_executor.py:40} WARNING - Install Kubernetes dependencies with: pip install apache-airflow[cncf.kubernetes]
[2026-09-17T01:05:55.541+0000] {processor.py:838} WARNING - No viable dags retrieved from /home/vscode/.local/lib/python3.10/site-packages/airflow/example_dags/example_local_kubernetes_executor.py
[2026-09-17T01:05:55.548+0000] {processor.py:179} INFO - Processing /home/vscode/.local/lib/python3.10/site-packages/airflow/example_dags/example_local_kubernetes_executor.py took 0.014 seconds
[2026-09-17T01:06:17.599+0000] {processor.py:157} INFO - Started process (PID=28222) to work on /home/vscode/.local/lib/python3.10/site-packages/airflow/example_dags/example_local_kubernetes_executor.py
[2026-09-17T01:06:17.600+0000] {processor.py:826} INFO - Processing file /home/vscode/.local/lib/python3.10/site-packages/airflow/example_dags/example_local_kubernetes_executor.py for tasks to queue
[2026-09-17T01:06:17.600+0000] {logging_mixin.py:150} INFO - [2026-09-17T01:06:17.600+0000] {dagbag.py:541} INFO - Filling up the DagBag from /home/vscode/.local/lib/python3.10/site-packages/airflow/example_dags/example_local_kubernetes_executor.py
[2026-09-17T01:06:17.603+0000] {logging_mixin.py:150} INFO - [2026-09-17T01:06:17.603+0000] {example_local_kubernetes_executor.py:39} WARNING - Could not import DAGs in example_local_kubernetes_executor.py
Traceback (most recent call last):
  File "/home/vscode/.local/lib/python3.10/site-packages/airflow/example_dags/example_local_kubernetes_executor.py", line 37, in <module>
    from kubernetes.client import models as k8s
ModuleNotFoundError: No module named 'kubernetes'
[2026-09-17T01:06:17.603+0000] {logging_mixin.py:150} INFO - [2026-09-17T01:06:17.603+0000] {example_local_kubernetes_executor.py:40} WARNING - Install Kubernetes dependencies with: pip install apache-airflow[cncf.kubernetes]
[2026-09-17T01:06:17.603+0000] {processor.py:838} WARNING - No viable dags retrieved from /home/vscode/.local/lib/python3.10/site-packages/airflow/example_dags/example_local_kubernetes_executor.py
[2026-09-17T01:06:17.611+0000] {processor.py:179} INFO - Processing /home/vscode/.local/lib/python3.10/site-packages/airflow/example_dags/example_local_kubernetes_executor.py took 0.015 seconds
[2026-09-17T01:06:46.763+0000] {processor.py:157} INFO - Started process (PID=28468) to work on /home/vscode/.local/lib/python3.10/site-packages/airflow/example_dags/example_local_kubernetes_executor.py
[2026-09-17T01:06:46.764+0000] {processor.py:826} INFO - Processing file /home/vscode/.local/lib/python3.10/site-packages/airflow/example_dags/example_local_kubernetes_executor.py for tasks to queue
[2026-09-17T01:06:46.765+0000] {logging_mixin.py:150} INFO - [2026-09-17T01:06:46.765+0000] {dagbag.py:541} INFO - Filling up the DagBag from /home/vscode/.local/lib/python3.10/site-packages/airflow/example_dags/example_local_kubernetes_executor.py
[2026-09-17T01:06:46.767+0000] {logging_mixin.py:150} INFO - [2026-09-17T01:06:46.767+0000] {example_local_kubernetes_executor.py:39} WARNING - Could not import DAGs in example_local_kubernetes_executor.py
Traceback (most recent call last):
  File "/home/vscode/.local/lib/python3.10/site-packages/airflow/example_dags/example_local_kubernetes_executor.py", line 37, in <module>
    from kubernetes.client import models as k8s
ModuleNotFoundError: No module named 'kubernetes'
[2026-09-17T01:06:46.768+0000] {logging_mixin.py:150} INFO - [2026-09-17T01:06:46.768+0000] {example_local_kubernetes_executor.py:40} WARNING - Install Kubernetes dependencies with: pip install apache-airflow[cncf.kubernetes]
[2026-09-17T01:06:46.768+0000] {processor.py:838} WARNING - No viable dags retrieved from /home/vscode/.local/lib/python3.10/site-packages/airflow/example_dags/example_local_kubernetes_executor.py
[2026-09-17T01:06:46.777+0000] {processor.py:179} INFO - Processing /home/vscode/.local/lib/python3.10/site-packages/airflow/example_dags/example_local_kubernetes_executor.py took 0.016 seconds
[2026-09-17T01:07:07.651+0000] {processor.py:157} INFO - Started process (PID=28649) to work on /home/vscode/.local/lib/python3.10/site-packages/airflow/example_dags/example_local_kubernetes_executor.py
[2026-09-17T01:07:07.652+0000] {processor.py:826} INFO - Processing file /home/vscode/.local/lib/python3.10/site-packages/airflow/example_dags/example_local_kubernetes_executor.py for tasks to queue
[2026-09-17T01:07:07.652+0000] {logging_mixin.py:150} INFO - [2026-09-17T01:07:07.652+0000] {dagbag.py:541} INFO - Filling up the DagBag from /home/vscode/.local/lib/python3.10/site-packages/airflow/example_dags/example_local_kubernetes_executor.py
[2026-09-17T01:07:07.655+0000] {logging_mixin.py:150} INFO - [2026-09-17T01:07:07.655+0000] {example_local_kubernetes_executor.py:39} WARNING - Could not import DAGs in example_local_kubernetes_executor.py
Traceback (most recent call last):
  File "/home/vscode/.local/lib/python3.10/site-packages/airflow/example_dags/example_local_kubernetes_executor.py", line 37, in <module>
    from kubernetes.client import models as k8s
ModuleNotFoundError: No module named 'kubernetes'
[2026-09-17T01:07:07.655+0000] {logging_mixin.py:150} INFO - [2026-09-17T01:07:07.655+0000] {example_local_kubernetes_executor.py:40} WARNING - Install Kubernetes dependencies with: pip install apache-airflow[cncf.kubernetes]
[2026-09-17T01:07:07.656+0000] {processor.py:838} WARNING - No viable dags retrieved from /home/vscode/.local/lib/python3.10/site-packages/airflow/example_dags/example_local_kubernetes_executor.py
[2026-09-17T01:07:07.665+0000] {processor.py:179} INFO - Processing /home/vscode/.local/lib/python3.10/site-packages/airflow/example_dags/example_local_kubernetes_executor.py took 0.017 seconds
[2026-09-17T01:07:34.301+0000] {processor.py:157} INFO - Started process (PID=28874) to work on /home/vscode/.local/lib/python3.10/site-packages/airflow/example_dags/example_local_kubernetes_executor.py
[2026-09-17T01:07:34.301+0000] {processor.py:826} INFO - Processing file /home/vscode/.local/lib/python3.10/site-packages/airflow/example_dags/example_local_kubernetes_executor.py for tasks to queue
[2026-09-17T01:07:34.302+0000] {logging_mixin.py:150} INFO - [2026-09-17T01:07:34.302+0000] {dagbag.py:541} INFO - Filling up the DagBag from /home/vscode/.local/lib/python3.10/site-packages/airflow/example_dags/example_local_kubernetes_executor.py
[2026-09-17T01:07:34.305+0000] {logging_mixin.py:150} INFO - [2026-09-17T01:07:34.304+0000] {example_local_kubernetes_executor.py:39} WARNING - Could not import DAGs in example_local_kubernetes_executor.py
Traceback (most recent call last):
  File "/home/vscode/.local/lib/python3.10/site-packages/airflow/example_dags/example_local_kubernetes_executor.py", line 37, in <module>
    from kubernetes.client import models as k8s
ModuleNotFoundError: No module named 'kubernetes'
[2026-09-17T01:07:34.305+0000] {logging_mixin.py:150} INFO - [2026-09-17T01:07:34.305+0000] {example_local_kubernetes_executor.py:40} WARNING - Install Kubernetes dependencies with: pip install apache-airflow[cncf.kubernetes]
[2026-09-17T01:07:34.305+0000] {processor.py:838} WARNING - No viable dags retrieved from /home/vscode/.local/lib/python3.10/site-packages/airflow/example_dags/example_local_kubernetes_executor.py
[2026-09-17T01:07:34.313+0000] {processor.py:179} INFO - Processing /home/vscode/.local/lib/python3.10/site-packages/airflow/example_dags/example_local_kubernetes_executor.py took 0.015 seconds
[2026-09-17T01:07:59.967+0000] {processor.py:157} INFO - Started process (PID=29088) to work on /home/vscode/.local/lib/python3.10/site-packages/airflow/example_dags/example_local_kubernetes_executor.py
[2026-09-17T01:07:59.968+0000] {processor.py:826} INFO - Processing file /home/vscode/.local/lib/python3.10/site-packages/airflow/example_dags/example_local_kubernetes_executor.py for tasks to queue
[2026-09-17T01:07:59.969+0000] {logging_mixin.py:150} INFO - [2026-09-17T01:07:59.968+0000] {dagbag.py:541} INFO - Filling up the DagBag from /home/vscode/.local/lib/python3.10/site-packages/airflow/example_dags/example_local_kubernetes_executor.py
[2026-09-17T01:07:59.971+0000] {logging_mixin.py:150} INFO - [2026-09-17T01:07:59.971+0000] {example_local_kubernetes_executor.py:39} WARNING - Could not import DAGs in example_local_kubernetes_executor.py
Traceback (most recent call last):
  File "/home/vscode/.local/lib/python3.10/site-packages/airflow/example_dags/example_local_kubernetes_executor.py", line 37, in <module>
    from kubernetes.client import models as k8s
ModuleNotFoundError: No module named 'kubernetes'
[2026-09-17T01:07:59.972+0000] {logging_mixin.py:150} INFO - [2026-09-17T01:07:59.971+0000] {example_local_kubernetes_executor.py:40} WARNING - Install Kubernetes dependencies with: pip install apache-airflow[cncf.kubernetes]
[2026-09-17T01:07:59.972+0000] {processor.py:838} WARNING - No viable dags retrieved from /home/vscode/.local/lib/python3.10/site-packages/airflow/example_dags/example_local_kubernetes_executor.py
[2026-09-17T01:07:59.980+0000] {processor.py:179} INFO - Processing /home/vscode/.local/lib/python3.10/site-packages/airflow/example_dags/example_local_kubernetes_executor.py took 0.015 seconds
[2026-09-17T01:08:24.734+0000] {processor.py:157} INFO - Started process (PID=29304) to work on /home/vscode/.local/lib/python3.10/site-packages/airflow/example_dags/example_local_kubernetes_executor.py
[2026-09-17T01:08:24.735+0000] {processor.py:826} INFO - Processing file /home/vscode/.local/lib/python3.10/site-packages/airflow/example_dags/example_local_kubernetes_executor.py for tasks to queue
[2026-09-17T01:08:24.736+0000] {logging_mixin.py:150} INFO - [2026-09-17T01:08:24.735+0000] {dagbag.py:541} INFO - Filling up the DagBag from /home/vscode/.local/lib/python3.10/site-packages/airflow/example_dags/example_local_kubernetes_executor.py
[2026-09-17T01:08:24.739+0000] {logging_mixin.py:150} INFO - [2026-09-17T01:08:24.738+0000] {example_local_kubernetes_executor.py:39} WARNING - Could not import DAGs in example_local_kubernetes_executor.py
Traceback (most recent call last):
  File "/home/vscode/.local/lib/python3.10/site-packages/airflow/example_dags/example_local_kubernetes_executor.py", line 37, in <module>
    from kubernetes.client import models as k8s
ModuleNotFoundError: No module named 'kubernetes'
[2026-09-17T01:08:24.739+0000] {logging_mixin.py:150} INFO - [2026-09-17T01:08:24.739+0000] {example_local_kubernetes_executor.py:40} WARNING - Install Kubernetes dependencies with: pip install apache-airflow[cncf.kubernetes]
[2026-09-17T01:08:24.739+0000] {processor.py:838} WARNING - No viable dags retrieved from /home/vscode/.local/lib/python3.10/site-packages/airflow/example_dags/example_local_kubernetes_executor.py
[2026-09-17T01:08:24.746+0000] {processor.py:179} INFO - Processing /home/vscode/.local/lib/python3.10/site-packages/airflow/example_dags/example_local_kubernetes_executor.py took 0.015 seconds
[2026-09-17T01:08:46.302+0000] {processor.py:157} INFO - Started process (PID=29487) to work on /home/vscode/.local/lib/python3.10/site-packages/airflow/example_dags/example_local_kubernetes_executor.py
[2026-09-17T01:08:46.303+0000] {processor.py:826} INFO - Processing file /home/vscode/.local/lib/python3.10/site-packages/airflow/example_dags/example_local_kubernetes_executor.py for tasks to queue
[2026-09-17T01:08:46.304+0000] {logging_mixin.py:150} INFO - [2026-09-17T01:08:46.304+0000] {dagbag.py:541} INFO - Filling up the DagBag from /home/vscode/.local/lib/python3.10/site-packages/airflow/example_dags/example_local_kubernetes_executor.py
[2026-09-17T01:08:46.307+0000] {logging_mixin.py:150} INFO - [2026-09-17T01:08:46.307+0000] {example_local_kubernetes_executor.py:39} WARNING - Could not import DAGs in example_local_kubernetes_executor.py
Traceback (most recent call last):
  File "/home/vscode/.local/lib/python3.10/site-packages/airflow/example_dags/example_local_kubernetes_executor.py", line 37, in <module>
    from kubernetes.client import models as k8s
ModuleNotFoundError: No module named 'kubernetes'
[2026-09-17T01:08:46.307+0000] {logging_mixin.py:150} INFO - [2026-09-17T01:08:46.307+0000] {example_local_kubernetes_executor.py:40} WARNING - Install Kubernetes dependencies with: pip install apache-airflow[cncf.kubernetes]
[2026-09-17T01:08:46.308+0000] {processor.py:838} WARNING - No viable dags retrieved from /home/vscode/.local/lib/python3.10/site-packages/airflow/example_dags/example_local_kubernetes_executor.py
[2026-09-17T01:08:46.318+0000] {processor.py:179} INFO - Processing /home/vscode/.local/lib/python3.10/site-packages/airflow/example_dags/example_local_kubernetes_executor.py took 0.019 seconds
[2026-09-17T01:09:14.083+0000] {processor.py:157} INFO - Started process (PID=29715) to work on /home/vscode/.local/lib/python3.10/site-packages/airflow/example_dags/example_local_kubernetes_executor.py
[2026-09-17T01:09:14.084+0000] {processor.py:826} INFO - Processing file /home/vscode/.local/lib/python3.10/site-packages/airflow/example_dags/example_local_kubernetes_executor.py for tasks to queue
[2026-09-17T01:09:14.085+0000] {logging_mixin.py:150} INFO - [2026-09-17T01:09:14.084+0000] {dagbag.py:541} INFO - Filling up the DagBag from /home/vscode/.local/lib/python3.10/site-packages/airflow/example_dags/example_local_kubernetes_executor.py
[2026-09-17T01:09:14.088+0000] {logging_mixin.py:150} INFO - [2026-09-17T01:09:14.088+0000] {example_local_kubernetes_executor.py:39} WARNING - Could not import DAGs in example_local_kubernetes_executor.py
Traceback (most recent call last):
  File "/home/vscode/.local/lib/python3.10/site-packages/airflow/example_dags/example_local_kubernetes_executor.py", line 37, in <module>
    from kubernetes.client import models as k8s
ModuleNotFoundError: No module named 'kubernetes'
[2026-09-17T01:09:14.088+0000] {logging_mixin.py:150} INFO - [2026-09-17T01:09:14.088+0000] {example_local_kubernetes_executor.py:40} WARNING - Install Kubernetes dependencies with: pip install apache-airflow[cncf.kubernetes]
[2026-09-17T01:09:14.089+0000] {processor.py:838} WARNING - No viable dags retrieved from /home/vscode/.local/lib/python3.10/site-packages/airflow/example_dags/example_local_kubernetes_executor.py
[2026-09-17T01:09:14.099+0000] {processor.py:179} INFO - Processing /home/vscode/.local/lib/python3.10/site-packages/airflow/example_dags/example_local_kubernetes_executor.py took 0.019 seconds
[2026-09-17T01:09:34.510+0000] {processor.py:157} INFO - Started process (PID=29892) to work on /home/vscode/.local/lib/python3.10/site-packages/airflow/example_dags/example_local_kubernetes_executor.py
[2026-09-17T01:09:34.511+0000] {processor.py:826} INFO - Processing file /home/vscode/.local/lib/python3.10/site-packages/airflow/example_dags/example_local_kubernetes_executor.py for tasks to queue
[2026-09-17T01:09:34.511+0000] {logging_mixin.py:150} INFO - [2026-09-17T01:09:34.511+0000] {dagbag.py:541} INFO - Filling up the DagBag from /home/vscode/.local/lib/python3.10/site-packages/airflow/example_dags/example_local_kubernetes_executor.py
[2026-09-17T01:09:34.514+0000] {logging_mixin.py:150} INFO - [2026-09-17T01:09:34.514+0000] {example_local_kubernetes_executor.py:39} WARNING - Could not import DAGs in example_local_kubernetes_executor.py
Traceback (most recent call last):
  File "/home/vscode/.local/lib/python3.10/site-packages/airflow/example_dags/example_local_kubernetes_executor.py", line 37, in <module>
    from kubernetes.client import models as k8s
ModuleNotFoundError: No module named 'kubernetes'
[2026-09-17T01:09:34.514+0000] {logging_mixin.py:150} INFO - [2026-09-17T01:09:34.514+0000] {example_local_kubernetes_executor.py:40} WARNING - Install Kubernetes dependencies with: pip install apache-airflow[cncf.kubernetes]
[2026-09-17T01:09:34.514+0000] {processor.py:838} WARNING - No viable dags retrieved from /home/vscode/.local/lib/python3.10/site-packages/airflow/example_dags/example_local_kubernetes_executor.py
[2026-09-17T01:09:34.522+0000] {processor.py:179} INFO - Processing /home/vscode/.local/lib/python3.10/site-packages/airflow/example_dags/example_local_kubernetes_executor.py took 0.015 seconds
[2026-09-17T01:10:04.752+0000] {processor.py:157} INFO - Started process (PID=30147) to work on /home/vscode/.local/lib/python3.10/site-packages/airflow/example_dags/example_local_kubernetes_executor.py
[2026-09-17T01:10:04.753+0000] {processor.py:826} INFO - Processing file /home/vscode/.local/lib/python3.10/site-packages/airflow/example_dags/example_local_kubernetes_executor.py for tasks to queue
[2026-09-17T01:10:04.753+0000] {logging_mixin.py:150} INFO - [2026-09-17T01:10:04.753+0000] {dagbag.py:541} INFO - Filling up the DagBag from /home/vscode/.local/lib/python3.10/site-packages/airflow/example_dags/example_local_kubernetes_executor.py
[2026-09-17T01:10:04.756+0000] {logging_mixin.py:150} INFO - [2026-09-17T01:10:04.755+0000] {example_local_kubernetes_executor.py:39} WARNING - Could not import DAGs in example_local_kubernetes_executor.py
Traceback (most recent call last):
  File "/home/vscode/.local/lib/python3.10/site-packages/airflow/example_dags/example_local_kubernetes_executor.py", line 37, in <module>
    from kubernetes.client import models as k8s
ModuleNotFoundError: No module named 'kubernetes'
[2026-09-17T01:10:04.756+0000] {logging_mixin.py:150} INFO - [2026-09-17T01:10:04.756+0000] {example_local_kubernetes_executor.py:40} WARNING - Install Kubernetes dependencies with: pip install apache-airflow[cncf.kubernetes]
[2026-09-17T01:10:04.756+0000] {processor.py:838} WARNING - No viable dags retrieved from /home/vscode/.local/lib/python3.10/site-packages/airflow/example_dags/example_local_kubernetes_executor.py
[2026-09-17T01:10:04.763+0000] {processor.py:179} INFO - Processing /home/vscode/.local/lib/python3.10/site-packages/airflow/example_dags/example_local_kubernetes_executor.py took 0.014 seconds
[2026-09-17T01:10:18.808+0000] {processor.py:157} INFO - Started process (PID=30275) to work on /home/vscode/.local/lib/python3.10/site-packages/airflow/example_dags/example_local_kubernetes_executor.py
[2026-09-17T01:10:18.809+0000] {processor.py:826} INFO - Processing file /home/vscode/.local/lib/python3.10/site-packages/airflow/example_dags/example_local_kubernetes_executor.py for tasks to queue
[2026-09-17T01:10:18.809+0000] {logging_mixin.py:150} INFO - [2026-09-17T01:10:18.809+0000] {dagbag.py:541} INFO - Filling up the DagBag from /home/vscode/.local/lib/python3.10/site-packages/airflow/example_dags/example_local_kubernetes_executor.py
[2026-09-17T01:10:18.812+0000] {logging_mixin.py:150} INFO - [2026-09-17T01:10:18.811+0000] {example_local_kubernetes_executor.py:39} WARNING - Could not import DAGs in example_local_kubernetes_executor.py
Traceback (most recent call last):
  File "/home/vscode/.local/lib/python3.10/site-packages/airflow/example_dags/example_local_kubernetes_executor.py", line 37, in <module>
    from kubernetes.client import models as k8s
ModuleNotFoundError: No module named 'kubernetes'
[2026-09-17T01:10:18.812+0000] {logging_mixin.py:150} INFO - [2026-09-17T01:10:18.812+0000] {example_local_kubernetes_executor.py:40} WARNING - Install Kubernetes dependencies with: pip install apache-airflow[cncf.kubernetes]
[2026-09-17T01:10:18.812+0000] {processor.py:838} WARNING - No viable dags retrieved from /home/vscode/.local/lib/python3.10/site-packages/airflow/example_dags/example_local_kubernetes_executor.py
[2026-09-17T01:10:18.820+0000] {processor.py:179} INFO - Processing /home/vscode/.local/lib/python3.10/site-packages/airflow/example_dags/example_local_kubernetes_executor.py took 0.014 seconds
[2026-09-17T01:10:54.319+0000] {processor.py:157} INFO - Started process (PID=30609) to work on /home/vscode/.local/lib/python3.10/site-packages/airflow/example_dags/example_local_kubernetes_executor.py
[2026-09-17T01:10:54.319+0000] {processor.py:826} INFO - Processing file /home/vscode/.local/lib/python3.10/site-packages/airflow/example_dags/example_local_kubernetes_executor.py for tasks to queue
[2026-09-17T01:10:54.320+0000] {logging_mixin.py:150} INFO - [2026-09-17T01:10:54.320+0000] {dagbag.py:541} INFO - Filling up the DagBag from /home/vscode/.local/lib/python3.10/site-packages/airflow/example_dags/example_local_kubernetes_executor.py
[2026-09-17T01:10:54.323+0000] {logging_mixin.py:150} INFO - [2026-09-17T01:10:54.322+0000] {example_local_kubernetes_executor.py:39} WARNING - Could not import DAGs in example_local_kubernetes_executor.py
Traceback (most recent call last):
  File "/home/vscode/.local/lib/python3.10/site-packages/airflow/example_dags/example_local_kubernetes_executor.py", line 37, in <module>
    from kubernetes.client import models as k8s
ModuleNotFoundError: No module named 'kubernetes'
[2026-09-17T01:10:54.323+0000] {logging_mixin.py:150} INFO - [2026-09-17T01:10:54.323+0000] {example_local_kubernetes_executor.py:40} WARNING - Install Kubernetes dependencies with: pip install apache-airflow[cncf.kubernetes]
[2026-09-17T01:10:54.323+0000] {processor.py:838} WARNING - No viable dags retrieved from /home/vscode/.local/lib/python3.10/site-packages/airflow/example_dags/example_local_kubernetes_executor.py
[2026-09-17T01:10:54.331+0000] {processor.py:179} INFO - Processing /home/vscode/.local/lib/python3.10/site-packages/airflow/example_dags/example_local_kubernetes_executor.py took 0.014 seconds
[2026-09-17T01:11:10.872+0000] {processor.py:157} INFO - Started process (PID=30752) to work on /home/vscode/.local/lib/python3.10/site-packages/airflow/example_dags/example_local_kubernetes_executor.py
[2026-09-17T01:11:10.873+0000] {processor.py:826} INFO - Processing file /home/vscode/.local/lib/python3.10/site-packages/airflow/example_dags/example_local_kubernetes_executor.py for tasks to queue
[2026-09-17T01:11:10.874+0000] {logging_mixin.py:150} INFO - [2026-09-17T01:11:10.874+0000] {dagbag.py:541} INFO - Filling up the DagBag from /home/vscode/.local/lib/python3.10/site-packages/airflow/example_dags/example_local_kubernetes_executor.py
[2026-09-17T01:11:10.878+0000] {logging_mixin.py:150} INFO - [2026-09-17T01:11:10.877+0000] {example_local_kubernetes_executor.py:39} WARNING - Could not import DAGs in example_local_kubernetes_executor.py
Traceback (most recent call last):
  File "/home/vscode/.local/lib/python3.10/site-packages/airflow/example_dags/example_local_kubernetes_executor.py", line 37, in <module>
    from kubernetes.client import models as k8s
ModuleNotFoundError: No module named 'kubernetes'
[2026-09-17T01:11:10.878+0000] {logging_mixin.py:150} INFO - [2026-09-17T01:11:10.878+0000] {example_local_kubernetes_executor.py:40} WARNING - Install Kubernetes dependencies with: pip install apache-airflow[cncf.kubernetes]
[2026-09-17T01:11:10.878+0000] {processor.py:838} WARNING - No viable dags retrieved from /home/vscode/.local/lib/python3.10/site-packages/airflow/example_dags/example_local_kubernetes_executor.py
[2026-09-17T01:11:10.888+0000] {processor.py:179} INFO - Processing /home/vscode/.local/lib/python3.10/site-packages/airflow/example_dags/example_local_kubernetes_executor.py took 0.020 seconds
[2026-09-17T01:11:44.212+0000] {processor.py:157} INFO - Started process (PID=31038) to work on /home/vscode/.local/lib/python3.10/site-packages/airflow/example_dags/example_local_kubernetes_executor.py
[2026-09-17T01:11:44.212+0000] {processor.py:826} INFO - Processing file /home/vscode/.local/lib/python3.10/site-packages/airflow/example_dags/example_local_kubernetes_executor.py for tasks to queue
[2026-09-17T01:11:44.213+0000] {logging_mixin.py:150} INFO - [2026-09-17T01:11:44.213+0000] {dagbag.py:541} INFO - Filling up the DagBag from /home/vscode/.local/lib/python3.10/site-packages/airflow/example_dags/example_local_kubernetes_executor.py
[2026-09-17T01:11:44.216+0000] {logging_mixin.py:150} INFO - [2026-09-17T01:11:44.215+0000] {example_local_kubernetes_executor.py:39} WARNING - Could not import DAGs in example_local_kubernetes_executor.py
Traceback (most recent call last):
  File "/home/vscode/.local/lib/python3.10/site-packages/airflow/example_dags/example_local_kubernetes_executor.py", line 37, in <module>
    from kubernetes.client import models as k8s
ModuleNotFoundError: No module named 'kubernetes'
[2026-09-17T01:11:44.216+0000] {logging_mixin.py:150} INFO - [2026-09-17T01:11:44.216+0000] {example_local_kubernetes_executor.py:40} WARNING - Install Kubernetes dependencies with: pip install apache-airflow[cncf.kubernetes]
[2026-09-17T01:11:44.216+0000] {processor.py:838} WARNING - No viable dags retrieved from /home/vscode/.local/lib/python3.10/site-packages/airflow/example_dags/example_local_kubernetes_executor.py
[2026-09-17T01:11:44.224+0000] {processor.py:179} INFO - Processing /home/vscode/.local/lib/python3.10/site-packages/airflow/example_dags/example_local_kubernetes_executor.py took 0.014 seconds
[2026-09-17T01:12:00.715+0000] {processor.py:157} INFO - Started process (PID=31180) to work on /home/vscode/.local/lib/python3.10/site-packages/airflow/example_dags/example_local_kubernetes_executor.py
[2026-09-17T01:12:00.716+0000] {processor.py:826} INFO - Processing file /home/vscode/.local/lib/python3.10/site-packages/airflow/example_dags/example_local_kubernetes_executor.py for tasks to queue
[2026-09-17T01:12:00.716+0000] {logging_mixin.py:150} INFO - [2026-09-17T01:12:00.716+0000] {dagbag.py:541} INFO - Filling up the DagBag from /home/vscode/.local/lib/python3.10/site-packages/airflow/example_dags/example_local_kubernetes_executor.py
[2026-09-17T01:12:00.719+0000] {logging_mixin.py:150} INFO - [2026-09-17T01:12:00.719+0000] {example_local_kubernetes_executor.py:39} WARNING - Could not import DAGs in example_local_kubernetes_executor.py
Traceback (most recent call last):
  File "/home/vscode/.local/lib/python3.10/site-packages/airflow/example_dags/example_local_kubernetes_executor.py", line 37, in <module>
    from kubernetes.client import models as k8s
ModuleNotFoundError: No module named 'kubernetes'
[2026-09-17T01:12:00.719+0000] {logging_mixin.py:150} INFO - [2026-09-17T01:12:00.719+0000] {example_local_kubernetes_executor.py:40} WARNING - Install Kubernetes dependencies with: pip install apache-airflow[cncf.kubernetes]
[2026-09-17T01:12:00.719+0000] {processor.py:838} WARNING - No viable dags retrieved from /home/vscode/.local/lib/python3.10/site-packages/airflow/example_dags/example_local_kubernetes_executor.py
[2026-09-17T01:12:00.727+0000] {processor.py:179} INFO - Processing /home/vscode/.local/lib/python3.10/site-packages/airflow/example_dags/example_local_kubernetes_executor.py took 0.015 seconds
[2026-09-17T01:12:34.263+0000] {processor.py:157} INFO - Started process (PID=31466) to work on /home/vscode/.local/lib/python3.10/site-packages/airflow/example_dags/example_local_kubernetes_executor.py
[2026-09-17T01:12:34.264+0000] {processor.py:826} INFO - Processing file /home/vscode/.local/lib/python3.10/site-packages/airflow/example_dags/example_local_kubernetes_executor.py for tasks to queue
[2026-09-17T01:12:34.264+0000] {logging_mixin.py:150} INFO - [2026-09-17T01:12:34.264+0000] {dagbag.py:541} INFO - Filling up the DagBag from /home/vscode/.local/lib/python3.10/site-packages/airflow/example_dags/example_local_kubernetes_executor.py
[2026-09-17T01:12:34.267+0000] {logging_mixin.py:150} INFO - [2026-09-17T01:12:34.267+0000] {example_local_kubernetes_executor.py:39} WARNING - Could not import DAGs in example_local_kubernetes_executor.py
Traceback (most recent call last):
  File "/home/vscode/.local/lib/python3.10/site-packages/airflow/example_dags/example_local_kubernetes_executor.py", line 37, in <module>
    from kubernetes.client import models as k8s
ModuleNotFoundError: No module named 'kubernetes'
[2026-09-17T01:12:34.267+0000] {logging_mixin.py:150} INFO - [2026-09-17T01:12:34.267+0000] {example_local_kubernetes_executor.py:40} WARNING - Install Kubernetes dependencies with: pip install apache-airflow[cncf.kubernetes]
[2026-09-17T01:12:34.267+0000] {processor.py:838} WARNING - No viable dags retrieved from /home/vscode/.local/lib/python3.10/site-packages/airflow/example_dags/example_local_kubernetes_executor.py
[2026-09-17T01:12:34.275+0000] {processor.py:179} INFO - Processing /home/vscode/.local/lib/python3.10/site-packages/airflow/example_dags/example_local_kubernetes_executor.py took 0.015 seconds
[2026-09-17T01:12:49.027+0000] {processor.py:157} INFO - Started process (PID=31593) to work on /home/vscode/.local/lib/python3.10/site-packages/airflow/example_dags/example_local_kubernetes_executor.py
[2026-09-17T01:12:49.028+0000] {processor.py:826} INFO - Processing file /home/vscode/.local/lib/python3.10/site-packages/airflow/example_dags/example_local_kubernetes_executor.py for tasks to queue
[2026-09-17T01:12:49.028+0000] {logging_mixin.py:150} INFO - [2026-09-17T01:12:49.028+0000] {dagbag.py:541} INFO - Filling up the DagBag from /home/vscode/.local/lib/python3.10/site-packages/airflow/example_dags/example_local_kubernetes_executor.py
[2026-09-17T01:12:49.031+0000] {logging_mixin.py:150} INFO - [2026-09-17T01:12:49.031+0000] {example_local_kubernetes_executor.py:39} WARNING - Could not import DAGs in example_local_kubernetes_executor.py
Traceback (most recent call last):
  File "/home/vscode/.local/lib/python3.10/site-packages/airflow/example_dags/example_local_kubernetes_executor.py", line 37, in <module>
    from kubernetes.client import models as k8s
ModuleNotFoundError: No module named 'kubernetes'
[2026-09-17T01:12:49.031+0000] {logging_mixin.py:150} INFO - [2026-09-17T01:12:49.031+0000] {example_local_kubernetes_executor.py:40} WARNING - Install Kubernetes dependencies with: pip install apache-airflow[cncf.kubernetes]
[2026-09-17T01:12:49.032+0000] {processor.py:838} WARNING - No viable dags retrieved from /home/vscode/.local/lib/python3.10/site-packages/airflow/example_dags/example_local_kubernetes_executor.py
[2026-09-17T01:12:49.039+0000] {processor.py:179} INFO - Processing /home/vscode/.local/lib/python3.10/site-packages/airflow/example_dags/example_local_kubernetes_executor.py took 0.015 seconds
[2026-09-17T01:13:19.803+0000] {processor.py:157} INFO - Started process (PID=31862) to work on /home/vscode/.local/lib/python3.10/site-packages/airflow/example_dags/example_local_kubernetes_executor.py
[2026-09-17T01:13:19.804+0000] {processor.py:826} INFO - Processing file /home/vscode/.local/lib/python3.10/site-packages/airflow/example_dags/example_local_kubernetes_executor.py for tasks to queue
[2026-09-17T01:13:19.805+0000] {logging_mixin.py:150} INFO - [2026-09-17T01:13:19.804+0000] {dagbag.py:541} INFO - Filling up the DagBag from /home/vscode/.local/lib/python3.10/site-packages/airflow/example_dags/example_local_kubernetes_executor.py
[2026-09-17T01:13:19.808+0000] {logging_mixin.py:150} INFO - [2026-09-17T01:13:19.807+0000] {example_local_kubernetes_executor.py:39} WARNING - Could not import DAGs in example_local_kubernetes_executor.py
Traceback (most recent call last):
  File "/home/vscode/.local/lib/python3.10/site-packages/airflow/example_dags/example_local_kubernetes_executor.py", line 37, in <module>
    from kubernetes.client import models as k8s
ModuleNotFoundError: No module named 'kubernetes'
[2026-09-17T01:13:19.808+0000] {logging_mixin.py:150} INFO - [2026-09-17T01:13:19.808+0000] {example_local_kubernetes_executor.py:40} WARNING - Install Kubernetes dependencies with: pip install apache-airflow[cncf.kubernetes]
[2026-09-17T01:13:19.808+0000] {processor.py:838} WARNING - No viable dags retrieved from /home/vscode/.local/lib/python3.10/site-packages/airflow/example_dags/example_local_kubernetes_executor.py
[2026-09-17T01:13:19.815+0000] {processor.py:179} INFO - Processing /home/vscode/.local/lib/python3.10/site-packages/airflow/example_dags/example_local_kubernetes_executor.py took 0.015 seconds
[2026-09-17T01:13:40.303+0000] {processor.py:157} INFO - Started process (PID=32036) to work on /home/vscode/.local/lib/python3.10/site-packages/airflow/example_dags/example_local_kubernetes_executor.py
[2026-09-17T01:13:40.303+0000] {processor.py:826} INFO - Processing file /home/vscode/.local/lib/python3.10/site-packages/airflow/example_dags/example_local_kubernetes_executor.py for tasks to queue
[2026-09-17T01:13:40.304+0000] {logging_mixin.py:150} INFO - [2026-09-17T01:13:40.304+0000] {dagbag.py:541} INFO - Filling up the DagBag from /home/vscode/.local/lib/python3.10/site-packages/airflow/example_dags/example_local_kubernetes_executor.py
[2026-09-17T01:13:40.308+0000] {logging_mixin.py:150} INFO - [2026-09-17T01:13:40.307+0000] {example_local_kubernetes_executor.py:39} WARNING - Could not import DAGs in example_local_kubernetes_executor.py
Traceback (most recent call last):
  File "/home/vscode/.local/lib/python3.10/site-packages/airflow/example_dags/example_local_kubernetes_executor.py", line 37, in <module>
    from kubernetes.client import models as k8s
ModuleNotFoundError: No module named 'kubernetes'
[2026-09-17T01:13:40.308+0000] {logging_mixin.py:150} INFO - [2026-09-17T01:13:40.308+0000] {example_local_kubernetes_executor.py:40} WARNING - Install Kubernetes dependencies with: pip install apache-airflow[cncf.kubernetes]
[2026-09-17T01:13:40.308+0000] {processor.py:838} WARNING - No viable dags retrieved from /home/vscode/.local/lib/python3.10/site-packages/airflow/example_dags/example_local_kubernetes_executor.py
[2026-09-17T01:13:40.316+0000] {processor.py:179} INFO - Processing /home/vscode/.local/lib/python3.10/site-packages/airflow/example_dags/example_local_kubernetes_executor.py took 0.017 seconds
[2026-09-17T01:14:06.384+0000] {processor.py:157} INFO - Started process (PID=32246) to work on /home/vscode/.local/lib/python3.10/site-packages/airflow/example_dags/example_local_kubernetes_executor.py
[2026-09-17T01:14:06.385+0000] {processor.py:826} INFO - Processing file /home/vscode/.local/lib/python3.10/site-packages/airflow/example_dags/example_local_kubernetes_executor.py for tasks to queue
[2026-09-17T01:14:06.386+0000] {logging_mixin.py:150} INFO - [2026-09-17T01:14:06.385+0000] {dagbag.py:541} INFO - Filling up the DagBag from /home/vscode/.local/lib/python3.10/site-packages/airflow/example_dags/example_local_kubernetes_executor.py
[2026-09-17T01:14:06.389+0000] {logging_mixin.py:150} INFO - [2026-09-17T01:14:06.389+0000] {example_local_kubernetes_executor.py:39} WARNING - Could not import DAGs in example_local_kubernetes_executor.py
Traceback (most recent call last):
  File "/home/vscode/.local/lib/python3.10/site-packages/airflow/example_dags/example_local_kubernetes_executor.py", line 37, in <module>
    from kubernetes.client import models as k8s
ModuleNotFoundError: No module named 'kubernetes'
[2026-09-17T01:14:06.389+0000] {logging_mixin.py:150} INFO - [2026-09-17T01:14:06.389+0000] {example_local_kubernetes_executor.py:40} WARNING - Install Kubernetes dependencies with: pip install apache-airflow[cncf.kubernetes]
[2026-09-17T01:14:06.390+0000] {processor.py:838} WARNING - No viable dags retrieved from /home/vscode/.local/lib/python3.10/site-packages/airflow/example_dags/example_local_kubernetes_executor.py
[2026-09-17T01:14:06.399+0000] {processor.py:179} INFO - Processing /home/vscode/.local/lib/python3.10/site-packages/airflow/example_dags/example_local_kubernetes_executor.py took 0.019 seconds
[2026-09-17T01:14:28.750+0000] {processor.py:157} INFO - Started process (PID=32443) to work on /home/vscode/.local/lib/python3.10/site-packages/airflow/example_dags/example_local_kubernetes_executor.py
[2026-09-17T01:14:28.751+0000] {processor.py:826} INFO - Processing file /home/vscode/.local/lib/python3.10/site-packages/airflow/example_dags/example_local_kubernetes_executor.py for tasks to queue
[2026-09-17T01:14:28.752+0000] {logging_mixin.py:150} INFO - [2026-09-17T01:14:28.751+0000] {dagbag.py:541} INFO - Filling up the DagBag from /home/vscode/.local/lib/python3.10/site-packages/airflow/example_dags/example_local_kubernetes_executor.py
[2026-09-17T01:14:28.754+0000] {logging_mixin.py:150} INFO - [2026-09-17T01:14:28.754+0000] {example_local_kubernetes_executor.py:39} WARNING - Could not import DAGs in example_local_kubernetes_executor.py
Traceback (most recent call last):
  File "/home/vscode/.local/lib/python3.10/site-packages/airflow/example_dags/example_local_kubernetes_executor.py", line 37, in <module>
    from kubernetes.client import models as k8s
ModuleNotFoundError: No module named 'kubernetes'
[2026-09-17T01:14:28.755+0000] {logging_mixin.py:150} INFO - [2026-09-17T01:14:28.754+0000] {example_local_kubernetes_executor.py:40} WARNING - Install Kubernetes dependencies with: pip install apache-airflow[cncf.kubernetes]
[2026-09-17T01:14:28.755+0000] {processor.py:838} WARNING - No viable dags retrieved from /home/vscode/.local/lib/python3.10/site-packages/airflow/example_dags/example_local_kubernetes_executor.py
[2026-09-17T01:14:28.762+0000] {processor.py:179} INFO - Processing /home/vscode/.local/lib/python3.10/site-packages/airflow/example_dags/example_local_kubernetes_executor.py took 0.014 seconds
[2026-09-17T01:14:55.094+0000] {processor.py:157} INFO - Started process (PID=32662) to work on /home/vscode/.local/lib/python3.10/site-packages/airflow/example_dags/example_local_kubernetes_executor.py
[2026-09-17T01:14:55.095+0000] {processor.py:826} INFO - Processing file /home/vscode/.local/lib/python3.10/site-packages/airflow/example_dags/example_local_kubernetes_executor.py for tasks to queue
[2026-09-17T01:14:55.096+0000] {logging_mixin.py:150} INFO - [2026-09-17T01:14:55.096+0000] {dagbag.py:541} INFO - Filling up the DagBag from /home/vscode/.local/lib/python3.10/site-packages/airflow/example_dags/example_local_kubernetes_executor.py
[2026-09-17T01:14:55.099+0000] {logging_mixin.py:150} INFO - [2026-09-17T01:14:55.099+0000] {example_local_kubernetes_executor.py:39} WARNING - Could not import DAGs in example_local_kubernetes_executor.py
Traceback (most recent call last):
  File "/home/vscode/.local/lib/python3.10/site-packages/airflow/example_dags/example_local_kubernetes_executor.py", line 37, in <module>
    from kubernetes.client import models as k8s
ModuleNotFoundError: No module named 'kubernetes'
[2026-09-17T01:14:55.100+0000] {logging_mixin.py:150} INFO - [2026-09-17T01:14:55.100+0000] {example_local_kubernetes_executor.py:40} WARNING - Install Kubernetes dependencies with: pip install apache-airflow[cncf.kubernetes]
[2026-09-17T01:14:55.100+0000] {processor.py:838} WARNING - No viable dags retrieved from /home/vscode/.local/lib/python3.10/site-packages/airflow/example_dags/example_local_kubernetes_executor.py
[2026-09-17T01:14:55.108+0000] {processor.py:179} INFO - Processing /home/vscode/.local/lib/python3.10/site-packages/airflow/example_dags/example_local_kubernetes_executor.py took 0.017 seconds
[2026-09-17T01:15:22.064+0000] {processor.py:157} INFO - Started process (PID=32892) to work on /home/vscode/.local/lib/python3.10/site-packages/airflow/example_dags/example_local_kubernetes_executor.py
[2026-09-17T01:15:22.064+0000] {processor.py:826} INFO - Processing file /home/vscode/.local/lib/python3.10/site-packages/airflow/example_dags/example_local_kubernetes_executor.py for tasks to queue
[2026-09-17T01:15:22.065+0000] {logging_mixin.py:150} INFO - [2026-09-17T01:15:22.065+0000] {dagbag.py:541} INFO - Filling up the DagBag from /home/vscode/.local/lib/python3.10/site-packages/airflow/example_dags/example_local_kubernetes_executor.py
[2026-09-17T01:15:22.069+0000] {logging_mixin.py:150} INFO - [2026-09-17T01:15:22.068+0000] {example_local_kubernetes_executor.py:39} WARNING - Could not import DAGs in example_local_kubernetes_executor.py
Traceback (most recent call last):
  File "/home/vscode/.local/lib/python3.10/site-packages/airflow/example_dags/example_local_kubernetes_executor.py", line 37, in <module>
    from kubernetes.client import models as k8s
ModuleNotFoundError: No module named 'kubernetes'
[2026-09-17T01:15:22.069+0000] {logging_mixin.py:150} INFO - [2026-09-17T01:15:22.069+0000] {example_local_kubernetes_executor.py:40} WARNING - Install Kubernetes dependencies with: pip install apache-airflow[cncf.kubernetes]
[2026-09-17T01:15:22.069+0000] {processor.py:838} WARNING - No viable dags retrieved from /home/vscode/.local/lib/python3.10/site-packages/airflow/example_dags/example_local_kubernetes_executor.py
[2026-09-17T01:15:22.080+0000] {processor.py:179} INFO - Processing /home/vscode/.local/lib/python3.10/site-packages/airflow/example_dags/example_local_kubernetes_executor.py took 0.019 seconds
[2026-09-17T01:15:45.429+0000] {processor.py:157} INFO - Started process (PID=33118) to work on /home/vscode/.local/lib/python3.10/site-packages/airflow/example_dags/example_local_kubernetes_executor.py
[2026-09-17T01:15:45.430+0000] {processor.py:826} INFO - Processing file /home/vscode/.local/lib/python3.10/site-packages/airflow/example_dags/example_local_kubernetes_executor.py for tasks to queue
[2026-09-17T01:15:45.431+0000] {logging_mixin.py:150} INFO - [2026-09-17T01:15:45.430+0000] {dagbag.py:541} INFO - Filling up the DagBag from /home/vscode/.local/lib/python3.10/site-packages/airflow/example_dags/example_local_kubernetes_executor.py
[2026-09-17T01:15:45.434+0000] {logging_mixin.py:150} INFO - [2026-09-17T01:15:45.434+0000] {example_local_kubernetes_executor.py:39} WARNING - Could not import DAGs in example_local_kubernetes_executor.py
Traceback (most recent call last):
  File "/home/vscode/.local/lib/python3.10/site-packages/airflow/example_dags/example_local_kubernetes_executor.py", line 37, in <module>
    from kubernetes.client import models as k8s
ModuleNotFoundError: No module named 'kubernetes'
[2026-09-17T01:15:45.434+0000] {logging_mixin.py:150} INFO - [2026-09-17T01:15:45.434+0000] {example_local_kubernetes_executor.py:40} WARNING - Install Kubernetes dependencies with: pip install apache-airflow[cncf.kubernetes]
[2026-09-17T01:15:45.435+0000] {processor.py:838} WARNING - No viable dags retrieved from /home/vscode/.local/lib/python3.10/site-packages/airflow/example_dags/example_local_kubernetes_executor.py
[2026-09-17T01:15:45.443+0000] {processor.py:179} INFO - Processing /home/vscode/.local/lib/python3.10/site-packages/airflow/example_dags/example_local_kubernetes_executor.py took 0.017 seconds
[2026-09-17T01:16:14.610+0000] {processor.py:157} INFO - Started process (PID=33375) to work on /home/vscode/.local/lib/python3.10/site-packages/airflow/example_dags/example_local_kubernetes_executor.py
[2026-09-17T01:16:14.610+0000] {processor.py:826} INFO - Processing file /home/vscode/.local/lib/python3.10/site-packages/airflow/example_dags/example_local_kubernetes_executor.py for tasks to queue
[2026-09-17T01:16:14.611+0000] {logging_mixin.py:150} INFO - [2026-09-17T01:16:14.611+0000] {dagbag.py:541} INFO - Filling up the DagBag from /home/vscode/.local/lib/python3.10/site-packages/airflow/example_dags/example_local_kubernetes_executor.py
[2026-09-17T01:16:14.614+0000] {logging_mixin.py:150} INFO - [2026-09-17T01:16:14.613+0000] {example_local_kubernetes_executor.py:39} WARNING - Could not import DAGs in example_local_kubernetes_executor.py
Traceback (most recent call last):
  File "/home/vscode/.local/lib/python3.10/site-packages/airflow/example_dags/example_local_kubernetes_executor.py", line 37, in <module>
    from kubernetes.client import models as k8s
ModuleNotFoundError: No module named 'kubernetes'
[2026-09-17T01:16:14.614+0000] {logging_mixin.py:150} INFO - [2026-09-17T01:16:14.614+0000] {example_local_kubernetes_executor.py:40} WARNING - Install Kubernetes dependencies with: pip install apache-airflow[cncf.kubernetes]
[2026-09-17T01:16:14.614+0000] {processor.py:838} WARNING - No viable dags retrieved from /home/vscode/.local/lib/python3.10/site-packages/airflow/example_dags/example_local_kubernetes_executor.py
[2026-09-17T01:16:14.622+0000] {processor.py:179} INFO - Processing /home/vscode/.local/lib/python3.10/site-packages/airflow/example_dags/example_local_kubernetes_executor.py took 0.015 seconds
[2026-09-17T01:16:35.714+0000] {processor.py:157} INFO - Started process (PID=33548) to work on /home/vscode/.local/lib/python3.10/site-packages/airflow/example_dags/example_local_kubernetes_executor.py
[2026-09-17T01:16:35.716+0000] {processor.py:826} INFO - Processing file /home/vscode/.local/lib/python3.10/site-packages/airflow/example_dags/example_local_kubernetes_executor.py for tasks to queue
[2026-09-17T01:16:35.717+0000] {logging_mixin.py:150} INFO - [2026-09-17T01:16:35.716+0000] {dagbag.py:541} INFO - Filling up the DagBag from /home/vscode/.local/lib/python3.10/site-packages/airflow/example_dags/example_local_kubernetes_executor.py
[2026-09-17T01:16:35.720+0000] {logging_mixin.py:150} INFO - [2026-09-17T01:16:35.719+0000] {example_local_kubernetes_executor.py:39} WARNING - Could not import DAGs in example_local_kubernetes_executor.py
Traceback (most recent call last):
  File "/home/vscode/.local/lib/python3.10/site-packages/airflow/example_dags/example_local_kubernetes_executor.py", line 37, in <module>
    from kubernetes.client import models as k8s
ModuleNotFoundError: No module named 'kubernetes'
[2026-09-17T01:16:35.720+0000] {logging_mixin.py:150} INFO - [2026-09-17T01:16:35.720+0000] {example_local_kubernetes_executor.py:40} WARNING - Install Kubernetes dependencies with: pip install apache-airflow[cncf.kubernetes]
[2026-09-17T01:16:35.720+0000] {processor.py:838} WARNING - No viable dags retrieved from /home/vscode/.local/lib/python3.10/site-packages/airflow/example_dags/example_local_kubernetes_executor.py
[2026-09-17T01:16:35.728+0000] {processor.py:179} INFO - Processing /home/vscode/.local/lib/python3.10/site-packages/airflow/example_dags/example_local_kubernetes_executor.py took 0.018 seconds
[2026-09-17T01:17:04.776+0000] {processor.py:157} INFO - Started process (PID=33805) to work on /home/vscode/.local/lib/python3.10/site-packages/airflow/example_dags/example_local_kubernetes_executor.py
[2026-09-17T01:17:04.777+0000] {processor.py:826} INFO - Processing file /home/vscode/.local/lib/python3.10/site-packages/airflow/example_dags/example_local_kubernetes_executor.py for tasks to queue
[2026-09-17T01:17:04.778+0000] {logging_mixin.py:150} INFO - [2026-09-17T01:17:04.777+0000] {dagbag.py:541} INFO - Filling up the DagBag from /home/vscode/.local/lib/python3.10/site-packages/airflow/example_dags/example_local_kubernetes_executor.py
[2026-09-17T01:17:04.783+0000] {logging_mixin.py:150} INFO - [2026-09-17T01:17:04.783+0000] {example_local_kubernetes_executor.py:39} WARNING - Could not import DAGs in example_local_kubernetes_executor.py
Traceback (most recent call last):
  File "/home/vscode/.local/lib/python3.10/site-packages/airflow/example_dags/example_local_kubernetes_executor.py", line 37, in <module>
    from kubernetes.client import models as k8s
ModuleNotFoundError: No module named 'kubernetes'
[2026-09-17T01:17:04.784+0000] {logging_mixin.py:150} INFO - [2026-09-17T01:17:04.784+0000] {example_local_kubernetes_executor.py:40} WARNING - Install Kubernetes dependencies with: pip install apache-airflow[cncf.kubernetes]
[2026-09-17T01:17:04.784+0000] {processor.py:838} WARNING - No viable dags retrieved from /home/vscode/.local/lib/python3.10/site-packages/airflow/example_dags/example_local_kubernetes_executor.py
[2026-09-17T01:17:04.806+0000] {processor.py:179} INFO - Processing /home/vscode/.local/lib/python3.10/site-packages/airflow/example_dags/example_local_kubernetes_executor.py took 0.034 seconds
[2026-09-17T01:17:21.802+0000] {processor.py:157} INFO - Started process (PID=33949) to work on /home/vscode/.local/lib/python3.10/site-packages/airflow/example_dags/example_local_kubernetes_executor.py
[2026-09-17T01:17:21.803+0000] {processor.py:826} INFO - Processing file /home/vscode/.local/lib/python3.10/site-packages/airflow/example_dags/example_local_kubernetes_executor.py for tasks to queue
[2026-09-17T01:17:21.803+0000] {logging_mixin.py:150} INFO - [2026-09-17T01:17:21.803+0000] {dagbag.py:541} INFO - Filling up the DagBag from /home/vscode/.local/lib/python3.10/site-packages/airflow/example_dags/example_local_kubernetes_executor.py
[2026-09-17T01:17:21.806+0000] {logging_mixin.py:150} INFO - [2026-09-17T01:17:21.806+0000] {example_local_kubernetes_executor.py:39} WARNING - Could not import DAGs in example_local_kubernetes_executor.py
Traceback (most recent call last):
  File "/home/vscode/.local/lib/python3.10/site-packages/airflow/example_dags/example_local_kubernetes_executor.py", line 37, in <module>
    from kubernetes.client import models as k8s
ModuleNotFoundError: No module named 'kubernetes'
[2026-09-17T01:17:21.806+0000] {logging_mixin.py:150} INFO - [2026-09-17T01:17:21.806+0000] {example_local_kubernetes_executor.py:40} WARNING - Install Kubernetes dependencies with: pip install apache-airflow[cncf.kubernetes]
[2026-09-17T01:17:21.806+0000] {processor.py:838} WARNING - No viable dags retrieved from /home/vscode/.local/lib/python3.10/site-packages/airflow/example_dags/example_local_kubernetes_executor.py
[2026-09-17T01:17:21.814+0000] {processor.py:179} INFO - Processing /home/vscode/.local/lib/python3.10/site-packages/airflow/example_dags/example_local_kubernetes_executor.py took 0.014 seconds
[2026-09-17T01:17:53.985+0000] {processor.py:157} INFO - Started process (PID=34222) to work on /home/vscode/.local/lib/python3.10/site-packages/airflow/example_dags/example_local_kubernetes_executor.py
[2026-09-17T01:17:53.986+0000] {processor.py:826} INFO - Processing file /home/vscode/.local/lib/python3.10/site-packages/airflow/example_dags/example_local_kubernetes_executor.py for tasks to queue
[2026-09-17T01:17:53.986+0000] {logging_mixin.py:150} INFO - [2026-09-17T01:17:53.986+0000] {dagbag.py:541} INFO - Filling up the DagBag from /home/vscode/.local/lib/python3.10/site-packages/airflow/example_dags/example_local_kubernetes_executor.py
[2026-09-17T01:17:53.990+0000] {logging_mixin.py:150} INFO - [2026-09-17T01:17:53.989+0000] {example_local_kubernetes_executor.py:39} WARNING - Could not import DAGs in example_local_kubernetes_executor.py
Traceback (most recent call last):
  File "/home/vscode/.local/lib/python3.10/site-packages/airflow/example_dags/example_local_kubernetes_executor.py", line 37, in <module>
    from kubernetes.client import models as k8s
ModuleNotFoundError: No module named 'kubernetes'
[2026-09-17T01:17:53.990+0000] {logging_mixin.py:150} INFO - [2026-09-17T01:17:53.990+0000] {example_local_kubernetes_executor.py:40} WARNING - Install Kubernetes dependencies with: pip install apache-airflow[cncf.kubernetes]
[2026-09-17T01:17:53.990+0000] {processor.py:838} WARNING - No viable dags retrieved from /home/vscode/.local/lib/python3.10/site-packages/airflow/example_dags/example_local_kubernetes_executor.py
[2026-09-17T01:17:54.001+0000] {processor.py:179} INFO - Processing /home/vscode/.local/lib/python3.10/site-packages/airflow/example_dags/example_local_kubernetes_executor.py took 0.019 seconds
[2026-09-17T01:18:12.102+0000] {processor.py:157} INFO - Started process (PID=34375) to work on /home/vscode/.local/lib/python3.10/site-packages/airflow/example_dags/example_local_kubernetes_executor.py
[2026-09-17T01:18:12.104+0000] {processor.py:826} INFO - Processing file /home/vscode/.local/lib/python3.10/site-packages/airflow/example_dags/example_local_kubernetes_executor.py for tasks to queue
[2026-09-17T01:18:12.104+0000] {logging_mixin.py:150} INFO - [2026-09-17T01:18:12.104+0000] {dagbag.py:541} INFO - Filling up the DagBag from /home/vscode/.local/lib/python3.10/site-packages/airflow/example_dags/example_local_kubernetes_executor.py
[2026-09-17T01:18:12.108+0000] {logging_mixin.py:150} INFO - [2026-09-17T01:18:12.107+0000] {example_local_kubernetes_executor.py:39} WARNING - Could not import DAGs in example_local_kubernetes_executor.py
Traceback (most recent call last):
  File "/home/vscode/.local/lib/python3.10/site-packages/airflow/example_dags/example_local_kubernetes_executor.py", line 37, in <module>
    from kubernetes.client import models as k8s
ModuleNotFoundError: No module named 'kubernetes'
[2026-09-17T01:18:12.108+0000] {logging_mixin.py:150} INFO - [2026-09-17T01:18:12.108+0000] {example_local_kubernetes_executor.py:40} WARNING - Install Kubernetes dependencies with: pip install apache-airflow[cncf.kubernetes]
[2026-09-17T01:18:12.108+0000] {processor.py:838} WARNING - No viable dags retrieved from /home/vscode/.local/lib/python3.10/site-packages/airflow/example_dags/example_local_kubernetes_executor.py
[2026-09-17T01:18:12.118+0000] {processor.py:179} INFO - Processing /home/vscode/.local/lib/python3.10/site-packages/airflow/example_dags/example_local_kubernetes_executor.py took 0.019 seconds
[2026-09-17T01:18:38.266+0000] {processor.py:157} INFO - Started process (PID=34598) to work on /home/vscode/.local/lib/python3.10/site-packages/airflow/example_dags/example_local_kubernetes_executor.py
[2026-09-17T01:18:38.267+0000] {processor.py:826} INFO - Processing file /home/vscode/.local/lib/python3.10/site-packages/airflow/example_dags/example_local_kubernetes_executor.py for tasks to queue
[2026-09-17T01:18:38.267+0000] {logging_mixin.py:150} INFO - [2026-09-17T01:18:38.267+0000] {dagbag.py:541} INFO - Filling up the DagBag from /home/vscode/.local/lib/python3.10/site-packages/airflow/example_dags/example_local_kubernetes_executor.py
[2026-09-17T01:18:38.270+0000] {logging_mixin.py:150} INFO - [2026-09-17T01:18:38.270+0000] {example_local_kubernetes_executor.py:39} WARNING - Could not import DAGs in example_local_kubernetes_executor.py
Traceback (most recent call last):
  File "/home/vscode/.local/lib/python3.10/site-packages/airflow/example_dags/example_local_kubernetes_executor.py", line 37, in <module>
    from kubernetes.client import models as k8s
ModuleNotFoundError: No module named 'kubernetes'
[2026-09-17T01:18:38.270+0000] {logging_mixin.py:150} INFO - [2026-09-17T01:18:38.270+0000] {example_local_kubernetes_executor.py:40} WARNING - Install Kubernetes dependencies with: pip install apache-airflow[cncf.kubernetes]
[2026-09-17T01:18:38.271+0000] {processor.py:838} WARNING - No viable dags retrieved from /home/vscode/.local/lib/python3.10/site-packages/airflow/example_dags/example_local_kubernetes_executor.py
[2026-09-17T01:18:38.279+0000] {processor.py:179} INFO - Processing /home/vscode/.local/lib/python3.10/site-packages/airflow/example_dags/example_local_kubernetes_executor.py took 0.015 seconds
[2026-09-17T01:18:59.770+0000] {processor.py:157} INFO - Started process (PID=34779) to work on /home/vscode/.local/lib/python3.10/site-packages/airflow/example_dags/example_local_kubernetes_executor.py
[2026-09-17T01:18:59.770+0000] {processor.py:826} INFO - Processing file /home/vscode/.local/lib/python3.10/site-packages/airflow/example_dags/example_local_kubernetes_executor.py for tasks to queue
[2026-09-17T01:18:59.771+0000] {logging_mixin.py:150} INFO - [2026-09-17T01:18:59.771+0000] {dagbag.py:541} INFO - Filling up the DagBag from /home/vscode/.local/lib/python3.10/site-packages/airflow/example_dags/example_local_kubernetes_executor.py
[2026-09-17T01:18:59.774+0000] {logging_mixin.py:150} INFO - [2026-09-17T01:18:59.773+0000] {example_local_kubernetes_executor.py:39} WARNING - Could not import DAGs in example_local_kubernetes_executor.py
Traceback (most recent call last):
  File "/home/vscode/.local/lib/python3.10/site-packages/airflow/example_dags/example_local_kubernetes_executor.py", line 37, in <module>
    from kubernetes.client import models as k8s
ModuleNotFoundError: No module named 'kubernetes'
[2026-09-17T01:18:59.774+0000] {logging_mixin.py:150} INFO - [2026-09-17T01:18:59.774+0000] {example_local_kubernetes_executor.py:40} WARNING - Install Kubernetes dependencies with: pip install apache-airflow[cncf.kubernetes]
[2026-09-17T01:18:59.774+0000] {processor.py:838} WARNING - No viable dags retrieved from /home/vscode/.local/lib/python3.10/site-packages/airflow/example_dags/example_local_kubernetes_executor.py
[2026-09-17T01:18:59.782+0000] {processor.py:179} INFO - Processing /home/vscode/.local/lib/python3.10/site-packages/airflow/example_dags/example_local_kubernetes_executor.py took 0.015 seconds
[2026-09-17T01:19:28.059+0000] {processor.py:157} INFO - Started process (PID=35001) to work on /home/vscode/.local/lib/python3.10/site-packages/airflow/example_dags/example_local_kubernetes_executor.py
[2026-09-17T01:19:28.060+0000] {processor.py:826} INFO - Processing file /home/vscode/.local/lib/python3.10/site-packages/airflow/example_dags/example_local_kubernetes_executor.py for tasks to queue
[2026-09-17T01:19:28.061+0000] {logging_mixin.py:150} INFO - [2026-09-17T01:19:28.060+0000] {dagbag.py:541} INFO - Filling up the DagBag from /home/vscode/.local/lib/python3.10/site-packages/airflow/example_dags/example_local_kubernetes_executor.py
[2026-09-17T01:19:28.063+0000] {logging_mixin.py:150} INFO - [2026-09-17T01:19:28.063+0000] {example_local_kubernetes_executor.py:39} WARNING - Could not import DAGs in example_local_kubernetes_executor.py
Traceback (most recent call last):
  File "/home/vscode/.local/lib/python3.10/site-packages/airflow/example_dags/example_local_kubernetes_executor.py", line 37, in <module>
    from kubernetes.client import models as k8s
ModuleNotFoundError: No module named 'kubernetes'
[2026-09-17T01:19:28.063+0000] {logging_mixin.py:150} INFO - [2026-09-17T01:19:28.063+0000] {example_local_kubernetes_executor.py:40} WARNING - Install Kubernetes dependencies with: pip install apache-airflow[cncf.kubernetes]
[2026-09-17T01:19:28.064+0000] {processor.py:838} WARNING - No viable dags retrieved from /home/vscode/.local/lib/python3.10/site-packages/airflow/example_dags/example_local_kubernetes_executor.py
[2026-09-17T01:19:28.071+0000] {processor.py:179} INFO - Processing /home/vscode/.local/lib/python3.10/site-packages/airflow/example_dags/example_local_kubernetes_executor.py took 0.015 seconds
[2026-09-17T01:19:47.220+0000] {processor.py:157} INFO - Started process (PID=35143) to work on /home/vscode/.local/lib/python3.10/site-packages/airflow/example_dags/example_local_kubernetes_executor.py
[2026-09-17T01:19:47.222+0000] {processor.py:826} INFO - Processing file /home/vscode/.local/lib/python3.10/site-packages/airflow/example_dags/example_local_kubernetes_executor.py for tasks to queue
[2026-09-17T01:19:47.222+0000] {logging_mixin.py:150} INFO - [2026-09-17T01:19:47.222+0000] {dagbag.py:541} INFO - Filling up the DagBag from /home/vscode/.local/lib/python3.10/site-packages/airflow/example_dags/example_local_kubernetes_executor.py
[2026-09-17T01:19:47.227+0000] {logging_mixin.py:150} INFO - [2026-09-17T01:19:47.226+0000] {example_local_kubernetes_executor.py:39} WARNING - Could not import DAGs in example_local_kubernetes_executor.py
Traceback (most recent call last):
  File "/home/vscode/.local/lib/python3.10/site-packages/airflow/example_dags/example_local_kubernetes_executor.py", line 37, in <module>
    from kubernetes.client import models as k8s
ModuleNotFoundError: No module named 'kubernetes'
[2026-09-17T01:19:47.228+0000] {logging_mixin.py:150} INFO - [2026-09-17T01:19:47.227+0000] {example_local_kubernetes_executor.py:40} WARNING - Install Kubernetes dependencies with: pip install apache-airflow[cncf.kubernetes]
[2026-09-17T01:19:47.228+0000] {processor.py:838} WARNING - No viable dags retrieved from /home/vscode/.local/lib/python3.10/site-packages/airflow/example_dags/example_local_kubernetes_executor.py
[2026-09-17T01:19:47.243+0000] {processor.py:179} INFO - Processing /home/vscode/.local/lib/python3.10/site-packages/airflow/example_dags/example_local_kubernetes_executor.py took 0.026 seconds
[2026-09-17T01:20:16.375+0000] {processor.py:157} INFO - Started process (PID=35456) to work on /home/vscode/.local/lib/python3.10/site-packages/airflow/example_dags/example_local_kubernetes_executor.py
[2026-09-17T01:20:16.376+0000] {processor.py:826} INFO - Processing file /home/vscode/.local/lib/python3.10/site-packages/airflow/example_dags/example_local_kubernetes_executor.py for tasks to queue
[2026-09-17T01:20:16.376+0000] {logging_mixin.py:150} INFO - [2026-09-17T01:20:16.376+0000] {dagbag.py:541} INFO - Filling up the DagBag from /home/vscode/.local/lib/python3.10/site-packages/airflow/example_dags/example_local_kubernetes_executor.py
[2026-09-17T01:20:16.379+0000] {logging_mixin.py:150} INFO - [2026-09-17T01:20:16.379+0000] {example_local_kubernetes_executor.py:39} WARNING - Could not import DAGs in example_local_kubernetes_executor.py
Traceback (most recent call last):
  File "/home/vscode/.local/lib/python3.10/site-packages/airflow/example_dags/example_local_kubernetes_executor.py", line 37, in <module>
    from kubernetes.client import models as k8s
ModuleNotFoundError: No module named 'kubernetes'
[2026-09-17T01:20:16.379+0000] {logging_mixin.py:150} INFO - [2026-09-17T01:20:16.379+0000] {example_local_kubernetes_executor.py:40} WARNING - Install Kubernetes dependencies with: pip install apache-airflow[cncf.kubernetes]
[2026-09-17T01:20:16.380+0000] {processor.py:838} WARNING - No viable dags retrieved from /home/vscode/.local/lib/python3.10/site-packages/airflow/example_dags/example_local_kubernetes_executor.py
[2026-09-17T01:20:16.393+0000] {processor.py:179} INFO - Processing /home/vscode/.local/lib/python3.10/site-packages/airflow/example_dags/example_local_kubernetes_executor.py took 0.020 seconds
[2026-09-17T01:20:36.461+0000] {processor.py:157} INFO - Started process (PID=35607) to work on /home/vscode/.local/lib/python3.10/site-packages/airflow/example_dags/example_local_kubernetes_executor.py
[2026-09-17T01:20:36.462+0000] {processor.py:826} INFO - Processing file /home/vscode/.local/lib/python3.10/site-packages/airflow/example_dags/example_local_kubernetes_executor.py for tasks to queue
[2026-09-17T01:20:36.463+0000] {logging_mixin.py:150} INFO - [2026-09-17T01:20:36.463+0000] {dagbag.py:541} INFO - Filling up the DagBag from /home/vscode/.local/lib/python3.10/site-packages/airflow/example_dags/example_local_kubernetes_executor.py
[2026-09-17T01:20:36.467+0000] {logging_mixin.py:150} INFO - [2026-09-17T01:20:36.467+0000] {example_local_kubernetes_executor.py:39} WARNING - Could not import DAGs in example_local_kubernetes_executor.py
Traceback (most recent call last):
  File "/home/vscode/.local/lib/python3.10/site-packages/airflow/example_dags/example_local_kubernetes_executor.py", line 37, in <module>
    from kubernetes.client import models as k8s
ModuleNotFoundError: No module named 'kubernetes'
[2026-09-17T01:20:36.468+0000] {logging_mixin.py:150} INFO - [2026-09-17T01:20:36.467+0000] {example_local_kubernetes_executor.py:40} WARNING - Install Kubernetes dependencies with: pip install apache-airflow[cncf.kubernetes]
[2026-09-17T01:20:36.468+0000] {processor.py:838} WARNING - No viable dags retrieved from /home/vscode/.local/lib/python3.10/site-packages/airflow/example_dags/example_local_kubernetes_executor.py
[2026-09-17T01:20:36.480+0000] {processor.py:179} INFO - Processing /home/vscode/.local/lib/python3.10/site-packages/airflow/example_dags/example_local_kubernetes_executor.py took 0.022 seconds
[2026-09-17T01:21:04.863+0000] {processor.py:157} INFO - Started process (PID=36046) to work on /home/vscode/.local/lib/python3.10/site-packages/airflow/example_dags/example_local_kubernetes_executor.py
[2026-09-17T01:21:04.864+0000] {processor.py:826} INFO - Processing file /home/vscode/.local/lib/python3.10/site-packages/airflow/example_dags/example_local_kubernetes_executor.py for tasks to queue
[2026-09-17T01:21:04.865+0000] {logging_mixin.py:150} INFO - [2026-09-17T01:21:04.864+0000] {dagbag.py:541} INFO - Filling up the DagBag from /home/vscode/.local/lib/python3.10/site-packages/airflow/example_dags/example_local_kubernetes_executor.py
[2026-09-17T01:21:04.869+0000] {logging_mixin.py:150} INFO - [2026-09-17T01:21:04.868+0000] {example_local_kubernetes_executor.py:39} WARNING - Could not import DAGs in example_local_kubernetes_executor.py
Traceback (most recent call last):
  File "/home/vscode/.local/lib/python3.10/site-packages/airflow/example_dags/example_local_kubernetes_executor.py", line 37, in <module>
    from kubernetes.client import models as k8s
ModuleNotFoundError: No module named 'kubernetes'
[2026-09-17T01:21:04.869+0000] {logging_mixin.py:150} INFO - [2026-09-17T01:21:04.869+0000] {example_local_kubernetes_executor.py:40} WARNING - Install Kubernetes dependencies with: pip install apache-airflow[cncf.kubernetes]
[2026-09-17T01:21:04.869+0000] {processor.py:838} WARNING - No viable dags retrieved from /home/vscode/.local/lib/python3.10/site-packages/airflow/example_dags/example_local_kubernetes_executor.py
[2026-09-17T01:21:04.880+0000] {processor.py:179} INFO - Processing /home/vscode/.local/lib/python3.10/site-packages/airflow/example_dags/example_local_kubernetes_executor.py took 0.021 seconds
[2026-09-17T01:21:24.168+0000] {processor.py:157} INFO - Started process (PID=36258) to work on /home/vscode/.local/lib/python3.10/site-packages/airflow/example_dags/example_local_kubernetes_executor.py
[2026-09-17T01:21:24.168+0000] {processor.py:826} INFO - Processing file /home/vscode/.local/lib/python3.10/site-packages/airflow/example_dags/example_local_kubernetes_executor.py for tasks to queue
[2026-09-17T01:21:24.169+0000] {logging_mixin.py:150} INFO - [2026-09-17T01:21:24.169+0000] {dagbag.py:541} INFO - Filling up the DagBag from /home/vscode/.local/lib/python3.10/site-packages/airflow/example_dags/example_local_kubernetes_executor.py
[2026-09-17T01:21:24.172+0000] {logging_mixin.py:150} INFO - [2026-09-17T01:21:24.171+0000] {example_local_kubernetes_executor.py:39} WARNING - Could not import DAGs in example_local_kubernetes_executor.py
Traceback (most recent call last):
  File "/home/vscode/.local/lib/python3.10/site-packages/airflow/example_dags/example_local_kubernetes_executor.py", line 37, in <module>
    from kubernetes.client import models as k8s
ModuleNotFoundError: No module named 'kubernetes'
[2026-09-17T01:21:24.172+0000] {logging_mixin.py:150} INFO - [2026-09-17T01:21:24.172+0000] {example_local_kubernetes_executor.py:40} WARNING - Install Kubernetes dependencies with: pip install apache-airflow[cncf.kubernetes]
[2026-09-17T01:21:24.172+0000] {processor.py:838} WARNING - No viable dags retrieved from /home/vscode/.local/lib/python3.10/site-packages/airflow/example_dags/example_local_kubernetes_executor.py
[2026-09-17T01:21:24.180+0000] {processor.py:179} INFO - Processing /home/vscode/.local/lib/python3.10/site-packages/airflow/example_dags/example_local_kubernetes_executor.py took 0.015 seconds
[2026-09-17T01:21:54.382+0000] {processor.py:157} INFO - Started process (PID=36637) to work on /home/vscode/.local/lib/python3.10/site-packages/airflow/example_dags/example_local_kubernetes_executor.py
[2026-09-17T01:21:54.382+0000] {processor.py:826} INFO - Processing file /home/vscode/.local/lib/python3.10/site-packages/airflow/example_dags/example_local_kubernetes_executor.py for tasks to queue
[2026-09-17T01:21:54.383+0000] {logging_mixin.py:150} INFO - [2026-09-17T01:21:54.383+0000] {dagbag.py:541} INFO - Filling up the DagBag from /home/vscode/.local/lib/python3.10/site-packages/airflow/example_dags/example_local_kubernetes_executor.py
[2026-09-17T01:21:54.387+0000] {logging_mixin.py:150} INFO - [2026-09-17T01:21:54.386+0000] {example_local_kubernetes_executor.py:39} WARNING - Could not import DAGs in example_local_kubernetes_executor.py
Traceback (most recent call last):
  File "/home/vscode/.local/lib/python3.10/site-packages/airflow/example_dags/example_local_kubernetes_executor.py", line 37, in <module>
    from kubernetes.client import models as k8s
ModuleNotFoundError: No module named 'kubernetes'
[2026-09-17T01:21:54.387+0000] {logging_mixin.py:150} INFO - [2026-09-17T01:21:54.387+0000] {example_local_kubernetes_executor.py:40} WARNING - Install Kubernetes dependencies with: pip install apache-airflow[cncf.kubernetes]
[2026-09-17T01:21:54.387+0000] {processor.py:838} WARNING - No viable dags retrieved from /home/vscode/.local/lib/python3.10/site-packages/airflow/example_dags/example_local_kubernetes_executor.py
[2026-09-17T01:21:54.412+0000] {processor.py:179} INFO - Processing /home/vscode/.local/lib/python3.10/site-packages/airflow/example_dags/example_local_kubernetes_executor.py took 0.033 seconds
[2026-09-17T01:22:14.674+0000] {processor.py:157} INFO - Started process (PID=36884) to work on /home/vscode/.local/lib/python3.10/site-packages/airflow/example_dags/example_local_kubernetes_executor.py
[2026-09-17T01:22:14.676+0000] {processor.py:826} INFO - Processing file /home/vscode/.local/lib/python3.10/site-packages/airflow/example_dags/example_local_kubernetes_executor.py for tasks to queue
[2026-09-17T01:22:14.677+0000] {logging_mixin.py:150} INFO - [2026-09-17T01:22:14.676+0000] {dagbag.py:541} INFO - Filling up the DagBag from /home/vscode/.local/lib/python3.10/site-packages/airflow/example_dags/example_local_kubernetes_executor.py
[2026-09-17T01:22:14.680+0000] {logging_mixin.py:150} INFO - [2026-09-17T01:22:14.680+0000] {example_local_kubernetes_executor.py:39} WARNING - Could not import DAGs in example_local_kubernetes_executor.py
Traceback (most recent call last):
  File "/home/vscode/.local/lib/python3.10/site-packages/airflow/example_dags/example_local_kubernetes_executor.py", line 37, in <module>
    from kubernetes.client import models as k8s
ModuleNotFoundError: No module named 'kubernetes'
[2026-09-17T01:22:14.681+0000] {logging_mixin.py:150} INFO - [2026-09-17T01:22:14.681+0000] {example_local_kubernetes_executor.py:40} WARNING - Install Kubernetes dependencies with: pip install apache-airflow[cncf.kubernetes]
[2026-09-17T01:22:14.681+0000] {processor.py:838} WARNING - No viable dags retrieved from /home/vscode/.local/lib/python3.10/site-packages/airflow/example_dags/example_local_kubernetes_executor.py
[2026-09-17T01:22:14.699+0000] {processor.py:179} INFO - Processing /home/vscode/.local/lib/python3.10/site-packages/airflow/example_dags/example_local_kubernetes_executor.py took 0.027 seconds
[2026-09-17T01:22:45.311+0000] {processor.py:157} INFO - Started process (PID=37279) to work on /home/vscode/.local/lib/python3.10/site-packages/airflow/example_dags/example_local_kubernetes_executor.py
[2026-09-17T01:22:45.312+0000] {processor.py:826} INFO - Processing file /home/vscode/.local/lib/python3.10/site-packages/airflow/example_dags/example_local_kubernetes_executor.py for tasks to queue
[2026-09-17T01:22:45.312+0000] {logging_mixin.py:150} INFO - [2026-09-17T01:22:45.312+0000] {dagbag.py:541} INFO - Filling up the DagBag from /home/vscode/.local/lib/python3.10/site-packages/airflow/example_dags/example_local_kubernetes_executor.py
[2026-09-17T01:22:45.316+0000] {logging_mixin.py:150} INFO - [2026-09-17T01:22:45.315+0000] {example_local_kubernetes_executor.py:39} WARNING - Could not import DAGs in example_local_kubernetes_executor.py
Traceback (most recent call last):
  File "/home/vscode/.local/lib/python3.10/site-packages/airflow/example_dags/example_local_kubernetes_executor.py", line 37, in <module>
    from kubernetes.client import models as k8s
ModuleNotFoundError: No module named 'kubernetes'
[2026-09-17T01:22:45.316+0000] {logging_mixin.py:150} INFO - [2026-09-17T01:22:45.316+0000] {example_local_kubernetes_executor.py:40} WARNING - Install Kubernetes dependencies with: pip install apache-airflow[cncf.kubernetes]
[2026-09-17T01:22:45.316+0000] {processor.py:838} WARNING - No viable dags retrieved from /home/vscode/.local/lib/python3.10/site-packages/airflow/example_dags/example_local_kubernetes_executor.py
[2026-09-17T01:22:45.325+0000] {processor.py:179} INFO - Processing /home/vscode/.local/lib/python3.10/site-packages/airflow/example_dags/example_local_kubernetes_executor.py took 0.017 seconds
[2026-09-17T01:23:00.470+0000] {processor.py:157} INFO - Started process (PID=37396) to work on /home/vscode/.local/lib/python3.10/site-packages/airflow/example_dags/example_local_kubernetes_executor.py
[2026-09-17T01:23:00.470+0000] {processor.py:826} INFO - Processing file /home/vscode/.local/lib/python3.10/site-packages/airflow/example_dags/example_local_kubernetes_executor.py for tasks to queue
[2026-09-17T01:23:00.471+0000] {logging_mixin.py:150} INFO - [2026-09-17T01:23:00.471+0000] {dagbag.py:541} INFO - Filling up the DagBag from /home/vscode/.local/lib/python3.10/site-packages/airflow/example_dags/example_local_kubernetes_executor.py
[2026-09-17T01:23:00.474+0000] {logging_mixin.py:150} INFO - [2026-09-17T01:23:00.473+0000] {example_local_kubernetes_executor.py:39} WARNING - Could not import DAGs in example_local_kubernetes_executor.py
Traceback (most recent call last):
  File "/home/vscode/.local/lib/python3.10/site-packages/airflow/example_dags/example_local_kubernetes_executor.py", line 37, in <module>
    from kubernetes.client import models as k8s
ModuleNotFoundError: No module named 'kubernetes'
[2026-09-17T01:23:00.474+0000] {logging_mixin.py:150} INFO - [2026-09-17T01:23:00.474+0000] {example_local_kubernetes_executor.py:40} WARNING - Install Kubernetes dependencies with: pip install apache-airflow[cncf.kubernetes]
[2026-09-17T01:23:00.474+0000] {processor.py:838} WARNING - No viable dags retrieved from /home/vscode/.local/lib/python3.10/site-packages/airflow/example_dags/example_local_kubernetes_executor.py
[2026-09-17T01:23:00.482+0000] {processor.py:179} INFO - Processing /home/vscode/.local/lib/python3.10/site-packages/airflow/example_dags/example_local_kubernetes_executor.py took 0.015 seconds
[2026-09-17T01:23:31.558+0000] {processor.py:157} INFO - Started process (PID=37716) to work on /home/vscode/.local/lib/python3.10/site-packages/airflow/example_dags/example_local_kubernetes_executor.py
[2026-09-17T01:23:31.559+0000] {processor.py:826} INFO - Processing file /home/vscode/.local/lib/python3.10/site-packages/airflow/example_dags/example_local_kubernetes_executor.py for tasks to queue
[2026-09-17T01:23:31.559+0000] {logging_mixin.py:150} INFO - [2026-09-17T01:23:31.559+0000] {dagbag.py:541} INFO - Filling up the DagBag from /home/vscode/.local/lib/python3.10/site-packages/airflow/example_dags/example_local_kubernetes_executor.py
[2026-09-17T01:23:31.562+0000] {logging_mixin.py:150} INFO - [2026-09-17T01:23:31.562+0000] {example_local_kubernetes_executor.py:39} WARNING - Could not import DAGs in example_local_kubernetes_executor.py
Traceback (most recent call last):
  File "/home/vscode/.local/lib/python3.10/site-packages/airflow/example_dags/example_local_kubernetes_executor.py", line 37, in <module>
    from kubernetes.client import models as k8s
ModuleNotFoundError: No module named 'kubernetes'
[2026-09-17T01:23:31.562+0000] {logging_mixin.py:150} INFO - [2026-09-17T01:23:31.562+0000] {example_local_kubernetes_executor.py:40} WARNING - Install Kubernetes dependencies with: pip install apache-airflow[cncf.kubernetes]
[2026-09-17T01:23:31.563+0000] {processor.py:838} WARNING - No viable dags retrieved from /home/vscode/.local/lib/python3.10/site-packages/airflow/example_dags/example_local_kubernetes_executor.py
[2026-09-17T01:23:31.570+0000] {processor.py:179} INFO - Processing /home/vscode/.local/lib/python3.10/site-packages/airflow/example_dags/example_local_kubernetes_executor.py took 0.014 seconds
[2026-09-17T01:23:51.069+0000] {processor.py:157} INFO - Started process (PID=37859) to work on /home/vscode/.local/lib/python3.10/site-packages/airflow/example_dags/example_local_kubernetes_executor.py
[2026-09-17T01:23:51.069+0000] {processor.py:826} INFO - Processing file /home/vscode/.local/lib/python3.10/site-packages/airflow/example_dags/example_local_kubernetes_executor.py for tasks to queue
[2026-09-17T01:23:51.070+0000] {logging_mixin.py:150} INFO - [2026-09-17T01:23:51.070+0000] {dagbag.py:541} INFO - Filling up the DagBag from /home/vscode/.local/lib/python3.10/site-packages/airflow/example_dags/example_local_kubernetes_executor.py
[2026-09-17T01:23:51.073+0000] {logging_mixin.py:150} INFO - [2026-09-17T01:23:51.072+0000] {example_local_kubernetes_executor.py:39} WARNING - Could not import DAGs in example_local_kubernetes_executor.py
Traceback (most recent call last):
  File "/home/vscode/.local/lib/python3.10/site-packages/airflow/example_dags/example_local_kubernetes_executor.py", line 37, in <module>
    from kubernetes.client import models as k8s
ModuleNotFoundError: No module named 'kubernetes'
[2026-09-17T01:23:51.073+0000] {logging_mixin.py:150} INFO - [2026-09-17T01:23:51.073+0000] {example_local_kubernetes_executor.py:40} WARNING - Install Kubernetes dependencies with: pip install apache-airflow[cncf.kubernetes]
[2026-09-17T01:23:51.073+0000] {processor.py:838} WARNING - No viable dags retrieved from /home/vscode/.local/lib/python3.10/site-packages/airflow/example_dags/example_local_kubernetes_executor.py
[2026-09-17T01:23:51.083+0000] {processor.py:179} INFO - Processing /home/vscode/.local/lib/python3.10/site-packages/airflow/example_dags/example_local_kubernetes_executor.py took 0.016 seconds
[2026-09-17T01:24:23.431+0000] {processor.py:157} INFO - Started process (PID=38302) to work on /home/vscode/.local/lib/python3.10/site-packages/airflow/example_dags/example_local_kubernetes_executor.py
[2026-09-17T01:24:23.432+0000] {processor.py:826} INFO - Processing file /home/vscode/.local/lib/python3.10/site-packages/airflow/example_dags/example_local_kubernetes_executor.py for tasks to queue
[2026-09-17T01:24:23.433+0000] {logging_mixin.py:150} INFO - [2026-09-17T01:24:23.432+0000] {dagbag.py:541} INFO - Filling up the DagBag from /home/vscode/.local/lib/python3.10/site-packages/airflow/example_dags/example_local_kubernetes_executor.py
[2026-09-17T01:24:23.435+0000] {logging_mixin.py:150} INFO - [2026-09-17T01:24:23.435+0000] {example_local_kubernetes_executor.py:39} WARNING - Could not import DAGs in example_local_kubernetes_executor.py
Traceback (most recent call last):
  File "/home/vscode/.local/lib/python3.10/site-packages/airflow/example_dags/example_local_kubernetes_executor.py", line 37, in <module>
    from kubernetes.client import models as k8s
ModuleNotFoundError: No module named 'kubernetes'
[2026-09-17T01:24:23.436+0000] {logging_mixin.py:150} INFO - [2026-09-17T01:24:23.435+0000] {example_local_kubernetes_executor.py:40} WARNING - Install Kubernetes dependencies with: pip install apache-airflow[cncf.kubernetes]
[2026-09-17T01:24:23.436+0000] {processor.py:838} WARNING - No viable dags retrieved from /home/vscode/.local/lib/python3.10/site-packages/airflow/example_dags/example_local_kubernetes_executor.py
[2026-09-17T01:24:23.443+0000] {processor.py:179} INFO - Processing /home/vscode/.local/lib/python3.10/site-packages/airflow/example_dags/example_local_kubernetes_executor.py took 0.015 seconds
