[2026-09-17T00:55:48.935+0000] {processor.py:157} INFO - Started process (PID=22178) to work on /home/vscode/.local/lib/python3.10/site-packages/airflow/example_dags/example_external_task_marker_dag.py
[2026-09-17T00:55:48.935+0000] {processor.py:826} INFO - Processing file /home/vscode/.local/lib/python3.10/site-packages/airflow/example_dags/example_external_task_marker_dag.py for tasks to queue
[2026-09-17T00:55:48.936+0000] {logging_mixin.py:150} INFO - [2026-09-17T00:55:48.936+0000] {dagbag.py:541} INFO - Filling up the DagBag from /home/vscode/.local/lib/python3.10/site-packages/airflow/example_dags/example_external_task_marker_dag.py
[2026-09-17T00:55:48.942+0000] {processor.py:836} INFO - DAG(s) dict_keys(['example_external_task_marker_child', 'example_external_task_marker_parent']) retrieved from /home/vscode/.local/lib/python3.10/site-packages/airflow/example_dags/example_external_task_marker_dag.py
[2026-09-17T00:55:49.053+0000] {logging_mixin.py:150} INFO - [2026-09-17T00:55:49.053+0000] {manager.py:504} INFO - Created Permission View: can delete on DAG:example_external_task_marker_child
[2026-09-17T00:55:49.065+0000] {logging_mixin.py:150} INFO - [2026-09-17T00:55:49.065+0000] {manager.py:504} INFO - Created Permission View: can edit on DAG:example_external_task_marker_child
[2026-09-17T00:55:49.072+0000] {logging_mixin.py:150} INFO - [2026-09-17T00:55:49.072+0000] {manager.py:504} INFO - Created Permission View: can read on DAG:example_external_task_marker_child
[2026-09-17T00:55:49.099+0000] {logging_mixin.py:150} INFO - [2026-09-17T00:55:49.099+0000] {manager.py:504} INFO - Created Permission View: can delete on DAG:example_external_task_marker_parent
[2026-09-17T00:55:49.106+0000] {logging_mixin.py:150} INFO - [2026-09-17T00:55:49.106+0000] {manager.py:504} INFO - Created Permission View: can edit on DAG:example_external_task_marker_parent
[2026-09-17T00:55:49.113+0000] {logging_mixin.py:150} INFO - [2026-09-17T00:55:49.113+0000] {manager.py:504} INFO - Created Permission View: can read on DAG:example_external_task_marker_parent
[2026-09-17T00:55:49.117+0000] {logging_mixin.py:150} INFO - [2026-09-17T00:55:49.117+0000] {dag.py:2742} INFO - Sync 2 DAGs
[2026-09-17T00:55:49.125+0000] {logging_mixin.py:150} INFO - [2026-09-17T00:55:49.125+0000] {dag.py:2763} INFO - Creating ORM DAG for example_external_task_marker_child
[2026-09-17T00:55:49.126+0000] {logging_mixin.py:150} INFO - [2026-09-17T00:55:49.126+0000] {dag.py:2763} INFO - Creating ORM DAG for example_external_task_marker_parent
[2026-09-17T00:55:49.135+0000] {logging_mixin.py:150} INFO - [2026-09-17T00:55:49.134+0000] {dag.py:3504} INFO - Setting next_dagrun for example_external_task_marker_child to None, run_after=None
[2026-09-17T00:55:49.135+0000] {logging_mixin.py:150} INFO - [2026-09-17T00:55:49.135+0000] {dag.py:3504} INFO - Setting next_dagrun for example_external_task_marker_parent to None, run_after=None
[2026-09-17T00:55:49.160+0000] {processor.py:179} INFO - Processing /home/vscode/.local/lib/python3.10/site-packages/airflow/example_dags/example_external_task_marker_dag.py took 0.229 seconds
[2026-09-17T00:56:15.201+0000] {processor.py:157} INFO - Started process (PID=22407) to work on /home/vscode/.local/lib/python3.10/site-packages/airflow/example_dags/example_external_task_marker_dag.py
[2026-09-17T00:56:15.201+0000] {processor.py:826} INFO - Processing file /home/vscode/.local/lib/python3.10/site-packages/airflow/example_dags/example_external_task_marker_dag.py for tasks to queue
[2026-09-17T00:56:15.202+0000] {logging_mixin.py:150} INFO - [2026-09-17T00:56:15.202+0000] {dagbag.py:541} INFO - Filling up the DagBag from /home/vscode/.local/lib/python3.10/site-packages/airflow/example_dags/example_external_task_marker_dag.py
[2026-09-17T00:56:15.209+0000] {processor.py:836} INFO - DAG(s) dict_keys(['example_external_task_marker_parent', 'example_external_task_marker_child']) retrieved from /home/vscode/.local/lib/python3.10/site-packages/airflow/example_dags/example_external_task_marker_dag.py
[2026-09-17T00:56:15.218+0000] {logging_mixin.py:150} INFO - [2026-09-17T00:56:15.218+0000] {dag.py:2742} INFO - Sync 2 DAGs
[2026-09-17T00:56:15.240+0000] {logging_mixin.py:150} INFO - [2026-09-17T00:56:15.240+0000] {dag.py:3504} INFO - Setting next_dagrun for example_external_task_marker_child to None, run_after=None
[2026-09-17T00:56:15.244+0000] {logging_mixin.py:150} INFO - [2026-09-17T00:56:15.243+0000] {dag.py:3504} INFO - Setting next_dagrun for example_external_task_marker_parent to None, run_after=None
[2026-09-17T00:56:15.286+0000] {processor.py:179} INFO - Processing /home/vscode/.local/lib/python3.10/site-packages/airflow/example_dags/example_external_task_marker_dag.py took 0.088 seconds
[2026-09-17T00:56:40.232+0000] {processor.py:157} INFO - Started process (PID=22696) to work on /home/vscode/.local/lib/python3.10/site-packages/airflow/example_dags/example_external_task_marker_dag.py
[2026-09-17T00:56:40.233+0000] {processor.py:826} INFO - Processing file /home/vscode/.local/lib/python3.10/site-packages/airflow/example_dags/example_external_task_marker_dag.py for tasks to queue
[2026-09-17T00:56:40.234+0000] {logging_mixin.py:150} INFO - [2026-09-17T00:56:40.233+0000] {dagbag.py:541} INFO - Filling up the DagBag from /home/vscode/.local/lib/python3.10/site-packages/airflow/example_dags/example_external_task_marker_dag.py
[2026-09-17T00:56:40.240+0000] {processor.py:836} INFO - DAG(s) dict_keys(['example_external_task_marker_child', 'example_external_task_marker_parent']) retrieved from /home/vscode/.local/lib/python3.10/site-packages/airflow/example_dags/example_external_task_marker_dag.py
[2026-09-17T00:56:40.261+0000] {logging_mixin.py:150} INFO - [2026-09-17T00:56:40.261+0000] {dag.py:2742} INFO - Sync 2 DAGs
[2026-09-17T00:56:40.281+0000] {logging_mixin.py:150} INFO - [2026-09-17T00:56:40.281+0000] {dag.py:3504} INFO - Setting next_dagrun for example_external_task_marker_child to None, run_after=None
[2026-09-17T00:56:40.284+0000] {logging_mixin.py:150} INFO - [2026-09-17T00:56:40.284+0000] {dag.py:3504} INFO - Setting next_dagrun for example_external_task_marker_parent to None, run_after=None
[2026-09-17T00:56:40.310+0000] {processor.py:179} INFO - Processing /home/vscode/.local/lib/python3.10/site-packages/airflow/example_dags/example_external_task_marker_dag.py took 0.081 seconds
[2026-09-17T00:57:05.243+0000] {processor.py:157} INFO - Started process (PID=22887) to work on /home/vscode/.local/lib/python3.10/site-packages/airflow/example_dags/example_external_task_marker_dag.py
[2026-09-17T00:57:05.243+0000] {processor.py:826} INFO - Processing file /home/vscode/.local/lib/python3.10/site-packages/airflow/example_dags/example_external_task_marker_dag.py for tasks to queue
[2026-09-17T00:57:05.244+0000] {logging_mixin.py:150} INFO - [2026-09-17T00:57:05.244+0000] {dagbag.py:541} INFO - Filling up the DagBag from /home/vscode/.local/lib/python3.10/site-packages/airflow/example_dags/example_external_task_marker_dag.py
[2026-09-17T00:57:05.249+0000] {processor.py:836} INFO - DAG(s) dict_keys(['example_external_task_marker_parent', 'example_external_task_marker_child']) retrieved from /home/vscode/.local/lib/python3.10/site-packages/airflow/example_dags/example_external_task_marker_dag.py
[2026-09-17T00:57:05.264+0000] {logging_mixin.py:150} INFO - [2026-09-17T00:57:05.264+0000] {dag.py:2742} INFO - Sync 2 DAGs
[2026-09-17T00:57:05.281+0000] {logging_mixin.py:150} INFO - [2026-09-17T00:57:05.281+0000] {dag.py:3504} INFO - Setting next_dagrun for example_external_task_marker_child to None, run_after=None
[2026-09-17T00:57:05.285+0000] {logging_mixin.py:150} INFO - [2026-09-17T00:57:05.284+0000] {dag.py:3504} INFO - Setting next_dagrun for example_external_task_marker_parent to None, run_after=None
[2026-09-17T00:57:05.308+0000] {processor.py:179} INFO - Processing /home/vscode/.local/lib/python3.10/site-packages/airflow/example_dags/example_external_task_marker_dag.py took 0.068 seconds
[2026-09-17T00:57:29.714+0000] {processor.py:157} INFO - Started process (PID=23066) to work on /home/vscode/.local/lib/python3.10/site-packages/airflow/example_dags/example_external_task_marker_dag.py
[2026-09-17T00:57:29.714+0000] {processor.py:826} INFO - Processing file /home/vscode/.local/lib/python3.10/site-packages/airflow/example_dags/example_external_task_marker_dag.py for tasks to queue
[2026-09-17T00:57:29.715+0000] {logging_mixin.py:150} INFO - [2026-09-17T00:57:29.715+0000] {dagbag.py:541} INFO - Filling up the DagBag from /home/vscode/.local/lib/python3.10/site-packages/airflow/example_dags/example_external_task_marker_dag.py
[2026-09-17T00:57:29.720+0000] {processor.py:836} INFO - DAG(s) dict_keys(['example_external_task_marker_parent', 'example_external_task_marker_child']) retrieved from /home/vscode/.local/lib/python3.10/site-packages/airflow/example_dags/example_external_task_marker_dag.py
[2026-09-17T00:57:29.735+0000] {logging_mixin.py:150} INFO - [2026-09-17T00:57:29.735+0000] {dag.py:2742} INFO - Sync 2 DAGs
[2026-09-17T00:57:29.753+0000] {logging_mixin.py:150} INFO - [2026-09-17T00:57:29.752+0000] {dag.py:3504} INFO - Setting next_dagrun for example_external_task_marker_child to None, run_after=None
[2026-09-17T00:57:29.755+0000] {logging_mixin.py:150} INFO - [2026-09-17T00:57:29.755+0000] {dag.py:3504} INFO - Setting next_dagrun for example_external_task_marker_parent to None, run_after=None
[2026-09-17T00:57:29.852+0000] {processor.py:179} INFO - Processing /home/vscode/.local/lib/python3.10/site-packages/airflow/example_dags/example_external_task_marker_dag.py took 0.141 seconds
[2026-09-17T00:58:02.142+0000] {processor.py:157} INFO - Started process (PID=23321) to work on /home/vscode/.local/lib/python3.10/site-packages/airflow/example_dags/example_external_task_marker_dag.py
[2026-09-17T00:58:02.143+0000] {processor.py:826} INFO - Processing file /home/vscode/.local/lib/python3.10/site-packages/airflow/example_dags/example_external_task_marker_dag.py for tasks to queue
[2026-09-17T00:58:02.143+0000] {logging_mixin.py:150} INFO - [2026-09-17T00:58:02.143+0000] {dagbag.py:541} INFO - Filling up the DagBag from /home/vscode/.local/lib/python3.10/site-packages/airflow/example_dags/example_external_task_marker_dag.py
[2026-09-17T00:58:02.148+0000] {processor.py:836} INFO - DAG(s) dict_keys(['example_external_task_marker_parent', 'example_external_task_marker_child']) retrieved from /home/vscode/.local/lib/python3.10/site-packages/airflow/example_dags/example_external_task_marker_dag.py
[2026-09-17T00:58:02.164+0000] {logging_mixin.py:150} INFO - [2026-09-17T00:58:02.164+0000] {dag.py:2742} INFO - Sync 2 DAGs
[2026-09-17T00:58:02.178+0000] {logging_mixin.py:150} INFO - [2026-09-17T00:58:02.178+0000] {dag.py:3504} INFO - Setting next_dagrun for example_external_task_marker_child to None, run_after=None
[2026-09-17T00:58:02.181+0000] {logging_mixin.py:150} INFO - [2026-09-17T00:58:02.181+0000] {dag.py:3504} INFO - Setting next_dagrun for example_external_task_marker_parent to None, run_after=None
[2026-09-17T00:58:02.200+0000] {processor.py:179} INFO - Processing /home/vscode/.local/lib/python3.10/site-packages/airflow/example_dags/example_external_task_marker_dag.py took 0.060 seconds
[2026-09-17T00:58:19.972+0000] {processor.py:157} INFO - Started process (PID=23509) to work on /home/vscode/.local/lib/python3.10/site-packages/airflow/example_dags/example_external_task_marker_dag.py
[2026-09-17T00:58:19.972+0000] {processor.py:826} INFO - Processing file /home/vscode/.local/lib/python3.10/site-packages/airflow/example_dags/example_external_task_marker_dag.py for tasks to queue
[2026-09-17T00:58:19.973+0000] {logging_mixin.py:150} INFO - [2026-09-17T00:58:19.973+0000] {dagbag.py:541} INFO - Filling up the DagBag from /home/vscode/.local/lib/python3.10/site-packages/airflow/example_dags/example_external_task_marker_dag.py
[2026-09-17T00:58:19.978+0000] {processor.py:836} INFO - DAG(s) dict_keys(['example_external_task_marker_parent', 'example_external_task_marker_child']) retrieved from /home/vscode/.local/lib/python3.10/site-packages/airflow/example_dags/example_external_task_marker_dag.py
[2026-09-17T00:58:19.999+0000] {logging_mixin.py:150} INFO - [2026-09-17T00:58:19.999+0000] {dag.py:2742} INFO - Sync 2 DAGs
[2026-09-17T00:58:20.019+0000] {logging_mixin.py:150} INFO - [2026-09-17T00:58:20.019+0000] {dag.py:3504} INFO - Setting next_dagrun for example_external_task_marker_child to None, run_after=None
[2026-09-17T00:58:20.022+0000] {logging_mixin.py:150} INFO - [2026-09-17T00:58:20.021+0000] {dag.py:3504} INFO - Setting next_dagrun for example_external_task_marker_parent to None, run_after=None
[2026-09-17T00:58:20.046+0000] {processor.py:179} INFO - Processing /home/vscode/.local/lib/python3.10/site-packages/airflow/example_dags/example_external_task_marker_dag.py took 0.077 seconds
[2026-09-17T00:58:52.358+0000] {processor.py:157} INFO - Started process (PID=23890) to work on /home/vscode/.local/lib/python3.10/site-packages/airflow/example_dags/example_external_task_marker_dag.py
[2026-09-17T00:58:52.362+0000] {processor.py:826} INFO - Processing file /home/vscode/.local/lib/python3.10/site-packages/airflow/example_dags/example_external_task_marker_dag.py for tasks to queue
[2026-09-17T00:58:52.367+0000] {logging_mixin.py:150} INFO - [2026-09-17T00:58:52.366+0000] {dagbag.py:541} INFO - Filling up the DagBag from /home/vscode/.local/lib/python3.10/site-packages/airflow/example_dags/example_external_task_marker_dag.py
[2026-09-17T00:58:52.398+0000] {processor.py:836} INFO - DAG(s) dict_keys(['example_external_task_marker_parent', 'example_external_task_marker_child']) retrieved from /home/vscode/.local/lib/python3.10/site-packages/airflow/example_dags/example_external_task_marker_dag.py
[2026-09-17T00:58:52.435+0000] {logging_mixin.py:150} INFO - [2026-09-17T00:58:52.435+0000] {dag.py:2742} INFO - Sync 2 DAGs
[2026-09-17T00:58:52.457+0000] {logging_mixin.py:150} INFO - [2026-09-17T00:58:52.457+0000] {dag.py:3504} INFO - Setting next_dagrun for example_external_task_marker_child to None, run_after=None
[2026-09-17T00:58:52.460+0000] {logging_mixin.py:150} INFO - [2026-09-17T00:58:52.460+0000] {dag.py:3504} INFO - Setting next_dagrun for example_external_task_marker_parent to None, run_after=None
[2026-09-17T00:58:52.478+0000] {processor.py:179} INFO - Processing /home/vscode/.local/lib/python3.10/site-packages/airflow/example_dags/example_external_task_marker_dag.py took 0.139 seconds
[2026-09-17T00:59:07.962+0000] {processor.py:157} INFO - Started process (PID=24087) to work on /home/vscode/.local/lib/python3.10/site-packages/airflow/example_dags/example_external_task_marker_dag.py
[2026-09-17T00:59:07.965+0000] {processor.py:826} INFO - Processing file /home/vscode/.local/lib/python3.10/site-packages/airflow/example_dags/example_external_task_marker_dag.py for tasks to queue
[2026-09-17T00:59:07.966+0000] {logging_mixin.py:150} INFO - [2026-09-17T00:59:07.966+0000] {dagbag.py:541} INFO - Filling up the DagBag from /home/vscode/.local/lib/python3.10/site-packages/airflow/example_dags/example_external_task_marker_dag.py
[2026-09-17T00:59:07.973+0000] {processor.py:836} INFO - DAG(s) dict_keys(['example_external_task_marker_child', 'example_external_task_marker_parent']) retrieved from /home/vscode/.local/lib/python3.10/site-packages/airflow/example_dags/example_external_task_marker_dag.py
[2026-09-17T00:59:08.000+0000] {logging_mixin.py:150} INFO - [2026-09-17T00:59:08.000+0000] {dag.py:2742} INFO - Sync 2 DAGs
[2026-09-17T00:59:08.020+0000] {logging_mixin.py:150} INFO - [2026-09-17T00:59:08.020+0000] {dag.py:3504} INFO - Setting next_dagrun for example_external_task_marker_child to None, run_after=None
[2026-09-17T00:59:08.023+0000] {logging_mixin.py:150} INFO - [2026-09-17T00:59:08.023+0000] {dag.py:3504} INFO - Setting next_dagrun for example_external_task_marker_parent to None, run_after=None
[2026-09-17T00:59:08.040+0000] {processor.py:179} INFO - Processing /home/vscode/.local/lib/python3.10/site-packages/airflow/example_dags/example_external_task_marker_dag.py took 0.082 seconds
[2026-09-17T00:59:48.076+0000] {processor.py:157} INFO - Started process (PID=24591) to work on /home/vscode/.local/lib/python3.10/site-packages/airflow/example_dags/example_external_task_marker_dag.py
[2026-09-17T00:59:48.079+0000] {processor.py:826} INFO - Processing file /home/vscode/.local/lib/python3.10/site-packages/airflow/example_dags/example_external_task_marker_dag.py for tasks to queue
[2026-09-17T00:59:48.083+0000] {logging_mixin.py:150} INFO - [2026-09-17T00:59:48.083+0000] {dagbag.py:541} INFO - Filling up the DagBag from /home/vscode/.local/lib/python3.10/site-packages/airflow/example_dags/example_external_task_marker_dag.py
[2026-09-17T00:59:48.098+0000] {processor.py:836} INFO - DAG(s) dict_keys(['example_external_task_marker_parent', 'example_external_task_marker_child']) retrieved from /home/vscode/.local/lib/python3.10/site-packages/airflow/example_dags/example_external_task_marker_dag.py
[2026-09-17T00:59:48.150+0000] {logging_mixin.py:150} INFO - [2026-09-17T00:59:48.149+0000] {dag.py:2742} INFO - Sync 2 DAGs
[2026-09-17T00:59:48.204+0000] {logging_mixin.py:150} INFO - [2026-09-17T00:59:48.203+0000] {dag.py:3504} INFO - Setting next_dagrun for example_external_task_marker_child to None, run_after=None
[2026-09-17T00:59:48.211+0000] {logging_mixin.py:150} INFO - [2026-09-17T00:59:48.209+0000] {dag.py:3504} INFO - Setting next_dagrun for example_external_task_marker_parent to None, run_after=None
[2026-09-17T00:59:48.253+0000] {processor.py:179} INFO - Processing /home/vscode/.local/lib/python3.10/site-packages/airflow/example_dags/example_external_task_marker_dag.py took 0.185 seconds
[2026-09-17T00:59:59.856+0000] {processor.py:157} INFO - Started process (PID=24797) to work on /home/vscode/.local/lib/python3.10/site-packages/airflow/example_dags/example_external_task_marker_dag.py
[2026-09-17T00:59:59.857+0000] {processor.py:826} INFO - Processing file /home/vscode/.local/lib/python3.10/site-packages/airflow/example_dags/example_external_task_marker_dag.py for tasks to queue
[2026-09-17T00:59:59.858+0000] {logging_mixin.py:150} INFO - [2026-09-17T00:59:59.857+0000] {dagbag.py:541} INFO - Filling up the DagBag from /home/vscode/.local/lib/python3.10/site-packages/airflow/example_dags/example_external_task_marker_dag.py
[2026-09-17T00:59:59.864+0000] {processor.py:836} INFO - DAG(s) dict_keys(['example_external_task_marker_parent', 'example_external_task_marker_child']) retrieved from /home/vscode/.local/lib/python3.10/site-packages/airflow/example_dags/example_external_task_marker_dag.py
[2026-09-17T00:59:59.879+0000] {logging_mixin.py:150} INFO - [2026-09-17T00:59:59.879+0000] {dag.py:2742} INFO - Sync 2 DAGs
[2026-09-17T00:59:59.910+0000] {logging_mixin.py:150} INFO - [2026-09-17T00:59:59.910+0000] {dag.py:3504} INFO - Setting next_dagrun for example_external_task_marker_child to None, run_after=None
[2026-09-17T00:59:59.913+0000] {logging_mixin.py:150} INFO - [2026-09-17T00:59:59.913+0000] {dag.py:3504} INFO - Setting next_dagrun for example_external_task_marker_parent to None, run_after=None
[2026-09-17T00:59:59.933+0000] {processor.py:179} INFO - Processing /home/vscode/.local/lib/python3.10/site-packages/airflow/example_dags/example_external_task_marker_dag.py took 0.081 seconds
[2026-09-17T01:00:39.762+0000] {processor.py:157} INFO - Started process (PID=25306) to work on /home/vscode/.local/lib/python3.10/site-packages/airflow/example_dags/example_external_task_marker_dag.py
[2026-09-17T01:00:39.763+0000] {processor.py:826} INFO - Processing file /home/vscode/.local/lib/python3.10/site-packages/airflow/example_dags/example_external_task_marker_dag.py for tasks to queue
[2026-09-17T01:00:39.764+0000] {logging_mixin.py:150} INFO - [2026-09-17T01:00:39.764+0000] {dagbag.py:541} INFO - Filling up the DagBag from /home/vscode/.local/lib/python3.10/site-packages/airflow/example_dags/example_external_task_marker_dag.py
[2026-09-17T01:00:39.768+0000] {processor.py:836} INFO - DAG(s) dict_keys(['example_external_task_marker_parent', 'example_external_task_marker_child']) retrieved from /home/vscode/.local/lib/python3.10/site-packages/airflow/example_dags/example_external_task_marker_dag.py
[2026-09-17T01:00:39.785+0000] {logging_mixin.py:150} INFO - [2026-09-17T01:00:39.785+0000] {dag.py:2742} INFO - Sync 2 DAGs
[2026-09-17T01:00:39.803+0000] {logging_mixin.py:150} INFO - [2026-09-17T01:00:39.803+0000] {dag.py:3504} INFO - Setting next_dagrun for example_external_task_marker_child to None, run_after=None
[2026-09-17T01:00:39.805+0000] {logging_mixin.py:150} INFO - [2026-09-17T01:00:39.805+0000] {dag.py:3504} INFO - Setting next_dagrun for example_external_task_marker_parent to None, run_after=None
[2026-09-17T01:00:39.820+0000] {processor.py:179} INFO - Processing /home/vscode/.local/lib/python3.10/site-packages/airflow/example_dags/example_external_task_marker_dag.py took 0.060 seconds
[2026-09-17T01:00:53.901+0000] {processor.py:157} INFO - Started process (PID=25447) to work on /home/vscode/.local/lib/python3.10/site-packages/airflow/example_dags/example_external_task_marker_dag.py
[2026-09-17T01:00:53.901+0000] {processor.py:826} INFO - Processing file /home/vscode/.local/lib/python3.10/site-packages/airflow/example_dags/example_external_task_marker_dag.py for tasks to queue
[2026-09-17T01:00:53.902+0000] {logging_mixin.py:150} INFO - [2026-09-17T01:00:53.902+0000] {dagbag.py:541} INFO - Filling up the DagBag from /home/vscode/.local/lib/python3.10/site-packages/airflow/example_dags/example_external_task_marker_dag.py
[2026-09-17T01:00:53.907+0000] {processor.py:836} INFO - DAG(s) dict_keys(['example_external_task_marker_parent', 'example_external_task_marker_child']) retrieved from /home/vscode/.local/lib/python3.10/site-packages/airflow/example_dags/example_external_task_marker_dag.py
[2026-09-17T01:00:53.922+0000] {logging_mixin.py:150} INFO - [2026-09-17T01:00:53.922+0000] {dag.py:2742} INFO - Sync 2 DAGs
[2026-09-17T01:00:53.936+0000] {logging_mixin.py:150} INFO - [2026-09-17T01:00:53.936+0000] {dag.py:3504} INFO - Setting next_dagrun for example_external_task_marker_child to None, run_after=None
[2026-09-17T01:00:53.939+0000] {logging_mixin.py:150} INFO - [2026-09-17T01:00:53.938+0000] {dag.py:3504} INFO - Setting next_dagrun for example_external_task_marker_parent to None, run_after=None
[2026-09-17T01:00:53.954+0000] {processor.py:179} INFO - Processing /home/vscode/.local/lib/python3.10/site-packages/airflow/example_dags/example_external_task_marker_dag.py took 0.056 seconds
[2026-09-17T01:01:28.751+0000] {processor.py:157} INFO - Started process (PID=25752) to work on /home/vscode/.local/lib/python3.10/site-packages/airflow/example_dags/example_external_task_marker_dag.py
[2026-09-17T01:01:28.753+0000] {processor.py:826} INFO - Processing file /home/vscode/.local/lib/python3.10/site-packages/airflow/example_dags/example_external_task_marker_dag.py for tasks to queue
[2026-09-17T01:01:28.754+0000] {logging_mixin.py:150} INFO - [2026-09-17T01:01:28.753+0000] {dagbag.py:541} INFO - Filling up the DagBag from /home/vscode/.local/lib/python3.10/site-packages/airflow/example_dags/example_external_task_marker_dag.py
[2026-09-17T01:01:28.759+0000] {processor.py:836} INFO - DAG(s) dict_keys(['example_external_task_marker_parent', 'example_external_task_marker_child']) retrieved from /home/vscode/.local/lib/python3.10/site-packages/airflow/example_dags/example_external_task_marker_dag.py
[2026-09-17T01:01:28.773+0000] {logging_mixin.py:150} INFO - [2026-09-17T01:01:28.773+0000] {dag.py:2742} INFO - Sync 2 DAGs
[2026-09-17T01:01:28.790+0000] {logging_mixin.py:150} INFO - [2026-09-17T01:01:28.790+0000] {dag.py:3504} INFO - Setting next_dagrun for example_external_task_marker_child to None, run_after=None
[2026-09-17T01:01:28.794+0000] {logging_mixin.py:150} INFO - [2026-09-17T01:01:28.794+0000] {dag.py:3504} INFO - Setting next_dagrun for example_external_task_marker_parent to None, run_after=None
[2026-09-17T01:01:28.811+0000] {processor.py:179} INFO - Processing /home/vscode/.local/lib/python3.10/site-packages/airflow/example_dags/example_external_task_marker_dag.py took 0.063 seconds
[2026-09-17T01:01:45.469+0000] {processor.py:157} INFO - Started process (PID=25880) to work on /home/vscode/.local/lib/python3.10/site-packages/airflow/example_dags/example_external_task_marker_dag.py
[2026-09-17T01:01:45.470+0000] {processor.py:826} INFO - Processing file /home/vscode/.local/lib/python3.10/site-packages/airflow/example_dags/example_external_task_marker_dag.py for tasks to queue
[2026-09-17T01:01:45.471+0000] {logging_mixin.py:150} INFO - [2026-09-17T01:01:45.470+0000] {dagbag.py:541} INFO - Filling up the DagBag from /home/vscode/.local/lib/python3.10/site-packages/airflow/example_dags/example_external_task_marker_dag.py
[2026-09-17T01:01:45.475+0000] {processor.py:836} INFO - DAG(s) dict_keys(['example_external_task_marker_parent', 'example_external_task_marker_child']) retrieved from /home/vscode/.local/lib/python3.10/site-packages/airflow/example_dags/example_external_task_marker_dag.py
[2026-09-17T01:01:45.495+0000] {logging_mixin.py:150} INFO - [2026-09-17T01:01:45.494+0000] {dag.py:2742} INFO - Sync 2 DAGs
[2026-09-17T01:01:45.511+0000] {logging_mixin.py:150} INFO - [2026-09-17T01:01:45.511+0000] {dag.py:3504} INFO - Setting next_dagrun for example_external_task_marker_child to None, run_after=None
[2026-09-17T01:01:45.513+0000] {logging_mixin.py:150} INFO - [2026-09-17T01:01:45.513+0000] {dag.py:3504} INFO - Setting next_dagrun for example_external_task_marker_parent to None, run_after=None
[2026-09-17T01:01:45.527+0000] {processor.py:179} INFO - Processing /home/vscode/.local/lib/python3.10/site-packages/airflow/example_dags/example_external_task_marker_dag.py took 0.061 seconds
[2026-09-17T01:02:14.267+0000] {processor.py:157} INFO - Started process (PID=26127) to work on /home/vscode/.local/lib/python3.10/site-packages/airflow/example_dags/example_external_task_marker_dag.py
[2026-09-17T01:02:14.268+0000] {processor.py:826} INFO - Processing file /home/vscode/.local/lib/python3.10/site-packages/airflow/example_dags/example_external_task_marker_dag.py for tasks to queue
[2026-09-17T01:02:14.269+0000] {logging_mixin.py:150} INFO - [2026-09-17T01:02:14.268+0000] {dagbag.py:541} INFO - Filling up the DagBag from /home/vscode/.local/lib/python3.10/site-packages/airflow/example_dags/example_external_task_marker_dag.py
[2026-09-17T01:02:14.273+0000] {processor.py:836} INFO - DAG(s) dict_keys(['example_external_task_marker_child', 'example_external_task_marker_parent']) retrieved from /home/vscode/.local/lib/python3.10/site-packages/airflow/example_dags/example_external_task_marker_dag.py
[2026-09-17T01:02:14.292+0000] {logging_mixin.py:150} INFO - [2026-09-17T01:02:14.292+0000] {dag.py:2742} INFO - Sync 2 DAGs
[2026-09-17T01:02:14.310+0000] {logging_mixin.py:150} INFO - [2026-09-17T01:02:14.310+0000] {dag.py:3504} INFO - Setting next_dagrun for example_external_task_marker_child to None, run_after=None
[2026-09-17T01:02:14.313+0000] {logging_mixin.py:150} INFO - [2026-09-17T01:02:14.312+0000] {dag.py:3504} INFO - Setting next_dagrun for example_external_task_marker_parent to None, run_after=None
[2026-09-17T01:02:14.329+0000] {processor.py:179} INFO - Processing /home/vscode/.local/lib/python3.10/site-packages/airflow/example_dags/example_external_task_marker_dag.py took 0.064 seconds
[2026-09-17T01:02:38.295+0000] {processor.py:157} INFO - Started process (PID=26326) to work on /home/vscode/.local/lib/python3.10/site-packages/airflow/example_dags/example_external_task_marker_dag.py
[2026-09-17T01:02:38.296+0000] {processor.py:826} INFO - Processing file /home/vscode/.local/lib/python3.10/site-packages/airflow/example_dags/example_external_task_marker_dag.py for tasks to queue
[2026-09-17T01:02:38.297+0000] {logging_mixin.py:150} INFO - [2026-09-17T01:02:38.297+0000] {dagbag.py:541} INFO - Filling up the DagBag from /home/vscode/.local/lib/python3.10/site-packages/airflow/example_dags/example_external_task_marker_dag.py
[2026-09-17T01:02:38.302+0000] {processor.py:836} INFO - DAG(s) dict_keys(['example_external_task_marker_child', 'example_external_task_marker_parent']) retrieved from /home/vscode/.local/lib/python3.10/site-packages/airflow/example_dags/example_external_task_marker_dag.py
[2026-09-17T01:02:38.324+0000] {logging_mixin.py:150} INFO - [2026-09-17T01:02:38.324+0000] {dag.py:2742} INFO - Sync 2 DAGs
[2026-09-17T01:02:38.339+0000] {logging_mixin.py:150} INFO - [2026-09-17T01:02:38.339+0000] {dag.py:3504} INFO - Setting next_dagrun for example_external_task_marker_child to None, run_after=None
[2026-09-17T01:02:38.343+0000] {logging_mixin.py:150} INFO - [2026-09-17T01:02:38.343+0000] {dag.py:3504} INFO - Setting next_dagrun for example_external_task_marker_parent to None, run_after=None
[2026-09-17T01:02:38.358+0000] {processor.py:179} INFO - Processing /home/vscode/.local/lib/python3.10/site-packages/airflow/example_dags/example_external_task_marker_dag.py took 0.065 seconds
[2026-09-17T01:02:59.571+0000] {processor.py:157} INFO - Started process (PID=26507) to work on /home/vscode/.local/lib/python3.10/site-packages/airflow/example_dags/example_external_task_marker_dag.py
[2026-09-17T01:02:59.575+0000] {processor.py:826} INFO - Processing file /home/vscode/.local/lib/python3.10/site-packages/airflow/example_dags/example_external_task_marker_dag.py for tasks to queue
[2026-09-17T01:02:59.575+0000] {logging_mixin.py:150} INFO - [2026-09-17T01:02:59.575+0000] {dagbag.py:541} INFO - Filling up the DagBag from /home/vscode/.local/lib/python3.10/site-packages/airflow/example_dags/example_external_task_marker_dag.py
[2026-09-17T01:02:59.582+0000] {processor.py:836} INFO - DAG(s) dict_keys(['example_external_task_marker_parent', 'example_external_task_marker_child']) retrieved from /home/vscode/.local/lib/python3.10/site-packages/airflow/example_dags/example_external_task_marker_dag.py
[2026-09-17T01:02:59.602+0000] {logging_mixin.py:150} INFO - [2026-09-17T01:02:59.602+0000] {dag.py:2742} INFO - Sync 2 DAGs
[2026-09-17T01:02:59.617+0000] {logging_mixin.py:150} INFO - [2026-09-17T01:02:59.617+0000] {dag.py:3504} INFO - Setting next_dagrun for example_external_task_marker_child to None, run_after=None
[2026-09-17T01:02:59.620+0000] {logging_mixin.py:150} INFO - [2026-09-17T01:02:59.620+0000] {dag.py:3504} INFO - Setting next_dagrun for example_external_task_marker_parent to None, run_after=None
[2026-09-17T01:02:59.637+0000] {processor.py:179} INFO - Processing /home/vscode/.local/lib/python3.10/site-packages/airflow/example_dags/example_external_task_marker_dag.py took 0.070 seconds
[2026-09-17T01:03:31.439+0000] {processor.py:157} INFO - Started process (PID=26785) to work on /home/vscode/.local/lib/python3.10/site-packages/airflow/example_dags/example_external_task_marker_dag.py
[2026-09-17T01:03:31.440+0000] {processor.py:826} INFO - Processing file /home/vscode/.local/lib/python3.10/site-packages/airflow/example_dags/example_external_task_marker_dag.py for tasks to queue
[2026-09-17T01:03:31.441+0000] {logging_mixin.py:150} INFO - [2026-09-17T01:03:31.440+0000] {dagbag.py:541} INFO - Filling up the DagBag from /home/vscode/.local/lib/python3.10/site-packages/airflow/example_dags/example_external_task_marker_dag.py
[2026-09-17T01:03:31.445+0000] {processor.py:836} INFO - DAG(s) dict_keys(['example_external_task_marker_parent', 'example_external_task_marker_child']) retrieved from /home/vscode/.local/lib/python3.10/site-packages/airflow/example_dags/example_external_task_marker_dag.py
[2026-09-17T01:03:31.460+0000] {logging_mixin.py:150} INFO - [2026-09-17T01:03:31.460+0000] {dag.py:2742} INFO - Sync 2 DAGs
[2026-09-17T01:03:31.474+0000] {logging_mixin.py:150} INFO - [2026-09-17T01:03:31.474+0000] {dag.py:3504} INFO - Setting next_dagrun for example_external_task_marker_child to None, run_after=None
[2026-09-17T01:03:31.476+0000] {logging_mixin.py:150} INFO - [2026-09-17T01:03:31.476+0000] {dag.py:3504} INFO - Setting next_dagrun for example_external_task_marker_parent to None, run_after=None
[2026-09-17T01:03:31.491+0000] {processor.py:179} INFO - Processing /home/vscode/.local/lib/python3.10/site-packages/airflow/example_dags/example_external_task_marker_dag.py took 0.054 seconds
[2026-09-17T01:03:48.007+0000] {processor.py:157} INFO - Started process (PID=26927) to work on /home/vscode/.local/lib/python3.10/site-packages/airflow/example_dags/example_external_task_marker_dag.py
[2026-09-17T01:03:48.008+0000] {processor.py:826} INFO - Processing file /home/vscode/.local/lib/python3.10/site-packages/airflow/example_dags/example_external_task_marker_dag.py for tasks to queue
[2026-09-17T01:03:48.008+0000] {logging_mixin.py:150} INFO - [2026-09-17T01:03:48.008+0000] {dagbag.py:541} INFO - Filling up the DagBag from /home/vscode/.local/lib/python3.10/site-packages/airflow/example_dags/example_external_task_marker_dag.py
[2026-09-17T01:03:48.013+0000] {processor.py:836} INFO - DAG(s) dict_keys(['example_external_task_marker_child', 'example_external_task_marker_parent']) retrieved from /home/vscode/.local/lib/python3.10/site-packages/airflow/example_dags/example_external_task_marker_dag.py
[2026-09-17T01:03:48.029+0000] {logging_mixin.py:150} INFO - [2026-09-17T01:03:48.029+0000] {dag.py:2742} INFO - Sync 2 DAGs
[2026-09-17T01:03:48.048+0000] {logging_mixin.py:150} INFO - [2026-09-17T01:03:48.048+0000] {dag.py:3504} INFO - Setting next_dagrun for example_external_task_marker_child to None, run_after=None
[2026-09-17T01:03:48.051+0000] {logging_mixin.py:150} INFO - [2026-09-17T01:03:48.050+0000] {dag.py:3504} INFO - Setting next_dagrun for example_external_task_marker_parent to None, run_after=None
[2026-09-17T01:03:48.071+0000] {processor.py:179} INFO - Processing /home/vscode/.local/lib/python3.10/site-packages/airflow/example_dags/example_external_task_marker_dag.py took 0.066 seconds
[2026-09-17T01:04:20.849+0000] {processor.py:157} INFO - Started process (PID=27203) to work on /home/vscode/.local/lib/python3.10/site-packages/airflow/example_dags/example_external_task_marker_dag.py
[2026-09-17T01:04:20.851+0000] {processor.py:826} INFO - Processing file /home/vscode/.local/lib/python3.10/site-packages/airflow/example_dags/example_external_task_marker_dag.py for tasks to queue
[2026-09-17T01:04:20.851+0000] {logging_mixin.py:150} INFO - [2026-09-17T01:04:20.851+0000] {dagbag.py:541} INFO - Filling up the DagBag from /home/vscode/.local/lib/python3.10/site-packages/airflow/example_dags/example_external_task_marker_dag.py
[2026-09-17T01:04:20.858+0000] {processor.py:836} INFO - DAG(s) dict_keys(['example_external_task_marker_parent', 'example_external_task_marker_child']) retrieved from /home/vscode/.local/lib/python3.10/site-packages/airflow/example_dags/example_external_task_marker_dag.py
[2026-09-17T01:04:20.882+0000] {logging_mixin.py:150} INFO - [2026-09-17T01:04:20.882+0000] {dag.py:2742} INFO - Sync 2 DAGs
[2026-09-17T01:04:20.901+0000] {logging_mixin.py:150} INFO - [2026-09-17T01:04:20.901+0000] {dag.py:3504} INFO - Setting next_dagrun for example_external_task_marker_child to None, run_after=None
[2026-09-17T01:04:20.905+0000] {logging_mixin.py:150} INFO - [2026-09-17T01:04:20.905+0000] {dag.py:3504} INFO - Setting next_dagrun for example_external_task_marker_parent to None, run_after=None
[2026-09-17T01:04:20.924+0000] {processor.py:179} INFO - Processing /home/vscode/.local/lib/python3.10/site-packages/airflow/example_dags/example_external_task_marker_dag.py took 0.078 seconds
[2026-09-17T01:04:41.879+0000] {processor.py:157} INFO - Started process (PID=27371) to work on /home/vscode/.local/lib/python3.10/site-packages/airflow/example_dags/example_external_task_marker_dag.py
[2026-09-17T01:04:41.880+0000] {processor.py:826} INFO - Processing file /home/vscode/.local/lib/python3.10/site-packages/airflow/example_dags/example_external_task_marker_dag.py for tasks to queue
[2026-09-17T01:04:41.881+0000] {logging_mixin.py:150} INFO - [2026-09-17T01:04:41.880+0000] {dagbag.py:541} INFO - Filling up the DagBag from /home/vscode/.local/lib/python3.10/site-packages/airflow/example_dags/example_external_task_marker_dag.py
[2026-09-17T01:04:41.887+0000] {processor.py:836} INFO - DAG(s) dict_keys(['example_external_task_marker_parent', 'example_external_task_marker_child']) retrieved from /home/vscode/.local/lib/python3.10/site-packages/airflow/example_dags/example_external_task_marker_dag.py
[2026-09-17T01:04:41.906+0000] {logging_mixin.py:150} INFO - [2026-09-17T01:04:41.906+0000] {dag.py:2742} INFO - Sync 2 DAGs
[2026-09-17T01:04:41.922+0000] {logging_mixin.py:150} INFO - [2026-09-17T01:04:41.921+0000] {dag.py:3504} INFO - Setting next_dagrun for example_external_task_marker_child to None, run_after=None
[2026-09-17T01:04:41.924+0000] {logging_mixin.py:150} INFO - [2026-09-17T01:04:41.924+0000] {dag.py:3504} INFO - Setting next_dagrun for example_external_task_marker_parent to None, run_after=None
[2026-09-17T01:04:41.944+0000] {processor.py:179} INFO - Processing /home/vscode/.local/lib/python3.10/site-packages/airflow/example_dags/example_external_task_marker_dag.py took 0.067 seconds
[2026-09-17T01:05:09.247+0000] {processor.py:157} INFO - Started process (PID=27608) to work on /home/vscode/.local/lib/python3.10/site-packages/airflow/example_dags/example_external_task_marker_dag.py
[2026-09-17T01:05:09.248+0000] {processor.py:826} INFO - Processing file /home/vscode/.local/lib/python3.10/site-packages/airflow/example_dags/example_external_task_marker_dag.py for tasks to queue
[2026-09-17T01:05:09.249+0000] {logging_mixin.py:150} INFO - [2026-09-17T01:05:09.249+0000] {dagbag.py:541} INFO - Filling up the DagBag from /home/vscode/.local/lib/python3.10/site-packages/airflow/example_dags/example_external_task_marker_dag.py
[2026-09-17T01:05:09.254+0000] {processor.py:836} INFO - DAG(s) dict_keys(['example_external_task_marker_parent', 'example_external_task_marker_child']) retrieved from /home/vscode/.local/lib/python3.10/site-packages/airflow/example_dags/example_external_task_marker_dag.py
[2026-09-17T01:05:09.271+0000] {logging_mixin.py:150} INFO - [2026-09-17T01:05:09.271+0000] {dag.py:2742} INFO - Sync 2 DAGs
[2026-09-17T01:05:09.286+0000] {logging_mixin.py:150} INFO - [2026-09-17T01:05:09.286+0000] {dag.py:3504} INFO - Setting next_dagrun for example_external_task_marker_child to None, run_after=None
[2026-09-17T01:05:09.289+0000] {logging_mixin.py:150} INFO - [2026-09-17T01:05:09.289+0000] {dag.py:3504} INFO - Setting next_dagrun for example_external_task_marker_parent to None, run_after=None
[2026-09-17T01:05:09.307+0000] {processor.py:179} INFO - Processing /home/vscode/.local/lib/python3.10/site-packages/airflow/example_dags/example_external_task_marker_dag.py took 0.063 seconds
[2026-09-17T01:05:30.142+0000] {processor.py:157} INFO - Started process (PID=27784) to work on /home/vscode/.local/lib/python3.10/site-packages/airflow/example_dags/example_external_task_marker_dag.py
[2026-09-17T01:05:30.143+0000] {processor.py:826} INFO - Processing file /home/vscode/.local/lib/python3.10/site-packages/airflow/example_dags/example_external_task_marker_dag.py for tasks to queue
[2026-09-17T01:05:30.143+0000] {logging_mixin.py:150} INFO - [2026-09-17T01:05:30.143+0000] {dagbag.py:541} INFO - Filling up the DagBag from /home/vscode/.local/lib/python3.10/site-packages/airflow/example_dags/example_external_task_marker_dag.py
[2026-09-17T01:05:30.148+0000] {processor.py:836} INFO - DAG(s) dict_keys(['example_external_task_marker_child', 'example_external_task_marker_parent']) retrieved from /home/vscode/.local/lib/python3.10/site-packages/airflow/example_dags/example_external_task_marker_dag.py
[2026-09-17T01:05:30.163+0000] {logging_mixin.py:150} INFO - [2026-09-17T01:05:30.163+0000] {dag.py:2742} INFO - Sync 2 DAGs
[2026-09-17T01:05:30.177+0000] {logging_mixin.py:150} INFO - [2026-09-17T01:05:30.177+0000] {dag.py:3504} INFO - Setting next_dagrun for example_external_task_marker_child to None, run_after=None
[2026-09-17T01:05:30.180+0000] {logging_mixin.py:150} INFO - [2026-09-17T01:05:30.179+0000] {dag.py:3504} INFO - Setting next_dagrun for example_external_task_marker_parent to None, run_after=None
[2026-09-17T01:05:30.202+0000] {processor.py:179} INFO - Processing /home/vscode/.local/lib/python3.10/site-packages/airflow/example_dags/example_external_task_marker_dag.py took 0.063 seconds
[2026-09-17T01:05:57.821+0000] {processor.py:157} INFO - Started process (PID=28057) to work on /home/vscode/.local/lib/python3.10/site-packages/airflow/example_dags/example_external_task_marker_dag.py
[2026-09-17T01:05:57.822+0000] {processor.py:826} INFO - Processing file /home/vscode/.local/lib/python3.10/site-packages/airflow/example_dags/example_external_task_marker_dag.py for tasks to queue
[2026-09-17T01:05:57.823+0000] {logging_mixin.py:150} INFO - [2026-09-17T01:05:57.823+0000] {dagbag.py:541} INFO - Filling up the DagBag from /home/vscode/.local/lib/python3.10/site-packages/airflow/example_dags/example_external_task_marker_dag.py
[2026-09-17T01:05:57.830+0000] {processor.py:836} INFO - DAG(s) dict_keys(['example_external_task_marker_parent', 'example_external_task_marker_child']) retrieved from /home/vscode/.local/lib/python3.10/site-packages/airflow/example_dags/example_external_task_marker_dag.py
[2026-09-17T01:05:57.853+0000] {logging_mixin.py:150} INFO - [2026-09-17T01:05:57.853+0000] {dag.py:2742} INFO - Sync 2 DAGs
[2026-09-17T01:05:57.880+0000] {logging_mixin.py:150} INFO - [2026-09-17T01:05:57.880+0000] {dag.py:3504} INFO - Setting next_dagrun for example_external_task_marker_child to None, run_after=None
[2026-09-17T01:05:57.888+0000] {logging_mixin.py:150} INFO - [2026-09-17T01:05:57.888+0000] {dag.py:3504} INFO - Setting next_dagrun for example_external_task_marker_parent to None, run_after=None
[2026-09-17T01:05:57.941+0000] {processor.py:179} INFO - Processing /home/vscode/.local/lib/python3.10/site-packages/airflow/example_dags/example_external_task_marker_dag.py took 0.124 seconds
[2026-09-17T01:06:19.882+0000] {processor.py:157} INFO - Started process (PID=28240) to work on /home/vscode/.local/lib/python3.10/site-packages/airflow/example_dags/example_external_task_marker_dag.py
[2026-09-17T01:06:19.883+0000] {processor.py:826} INFO - Processing file /home/vscode/.local/lib/python3.10/site-packages/airflow/example_dags/example_external_task_marker_dag.py for tasks to queue
[2026-09-17T01:06:19.884+0000] {logging_mixin.py:150} INFO - [2026-09-17T01:06:19.883+0000] {dagbag.py:541} INFO - Filling up the DagBag from /home/vscode/.local/lib/python3.10/site-packages/airflow/example_dags/example_external_task_marker_dag.py
[2026-09-17T01:06:19.890+0000] {processor.py:836} INFO - DAG(s) dict_keys(['example_external_task_marker_child', 'example_external_task_marker_parent']) retrieved from /home/vscode/.local/lib/python3.10/site-packages/airflow/example_dags/example_external_task_marker_dag.py
[2026-09-17T01:06:19.920+0000] {logging_mixin.py:150} INFO - [2026-09-17T01:06:19.919+0000] {dag.py:2742} INFO - Sync 2 DAGs
[2026-09-17T01:06:19.945+0000] {logging_mixin.py:150} INFO - [2026-09-17T01:06:19.945+0000] {dag.py:3504} INFO - Setting next_dagrun for example_external_task_marker_child to None, run_after=None
[2026-09-17T01:06:19.949+0000] {logging_mixin.py:150} INFO - [2026-09-17T01:06:19.949+0000] {dag.py:3504} INFO - Setting next_dagrun for example_external_task_marker_parent to None, run_after=None
[2026-09-17T01:06:19.975+0000] {processor.py:179} INFO - Processing /home/vscode/.local/lib/python3.10/site-packages/airflow/example_dags/example_external_task_marker_dag.py took 0.097 seconds
[2026-09-17T01:06:49.055+0000] {processor.py:157} INFO - Started process (PID=28486) to work on /home/vscode/.local/lib/python3.10/site-packages/airflow/example_dags/example_external_task_marker_dag.py
[2026-09-17T01:06:49.055+0000] {processor.py:826} INFO - Processing file /home/vscode/.local/lib/python3.10/site-packages/airflow/example_dags/example_external_task_marker_dag.py for tasks to queue
[2026-09-17T01:06:49.056+0000] {logging_mixin.py:150} INFO - [2026-09-17T01:06:49.056+0000] {dagbag.py:541} INFO - Filling up the DagBag from /home/vscode/.local/lib/python3.10/site-packages/airflow/example_dags/example_external_task_marker_dag.py
[2026-09-17T01:06:49.061+0000] {processor.py:836} INFO - DAG(s) dict_keys(['example_external_task_marker_parent', 'example_external_task_marker_child']) retrieved from /home/vscode/.local/lib/python3.10/site-packages/airflow/example_dags/example_external_task_marker_dag.py
[2026-09-17T01:06:49.076+0000] {logging_mixin.py:150} INFO - [2026-09-17T01:06:49.076+0000] {dag.py:2742} INFO - Sync 2 DAGs
[2026-09-17T01:06:49.092+0000] {logging_mixin.py:150} INFO - [2026-09-17T01:06:49.092+0000] {dag.py:3504} INFO - Setting next_dagrun for example_external_task_marker_child to None, run_after=None
[2026-09-17T01:06:49.094+0000] {logging_mixin.py:150} INFO - [2026-09-17T01:06:49.094+0000] {dag.py:3504} INFO - Setting next_dagrun for example_external_task_marker_parent to None, run_after=None
[2026-09-17T01:06:49.109+0000] {processor.py:179} INFO - Processing /home/vscode/.local/lib/python3.10/site-packages/airflow/example_dags/example_external_task_marker_dag.py took 0.057 seconds
[2026-09-17T01:07:09.931+0000] {processor.py:157} INFO - Started process (PID=28668) to work on /home/vscode/.local/lib/python3.10/site-packages/airflow/example_dags/example_external_task_marker_dag.py
[2026-09-17T01:07:09.932+0000] {processor.py:826} INFO - Processing file /home/vscode/.local/lib/python3.10/site-packages/airflow/example_dags/example_external_task_marker_dag.py for tasks to queue
[2026-09-17T01:07:09.932+0000] {logging_mixin.py:150} INFO - [2026-09-17T01:07:09.932+0000] {dagbag.py:541} INFO - Filling up the DagBag from /home/vscode/.local/lib/python3.10/site-packages/airflow/example_dags/example_external_task_marker_dag.py
[2026-09-17T01:07:09.937+0000] {processor.py:836} INFO - DAG(s) dict_keys(['example_external_task_marker_parent', 'example_external_task_marker_child']) retrieved from /home/vscode/.local/lib/python3.10/site-packages/airflow/example_dags/example_external_task_marker_dag.py
[2026-09-17T01:07:09.952+0000] {logging_mixin.py:150} INFO - [2026-09-17T01:07:09.952+0000] {dag.py:2742} INFO - Sync 2 DAGs
[2026-09-17T01:07:09.966+0000] {logging_mixin.py:150} INFO - [2026-09-17T01:07:09.966+0000] {dag.py:3504} INFO - Setting next_dagrun for example_external_task_marker_child to None, run_after=None
[2026-09-17T01:07:09.969+0000] {logging_mixin.py:150} INFO - [2026-09-17T01:07:09.968+0000] {dag.py:3504} INFO - Setting next_dagrun for example_external_task_marker_parent to None, run_after=None
[2026-09-17T01:07:09.983+0000] {processor.py:179} INFO - Processing /home/vscode/.local/lib/python3.10/site-packages/airflow/example_dags/example_external_task_marker_dag.py took 0.054 seconds
[2026-09-17T01:07:36.579+0000] {processor.py:157} INFO - Started process (PID=28891) to work on /home/vscode/.local/lib/python3.10/site-packages/airflow/example_dags/example_external_task_marker_dag.py
[2026-09-17T01:07:36.582+0000] {processor.py:826} INFO - Processing file /home/vscode/.local/lib/python3.10/site-packages/airflow/example_dags/example_external_task_marker_dag.py for tasks to queue
[2026-09-17T01:07:36.583+0000] {logging_mixin.py:150} INFO - [2026-09-17T01:07:36.583+0000] {dagbag.py:541} INFO - Filling up the DagBag from /home/vscode/.local/lib/python3.10/site-packages/airflow/example_dags/example_external_task_marker_dag.py
[2026-09-17T01:07:36.588+0000] {processor.py:836} INFO - DAG(s) dict_keys(['example_external_task_marker_parent', 'example_external_task_marker_child']) retrieved from /home/vscode/.local/lib/python3.10/site-packages/airflow/example_dags/example_external_task_marker_dag.py
[2026-09-17T01:07:36.604+0000] {logging_mixin.py:150} INFO - [2026-09-17T01:07:36.604+0000] {dag.py:2742} INFO - Sync 2 DAGs
[2026-09-17T01:07:36.619+0000] {logging_mixin.py:150} INFO - [2026-09-17T01:07:36.619+0000] {dag.py:3504} INFO - Setting next_dagrun for example_external_task_marker_child to None, run_after=None
[2026-09-17T01:07:36.622+0000] {logging_mixin.py:150} INFO - [2026-09-17T01:07:36.622+0000] {dag.py:3504} INFO - Setting next_dagrun for example_external_task_marker_parent to None, run_after=None
[2026-09-17T01:07:36.644+0000] {processor.py:179} INFO - Processing /home/vscode/.local/lib/python3.10/site-packages/airflow/example_dags/example_external_task_marker_dag.py took 0.069 seconds
[2026-09-17T01:08:01.766+0000] {processor.py:157} INFO - Started process (PID=29101) to work on /home/vscode/.local/lib/python3.10/site-packages/airflow/example_dags/example_external_task_marker_dag.py
[2026-09-17T01:08:01.767+0000] {processor.py:826} INFO - Processing file /home/vscode/.local/lib/python3.10/site-packages/airflow/example_dags/example_external_task_marker_dag.py for tasks to queue
[2026-09-17T01:08:01.768+0000] {logging_mixin.py:150} INFO - [2026-09-17T01:08:01.768+0000] {dagbag.py:541} INFO - Filling up the DagBag from /home/vscode/.local/lib/python3.10/site-packages/airflow/example_dags/example_external_task_marker_dag.py
[2026-09-17T01:08:01.775+0000] {processor.py:836} INFO - DAG(s) dict_keys(['example_external_task_marker_child', 'example_external_task_marker_parent']) retrieved from /home/vscode/.local/lib/python3.10/site-packages/airflow/example_dags/example_external_task_marker_dag.py
[2026-09-17T01:08:01.797+0000] {logging_mixin.py:150} INFO - [2026-09-17T01:08:01.797+0000] {dag.py:2742} INFO - Sync 2 DAGs
[2026-09-17T01:08:01.831+0000] {logging_mixin.py:150} INFO - [2026-09-17T01:08:01.831+0000] {dag.py:3504} INFO - Setting next_dagrun for example_external_task_marker_child to None, run_after=None
[2026-09-17T01:08:01.834+0000] {logging_mixin.py:150} INFO - [2026-09-17T01:08:01.834+0000] {dag.py:3504} INFO - Setting next_dagrun for example_external_task_marker_parent to None, run_after=None
[2026-09-17T01:08:01.858+0000] {processor.py:179} INFO - Processing /home/vscode/.local/lib/python3.10/site-packages/airflow/example_dags/example_external_task_marker_dag.py took 0.095 seconds
[2026-09-17T01:08:27.014+0000] {processor.py:157} INFO - Started process (PID=29323) to work on /home/vscode/.local/lib/python3.10/site-packages/airflow/example_dags/example_external_task_marker_dag.py
[2026-09-17T01:08:27.014+0000] {processor.py:826} INFO - Processing file /home/vscode/.local/lib/python3.10/site-packages/airflow/example_dags/example_external_task_marker_dag.py for tasks to queue
[2026-09-17T01:08:27.015+0000] {logging_mixin.py:150} INFO - [2026-09-17T01:08:27.015+0000] {dagbag.py:541} INFO - Filling up the DagBag from /home/vscode/.local/lib/python3.10/site-packages/airflow/example_dags/example_external_task_marker_dag.py
[2026-09-17T01:08:27.020+0000] {processor.py:836} INFO - DAG(s) dict_keys(['example_external_task_marker_parent', 'example_external_task_marker_child']) retrieved from /home/vscode/.local/lib/python3.10/site-packages/airflow/example_dags/example_external_task_marker_dag.py
[2026-09-17T01:08:27.036+0000] {logging_mixin.py:150} INFO - [2026-09-17T01:08:27.036+0000] {dag.py:2742} INFO - Sync 2 DAGs
[2026-09-17T01:08:27.052+0000] {logging_mixin.py:150} INFO - [2026-09-17T01:08:27.052+0000] {dag.py:3504} INFO - Setting next_dagrun for example_external_task_marker_child to None, run_after=None
[2026-09-17T01:08:27.054+0000] {logging_mixin.py:150} INFO - [2026-09-17T01:08:27.054+0000] {dag.py:3504} INFO - Setting next_dagrun for example_external_task_marker_parent to None, run_after=None
[2026-09-17T01:08:27.068+0000] {processor.py:179} INFO - Processing /home/vscode/.local/lib/python3.10/site-packages/airflow/example_dags/example_external_task_marker_dag.py took 0.058 seconds
[2026-09-17T01:08:47.926+0000] {processor.py:157} INFO - Started process (PID=29499) to work on /home/vscode/.local/lib/python3.10/site-packages/airflow/example_dags/example_external_task_marker_dag.py
[2026-09-17T01:08:47.927+0000] {processor.py:826} INFO - Processing file /home/vscode/.local/lib/python3.10/site-packages/airflow/example_dags/example_external_task_marker_dag.py for tasks to queue
[2026-09-17T01:08:47.928+0000] {logging_mixin.py:150} INFO - [2026-09-17T01:08:47.927+0000] {dagbag.py:541} INFO - Filling up the DagBag from /home/vscode/.local/lib/python3.10/site-packages/airflow/example_dags/example_external_task_marker_dag.py
[2026-09-17T01:08:47.933+0000] {processor.py:836} INFO - DAG(s) dict_keys(['example_external_task_marker_parent', 'example_external_task_marker_child']) retrieved from /home/vscode/.local/lib/python3.10/site-packages/airflow/example_dags/example_external_task_marker_dag.py
[2026-09-17T01:08:47.952+0000] {logging_mixin.py:150} INFO - [2026-09-17T01:08:47.952+0000] {dag.py:2742} INFO - Sync 2 DAGs
[2026-09-17T01:08:47.974+0000] {logging_mixin.py:150} INFO - [2026-09-17T01:08:47.974+0000] {dag.py:3504} INFO - Setting next_dagrun for example_external_task_marker_child to None, run_after=None
[2026-09-17T01:08:47.977+0000] {logging_mixin.py:150} INFO - [2026-09-17T01:08:47.977+0000] {dag.py:3504} INFO - Setting next_dagrun for example_external_task_marker_parent to None, run_after=None
[2026-09-17T01:08:48.008+0000] {processor.py:179} INFO - Processing /home/vscode/.local/lib/python3.10/site-packages/airflow/example_dags/example_external_task_marker_dag.py took 0.084 seconds
[2026-09-17T01:09:16.186+0000] {processor.py:157} INFO - Started process (PID=29744) to work on /home/vscode/.local/lib/python3.10/site-packages/airflow/example_dags/example_external_task_marker_dag.py
[2026-09-17T01:09:16.187+0000] {processor.py:826} INFO - Processing file /home/vscode/.local/lib/python3.10/site-packages/airflow/example_dags/example_external_task_marker_dag.py for tasks to queue
[2026-09-17T01:09:16.188+0000] {logging_mixin.py:150} INFO - [2026-09-17T01:09:16.187+0000] {dagbag.py:541} INFO - Filling up the DagBag from /home/vscode/.local/lib/python3.10/site-packages/airflow/example_dags/example_external_task_marker_dag.py
[2026-09-17T01:09:16.193+0000] {processor.py:836} INFO - DAG(s) dict_keys(['example_external_task_marker_child', 'example_external_task_marker_parent']) retrieved from /home/vscode/.local/lib/python3.10/site-packages/airflow/example_dags/example_external_task_marker_dag.py
[2026-09-17T01:09:16.211+0000] {logging_mixin.py:150} INFO - [2026-09-17T01:09:16.211+0000] {dag.py:2742} INFO - Sync 2 DAGs
[2026-09-17T01:09:16.226+0000] {logging_mixin.py:150} INFO - [2026-09-17T01:09:16.226+0000] {dag.py:3504} INFO - Setting next_dagrun for example_external_task_marker_child to None, run_after=None
[2026-09-17T01:09:16.228+0000] {logging_mixin.py:150} INFO - [2026-09-17T01:09:16.228+0000] {dag.py:3504} INFO - Setting next_dagrun for example_external_task_marker_parent to None, run_after=None
[2026-09-17T01:09:16.245+0000] {processor.py:179} INFO - Processing /home/vscode/.local/lib/python3.10/site-packages/airflow/example_dags/example_external_task_marker_dag.py took 0.064 seconds
[2026-09-17T01:09:36.635+0000] {processor.py:157} INFO - Started process (PID=29914) to work on /home/vscode/.local/lib/python3.10/site-packages/airflow/example_dags/example_external_task_marker_dag.py
[2026-09-17T01:09:36.636+0000] {processor.py:826} INFO - Processing file /home/vscode/.local/lib/python3.10/site-packages/airflow/example_dags/example_external_task_marker_dag.py for tasks to queue
[2026-09-17T01:09:36.637+0000] {logging_mixin.py:150} INFO - [2026-09-17T01:09:36.636+0000] {dagbag.py:541} INFO - Filling up the DagBag from /home/vscode/.local/lib/python3.10/site-packages/airflow/example_dags/example_external_task_marker_dag.py
[2026-09-17T01:09:36.643+0000] {processor.py:836} INFO - DAG(s) dict_keys(['example_external_task_marker_parent', 'example_external_task_marker_child']) retrieved from /home/vscode/.local/lib/python3.10/site-packages/airflow/example_dags/example_external_task_marker_dag.py
[2026-09-17T01:09:36.667+0000] {logging_mixin.py:150} INFO - [2026-09-17T01:09:36.667+0000] {dag.py:2742} INFO - Sync 2 DAGs
[2026-09-17T01:09:36.684+0000] {logging_mixin.py:150} INFO - [2026-09-17T01:09:36.684+0000] {dag.py:3504} INFO - Setting next_dagrun for example_external_task_marker_child to None, run_after=None
[2026-09-17T01:09:36.686+0000] {logging_mixin.py:150} INFO - [2026-09-17T01:09:36.686+0000] {dag.py:3504} INFO - Setting next_dagrun for example_external_task_marker_parent to None, run_after=None
[2026-09-17T01:09:36.703+0000] {processor.py:179} INFO - Processing /home/vscode/.local/lib/python3.10/site-packages/airflow/example_dags/example_external_task_marker_dag.py took 0.071 seconds
[2026-09-17T01:10:07.037+0000] {processor.py:157} INFO - Started process (PID=30178) to work on /home/vscode/.local/lib/python3.10/site-packages/airflow/example_dags/example_external_task_marker_dag.py
[2026-09-17T01:10:07.038+0000] {processor.py:826} INFO - Processing file /home/vscode/.local/lib/python3.10/site-packages/airflow/example_dags/example_external_task_marker_dag.py for tasks to queue
[2026-09-17T01:10:07.038+0000] {logging_mixin.py:150} INFO - [2026-09-17T01:10:07.038+0000] {dagbag.py:541} INFO - Filling up the DagBag from /home/vscode/.local/lib/python3.10/site-packages/airflow/example_dags/example_external_task_marker_dag.py
[2026-09-17T01:10:07.043+0000] {processor.py:836} INFO - DAG(s) dict_keys(['example_external_task_marker_child', 'example_external_task_marker_parent']) retrieved from /home/vscode/.local/lib/python3.10/site-packages/airflow/example_dags/example_external_task_marker_dag.py
[2026-09-17T01:10:07.058+0000] {logging_mixin.py:150} INFO - [2026-09-17T01:10:07.058+0000] {dag.py:2742} INFO - Sync 2 DAGs
[2026-09-17T01:10:07.072+0000] {logging_mixin.py:150} INFO - [2026-09-17T01:10:07.072+0000] {dag.py:3504} INFO - Setting next_dagrun for example_external_task_marker_child to None, run_after=None
[2026-09-17T01:10:07.074+0000] {logging_mixin.py:150} INFO - [2026-09-17T01:10:07.074+0000] {dag.py:3504} INFO - Setting next_dagrun for example_external_task_marker_parent to None, run_after=None
[2026-09-17T01:10:07.093+0000] {processor.py:179} INFO - Processing /home/vscode/.local/lib/python3.10/site-packages/airflow/example_dags/example_external_task_marker_dag.py took 0.059 seconds
[2026-09-17T01:10:21.085+0000] {processor.py:157} INFO - Started process (PID=30288) to work on /home/vscode/.local/lib/python3.10/site-packages/airflow/example_dags/example_external_task_marker_dag.py
[2026-09-17T01:10:21.085+0000] {processor.py:826} INFO - Processing file /home/vscode/.local/lib/python3.10/site-packages/airflow/example_dags/example_external_task_marker_dag.py for tasks to queue
[2026-09-17T01:10:21.086+0000] {logging_mixin.py:150} INFO - [2026-09-17T01:10:21.086+0000] {dagbag.py:541} INFO - Filling up the DagBag from /home/vscode/.local/lib/python3.10/site-packages/airflow/example_dags/example_external_task_marker_dag.py
[2026-09-17T01:10:21.093+0000] {processor.py:836} INFO - DAG(s) dict_keys(['example_external_task_marker_parent', 'example_external_task_marker_child']) retrieved from /home/vscode/.local/lib/python3.10/site-packages/airflow/example_dags/example_external_task_marker_dag.py
[2026-09-17T01:10:21.110+0000] {logging_mixin.py:150} INFO - [2026-09-17T01:10:21.109+0000] {dag.py:2742} INFO - Sync 2 DAGs
[2026-09-17T01:10:21.124+0000] {logging_mixin.py:150} INFO - [2026-09-17T01:10:21.124+0000] {dag.py:3504} INFO - Setting next_dagrun for example_external_task_marker_child to None, run_after=None
[2026-09-17T01:10:21.126+0000] {logging_mixin.py:150} INFO - [2026-09-17T01:10:21.126+0000] {dag.py:3504} INFO - Setting next_dagrun for example_external_task_marker_parent to None, run_after=None
[2026-09-17T01:10:21.142+0000] {processor.py:179} INFO - Processing /home/vscode/.local/lib/python3.10/site-packages/airflow/example_dags/example_external_task_marker_dag.py took 0.061 seconds
[2026-09-17T01:10:56.595+0000] {processor.py:157} INFO - Started process (PID=30633) to work on /home/vscode/.local/lib/python3.10/site-packages/airflow/example_dags/example_external_task_marker_dag.py
[2026-09-17T01:10:56.595+0000] {processor.py:826} INFO - Processing file /home/vscode/.local/lib/python3.10/site-packages/airflow/example_dags/example_external_task_marker_dag.py for tasks to queue
[2026-09-17T01:10:56.596+0000] {logging_mixin.py:150} INFO - [2026-09-17T01:10:56.596+0000] {dagbag.py:541} INFO - Filling up the DagBag from /home/vscode/.local/lib/python3.10/site-packages/airflow/example_dags/example_external_task_marker_dag.py
[2026-09-17T01:10:56.601+0000] {processor.py:836} INFO - DAG(s) dict_keys(['example_external_task_marker_parent', 'example_external_task_marker_child']) retrieved from /home/vscode/.local/lib/python3.10/site-packages/airflow/example_dags/example_external_task_marker_dag.py
[2026-09-17T01:10:56.616+0000] {logging_mixin.py:150} INFO - [2026-09-17T01:10:56.616+0000] {dag.py:2742} INFO - Sync 2 DAGs
[2026-09-17T01:10:56.632+0000] {logging_mixin.py:150} INFO - [2026-09-17T01:10:56.632+0000] {dag.py:3504} INFO - Setting next_dagrun for example_external_task_marker_child to None, run_after=None
[2026-09-17T01:10:56.635+0000] {logging_mixin.py:150} INFO - [2026-09-17T01:10:56.635+0000] {dag.py:3504} INFO - Setting next_dagrun for example_external_task_marker_parent to None, run_after=None
[2026-09-17T01:10:56.649+0000] {processor.py:179} INFO - Processing /home/vscode/.local/lib/python3.10/site-packages/airflow/example_dags/example_external_task_marker_dag.py took 0.058 seconds
[2026-09-17T01:11:13.154+0000] {processor.py:157} INFO - Started process (PID=30776) to work on /home/vscode/.local/lib/python3.10/site-packages/airflow/example_dags/example_external_task_marker_dag.py
[2026-09-17T01:11:13.155+0000] {processor.py:826} INFO - Processing file /home/vscode/.local/lib/python3.10/site-packages/airflow/example_dags/example_external_task_marker_dag.py for tasks to queue
[2026-09-17T01:11:13.156+0000] {logging_mixin.py:150} INFO - [2026-09-17T01:11:13.155+0000] {dagbag.py:541} INFO - Filling up the DagBag from /home/vscode/.local/lib/python3.10/site-packages/airflow/example_dags/example_external_task_marker_dag.py
[2026-09-17T01:11:13.163+0000] {processor.py:836} INFO - DAG(s) dict_keys(['example_external_task_marker_child', 'example_external_task_marker_parent']) retrieved from /home/vscode/.local/lib/python3.10/site-packages/airflow/example_dags/example_external_task_marker_dag.py
[2026-09-17T01:11:13.186+0000] {logging_mixin.py:150} INFO - [2026-09-17T01:11:13.185+0000] {dag.py:2742} INFO - Sync 2 DAGs
[2026-09-17T01:11:13.209+0000] {logging_mixin.py:150} INFO - [2026-09-17T01:11:13.209+0000] {dag.py:3504} INFO - Setting next_dagrun for example_external_task_marker_child to None, run_after=None
[2026-09-17T01:11:13.212+0000] {logging_mixin.py:150} INFO - [2026-09-17T01:11:13.211+0000] {dag.py:3504} INFO - Setting next_dagrun for example_external_task_marker_parent to None, run_after=None
[2026-09-17T01:11:13.238+0000] {processor.py:179} INFO - Processing /home/vscode/.local/lib/python3.10/site-packages/airflow/example_dags/example_external_task_marker_dag.py took 0.088 seconds
[2026-09-17T01:11:45.944+0000] {processor.py:157} INFO - Started process (PID=31056) to work on /home/vscode/.local/lib/python3.10/site-packages/airflow/example_dags/example_external_task_marker_dag.py
[2026-09-17T01:11:45.945+0000] {processor.py:826} INFO - Processing file /home/vscode/.local/lib/python3.10/site-packages/airflow/example_dags/example_external_task_marker_dag.py for tasks to queue
[2026-09-17T01:11:45.946+0000] {logging_mixin.py:150} INFO - [2026-09-17T01:11:45.946+0000] {dagbag.py:541} INFO - Filling up the DagBag from /home/vscode/.local/lib/python3.10/site-packages/airflow/example_dags/example_external_task_marker_dag.py
[2026-09-17T01:11:45.953+0000] {processor.py:836} INFO - DAG(s) dict_keys(['example_external_task_marker_child', 'example_external_task_marker_parent']) retrieved from /home/vscode/.local/lib/python3.10/site-packages/airflow/example_dags/example_external_task_marker_dag.py
[2026-09-17T01:11:45.974+0000] {logging_mixin.py:150} INFO - [2026-09-17T01:11:45.973+0000] {dag.py:2742} INFO - Sync 2 DAGs
[2026-09-17T01:11:46.004+0000] {logging_mixin.py:150} INFO - [2026-09-17T01:11:46.003+0000] {dag.py:3504} INFO - Setting next_dagrun for example_external_task_marker_child to None, run_after=None
[2026-09-17T01:11:46.009+0000] {logging_mixin.py:150} INFO - [2026-09-17T01:11:46.009+0000] {dag.py:3504} INFO - Setting next_dagrun for example_external_task_marker_parent to None, run_after=None
[2026-09-17T01:11:46.032+0000] {processor.py:179} INFO - Processing /home/vscode/.local/lib/python3.10/site-packages/airflow/example_dags/example_external_task_marker_dag.py took 0.092 seconds
[2026-09-17T01:12:02.446+0000] {processor.py:157} INFO - Started process (PID=31198) to work on /home/vscode/.local/lib/python3.10/site-packages/airflow/example_dags/example_external_task_marker_dag.py
[2026-09-17T01:12:02.447+0000] {processor.py:826} INFO - Processing file /home/vscode/.local/lib/python3.10/site-packages/airflow/example_dags/example_external_task_marker_dag.py for tasks to queue
[2026-09-17T01:12:02.447+0000] {logging_mixin.py:150} INFO - [2026-09-17T01:12:02.447+0000] {dagbag.py:541} INFO - Filling up the DagBag from /home/vscode/.local/lib/python3.10/site-packages/airflow/example_dags/example_external_task_marker_dag.py
[2026-09-17T01:12:02.452+0000] {processor.py:836} INFO - DAG(s) dict_keys(['example_external_task_marker_child', 'example_external_task_marker_parent']) retrieved from /home/vscode/.local/lib/python3.10/site-packages/airflow/example_dags/example_external_task_marker_dag.py
[2026-09-17T01:12:02.467+0000] {logging_mixin.py:150} INFO - [2026-09-17T01:12:02.467+0000] {dag.py:2742} INFO - Sync 2 DAGs
[2026-09-17T01:12:02.482+0000] {logging_mixin.py:150} INFO - [2026-09-17T01:12:02.481+0000] {dag.py:3504} INFO - Setting next_dagrun for example_external_task_marker_child to None, run_after=None
[2026-09-17T01:12:02.484+0000] {logging_mixin.py:150} INFO - [2026-09-17T01:12:02.484+0000] {dag.py:3504} INFO - Setting next_dagrun for example_external_task_marker_parent to None, run_after=None
[2026-09-17T01:12:02.501+0000] {processor.py:179} INFO - Processing /home/vscode/.local/lib/python3.10/site-packages/airflow/example_dags/example_external_task_marker_dag.py took 0.058 seconds
[2026-09-17T01:12:35.802+0000] {processor.py:157} INFO - Started process (PID=31484) to work on /home/vscode/.local/lib/python3.10/site-packages/airflow/example_dags/example_external_task_marker_dag.py
[2026-09-17T01:12:35.805+0000] {processor.py:826} INFO - Processing file /home/vscode/.local/lib/python3.10/site-packages/airflow/example_dags/example_external_task_marker_dag.py for tasks to queue
[2026-09-17T01:12:35.806+0000] {logging_mixin.py:150} INFO - [2026-09-17T01:12:35.806+0000] {dagbag.py:541} INFO - Filling up the DagBag from /home/vscode/.local/lib/python3.10/site-packages/airflow/example_dags/example_external_task_marker_dag.py
[2026-09-17T01:12:35.814+0000] {processor.py:836} INFO - DAG(s) dict_keys(['example_external_task_marker_child', 'example_external_task_marker_parent']) retrieved from /home/vscode/.local/lib/python3.10/site-packages/airflow/example_dags/example_external_task_marker_dag.py
[2026-09-17T01:12:35.836+0000] {logging_mixin.py:150} INFO - [2026-09-17T01:12:35.835+0000] {dag.py:2742} INFO - Sync 2 DAGs
[2026-09-17T01:12:35.867+0000] {logging_mixin.py:150} INFO - [2026-09-17T01:12:35.866+0000] {dag.py:3504} INFO - Setting next_dagrun for example_external_task_marker_child to None, run_after=None
[2026-09-17T01:12:35.869+0000] {logging_mixin.py:150} INFO - [2026-09-17T01:12:35.869+0000] {dag.py:3504} INFO - Setting next_dagrun for example_external_task_marker_parent to None, run_after=None
[2026-09-17T01:12:35.890+0000] {processor.py:179} INFO - Processing /home/vscode/.local/lib/python3.10/site-packages/airflow/example_dags/example_external_task_marker_dag.py took 0.094 seconds
[2026-09-17T01:12:51.272+0000] {processor.py:157} INFO - Started process (PID=31617) to work on /home/vscode/.local/lib/python3.10/site-packages/airflow/example_dags/example_external_task_marker_dag.py
[2026-09-17T01:12:51.273+0000] {processor.py:826} INFO - Processing file /home/vscode/.local/lib/python3.10/site-packages/airflow/example_dags/example_external_task_marker_dag.py for tasks to queue
[2026-09-17T01:12:51.274+0000] {logging_mixin.py:150} INFO - [2026-09-17T01:12:51.273+0000] {dagbag.py:541} INFO - Filling up the DagBag from /home/vscode/.local/lib/python3.10/site-packages/airflow/example_dags/example_external_task_marker_dag.py
[2026-09-17T01:12:51.278+0000] {processor.py:836} INFO - DAG(s) dict_keys(['example_external_task_marker_child', 'example_external_task_marker_parent']) retrieved from /home/vscode/.local/lib/python3.10/site-packages/airflow/example_dags/example_external_task_marker_dag.py
[2026-09-17T01:12:51.299+0000] {logging_mixin.py:150} INFO - [2026-09-17T01:12:51.299+0000] {dag.py:2742} INFO - Sync 2 DAGs
[2026-09-17T01:12:51.315+0000] {logging_mixin.py:150} INFO - [2026-09-17T01:12:51.315+0000] {dag.py:3504} INFO - Setting next_dagrun for example_external_task_marker_child to None, run_after=None
[2026-09-17T01:12:51.317+0000] {logging_mixin.py:150} INFO - [2026-09-17T01:12:51.317+0000] {dag.py:3504} INFO - Setting next_dagrun for example_external_task_marker_parent to None, run_after=None
[2026-09-17T01:12:51.333+0000] {processor.py:179} INFO - Processing /home/vscode/.local/lib/python3.10/site-packages/airflow/example_dags/example_external_task_marker_dag.py took 0.063 seconds
[2026-09-17T01:13:22.090+0000] {processor.py:157} INFO - Started process (PID=31880) to work on /home/vscode/.local/lib/python3.10/site-packages/airflow/example_dags/example_external_task_marker_dag.py
[2026-09-17T01:13:22.091+0000] {processor.py:826} INFO - Processing file /home/vscode/.local/lib/python3.10/site-packages/airflow/example_dags/example_external_task_marker_dag.py for tasks to queue
[2026-09-17T01:13:22.092+0000] {logging_mixin.py:150} INFO - [2026-09-17T01:13:22.092+0000] {dagbag.py:541} INFO - Filling up the DagBag from /home/vscode/.local/lib/python3.10/site-packages/airflow/example_dags/example_external_task_marker_dag.py
[2026-09-17T01:13:22.097+0000] {processor.py:836} INFO - DAG(s) dict_keys(['example_external_task_marker_parent', 'example_external_task_marker_child']) retrieved from /home/vscode/.local/lib/python3.10/site-packages/airflow/example_dags/example_external_task_marker_dag.py
[2026-09-17T01:13:22.113+0000] {logging_mixin.py:150} INFO - [2026-09-17T01:13:22.113+0000] {dag.py:2742} INFO - Sync 2 DAGs
[2026-09-17T01:13:22.132+0000] {logging_mixin.py:150} INFO - [2026-09-17T01:13:22.132+0000] {dag.py:3504} INFO - Setting next_dagrun for example_external_task_marker_child to None, run_after=None
[2026-09-17T01:13:22.134+0000] {logging_mixin.py:150} INFO - [2026-09-17T01:13:22.134+0000] {dag.py:3504} INFO - Setting next_dagrun for example_external_task_marker_parent to None, run_after=None
[2026-09-17T01:13:22.149+0000] {processor.py:179} INFO - Processing /home/vscode/.local/lib/python3.10/site-packages/airflow/example_dags/example_external_task_marker_dag.py took 0.061 seconds
[2026-09-17T01:13:41.708+0000] {processor.py:157} INFO - Started process (PID=32041) to work on /home/vscode/.local/lib/python3.10/site-packages/airflow/example_dags/example_external_task_marker_dag.py
[2026-09-17T01:13:41.709+0000] {processor.py:826} INFO - Processing file /home/vscode/.local/lib/python3.10/site-packages/airflow/example_dags/example_external_task_marker_dag.py for tasks to queue
[2026-09-17T01:13:41.710+0000] {logging_mixin.py:150} INFO - [2026-09-17T01:13:41.709+0000] {dagbag.py:541} INFO - Filling up the DagBag from /home/vscode/.local/lib/python3.10/site-packages/airflow/example_dags/example_external_task_marker_dag.py
[2026-09-17T01:13:41.714+0000] {processor.py:836} INFO - DAG(s) dict_keys(['example_external_task_marker_parent', 'example_external_task_marker_child']) retrieved from /home/vscode/.local/lib/python3.10/site-packages/airflow/example_dags/example_external_task_marker_dag.py
[2026-09-17T01:13:41.733+0000] {logging_mixin.py:150} INFO - [2026-09-17T01:13:41.733+0000] {dag.py:2742} INFO - Sync 2 DAGs
[2026-09-17T01:13:41.748+0000] {logging_mixin.py:150} INFO - [2026-09-17T01:13:41.748+0000] {dag.py:3504} INFO - Setting next_dagrun for example_external_task_marker_child to None, run_after=None
[2026-09-17T01:13:41.750+0000] {logging_mixin.py:150} INFO - [2026-09-17T01:13:41.750+0000] {dag.py:3504} INFO - Setting next_dagrun for example_external_task_marker_parent to None, run_after=None
[2026-09-17T01:13:41.765+0000] {processor.py:179} INFO - Processing /home/vscode/.local/lib/python3.10/site-packages/airflow/example_dags/example_external_task_marker_dag.py took 0.059 seconds
[2026-09-17T01:14:15.535+0000] {processor.py:157} INFO - Started process (PID=32327) to work on /home/vscode/.local/lib/python3.10/site-packages/airflow/example_dags/example_external_task_marker_dag.py
[2026-09-17T01:14:15.536+0000] {processor.py:826} INFO - Processing file /home/vscode/.local/lib/python3.10/site-packages/airflow/example_dags/example_external_task_marker_dag.py for tasks to queue
[2026-09-17T01:14:15.537+0000] {logging_mixin.py:150} INFO - [2026-09-17T01:14:15.536+0000] {dagbag.py:541} INFO - Filling up the DagBag from /home/vscode/.local/lib/python3.10/site-packages/airflow/example_dags/example_external_task_marker_dag.py
[2026-09-17T01:14:15.542+0000] {processor.py:836} INFO - DAG(s) dict_keys(['example_external_task_marker_parent', 'example_external_task_marker_child']) retrieved from /home/vscode/.local/lib/python3.10/site-packages/airflow/example_dags/example_external_task_marker_dag.py
[2026-09-17T01:14:15.557+0000] {logging_mixin.py:150} INFO - [2026-09-17T01:14:15.557+0000] {dag.py:2742} INFO - Sync 2 DAGs
[2026-09-17T01:14:15.572+0000] {logging_mixin.py:150} INFO - [2026-09-17T01:14:15.571+0000] {dag.py:3504} INFO - Setting next_dagrun for example_external_task_marker_child to None, run_after=None
[2026-09-17T01:14:15.574+0000] {logging_mixin.py:150} INFO - [2026-09-17T01:14:15.574+0000] {dag.py:3504} INFO - Setting next_dagrun for example_external_task_marker_parent to None, run_after=None
[2026-09-17T01:14:15.599+0000] {processor.py:179} INFO - Processing /home/vscode/.local/lib/python3.10/site-packages/airflow/example_dags/example_external_task_marker_dag.py took 0.066 seconds
[2026-09-17T01:14:30.709+0000] {processor.py:157} INFO - Started process (PID=32460) to work on /home/vscode/.local/lib/python3.10/site-packages/airflow/example_dags/example_external_task_marker_dag.py
[2026-09-17T01:14:30.710+0000] {processor.py:826} INFO - Processing file /home/vscode/.local/lib/python3.10/site-packages/airflow/example_dags/example_external_task_marker_dag.py for tasks to queue
[2026-09-17T01:14:30.710+0000] {logging_mixin.py:150} INFO - [2026-09-17T01:14:30.710+0000] {dagbag.py:541} INFO - Filling up the DagBag from /home/vscode/.local/lib/python3.10/site-packages/airflow/example_dags/example_external_task_marker_dag.py
[2026-09-17T01:14:30.715+0000] {processor.py:836} INFO - DAG(s) dict_keys(['example_external_task_marker_parent', 'example_external_task_marker_child']) retrieved from /home/vscode/.local/lib/python3.10/site-packages/airflow/example_dags/example_external_task_marker_dag.py
[2026-09-17T01:14:30.736+0000] {logging_mixin.py:150} INFO - [2026-09-17T01:14:30.735+0000] {dag.py:2742} INFO - Sync 2 DAGs
[2026-09-17T01:14:30.756+0000] {logging_mixin.py:150} INFO - [2026-09-17T01:14:30.755+0000] {dag.py:3504} INFO - Setting next_dagrun for example_external_task_marker_child to None, run_after=None
[2026-09-17T01:14:30.758+0000] {logging_mixin.py:150} INFO - [2026-09-17T01:14:30.758+0000] {dag.py:3504} INFO - Setting next_dagrun for example_external_task_marker_parent to None, run_after=None
[2026-09-17T01:14:30.776+0000] {processor.py:179} INFO - Processing /home/vscode/.local/lib/python3.10/site-packages/airflow/example_dags/example_external_task_marker_dag.py took 0.069 seconds
[2026-09-17T01:15:03.214+0000] {processor.py:157} INFO - Started process (PID=32738) to work on /home/vscode/.local/lib/python3.10/site-packages/airflow/example_dags/example_external_task_marker_dag.py
[2026-09-17T01:15:03.214+0000] {processor.py:826} INFO - Processing file /home/vscode/.local/lib/python3.10/site-packages/airflow/example_dags/example_external_task_marker_dag.py for tasks to queue
[2026-09-17T01:15:03.215+0000] {logging_mixin.py:150} INFO - [2026-09-17T01:15:03.215+0000] {dagbag.py:541} INFO - Filling up the DagBag from /home/vscode/.local/lib/python3.10/site-packages/airflow/example_dags/example_external_task_marker_dag.py
[2026-09-17T01:15:03.220+0000] {processor.py:836} INFO - DAG(s) dict_keys(['example_external_task_marker_parent', 'example_external_task_marker_child']) retrieved from /home/vscode/.local/lib/python3.10/site-packages/airflow/example_dags/example_external_task_marker_dag.py
[2026-09-17T01:15:03.235+0000] {logging_mixin.py:150} INFO - [2026-09-17T01:15:03.235+0000] {dag.py:2742} INFO - Sync 2 DAGs
[2026-09-17T01:15:03.250+0000] {logging_mixin.py:150} INFO - [2026-09-17T01:15:03.250+0000] {dag.py:3504} INFO - Setting next_dagrun for example_external_task_marker_child to None, run_after=None
[2026-09-17T01:15:03.252+0000] {logging_mixin.py:150} INFO - [2026-09-17T01:15:03.252+0000] {dag.py:3504} INFO - Setting next_dagrun for example_external_task_marker_parent to None, run_after=None
[2026-09-17T01:15:03.267+0000] {processor.py:179} INFO - Processing /home/vscode/.local/lib/python3.10/site-packages/airflow/example_dags/example_external_task_marker_dag.py took 0.056 seconds
[2026-09-17T01:15:24.345+0000] {processor.py:157} INFO - Started process (PID=32905) to work on /home/vscode/.local/lib/python3.10/site-packages/airflow/example_dags/example_external_task_marker_dag.py
[2026-09-17T01:15:24.346+0000] {processor.py:826} INFO - Processing file /home/vscode/.local/lib/python3.10/site-packages/airflow/example_dags/example_external_task_marker_dag.py for tasks to queue
[2026-09-17T01:15:24.347+0000] {logging_mixin.py:150} INFO - [2026-09-17T01:15:24.346+0000] {dagbag.py:541} INFO - Filling up the DagBag from /home/vscode/.local/lib/python3.10/site-packages/airflow/example_dags/example_external_task_marker_dag.py
[2026-09-17T01:15:24.351+0000] {processor.py:836} INFO - DAG(s) dict_keys(['example_external_task_marker_child', 'example_external_task_marker_parent']) retrieved from /home/vscode/.local/lib/python3.10/site-packages/airflow/example_dags/example_external_task_marker_dag.py
[2026-09-17T01:15:24.366+0000] {logging_mixin.py:150} INFO - [2026-09-17T01:15:24.366+0000] {dag.py:2742} INFO - Sync 2 DAGs
[2026-09-17T01:15:24.381+0000] {logging_mixin.py:150} INFO - [2026-09-17T01:15:24.380+0000] {dag.py:3504} INFO - Setting next_dagrun for example_external_task_marker_child to None, run_after=None
[2026-09-17T01:15:24.383+0000] {logging_mixin.py:150} INFO - [2026-09-17T01:15:24.383+0000] {dag.py:3504} INFO - Setting next_dagrun for example_external_task_marker_parent to None, run_after=None
[2026-09-17T01:15:24.403+0000] {processor.py:179} INFO - Processing /home/vscode/.local/lib/python3.10/site-packages/airflow/example_dags/example_external_task_marker_dag.py took 0.060 seconds
[2026-09-17T01:15:47.704+0000] {processor.py:157} INFO - Started process (PID=33141) to work on /home/vscode/.local/lib/python3.10/site-packages/airflow/example_dags/example_external_task_marker_dag.py
[2026-09-17T01:15:47.705+0000] {processor.py:826} INFO - Processing file /home/vscode/.local/lib/python3.10/site-packages/airflow/example_dags/example_external_task_marker_dag.py for tasks to queue
[2026-09-17T01:15:47.705+0000] {logging_mixin.py:150} INFO - [2026-09-17T01:15:47.705+0000] {dagbag.py:541} INFO - Filling up the DagBag from /home/vscode/.local/lib/python3.10/site-packages/airflow/example_dags/example_external_task_marker_dag.py
[2026-09-17T01:15:47.712+0000] {processor.py:836} INFO - DAG(s) dict_keys(['example_external_task_marker_child', 'example_external_task_marker_parent']) retrieved from /home/vscode/.local/lib/python3.10/site-packages/airflow/example_dags/example_external_task_marker_dag.py
[2026-09-17T01:15:47.731+0000] {logging_mixin.py:150} INFO - [2026-09-17T01:15:47.731+0000] {dag.py:2742} INFO - Sync 2 DAGs
[2026-09-17T01:15:47.746+0000] {logging_mixin.py:150} INFO - [2026-09-17T01:15:47.746+0000] {dag.py:3504} INFO - Setting next_dagrun for example_external_task_marker_child to None, run_after=None
[2026-09-17T01:15:47.748+0000] {logging_mixin.py:150} INFO - [2026-09-17T01:15:47.748+0000] {dag.py:3504} INFO - Setting next_dagrun for example_external_task_marker_parent to None, run_after=None
[2026-09-17T01:15:47.763+0000] {processor.py:179} INFO - Processing /home/vscode/.local/lib/python3.10/site-packages/airflow/example_dags/example_external_task_marker_dag.py took 0.061 seconds
[2026-09-17T01:16:16.878+0000] {processor.py:157} INFO - Started process (PID=33393) to work on /home/vscode/.local/lib/python3.10/site-packages/airflow/example_dags/example_external_task_marker_dag.py
[2026-09-17T01:16:16.879+0000] {processor.py:826} INFO - Processing file /home/vscode/.local/lib/python3.10/site-packages/airflow/example_dags/example_external_task_marker_dag.py for tasks to queue
[2026-09-17T01:16:16.880+0000] {logging_mixin.py:150} INFO - [2026-09-17T01:16:16.879+0000] {dagbag.py:541} INFO - Filling up the DagBag from /home/vscode/.local/lib/python3.10/site-packages/airflow/example_dags/example_external_task_marker_dag.py
[2026-09-17T01:16:16.886+0000] {processor.py:836} INFO - DAG(s) dict_keys(['example_external_task_marker_parent', 'example_external_task_marker_child']) retrieved from /home/vscode/.local/lib/python3.10/site-packages/airflow/example_dags/example_external_task_marker_dag.py
[2026-09-17T01:16:16.906+0000] {logging_mixin.py:150} INFO - [2026-09-17T01:16:16.906+0000] {dag.py:2742} INFO - Sync 2 DAGs
[2026-09-17T01:16:16.926+0000] {logging_mixin.py:150} INFO - [2026-09-17T01:16:16.926+0000] {dag.py:3504} INFO - Setting next_dagrun for example_external_task_marker_child to None, run_after=None
[2026-09-17T01:16:16.929+0000] {logging_mixin.py:150} INFO - [2026-09-17T01:16:16.929+0000] {dag.py:3504} INFO - Setting next_dagrun for example_external_task_marker_parent to None, run_after=None
[2026-09-17T01:16:16.949+0000] {processor.py:179} INFO - Processing /home/vscode/.local/lib/python3.10/site-packages/airflow/example_dags/example_external_task_marker_dag.py took 0.073 seconds
[2026-09-17T01:16:37.764+0000] {processor.py:157} INFO - Started process (PID=33571) to work on /home/vscode/.local/lib/python3.10/site-packages/airflow/example_dags/example_external_task_marker_dag.py
[2026-09-17T01:16:37.765+0000] {processor.py:826} INFO - Processing file /home/vscode/.local/lib/python3.10/site-packages/airflow/example_dags/example_external_task_marker_dag.py for tasks to queue
[2026-09-17T01:16:37.766+0000] {logging_mixin.py:150} INFO - [2026-09-17T01:16:37.766+0000] {dagbag.py:541} INFO - Filling up the DagBag from /home/vscode/.local/lib/python3.10/site-packages/airflow/example_dags/example_external_task_marker_dag.py
[2026-09-17T01:16:37.771+0000] {processor.py:836} INFO - DAG(s) dict_keys(['example_external_task_marker_child', 'example_external_task_marker_parent']) retrieved from /home/vscode/.local/lib/python3.10/site-packages/airflow/example_dags/example_external_task_marker_dag.py
[2026-09-17T01:16:37.787+0000] {logging_mixin.py:150} INFO - [2026-09-17T01:16:37.787+0000] {dag.py:2742} INFO - Sync 2 DAGs
[2026-09-17T01:16:37.805+0000] {logging_mixin.py:150} INFO - [2026-09-17T01:16:37.805+0000] {dag.py:3504} INFO - Setting next_dagrun for example_external_task_marker_child to None, run_after=None
[2026-09-17T01:16:37.807+0000] {logging_mixin.py:150} INFO - [2026-09-17T01:16:37.807+0000] {dag.py:3504} INFO - Setting next_dagrun for example_external_task_marker_parent to None, run_after=None
[2026-09-17T01:16:37.822+0000] {processor.py:179} INFO - Processing /home/vscode/.local/lib/python3.10/site-packages/airflow/example_dags/example_external_task_marker_dag.py took 0.061 seconds
[2026-09-17T01:17:06.270+0000] {processor.py:157} INFO - Started process (PID=33816) to work on /home/vscode/.local/lib/python3.10/site-packages/airflow/example_dags/example_external_task_marker_dag.py
[2026-09-17T01:17:06.271+0000] {processor.py:826} INFO - Processing file /home/vscode/.local/lib/python3.10/site-packages/airflow/example_dags/example_external_task_marker_dag.py for tasks to queue
[2026-09-17T01:17:06.272+0000] {logging_mixin.py:150} INFO - [2026-09-17T01:17:06.272+0000] {dagbag.py:541} INFO - Filling up the DagBag from /home/vscode/.local/lib/python3.10/site-packages/airflow/example_dags/example_external_task_marker_dag.py
[2026-09-17T01:17:06.279+0000] {processor.py:836} INFO - DAG(s) dict_keys(['example_external_task_marker_child', 'example_external_task_marker_parent']) retrieved from /home/vscode/.local/lib/python3.10/site-packages/airflow/example_dags/example_external_task_marker_dag.py
[2026-09-17T01:17:06.300+0000] {logging_mixin.py:150} INFO - [2026-09-17T01:17:06.300+0000] {dag.py:2742} INFO - Sync 2 DAGs
[2026-09-17T01:17:06.317+0000] {logging_mixin.py:150} INFO - [2026-09-17T01:17:06.317+0000] {dag.py:3504} INFO - Setting next_dagrun for example_external_task_marker_child to None, run_after=None
[2026-09-17T01:17:06.320+0000] {logging_mixin.py:150} INFO - [2026-09-17T01:17:06.320+0000] {dag.py:3504} INFO - Setting next_dagrun for example_external_task_marker_parent to None, run_after=None
[2026-09-17T01:17:06.344+0000] {processor.py:179} INFO - Processing /home/vscode/.local/lib/python3.10/site-packages/airflow/example_dags/example_external_task_marker_dag.py took 0.076 seconds
[2026-09-17T01:17:23.180+0000] {processor.py:157} INFO - Started process (PID=33966) to work on /home/vscode/.local/lib/python3.10/site-packages/airflow/example_dags/example_external_task_marker_dag.py
[2026-09-17T01:17:23.181+0000] {processor.py:826} INFO - Processing file /home/vscode/.local/lib/python3.10/site-packages/airflow/example_dags/example_external_task_marker_dag.py for tasks to queue
[2026-09-17T01:17:23.182+0000] {logging_mixin.py:150} INFO - [2026-09-17T01:17:23.181+0000] {dagbag.py:541} INFO - Filling up the DagBag from /home/vscode/.local/lib/python3.10/site-packages/airflow/example_dags/example_external_task_marker_dag.py
[2026-09-17T01:17:23.188+0000] {processor.py:836} INFO - DAG(s) dict_keys(['example_external_task_marker_parent', 'example_external_task_marker_child']) retrieved from /home/vscode/.local/lib/python3.10/site-packages/airflow/example_dags/example_external_task_marker_dag.py
[2026-09-17T01:17:23.206+0000] {logging_mixin.py:150} INFO - [2026-09-17T01:17:23.206+0000] {dag.py:2742} INFO - Sync 2 DAGs
[2026-09-17T01:17:23.222+0000] {logging_mixin.py:150} INFO - [2026-09-17T01:17:23.222+0000] {dag.py:3504} INFO - Setting next_dagrun for example_external_task_marker_child to None, run_after=None
[2026-09-17T01:17:23.225+0000] {logging_mixin.py:150} INFO - [2026-09-17T01:17:23.225+0000] {dag.py:3504} INFO - Setting next_dagrun for example_external_task_marker_parent to None, run_after=None
[2026-09-17T01:17:23.240+0000] {processor.py:179} INFO - Processing /home/vscode/.local/lib/python3.10/site-packages/airflow/example_dags/example_external_task_marker_dag.py took 0.062 seconds
[2026-09-17T01:17:56.256+0000] {processor.py:157} INFO - Started process (PID=34240) to work on /home/vscode/.local/lib/python3.10/site-packages/airflow/example_dags/example_external_task_marker_dag.py
[2026-09-17T01:17:56.257+0000] {processor.py:826} INFO - Processing file /home/vscode/.local/lib/python3.10/site-packages/airflow/example_dags/example_external_task_marker_dag.py for tasks to queue
[2026-09-17T01:17:56.257+0000] {logging_mixin.py:150} INFO - [2026-09-17T01:17:56.257+0000] {dagbag.py:541} INFO - Filling up the DagBag from /home/vscode/.local/lib/python3.10/site-packages/airflow/example_dags/example_external_task_marker_dag.py
[2026-09-17T01:17:56.262+0000] {processor.py:836} INFO - DAG(s) dict_keys(['example_external_task_marker_parent', 'example_external_task_marker_child']) retrieved from /home/vscode/.local/lib/python3.10/site-packages/airflow/example_dags/example_external_task_marker_dag.py
[2026-09-17T01:17:56.277+0000] {logging_mixin.py:150} INFO - [2026-09-17T01:17:56.277+0000] {dag.py:2742} INFO - Sync 2 DAGs
[2026-09-17T01:17:56.295+0000] {logging_mixin.py:150} INFO - [2026-09-17T01:17:56.295+0000] {dag.py:3504} INFO - Setting next_dagrun for example_external_task_marker_child to None, run_after=None
[2026-09-17T01:17:56.298+0000] {logging_mixin.py:150} INFO - [2026-09-17T01:17:56.298+0000] {dag.py:3504} INFO - Setting next_dagrun for example_external_task_marker_parent to None, run_after=None
[2026-09-17T01:17:56.313+0000] {processor.py:179} INFO - Processing /home/vscode/.local/lib/python3.10/site-packages/airflow/example_dags/example_external_task_marker_dag.py took 0.060 seconds
[2026-09-17T01:18:14.440+0000] {processor.py:157} INFO - Started process (PID=34394) to work on /home/vscode/.local/lib/python3.10/site-packages/airflow/example_dags/example_external_task_marker_dag.py
[2026-09-17T01:18:14.441+0000] {processor.py:826} INFO - Processing file /home/vscode/.local/lib/python3.10/site-packages/airflow/example_dags/example_external_task_marker_dag.py for tasks to queue
[2026-09-17T01:18:14.442+0000] {logging_mixin.py:150} INFO - [2026-09-17T01:18:14.442+0000] {dagbag.py:541} INFO - Filling up the DagBag from /home/vscode/.local/lib/python3.10/site-packages/airflow/example_dags/example_external_task_marker_dag.py
[2026-09-17T01:18:14.447+0000] {processor.py:836} INFO - DAG(s) dict_keys(['example_external_task_marker_child', 'example_external_task_marker_parent']) retrieved from /home/vscode/.local/lib/python3.10/site-packages/airflow/example_dags/example_external_task_marker_dag.py
[2026-09-17T01:18:14.461+0000] {logging_mixin.py:150} INFO - [2026-09-17T01:18:14.461+0000] {dag.py:2742} INFO - Sync 2 DAGs
[2026-09-17T01:18:14.476+0000] {logging_mixin.py:150} INFO - [2026-09-17T01:18:14.475+0000] {dag.py:3504} INFO - Setting next_dagrun for example_external_task_marker_child to None, run_after=None
[2026-09-17T01:18:14.478+0000] {logging_mixin.py:150} INFO - [2026-09-17T01:18:14.477+0000] {dag.py:3504} INFO - Setting next_dagrun for example_external_task_marker_parent to None, run_after=None
[2026-09-17T01:18:14.496+0000] {processor.py:179} INFO - Processing /home/vscode/.local/lib/python3.10/site-packages/airflow/example_dags/example_external_task_marker_dag.py took 0.058 seconds
[2026-09-17T01:18:40.548+0000] {processor.py:157} INFO - Started process (PID=34618) to work on /home/vscode/.local/lib/python3.10/site-packages/airflow/example_dags/example_external_task_marker_dag.py
[2026-09-17T01:18:40.549+0000] {processor.py:826} INFO - Processing file /home/vscode/.local/lib/python3.10/site-packages/airflow/example_dags/example_external_task_marker_dag.py for tasks to queue
[2026-09-17T01:18:40.550+0000] {logging_mixin.py:150} INFO - [2026-09-17T01:18:40.550+0000] {dagbag.py:541} INFO - Filling up the DagBag from /home/vscode/.local/lib/python3.10/site-packages/airflow/example_dags/example_external_task_marker_dag.py
[2026-09-17T01:18:40.556+0000] {processor.py:836} INFO - DAG(s) dict_keys(['example_external_task_marker_parent', 'example_external_task_marker_child']) retrieved from /home/vscode/.local/lib/python3.10/site-packages/airflow/example_dags/example_external_task_marker_dag.py
[2026-09-17T01:18:40.577+0000] {logging_mixin.py:150} INFO - [2026-09-17T01:18:40.577+0000] {dag.py:2742} INFO - Sync 2 DAGs
[2026-09-17T01:18:40.605+0000] {logging_mixin.py:150} INFO - [2026-09-17T01:18:40.604+0000] {dag.py:3504} INFO - Setting next_dagrun for example_external_task_marker_child to None, run_after=None
[2026-09-17T01:18:40.610+0000] {logging_mixin.py:150} INFO - [2026-09-17T01:18:40.609+0000] {dag.py:3504} INFO - Setting next_dagrun for example_external_task_marker_parent to None, run_after=None
[2026-09-17T01:18:40.640+0000] {processor.py:179} INFO - Processing /home/vscode/.local/lib/python3.10/site-packages/airflow/example_dags/example_external_task_marker_dag.py took 0.095 seconds
[2026-09-17T01:19:01.615+0000] {processor.py:157} INFO - Started process (PID=34796) to work on /home/vscode/.local/lib/python3.10/site-packages/airflow/example_dags/example_external_task_marker_dag.py
[2026-09-17T01:19:01.616+0000] {processor.py:826} INFO - Processing file /home/vscode/.local/lib/python3.10/site-packages/airflow/example_dags/example_external_task_marker_dag.py for tasks to queue
[2026-09-17T01:19:01.617+0000] {logging_mixin.py:150} INFO - [2026-09-17T01:19:01.617+0000] {dagbag.py:541} INFO - Filling up the DagBag from /home/vscode/.local/lib/python3.10/site-packages/airflow/example_dags/example_external_task_marker_dag.py
[2026-09-17T01:19:01.622+0000] {processor.py:836} INFO - DAG(s) dict_keys(['example_external_task_marker_parent', 'example_external_task_marker_child']) retrieved from /home/vscode/.local/lib/python3.10/site-packages/airflow/example_dags/example_external_task_marker_dag.py
[2026-09-17T01:19:01.637+0000] {logging_mixin.py:150} INFO - [2026-09-17T01:19:01.637+0000] {dag.py:2742} INFO - Sync 2 DAGs
[2026-09-17T01:19:01.651+0000] {logging_mixin.py:150} INFO - [2026-09-17T01:19:01.651+0000] {dag.py:3504} INFO - Setting next_dagrun for example_external_task_marker_child to None, run_after=None
[2026-09-17T01:19:01.653+0000] {logging_mixin.py:150} INFO - [2026-09-17T01:19:01.653+0000] {dag.py:3504} INFO - Setting next_dagrun for example_external_task_marker_parent to None, run_after=None
[2026-09-17T01:19:01.668+0000] {processor.py:179} INFO - Processing /home/vscode/.local/lib/python3.10/site-packages/airflow/example_dags/example_external_task_marker_dag.py took 0.055 seconds
[2026-09-17T01:19:29.781+0000] {processor.py:157} INFO - Started process (PID=35019) to work on /home/vscode/.local/lib/python3.10/site-packages/airflow/example_dags/example_external_task_marker_dag.py
[2026-09-17T01:19:29.782+0000] {processor.py:826} INFO - Processing file /home/vscode/.local/lib/python3.10/site-packages/airflow/example_dags/example_external_task_marker_dag.py for tasks to queue
[2026-09-17T01:19:29.783+0000] {logging_mixin.py:150} INFO - [2026-09-17T01:19:29.782+0000] {dagbag.py:541} INFO - Filling up the DagBag from /home/vscode/.local/lib/python3.10/site-packages/airflow/example_dags/example_external_task_marker_dag.py
[2026-09-17T01:19:29.788+0000] {processor.py:836} INFO - DAG(s) dict_keys(['example_external_task_marker_child', 'example_external_task_marker_parent']) retrieved from /home/vscode/.local/lib/python3.10/site-packages/airflow/example_dags/example_external_task_marker_dag.py
[2026-09-17T01:19:29.803+0000] {logging_mixin.py:150} INFO - [2026-09-17T01:19:29.803+0000] {dag.py:2742} INFO - Sync 2 DAGs
[2026-09-17T01:19:29.817+0000] {logging_mixin.py:150} INFO - [2026-09-17T01:19:29.817+0000] {dag.py:3504} INFO - Setting next_dagrun for example_external_task_marker_child to None, run_after=None
[2026-09-17T01:19:29.819+0000] {logging_mixin.py:150} INFO - [2026-09-17T01:19:29.819+0000] {dag.py:3504} INFO - Setting next_dagrun for example_external_task_marker_parent to None, run_after=None
[2026-09-17T01:19:29.836+0000] {processor.py:179} INFO - Processing /home/vscode/.local/lib/python3.10/site-packages/airflow/example_dags/example_external_task_marker_dag.py took 0.057 seconds
[2026-09-17T01:19:49.494+0000] {processor.py:157} INFO - Started process (PID=35163) to work on /home/vscode/.local/lib/python3.10/site-packages/airflow/example_dags/example_external_task_marker_dag.py
[2026-09-17T01:19:49.495+0000] {processor.py:826} INFO - Processing file /home/vscode/.local/lib/python3.10/site-packages/airflow/example_dags/example_external_task_marker_dag.py for tasks to queue
[2026-09-17T01:19:49.496+0000] {logging_mixin.py:150} INFO - [2026-09-17T01:19:49.495+0000] {dagbag.py:541} INFO - Filling up the DagBag from /home/vscode/.local/lib/python3.10/site-packages/airflow/example_dags/example_external_task_marker_dag.py
[2026-09-17T01:19:49.500+0000] {processor.py:836} INFO - DAG(s) dict_keys(['example_external_task_marker_parent', 'example_external_task_marker_child']) retrieved from /home/vscode/.local/lib/python3.10/site-packages/airflow/example_dags/example_external_task_marker_dag.py
[2026-09-17T01:19:49.519+0000] {logging_mixin.py:150} INFO - [2026-09-17T01:19:49.519+0000] {dag.py:2742} INFO - Sync 2 DAGs
[2026-09-17T01:19:49.535+0000] {logging_mixin.py:150} INFO - [2026-09-17T01:19:49.535+0000] {dag.py:3504} INFO - Setting next_dagrun for example_external_task_marker_child to None, run_after=None
[2026-09-17T01:19:49.538+0000] {logging_mixin.py:150} INFO - [2026-09-17T01:19:49.538+0000] {dag.py:3504} INFO - Setting next_dagrun for example_external_task_marker_parent to None, run_after=None
[2026-09-17T01:19:49.553+0000] {processor.py:179} INFO - Processing /home/vscode/.local/lib/python3.10/site-packages/airflow/example_dags/example_external_task_marker_dag.py took 0.061 seconds
[2026-09-17T01:20:18.783+0000] {processor.py:157} INFO - Started process (PID=35473) to work on /home/vscode/.local/lib/python3.10/site-packages/airflow/example_dags/example_external_task_marker_dag.py
[2026-09-17T01:20:18.784+0000] {processor.py:826} INFO - Processing file /home/vscode/.local/lib/python3.10/site-packages/airflow/example_dags/example_external_task_marker_dag.py for tasks to queue
[2026-09-17T01:20:18.785+0000] {logging_mixin.py:150} INFO - [2026-09-17T01:20:18.785+0000] {dagbag.py:541} INFO - Filling up the DagBag from /home/vscode/.local/lib/python3.10/site-packages/airflow/example_dags/example_external_task_marker_dag.py
[2026-09-17T01:20:18.790+0000] {processor.py:836} INFO - DAG(s) dict_keys(['example_external_task_marker_child', 'example_external_task_marker_parent']) retrieved from /home/vscode/.local/lib/python3.10/site-packages/airflow/example_dags/example_external_task_marker_dag.py
[2026-09-17T01:20:18.805+0000] {logging_mixin.py:150} INFO - [2026-09-17T01:20:18.805+0000] {dag.py:2742} INFO - Sync 2 DAGs
[2026-09-17T01:20:18.819+0000] {logging_mixin.py:150} INFO - [2026-09-17T01:20:18.819+0000] {dag.py:3504} INFO - Setting next_dagrun for example_external_task_marker_child to None, run_after=None
[2026-09-17T01:20:18.821+0000] {logging_mixin.py:150} INFO - [2026-09-17T01:20:18.821+0000] {dag.py:3504} INFO - Setting next_dagrun for example_external_task_marker_parent to None, run_after=None
[2026-09-17T01:20:18.840+0000] {processor.py:179} INFO - Processing /home/vscode/.local/lib/python3.10/site-packages/airflow/example_dags/example_external_task_marker_dag.py took 0.060 seconds
[2026-09-17T01:20:38.750+0000] {processor.py:157} INFO - Started process (PID=35625) to work on /home/vscode/.local/lib/python3.10/site-packages/airflow/example_dags/example_external_task_marker_dag.py
[2026-09-17T01:20:38.751+0000] {processor.py:826} INFO - Processing file /home/vscode/.local/lib/python3.10/site-packages/airflow/example_dags/example_external_task_marker_dag.py for tasks to queue
[2026-09-17T01:20:38.751+0000] {logging_mixin.py:150} INFO - [2026-09-17T01:20:38.751+0000] {dagbag.py:541} INFO - Filling up the DagBag from /home/vscode/.local/lib/python3.10/site-packages/airflow/example_dags/example_external_task_marker_dag.py
[2026-09-17T01:20:38.756+0000] {processor.py:836} INFO - DAG(s) dict_keys(['example_external_task_marker_child', 'example_external_task_marker_parent']) retrieved from /home/vscode/.local/lib/python3.10/site-packages/airflow/example_dags/example_external_task_marker_dag.py
[2026-09-17T01:20:38.771+0000] {logging_mixin.py:150} INFO - [2026-09-17T01:20:38.771+0000] {dag.py:2742} INFO - Sync 2 DAGs
[2026-09-17T01:20:38.786+0000] {logging_mixin.py:150} INFO - [2026-09-17T01:20:38.786+0000] {dag.py:3504} INFO - Setting next_dagrun for example_external_task_marker_child to None, run_after=None
[2026-09-17T01:20:38.788+0000] {logging_mixin.py:150} INFO - [2026-09-17T01:20:38.788+0000] {dag.py:3504} INFO - Setting next_dagrun for example_external_task_marker_parent to None, run_after=None
[2026-09-17T01:20:38.805+0000] {processor.py:179} INFO - Processing /home/vscode/.local/lib/python3.10/site-packages/airflow/example_dags/example_external_task_marker_dag.py took 0.057 seconds
[2026-09-17T01:21:07.328+0000] {processor.py:157} INFO - Started process (PID=36100) to work on /home/vscode/.local/lib/python3.10/site-packages/airflow/example_dags/example_external_task_marker_dag.py
[2026-09-17T01:21:07.329+0000] {processor.py:826} INFO - Processing file /home/vscode/.local/lib/python3.10/site-packages/airflow/example_dags/example_external_task_marker_dag.py for tasks to queue
[2026-09-17T01:21:07.332+0000] {logging_mixin.py:150} INFO - [2026-09-17T01:21:07.332+0000] {dagbag.py:541} INFO - Filling up the DagBag from /home/vscode/.local/lib/python3.10/site-packages/airflow/example_dags/example_external_task_marker_dag.py
[2026-09-17T01:21:07.340+0000] {processor.py:836} INFO - DAG(s) dict_keys(['example_external_task_marker_parent', 'example_external_task_marker_child']) retrieved from /home/vscode/.local/lib/python3.10/site-packages/airflow/example_dags/example_external_task_marker_dag.py
[2026-09-17T01:21:07.363+0000] {logging_mixin.py:150} INFO - [2026-09-17T01:21:07.363+0000] {dag.py:2742} INFO - Sync 2 DAGs
[2026-09-17T01:21:07.393+0000] {logging_mixin.py:150} INFO - [2026-09-17T01:21:07.393+0000] {dag.py:3504} INFO - Setting next_dagrun for example_external_task_marker_child to None, run_after=None
[2026-09-17T01:21:07.397+0000] {logging_mixin.py:150} INFO - [2026-09-17T01:21:07.396+0000] {dag.py:3504} INFO - Setting next_dagrun for example_external_task_marker_parent to None, run_after=None
[2026-09-17T01:21:07.414+0000] {processor.py:179} INFO - Processing /home/vscode/.local/lib/python3.10/site-packages/airflow/example_dags/example_external_task_marker_dag.py took 0.093 seconds
[2026-09-17T01:21:26.445+0000] {processor.py:157} INFO - Started process (PID=36270) to work on /home/vscode/.local/lib/python3.10/site-packages/airflow/example_dags/example_external_task_marker_dag.py
[2026-09-17T01:21:26.446+0000] {processor.py:826} INFO - Processing file /home/vscode/.local/lib/python3.10/site-packages/airflow/example_dags/example_external_task_marker_dag.py for tasks to queue
[2026-09-17T01:21:26.446+0000] {logging_mixin.py:150} INFO - [2026-09-17T01:21:26.446+0000] {dagbag.py:541} INFO - Filling up the DagBag from /home/vscode/.local/lib/python3.10/site-packages/airflow/example_dags/example_external_task_marker_dag.py
[2026-09-17T01:21:26.451+0000] {processor.py:836} INFO - DAG(s) dict_keys(['example_external_task_marker_child', 'example_external_task_marker_parent']) retrieved from /home/vscode/.local/lib/python3.10/site-packages/airflow/example_dags/example_external_task_marker_dag.py
[2026-09-17T01:21:26.466+0000] {logging_mixin.py:150} INFO - [2026-09-17T01:21:26.466+0000] {dag.py:2742} INFO - Sync 2 DAGs
[2026-09-17T01:21:26.480+0000] {logging_mixin.py:150} INFO - [2026-09-17T01:21:26.480+0000] {dag.py:3504} INFO - Setting next_dagrun for example_external_task_marker_child to None, run_after=None
[2026-09-17T01:21:26.483+0000] {logging_mixin.py:150} INFO - [2026-09-17T01:21:26.483+0000] {dag.py:3504} INFO - Setting next_dagrun for example_external_task_marker_parent to None, run_after=None
[2026-09-17T01:21:26.504+0000] {processor.py:179} INFO - Processing /home/vscode/.local/lib/python3.10/site-packages/airflow/example_dags/example_external_task_marker_dag.py took 0.061 seconds
[2026-09-17T01:21:56.199+0000] {processor.py:157} INFO - Started process (PID=36655) to work on /home/vscode/.local/lib/python3.10/site-packages/airflow/example_dags/example_external_task_marker_dag.py
[2026-09-17T01:21:56.199+0000] {processor.py:826} INFO - Processing file /home/vscode/.local/lib/python3.10/site-packages/airflow/example_dags/example_external_task_marker_dag.py for tasks to queue
[2026-09-17T01:21:56.200+0000] {logging_mixin.py:150} INFO - [2026-09-17T01:21:56.200+0000] {dagbag.py:541} INFO - Filling up the DagBag from /home/vscode/.local/lib/python3.10/site-packages/airflow/example_dags/example_external_task_marker_dag.py
[2026-09-17T01:21:56.207+0000] {processor.py:836} INFO - DAG(s) dict_keys(['example_external_task_marker_parent', 'example_external_task_marker_child']) retrieved from /home/vscode/.local/lib/python3.10/site-packages/airflow/example_dags/example_external_task_marker_dag.py
[2026-09-17T01:21:56.224+0000] {logging_mixin.py:150} INFO - [2026-09-17T01:21:56.224+0000] {dag.py:2742} INFO - Sync 2 DAGs
[2026-09-17T01:21:56.239+0000] {logging_mixin.py:150} INFO - [2026-09-17T01:21:56.239+0000] {dag.py:3504} INFO - Setting next_dagrun for example_external_task_marker_child to None, run_after=None
[2026-09-17T01:21:56.241+0000] {logging_mixin.py:150} INFO - [2026-09-17T01:21:56.241+0000] {dag.py:3504} INFO - Setting next_dagrun for example_external_task_marker_parent to None, run_after=None
[2026-09-17T01:21:56.256+0000] {processor.py:179} INFO - Processing /home/vscode/.local/lib/python3.10/site-packages/airflow/example_dags/example_external_task_marker_dag.py took 0.060 seconds
[2026-09-17T01:22:16.966+0000] {processor.py:157} INFO - Started process (PID=36988) to work on /home/vscode/.local/lib/python3.10/site-packages/airflow/example_dags/example_external_task_marker_dag.py
[2026-09-17T01:22:16.966+0000] {processor.py:826} INFO - Processing file /home/vscode/.local/lib/python3.10/site-packages/airflow/example_dags/example_external_task_marker_dag.py for tasks to queue
[2026-09-17T01:22:16.967+0000] {logging_mixin.py:150} INFO - [2026-09-17T01:22:16.967+0000] {dagbag.py:541} INFO - Filling up the DagBag from /home/vscode/.local/lib/python3.10/site-packages/airflow/example_dags/example_external_task_marker_dag.py
[2026-09-17T01:22:16.972+0000] {processor.py:836} INFO - DAG(s) dict_keys(['example_external_task_marker_child', 'example_external_task_marker_parent']) retrieved from /home/vscode/.local/lib/python3.10/site-packages/airflow/example_dags/example_external_task_marker_dag.py
[2026-09-17T01:22:16.988+0000] {logging_mixin.py:150} INFO - [2026-09-17T01:22:16.988+0000] {dag.py:2742} INFO - Sync 2 DAGs
[2026-09-17T01:22:17.010+0000] {logging_mixin.py:150} INFO - [2026-09-17T01:22:17.010+0000] {dag.py:3504} INFO - Setting next_dagrun for example_external_task_marker_child to None, run_after=None
[2026-09-17T01:22:17.017+0000] {logging_mixin.py:150} INFO - [2026-09-17T01:22:17.016+0000] {dag.py:3504} INFO - Setting next_dagrun for example_external_task_marker_parent to None, run_after=None
[2026-09-17T01:22:17.041+0000] {processor.py:179} INFO - Processing /home/vscode/.local/lib/python3.10/site-packages/airflow/example_dags/example_external_task_marker_dag.py took 0.077 seconds
[2026-09-17T01:22:47.599+0000] {processor.py:157} INFO - Started process (PID=37291) to work on /home/vscode/.local/lib/python3.10/site-packages/airflow/example_dags/example_external_task_marker_dag.py
[2026-09-17T01:22:47.600+0000] {processor.py:826} INFO - Processing file /home/vscode/.local/lib/python3.10/site-packages/airflow/example_dags/example_external_task_marker_dag.py for tasks to queue
[2026-09-17T01:22:47.600+0000] {logging_mixin.py:150} INFO - [2026-09-17T01:22:47.600+0000] {dagbag.py:541} INFO - Filling up the DagBag from /home/vscode/.local/lib/python3.10/site-packages/airflow/example_dags/example_external_task_marker_dag.py
[2026-09-17T01:22:47.605+0000] {processor.py:836} INFO - DAG(s) dict_keys(['example_external_task_marker_parent', 'example_external_task_marker_child']) retrieved from /home/vscode/.local/lib/python3.10/site-packages/airflow/example_dags/example_external_task_marker_dag.py
[2026-09-17T01:22:47.622+0000] {logging_mixin.py:150} INFO - [2026-09-17T01:22:47.622+0000] {dag.py:2742} INFO - Sync 2 DAGs
[2026-09-17T01:22:47.638+0000] {logging_mixin.py:150} INFO - [2026-09-17T01:22:47.638+0000] {dag.py:3504} INFO - Setting next_dagrun for example_external_task_marker_child to None, run_after=None
[2026-09-17T01:22:47.640+0000] {logging_mixin.py:150} INFO - [2026-09-17T01:22:47.640+0000] {dag.py:3504} INFO - Setting next_dagrun for example_external_task_marker_parent to None, run_after=None
[2026-09-17T01:22:47.655+0000] {processor.py:179} INFO - Processing /home/vscode/.local/lib/python3.10/site-packages/airflow/example_dags/example_external_task_marker_dag.py took 0.059 seconds
[2026-09-17T01:23:02.217+0000] {processor.py:157} INFO - Started process (PID=37420) to work on /home/vscode/.local/lib/python3.10/site-packages/airflow/example_dags/example_external_task_marker_dag.py
[2026-09-17T01:23:02.218+0000] {processor.py:826} INFO - Processing file /home/vscode/.local/lib/python3.10/site-packages/airflow/example_dags/example_external_task_marker_dag.py for tasks to queue
[2026-09-17T01:23:02.219+0000] {logging_mixin.py:150} INFO - [2026-09-17T01:23:02.218+0000] {dagbag.py:541} INFO - Filling up the DagBag from /home/vscode/.local/lib/python3.10/site-packages/airflow/example_dags/example_external_task_marker_dag.py
[2026-09-17T01:23:02.225+0000] {processor.py:836} INFO - DAG(s) dict_keys(['example_external_task_marker_parent', 'example_external_task_marker_child']) retrieved from /home/vscode/.local/lib/python3.10/site-packages/airflow/example_dags/example_external_task_marker_dag.py
[2026-09-17T01:23:02.240+0000] {logging_mixin.py:150} INFO - [2026-09-17T01:23:02.240+0000] {dag.py:2742} INFO - Sync 2 DAGs
[2026-09-17T01:23:02.255+0000] {logging_mixin.py:150} INFO - [2026-09-17T01:23:02.255+0000] {dag.py:3504} INFO - Setting next_dagrun for example_external_task_marker_child to None, run_after=None
[2026-09-17T01:23:02.257+0000] {logging_mixin.py:150} INFO - [2026-09-17T01:23:02.257+0000] {dag.py:3504} INFO - Setting next_dagrun for example_external_task_marker_parent to None, run_after=None
[2026-09-17T01:23:02.273+0000] {processor.py:179} INFO - Processing /home/vscode/.local/lib/python3.10/site-packages/airflow/example_dags/example_external_task_marker_dag.py took 0.059 seconds
[2026-09-17T01:23:33.276+0000] {processor.py:157} INFO - Started process (PID=37734) to work on /home/vscode/.local/lib/python3.10/site-packages/airflow/example_dags/example_external_task_marker_dag.py
[2026-09-17T01:23:33.277+0000] {processor.py:826} INFO - Processing file /home/vscode/.local/lib/python3.10/site-packages/airflow/example_dags/example_external_task_marker_dag.py for tasks to queue
[2026-09-17T01:23:33.278+0000] {logging_mixin.py:150} INFO - [2026-09-17T01:23:33.277+0000] {dagbag.py:541} INFO - Filling up the DagBag from /home/vscode/.local/lib/python3.10/site-packages/airflow/example_dags/example_external_task_marker_dag.py
[2026-09-17T01:23:33.284+0000] {processor.py:836} INFO - DAG(s) dict_keys(['example_external_task_marker_child', 'example_external_task_marker_parent']) retrieved from /home/vscode/.local/lib/python3.10/site-packages/airflow/example_dags/example_external_task_marker_dag.py
[2026-09-17T01:23:33.302+0000] {logging_mixin.py:150} INFO - [2026-09-17T01:23:33.302+0000] {dag.py:2742} INFO - Sync 2 DAGs
[2026-09-17T01:23:33.317+0000] {logging_mixin.py:150} INFO - [2026-09-17T01:23:33.317+0000] {dag.py:3504} INFO - Setting next_dagrun for example_external_task_marker_child to None, run_after=None
[2026-09-17T01:23:33.320+0000] {logging_mixin.py:150} INFO - [2026-09-17T01:23:33.320+0000] {dag.py:3504} INFO - Setting next_dagrun for example_external_task_marker_parent to None, run_after=None
[2026-09-17T01:23:33.336+0000] {processor.py:179} INFO - Processing /home/vscode/.local/lib/python3.10/site-packages/airflow/example_dags/example_external_task_marker_dag.py took 0.062 seconds
[2026-09-17T01:23:52.793+0000] {processor.py:157} INFO - Started process (PID=37882) to work on /home/vscode/.local/lib/python3.10/site-packages/airflow/example_dags/example_external_task_marker_dag.py
[2026-09-17T01:23:52.794+0000] {processor.py:826} INFO - Processing file /home/vscode/.local/lib/python3.10/site-packages/airflow/example_dags/example_external_task_marker_dag.py for tasks to queue
[2026-09-17T01:23:52.795+0000] {logging_mixin.py:150} INFO - [2026-09-17T01:23:52.794+0000] {dagbag.py:541} INFO - Filling up the DagBag from /home/vscode/.local/lib/python3.10/site-packages/airflow/example_dags/example_external_task_marker_dag.py
[2026-09-17T01:23:52.799+0000] {processor.py:836} INFO - DAG(s) dict_keys(['example_external_task_marker_child', 'example_external_task_marker_parent']) retrieved from /home/vscode/.local/lib/python3.10/site-packages/airflow/example_dags/example_external_task_marker_dag.py
[2026-09-17T01:23:52.818+0000] {logging_mixin.py:150} INFO - [2026-09-17T01:23:52.818+0000] {dag.py:2742} INFO - Sync 2 DAGs
[2026-09-17T01:23:52.833+0000] {logging_mixin.py:150} INFO - [2026-09-17T01:23:52.833+0000] {dag.py:3504} INFO - Setting next_dagrun for example_external_task_marker_child to None, run_after=None
[2026-09-17T01:23:52.835+0000] {logging_mixin.py:150} INFO - [2026-09-17T01:23:52.835+0000] {dag.py:3504} INFO - Setting next_dagrun for example_external_task_marker_parent to None, run_after=None
[2026-09-17T01:23:52.850+0000] {processor.py:179} INFO - Processing /home/vscode/.local/lib/python3.10/site-packages/airflow/example_dags/example_external_task_marker_dag.py took 0.061 seconds
[2026-09-17T01:24:25.962+0000] {processor.py:157} INFO - Started process (PID=38390) to work on /home/vscode/.local/lib/python3.10/site-packages/airflow/example_dags/example_external_task_marker_dag.py
[2026-09-17T01:24:25.963+0000] {processor.py:826} INFO - Processing file /home/vscode/.local/lib/python3.10/site-packages/airflow/example_dags/example_external_task_marker_dag.py for tasks to queue
[2026-09-17T01:24:25.964+0000] {logging_mixin.py:150} INFO - [2026-09-17T01:24:25.963+0000] {dagbag.py:541} INFO - Filling up the DagBag from /home/vscode/.local/lib/python3.10/site-packages/airflow/example_dags/example_external_task_marker_dag.py
[2026-09-17T01:24:25.971+0000] {processor.py:836} INFO - DAG(s) dict_keys(['example_external_task_marker_parent', 'example_external_task_marker_child']) retrieved from /home/vscode/.local/lib/python3.10/site-packages/airflow/example_dags/example_external_task_marker_dag.py
[2026-09-17T01:24:26.000+0000] {logging_mixin.py:150} INFO - [2026-09-17T01:24:25.995+0000] {dag.py:2742} INFO - Sync 2 DAGs
[2026-09-17T01:24:26.027+0000] {logging_mixin.py:150} INFO - [2026-09-17T01:24:26.027+0000] {dag.py:3504} INFO - Setting next_dagrun for example_external_task_marker_child to None, run_after=None
[2026-09-17T01:24:26.029+0000] {logging_mixin.py:150} INFO - [2026-09-17T01:24:26.029+0000] {dag.py:3504} INFO - Setting next_dagrun for example_external_task_marker_parent to None, run_after=None
[2026-09-17T01:24:26.048+0000] {processor.py:179} INFO - Processing /home/vscode/.local/lib/python3.10/site-packages/airflow/example_dags/example_external_task_marker_dag.py took 0.089 seconds
