[2026-09-17T00:56:02.247+0000] {processor.py:157} INFO - Started process (PID=22311) to work on /home/vscode/.local/lib/python3.10/site-packages/airflow/example_dags/example_branch_day_of_week_operator.py
[2026-09-17T00:56:02.248+0000] {processor.py:826} INFO - Processing file /home/vscode/.local/lib/python3.10/site-packages/airflow/example_dags/example_branch_day_of_week_operator.py for tasks to queue
[2026-09-17T00:56:02.249+0000] {logging_mixin.py:150} INFO - [2026-09-17T00:56:02.249+0000] {dagbag.py:541} INFO - Filling up the DagBag from /home/vscode/.local/lib/python3.10/site-packages/airflow/example_dags/example_branch_day_of_week_operator.py
[2026-09-17T00:56:02.258+0000] {processor.py:836} INFO - DAG(s) dict_keys(['example_weekday_branch_operator']) retrieved from /home/vscode/.local/lib/python3.10/site-packages/airflow/example_dags/example_branch_day_of_week_operator.py
[2026-09-17T00:56:02.513+0000] {logging_mixin.py:150} INFO - [2026-09-17T00:56:02.512+0000] {manager.py:504} INFO - Created Permission View: can delete on DAG:example_weekday_branch_operator
[2026-09-17T00:56:02.528+0000] {logging_mixin.py:150} INFO - [2026-09-17T00:56:02.527+0000] {manager.py:504} INFO - Created Permission View: can edit on DAG:example_weekday_branch_operator
[2026-09-17T00:56:02.570+0000] {logging_mixin.py:150} INFO - [2026-09-17T00:56:02.570+0000] {manager.py:504} INFO - Created Permission View: can read on DAG:example_weekday_branch_operator
[2026-09-17T00:56:02.584+0000] {logging_mixin.py:150} INFO - [2026-09-17T00:56:02.583+0000] {dag.py:2742} INFO - Sync 1 DAGs
[2026-09-17T00:56:02.595+0000] {logging_mixin.py:150} INFO - [2026-09-17T00:56:02.595+0000] {dag.py:2763} INFO - Creating ORM DAG for example_weekday_branch_operator
[2026-09-17T00:56:02.608+0000] {logging_mixin.py:150} INFO - [2026-09-17T00:56:02.608+0000] {dag.py:3504} INFO - Setting next_dagrun for example_weekday_branch_operator to 2026-09-16T00:00:00+00:00, run_after=2026-09-17T00:00:00+00:00
[2026-09-17T00:56:02.669+0000] {processor.py:179} INFO - Processing /home/vscode/.local/lib/python3.10/site-packages/airflow/example_dags/example_branch_day_of_week_operator.py took 0.420 seconds
[2026-09-17T00:56:25.745+0000] {processor.py:157} INFO - Started process (PID=22497) to work on /home/vscode/.local/lib/python3.10/site-packages/airflow/example_dags/example_branch_day_of_week_operator.py
[2026-09-17T00:56:25.747+0000] {processor.py:826} INFO - Processing file /home/vscode/.local/lib/python3.10/site-packages/airflow/example_dags/example_branch_day_of_week_operator.py for tasks to queue
[2026-09-17T00:56:25.748+0000] {logging_mixin.py:150} INFO - [2026-09-17T00:56:25.748+0000] {dagbag.py:541} INFO - Filling up the DagBag from /home/vscode/.local/lib/python3.10/site-packages/airflow/example_dags/example_branch_day_of_week_operator.py
[2026-09-17T00:56:25.757+0000] {processor.py:836} INFO - DAG(s) dict_keys(['example_weekday_branch_operator']) retrieved from /home/vscode/.local/lib/python3.10/site-packages/airflow/example_dags/example_branch_day_of_week_operator.py
[2026-09-17T00:56:25.766+0000] {logging_mixin.py:150} INFO - [2026-09-17T00:56:25.766+0000] {dag.py:2742} INFO - Sync 1 DAGs
[2026-09-17T00:56:25.790+0000] {logging_mixin.py:150} INFO - [2026-09-17T00:56:25.790+0000] {dag.py:3504} INFO - Setting next_dagrun for example_weekday_branch_operator to 2026-09-16T00:00:00+00:00, run_after=2026-09-17T00:00:00+00:00
[2026-09-17T00:56:25.816+0000] {processor.py:179} INFO - Processing /home/vscode/.local/lib/python3.10/site-packages/airflow/example_dags/example_branch_day_of_week_operator.py took 0.077 seconds
[2026-09-17T00:57:07.580+0000] {processor.py:157} INFO - Started process (PID=22900) to work on /home/vscode/.local/lib/python3.10/site-packages/airflow/example_dags/example_branch_day_of_week_operator.py
[2026-09-17T00:57:07.583+0000] {processor.py:826} INFO - Processing file /home/vscode/.local/lib/python3.10/site-packages/airflow/example_dags/example_branch_day_of_week_operator.py for tasks to queue
[2026-09-17T00:57:07.584+0000] {logging_mixin.py:150} INFO - [2026-09-17T00:57:07.583+0000] {dagbag.py:541} INFO - Filling up the DagBag from /home/vscode/.local/lib/python3.10/site-packages/airflow/example_dags/example_branch_day_of_week_operator.py
[2026-09-17T00:57:07.596+0000] {processor.py:836} INFO - DAG(s) dict_keys(['example_weekday_branch_operator']) retrieved from /home/vscode/.local/lib/python3.10/site-packages/airflow/example_dags/example_branch_day_of_week_operator.py
[2026-09-17T00:57:07.633+0000] {logging_mixin.py:150} INFO - [2026-09-17T00:57:07.633+0000] {dag.py:2742} INFO - Sync 1 DAGs
[2026-09-17T00:57:07.668+0000] {logging_mixin.py:150} INFO - [2026-09-17T00:57:07.668+0000] {dag.py:3504} INFO - Setting next_dagrun for example_weekday_branch_operator to 2026-09-16T00:00:00+00:00, run_after=2026-09-17T00:00:00+00:00
[2026-09-17T00:57:07.691+0000] {processor.py:179} INFO - Processing /home/vscode/.local/lib/python3.10/site-packages/airflow/example_dags/example_branch_day_of_week_operator.py took 0.115 seconds
[2026-09-17T00:57:26.071+0000] {processor.py:157} INFO - Started process (PID=23043) to work on /home/vscode/.local/lib/python3.10/site-packages/airflow/example_dags/example_branch_day_of_week_operator.py
[2026-09-17T00:57:26.072+0000] {processor.py:826} INFO - Processing file /home/vscode/.local/lib/python3.10/site-packages/airflow/example_dags/example_branch_day_of_week_operator.py for tasks to queue
[2026-09-17T00:57:26.074+0000] {logging_mixin.py:150} INFO - [2026-09-17T00:57:26.073+0000] {dagbag.py:541} INFO - Filling up the DagBag from /home/vscode/.local/lib/python3.10/site-packages/airflow/example_dags/example_branch_day_of_week_operator.py
[2026-09-17T00:57:26.083+0000] {processor.py:836} INFO - DAG(s) dict_keys(['example_weekday_branch_operator']) retrieved from /home/vscode/.local/lib/python3.10/site-packages/airflow/example_dags/example_branch_day_of_week_operator.py
[2026-09-17T00:57:26.105+0000] {logging_mixin.py:150} INFO - [2026-09-17T00:57:26.104+0000] {dag.py:2742} INFO - Sync 1 DAGs
[2026-09-17T00:57:26.121+0000] {logging_mixin.py:150} INFO - [2026-09-17T00:57:26.121+0000] {dag.py:3504} INFO - Setting next_dagrun for example_weekday_branch_operator to 2026-09-16T00:00:00+00:00, run_after=2026-09-17T00:00:00+00:00
[2026-09-17T00:57:26.138+0000] {processor.py:179} INFO - Processing /home/vscode/.local/lib/python3.10/site-packages/airflow/example_dags/example_branch_day_of_week_operator.py took 0.070 seconds
[2026-09-17T00:58:00.428+0000] {processor.py:157} INFO - Started process (PID=23311) to work on /home/vscode/.local/lib/python3.10/site-packages/airflow/example_dags/example_branch_day_of_week_operator.py
[2026-09-17T00:58:00.429+0000] {processor.py:826} INFO - Processing file /home/vscode/.local/lib/python3.10/site-packages/airflow/example_dags/example_branch_day_of_week_operator.py for tasks to queue
[2026-09-17T00:58:00.430+0000] {logging_mixin.py:150} INFO - [2026-09-17T00:58:00.429+0000] {dagbag.py:541} INFO - Filling up the DagBag from /home/vscode/.local/lib/python3.10/site-packages/airflow/example_dags/example_branch_day_of_week_operator.py
[2026-09-17T00:58:00.436+0000] {processor.py:836} INFO - DAG(s) dict_keys(['example_weekday_branch_operator']) retrieved from /home/vscode/.local/lib/python3.10/site-packages/airflow/example_dags/example_branch_day_of_week_operator.py
[2026-09-17T00:58:00.449+0000] {logging_mixin.py:150} INFO - [2026-09-17T00:58:00.449+0000] {dag.py:2742} INFO - Sync 1 DAGs
[2026-09-17T00:58:00.465+0000] {logging_mixin.py:150} INFO - [2026-09-17T00:58:00.465+0000] {dag.py:3504} INFO - Setting next_dagrun for example_weekday_branch_operator to 2026-09-16T00:00:00+00:00, run_after=2026-09-17T00:00:00+00:00
[2026-09-17T00:58:00.482+0000] {processor.py:179} INFO - Processing /home/vscode/.local/lib/python3.10/site-packages/airflow/example_dags/example_branch_day_of_week_operator.py took 0.057 seconds
[2026-09-17T00:58:18.746+0000] {processor.py:157} INFO - Started process (PID=23479) to work on /home/vscode/.local/lib/python3.10/site-packages/airflow/example_dags/example_branch_day_of_week_operator.py
[2026-09-17T00:58:18.747+0000] {processor.py:826} INFO - Processing file /home/vscode/.local/lib/python3.10/site-packages/airflow/example_dags/example_branch_day_of_week_operator.py for tasks to queue
[2026-09-17T00:58:18.748+0000] {logging_mixin.py:150} INFO - [2026-09-17T00:58:18.747+0000] {dagbag.py:541} INFO - Filling up the DagBag from /home/vscode/.local/lib/python3.10/site-packages/airflow/example_dags/example_branch_day_of_week_operator.py
[2026-09-17T00:58:18.754+0000] {processor.py:836} INFO - DAG(s) dict_keys(['example_weekday_branch_operator']) retrieved from /home/vscode/.local/lib/python3.10/site-packages/airflow/example_dags/example_branch_day_of_week_operator.py
[2026-09-17T00:58:18.767+0000] {logging_mixin.py:150} INFO - [2026-09-17T00:58:18.767+0000] {dag.py:2742} INFO - Sync 1 DAGs
[2026-09-17T00:58:18.784+0000] {logging_mixin.py:150} INFO - [2026-09-17T00:58:18.783+0000] {dag.py:3504} INFO - Setting next_dagrun for example_weekday_branch_operator to 2026-09-16T00:00:00+00:00, run_after=2026-09-17T00:00:00+00:00
[2026-09-17T00:58:18.805+0000] {processor.py:179} INFO - Processing /home/vscode/.local/lib/python3.10/site-packages/airflow/example_dags/example_branch_day_of_week_operator.py took 0.061 seconds
[2026-09-17T00:58:48.679+0000] {processor.py:157} INFO - Started process (PID=23838) to work on /home/vscode/.local/lib/python3.10/site-packages/airflow/example_dags/example_branch_day_of_week_operator.py
[2026-09-17T00:58:48.681+0000] {processor.py:826} INFO - Processing file /home/vscode/.local/lib/python3.10/site-packages/airflow/example_dags/example_branch_day_of_week_operator.py for tasks to queue
[2026-09-17T00:58:48.685+0000] {logging_mixin.py:150} INFO - [2026-09-17T00:58:48.684+0000] {dagbag.py:541} INFO - Filling up the DagBag from /home/vscode/.local/lib/python3.10/site-packages/airflow/example_dags/example_branch_day_of_week_operator.py
[2026-09-17T00:58:48.715+0000] {processor.py:836} INFO - DAG(s) dict_keys(['example_weekday_branch_operator']) retrieved from /home/vscode/.local/lib/python3.10/site-packages/airflow/example_dags/example_branch_day_of_week_operator.py
[2026-09-17T00:58:48.789+0000] {logging_mixin.py:150} INFO - [2026-09-17T00:58:48.787+0000] {dag.py:2742} INFO - Sync 1 DAGs
[2026-09-17T00:58:48.851+0000] {logging_mixin.py:150} INFO - [2026-09-17T00:58:48.849+0000] {dag.py:3504} INFO - Setting next_dagrun for example_weekday_branch_operator to 2026-09-16T00:00:00+00:00, run_after=2026-09-17T00:00:00+00:00
[2026-09-17T00:58:48.906+0000] {processor.py:179} INFO - Processing /home/vscode/.local/lib/python3.10/site-packages/airflow/example_dags/example_branch_day_of_week_operator.py took 0.234 seconds
[2026-09-17T00:59:12.428+0000] {processor.py:157} INFO - Started process (PID=24124) to work on /home/vscode/.local/lib/python3.10/site-packages/airflow/example_dags/example_branch_day_of_week_operator.py
[2026-09-17T00:59:12.429+0000] {processor.py:826} INFO - Processing file /home/vscode/.local/lib/python3.10/site-packages/airflow/example_dags/example_branch_day_of_week_operator.py for tasks to queue
[2026-09-17T00:59:12.429+0000] {logging_mixin.py:150} INFO - [2026-09-17T00:59:12.429+0000] {dagbag.py:541} INFO - Filling up the DagBag from /home/vscode/.local/lib/python3.10/site-packages/airflow/example_dags/example_branch_day_of_week_operator.py
[2026-09-17T00:59:12.436+0000] {processor.py:836} INFO - DAG(s) dict_keys(['example_weekday_branch_operator']) retrieved from /home/vscode/.local/lib/python3.10/site-packages/airflow/example_dags/example_branch_day_of_week_operator.py
[2026-09-17T00:59:12.449+0000] {logging_mixin.py:150} INFO - [2026-09-17T00:59:12.449+0000] {dag.py:2742} INFO - Sync 1 DAGs
[2026-09-17T00:59:12.464+0000] {logging_mixin.py:150} INFO - [2026-09-17T00:59:12.464+0000] {dag.py:3504} INFO - Setting next_dagrun for example_weekday_branch_operator to 2026-09-16T00:00:00+00:00, run_after=2026-09-17T00:00:00+00:00
[2026-09-17T00:59:12.481+0000] {processor.py:179} INFO - Processing /home/vscode/.local/lib/python3.10/site-packages/airflow/example_dags/example_branch_day_of_week_operator.py took 0.055 seconds
[2026-09-17T00:59:39.011+0000] {processor.py:157} INFO - Started process (PID=24475) to work on /home/vscode/.local/lib/python3.10/site-packages/airflow/example_dags/example_branch_day_of_week_operator.py
[2026-09-17T00:59:39.014+0000] {processor.py:826} INFO - Processing file /home/vscode/.local/lib/python3.10/site-packages/airflow/example_dags/example_branch_day_of_week_operator.py for tasks to queue
[2026-09-17T00:59:39.015+0000] {logging_mixin.py:150} INFO - [2026-09-17T00:59:39.014+0000] {dagbag.py:541} INFO - Filling up the DagBag from /home/vscode/.local/lib/python3.10/site-packages/airflow/example_dags/example_branch_day_of_week_operator.py
[2026-09-17T00:59:39.026+0000] {processor.py:836} INFO - DAG(s) dict_keys(['example_weekday_branch_operator']) retrieved from /home/vscode/.local/lib/python3.10/site-packages/airflow/example_dags/example_branch_day_of_week_operator.py
[2026-09-17T00:59:39.047+0000] {logging_mixin.py:150} INFO - [2026-09-17T00:59:39.047+0000] {dag.py:2742} INFO - Sync 1 DAGs
[2026-09-17T00:59:39.071+0000] {logging_mixin.py:150} INFO - [2026-09-17T00:59:39.071+0000] {dag.py:3504} INFO - Setting next_dagrun for example_weekday_branch_operator to 2026-09-16T00:00:00+00:00, run_after=2026-09-17T00:00:00+00:00
[2026-09-17T00:59:39.102+0000] {processor.py:179} INFO - Processing /home/vscode/.local/lib/python3.10/site-packages/airflow/example_dags/example_branch_day_of_week_operator.py took 0.096 seconds
[2026-09-17T01:00:05.199+0000] {processor.py:157} INFO - Started process (PID=24876) to work on /home/vscode/.local/lib/python3.10/site-packages/airflow/example_dags/example_branch_day_of_week_operator.py
[2026-09-17T01:00:05.200+0000] {processor.py:826} INFO - Processing file /home/vscode/.local/lib/python3.10/site-packages/airflow/example_dags/example_branch_day_of_week_operator.py for tasks to queue
[2026-09-17T01:00:05.201+0000] {logging_mixin.py:150} INFO - [2026-09-17T01:00:05.201+0000] {dagbag.py:541} INFO - Filling up the DagBag from /home/vscode/.local/lib/python3.10/site-packages/airflow/example_dags/example_branch_day_of_week_operator.py
[2026-09-17T01:00:05.208+0000] {processor.py:836} INFO - DAG(s) dict_keys(['example_weekday_branch_operator']) retrieved from /home/vscode/.local/lib/python3.10/site-packages/airflow/example_dags/example_branch_day_of_week_operator.py
[2026-09-17T01:00:05.222+0000] {logging_mixin.py:150} INFO - [2026-09-17T01:00:05.222+0000] {dag.py:2742} INFO - Sync 1 DAGs
[2026-09-17T01:00:05.238+0000] {logging_mixin.py:150} INFO - [2026-09-17T01:00:05.238+0000] {dag.py:3504} INFO - Setting next_dagrun for example_weekday_branch_operator to 2026-09-16T00:00:00+00:00, run_after=2026-09-17T00:00:00+00:00
[2026-09-17T01:00:05.257+0000] {processor.py:179} INFO - Processing /home/vscode/.local/lib/python3.10/site-packages/airflow/example_dags/example_branch_day_of_week_operator.py took 0.060 seconds
[2026-09-17T01:00:33.326+0000] {processor.py:157} INFO - Started process (PID=25256) to work on /home/vscode/.local/lib/python3.10/site-packages/airflow/example_dags/example_branch_day_of_week_operator.py
[2026-09-17T01:00:33.326+0000] {processor.py:826} INFO - Processing file /home/vscode/.local/lib/python3.10/site-packages/airflow/example_dags/example_branch_day_of_week_operator.py for tasks to queue
[2026-09-17T01:00:33.327+0000] {logging_mixin.py:150} INFO - [2026-09-17T01:00:33.327+0000] {dagbag.py:541} INFO - Filling up the DagBag from /home/vscode/.local/lib/python3.10/site-packages/airflow/example_dags/example_branch_day_of_week_operator.py
[2026-09-17T01:00:33.333+0000] {processor.py:836} INFO - DAG(s) dict_keys(['example_weekday_branch_operator']) retrieved from /home/vscode/.local/lib/python3.10/site-packages/airflow/example_dags/example_branch_day_of_week_operator.py
[2026-09-17T01:00:33.348+0000] {logging_mixin.py:150} INFO - [2026-09-17T01:00:33.348+0000] {dag.py:2742} INFO - Sync 1 DAGs
[2026-09-17T01:00:33.363+0000] {logging_mixin.py:150} INFO - [2026-09-17T01:00:33.363+0000] {dag.py:3504} INFO - Setting next_dagrun for example_weekday_branch_operator to 2026-09-16T00:00:00+00:00, run_after=2026-09-17T00:00:00+00:00
[2026-09-17T01:00:33.385+0000] {processor.py:179} INFO - Processing /home/vscode/.local/lib/python3.10/site-packages/airflow/example_dags/example_branch_day_of_week_operator.py took 0.061 seconds
[2026-09-17T01:00:55.196+0000] {processor.py:157} INFO - Started process (PID=25469) to work on /home/vscode/.local/lib/python3.10/site-packages/airflow/example_dags/example_branch_day_of_week_operator.py
[2026-09-17T01:00:55.197+0000] {processor.py:826} INFO - Processing file /home/vscode/.local/lib/python3.10/site-packages/airflow/example_dags/example_branch_day_of_week_operator.py for tasks to queue
[2026-09-17T01:00:55.198+0000] {logging_mixin.py:150} INFO - [2026-09-17T01:00:55.197+0000] {dagbag.py:541} INFO - Filling up the DagBag from /home/vscode/.local/lib/python3.10/site-packages/airflow/example_dags/example_branch_day_of_week_operator.py
[2026-09-17T01:00:55.210+0000] {processor.py:836} INFO - DAG(s) dict_keys(['example_weekday_branch_operator']) retrieved from /home/vscode/.local/lib/python3.10/site-packages/airflow/example_dags/example_branch_day_of_week_operator.py
[2026-09-17T01:00:55.231+0000] {logging_mixin.py:150} INFO - [2026-09-17T01:00:55.231+0000] {dag.py:2742} INFO - Sync 1 DAGs
[2026-09-17T01:00:55.255+0000] {logging_mixin.py:150} INFO - [2026-09-17T01:00:55.254+0000] {dag.py:3504} INFO - Setting next_dagrun for example_weekday_branch_operator to 2026-09-16T00:00:00+00:00, run_after=2026-09-17T00:00:00+00:00
[2026-09-17T01:00:55.327+0000] {processor.py:179} INFO - Processing /home/vscode/.local/lib/python3.10/site-packages/airflow/example_dags/example_branch_day_of_week_operator.py took 0.134 seconds
[2026-09-17T01:01:26.021+0000] {processor.py:157} INFO - Started process (PID=25730) to work on /home/vscode/.local/lib/python3.10/site-packages/airflow/example_dags/example_branch_day_of_week_operator.py
[2026-09-17T01:01:26.022+0000] {processor.py:826} INFO - Processing file /home/vscode/.local/lib/python3.10/site-packages/airflow/example_dags/example_branch_day_of_week_operator.py for tasks to queue
[2026-09-17T01:01:26.023+0000] {logging_mixin.py:150} INFO - [2026-09-17T01:01:26.022+0000] {dagbag.py:541} INFO - Filling up the DagBag from /home/vscode/.local/lib/python3.10/site-packages/airflow/example_dags/example_branch_day_of_week_operator.py
[2026-09-17T01:01:26.029+0000] {processor.py:836} INFO - DAG(s) dict_keys(['example_weekday_branch_operator']) retrieved from /home/vscode/.local/lib/python3.10/site-packages/airflow/example_dags/example_branch_day_of_week_operator.py
[2026-09-17T01:01:26.046+0000] {logging_mixin.py:150} INFO - [2026-09-17T01:01:26.045+0000] {dag.py:2742} INFO - Sync 1 DAGs
[2026-09-17T01:01:26.065+0000] {logging_mixin.py:150} INFO - [2026-09-17T01:01:26.065+0000] {dag.py:3504} INFO - Setting next_dagrun for example_weekday_branch_operator to 2026-09-16T00:00:00+00:00, run_after=2026-09-17T00:00:00+00:00
[2026-09-17T01:01:26.083+0000] {processor.py:179} INFO - Processing /home/vscode/.local/lib/python3.10/site-packages/airflow/example_dags/example_branch_day_of_week_operator.py took 0.064 seconds
[2026-09-17T01:01:43.889+0000] {processor.py:157} INFO - Started process (PID=25864) to work on /home/vscode/.local/lib/python3.10/site-packages/airflow/example_dags/example_branch_day_of_week_operator.py
[2026-09-17T01:01:43.890+0000] {processor.py:826} INFO - Processing file /home/vscode/.local/lib/python3.10/site-packages/airflow/example_dags/example_branch_day_of_week_operator.py for tasks to queue
[2026-09-17T01:01:43.891+0000] {logging_mixin.py:150} INFO - [2026-09-17T01:01:43.891+0000] {dagbag.py:541} INFO - Filling up the DagBag from /home/vscode/.local/lib/python3.10/site-packages/airflow/example_dags/example_branch_day_of_week_operator.py
[2026-09-17T01:01:43.899+0000] {processor.py:836} INFO - DAG(s) dict_keys(['example_weekday_branch_operator']) retrieved from /home/vscode/.local/lib/python3.10/site-packages/airflow/example_dags/example_branch_day_of_week_operator.py
[2026-09-17T01:01:43.914+0000] {logging_mixin.py:150} INFO - [2026-09-17T01:01:43.914+0000] {dag.py:2742} INFO - Sync 1 DAGs
[2026-09-17T01:01:43.930+0000] {logging_mixin.py:150} INFO - [2026-09-17T01:01:43.930+0000] {dag.py:3504} INFO - Setting next_dagrun for example_weekday_branch_operator to 2026-09-16T00:00:00+00:00, run_after=2026-09-17T00:00:00+00:00
[2026-09-17T01:01:43.947+0000] {processor.py:179} INFO - Processing /home/vscode/.local/lib/python3.10/site-packages/airflow/example_dags/example_branch_day_of_week_operator.py took 0.061 seconds
[2026-09-17T01:02:18.145+0000] {processor.py:157} INFO - Started process (PID=26162) to work on /home/vscode/.local/lib/python3.10/site-packages/airflow/example_dags/example_branch_day_of_week_operator.py
[2026-09-17T01:02:18.145+0000] {processor.py:826} INFO - Processing file /home/vscode/.local/lib/python3.10/site-packages/airflow/example_dags/example_branch_day_of_week_operator.py for tasks to queue
[2026-09-17T01:02:18.146+0000] {logging_mixin.py:150} INFO - [2026-09-17T01:02:18.146+0000] {dagbag.py:541} INFO - Filling up the DagBag from /home/vscode/.local/lib/python3.10/site-packages/airflow/example_dags/example_branch_day_of_week_operator.py
[2026-09-17T01:02:18.152+0000] {processor.py:836} INFO - DAG(s) dict_keys(['example_weekday_branch_operator']) retrieved from /home/vscode/.local/lib/python3.10/site-packages/airflow/example_dags/example_branch_day_of_week_operator.py
[2026-09-17T01:02:18.166+0000] {logging_mixin.py:150} INFO - [2026-09-17T01:02:18.166+0000] {dag.py:2742} INFO - Sync 1 DAGs
[2026-09-17T01:02:18.183+0000] {logging_mixin.py:150} INFO - [2026-09-17T01:02:18.182+0000] {dag.py:3504} INFO - Setting next_dagrun for example_weekday_branch_operator to 2026-09-16T00:00:00+00:00, run_after=2026-09-17T00:00:00+00:00
[2026-09-17T01:02:18.203+0000] {processor.py:179} INFO - Processing /home/vscode/.local/lib/python3.10/site-packages/airflow/example_dags/example_branch_day_of_week_operator.py took 0.061 seconds
[2026-09-17T01:02:29.412+0000] {processor.py:157} INFO - Started process (PID=26254) to work on /home/vscode/.local/lib/python3.10/site-packages/airflow/example_dags/example_branch_day_of_week_operator.py
[2026-09-17T01:02:29.413+0000] {processor.py:826} INFO - Processing file /home/vscode/.local/lib/python3.10/site-packages/airflow/example_dags/example_branch_day_of_week_operator.py for tasks to queue
[2026-09-17T01:02:29.414+0000] {logging_mixin.py:150} INFO - [2026-09-17T01:02:29.413+0000] {dagbag.py:541} INFO - Filling up the DagBag from /home/vscode/.local/lib/python3.10/site-packages/airflow/example_dags/example_branch_day_of_week_operator.py
[2026-09-17T01:02:29.420+0000] {processor.py:836} INFO - DAG(s) dict_keys(['example_weekday_branch_operator']) retrieved from /home/vscode/.local/lib/python3.10/site-packages/airflow/example_dags/example_branch_day_of_week_operator.py
[2026-09-17T01:02:29.434+0000] {logging_mixin.py:150} INFO - [2026-09-17T01:02:29.434+0000] {dag.py:2742} INFO - Sync 1 DAGs
[2026-09-17T01:02:29.450+0000] {logging_mixin.py:150} INFO - [2026-09-17T01:02:29.450+0000] {dag.py:3504} INFO - Setting next_dagrun for example_weekday_branch_operator to 2026-09-16T00:00:00+00:00, run_after=2026-09-17T00:00:00+00:00
[2026-09-17T01:02:29.472+0000] {processor.py:179} INFO - Processing /home/vscode/.local/lib/python3.10/site-packages/airflow/example_dags/example_branch_day_of_week_operator.py took 0.062 seconds
[2026-09-17T01:03:12.023+0000] {processor.py:157} INFO - Started process (PID=26613) to work on /home/vscode/.local/lib/python3.10/site-packages/airflow/example_dags/example_branch_day_of_week_operator.py
[2026-09-17T01:03:12.023+0000] {processor.py:826} INFO - Processing file /home/vscode/.local/lib/python3.10/site-packages/airflow/example_dags/example_branch_day_of_week_operator.py for tasks to queue
[2026-09-17T01:03:12.024+0000] {logging_mixin.py:150} INFO - [2026-09-17T01:03:12.024+0000] {dagbag.py:541} INFO - Filling up the DagBag from /home/vscode/.local/lib/python3.10/site-packages/airflow/example_dags/example_branch_day_of_week_operator.py
[2026-09-17T01:03:12.030+0000] {processor.py:836} INFO - DAG(s) dict_keys(['example_weekday_branch_operator']) retrieved from /home/vscode/.local/lib/python3.10/site-packages/airflow/example_dags/example_branch_day_of_week_operator.py
[2026-09-17T01:03:12.045+0000] {logging_mixin.py:150} INFO - [2026-09-17T01:03:12.044+0000] {dag.py:2742} INFO - Sync 1 DAGs
[2026-09-17T01:03:12.060+0000] {logging_mixin.py:150} INFO - [2026-09-17T01:03:12.060+0000] {dag.py:3504} INFO - Setting next_dagrun for example_weekday_branch_operator to 2026-09-16T00:00:00+00:00, run_after=2026-09-17T00:00:00+00:00
[2026-09-17T01:03:12.078+0000] {processor.py:179} INFO - Processing /home/vscode/.local/lib/python3.10/site-packages/airflow/example_dags/example_branch_day_of_week_operator.py took 0.058 seconds
[2026-09-17T01:03:16.130+0000] {processor.py:157} INFO - Started process (PID=26651) to work on /home/vscode/.local/lib/python3.10/site-packages/airflow/example_dags/example_branch_day_of_week_operator.py
[2026-09-17T01:03:16.131+0000] {processor.py:826} INFO - Processing file /home/vscode/.local/lib/python3.10/site-packages/airflow/example_dags/example_branch_day_of_week_operator.py for tasks to queue
[2026-09-17T01:03:16.132+0000] {logging_mixin.py:150} INFO - [2026-09-17T01:03:16.131+0000] {dagbag.py:541} INFO - Filling up the DagBag from /home/vscode/.local/lib/python3.10/site-packages/airflow/example_dags/example_branch_day_of_week_operator.py
[2026-09-17T01:03:16.139+0000] {processor.py:836} INFO - DAG(s) dict_keys(['example_weekday_branch_operator']) retrieved from /home/vscode/.local/lib/python3.10/site-packages/airflow/example_dags/example_branch_day_of_week_operator.py
[2026-09-17T01:03:16.167+0000] {logging_mixin.py:150} INFO - [2026-09-17T01:03:16.167+0000] {dag.py:2742} INFO - Sync 1 DAGs
[2026-09-17T01:03:16.184+0000] {logging_mixin.py:150} INFO - [2026-09-17T01:03:16.184+0000] {dag.py:3504} INFO - Setting next_dagrun for example_weekday_branch_operator to 2026-09-16T00:00:00+00:00, run_after=2026-09-17T00:00:00+00:00
[2026-09-17T01:03:16.207+0000] {processor.py:179} INFO - Processing /home/vscode/.local/lib/python3.10/site-packages/airflow/example_dags/example_branch_day_of_week_operator.py took 0.081 seconds
[2026-09-17T01:04:01.165+0000] {processor.py:157} INFO - Started process (PID=27035) to work on /home/vscode/.local/lib/python3.10/site-packages/airflow/example_dags/example_branch_day_of_week_operator.py
[2026-09-17T01:04:01.166+0000] {processor.py:826} INFO - Processing file /home/vscode/.local/lib/python3.10/site-packages/airflow/example_dags/example_branch_day_of_week_operator.py for tasks to queue
[2026-09-17T01:04:01.166+0000] {logging_mixin.py:150} INFO - [2026-09-17T01:04:01.166+0000] {dagbag.py:541} INFO - Filling up the DagBag from /home/vscode/.local/lib/python3.10/site-packages/airflow/example_dags/example_branch_day_of_week_operator.py
[2026-09-17T01:04:01.172+0000] {processor.py:836} INFO - DAG(s) dict_keys(['example_weekday_branch_operator']) retrieved from /home/vscode/.local/lib/python3.10/site-packages/airflow/example_dags/example_branch_day_of_week_operator.py
[2026-09-17T01:04:01.190+0000] {logging_mixin.py:150} INFO - [2026-09-17T01:04:01.189+0000] {dag.py:2742} INFO - Sync 1 DAGs
[2026-09-17T01:04:01.208+0000] {logging_mixin.py:150} INFO - [2026-09-17T01:04:01.208+0000] {dag.py:3504} INFO - Setting next_dagrun for example_weekday_branch_operator to 2026-09-16T00:00:00+00:00, run_after=2026-09-17T00:00:00+00:00
[2026-09-17T01:04:01.227+0000] {processor.py:179} INFO - Processing /home/vscode/.local/lib/python3.10/site-packages/airflow/example_dags/example_branch_day_of_week_operator.py took 0.064 seconds
[2026-09-17T01:04:06.022+0000] {processor.py:157} INFO - Started process (PID=27077) to work on /home/vscode/.local/lib/python3.10/site-packages/airflow/example_dags/example_branch_day_of_week_operator.py
[2026-09-17T01:04:06.023+0000] {processor.py:826} INFO - Processing file /home/vscode/.local/lib/python3.10/site-packages/airflow/example_dags/example_branch_day_of_week_operator.py for tasks to queue
[2026-09-17T01:04:06.024+0000] {logging_mixin.py:150} INFO - [2026-09-17T01:04:06.023+0000] {dagbag.py:541} INFO - Filling up the DagBag from /home/vscode/.local/lib/python3.10/site-packages/airflow/example_dags/example_branch_day_of_week_operator.py
[2026-09-17T01:04:06.030+0000] {processor.py:836} INFO - DAG(s) dict_keys(['example_weekday_branch_operator']) retrieved from /home/vscode/.local/lib/python3.10/site-packages/airflow/example_dags/example_branch_day_of_week_operator.py
[2026-09-17T01:04:06.045+0000] {logging_mixin.py:150} INFO - [2026-09-17T01:04:06.045+0000] {dag.py:2742} INFO - Sync 1 DAGs
[2026-09-17T01:04:06.067+0000] {logging_mixin.py:150} INFO - [2026-09-17T01:04:06.067+0000] {dag.py:3504} INFO - Setting next_dagrun for example_weekday_branch_operator to 2026-09-16T00:00:00+00:00, run_after=2026-09-17T00:00:00+00:00
[2026-09-17T01:04:06.087+0000] {processor.py:179} INFO - Processing /home/vscode/.local/lib/python3.10/site-packages/airflow/example_dags/example_branch_day_of_week_operator.py took 0.067 seconds
[2026-09-17T01:04:51.222+0000] {processor.py:157} INFO - Started process (PID=27452) to work on /home/vscode/.local/lib/python3.10/site-packages/airflow/example_dags/example_branch_day_of_week_operator.py
[2026-09-17T01:04:51.223+0000] {processor.py:826} INFO - Processing file /home/vscode/.local/lib/python3.10/site-packages/airflow/example_dags/example_branch_day_of_week_operator.py for tasks to queue
[2026-09-17T01:04:51.224+0000] {logging_mixin.py:150} INFO - [2026-09-17T01:04:51.224+0000] {dagbag.py:541} INFO - Filling up the DagBag from /home/vscode/.local/lib/python3.10/site-packages/airflow/example_dags/example_branch_day_of_week_operator.py
[2026-09-17T01:04:51.230+0000] {processor.py:836} INFO - DAG(s) dict_keys(['example_weekday_branch_operator']) retrieved from /home/vscode/.local/lib/python3.10/site-packages/airflow/example_dags/example_branch_day_of_week_operator.py
[2026-09-17T01:04:51.249+0000] {logging_mixin.py:150} INFO - [2026-09-17T01:04:51.249+0000] {dag.py:2742} INFO - Sync 1 DAGs
[2026-09-17T01:04:51.267+0000] {logging_mixin.py:150} INFO - [2026-09-17T01:04:51.267+0000] {dag.py:3504} INFO - Setting next_dagrun for example_weekday_branch_operator to 2026-09-16T00:00:00+00:00, run_after=2026-09-17T00:00:00+00:00
[2026-09-17T01:04:51.286+0000] {processor.py:179} INFO - Processing /home/vscode/.local/lib/python3.10/site-packages/airflow/example_dags/example_branch_day_of_week_operator.py took 0.067 seconds
[2026-09-17T01:04:58.990+0000] {processor.py:157} INFO - Started process (PID=27516) to work on /home/vscode/.local/lib/python3.10/site-packages/airflow/example_dags/example_branch_day_of_week_operator.py
[2026-09-17T01:04:58.991+0000] {processor.py:826} INFO - Processing file /home/vscode/.local/lib/python3.10/site-packages/airflow/example_dags/example_branch_day_of_week_operator.py for tasks to queue
[2026-09-17T01:04:58.992+0000] {logging_mixin.py:150} INFO - [2026-09-17T01:04:58.991+0000] {dagbag.py:541} INFO - Filling up the DagBag from /home/vscode/.local/lib/python3.10/site-packages/airflow/example_dags/example_branch_day_of_week_operator.py
[2026-09-17T01:04:59.001+0000] {processor.py:836} INFO - DAG(s) dict_keys(['example_weekday_branch_operator']) retrieved from /home/vscode/.local/lib/python3.10/site-packages/airflow/example_dags/example_branch_day_of_week_operator.py
[2026-09-17T01:04:59.025+0000] {logging_mixin.py:150} INFO - [2026-09-17T01:04:59.025+0000] {dag.py:2742} INFO - Sync 1 DAGs
[2026-09-17T01:04:59.048+0000] {logging_mixin.py:150} INFO - [2026-09-17T01:04:59.048+0000] {dag.py:3504} INFO - Setting next_dagrun for example_weekday_branch_operator to 2026-09-16T00:00:00+00:00, run_after=2026-09-17T00:00:00+00:00
[2026-09-17T01:04:59.074+0000] {processor.py:179} INFO - Processing /home/vscode/.local/lib/python3.10/site-packages/airflow/example_dags/example_branch_day_of_week_operator.py took 0.087 seconds
[2026-09-17T01:05:39.776+0000] {processor.py:157} INFO - Started process (PID=27865) to work on /home/vscode/.local/lib/python3.10/site-packages/airflow/example_dags/example_branch_day_of_week_operator.py
[2026-09-17T01:05:39.776+0000] {processor.py:826} INFO - Processing file /home/vscode/.local/lib/python3.10/site-packages/airflow/example_dags/example_branch_day_of_week_operator.py for tasks to queue
[2026-09-17T01:05:39.777+0000] {logging_mixin.py:150} INFO - [2026-09-17T01:05:39.777+0000] {dagbag.py:541} INFO - Filling up the DagBag from /home/vscode/.local/lib/python3.10/site-packages/airflow/example_dags/example_branch_day_of_week_operator.py
[2026-09-17T01:05:39.789+0000] {processor.py:836} INFO - DAG(s) dict_keys(['example_weekday_branch_operator']) retrieved from /home/vscode/.local/lib/python3.10/site-packages/airflow/example_dags/example_branch_day_of_week_operator.py
[2026-09-17T01:05:39.806+0000] {logging_mixin.py:150} INFO - [2026-09-17T01:05:39.806+0000] {dag.py:2742} INFO - Sync 1 DAGs
[2026-09-17T01:05:39.821+0000] {logging_mixin.py:150} INFO - [2026-09-17T01:05:39.821+0000] {dag.py:3504} INFO - Setting next_dagrun for example_weekday_branch_operator to 2026-09-16T00:00:00+00:00, run_after=2026-09-17T00:00:00+00:00
[2026-09-17T01:05:39.840+0000] {processor.py:179} INFO - Processing /home/vscode/.local/lib/python3.10/site-packages/airflow/example_dags/example_branch_day_of_week_operator.py took 0.067 seconds
[2026-09-17T01:05:47.319+0000] {processor.py:157} INFO - Started process (PID=27968) to work on /home/vscode/.local/lib/python3.10/site-packages/airflow/example_dags/example_branch_day_of_week_operator.py
[2026-09-17T01:05:47.320+0000] {processor.py:826} INFO - Processing file /home/vscode/.local/lib/python3.10/site-packages/airflow/example_dags/example_branch_day_of_week_operator.py for tasks to queue
[2026-09-17T01:05:47.320+0000] {logging_mixin.py:150} INFO - [2026-09-17T01:05:47.320+0000] {dagbag.py:541} INFO - Filling up the DagBag from /home/vscode/.local/lib/python3.10/site-packages/airflow/example_dags/example_branch_day_of_week_operator.py
[2026-09-17T01:05:47.327+0000] {processor.py:836} INFO - DAG(s) dict_keys(['example_weekday_branch_operator']) retrieved from /home/vscode/.local/lib/python3.10/site-packages/airflow/example_dags/example_branch_day_of_week_operator.py
[2026-09-17T01:05:47.341+0000] {logging_mixin.py:150} INFO - [2026-09-17T01:05:47.341+0000] {dag.py:2742} INFO - Sync 1 DAGs
[2026-09-17T01:05:47.356+0000] {logging_mixin.py:150} INFO - [2026-09-17T01:05:47.356+0000] {dag.py:3504} INFO - Setting next_dagrun for example_weekday_branch_operator to 2026-09-16T00:00:00+00:00, run_after=2026-09-17T00:00:00+00:00
[2026-09-17T01:05:47.372+0000] {processor.py:179} INFO - Processing /home/vscode/.local/lib/python3.10/site-packages/airflow/example_dags/example_branch_day_of_week_operator.py took 0.056 seconds
[2026-09-17T01:06:27.573+0000] {processor.py:157} INFO - Started process (PID=28308) to work on /home/vscode/.local/lib/python3.10/site-packages/airflow/example_dags/example_branch_day_of_week_operator.py
[2026-09-17T01:06:27.574+0000] {processor.py:826} INFO - Processing file /home/vscode/.local/lib/python3.10/site-packages/airflow/example_dags/example_branch_day_of_week_operator.py for tasks to queue
[2026-09-17T01:06:27.575+0000] {logging_mixin.py:150} INFO - [2026-09-17T01:06:27.574+0000] {dagbag.py:541} INFO - Filling up the DagBag from /home/vscode/.local/lib/python3.10/site-packages/airflow/example_dags/example_branch_day_of_week_operator.py
[2026-09-17T01:06:27.581+0000] {processor.py:836} INFO - DAG(s) dict_keys(['example_weekday_branch_operator']) retrieved from /home/vscode/.local/lib/python3.10/site-packages/airflow/example_dags/example_branch_day_of_week_operator.py
[2026-09-17T01:06:27.601+0000] {logging_mixin.py:150} INFO - [2026-09-17T01:06:27.601+0000] {dag.py:2742} INFO - Sync 1 DAGs
[2026-09-17T01:06:27.625+0000] {logging_mixin.py:150} INFO - [2026-09-17T01:06:27.625+0000] {dag.py:3504} INFO - Setting next_dagrun for example_weekday_branch_operator to 2026-09-16T00:00:00+00:00, run_after=2026-09-17T00:00:00+00:00
[2026-09-17T01:06:27.651+0000] {processor.py:179} INFO - Processing /home/vscode/.local/lib/python3.10/site-packages/airflow/example_dags/example_branch_day_of_week_operator.py took 0.081 seconds
[2026-09-17T01:06:36.115+0000] {processor.py:157} INFO - Started process (PID=28384) to work on /home/vscode/.local/lib/python3.10/site-packages/airflow/example_dags/example_branch_day_of_week_operator.py
[2026-09-17T01:06:36.116+0000] {processor.py:826} INFO - Processing file /home/vscode/.local/lib/python3.10/site-packages/airflow/example_dags/example_branch_day_of_week_operator.py for tasks to queue
[2026-09-17T01:06:36.116+0000] {logging_mixin.py:150} INFO - [2026-09-17T01:06:36.116+0000] {dagbag.py:541} INFO - Filling up the DagBag from /home/vscode/.local/lib/python3.10/site-packages/airflow/example_dags/example_branch_day_of_week_operator.py
[2026-09-17T01:06:36.126+0000] {processor.py:836} INFO - DAG(s) dict_keys(['example_weekday_branch_operator']) retrieved from /home/vscode/.local/lib/python3.10/site-packages/airflow/example_dags/example_branch_day_of_week_operator.py
[2026-09-17T01:06:36.146+0000] {logging_mixin.py:150} INFO - [2026-09-17T01:06:36.146+0000] {dag.py:2742} INFO - Sync 1 DAGs
[2026-09-17T01:06:36.179+0000] {logging_mixin.py:150} INFO - [2026-09-17T01:06:36.179+0000] {dag.py:3504} INFO - Setting next_dagrun for example_weekday_branch_operator to 2026-09-16T00:00:00+00:00, run_after=2026-09-17T00:00:00+00:00
[2026-09-17T01:06:36.223+0000] {processor.py:179} INFO - Processing /home/vscode/.local/lib/python3.10/site-packages/airflow/example_dags/example_branch_day_of_week_operator.py took 0.111 seconds
[2026-09-17T01:07:18.761+0000] {processor.py:157} INFO - Started process (PID=28741) to work on /home/vscode/.local/lib/python3.10/site-packages/airflow/example_dags/example_branch_day_of_week_operator.py
[2026-09-17T01:07:18.761+0000] {processor.py:826} INFO - Processing file /home/vscode/.local/lib/python3.10/site-packages/airflow/example_dags/example_branch_day_of_week_operator.py for tasks to queue
[2026-09-17T01:07:18.762+0000] {logging_mixin.py:150} INFO - [2026-09-17T01:07:18.762+0000] {dagbag.py:541} INFO - Filling up the DagBag from /home/vscode/.local/lib/python3.10/site-packages/airflow/example_dags/example_branch_day_of_week_operator.py
[2026-09-17T01:07:18.768+0000] {processor.py:836} INFO - DAG(s) dict_keys(['example_weekday_branch_operator']) retrieved from /home/vscode/.local/lib/python3.10/site-packages/airflow/example_dags/example_branch_day_of_week_operator.py
[2026-09-17T01:07:18.783+0000] {logging_mixin.py:150} INFO - [2026-09-17T01:07:18.783+0000] {dag.py:2742} INFO - Sync 1 DAGs
[2026-09-17T01:07:18.804+0000] {logging_mixin.py:150} INFO - [2026-09-17T01:07:18.804+0000] {dag.py:3504} INFO - Setting next_dagrun for example_weekday_branch_operator to 2026-09-16T00:00:00+00:00, run_after=2026-09-17T00:00:00+00:00
[2026-09-17T01:07:18.820+0000] {processor.py:179} INFO - Processing /home/vscode/.local/lib/python3.10/site-packages/airflow/example_dags/example_branch_day_of_week_operator.py took 0.062 seconds
[2026-09-17T01:07:27.639+0000] {processor.py:157} INFO - Started process (PID=28813) to work on /home/vscode/.local/lib/python3.10/site-packages/airflow/example_dags/example_branch_day_of_week_operator.py
[2026-09-17T01:07:27.640+0000] {processor.py:826} INFO - Processing file /home/vscode/.local/lib/python3.10/site-packages/airflow/example_dags/example_branch_day_of_week_operator.py for tasks to queue
[2026-09-17T01:07:27.641+0000] {logging_mixin.py:150} INFO - [2026-09-17T01:07:27.641+0000] {dagbag.py:541} INFO - Filling up the DagBag from /home/vscode/.local/lib/python3.10/site-packages/airflow/example_dags/example_branch_day_of_week_operator.py
[2026-09-17T01:07:27.647+0000] {processor.py:836} INFO - DAG(s) dict_keys(['example_weekday_branch_operator']) retrieved from /home/vscode/.local/lib/python3.10/site-packages/airflow/example_dags/example_branch_day_of_week_operator.py
[2026-09-17T01:07:27.663+0000] {logging_mixin.py:150} INFO - [2026-09-17T01:07:27.663+0000] {dag.py:2742} INFO - Sync 1 DAGs
[2026-09-17T01:07:27.682+0000] {logging_mixin.py:150} INFO - [2026-09-17T01:07:27.682+0000] {dag.py:3504} INFO - Setting next_dagrun for example_weekday_branch_operator to 2026-09-16T00:00:00+00:00, run_after=2026-09-17T00:00:00+00:00
[2026-09-17T01:07:27.707+0000] {processor.py:179} INFO - Processing /home/vscode/.local/lib/python3.10/site-packages/airflow/example_dags/example_branch_day_of_week_operator.py took 0.070 seconds
[2026-09-17T01:08:07.476+0000] {processor.py:157} INFO - Started process (PID=29146) to work on /home/vscode/.local/lib/python3.10/site-packages/airflow/example_dags/example_branch_day_of_week_operator.py
[2026-09-17T01:08:07.477+0000] {processor.py:826} INFO - Processing file /home/vscode/.local/lib/python3.10/site-packages/airflow/example_dags/example_branch_day_of_week_operator.py for tasks to queue
[2026-09-17T01:08:07.478+0000] {logging_mixin.py:150} INFO - [2026-09-17T01:08:07.477+0000] {dagbag.py:541} INFO - Filling up the DagBag from /home/vscode/.local/lib/python3.10/site-packages/airflow/example_dags/example_branch_day_of_week_operator.py
[2026-09-17T01:08:07.486+0000] {processor.py:836} INFO - DAG(s) dict_keys(['example_weekday_branch_operator']) retrieved from /home/vscode/.local/lib/python3.10/site-packages/airflow/example_dags/example_branch_day_of_week_operator.py
[2026-09-17T01:08:07.508+0000] {logging_mixin.py:150} INFO - [2026-09-17T01:08:07.507+0000] {dag.py:2742} INFO - Sync 1 DAGs
[2026-09-17T01:08:07.533+0000] {logging_mixin.py:150} INFO - [2026-09-17T01:08:07.533+0000] {dag.py:3504} INFO - Setting next_dagrun for example_weekday_branch_operator to 2026-09-16T00:00:00+00:00, run_after=2026-09-17T00:00:00+00:00
[2026-09-17T01:08:07.559+0000] {processor.py:179} INFO - Processing /home/vscode/.local/lib/python3.10/site-packages/airflow/example_dags/example_branch_day_of_week_operator.py took 0.087 seconds
[2026-09-17T01:08:17.646+0000] {processor.py:157} INFO - Started process (PID=29235) to work on /home/vscode/.local/lib/python3.10/site-packages/airflow/example_dags/example_branch_day_of_week_operator.py
[2026-09-17T01:08:17.647+0000] {processor.py:826} INFO - Processing file /home/vscode/.local/lib/python3.10/site-packages/airflow/example_dags/example_branch_day_of_week_operator.py for tasks to queue
[2026-09-17T01:08:17.648+0000] {logging_mixin.py:150} INFO - [2026-09-17T01:08:17.648+0000] {dagbag.py:541} INFO - Filling up the DagBag from /home/vscode/.local/lib/python3.10/site-packages/airflow/example_dags/example_branch_day_of_week_operator.py
[2026-09-17T01:08:17.654+0000] {processor.py:836} INFO - DAG(s) dict_keys(['example_weekday_branch_operator']) retrieved from /home/vscode/.local/lib/python3.10/site-packages/airflow/example_dags/example_branch_day_of_week_operator.py
[2026-09-17T01:08:17.668+0000] {logging_mixin.py:150} INFO - [2026-09-17T01:08:17.668+0000] {dag.py:2742} INFO - Sync 1 DAGs
[2026-09-17T01:08:17.690+0000] {logging_mixin.py:150} INFO - [2026-09-17T01:08:17.690+0000] {dag.py:3504} INFO - Setting next_dagrun for example_weekday_branch_operator to 2026-09-16T00:00:00+00:00, run_after=2026-09-17T00:00:00+00:00
[2026-09-17T01:08:17.712+0000] {processor.py:179} INFO - Processing /home/vscode/.local/lib/python3.10/site-packages/airflow/example_dags/example_branch_day_of_week_operator.py took 0.068 seconds
[2026-09-17T01:08:55.501+0000] {processor.py:157} INFO - Started process (PID=29567) to work on /home/vscode/.local/lib/python3.10/site-packages/airflow/example_dags/example_branch_day_of_week_operator.py
[2026-09-17T01:08:55.502+0000] {processor.py:826} INFO - Processing file /home/vscode/.local/lib/python3.10/site-packages/airflow/example_dags/example_branch_day_of_week_operator.py for tasks to queue
[2026-09-17T01:08:55.503+0000] {logging_mixin.py:150} INFO - [2026-09-17T01:08:55.503+0000] {dagbag.py:541} INFO - Filling up the DagBag from /home/vscode/.local/lib/python3.10/site-packages/airflow/example_dags/example_branch_day_of_week_operator.py
[2026-09-17T01:08:55.511+0000] {processor.py:836} INFO - DAG(s) dict_keys(['example_weekday_branch_operator']) retrieved from /home/vscode/.local/lib/python3.10/site-packages/airflow/example_dags/example_branch_day_of_week_operator.py
[2026-09-17T01:08:55.533+0000] {logging_mixin.py:150} INFO - [2026-09-17T01:08:55.532+0000] {dag.py:2742} INFO - Sync 1 DAGs
[2026-09-17T01:08:55.550+0000] {logging_mixin.py:150} INFO - [2026-09-17T01:08:55.550+0000] {dag.py:3504} INFO - Setting next_dagrun for example_weekday_branch_operator to 2026-09-16T00:00:00+00:00, run_after=2026-09-17T00:00:00+00:00
[2026-09-17T01:08:55.567+0000] {processor.py:179} INFO - Processing /home/vscode/.local/lib/python3.10/site-packages/airflow/example_dags/example_branch_day_of_week_operator.py took 0.069 seconds
[2026-09-17T01:09:04.236+0000] {processor.py:157} INFO - Started process (PID=29640) to work on /home/vscode/.local/lib/python3.10/site-packages/airflow/example_dags/example_branch_day_of_week_operator.py
[2026-09-17T01:09:04.237+0000] {processor.py:826} INFO - Processing file /home/vscode/.local/lib/python3.10/site-packages/airflow/example_dags/example_branch_day_of_week_operator.py for tasks to queue
[2026-09-17T01:09:04.238+0000] {logging_mixin.py:150} INFO - [2026-09-17T01:09:04.238+0000] {dagbag.py:541} INFO - Filling up the DagBag from /home/vscode/.local/lib/python3.10/site-packages/airflow/example_dags/example_branch_day_of_week_operator.py
[2026-09-17T01:09:04.247+0000] {processor.py:836} INFO - DAG(s) dict_keys(['example_weekday_branch_operator']) retrieved from /home/vscode/.local/lib/python3.10/site-packages/airflow/example_dags/example_branch_day_of_week_operator.py
[2026-09-17T01:09:04.265+0000] {logging_mixin.py:150} INFO - [2026-09-17T01:09:04.265+0000] {dag.py:2742} INFO - Sync 1 DAGs
[2026-09-17T01:09:04.280+0000] {logging_mixin.py:150} INFO - [2026-09-17T01:09:04.280+0000] {dag.py:3504} INFO - Setting next_dagrun for example_weekday_branch_operator to 2026-09-16T00:00:00+00:00, run_after=2026-09-17T00:00:00+00:00
[2026-09-17T01:09:04.302+0000] {processor.py:179} INFO - Processing /home/vscode/.local/lib/python3.10/site-packages/airflow/example_dags/example_branch_day_of_week_operator.py took 0.071 seconds
[2026-09-17T01:09:47.393+0000] {processor.py:157} INFO - Started process (PID=30008) to work on /home/vscode/.local/lib/python3.10/site-packages/airflow/example_dags/example_branch_day_of_week_operator.py
[2026-09-17T01:09:47.393+0000] {processor.py:826} INFO - Processing file /home/vscode/.local/lib/python3.10/site-packages/airflow/example_dags/example_branch_day_of_week_operator.py for tasks to queue
[2026-09-17T01:09:47.394+0000] {logging_mixin.py:150} INFO - [2026-09-17T01:09:47.394+0000] {dagbag.py:541} INFO - Filling up the DagBag from /home/vscode/.local/lib/python3.10/site-packages/airflow/example_dags/example_branch_day_of_week_operator.py
[2026-09-17T01:09:47.400+0000] {processor.py:836} INFO - DAG(s) dict_keys(['example_weekday_branch_operator']) retrieved from /home/vscode/.local/lib/python3.10/site-packages/airflow/example_dags/example_branch_day_of_week_operator.py
[2026-09-17T01:09:47.416+0000] {logging_mixin.py:150} INFO - [2026-09-17T01:09:47.415+0000] {dag.py:2742} INFO - Sync 1 DAGs
[2026-09-17T01:09:47.432+0000] {logging_mixin.py:150} INFO - [2026-09-17T01:09:47.432+0000] {dag.py:3504} INFO - Setting next_dagrun for example_weekday_branch_operator to 2026-09-16T00:00:00+00:00, run_after=2026-09-17T00:00:00+00:00
[2026-09-17T01:09:47.452+0000] {processor.py:179} INFO - Processing /home/vscode/.local/lib/python3.10/site-packages/airflow/example_dags/example_branch_day_of_week_operator.py took 0.062 seconds
[2026-09-17T01:09:52.176+0000] {processor.py:157} INFO - Started process (PID=30052) to work on /home/vscode/.local/lib/python3.10/site-packages/airflow/example_dags/example_branch_day_of_week_operator.py
[2026-09-17T01:09:52.176+0000] {processor.py:826} INFO - Processing file /home/vscode/.local/lib/python3.10/site-packages/airflow/example_dags/example_branch_day_of_week_operator.py for tasks to queue
[2026-09-17T01:09:52.177+0000] {logging_mixin.py:150} INFO - [2026-09-17T01:09:52.177+0000] {dagbag.py:541} INFO - Filling up the DagBag from /home/vscode/.local/lib/python3.10/site-packages/airflow/example_dags/example_branch_day_of_week_operator.py
[2026-09-17T01:09:52.184+0000] {processor.py:836} INFO - DAG(s) dict_keys(['example_weekday_branch_operator']) retrieved from /home/vscode/.local/lib/python3.10/site-packages/airflow/example_dags/example_branch_day_of_week_operator.py
[2026-09-17T01:09:52.203+0000] {logging_mixin.py:150} INFO - [2026-09-17T01:09:52.203+0000] {dag.py:2742} INFO - Sync 1 DAGs
[2026-09-17T01:09:52.220+0000] {logging_mixin.py:150} INFO - [2026-09-17T01:09:52.220+0000] {dag.py:3504} INFO - Setting next_dagrun for example_weekday_branch_operator to 2026-09-16T00:00:00+00:00, run_after=2026-09-17T00:00:00+00:00
[2026-09-17T01:09:52.237+0000] {processor.py:179} INFO - Processing /home/vscode/.local/lib/python3.10/site-packages/airflow/example_dags/example_branch_day_of_week_operator.py took 0.066 seconds
[2026-09-17T01:10:37.453+0000] {processor.py:157} INFO - Started process (PID=30431) to work on /home/vscode/.local/lib/python3.10/site-packages/airflow/example_dags/example_branch_day_of_week_operator.py
[2026-09-17T01:10:37.453+0000] {processor.py:826} INFO - Processing file /home/vscode/.local/lib/python3.10/site-packages/airflow/example_dags/example_branch_day_of_week_operator.py for tasks to queue
[2026-09-17T01:10:37.454+0000] {logging_mixin.py:150} INFO - [2026-09-17T01:10:37.454+0000] {dagbag.py:541} INFO - Filling up the DagBag from /home/vscode/.local/lib/python3.10/site-packages/airflow/example_dags/example_branch_day_of_week_operator.py
[2026-09-17T01:10:37.460+0000] {processor.py:836} INFO - DAG(s) dict_keys(['example_weekday_branch_operator']) retrieved from /home/vscode/.local/lib/python3.10/site-packages/airflow/example_dags/example_branch_day_of_week_operator.py
[2026-09-17T01:10:37.473+0000] {logging_mixin.py:150} INFO - [2026-09-17T01:10:37.473+0000] {dag.py:2742} INFO - Sync 1 DAGs
[2026-09-17T01:10:37.492+0000] {logging_mixin.py:150} INFO - [2026-09-17T01:10:37.492+0000] {dag.py:3504} INFO - Setting next_dagrun for example_weekday_branch_operator to 2026-09-16T00:00:00+00:00, run_after=2026-09-17T00:00:00+00:00
[2026-09-17T01:10:37.510+0000] {processor.py:179} INFO - Processing /home/vscode/.local/lib/python3.10/site-packages/airflow/example_dags/example_branch_day_of_week_operator.py took 0.060 seconds
[2026-09-17T01:10:39.716+0000] {processor.py:157} INFO - Started process (PID=30449) to work on /home/vscode/.local/lib/python3.10/site-packages/airflow/example_dags/example_branch_day_of_week_operator.py
[2026-09-17T01:10:39.717+0000] {processor.py:826} INFO - Processing file /home/vscode/.local/lib/python3.10/site-packages/airflow/example_dags/example_branch_day_of_week_operator.py for tasks to queue
[2026-09-17T01:10:39.718+0000] {logging_mixin.py:150} INFO - [2026-09-17T01:10:39.717+0000] {dagbag.py:541} INFO - Filling up the DagBag from /home/vscode/.local/lib/python3.10/site-packages/airflow/example_dags/example_branch_day_of_week_operator.py
[2026-09-17T01:10:39.724+0000] {processor.py:836} INFO - DAG(s) dict_keys(['example_weekday_branch_operator']) retrieved from /home/vscode/.local/lib/python3.10/site-packages/airflow/example_dags/example_branch_day_of_week_operator.py
[2026-09-17T01:10:39.738+0000] {logging_mixin.py:150} INFO - [2026-09-17T01:10:39.738+0000] {dag.py:2742} INFO - Sync 1 DAGs
[2026-09-17T01:10:39.756+0000] {logging_mixin.py:150} INFO - [2026-09-17T01:10:39.756+0000] {dag.py:3504} INFO - Setting next_dagrun for example_weekday_branch_operator to 2026-09-16T00:00:00+00:00, run_after=2026-09-17T00:00:00+00:00
[2026-09-17T01:10:39.772+0000] {processor.py:179} INFO - Processing /home/vscode/.local/lib/python3.10/site-packages/airflow/example_dags/example_branch_day_of_week_operator.py took 0.058 seconds
[2026-09-17T01:11:25.247+0000] {processor.py:157} INFO - Started process (PID=30878) to work on /home/vscode/.local/lib/python3.10/site-packages/airflow/example_dags/example_branch_day_of_week_operator.py
[2026-09-17T01:11:25.251+0000] {processor.py:826} INFO - Processing file /home/vscode/.local/lib/python3.10/site-packages/airflow/example_dags/example_branch_day_of_week_operator.py for tasks to queue
[2026-09-17T01:11:25.251+0000] {logging_mixin.py:150} INFO - [2026-09-17T01:11:25.251+0000] {dagbag.py:541} INFO - Filling up the DagBag from /home/vscode/.local/lib/python3.10/site-packages/airflow/example_dags/example_branch_day_of_week_operator.py
[2026-09-17T01:11:25.260+0000] {processor.py:836} INFO - DAG(s) dict_keys(['example_weekday_branch_operator']) retrieved from /home/vscode/.local/lib/python3.10/site-packages/airflow/example_dags/example_branch_day_of_week_operator.py
[2026-09-17T01:11:25.289+0000] {logging_mixin.py:150} INFO - [2026-09-17T01:11:25.289+0000] {dag.py:2742} INFO - Sync 1 DAGs
[2026-09-17T01:11:25.312+0000] {logging_mixin.py:150} INFO - [2026-09-17T01:11:25.312+0000] {dag.py:3504} INFO - Setting next_dagrun for example_weekday_branch_operator to 2026-09-16T00:00:00+00:00, run_after=2026-09-17T00:00:00+00:00
[2026-09-17T01:11:25.336+0000] {processor.py:179} INFO - Processing /home/vscode/.local/lib/python3.10/site-packages/airflow/example_dags/example_branch_day_of_week_operator.py took 0.092 seconds
[2026-09-17T01:11:31.493+0000] {processor.py:157} INFO - Started process (PID=30930) to work on /home/vscode/.local/lib/python3.10/site-packages/airflow/example_dags/example_branch_day_of_week_operator.py
[2026-09-17T01:11:31.494+0000] {processor.py:826} INFO - Processing file /home/vscode/.local/lib/python3.10/site-packages/airflow/example_dags/example_branch_day_of_week_operator.py for tasks to queue
[2026-09-17T01:11:31.495+0000] {logging_mixin.py:150} INFO - [2026-09-17T01:11:31.494+0000] {dagbag.py:541} INFO - Filling up the DagBag from /home/vscode/.local/lib/python3.10/site-packages/airflow/example_dags/example_branch_day_of_week_operator.py
[2026-09-17T01:11:31.503+0000] {processor.py:836} INFO - DAG(s) dict_keys(['example_weekday_branch_operator']) retrieved from /home/vscode/.local/lib/python3.10/site-packages/airflow/example_dags/example_branch_day_of_week_operator.py
[2026-09-17T01:11:31.516+0000] {logging_mixin.py:150} INFO - [2026-09-17T01:11:31.516+0000] {dag.py:2742} INFO - Sync 1 DAGs
[2026-09-17T01:11:31.538+0000] {logging_mixin.py:150} INFO - [2026-09-17T01:11:31.538+0000] {dag.py:3504} INFO - Setting next_dagrun for example_weekday_branch_operator to 2026-09-16T00:00:00+00:00, run_after=2026-09-17T00:00:00+00:00
[2026-09-17T01:11:31.561+0000] {processor.py:179} INFO - Processing /home/vscode/.local/lib/python3.10/site-packages/airflow/example_dags/example_branch_day_of_week_operator.py took 0.071 seconds
[2026-09-17T01:12:16.808+0000] {processor.py:157} INFO - Started process (PID=31324) to work on /home/vscode/.local/lib/python3.10/site-packages/airflow/example_dags/example_branch_day_of_week_operator.py
[2026-09-17T01:12:16.809+0000] {processor.py:826} INFO - Processing file /home/vscode/.local/lib/python3.10/site-packages/airflow/example_dags/example_branch_day_of_week_operator.py for tasks to queue
[2026-09-17T01:12:16.809+0000] {logging_mixin.py:150} INFO - [2026-09-17T01:12:16.809+0000] {dagbag.py:541} INFO - Filling up the DagBag from /home/vscode/.local/lib/python3.10/site-packages/airflow/example_dags/example_branch_day_of_week_operator.py
[2026-09-17T01:12:16.816+0000] {processor.py:836} INFO - DAG(s) dict_keys(['example_weekday_branch_operator']) retrieved from /home/vscode/.local/lib/python3.10/site-packages/airflow/example_dags/example_branch_day_of_week_operator.py
[2026-09-17T01:12:16.830+0000] {logging_mixin.py:150} INFO - [2026-09-17T01:12:16.829+0000] {dag.py:2742} INFO - Sync 1 DAGs
[2026-09-17T01:12:16.852+0000] {logging_mixin.py:150} INFO - [2026-09-17T01:12:16.852+0000] {dag.py:3504} INFO - Setting next_dagrun for example_weekday_branch_operator to 2026-09-16T00:00:00+00:00, run_after=2026-09-17T00:00:00+00:00
[2026-09-17T01:12:16.879+0000] {processor.py:179} INFO - Processing /home/vscode/.local/lib/python3.10/site-packages/airflow/example_dags/example_branch_day_of_week_operator.py took 0.073 seconds
[2026-09-17T01:12:19.853+0000] {processor.py:157} INFO - Started process (PID=31348) to work on /home/vscode/.local/lib/python3.10/site-packages/airflow/example_dags/example_branch_day_of_week_operator.py
[2026-09-17T01:12:19.854+0000] {processor.py:826} INFO - Processing file /home/vscode/.local/lib/python3.10/site-packages/airflow/example_dags/example_branch_day_of_week_operator.py for tasks to queue
[2026-09-17T01:12:19.855+0000] {logging_mixin.py:150} INFO - [2026-09-17T01:12:19.854+0000] {dagbag.py:541} INFO - Filling up the DagBag from /home/vscode/.local/lib/python3.10/site-packages/airflow/example_dags/example_branch_day_of_week_operator.py
[2026-09-17T01:12:19.861+0000] {processor.py:836} INFO - DAG(s) dict_keys(['example_weekday_branch_operator']) retrieved from /home/vscode/.local/lib/python3.10/site-packages/airflow/example_dags/example_branch_day_of_week_operator.py
[2026-09-17T01:12:19.875+0000] {logging_mixin.py:150} INFO - [2026-09-17T01:12:19.875+0000] {dag.py:2742} INFO - Sync 1 DAGs
[2026-09-17T01:12:19.895+0000] {logging_mixin.py:150} INFO - [2026-09-17T01:12:19.895+0000] {dag.py:3504} INFO - Setting next_dagrun for example_weekday_branch_operator to 2026-09-16T00:00:00+00:00, run_after=2026-09-17T00:00:00+00:00
[2026-09-17T01:12:19.915+0000] {processor.py:179} INFO - Processing /home/vscode/.local/lib/python3.10/site-packages/airflow/example_dags/example_branch_day_of_week_operator.py took 0.064 seconds
[2026-09-17T01:13:04.556+0000] {processor.py:157} INFO - Started process (PID=31721) to work on /home/vscode/.local/lib/python3.10/site-packages/airflow/example_dags/example_branch_day_of_week_operator.py
[2026-09-17T01:13:04.558+0000] {processor.py:826} INFO - Processing file /home/vscode/.local/lib/python3.10/site-packages/airflow/example_dags/example_branch_day_of_week_operator.py for tasks to queue
[2026-09-17T01:13:04.559+0000] {logging_mixin.py:150} INFO - [2026-09-17T01:13:04.559+0000] {dagbag.py:541} INFO - Filling up the DagBag from /home/vscode/.local/lib/python3.10/site-packages/airflow/example_dags/example_branch_day_of_week_operator.py
[2026-09-17T01:13:04.572+0000] {processor.py:836} INFO - DAG(s) dict_keys(['example_weekday_branch_operator']) retrieved from /home/vscode/.local/lib/python3.10/site-packages/airflow/example_dags/example_branch_day_of_week_operator.py
[2026-09-17T01:13:04.592+0000] {logging_mixin.py:150} INFO - [2026-09-17T01:13:04.592+0000] {dag.py:2742} INFO - Sync 1 DAGs
[2026-09-17T01:13:04.627+0000] {logging_mixin.py:150} INFO - [2026-09-17T01:13:04.627+0000] {dag.py:3504} INFO - Setting next_dagrun for example_weekday_branch_operator to 2026-09-16T00:00:00+00:00, run_after=2026-09-17T00:00:00+00:00
[2026-09-17T01:13:04.668+0000] {processor.py:179} INFO - Processing /home/vscode/.local/lib/python3.10/site-packages/airflow/example_dags/example_branch_day_of_week_operator.py took 0.115 seconds
[2026-09-17T01:13:07.472+0000] {processor.py:157} INFO - Started process (PID=31760) to work on /home/vscode/.local/lib/python3.10/site-packages/airflow/example_dags/example_branch_day_of_week_operator.py
[2026-09-17T01:13:07.473+0000] {processor.py:826} INFO - Processing file /home/vscode/.local/lib/python3.10/site-packages/airflow/example_dags/example_branch_day_of_week_operator.py for tasks to queue
[2026-09-17T01:13:07.474+0000] {logging_mixin.py:150} INFO - [2026-09-17T01:13:07.473+0000] {dagbag.py:541} INFO - Filling up the DagBag from /home/vscode/.local/lib/python3.10/site-packages/airflow/example_dags/example_branch_day_of_week_operator.py
[2026-09-17T01:13:07.480+0000] {processor.py:836} INFO - DAG(s) dict_keys(['example_weekday_branch_operator']) retrieved from /home/vscode/.local/lib/python3.10/site-packages/airflow/example_dags/example_branch_day_of_week_operator.py
[2026-09-17T01:13:07.502+0000] {logging_mixin.py:150} INFO - [2026-09-17T01:13:07.501+0000] {dag.py:2742} INFO - Sync 1 DAGs
[2026-09-17T01:13:07.522+0000] {logging_mixin.py:150} INFO - [2026-09-17T01:13:07.522+0000] {dag.py:3504} INFO - Setting next_dagrun for example_weekday_branch_operator to 2026-09-16T00:00:00+00:00, run_after=2026-09-17T00:00:00+00:00
[2026-09-17T01:13:07.540+0000] {processor.py:179} INFO - Processing /home/vscode/.local/lib/python3.10/site-packages/airflow/example_dags/example_branch_day_of_week_operator.py took 0.070 seconds
[2026-09-17T01:13:47.997+0000] {processor.py:157} INFO - Started process (PID=32094) to work on /home/vscode/.local/lib/python3.10/site-packages/airflow/example_dags/example_branch_day_of_week_operator.py
[2026-09-17T01:13:47.999+0000] {processor.py:826} INFO - Processing file /home/vscode/.local/lib/python3.10/site-packages/airflow/example_dags/example_branch_day_of_week_operator.py for tasks to queue
[2026-09-17T01:13:47.999+0000] {logging_mixin.py:150} INFO - [2026-09-17T01:13:47.999+0000] {dagbag.py:541} INFO - Filling up the DagBag from /home/vscode/.local/lib/python3.10/site-packages/airflow/example_dags/example_branch_day_of_week_operator.py
[2026-09-17T01:13:48.006+0000] {processor.py:836} INFO - DAG(s) dict_keys(['example_weekday_branch_operator']) retrieved from /home/vscode/.local/lib/python3.10/site-packages/airflow/example_dags/example_branch_day_of_week_operator.py
[2026-09-17T01:13:48.021+0000] {logging_mixin.py:150} INFO - [2026-09-17T01:13:48.021+0000] {dag.py:2742} INFO - Sync 1 DAGs
[2026-09-17T01:13:48.038+0000] {logging_mixin.py:150} INFO - [2026-09-17T01:13:48.038+0000] {dag.py:3504} INFO - Setting next_dagrun for example_weekday_branch_operator to 2026-09-16T00:00:00+00:00, run_after=2026-09-17T00:00:00+00:00
[2026-09-17T01:13:48.058+0000] {processor.py:179} INFO - Processing /home/vscode/.local/lib/python3.10/site-packages/airflow/example_dags/example_branch_day_of_week_operator.py took 0.064 seconds
[2026-09-17T01:13:59.475+0000] {processor.py:157} INFO - Started process (PID=32192) to work on /home/vscode/.local/lib/python3.10/site-packages/airflow/example_dags/example_branch_day_of_week_operator.py
[2026-09-17T01:13:59.476+0000] {processor.py:826} INFO - Processing file /home/vscode/.local/lib/python3.10/site-packages/airflow/example_dags/example_branch_day_of_week_operator.py for tasks to queue
[2026-09-17T01:13:59.477+0000] {logging_mixin.py:150} INFO - [2026-09-17T01:13:59.476+0000] {dagbag.py:541} INFO - Filling up the DagBag from /home/vscode/.local/lib/python3.10/site-packages/airflow/example_dags/example_branch_day_of_week_operator.py
[2026-09-17T01:13:59.488+0000] {processor.py:836} INFO - DAG(s) dict_keys(['example_weekday_branch_operator']) retrieved from /home/vscode/.local/lib/python3.10/site-packages/airflow/example_dags/example_branch_day_of_week_operator.py
[2026-09-17T01:13:59.508+0000] {logging_mixin.py:150} INFO - [2026-09-17T01:13:59.508+0000] {dag.py:2742} INFO - Sync 1 DAGs
[2026-09-17T01:13:59.532+0000] {logging_mixin.py:150} INFO - [2026-09-17T01:13:59.532+0000] {dag.py:3504} INFO - Setting next_dagrun for example_weekday_branch_operator to 2026-09-16T00:00:00+00:00, run_after=2026-09-17T00:00:00+00:00
[2026-09-17T01:13:59.567+0000] {processor.py:179} INFO - Processing /home/vscode/.local/lib/python3.10/site-packages/airflow/example_dags/example_branch_day_of_week_operator.py took 0.096 seconds
[2026-09-17T01:14:37.674+0000] {processor.py:157} INFO - Started process (PID=32522) to work on /home/vscode/.local/lib/python3.10/site-packages/airflow/example_dags/example_branch_day_of_week_operator.py
[2026-09-17T01:14:37.675+0000] {processor.py:826} INFO - Processing file /home/vscode/.local/lib/python3.10/site-packages/airflow/example_dags/example_branch_day_of_week_operator.py for tasks to queue
[2026-09-17T01:14:37.675+0000] {logging_mixin.py:150} INFO - [2026-09-17T01:14:37.675+0000] {dagbag.py:541} INFO - Filling up the DagBag from /home/vscode/.local/lib/python3.10/site-packages/airflow/example_dags/example_branch_day_of_week_operator.py
[2026-09-17T01:14:37.682+0000] {processor.py:836} INFO - DAG(s) dict_keys(['example_weekday_branch_operator']) retrieved from /home/vscode/.local/lib/python3.10/site-packages/airflow/example_dags/example_branch_day_of_week_operator.py
[2026-09-17T01:14:37.701+0000] {logging_mixin.py:150} INFO - [2026-09-17T01:14:37.701+0000] {dag.py:2742} INFO - Sync 1 DAGs
[2026-09-17T01:14:37.717+0000] {logging_mixin.py:150} INFO - [2026-09-17T01:14:37.716+0000] {dag.py:3504} INFO - Setting next_dagrun for example_weekday_branch_operator to 2026-09-16T00:00:00+00:00, run_after=2026-09-17T00:00:00+00:00
[2026-09-17T01:14:37.733+0000] {processor.py:179} INFO - Processing /home/vscode/.local/lib/python3.10/site-packages/airflow/example_dags/example_branch_day_of_week_operator.py took 0.061 seconds
[2026-09-17T01:14:49.051+0000] {processor.py:157} INFO - Started process (PID=32616) to work on /home/vscode/.local/lib/python3.10/site-packages/airflow/example_dags/example_branch_day_of_week_operator.py
[2026-09-17T01:14:49.052+0000] {processor.py:826} INFO - Processing file /home/vscode/.local/lib/python3.10/site-packages/airflow/example_dags/example_branch_day_of_week_operator.py for tasks to queue
[2026-09-17T01:14:49.052+0000] {logging_mixin.py:150} INFO - [2026-09-17T01:14:49.052+0000] {dagbag.py:541} INFO - Filling up the DagBag from /home/vscode/.local/lib/python3.10/site-packages/airflow/example_dags/example_branch_day_of_week_operator.py
[2026-09-17T01:14:49.062+0000] {processor.py:836} INFO - DAG(s) dict_keys(['example_weekday_branch_operator']) retrieved from /home/vscode/.local/lib/python3.10/site-packages/airflow/example_dags/example_branch_day_of_week_operator.py
[2026-09-17T01:14:49.094+0000] {logging_mixin.py:150} INFO - [2026-09-17T01:14:49.094+0000] {dag.py:2742} INFO - Sync 1 DAGs
[2026-09-17T01:14:49.116+0000] {logging_mixin.py:150} INFO - [2026-09-17T01:14:49.116+0000] {dag.py:3504} INFO - Setting next_dagrun for example_weekday_branch_operator to 2026-09-16T00:00:00+00:00, run_after=2026-09-17T00:00:00+00:00
[2026-09-17T01:14:49.136+0000] {processor.py:179} INFO - Processing /home/vscode/.local/lib/python3.10/site-packages/airflow/example_dags/example_branch_day_of_week_operator.py took 0.089 seconds
[2026-09-17T01:15:20.942+0000] {processor.py:157} INFO - Started process (PID=32889) to work on /home/vscode/.local/lib/python3.10/site-packages/airflow/example_dags/example_branch_day_of_week_operator.py
[2026-09-17T01:15:20.943+0000] {processor.py:826} INFO - Processing file /home/vscode/.local/lib/python3.10/site-packages/airflow/example_dags/example_branch_day_of_week_operator.py for tasks to queue
[2026-09-17T01:15:20.944+0000] {logging_mixin.py:150} INFO - [2026-09-17T01:15:20.944+0000] {dagbag.py:541} INFO - Filling up the DagBag from /home/vscode/.local/lib/python3.10/site-packages/airflow/example_dags/example_branch_day_of_week_operator.py
[2026-09-17T01:15:20.950+0000] {processor.py:836} INFO - DAG(s) dict_keys(['example_weekday_branch_operator']) retrieved from /home/vscode/.local/lib/python3.10/site-packages/airflow/example_dags/example_branch_day_of_week_operator.py
[2026-09-17T01:15:20.964+0000] {logging_mixin.py:150} INFO - [2026-09-17T01:15:20.964+0000] {dag.py:2742} INFO - Sync 1 DAGs
[2026-09-17T01:15:20.979+0000] {logging_mixin.py:150} INFO - [2026-09-17T01:15:20.979+0000] {dag.py:3504} INFO - Setting next_dagrun for example_weekday_branch_operator to 2026-09-16T00:00:00+00:00, run_after=2026-09-17T00:00:00+00:00
[2026-09-17T01:15:21.003+0000] {processor.py:179} INFO - Processing /home/vscode/.local/lib/python3.10/site-packages/airflow/example_dags/example_branch_day_of_week_operator.py took 0.064 seconds
[2026-09-17T01:15:42.654+0000] {processor.py:157} INFO - Started process (PID=33083) to work on /home/vscode/.local/lib/python3.10/site-packages/airflow/example_dags/example_branch_day_of_week_operator.py
[2026-09-17T01:15:42.655+0000] {processor.py:826} INFO - Processing file /home/vscode/.local/lib/python3.10/site-packages/airflow/example_dags/example_branch_day_of_week_operator.py for tasks to queue
[2026-09-17T01:15:42.656+0000] {logging_mixin.py:150} INFO - [2026-09-17T01:15:42.655+0000] {dagbag.py:541} INFO - Filling up the DagBag from /home/vscode/.local/lib/python3.10/site-packages/airflow/example_dags/example_branch_day_of_week_operator.py
[2026-09-17T01:15:42.662+0000] {processor.py:836} INFO - DAG(s) dict_keys(['example_weekday_branch_operator']) retrieved from /home/vscode/.local/lib/python3.10/site-packages/airflow/example_dags/example_branch_day_of_week_operator.py
[2026-09-17T01:15:42.675+0000] {logging_mixin.py:150} INFO - [2026-09-17T01:15:42.675+0000] {dag.py:2742} INFO - Sync 1 DAGs
[2026-09-17T01:15:42.694+0000] {logging_mixin.py:150} INFO - [2026-09-17T01:15:42.694+0000] {dag.py:3504} INFO - Setting next_dagrun for example_weekday_branch_operator to 2026-09-16T00:00:00+00:00, run_after=2026-09-17T00:00:00+00:00
[2026-09-17T01:15:42.712+0000] {processor.py:179} INFO - Processing /home/vscode/.local/lib/python3.10/site-packages/airflow/example_dags/example_branch_day_of_week_operator.py took 0.061 seconds
[2026-09-17T01:16:08.526+0000] {processor.py:157} INFO - Started process (PID=33321) to work on /home/vscode/.local/lib/python3.10/site-packages/airflow/example_dags/example_branch_day_of_week_operator.py
[2026-09-17T01:16:08.527+0000] {processor.py:826} INFO - Processing file /home/vscode/.local/lib/python3.10/site-packages/airflow/example_dags/example_branch_day_of_week_operator.py for tasks to queue
[2026-09-17T01:16:08.528+0000] {logging_mixin.py:150} INFO - [2026-09-17T01:16:08.527+0000] {dagbag.py:541} INFO - Filling up the DagBag from /home/vscode/.local/lib/python3.10/site-packages/airflow/example_dags/example_branch_day_of_week_operator.py
[2026-09-17T01:16:08.536+0000] {processor.py:836} INFO - DAG(s) dict_keys(['example_weekday_branch_operator']) retrieved from /home/vscode/.local/lib/python3.10/site-packages/airflow/example_dags/example_branch_day_of_week_operator.py
[2026-09-17T01:16:08.557+0000] {logging_mixin.py:150} INFO - [2026-09-17T01:16:08.557+0000] {dag.py:2742} INFO - Sync 1 DAGs
[2026-09-17T01:16:08.582+0000] {logging_mixin.py:150} INFO - [2026-09-17T01:16:08.582+0000] {dag.py:3504} INFO - Setting next_dagrun for example_weekday_branch_operator to 2026-09-16T00:00:00+00:00, run_after=2026-09-17T00:00:00+00:00
[2026-09-17T01:16:08.611+0000] {processor.py:179} INFO - Processing /home/vscode/.local/lib/python3.10/site-packages/airflow/example_dags/example_branch_day_of_week_operator.py took 0.089 seconds
[2026-09-17T01:16:34.097+0000] {processor.py:157} INFO - Started process (PID=33542) to work on /home/vscode/.local/lib/python3.10/site-packages/airflow/example_dags/example_branch_day_of_week_operator.py
[2026-09-17T01:16:34.100+0000] {processor.py:826} INFO - Processing file /home/vscode/.local/lib/python3.10/site-packages/airflow/example_dags/example_branch_day_of_week_operator.py for tasks to queue
[2026-09-17T01:16:34.103+0000] {logging_mixin.py:150} INFO - [2026-09-17T01:16:34.101+0000] {dagbag.py:541} INFO - Filling up the DagBag from /home/vscode/.local/lib/python3.10/site-packages/airflow/example_dags/example_branch_day_of_week_operator.py
[2026-09-17T01:16:34.117+0000] {processor.py:836} INFO - DAG(s) dict_keys(['example_weekday_branch_operator']) retrieved from /home/vscode/.local/lib/python3.10/site-packages/airflow/example_dags/example_branch_day_of_week_operator.py
[2026-09-17T01:16:34.144+0000] {logging_mixin.py:150} INFO - [2026-09-17T01:16:34.144+0000] {dag.py:2742} INFO - Sync 1 DAGs
[2026-09-17T01:16:34.166+0000] {logging_mixin.py:150} INFO - [2026-09-17T01:16:34.165+0000] {dag.py:3504} INFO - Setting next_dagrun for example_weekday_branch_operator to 2026-09-16T00:00:00+00:00, run_after=2026-09-17T00:00:00+00:00
[2026-09-17T01:16:34.190+0000] {processor.py:179} INFO - Processing /home/vscode/.local/lib/python3.10/site-packages/airflow/example_dags/example_branch_day_of_week_operator.py took 0.101 seconds
[2026-09-17T01:16:59.888+0000] {processor.py:157} INFO - Started process (PID=33769) to work on /home/vscode/.local/lib/python3.10/site-packages/airflow/example_dags/example_branch_day_of_week_operator.py
[2026-09-17T01:16:59.889+0000] {processor.py:826} INFO - Processing file /home/vscode/.local/lib/python3.10/site-packages/airflow/example_dags/example_branch_day_of_week_operator.py for tasks to queue
[2026-09-17T01:16:59.889+0000] {logging_mixin.py:150} INFO - [2026-09-17T01:16:59.889+0000] {dagbag.py:541} INFO - Filling up the DagBag from /home/vscode/.local/lib/python3.10/site-packages/airflow/example_dags/example_branch_day_of_week_operator.py
[2026-09-17T01:16:59.898+0000] {processor.py:836} INFO - DAG(s) dict_keys(['example_weekday_branch_operator']) retrieved from /home/vscode/.local/lib/python3.10/site-packages/airflow/example_dags/example_branch_day_of_week_operator.py
[2026-09-17T01:16:59.916+0000] {logging_mixin.py:150} INFO - [2026-09-17T01:16:59.916+0000] {dag.py:2742} INFO - Sync 1 DAGs
[2026-09-17T01:16:59.932+0000] {logging_mixin.py:150} INFO - [2026-09-17T01:16:59.932+0000] {dag.py:3504} INFO - Setting next_dagrun for example_weekday_branch_operator to 2026-09-16T00:00:00+00:00, run_after=2026-09-17T00:00:00+00:00
[2026-09-17T01:16:59.949+0000] {processor.py:179} INFO - Processing /home/vscode/.local/lib/python3.10/site-packages/airflow/example_dags/example_branch_day_of_week_operator.py took 0.064 seconds
[2026-09-17T01:17:23.697+0000] {processor.py:157} INFO - Started process (PID=33967) to work on /home/vscode/.local/lib/python3.10/site-packages/airflow/example_dags/example_branch_day_of_week_operator.py
[2026-09-17T01:17:23.698+0000] {processor.py:826} INFO - Processing file /home/vscode/.local/lib/python3.10/site-packages/airflow/example_dags/example_branch_day_of_week_operator.py for tasks to queue
[2026-09-17T01:17:23.699+0000] {logging_mixin.py:150} INFO - [2026-09-17T01:17:23.699+0000] {dagbag.py:541} INFO - Filling up the DagBag from /home/vscode/.local/lib/python3.10/site-packages/airflow/example_dags/example_branch_day_of_week_operator.py
[2026-09-17T01:17:23.706+0000] {processor.py:836} INFO - DAG(s) dict_keys(['example_weekday_branch_operator']) retrieved from /home/vscode/.local/lib/python3.10/site-packages/airflow/example_dags/example_branch_day_of_week_operator.py
[2026-09-17T01:17:23.720+0000] {logging_mixin.py:150} INFO - [2026-09-17T01:17:23.719+0000] {dag.py:2742} INFO - Sync 1 DAGs
[2026-09-17T01:17:23.735+0000] {logging_mixin.py:150} INFO - [2026-09-17T01:17:23.735+0000] {dag.py:3504} INFO - Setting next_dagrun for example_weekday_branch_operator to 2026-09-16T00:00:00+00:00, run_after=2026-09-17T00:00:00+00:00
[2026-09-17T01:17:23.751+0000] {processor.py:179} INFO - Processing /home/vscode/.local/lib/python3.10/site-packages/airflow/example_dags/example_branch_day_of_week_operator.py took 0.057 seconds
[2026-09-17T01:17:43.559+0000] {processor.py:157} INFO - Started process (PID=34138) to work on /home/vscode/.local/lib/python3.10/site-packages/airflow/example_dags/example_branch_day_of_week_operator.py
[2026-09-17T01:17:43.560+0000] {processor.py:826} INFO - Processing file /home/vscode/.local/lib/python3.10/site-packages/airflow/example_dags/example_branch_day_of_week_operator.py for tasks to queue
[2026-09-17T01:17:43.561+0000] {logging_mixin.py:150} INFO - [2026-09-17T01:17:43.561+0000] {dagbag.py:541} INFO - Filling up the DagBag from /home/vscode/.local/lib/python3.10/site-packages/airflow/example_dags/example_branch_day_of_week_operator.py
[2026-09-17T01:17:43.567+0000] {processor.py:836} INFO - DAG(s) dict_keys(['example_weekday_branch_operator']) retrieved from /home/vscode/.local/lib/python3.10/site-packages/airflow/example_dags/example_branch_day_of_week_operator.py
[2026-09-17T01:17:43.582+0000] {logging_mixin.py:150} INFO - [2026-09-17T01:17:43.581+0000] {dag.py:2742} INFO - Sync 1 DAGs
[2026-09-17T01:17:43.598+0000] {logging_mixin.py:150} INFO - [2026-09-17T01:17:43.598+0000] {dag.py:3504} INFO - Setting next_dagrun for example_weekday_branch_operator to 2026-09-16T00:00:00+00:00, run_after=2026-09-17T00:00:00+00:00
[2026-09-17T01:17:43.617+0000] {processor.py:179} INFO - Processing /home/vscode/.local/lib/python3.10/site-packages/airflow/example_dags/example_branch_day_of_week_operator.py took 0.061 seconds
[2026-09-17T01:18:12.156+0000] {processor.py:157} INFO - Started process (PID=34379) to work on /home/vscode/.local/lib/python3.10/site-packages/airflow/example_dags/example_branch_day_of_week_operator.py
[2026-09-17T01:18:12.158+0000] {processor.py:826} INFO - Processing file /home/vscode/.local/lib/python3.10/site-packages/airflow/example_dags/example_branch_day_of_week_operator.py for tasks to queue
[2026-09-17T01:18:12.160+0000] {logging_mixin.py:150} INFO - [2026-09-17T01:18:12.159+0000] {dagbag.py:541} INFO - Filling up the DagBag from /home/vscode/.local/lib/python3.10/site-packages/airflow/example_dags/example_branch_day_of_week_operator.py
[2026-09-17T01:18:12.169+0000] {processor.py:836} INFO - DAG(s) dict_keys(['example_weekday_branch_operator']) retrieved from /home/vscode/.local/lib/python3.10/site-packages/airflow/example_dags/example_branch_day_of_week_operator.py
[2026-09-17T01:18:12.191+0000] {logging_mixin.py:150} INFO - [2026-09-17T01:18:12.191+0000] {dag.py:2742} INFO - Sync 1 DAGs
[2026-09-17T01:18:12.217+0000] {logging_mixin.py:150} INFO - [2026-09-17T01:18:12.217+0000] {dag.py:3504} INFO - Setting next_dagrun for example_weekday_branch_operator to 2026-09-16T00:00:00+00:00, run_after=2026-09-17T00:00:00+00:00
[2026-09-17T01:18:12.246+0000] {processor.py:179} INFO - Processing /home/vscode/.local/lib/python3.10/site-packages/airflow/example_dags/example_branch_day_of_week_operator.py took 0.095 seconds
[2026-09-17T01:18:35.052+0000] {processor.py:157} INFO - Started process (PID=34562) to work on /home/vscode/.local/lib/python3.10/site-packages/airflow/example_dags/example_branch_day_of_week_operator.py
[2026-09-17T01:18:35.053+0000] {processor.py:826} INFO - Processing file /home/vscode/.local/lib/python3.10/site-packages/airflow/example_dags/example_branch_day_of_week_operator.py for tasks to queue
[2026-09-17T01:18:35.053+0000] {logging_mixin.py:150} INFO - [2026-09-17T01:18:35.053+0000] {dagbag.py:541} INFO - Filling up the DagBag from /home/vscode/.local/lib/python3.10/site-packages/airflow/example_dags/example_branch_day_of_week_operator.py
[2026-09-17T01:18:35.059+0000] {processor.py:836} INFO - DAG(s) dict_keys(['example_weekday_branch_operator']) retrieved from /home/vscode/.local/lib/python3.10/site-packages/airflow/example_dags/example_branch_day_of_week_operator.py
[2026-09-17T01:18:35.072+0000] {logging_mixin.py:150} INFO - [2026-09-17T01:18:35.072+0000] {dag.py:2742} INFO - Sync 1 DAGs
[2026-09-17T01:18:35.088+0000] {logging_mixin.py:150} INFO - [2026-09-17T01:18:35.088+0000] {dag.py:3504} INFO - Setting next_dagrun for example_weekday_branch_operator to 2026-09-16T00:00:00+00:00, run_after=2026-09-17T00:00:00+00:00
[2026-09-17T01:18:35.105+0000] {processor.py:179} INFO - Processing /home/vscode/.local/lib/python3.10/site-packages/airflow/example_dags/example_branch_day_of_week_operator.py took 0.056 seconds
[2026-09-17T01:18:57.054+0000] {processor.py:157} INFO - Started process (PID=34753) to work on /home/vscode/.local/lib/python3.10/site-packages/airflow/example_dags/example_branch_day_of_week_operator.py
[2026-09-17T01:18:57.055+0000] {processor.py:826} INFO - Processing file /home/vscode/.local/lib/python3.10/site-packages/airflow/example_dags/example_branch_day_of_week_operator.py for tasks to queue
[2026-09-17T01:18:57.056+0000] {logging_mixin.py:150} INFO - [2026-09-17T01:18:57.055+0000] {dagbag.py:541} INFO - Filling up the DagBag from /home/vscode/.local/lib/python3.10/site-packages/airflow/example_dags/example_branch_day_of_week_operator.py
[2026-09-17T01:18:57.061+0000] {processor.py:836} INFO - DAG(s) dict_keys(['example_weekday_branch_operator']) retrieved from /home/vscode/.local/lib/python3.10/site-packages/airflow/example_dags/example_branch_day_of_week_operator.py
[2026-09-17T01:18:57.075+0000] {logging_mixin.py:150} INFO - [2026-09-17T01:18:57.075+0000] {dag.py:2742} INFO - Sync 1 DAGs
[2026-09-17T01:18:57.093+0000] {logging_mixin.py:150} INFO - [2026-09-17T01:18:57.093+0000] {dag.py:3504} INFO - Setting next_dagrun for example_weekday_branch_operator to 2026-09-16T00:00:00+00:00, run_after=2026-09-17T00:00:00+00:00
[2026-09-17T01:18:57.109+0000] {processor.py:179} INFO - Processing /home/vscode/.local/lib/python3.10/site-packages/airflow/example_dags/example_branch_day_of_week_operator.py took 0.057 seconds
[2026-09-17T01:19:23.049+0000] {processor.py:157} INFO - Started process (PID=34961) to work on /home/vscode/.local/lib/python3.10/site-packages/airflow/example_dags/example_branch_day_of_week_operator.py
[2026-09-17T01:19:23.050+0000] {processor.py:826} INFO - Processing file /home/vscode/.local/lib/python3.10/site-packages/airflow/example_dags/example_branch_day_of_week_operator.py for tasks to queue
[2026-09-17T01:19:23.051+0000] {logging_mixin.py:150} INFO - [2026-09-17T01:19:23.050+0000] {dagbag.py:541} INFO - Filling up the DagBag from /home/vscode/.local/lib/python3.10/site-packages/airflow/example_dags/example_branch_day_of_week_operator.py
[2026-09-17T01:19:23.056+0000] {processor.py:836} INFO - DAG(s) dict_keys(['example_weekday_branch_operator']) retrieved from /home/vscode/.local/lib/python3.10/site-packages/airflow/example_dags/example_branch_day_of_week_operator.py
[2026-09-17T01:19:23.070+0000] {logging_mixin.py:150} INFO - [2026-09-17T01:19:23.069+0000] {dag.py:2742} INFO - Sync 1 DAGs
[2026-09-17T01:19:23.087+0000] {logging_mixin.py:150} INFO - [2026-09-17T01:19:23.086+0000] {dag.py:3504} INFO - Setting next_dagrun for example_weekday_branch_operator to 2026-09-16T00:00:00+00:00, run_after=2026-09-17T00:00:00+00:00
[2026-09-17T01:19:23.105+0000] {processor.py:179} INFO - Processing /home/vscode/.local/lib/python3.10/site-packages/airflow/example_dags/example_branch_day_of_week_operator.py took 0.059 seconds
[2026-09-17T01:19:48.560+0000] {processor.py:157} INFO - Started process (PID=35154) to work on /home/vscode/.local/lib/python3.10/site-packages/airflow/example_dags/example_branch_day_of_week_operator.py
[2026-09-17T01:19:48.561+0000] {processor.py:826} INFO - Processing file /home/vscode/.local/lib/python3.10/site-packages/airflow/example_dags/example_branch_day_of_week_operator.py for tasks to queue
[2026-09-17T01:19:48.562+0000] {logging_mixin.py:150} INFO - [2026-09-17T01:19:48.562+0000] {dagbag.py:541} INFO - Filling up the DagBag from /home/vscode/.local/lib/python3.10/site-packages/airflow/example_dags/example_branch_day_of_week_operator.py
[2026-09-17T01:19:48.571+0000] {processor.py:836} INFO - DAG(s) dict_keys(['example_weekday_branch_operator']) retrieved from /home/vscode/.local/lib/python3.10/site-packages/airflow/example_dags/example_branch_day_of_week_operator.py
[2026-09-17T01:19:48.587+0000] {logging_mixin.py:150} INFO - [2026-09-17T01:19:48.587+0000] {dag.py:2742} INFO - Sync 1 DAGs
[2026-09-17T01:19:48.607+0000] {logging_mixin.py:150} INFO - [2026-09-17T01:19:48.607+0000] {dag.py:3504} INFO - Setting next_dagrun for example_weekday_branch_operator to 2026-09-16T00:00:00+00:00, run_after=2026-09-17T00:00:00+00:00
[2026-09-17T01:19:48.624+0000] {processor.py:179} INFO - Processing /home/vscode/.local/lib/python3.10/site-packages/airflow/example_dags/example_branch_day_of_week_operator.py took 0.067 seconds
[2026-09-17T01:20:11.092+0000] {processor.py:157} INFO - Started process (PID=35408) to work on /home/vscode/.local/lib/python3.10/site-packages/airflow/example_dags/example_branch_day_of_week_operator.py
[2026-09-17T01:20:11.093+0000] {processor.py:826} INFO - Processing file /home/vscode/.local/lib/python3.10/site-packages/airflow/example_dags/example_branch_day_of_week_operator.py for tasks to queue
[2026-09-17T01:20:11.094+0000] {logging_mixin.py:150} INFO - [2026-09-17T01:20:11.094+0000] {dagbag.py:541} INFO - Filling up the DagBag from /home/vscode/.local/lib/python3.10/site-packages/airflow/example_dags/example_branch_day_of_week_operator.py
[2026-09-17T01:20:11.100+0000] {processor.py:836} INFO - DAG(s) dict_keys(['example_weekday_branch_operator']) retrieved from /home/vscode/.local/lib/python3.10/site-packages/airflow/example_dags/example_branch_day_of_week_operator.py
[2026-09-17T01:20:11.113+0000] {logging_mixin.py:150} INFO - [2026-09-17T01:20:11.113+0000] {dag.py:2742} INFO - Sync 1 DAGs
[2026-09-17T01:20:11.133+0000] {logging_mixin.py:150} INFO - [2026-09-17T01:20:11.133+0000] {dag.py:3504} INFO - Setting next_dagrun for example_weekday_branch_operator to 2026-09-16T00:00:00+00:00, run_after=2026-09-17T00:00:00+00:00
[2026-09-17T01:20:11.158+0000] {processor.py:179} INFO - Processing /home/vscode/.local/lib/python3.10/site-packages/airflow/example_dags/example_branch_day_of_week_operator.py took 0.068 seconds
[2026-09-17T01:20:35.271+0000] {processor.py:157} INFO - Started process (PID=35602) to work on /home/vscode/.local/lib/python3.10/site-packages/airflow/example_dags/example_branch_day_of_week_operator.py
[2026-09-17T01:20:35.271+0000] {processor.py:826} INFO - Processing file /home/vscode/.local/lib/python3.10/site-packages/airflow/example_dags/example_branch_day_of_week_operator.py for tasks to queue
[2026-09-17T01:20:35.272+0000] {logging_mixin.py:150} INFO - [2026-09-17T01:20:35.272+0000] {dagbag.py:541} INFO - Filling up the DagBag from /home/vscode/.local/lib/python3.10/site-packages/airflow/example_dags/example_branch_day_of_week_operator.py
[2026-09-17T01:20:35.278+0000] {processor.py:836} INFO - DAG(s) dict_keys(['example_weekday_branch_operator']) retrieved from /home/vscode/.local/lib/python3.10/site-packages/airflow/example_dags/example_branch_day_of_week_operator.py
[2026-09-17T01:20:35.296+0000] {logging_mixin.py:150} INFO - [2026-09-17T01:20:35.296+0000] {dag.py:2742} INFO - Sync 1 DAGs
[2026-09-17T01:20:35.313+0000] {logging_mixin.py:150} INFO - [2026-09-17T01:20:35.313+0000] {dag.py:3504} INFO - Setting next_dagrun for example_weekday_branch_operator to 2026-09-16T00:00:00+00:00, run_after=2026-09-17T00:00:00+00:00
[2026-09-17T01:20:35.329+0000] {processor.py:179} INFO - Processing /home/vscode/.local/lib/python3.10/site-packages/airflow/example_dags/example_branch_day_of_week_operator.py took 0.061 seconds
[2026-09-17T01:20:59.337+0000] {processor.py:157} INFO - Started process (PID=35908) to work on /home/vscode/.local/lib/python3.10/site-packages/airflow/example_dags/example_branch_day_of_week_operator.py
[2026-09-17T01:20:59.338+0000] {processor.py:826} INFO - Processing file /home/vscode/.local/lib/python3.10/site-packages/airflow/example_dags/example_branch_day_of_week_operator.py for tasks to queue
[2026-09-17T01:20:59.339+0000] {logging_mixin.py:150} INFO - [2026-09-17T01:20:59.339+0000] {dagbag.py:541} INFO - Filling up the DagBag from /home/vscode/.local/lib/python3.10/site-packages/airflow/example_dags/example_branch_day_of_week_operator.py
[2026-09-17T01:20:59.345+0000] {processor.py:836} INFO - DAG(s) dict_keys(['example_weekday_branch_operator']) retrieved from /home/vscode/.local/lib/python3.10/site-packages/airflow/example_dags/example_branch_day_of_week_operator.py
[2026-09-17T01:20:59.359+0000] {logging_mixin.py:150} INFO - [2026-09-17T01:20:59.358+0000] {dag.py:2742} INFO - Sync 1 DAGs
[2026-09-17T01:20:59.375+0000] {logging_mixin.py:150} INFO - [2026-09-17T01:20:59.375+0000] {dag.py:3504} INFO - Setting next_dagrun for example_weekday_branch_operator to 2026-09-16T00:00:00+00:00, run_after=2026-09-17T00:00:00+00:00
[2026-09-17T01:20:59.396+0000] {processor.py:179} INFO - Processing /home/vscode/.local/lib/python3.10/site-packages/airflow/example_dags/example_branch_day_of_week_operator.py took 0.062 seconds
[2026-09-17T01:21:24.678+0000] {processor.py:157} INFO - Started process (PID=36260) to work on /home/vscode/.local/lib/python3.10/site-packages/airflow/example_dags/example_branch_day_of_week_operator.py
[2026-09-17T01:21:24.678+0000] {processor.py:826} INFO - Processing file /home/vscode/.local/lib/python3.10/site-packages/airflow/example_dags/example_branch_day_of_week_operator.py for tasks to queue
[2026-09-17T01:21:24.679+0000] {logging_mixin.py:150} INFO - [2026-09-17T01:21:24.679+0000] {dagbag.py:541} INFO - Filling up the DagBag from /home/vscode/.local/lib/python3.10/site-packages/airflow/example_dags/example_branch_day_of_week_operator.py
[2026-09-17T01:21:24.686+0000] {processor.py:836} INFO - DAG(s) dict_keys(['example_weekday_branch_operator']) retrieved from /home/vscode/.local/lib/python3.10/site-packages/airflow/example_dags/example_branch_day_of_week_operator.py
[2026-09-17T01:21:24.704+0000] {logging_mixin.py:150} INFO - [2026-09-17T01:21:24.704+0000] {dag.py:2742} INFO - Sync 1 DAGs
[2026-09-17T01:21:24.722+0000] {logging_mixin.py:150} INFO - [2026-09-17T01:21:24.722+0000] {dag.py:3504} INFO - Setting next_dagrun for example_weekday_branch_operator to 2026-09-16T00:00:00+00:00, run_after=2026-09-17T00:00:00+00:00
[2026-09-17T01:21:24.739+0000] {processor.py:179} INFO - Processing /home/vscode/.local/lib/python3.10/site-packages/airflow/example_dags/example_branch_day_of_week_operator.py took 0.064 seconds
[2026-09-17T01:21:47.829+0000] {processor.py:157} INFO - Started process (PID=36588) to work on /home/vscode/.local/lib/python3.10/site-packages/airflow/example_dags/example_branch_day_of_week_operator.py
[2026-09-17T01:21:47.830+0000] {processor.py:826} INFO - Processing file /home/vscode/.local/lib/python3.10/site-packages/airflow/example_dags/example_branch_day_of_week_operator.py for tasks to queue
[2026-09-17T01:21:47.830+0000] {logging_mixin.py:150} INFO - [2026-09-17T01:21:47.830+0000] {dagbag.py:541} INFO - Filling up the DagBag from /home/vscode/.local/lib/python3.10/site-packages/airflow/example_dags/example_branch_day_of_week_operator.py
[2026-09-17T01:21:47.836+0000] {processor.py:836} INFO - DAG(s) dict_keys(['example_weekday_branch_operator']) retrieved from /home/vscode/.local/lib/python3.10/site-packages/airflow/example_dags/example_branch_day_of_week_operator.py
[2026-09-17T01:21:47.854+0000] {logging_mixin.py:150} INFO - [2026-09-17T01:21:47.854+0000] {dag.py:2742} INFO - Sync 1 DAGs
[2026-09-17T01:21:47.872+0000] {logging_mixin.py:150} INFO - [2026-09-17T01:21:47.872+0000] {dag.py:3504} INFO - Setting next_dagrun for example_weekday_branch_operator to 2026-09-16T00:00:00+00:00, run_after=2026-09-17T00:00:00+00:00
[2026-09-17T01:21:47.894+0000] {processor.py:179} INFO - Processing /home/vscode/.local/lib/python3.10/site-packages/airflow/example_dags/example_branch_day_of_week_operator.py took 0.067 seconds
[2026-09-17T01:22:13.607+0000] {processor.py:157} INFO - Started process (PID=36876) to work on /home/vscode/.local/lib/python3.10/site-packages/airflow/example_dags/example_branch_day_of_week_operator.py
[2026-09-17T01:22:13.608+0000] {processor.py:826} INFO - Processing file /home/vscode/.local/lib/python3.10/site-packages/airflow/example_dags/example_branch_day_of_week_operator.py for tasks to queue
[2026-09-17T01:22:13.609+0000] {logging_mixin.py:150} INFO - [2026-09-17T01:22:13.609+0000] {dagbag.py:541} INFO - Filling up the DagBag from /home/vscode/.local/lib/python3.10/site-packages/airflow/example_dags/example_branch_day_of_week_operator.py
[2026-09-17T01:22:13.617+0000] {processor.py:836} INFO - DAG(s) dict_keys(['example_weekday_branch_operator']) retrieved from /home/vscode/.local/lib/python3.10/site-packages/airflow/example_dags/example_branch_day_of_week_operator.py
[2026-09-17T01:22:13.635+0000] {logging_mixin.py:150} INFO - [2026-09-17T01:22:13.635+0000] {dag.py:2742} INFO - Sync 1 DAGs
[2026-09-17T01:22:13.656+0000] {logging_mixin.py:150} INFO - [2026-09-17T01:22:13.656+0000] {dag.py:3504} INFO - Setting next_dagrun for example_weekday_branch_operator to 2026-09-16T00:00:00+00:00, run_after=2026-09-17T00:00:00+00:00
[2026-09-17T01:22:13.687+0000] {processor.py:179} INFO - Processing /home/vscode/.local/lib/python3.10/site-packages/airflow/example_dags/example_branch_day_of_week_operator.py took 0.083 seconds
[2026-09-17T01:22:36.420+0000] {processor.py:157} INFO - Started process (PID=37209) to work on /home/vscode/.local/lib/python3.10/site-packages/airflow/example_dags/example_branch_day_of_week_operator.py
[2026-09-17T01:22:36.421+0000] {processor.py:826} INFO - Processing file /home/vscode/.local/lib/python3.10/site-packages/airflow/example_dags/example_branch_day_of_week_operator.py for tasks to queue
[2026-09-17T01:22:36.422+0000] {logging_mixin.py:150} INFO - [2026-09-17T01:22:36.421+0000] {dagbag.py:541} INFO - Filling up the DagBag from /home/vscode/.local/lib/python3.10/site-packages/airflow/example_dags/example_branch_day_of_week_operator.py
[2026-09-17T01:22:36.428+0000] {processor.py:836} INFO - DAG(s) dict_keys(['example_weekday_branch_operator']) retrieved from /home/vscode/.local/lib/python3.10/site-packages/airflow/example_dags/example_branch_day_of_week_operator.py
[2026-09-17T01:22:36.442+0000] {logging_mixin.py:150} INFO - [2026-09-17T01:22:36.442+0000] {dag.py:2742} INFO - Sync 1 DAGs
[2026-09-17T01:22:36.458+0000] {logging_mixin.py:150} INFO - [2026-09-17T01:22:36.457+0000] {dag.py:3504} INFO - Setting next_dagrun for example_weekday_branch_operator to 2026-09-16T00:00:00+00:00, run_after=2026-09-17T00:00:00+00:00
[2026-09-17T01:22:36.473+0000] {processor.py:179} INFO - Processing /home/vscode/.local/lib/python3.10/site-packages/airflow/example_dags/example_branch_day_of_week_operator.py took 0.057 seconds
[2026-09-17T01:23:03.038+0000] {processor.py:157} INFO - Started process (PID=37422) to work on /home/vscode/.local/lib/python3.10/site-packages/airflow/example_dags/example_branch_day_of_week_operator.py
[2026-09-17T01:23:03.039+0000] {processor.py:826} INFO - Processing file /home/vscode/.local/lib/python3.10/site-packages/airflow/example_dags/example_branch_day_of_week_operator.py for tasks to queue
[2026-09-17T01:23:03.040+0000] {logging_mixin.py:150} INFO - [2026-09-17T01:23:03.039+0000] {dagbag.py:541} INFO - Filling up the DagBag from /home/vscode/.local/lib/python3.10/site-packages/airflow/example_dags/example_branch_day_of_week_operator.py
[2026-09-17T01:23:03.047+0000] {processor.py:836} INFO - DAG(s) dict_keys(['example_weekday_branch_operator']) retrieved from /home/vscode/.local/lib/python3.10/site-packages/airflow/example_dags/example_branch_day_of_week_operator.py
[2026-09-17T01:23:03.063+0000] {logging_mixin.py:150} INFO - [2026-09-17T01:23:03.062+0000] {dag.py:2742} INFO - Sync 1 DAGs
[2026-09-17T01:23:03.078+0000] {logging_mixin.py:150} INFO - [2026-09-17T01:23:03.078+0000] {dag.py:3504} INFO - Setting next_dagrun for example_weekday_branch_operator to 2026-09-16T00:00:00+00:00, run_after=2026-09-17T00:00:00+00:00
[2026-09-17T01:23:03.102+0000] {processor.py:179} INFO - Processing /home/vscode/.local/lib/python3.10/site-packages/airflow/example_dags/example_branch_day_of_week_operator.py took 0.066 seconds
[2026-09-17T01:23:25.324+0000] {processor.py:157} INFO - Started process (PID=37667) to work on /home/vscode/.local/lib/python3.10/site-packages/airflow/example_dags/example_branch_day_of_week_operator.py
[2026-09-17T01:23:25.324+0000] {processor.py:826} INFO - Processing file /home/vscode/.local/lib/python3.10/site-packages/airflow/example_dags/example_branch_day_of_week_operator.py for tasks to queue
[2026-09-17T01:23:25.325+0000] {logging_mixin.py:150} INFO - [2026-09-17T01:23:25.325+0000] {dagbag.py:541} INFO - Filling up the DagBag from /home/vscode/.local/lib/python3.10/site-packages/airflow/example_dags/example_branch_day_of_week_operator.py
[2026-09-17T01:23:25.334+0000] {processor.py:836} INFO - DAG(s) dict_keys(['example_weekday_branch_operator']) retrieved from /home/vscode/.local/lib/python3.10/site-packages/airflow/example_dags/example_branch_day_of_week_operator.py
[2026-09-17T01:23:25.351+0000] {logging_mixin.py:150} INFO - [2026-09-17T01:23:25.351+0000] {dag.py:2742} INFO - Sync 1 DAGs
[2026-09-17T01:23:25.373+0000] {logging_mixin.py:150} INFO - [2026-09-17T01:23:25.373+0000] {dag.py:3504} INFO - Setting next_dagrun for example_weekday_branch_operator to 2026-09-16T00:00:00+00:00, run_after=2026-09-17T00:00:00+00:00
[2026-09-17T01:23:25.397+0000] {processor.py:179} INFO - Processing /home/vscode/.local/lib/python3.10/site-packages/airflow/example_dags/example_branch_day_of_week_operator.py took 0.078 seconds
[2026-09-17T01:23:52.615+0000] {processor.py:157} INFO - Started process (PID=37881) to work on /home/vscode/.local/lib/python3.10/site-packages/airflow/example_dags/example_branch_day_of_week_operator.py
[2026-09-17T01:23:52.616+0000] {processor.py:826} INFO - Processing file /home/vscode/.local/lib/python3.10/site-packages/airflow/example_dags/example_branch_day_of_week_operator.py for tasks to queue
[2026-09-17T01:23:52.617+0000] {logging_mixin.py:150} INFO - [2026-09-17T01:23:52.616+0000] {dagbag.py:541} INFO - Filling up the DagBag from /home/vscode/.local/lib/python3.10/site-packages/airflow/example_dags/example_branch_day_of_week_operator.py
[2026-09-17T01:23:52.623+0000] {processor.py:836} INFO - DAG(s) dict_keys(['example_weekday_branch_operator']) retrieved from /home/vscode/.local/lib/python3.10/site-packages/airflow/example_dags/example_branch_day_of_week_operator.py
[2026-09-17T01:23:52.637+0000] {logging_mixin.py:150} INFO - [2026-09-17T01:23:52.637+0000] {dag.py:2742} INFO - Sync 1 DAGs
[2026-09-17T01:23:52.654+0000] {logging_mixin.py:150} INFO - [2026-09-17T01:23:52.654+0000] {dag.py:3504} INFO - Setting next_dagrun for example_weekday_branch_operator to 2026-09-16T00:00:00+00:00, run_after=2026-09-17T00:00:00+00:00
[2026-09-17T01:23:52.670+0000] {processor.py:179} INFO - Processing /home/vscode/.local/lib/python3.10/site-packages/airflow/example_dags/example_branch_day_of_week_operator.py took 0.057 seconds
[2026-09-17T01:24:13.385+0000] {processor.py:157} INFO - Started process (PID=38180) to work on /home/vscode/.local/lib/python3.10/site-packages/airflow/example_dags/example_branch_day_of_week_operator.py
[2026-09-17T01:24:13.387+0000] {processor.py:826} INFO - Processing file /home/vscode/.local/lib/python3.10/site-packages/airflow/example_dags/example_branch_day_of_week_operator.py for tasks to queue
[2026-09-17T01:24:13.389+0000] {logging_mixin.py:150} INFO - [2026-09-17T01:24:13.388+0000] {dagbag.py:541} INFO - Filling up the DagBag from /home/vscode/.local/lib/python3.10/site-packages/airflow/example_dags/example_branch_day_of_week_operator.py
[2026-09-17T01:24:13.398+0000] {processor.py:836} INFO - DAG(s) dict_keys(['example_weekday_branch_operator']) retrieved from /home/vscode/.local/lib/python3.10/site-packages/airflow/example_dags/example_branch_day_of_week_operator.py
[2026-09-17T01:24:13.417+0000] {logging_mixin.py:150} INFO - [2026-09-17T01:24:13.417+0000] {dag.py:2742} INFO - Sync 1 DAGs
[2026-09-17T01:24:13.435+0000] {logging_mixin.py:150} INFO - [2026-09-17T01:24:13.434+0000] {dag.py:3504} INFO - Setting next_dagrun for example_weekday_branch_operator to 2026-09-16T00:00:00+00:00, run_after=2026-09-17T00:00:00+00:00
[2026-09-17T01:24:13.451+0000] {processor.py:179} INFO - Processing /home/vscode/.local/lib/python3.10/site-packages/airflow/example_dags/example_branch_day_of_week_operator.py took 0.070 seconds
