[2026-09-17T00:55:52.760+0000] {processor.py:157} INFO - Started process (PID=22232) to work on /home/vscode/.local/lib/python3.10/site-packages/airflow/example_dags/example_dynamic_task_mapping_with_no_taskflow_operators.py
[2026-09-17T00:55:52.760+0000] {processor.py:826} INFO - Processing file /home/vscode/.local/lib/python3.10/site-packages/airflow/example_dags/example_dynamic_task_mapping_with_no_taskflow_operators.py for tasks to queue
[2026-09-17T00:55:52.761+0000] {logging_mixin.py:150} INFO - [2026-09-17T00:55:52.761+0000] {dagbag.py:541} INFO - Filling up the DagBag from /home/vscode/.local/lib/python3.10/site-packages/airflow/example_dags/example_dynamic_task_mapping_with_no_taskflow_operators.py
[2026-09-17T00:55:52.767+0000] {processor.py:836} INFO - DAG(s) dict_keys(['example_dynamic_task_mapping_with_no_taskflow_operators']) retrieved from /home/vscode/.local/lib/python3.10/site-packages/airflow/example_dags/example_dynamic_task_mapping_with_no_taskflow_operators.py
[2026-09-17T00:55:52.874+0000] {logging_mixin.py:150} INFO - [2026-09-17T00:55:52.873+0000] {manager.py:504} INFO - Created Permission View: can delete on DAG:example_dynamic_task_mapping_with_no_taskflow_operators
[2026-09-17T00:55:52.885+0000] {logging_mixin.py:150} INFO - [2026-09-17T00:55:52.885+0000] {manager.py:504} INFO - Created Permission View: can edit on DAG:example_dynamic_task_mapping_with_no_taskflow_operators
[2026-09-17T00:55:52.894+0000] {logging_mixin.py:150} INFO - [2026-09-17T00:55:52.894+0000] {manager.py:504} INFO - Created Permission View: can read on DAG:example_dynamic_task_mapping_with_no_taskflow_operators
[2026-09-17T00:55:52.902+0000] {logging_mixin.py:150} INFO - [2026-09-17T00:55:52.902+0000] {dag.py:2742} INFO - Sync 1 DAGs
[2026-09-17T00:55:52.910+0000] {logging_mixin.py:150} INFO - [2026-09-17T00:55:52.910+0000] {dag.py:2763} INFO - Creating ORM DAG for example_dynamic_task_mapping_with_no_taskflow_operators
[2026-09-17T00:55:52.917+0000] {logging_mixin.py:150} INFO - [2026-09-17T00:55:52.917+0000] {dag.py:3504} INFO - Setting next_dagrun for example_dynamic_task_mapping_with_no_taskflow_operators to 2026-09-16T00:55:52.917408+00:00, run_after=2026-09-17T00:55:52.917408+00:00
[2026-09-17T00:55:52.936+0000] {processor.py:179} INFO - Processing /home/vscode/.local/lib/python3.10/site-packages/airflow/example_dags/example_dynamic_task_mapping_with_no_taskflow_operators.py took 0.179 seconds
[2026-09-17T00:56:18.175+0000] {processor.py:157} INFO - Started process (PID=22429) to work on /home/vscode/.local/lib/python3.10/site-packages/airflow/example_dags/example_dynamic_task_mapping_with_no_taskflow_operators.py
[2026-09-17T00:56:18.175+0000] {processor.py:826} INFO - Processing file /home/vscode/.local/lib/python3.10/site-packages/airflow/example_dags/example_dynamic_task_mapping_with_no_taskflow_operators.py for tasks to queue
[2026-09-17T00:56:18.176+0000] {logging_mixin.py:150} INFO - [2026-09-17T00:56:18.176+0000] {dagbag.py:541} INFO - Filling up the DagBag from /home/vscode/.local/lib/python3.10/site-packages/airflow/example_dags/example_dynamic_task_mapping_with_no_taskflow_operators.py
[2026-09-17T00:56:18.185+0000] {processor.py:836} INFO - DAG(s) dict_keys(['example_dynamic_task_mapping_with_no_taskflow_operators']) retrieved from /home/vscode/.local/lib/python3.10/site-packages/airflow/example_dags/example_dynamic_task_mapping_with_no_taskflow_operators.py
[2026-09-17T00:56:18.206+0000] {logging_mixin.py:150} INFO - [2026-09-17T00:56:18.206+0000] {dag.py:2742} INFO - Sync 1 DAGs
[2026-09-17T00:56:18.237+0000] {logging_mixin.py:150} INFO - [2026-09-17T00:56:18.237+0000] {dag.py:3504} INFO - Setting next_dagrun for example_dynamic_task_mapping_with_no_taskflow_operators to 2026-09-16T00:56:18.237164+00:00, run_after=2026-09-17T00:56:18.237164+00:00
[2026-09-17T00:56:18.261+0000] {processor.py:179} INFO - Processing /home/vscode/.local/lib/python3.10/site-packages/airflow/example_dags/example_dynamic_task_mapping_with_no_taskflow_operators.py took 0.091 seconds
[2026-09-17T00:56:44.007+0000] {processor.py:157} INFO - Started process (PID=22725) to work on /home/vscode/.local/lib/python3.10/site-packages/airflow/example_dags/example_dynamic_task_mapping_with_no_taskflow_operators.py
[2026-09-17T00:56:44.008+0000] {processor.py:826} INFO - Processing file /home/vscode/.local/lib/python3.10/site-packages/airflow/example_dags/example_dynamic_task_mapping_with_no_taskflow_operators.py for tasks to queue
[2026-09-17T00:56:44.009+0000] {logging_mixin.py:150} INFO - [2026-09-17T00:56:44.008+0000] {dagbag.py:541} INFO - Filling up the DagBag from /home/vscode/.local/lib/python3.10/site-packages/airflow/example_dags/example_dynamic_task_mapping_with_no_taskflow_operators.py
[2026-09-17T00:56:44.017+0000] {processor.py:836} INFO - DAG(s) dict_keys(['example_dynamic_task_mapping_with_no_taskflow_operators']) retrieved from /home/vscode/.local/lib/python3.10/site-packages/airflow/example_dags/example_dynamic_task_mapping_with_no_taskflow_operators.py
[2026-09-17T00:56:44.034+0000] {logging_mixin.py:150} INFO - [2026-09-17T00:56:44.033+0000] {dag.py:2742} INFO - Sync 1 DAGs
[2026-09-17T00:56:44.054+0000] {logging_mixin.py:150} INFO - [2026-09-17T00:56:44.054+0000] {dag.py:3504} INFO - Setting next_dagrun for example_dynamic_task_mapping_with_no_taskflow_operators to 2026-09-16T00:56:44.054558+00:00, run_after=2026-09-17T00:56:44.054558+00:00
[2026-09-17T00:56:44.075+0000] {processor.py:179} INFO - Processing /home/vscode/.local/lib/python3.10/site-packages/airflow/example_dags/example_dynamic_task_mapping_with_no_taskflow_operators.py took 0.071 seconds
[2026-09-17T00:57:17.975+0000] {processor.py:157} INFO - Started process (PID=22978) to work on /home/vscode/.local/lib/python3.10/site-packages/airflow/example_dags/example_dynamic_task_mapping_with_no_taskflow_operators.py
[2026-09-17T00:57:17.976+0000] {processor.py:826} INFO - Processing file /home/vscode/.local/lib/python3.10/site-packages/airflow/example_dags/example_dynamic_task_mapping_with_no_taskflow_operators.py for tasks to queue
[2026-09-17T00:57:17.977+0000] {logging_mixin.py:150} INFO - [2026-09-17T00:57:17.976+0000] {dagbag.py:541} INFO - Filling up the DagBag from /home/vscode/.local/lib/python3.10/site-packages/airflow/example_dags/example_dynamic_task_mapping_with_no_taskflow_operators.py
[2026-09-17T00:57:17.993+0000] {processor.py:836} INFO - DAG(s) dict_keys(['example_dynamic_task_mapping_with_no_taskflow_operators']) retrieved from /home/vscode/.local/lib/python3.10/site-packages/airflow/example_dags/example_dynamic_task_mapping_with_no_taskflow_operators.py
[2026-09-17T00:57:18.053+0000] {logging_mixin.py:150} INFO - [2026-09-17T00:57:18.053+0000] {dag.py:2742} INFO - Sync 1 DAGs
[2026-09-17T00:57:18.072+0000] {logging_mixin.py:150} INFO - [2026-09-17T00:57:18.072+0000] {dag.py:3504} INFO - Setting next_dagrun for example_dynamic_task_mapping_with_no_taskflow_operators to 2026-09-16T00:57:18.072582+00:00, run_after=2026-09-17T00:57:18.072582+00:00
[2026-09-17T00:57:18.097+0000] {processor.py:179} INFO - Processing /home/vscode/.local/lib/python3.10/site-packages/airflow/example_dags/example_dynamic_task_mapping_with_no_taskflow_operators.py took 0.128 seconds
[2026-09-17T00:57:40.321+0000] {processor.py:157} INFO - Started process (PID=23151) to work on /home/vscode/.local/lib/python3.10/site-packages/airflow/example_dags/example_dynamic_task_mapping_with_no_taskflow_operators.py
[2026-09-17T00:57:40.324+0000] {processor.py:826} INFO - Processing file /home/vscode/.local/lib/python3.10/site-packages/airflow/example_dags/example_dynamic_task_mapping_with_no_taskflow_operators.py for tasks to queue
[2026-09-17T00:57:40.325+0000] {logging_mixin.py:150} INFO - [2026-09-17T00:57:40.324+0000] {dagbag.py:541} INFO - Filling up the DagBag from /home/vscode/.local/lib/python3.10/site-packages/airflow/example_dags/example_dynamic_task_mapping_with_no_taskflow_operators.py
[2026-09-17T00:57:40.344+0000] {processor.py:836} INFO - DAG(s) dict_keys(['example_dynamic_task_mapping_with_no_taskflow_operators']) retrieved from /home/vscode/.local/lib/python3.10/site-packages/airflow/example_dags/example_dynamic_task_mapping_with_no_taskflow_operators.py
[2026-09-17T00:57:40.393+0000] {logging_mixin.py:150} INFO - [2026-09-17T00:57:40.393+0000] {dag.py:2742} INFO - Sync 1 DAGs
[2026-09-17T00:57:40.417+0000] {logging_mixin.py:150} INFO - [2026-09-17T00:57:40.416+0000] {dag.py:3504} INFO - Setting next_dagrun for example_dynamic_task_mapping_with_no_taskflow_operators to 2026-09-16T00:57:40.416769+00:00, run_after=2026-09-17T00:57:40.416769+00:00
[2026-09-17T00:57:40.435+0000] {processor.py:179} INFO - Processing /home/vscode/.local/lib/python3.10/site-packages/airflow/example_dags/example_dynamic_task_mapping_with_no_taskflow_operators.py took 0.122 seconds
[2026-09-17T00:58:05.036+0000] {processor.py:157} INFO - Started process (PID=23342) to work on /home/vscode/.local/lib/python3.10/site-packages/airflow/example_dags/example_dynamic_task_mapping_with_no_taskflow_operators.py
[2026-09-17T00:58:05.037+0000] {processor.py:826} INFO - Processing file /home/vscode/.local/lib/python3.10/site-packages/airflow/example_dags/example_dynamic_task_mapping_with_no_taskflow_operators.py for tasks to queue
[2026-09-17T00:58:05.038+0000] {logging_mixin.py:150} INFO - [2026-09-17T00:58:05.038+0000] {dagbag.py:541} INFO - Filling up the DagBag from /home/vscode/.local/lib/python3.10/site-packages/airflow/example_dags/example_dynamic_task_mapping_with_no_taskflow_operators.py
[2026-09-17T00:58:05.046+0000] {processor.py:836} INFO - DAG(s) dict_keys(['example_dynamic_task_mapping_with_no_taskflow_operators']) retrieved from /home/vscode/.local/lib/python3.10/site-packages/airflow/example_dags/example_dynamic_task_mapping_with_no_taskflow_operators.py
[2026-09-17T00:58:05.062+0000] {logging_mixin.py:150} INFO - [2026-09-17T00:58:05.062+0000] {dag.py:2742} INFO - Sync 1 DAGs
[2026-09-17T00:58:05.078+0000] {logging_mixin.py:150} INFO - [2026-09-17T00:58:05.078+0000] {dag.py:3504} INFO - Setting next_dagrun for example_dynamic_task_mapping_with_no_taskflow_operators to 2026-09-16T00:58:05.078238+00:00, run_after=2026-09-17T00:58:05.078238+00:00
[2026-09-17T00:58:05.095+0000] {processor.py:179} INFO - Processing /home/vscode/.local/lib/python3.10/site-packages/airflow/example_dags/example_dynamic_task_mapping_with_no_taskflow_operators.py took 0.062 seconds
[2026-09-17T00:58:30.384+0000] {processor.py:157} INFO - Started process (PID=23631) to work on /home/vscode/.local/lib/python3.10/site-packages/airflow/example_dags/example_dynamic_task_mapping_with_no_taskflow_operators.py
[2026-09-17T00:58:30.386+0000] {processor.py:826} INFO - Processing file /home/vscode/.local/lib/python3.10/site-packages/airflow/example_dags/example_dynamic_task_mapping_with_no_taskflow_operators.py for tasks to queue
[2026-09-17T00:58:30.386+0000] {logging_mixin.py:150} INFO - [2026-09-17T00:58:30.386+0000] {dagbag.py:541} INFO - Filling up the DagBag from /home/vscode/.local/lib/python3.10/site-packages/airflow/example_dags/example_dynamic_task_mapping_with_no_taskflow_operators.py
[2026-09-17T00:58:30.394+0000] {processor.py:836} INFO - DAG(s) dict_keys(['example_dynamic_task_mapping_with_no_taskflow_operators']) retrieved from /home/vscode/.local/lib/python3.10/site-packages/airflow/example_dags/example_dynamic_task_mapping_with_no_taskflow_operators.py
[2026-09-17T00:58:30.407+0000] {logging_mixin.py:150} INFO - [2026-09-17T00:58:30.407+0000] {dag.py:2742} INFO - Sync 1 DAGs
[2026-09-17T00:58:30.422+0000] {logging_mixin.py:150} INFO - [2026-09-17T00:58:30.422+0000] {dag.py:3504} INFO - Setting next_dagrun for example_dynamic_task_mapping_with_no_taskflow_operators to 2026-09-16T00:58:30.421949+00:00, run_after=2026-09-17T00:58:30.421949+00:00
[2026-09-17T00:58:30.439+0000] {processor.py:179} INFO - Processing /home/vscode/.local/lib/python3.10/site-packages/airflow/example_dags/example_dynamic_task_mapping_with_no_taskflow_operators.py took 0.059 seconds
[2026-09-17T00:58:56.226+0000] {processor.py:157} INFO - Started process (PID=23923) to work on /home/vscode/.local/lib/python3.10/site-packages/airflow/example_dags/example_dynamic_task_mapping_with_no_taskflow_operators.py
[2026-09-17T00:58:56.232+0000] {processor.py:826} INFO - Processing file /home/vscode/.local/lib/python3.10/site-packages/airflow/example_dags/example_dynamic_task_mapping_with_no_taskflow_operators.py for tasks to queue
[2026-09-17T00:58:56.235+0000] {logging_mixin.py:150} INFO - [2026-09-17T00:58:56.235+0000] {dagbag.py:541} INFO - Filling up the DagBag from /home/vscode/.local/lib/python3.10/site-packages/airflow/example_dags/example_dynamic_task_mapping_with_no_taskflow_operators.py
[2026-09-17T00:58:56.267+0000] {processor.py:836} INFO - DAG(s) dict_keys(['example_dynamic_task_mapping_with_no_taskflow_operators']) retrieved from /home/vscode/.local/lib/python3.10/site-packages/airflow/example_dags/example_dynamic_task_mapping_with_no_taskflow_operators.py
[2026-09-17T00:58:56.321+0000] {logging_mixin.py:150} INFO - [2026-09-17T00:58:56.321+0000] {dag.py:2742} INFO - Sync 1 DAGs
[2026-09-17T00:58:56.374+0000] {logging_mixin.py:150} INFO - [2026-09-17T00:58:56.373+0000] {dag.py:3504} INFO - Setting next_dagrun for example_dynamic_task_mapping_with_no_taskflow_operators to 2026-09-16T00:58:56.373681+00:00, run_after=2026-09-17T00:58:56.373681+00:00
[2026-09-17T00:58:56.404+0000] {processor.py:179} INFO - Processing /home/vscode/.local/lib/python3.10/site-packages/airflow/example_dags/example_dynamic_task_mapping_with_no_taskflow_operators.py took 0.189 seconds
[2026-09-17T00:59:18.487+0000] {processor.py:157} INFO - Started process (PID=24173) to work on /home/vscode/.local/lib/python3.10/site-packages/airflow/example_dags/example_dynamic_task_mapping_with_no_taskflow_operators.py
[2026-09-17T00:59:18.487+0000] {processor.py:826} INFO - Processing file /home/vscode/.local/lib/python3.10/site-packages/airflow/example_dags/example_dynamic_task_mapping_with_no_taskflow_operators.py for tasks to queue
[2026-09-17T00:59:18.488+0000] {logging_mixin.py:150} INFO - [2026-09-17T00:59:18.488+0000] {dagbag.py:541} INFO - Filling up the DagBag from /home/vscode/.local/lib/python3.10/site-packages/airflow/example_dags/example_dynamic_task_mapping_with_no_taskflow_operators.py
[2026-09-17T00:59:18.494+0000] {processor.py:836} INFO - DAG(s) dict_keys(['example_dynamic_task_mapping_with_no_taskflow_operators']) retrieved from /home/vscode/.local/lib/python3.10/site-packages/airflow/example_dags/example_dynamic_task_mapping_with_no_taskflow_operators.py
[2026-09-17T00:59:18.505+0000] {logging_mixin.py:150} INFO - [2026-09-17T00:59:18.505+0000] {dag.py:2742} INFO - Sync 1 DAGs
[2026-09-17T00:59:18.520+0000] {logging_mixin.py:150} INFO - [2026-09-17T00:59:18.520+0000] {dag.py:3504} INFO - Setting next_dagrun for example_dynamic_task_mapping_with_no_taskflow_operators to 2026-09-16T00:59:18.520059+00:00, run_after=2026-09-17T00:59:18.520059+00:00
[2026-09-17T00:59:18.536+0000] {processor.py:179} INFO - Processing /home/vscode/.local/lib/python3.10/site-packages/airflow/example_dags/example_dynamic_task_mapping_with_no_taskflow_operators.py took 0.053 seconds
[2026-09-17T00:59:51.976+0000] {processor.py:157} INFO - Started process (PID=24664) to work on /home/vscode/.local/lib/python3.10/site-packages/airflow/example_dags/example_dynamic_task_mapping_with_no_taskflow_operators.py
[2026-09-17T00:59:51.978+0000] {processor.py:826} INFO - Processing file /home/vscode/.local/lib/python3.10/site-packages/airflow/example_dags/example_dynamic_task_mapping_with_no_taskflow_operators.py for tasks to queue
[2026-09-17T00:59:51.979+0000] {logging_mixin.py:150} INFO - [2026-09-17T00:59:51.979+0000] {dagbag.py:541} INFO - Filling up the DagBag from /home/vscode/.local/lib/python3.10/site-packages/airflow/example_dags/example_dynamic_task_mapping_with_no_taskflow_operators.py
[2026-09-17T00:59:51.995+0000] {processor.py:836} INFO - DAG(s) dict_keys(['example_dynamic_task_mapping_with_no_taskflow_operators']) retrieved from /home/vscode/.local/lib/python3.10/site-packages/airflow/example_dags/example_dynamic_task_mapping_with_no_taskflow_operators.py
[2026-09-17T00:59:52.011+0000] {logging_mixin.py:150} INFO - [2026-09-17T00:59:52.010+0000] {dag.py:2742} INFO - Sync 1 DAGs
[2026-09-17T00:59:52.031+0000] {logging_mixin.py:150} INFO - [2026-09-17T00:59:52.030+0000] {dag.py:3504} INFO - Setting next_dagrun for example_dynamic_task_mapping_with_no_taskflow_operators to 2026-09-16T00:59:52.030676+00:00, run_after=2026-09-17T00:59:52.030676+00:00
[2026-09-17T00:59:52.058+0000] {processor.py:179} INFO - Processing /home/vscode/.local/lib/python3.10/site-packages/airflow/example_dags/example_dynamic_task_mapping_with_no_taskflow_operators.py took 0.087 seconds
[2026-09-17T01:00:11.325+0000] {processor.py:157} INFO - Started process (PID=24968) to work on /home/vscode/.local/lib/python3.10/site-packages/airflow/example_dags/example_dynamic_task_mapping_with_no_taskflow_operators.py
[2026-09-17T01:00:11.325+0000] {processor.py:826} INFO - Processing file /home/vscode/.local/lib/python3.10/site-packages/airflow/example_dags/example_dynamic_task_mapping_with_no_taskflow_operators.py for tasks to queue
[2026-09-17T01:00:11.326+0000] {logging_mixin.py:150} INFO - [2026-09-17T01:00:11.326+0000] {dagbag.py:541} INFO - Filling up the DagBag from /home/vscode/.local/lib/python3.10/site-packages/airflow/example_dags/example_dynamic_task_mapping_with_no_taskflow_operators.py
[2026-09-17T01:00:11.332+0000] {processor.py:836} INFO - DAG(s) dict_keys(['example_dynamic_task_mapping_with_no_taskflow_operators']) retrieved from /home/vscode/.local/lib/python3.10/site-packages/airflow/example_dags/example_dynamic_task_mapping_with_no_taskflow_operators.py
[2026-09-17T01:00:11.344+0000] {logging_mixin.py:150} INFO - [2026-09-17T01:00:11.344+0000] {dag.py:2742} INFO - Sync 1 DAGs
[2026-09-17T01:00:11.359+0000] {logging_mixin.py:150} INFO - [2026-09-17T01:00:11.359+0000] {dag.py:3504} INFO - Setting next_dagrun for example_dynamic_task_mapping_with_no_taskflow_operators to 2026-09-16T01:00:11.359379+00:00, run_after=2026-09-17T01:00:11.359379+00:00
[2026-09-17T01:00:11.376+0000] {processor.py:179} INFO - Processing /home/vscode/.local/lib/python3.10/site-packages/airflow/example_dags/example_dynamic_task_mapping_with_no_taskflow_operators.py took 0.054 seconds
[2026-09-17T01:00:41.486+0000] {processor.py:157} INFO - Started process (PID=25318) to work on /home/vscode/.local/lib/python3.10/site-packages/airflow/example_dags/example_dynamic_task_mapping_with_no_taskflow_operators.py
[2026-09-17T01:00:41.487+0000] {processor.py:826} INFO - Processing file /home/vscode/.local/lib/python3.10/site-packages/airflow/example_dags/example_dynamic_task_mapping_with_no_taskflow_operators.py for tasks to queue
[2026-09-17T01:00:41.487+0000] {logging_mixin.py:150} INFO - [2026-09-17T01:00:41.487+0000] {dagbag.py:541} INFO - Filling up the DagBag from /home/vscode/.local/lib/python3.10/site-packages/airflow/example_dags/example_dynamic_task_mapping_with_no_taskflow_operators.py
[2026-09-17T01:00:41.495+0000] {processor.py:836} INFO - DAG(s) dict_keys(['example_dynamic_task_mapping_with_no_taskflow_operators']) retrieved from /home/vscode/.local/lib/python3.10/site-packages/airflow/example_dags/example_dynamic_task_mapping_with_no_taskflow_operators.py
[2026-09-17T01:00:41.508+0000] {logging_mixin.py:150} INFO - [2026-09-17T01:00:41.508+0000] {dag.py:2742} INFO - Sync 1 DAGs
[2026-09-17T01:00:41.523+0000] {logging_mixin.py:150} INFO - [2026-09-17T01:00:41.523+0000] {dag.py:3504} INFO - Setting next_dagrun for example_dynamic_task_mapping_with_no_taskflow_operators to 2026-09-16T01:00:41.523155+00:00, run_after=2026-09-17T01:00:41.523155+00:00
[2026-09-17T01:00:41.540+0000] {processor.py:179} INFO - Processing /home/vscode/.local/lib/python3.10/site-packages/airflow/example_dags/example_dynamic_task_mapping_with_no_taskflow_operators.py took 0.057 seconds
[2026-09-17T01:01:05.500+0000] {processor.py:157} INFO - Started process (PID=25551) to work on /home/vscode/.local/lib/python3.10/site-packages/airflow/example_dags/example_dynamic_task_mapping_with_no_taskflow_operators.py
[2026-09-17T01:01:05.501+0000] {processor.py:826} INFO - Processing file /home/vscode/.local/lib/python3.10/site-packages/airflow/example_dags/example_dynamic_task_mapping_with_no_taskflow_operators.py for tasks to queue
[2026-09-17T01:01:05.502+0000] {logging_mixin.py:150} INFO - [2026-09-17T01:01:05.501+0000] {dagbag.py:541} INFO - Filling up the DagBag from /home/vscode/.local/lib/python3.10/site-packages/airflow/example_dags/example_dynamic_task_mapping_with_no_taskflow_operators.py
[2026-09-17T01:01:05.510+0000] {processor.py:836} INFO - DAG(s) dict_keys(['example_dynamic_task_mapping_with_no_taskflow_operators']) retrieved from /home/vscode/.local/lib/python3.10/site-packages/airflow/example_dags/example_dynamic_task_mapping_with_no_taskflow_operators.py
[2026-09-17T01:01:05.527+0000] {logging_mixin.py:150} INFO - [2026-09-17T01:01:05.527+0000] {dag.py:2742} INFO - Sync 1 DAGs
[2026-09-17T01:01:05.549+0000] {logging_mixin.py:150} INFO - [2026-09-17T01:01:05.549+0000] {dag.py:3504} INFO - Setting next_dagrun for example_dynamic_task_mapping_with_no_taskflow_operators to 2026-09-16T01:01:05.548774+00:00, run_after=2026-09-17T01:01:05.548774+00:00
[2026-09-17T01:01:05.576+0000] {processor.py:179} INFO - Processing /home/vscode/.local/lib/python3.10/site-packages/airflow/example_dags/example_dynamic_task_mapping_with_no_taskflow_operators.py took 0.079 seconds
[2026-09-17T01:01:32.274+0000] {processor.py:157} INFO - Started process (PID=25779) to work on /home/vscode/.local/lib/python3.10/site-packages/airflow/example_dags/example_dynamic_task_mapping_with_no_taskflow_operators.py
[2026-09-17T01:01:32.274+0000] {processor.py:826} INFO - Processing file /home/vscode/.local/lib/python3.10/site-packages/airflow/example_dags/example_dynamic_task_mapping_with_no_taskflow_operators.py for tasks to queue
[2026-09-17T01:01:32.275+0000] {logging_mixin.py:150} INFO - [2026-09-17T01:01:32.275+0000] {dagbag.py:541} INFO - Filling up the DagBag from /home/vscode/.local/lib/python3.10/site-packages/airflow/example_dags/example_dynamic_task_mapping_with_no_taskflow_operators.py
[2026-09-17T01:01:32.281+0000] {processor.py:836} INFO - DAG(s) dict_keys(['example_dynamic_task_mapping_with_no_taskflow_operators']) retrieved from /home/vscode/.local/lib/python3.10/site-packages/airflow/example_dags/example_dynamic_task_mapping_with_no_taskflow_operators.py
[2026-09-17T01:01:32.298+0000] {logging_mixin.py:150} INFO - [2026-09-17T01:01:32.298+0000] {dag.py:2742} INFO - Sync 1 DAGs
[2026-09-17T01:01:32.324+0000] {logging_mixin.py:150} INFO - [2026-09-17T01:01:32.324+0000] {dag.py:3504} INFO - Setting next_dagrun for example_dynamic_task_mapping_with_no_taskflow_operators to 2026-09-16T01:01:32.323804+00:00, run_after=2026-09-17T01:01:32.323804+00:00
[2026-09-17T01:01:32.352+0000] {processor.py:179} INFO - Processing /home/vscode/.local/lib/python3.10/site-packages/airflow/example_dags/example_dynamic_task_mapping_with_no_taskflow_operators.py took 0.081 seconds
[2026-09-17T01:01:57.756+0000] {processor.py:157} INFO - Started process (PID=25982) to work on /home/vscode/.local/lib/python3.10/site-packages/airflow/example_dags/example_dynamic_task_mapping_with_no_taskflow_operators.py
[2026-09-17T01:01:57.757+0000] {processor.py:826} INFO - Processing file /home/vscode/.local/lib/python3.10/site-packages/airflow/example_dags/example_dynamic_task_mapping_with_no_taskflow_operators.py for tasks to queue
[2026-09-17T01:01:57.757+0000] {logging_mixin.py:150} INFO - [2026-09-17T01:01:57.757+0000] {dagbag.py:541} INFO - Filling up the DagBag from /home/vscode/.local/lib/python3.10/site-packages/airflow/example_dags/example_dynamic_task_mapping_with_no_taskflow_operators.py
[2026-09-17T01:01:57.763+0000] {processor.py:836} INFO - DAG(s) dict_keys(['example_dynamic_task_mapping_with_no_taskflow_operators']) retrieved from /home/vscode/.local/lib/python3.10/site-packages/airflow/example_dags/example_dynamic_task_mapping_with_no_taskflow_operators.py
[2026-09-17T01:01:57.774+0000] {logging_mixin.py:150} INFO - [2026-09-17T01:01:57.774+0000] {dag.py:2742} INFO - Sync 1 DAGs
[2026-09-17T01:01:57.797+0000] {logging_mixin.py:150} INFO - [2026-09-17T01:01:57.797+0000] {dag.py:3504} INFO - Setting next_dagrun for example_dynamic_task_mapping_with_no_taskflow_operators to 2026-09-16T01:01:57.796850+00:00, run_after=2026-09-17T01:01:57.796850+00:00
[2026-09-17T01:01:57.816+0000] {processor.py:179} INFO - Processing /home/vscode/.local/lib/python3.10/site-packages/airflow/example_dags/example_dynamic_task_mapping_with_no_taskflow_operators.py took 0.062 seconds
[2026-09-17T01:02:16.833+0000] {processor.py:157} INFO - Started process (PID=26145) to work on /home/vscode/.local/lib/python3.10/site-packages/airflow/example_dags/example_dynamic_task_mapping_with_no_taskflow_operators.py
[2026-09-17T01:02:16.834+0000] {processor.py:826} INFO - Processing file /home/vscode/.local/lib/python3.10/site-packages/airflow/example_dags/example_dynamic_task_mapping_with_no_taskflow_operators.py for tasks to queue
[2026-09-17T01:02:16.835+0000] {logging_mixin.py:150} INFO - [2026-09-17T01:02:16.834+0000] {dagbag.py:541} INFO - Filling up the DagBag from /home/vscode/.local/lib/python3.10/site-packages/airflow/example_dags/example_dynamic_task_mapping_with_no_taskflow_operators.py
[2026-09-17T01:02:16.840+0000] {processor.py:836} INFO - DAG(s) dict_keys(['example_dynamic_task_mapping_with_no_taskflow_operators']) retrieved from /home/vscode/.local/lib/python3.10/site-packages/airflow/example_dags/example_dynamic_task_mapping_with_no_taskflow_operators.py
[2026-09-17T01:02:16.853+0000] {logging_mixin.py:150} INFO - [2026-09-17T01:02:16.853+0000] {dag.py:2742} INFO - Sync 1 DAGs
[2026-09-17T01:02:16.876+0000] {logging_mixin.py:150} INFO - [2026-09-17T01:02:16.876+0000] {dag.py:3504} INFO - Setting next_dagrun for example_dynamic_task_mapping_with_no_taskflow_operators to 2026-09-16T01:02:16.875883+00:00, run_after=2026-09-17T01:02:16.875883+00:00
[2026-09-17T01:02:16.905+0000] {processor.py:179} INFO - Processing /home/vscode/.local/lib/python3.10/site-packages/airflow/example_dags/example_dynamic_task_mapping_with_no_taskflow_operators.py took 0.074 seconds
[2026-09-17T01:02:50.228+0000] {processor.py:157} INFO - Started process (PID=26427) to work on /home/vscode/.local/lib/python3.10/site-packages/airflow/example_dags/example_dynamic_task_mapping_with_no_taskflow_operators.py
[2026-09-17T01:02:50.229+0000] {processor.py:826} INFO - Processing file /home/vscode/.local/lib/python3.10/site-packages/airflow/example_dags/example_dynamic_task_mapping_with_no_taskflow_operators.py for tasks to queue
[2026-09-17T01:02:50.230+0000] {logging_mixin.py:150} INFO - [2026-09-17T01:02:50.229+0000] {dagbag.py:541} INFO - Filling up the DagBag from /home/vscode/.local/lib/python3.10/site-packages/airflow/example_dags/example_dynamic_task_mapping_with_no_taskflow_operators.py
[2026-09-17T01:02:50.236+0000] {processor.py:836} INFO - DAG(s) dict_keys(['example_dynamic_task_mapping_with_no_taskflow_operators']) retrieved from /home/vscode/.local/lib/python3.10/site-packages/airflow/example_dags/example_dynamic_task_mapping_with_no_taskflow_operators.py
[2026-09-17T01:02:50.248+0000] {logging_mixin.py:150} INFO - [2026-09-17T01:02:50.247+0000] {dag.py:2742} INFO - Sync 1 DAGs
[2026-09-17T01:02:50.263+0000] {logging_mixin.py:150} INFO - [2026-09-17T01:02:50.263+0000] {dag.py:3504} INFO - Setting next_dagrun for example_dynamic_task_mapping_with_no_taskflow_operators to 2026-09-16T01:02:50.263380+00:00, run_after=2026-09-17T01:02:50.263380+00:00
[2026-09-17T01:02:50.282+0000] {processor.py:179} INFO - Processing /home/vscode/.local/lib/python3.10/site-packages/airflow/example_dags/example_dynamic_task_mapping_with_no_taskflow_operators.py took 0.056 seconds
[2026-09-17T01:03:03.058+0000] {processor.py:157} INFO - Started process (PID=26546) to work on /home/vscode/.local/lib/python3.10/site-packages/airflow/example_dags/example_dynamic_task_mapping_with_no_taskflow_operators.py
[2026-09-17T01:03:03.059+0000] {processor.py:826} INFO - Processing file /home/vscode/.local/lib/python3.10/site-packages/airflow/example_dags/example_dynamic_task_mapping_with_no_taskflow_operators.py for tasks to queue
[2026-09-17T01:03:03.060+0000] {logging_mixin.py:150} INFO - [2026-09-17T01:03:03.059+0000] {dagbag.py:541} INFO - Filling up the DagBag from /home/vscode/.local/lib/python3.10/site-packages/airflow/example_dags/example_dynamic_task_mapping_with_no_taskflow_operators.py
[2026-09-17T01:03:03.066+0000] {processor.py:836} INFO - DAG(s) dict_keys(['example_dynamic_task_mapping_with_no_taskflow_operators']) retrieved from /home/vscode/.local/lib/python3.10/site-packages/airflow/example_dags/example_dynamic_task_mapping_with_no_taskflow_operators.py
[2026-09-17T01:03:03.078+0000] {logging_mixin.py:150} INFO - [2026-09-17T01:03:03.078+0000] {dag.py:2742} INFO - Sync 1 DAGs
[2026-09-17T01:03:03.105+0000] {logging_mixin.py:150} INFO - [2026-09-17T01:03:03.105+0000] {dag.py:3504} INFO - Setting next_dagrun for example_dynamic_task_mapping_with_no_taskflow_operators to 2026-09-16T01:03:03.105021+00:00, run_after=2026-09-17T01:03:03.105021+00:00
[2026-09-17T01:03:03.130+0000] {processor.py:179} INFO - Processing /home/vscode/.local/lib/python3.10/site-packages/airflow/example_dags/example_dynamic_task_mapping_with_no_taskflow_operators.py took 0.075 seconds
[2026-09-17T01:03:41.536+0000] {processor.py:157} INFO - Started process (PID=26873) to work on /home/vscode/.local/lib/python3.10/site-packages/airflow/example_dags/example_dynamic_task_mapping_with_no_taskflow_operators.py
[2026-09-17T01:03:41.538+0000] {processor.py:826} INFO - Processing file /home/vscode/.local/lib/python3.10/site-packages/airflow/example_dags/example_dynamic_task_mapping_with_no_taskflow_operators.py for tasks to queue
[2026-09-17T01:03:41.539+0000] {logging_mixin.py:150} INFO - [2026-09-17T01:03:41.539+0000] {dagbag.py:541} INFO - Filling up the DagBag from /home/vscode/.local/lib/python3.10/site-packages/airflow/example_dags/example_dynamic_task_mapping_with_no_taskflow_operators.py
[2026-09-17T01:03:41.545+0000] {processor.py:836} INFO - DAG(s) dict_keys(['example_dynamic_task_mapping_with_no_taskflow_operators']) retrieved from /home/vscode/.local/lib/python3.10/site-packages/airflow/example_dags/example_dynamic_task_mapping_with_no_taskflow_operators.py
[2026-09-17T01:03:41.558+0000] {logging_mixin.py:150} INFO - [2026-09-17T01:03:41.558+0000] {dag.py:2742} INFO - Sync 1 DAGs
[2026-09-17T01:03:41.572+0000] {logging_mixin.py:150} INFO - [2026-09-17T01:03:41.572+0000] {dag.py:3504} INFO - Setting next_dagrun for example_dynamic_task_mapping_with_no_taskflow_operators to 2026-09-16T01:03:41.572619+00:00, run_after=2026-09-17T01:03:41.572619+00:00
[2026-09-17T01:03:41.592+0000] {processor.py:179} INFO - Processing /home/vscode/.local/lib/python3.10/site-packages/airflow/example_dags/example_dynamic_task_mapping_with_no_taskflow_operators.py took 0.059 seconds
[2026-09-17T01:03:51.557+0000] {processor.py:157} INFO - Started process (PID=26953) to work on /home/vscode/.local/lib/python3.10/site-packages/airflow/example_dags/example_dynamic_task_mapping_with_no_taskflow_operators.py
[2026-09-17T01:03:51.558+0000] {processor.py:826} INFO - Processing file /home/vscode/.local/lib/python3.10/site-packages/airflow/example_dags/example_dynamic_task_mapping_with_no_taskflow_operators.py for tasks to queue
[2026-09-17T01:03:51.559+0000] {logging_mixin.py:150} INFO - [2026-09-17T01:03:51.558+0000] {dagbag.py:541} INFO - Filling up the DagBag from /home/vscode/.local/lib/python3.10/site-packages/airflow/example_dags/example_dynamic_task_mapping_with_no_taskflow_operators.py
[2026-09-17T01:03:51.568+0000] {processor.py:836} INFO - DAG(s) dict_keys(['example_dynamic_task_mapping_with_no_taskflow_operators']) retrieved from /home/vscode/.local/lib/python3.10/site-packages/airflow/example_dags/example_dynamic_task_mapping_with_no_taskflow_operators.py
[2026-09-17T01:03:51.581+0000] {logging_mixin.py:150} INFO - [2026-09-17T01:03:51.581+0000] {dag.py:2742} INFO - Sync 1 DAGs
[2026-09-17T01:03:51.601+0000] {logging_mixin.py:150} INFO - [2026-09-17T01:03:51.601+0000] {dag.py:3504} INFO - Setting next_dagrun for example_dynamic_task_mapping_with_no_taskflow_operators to 2026-09-16T01:03:51.601154+00:00, run_after=2026-09-17T01:03:51.601154+00:00
[2026-09-17T01:03:51.617+0000] {processor.py:179} INFO - Processing /home/vscode/.local/lib/python3.10/site-packages/airflow/example_dags/example_dynamic_task_mapping_with_no_taskflow_operators.py took 0.064 seconds
[2026-09-17T01:04:31.640+0000] {processor.py:157} INFO - Started process (PID=27289) to work on /home/vscode/.local/lib/python3.10/site-packages/airflow/example_dags/example_dynamic_task_mapping_with_no_taskflow_operators.py
[2026-09-17T01:04:31.640+0000] {processor.py:826} INFO - Processing file /home/vscode/.local/lib/python3.10/site-packages/airflow/example_dags/example_dynamic_task_mapping_with_no_taskflow_operators.py for tasks to queue
[2026-09-17T01:04:31.641+0000] {logging_mixin.py:150} INFO - [2026-09-17T01:04:31.641+0000] {dagbag.py:541} INFO - Filling up the DagBag from /home/vscode/.local/lib/python3.10/site-packages/airflow/example_dags/example_dynamic_task_mapping_with_no_taskflow_operators.py
[2026-09-17T01:04:31.647+0000] {processor.py:836} INFO - DAG(s) dict_keys(['example_dynamic_task_mapping_with_no_taskflow_operators']) retrieved from /home/vscode/.local/lib/python3.10/site-packages/airflow/example_dags/example_dynamic_task_mapping_with_no_taskflow_operators.py
[2026-09-17T01:04:31.658+0000] {logging_mixin.py:150} INFO - [2026-09-17T01:04:31.658+0000] {dag.py:2742} INFO - Sync 1 DAGs
[2026-09-17T01:04:31.673+0000] {logging_mixin.py:150} INFO - [2026-09-17T01:04:31.673+0000] {dag.py:3504} INFO - Setting next_dagrun for example_dynamic_task_mapping_with_no_taskflow_operators to 2026-09-16T01:04:31.673274+00:00, run_after=2026-09-17T01:04:31.673274+00:00
[2026-09-17T01:04:31.693+0000] {processor.py:179} INFO - Processing /home/vscode/.local/lib/python3.10/site-packages/airflow/example_dags/example_dynamic_task_mapping_with_no_taskflow_operators.py took 0.056 seconds
[2026-09-17T01:04:44.965+0000] {processor.py:157} INFO - Started process (PID=27399) to work on /home/vscode/.local/lib/python3.10/site-packages/airflow/example_dags/example_dynamic_task_mapping_with_no_taskflow_operators.py
[2026-09-17T01:04:44.966+0000] {processor.py:826} INFO - Processing file /home/vscode/.local/lib/python3.10/site-packages/airflow/example_dags/example_dynamic_task_mapping_with_no_taskflow_operators.py for tasks to queue
[2026-09-17T01:04:44.966+0000] {logging_mixin.py:150} INFO - [2026-09-17T01:04:44.966+0000] {dagbag.py:541} INFO - Filling up the DagBag from /home/vscode/.local/lib/python3.10/site-packages/airflow/example_dags/example_dynamic_task_mapping_with_no_taskflow_operators.py
[2026-09-17T01:04:44.973+0000] {processor.py:836} INFO - DAG(s) dict_keys(['example_dynamic_task_mapping_with_no_taskflow_operators']) retrieved from /home/vscode/.local/lib/python3.10/site-packages/airflow/example_dags/example_dynamic_task_mapping_with_no_taskflow_operators.py
[2026-09-17T01:04:44.987+0000] {logging_mixin.py:150} INFO - [2026-09-17T01:04:44.986+0000] {dag.py:2742} INFO - Sync 1 DAGs
[2026-09-17T01:04:45.005+0000] {logging_mixin.py:150} INFO - [2026-09-17T01:04:45.005+0000] {dag.py:3504} INFO - Setting next_dagrun for example_dynamic_task_mapping_with_no_taskflow_operators to 2026-09-16T01:04:45.005174+00:00, run_after=2026-09-17T01:04:45.005174+00:00
[2026-09-17T01:04:45.022+0000] {processor.py:179} INFO - Processing /home/vscode/.local/lib/python3.10/site-packages/airflow/example_dags/example_dynamic_task_mapping_with_no_taskflow_operators.py took 0.060 seconds
[2026-09-17T01:05:20.640+0000] {processor.py:157} INFO - Started process (PID=27703) to work on /home/vscode/.local/lib/python3.10/site-packages/airflow/example_dags/example_dynamic_task_mapping_with_no_taskflow_operators.py
[2026-09-17T01:05:20.641+0000] {processor.py:826} INFO - Processing file /home/vscode/.local/lib/python3.10/site-packages/airflow/example_dags/example_dynamic_task_mapping_with_no_taskflow_operators.py for tasks to queue
[2026-09-17T01:05:20.641+0000] {logging_mixin.py:150} INFO - [2026-09-17T01:05:20.641+0000] {dagbag.py:541} INFO - Filling up the DagBag from /home/vscode/.local/lib/python3.10/site-packages/airflow/example_dags/example_dynamic_task_mapping_with_no_taskflow_operators.py
[2026-09-17T01:05:20.647+0000] {processor.py:836} INFO - DAG(s) dict_keys(['example_dynamic_task_mapping_with_no_taskflow_operators']) retrieved from /home/vscode/.local/lib/python3.10/site-packages/airflow/example_dags/example_dynamic_task_mapping_with_no_taskflow_operators.py
[2026-09-17T01:05:20.658+0000] {logging_mixin.py:150} INFO - [2026-09-17T01:05:20.658+0000] {dag.py:2742} INFO - Sync 1 DAGs
[2026-09-17T01:05:20.673+0000] {logging_mixin.py:150} INFO - [2026-09-17T01:05:20.673+0000] {dag.py:3504} INFO - Setting next_dagrun for example_dynamic_task_mapping_with_no_taskflow_operators to 2026-09-16T01:05:20.673207+00:00, run_after=2026-09-17T01:05:20.673207+00:00
[2026-09-17T01:05:20.694+0000] {processor.py:179} INFO - Processing /home/vscode/.local/lib/python3.10/site-packages/airflow/example_dags/example_dynamic_task_mapping_with_no_taskflow_operators.py took 0.056 seconds
[2026-09-17T01:05:33.332+0000] {processor.py:157} INFO - Started process (PID=27817) to work on /home/vscode/.local/lib/python3.10/site-packages/airflow/example_dags/example_dynamic_task_mapping_with_no_taskflow_operators.py
[2026-09-17T01:05:33.333+0000] {processor.py:826} INFO - Processing file /home/vscode/.local/lib/python3.10/site-packages/airflow/example_dags/example_dynamic_task_mapping_with_no_taskflow_operators.py for tasks to queue
[2026-09-17T01:05:33.334+0000] {logging_mixin.py:150} INFO - [2026-09-17T01:05:33.333+0000] {dagbag.py:541} INFO - Filling up the DagBag from /home/vscode/.local/lib/python3.10/site-packages/airflow/example_dags/example_dynamic_task_mapping_with_no_taskflow_operators.py
[2026-09-17T01:05:33.339+0000] {processor.py:836} INFO - DAG(s) dict_keys(['example_dynamic_task_mapping_with_no_taskflow_operators']) retrieved from /home/vscode/.local/lib/python3.10/site-packages/airflow/example_dags/example_dynamic_task_mapping_with_no_taskflow_operators.py
[2026-09-17T01:05:33.355+0000] {logging_mixin.py:150} INFO - [2026-09-17T01:05:33.354+0000] {dag.py:2742} INFO - Sync 1 DAGs
[2026-09-17T01:05:33.374+0000] {logging_mixin.py:150} INFO - [2026-09-17T01:05:33.374+0000] {dag.py:3504} INFO - Setting next_dagrun for example_dynamic_task_mapping_with_no_taskflow_operators to 2026-09-16T01:05:33.374148+00:00, run_after=2026-09-17T01:05:33.374148+00:00
[2026-09-17T01:05:33.395+0000] {processor.py:179} INFO - Processing /home/vscode/.local/lib/python3.10/site-packages/airflow/example_dags/example_dynamic_task_mapping_with_no_taskflow_operators.py took 0.065 seconds
[2026-09-17T01:06:06.974+0000] {processor.py:157} INFO - Started process (PID=28136) to work on /home/vscode/.local/lib/python3.10/site-packages/airflow/example_dags/example_dynamic_task_mapping_with_no_taskflow_operators.py
[2026-09-17T01:06:06.974+0000] {processor.py:826} INFO - Processing file /home/vscode/.local/lib/python3.10/site-packages/airflow/example_dags/example_dynamic_task_mapping_with_no_taskflow_operators.py for tasks to queue
[2026-09-17T01:06:06.975+0000] {logging_mixin.py:150} INFO - [2026-09-17T01:06:06.975+0000] {dagbag.py:541} INFO - Filling up the DagBag from /home/vscode/.local/lib/python3.10/site-packages/airflow/example_dags/example_dynamic_task_mapping_with_no_taskflow_operators.py
[2026-09-17T01:06:06.981+0000] {processor.py:836} INFO - DAG(s) dict_keys(['example_dynamic_task_mapping_with_no_taskflow_operators']) retrieved from /home/vscode/.local/lib/python3.10/site-packages/airflow/example_dags/example_dynamic_task_mapping_with_no_taskflow_operators.py
[2026-09-17T01:06:06.996+0000] {logging_mixin.py:150} INFO - [2026-09-17T01:06:06.996+0000] {dag.py:2742} INFO - Sync 1 DAGs
[2026-09-17T01:06:07.011+0000] {logging_mixin.py:150} INFO - [2026-09-17T01:06:07.011+0000] {dag.py:3504} INFO - Setting next_dagrun for example_dynamic_task_mapping_with_no_taskflow_operators to 2026-09-16T01:06:07.011489+00:00, run_after=2026-09-17T01:06:07.011489+00:00
[2026-09-17T01:06:07.027+0000] {processor.py:179} INFO - Processing /home/vscode/.local/lib/python3.10/site-packages/airflow/example_dags/example_dynamic_task_mapping_with_no_taskflow_operators.py took 0.056 seconds
[2026-09-17T01:06:22.452+0000] {processor.py:157} INFO - Started process (PID=28260) to work on /home/vscode/.local/lib/python3.10/site-packages/airflow/example_dags/example_dynamic_task_mapping_with_no_taskflow_operators.py
[2026-09-17T01:06:22.453+0000] {processor.py:826} INFO - Processing file /home/vscode/.local/lib/python3.10/site-packages/airflow/example_dags/example_dynamic_task_mapping_with_no_taskflow_operators.py for tasks to queue
[2026-09-17T01:06:22.454+0000] {logging_mixin.py:150} INFO - [2026-09-17T01:06:22.454+0000] {dagbag.py:541} INFO - Filling up the DagBag from /home/vscode/.local/lib/python3.10/site-packages/airflow/example_dags/example_dynamic_task_mapping_with_no_taskflow_operators.py
[2026-09-17T01:06:22.462+0000] {processor.py:836} INFO - DAG(s) dict_keys(['example_dynamic_task_mapping_with_no_taskflow_operators']) retrieved from /home/vscode/.local/lib/python3.10/site-packages/airflow/example_dags/example_dynamic_task_mapping_with_no_taskflow_operators.py
[2026-09-17T01:06:22.479+0000] {logging_mixin.py:150} INFO - [2026-09-17T01:06:22.479+0000] {dag.py:2742} INFO - Sync 1 DAGs
[2026-09-17T01:06:22.503+0000] {logging_mixin.py:150} INFO - [2026-09-17T01:06:22.503+0000] {dag.py:3504} INFO - Setting next_dagrun for example_dynamic_task_mapping_with_no_taskflow_operators to 2026-09-16T01:06:22.502844+00:00, run_after=2026-09-17T01:06:22.502844+00:00
[2026-09-17T01:06:22.524+0000] {processor.py:179} INFO - Processing /home/vscode/.local/lib/python3.10/site-packages/airflow/example_dags/example_dynamic_task_mapping_with_no_taskflow_operators.py took 0.075 seconds
[2026-09-17T01:07:00.764+0000] {processor.py:157} INFO - Started process (PID=28586) to work on /home/vscode/.local/lib/python3.10/site-packages/airflow/example_dags/example_dynamic_task_mapping_with_no_taskflow_operators.py
[2026-09-17T01:07:00.765+0000] {processor.py:826} INFO - Processing file /home/vscode/.local/lib/python3.10/site-packages/airflow/example_dags/example_dynamic_task_mapping_with_no_taskflow_operators.py for tasks to queue
[2026-09-17T01:07:00.766+0000] {logging_mixin.py:150} INFO - [2026-09-17T01:07:00.765+0000] {dagbag.py:541} INFO - Filling up the DagBag from /home/vscode/.local/lib/python3.10/site-packages/airflow/example_dags/example_dynamic_task_mapping_with_no_taskflow_operators.py
[2026-09-17T01:07:00.773+0000] {processor.py:836} INFO - DAG(s) dict_keys(['example_dynamic_task_mapping_with_no_taskflow_operators']) retrieved from /home/vscode/.local/lib/python3.10/site-packages/airflow/example_dags/example_dynamic_task_mapping_with_no_taskflow_operators.py
[2026-09-17T01:07:00.800+0000] {logging_mixin.py:150} INFO - [2026-09-17T01:07:00.800+0000] {dag.py:2742} INFO - Sync 1 DAGs
[2026-09-17T01:07:00.824+0000] {logging_mixin.py:150} INFO - [2026-09-17T01:07:00.823+0000] {dag.py:3504} INFO - Setting next_dagrun for example_dynamic_task_mapping_with_no_taskflow_operators to 2026-09-16T01:07:00.823623+00:00, run_after=2026-09-17T01:07:00.823623+00:00
[2026-09-17T01:07:00.847+0000] {processor.py:179} INFO - Processing /home/vscode/.local/lib/python3.10/site-packages/airflow/example_dags/example_dynamic_task_mapping_with_no_taskflow_operators.py took 0.086 seconds
[2026-09-17T01:07:12.797+0000] {processor.py:157} INFO - Started process (PID=28689) to work on /home/vscode/.local/lib/python3.10/site-packages/airflow/example_dags/example_dynamic_task_mapping_with_no_taskflow_operators.py
[2026-09-17T01:07:12.798+0000] {processor.py:826} INFO - Processing file /home/vscode/.local/lib/python3.10/site-packages/airflow/example_dags/example_dynamic_task_mapping_with_no_taskflow_operators.py for tasks to queue
[2026-09-17T01:07:12.799+0000] {logging_mixin.py:150} INFO - [2026-09-17T01:07:12.798+0000] {dagbag.py:541} INFO - Filling up the DagBag from /home/vscode/.local/lib/python3.10/site-packages/airflow/example_dags/example_dynamic_task_mapping_with_no_taskflow_operators.py
[2026-09-17T01:07:12.806+0000] {processor.py:836} INFO - DAG(s) dict_keys(['example_dynamic_task_mapping_with_no_taskflow_operators']) retrieved from /home/vscode/.local/lib/python3.10/site-packages/airflow/example_dags/example_dynamic_task_mapping_with_no_taskflow_operators.py
[2026-09-17T01:07:12.819+0000] {logging_mixin.py:150} INFO - [2026-09-17T01:07:12.819+0000] {dag.py:2742} INFO - Sync 1 DAGs
[2026-09-17T01:07:12.834+0000] {logging_mixin.py:150} INFO - [2026-09-17T01:07:12.833+0000] {dag.py:3504} INFO - Setting next_dagrun for example_dynamic_task_mapping_with_no_taskflow_operators to 2026-09-16T01:07:12.833784+00:00, run_after=2026-09-17T01:07:12.833784+00:00
[2026-09-17T01:07:12.850+0000] {processor.py:179} INFO - Processing /home/vscode/.local/lib/python3.10/site-packages/airflow/example_dags/example_dynamic_task_mapping_with_no_taskflow_operators.py took 0.056 seconds
[2026-09-17T01:07:46.192+0000] {processor.py:157} INFO - Started process (PID=28968) to work on /home/vscode/.local/lib/python3.10/site-packages/airflow/example_dags/example_dynamic_task_mapping_with_no_taskflow_operators.py
[2026-09-17T01:07:46.194+0000] {processor.py:826} INFO - Processing file /home/vscode/.local/lib/python3.10/site-packages/airflow/example_dags/example_dynamic_task_mapping_with_no_taskflow_operators.py for tasks to queue
[2026-09-17T01:07:46.194+0000] {logging_mixin.py:150} INFO - [2026-09-17T01:07:46.194+0000] {dagbag.py:541} INFO - Filling up the DagBag from /home/vscode/.local/lib/python3.10/site-packages/airflow/example_dags/example_dynamic_task_mapping_with_no_taskflow_operators.py
[2026-09-17T01:07:46.202+0000] {processor.py:836} INFO - DAG(s) dict_keys(['example_dynamic_task_mapping_with_no_taskflow_operators']) retrieved from /home/vscode/.local/lib/python3.10/site-packages/airflow/example_dags/example_dynamic_task_mapping_with_no_taskflow_operators.py
[2026-09-17T01:07:46.214+0000] {logging_mixin.py:150} INFO - [2026-09-17T01:07:46.214+0000] {dag.py:2742} INFO - Sync 1 DAGs
[2026-09-17T01:07:46.229+0000] {logging_mixin.py:150} INFO - [2026-09-17T01:07:46.229+0000] {dag.py:3504} INFO - Setting next_dagrun for example_dynamic_task_mapping_with_no_taskflow_operators to 2026-09-16T01:07:46.228998+00:00, run_after=2026-09-17T01:07:46.228998+00:00
[2026-09-17T01:07:46.244+0000] {processor.py:179} INFO - Processing /home/vscode/.local/lib/python3.10/site-packages/airflow/example_dags/example_dynamic_task_mapping_with_no_taskflow_operators.py took 0.055 seconds
[2026-09-17T01:08:03.970+0000] {processor.py:157} INFO - Started process (PID=29118) to work on /home/vscode/.local/lib/python3.10/site-packages/airflow/example_dags/example_dynamic_task_mapping_with_no_taskflow_operators.py
[2026-09-17T01:08:03.971+0000] {processor.py:826} INFO - Processing file /home/vscode/.local/lib/python3.10/site-packages/airflow/example_dags/example_dynamic_task_mapping_with_no_taskflow_operators.py for tasks to queue
[2026-09-17T01:08:03.972+0000] {logging_mixin.py:150} INFO - [2026-09-17T01:08:03.971+0000] {dagbag.py:541} INFO - Filling up the DagBag from /home/vscode/.local/lib/python3.10/site-packages/airflow/example_dags/example_dynamic_task_mapping_with_no_taskflow_operators.py
[2026-09-17T01:08:03.977+0000] {processor.py:836} INFO - DAG(s) dict_keys(['example_dynamic_task_mapping_with_no_taskflow_operators']) retrieved from /home/vscode/.local/lib/python3.10/site-packages/airflow/example_dags/example_dynamic_task_mapping_with_no_taskflow_operators.py
[2026-09-17T01:08:03.991+0000] {logging_mixin.py:150} INFO - [2026-09-17T01:08:03.991+0000] {dag.py:2742} INFO - Sync 1 DAGs
[2026-09-17T01:08:04.008+0000] {logging_mixin.py:150} INFO - [2026-09-17T01:08:04.008+0000] {dag.py:3504} INFO - Setting next_dagrun for example_dynamic_task_mapping_with_no_taskflow_operators to 2026-09-16T01:08:04.008476+00:00, run_after=2026-09-17T01:08:04.008476+00:00
[2026-09-17T01:08:04.027+0000] {processor.py:179} INFO - Processing /home/vscode/.local/lib/python3.10/site-packages/airflow/example_dags/example_dynamic_task_mapping_with_no_taskflow_operators.py took 0.059 seconds
[2026-09-17T01:08:36.164+0000] {processor.py:157} INFO - Started process (PID=29398) to work on /home/vscode/.local/lib/python3.10/site-packages/airflow/example_dags/example_dynamic_task_mapping_with_no_taskflow_operators.py
[2026-09-17T01:08:36.165+0000] {processor.py:826} INFO - Processing file /home/vscode/.local/lib/python3.10/site-packages/airflow/example_dags/example_dynamic_task_mapping_with_no_taskflow_operators.py for tasks to queue
[2026-09-17T01:08:36.166+0000] {logging_mixin.py:150} INFO - [2026-09-17T01:08:36.165+0000] {dagbag.py:541} INFO - Filling up the DagBag from /home/vscode/.local/lib/python3.10/site-packages/airflow/example_dags/example_dynamic_task_mapping_with_no_taskflow_operators.py
[2026-09-17T01:08:36.172+0000] {processor.py:836} INFO - DAG(s) dict_keys(['example_dynamic_task_mapping_with_no_taskflow_operators']) retrieved from /home/vscode/.local/lib/python3.10/site-packages/airflow/example_dags/example_dynamic_task_mapping_with_no_taskflow_operators.py
[2026-09-17T01:08:36.184+0000] {logging_mixin.py:150} INFO - [2026-09-17T01:08:36.184+0000] {dag.py:2742} INFO - Sync 1 DAGs
[2026-09-17T01:08:36.202+0000] {logging_mixin.py:150} INFO - [2026-09-17T01:08:36.202+0000] {dag.py:3504} INFO - Setting next_dagrun for example_dynamic_task_mapping_with_no_taskflow_operators to 2026-09-16T01:08:36.202595+00:00, run_after=2026-09-17T01:08:36.202595+00:00
[2026-09-17T01:08:36.219+0000] {processor.py:179} INFO - Processing /home/vscode/.local/lib/python3.10/site-packages/airflow/example_dags/example_dynamic_task_mapping_with_no_taskflow_operators.py took 0.057 seconds
[2026-09-17T01:08:51.383+0000] {processor.py:157} INFO - Started process (PID=29525) to work on /home/vscode/.local/lib/python3.10/site-packages/airflow/example_dags/example_dynamic_task_mapping_with_no_taskflow_operators.py
[2026-09-17T01:08:51.384+0000] {processor.py:826} INFO - Processing file /home/vscode/.local/lib/python3.10/site-packages/airflow/example_dags/example_dynamic_task_mapping_with_no_taskflow_operators.py for tasks to queue
[2026-09-17T01:08:51.385+0000] {logging_mixin.py:150} INFO - [2026-09-17T01:08:51.384+0000] {dagbag.py:541} INFO - Filling up the DagBag from /home/vscode/.local/lib/python3.10/site-packages/airflow/example_dags/example_dynamic_task_mapping_with_no_taskflow_operators.py
[2026-09-17T01:08:51.393+0000] {processor.py:836} INFO - DAG(s) dict_keys(['example_dynamic_task_mapping_with_no_taskflow_operators']) retrieved from /home/vscode/.local/lib/python3.10/site-packages/airflow/example_dags/example_dynamic_task_mapping_with_no_taskflow_operators.py
[2026-09-17T01:08:51.407+0000] {logging_mixin.py:150} INFO - [2026-09-17T01:08:51.407+0000] {dag.py:2742} INFO - Sync 1 DAGs
[2026-09-17T01:08:51.423+0000] {logging_mixin.py:150} INFO - [2026-09-17T01:08:51.423+0000] {dag.py:3504} INFO - Setting next_dagrun for example_dynamic_task_mapping_with_no_taskflow_operators to 2026-09-16T01:08:51.423395+00:00, run_after=2026-09-17T01:08:51.423395+00:00
[2026-09-17T01:08:51.444+0000] {processor.py:179} INFO - Processing /home/vscode/.local/lib/python3.10/site-packages/airflow/example_dags/example_dynamic_task_mapping_with_no_taskflow_operators.py took 0.065 seconds
[2026-09-17T01:09:28.880+0000] {processor.py:157} INFO - Started process (PID=29845) to work on /home/vscode/.local/lib/python3.10/site-packages/airflow/example_dags/example_dynamic_task_mapping_with_no_taskflow_operators.py
[2026-09-17T01:09:28.882+0000] {processor.py:826} INFO - Processing file /home/vscode/.local/lib/python3.10/site-packages/airflow/example_dags/example_dynamic_task_mapping_with_no_taskflow_operators.py for tasks to queue
[2026-09-17T01:09:28.883+0000] {logging_mixin.py:150} INFO - [2026-09-17T01:09:28.883+0000] {dagbag.py:541} INFO - Filling up the DagBag from /home/vscode/.local/lib/python3.10/site-packages/airflow/example_dags/example_dynamic_task_mapping_with_no_taskflow_operators.py
[2026-09-17T01:09:28.890+0000] {processor.py:836} INFO - DAG(s) dict_keys(['example_dynamic_task_mapping_with_no_taskflow_operators']) retrieved from /home/vscode/.local/lib/python3.10/site-packages/airflow/example_dags/example_dynamic_task_mapping_with_no_taskflow_operators.py
[2026-09-17T01:09:28.906+0000] {logging_mixin.py:150} INFO - [2026-09-17T01:09:28.906+0000] {dag.py:2742} INFO - Sync 1 DAGs
[2026-09-17T01:09:28.926+0000] {logging_mixin.py:150} INFO - [2026-09-17T01:09:28.926+0000] {dag.py:3504} INFO - Setting next_dagrun for example_dynamic_task_mapping_with_no_taskflow_operators to 2026-09-16T01:09:28.925814+00:00, run_after=2026-09-17T01:09:28.925814+00:00
[2026-09-17T01:09:28.942+0000] {processor.py:179} INFO - Processing /home/vscode/.local/lib/python3.10/site-packages/airflow/example_dags/example_dynamic_task_mapping_with_no_taskflow_operators.py took 0.065 seconds
[2026-09-17T01:09:40.058+0000] {processor.py:157} INFO - Started process (PID=29943) to work on /home/vscode/.local/lib/python3.10/site-packages/airflow/example_dags/example_dynamic_task_mapping_with_no_taskflow_operators.py
[2026-09-17T01:09:40.059+0000] {processor.py:826} INFO - Processing file /home/vscode/.local/lib/python3.10/site-packages/airflow/example_dags/example_dynamic_task_mapping_with_no_taskflow_operators.py for tasks to queue
[2026-09-17T01:09:40.060+0000] {logging_mixin.py:150} INFO - [2026-09-17T01:09:40.059+0000] {dagbag.py:541} INFO - Filling up the DagBag from /home/vscode/.local/lib/python3.10/site-packages/airflow/example_dags/example_dynamic_task_mapping_with_no_taskflow_operators.py
[2026-09-17T01:09:40.065+0000] {processor.py:836} INFO - DAG(s) dict_keys(['example_dynamic_task_mapping_with_no_taskflow_operators']) retrieved from /home/vscode/.local/lib/python3.10/site-packages/airflow/example_dags/example_dynamic_task_mapping_with_no_taskflow_operators.py
[2026-09-17T01:09:40.077+0000] {logging_mixin.py:150} INFO - [2026-09-17T01:09:40.077+0000] {dag.py:2742} INFO - Sync 1 DAGs
[2026-09-17T01:09:40.093+0000] {logging_mixin.py:150} INFO - [2026-09-17T01:09:40.093+0000] {dag.py:3504} INFO - Setting next_dagrun for example_dynamic_task_mapping_with_no_taskflow_operators to 2026-09-16T01:09:40.093045+00:00, run_after=2026-09-17T01:09:40.093045+00:00
[2026-09-17T01:09:40.109+0000] {processor.py:179} INFO - Processing /home/vscode/.local/lib/python3.10/site-packages/airflow/example_dags/example_dynamic_task_mapping_with_no_taskflow_operators.py took 0.053 seconds
[2026-09-17T01:10:17.267+0000] {processor.py:157} INFO - Started process (PID=30260) to work on /home/vscode/.local/lib/python3.10/site-packages/airflow/example_dags/example_dynamic_task_mapping_with_no_taskflow_operators.py
[2026-09-17T01:10:17.268+0000] {processor.py:826} INFO - Processing file /home/vscode/.local/lib/python3.10/site-packages/airflow/example_dags/example_dynamic_task_mapping_with_no_taskflow_operators.py for tasks to queue
[2026-09-17T01:10:17.269+0000] {logging_mixin.py:150} INFO - [2026-09-17T01:10:17.268+0000] {dagbag.py:541} INFO - Filling up the DagBag from /home/vscode/.local/lib/python3.10/site-packages/airflow/example_dags/example_dynamic_task_mapping_with_no_taskflow_operators.py
[2026-09-17T01:10:17.275+0000] {processor.py:836} INFO - DAG(s) dict_keys(['example_dynamic_task_mapping_with_no_taskflow_operators']) retrieved from /home/vscode/.local/lib/python3.10/site-packages/airflow/example_dags/example_dynamic_task_mapping_with_no_taskflow_operators.py
[2026-09-17T01:10:17.289+0000] {logging_mixin.py:150} INFO - [2026-09-17T01:10:17.289+0000] {dag.py:2742} INFO - Sync 1 DAGs
[2026-09-17T01:10:17.307+0000] {logging_mixin.py:150} INFO - [2026-09-17T01:10:17.307+0000] {dag.py:3504} INFO - Setting next_dagrun for example_dynamic_task_mapping_with_no_taskflow_operators to 2026-09-16T01:10:17.307057+00:00, run_after=2026-09-17T01:10:17.307057+00:00
[2026-09-17T01:10:17.324+0000] {processor.py:179} INFO - Processing /home/vscode/.local/lib/python3.10/site-packages/airflow/example_dags/example_dynamic_task_mapping_with_no_taskflow_operators.py took 0.059 seconds
[2026-09-17T01:10:23.743+0000] {processor.py:157} INFO - Started process (PID=30319) to work on /home/vscode/.local/lib/python3.10/site-packages/airflow/example_dags/example_dynamic_task_mapping_with_no_taskflow_operators.py
[2026-09-17T01:10:23.743+0000] {processor.py:826} INFO - Processing file /home/vscode/.local/lib/python3.10/site-packages/airflow/example_dags/example_dynamic_task_mapping_with_no_taskflow_operators.py for tasks to queue
[2026-09-17T01:10:23.744+0000] {logging_mixin.py:150} INFO - [2026-09-17T01:10:23.744+0000] {dagbag.py:541} INFO - Filling up the DagBag from /home/vscode/.local/lib/python3.10/site-packages/airflow/example_dags/example_dynamic_task_mapping_with_no_taskflow_operators.py
[2026-09-17T01:10:23.750+0000] {processor.py:836} INFO - DAG(s) dict_keys(['example_dynamic_task_mapping_with_no_taskflow_operators']) retrieved from /home/vscode/.local/lib/python3.10/site-packages/airflow/example_dags/example_dynamic_task_mapping_with_no_taskflow_operators.py
[2026-09-17T01:10:23.761+0000] {logging_mixin.py:150} INFO - [2026-09-17T01:10:23.761+0000] {dag.py:2742} INFO - Sync 1 DAGs
[2026-09-17T01:10:23.775+0000] {logging_mixin.py:150} INFO - [2026-09-17T01:10:23.775+0000] {dag.py:3504} INFO - Setting next_dagrun for example_dynamic_task_mapping_with_no_taskflow_operators to 2026-09-16T01:10:23.775500+00:00, run_after=2026-09-17T01:10:23.775500+00:00
[2026-09-17T01:10:23.794+0000] {processor.py:179} INFO - Processing /home/vscode/.local/lib/python3.10/site-packages/airflow/example_dags/example_dynamic_task_mapping_with_no_taskflow_operators.py took 0.054 seconds
[2026-09-17T01:11:06.905+0000] {processor.py:157} INFO - Started process (PID=30722) to work on /home/vscode/.local/lib/python3.10/site-packages/airflow/example_dags/example_dynamic_task_mapping_with_no_taskflow_operators.py
[2026-09-17T01:11:06.906+0000] {processor.py:826} INFO - Processing file /home/vscode/.local/lib/python3.10/site-packages/airflow/example_dags/example_dynamic_task_mapping_with_no_taskflow_operators.py for tasks to queue
[2026-09-17T01:11:06.907+0000] {logging_mixin.py:150} INFO - [2026-09-17T01:11:06.907+0000] {dagbag.py:541} INFO - Filling up the DagBag from /home/vscode/.local/lib/python3.10/site-packages/airflow/example_dags/example_dynamic_task_mapping_with_no_taskflow_operators.py
[2026-09-17T01:11:06.914+0000] {processor.py:836} INFO - DAG(s) dict_keys(['example_dynamic_task_mapping_with_no_taskflow_operators']) retrieved from /home/vscode/.local/lib/python3.10/site-packages/airflow/example_dags/example_dynamic_task_mapping_with_no_taskflow_operators.py
[2026-09-17T01:11:06.925+0000] {logging_mixin.py:150} INFO - [2026-09-17T01:11:06.925+0000] {dag.py:2742} INFO - Sync 1 DAGs
[2026-09-17T01:11:06.940+0000] {logging_mixin.py:150} INFO - [2026-09-17T01:11:06.940+0000] {dag.py:3504} INFO - Setting next_dagrun for example_dynamic_task_mapping_with_no_taskflow_operators to 2026-09-16T01:11:06.940005+00:00, run_after=2026-09-17T01:11:06.940005+00:00
[2026-09-17T01:11:06.960+0000] {processor.py:179} INFO - Processing /home/vscode/.local/lib/python3.10/site-packages/airflow/example_dags/example_dynamic_task_mapping_with_no_taskflow_operators.py took 0.058 seconds
[2026-09-17T01:11:16.037+0000] {processor.py:157} INFO - Started process (PID=30803) to work on /home/vscode/.local/lib/python3.10/site-packages/airflow/example_dags/example_dynamic_task_mapping_with_no_taskflow_operators.py
[2026-09-17T01:11:16.038+0000] {processor.py:826} INFO - Processing file /home/vscode/.local/lib/python3.10/site-packages/airflow/example_dags/example_dynamic_task_mapping_with_no_taskflow_operators.py for tasks to queue
[2026-09-17T01:11:16.039+0000] {logging_mixin.py:150} INFO - [2026-09-17T01:11:16.038+0000] {dagbag.py:541} INFO - Filling up the DagBag from /home/vscode/.local/lib/python3.10/site-packages/airflow/example_dags/example_dynamic_task_mapping_with_no_taskflow_operators.py
[2026-09-17T01:11:16.048+0000] {processor.py:836} INFO - DAG(s) dict_keys(['example_dynamic_task_mapping_with_no_taskflow_operators']) retrieved from /home/vscode/.local/lib/python3.10/site-packages/airflow/example_dags/example_dynamic_task_mapping_with_no_taskflow_operators.py
[2026-09-17T01:11:16.067+0000] {logging_mixin.py:150} INFO - [2026-09-17T01:11:16.067+0000] {dag.py:2742} INFO - Sync 1 DAGs
[2026-09-17T01:11:16.085+0000] {logging_mixin.py:150} INFO - [2026-09-17T01:11:16.085+0000] {dag.py:3504} INFO - Setting next_dagrun for example_dynamic_task_mapping_with_no_taskflow_operators to 2026-09-16T01:11:16.084933+00:00, run_after=2026-09-17T01:11:16.084933+00:00
[2026-09-17T01:11:16.108+0000] {processor.py:179} INFO - Processing /home/vscode/.local/lib/python3.10/site-packages/airflow/example_dags/example_dynamic_task_mapping_with_no_taskflow_operators.py took 0.075 seconds
[2026-09-17T01:11:57.408+0000] {processor.py:157} INFO - Started process (PID=31155) to work on /home/vscode/.local/lib/python3.10/site-packages/airflow/example_dags/example_dynamic_task_mapping_with_no_taskflow_operators.py
[2026-09-17T01:11:57.409+0000] {processor.py:826} INFO - Processing file /home/vscode/.local/lib/python3.10/site-packages/airflow/example_dags/example_dynamic_task_mapping_with_no_taskflow_operators.py for tasks to queue
[2026-09-17T01:11:57.410+0000] {logging_mixin.py:150} INFO - [2026-09-17T01:11:57.409+0000] {dagbag.py:541} INFO - Filling up the DagBag from /home/vscode/.local/lib/python3.10/site-packages/airflow/example_dags/example_dynamic_task_mapping_with_no_taskflow_operators.py
[2026-09-17T01:11:57.417+0000] {processor.py:836} INFO - DAG(s) dict_keys(['example_dynamic_task_mapping_with_no_taskflow_operators']) retrieved from /home/vscode/.local/lib/python3.10/site-packages/airflow/example_dags/example_dynamic_task_mapping_with_no_taskflow_operators.py
[2026-09-17T01:11:57.429+0000] {logging_mixin.py:150} INFO - [2026-09-17T01:11:57.429+0000] {dag.py:2742} INFO - Sync 1 DAGs
[2026-09-17T01:11:57.444+0000] {logging_mixin.py:150} INFO - [2026-09-17T01:11:57.443+0000] {dag.py:3504} INFO - Setting next_dagrun for example_dynamic_task_mapping_with_no_taskflow_operators to 2026-09-16T01:11:57.443744+00:00, run_after=2026-09-17T01:11:57.443744+00:00
[2026-09-17T01:11:57.459+0000] {processor.py:179} INFO - Processing /home/vscode/.local/lib/python3.10/site-packages/airflow/example_dags/example_dynamic_task_mapping_with_no_taskflow_operators.py took 0.054 seconds
[2026-09-17T01:12:05.341+0000] {processor.py:157} INFO - Started process (PID=31219) to work on /home/vscode/.local/lib/python3.10/site-packages/airflow/example_dags/example_dynamic_task_mapping_with_no_taskflow_operators.py
[2026-09-17T01:12:05.342+0000] {processor.py:826} INFO - Processing file /home/vscode/.local/lib/python3.10/site-packages/airflow/example_dags/example_dynamic_task_mapping_with_no_taskflow_operators.py for tasks to queue
[2026-09-17T01:12:05.342+0000] {logging_mixin.py:150} INFO - [2026-09-17T01:12:05.342+0000] {dagbag.py:541} INFO - Filling up the DagBag from /home/vscode/.local/lib/python3.10/site-packages/airflow/example_dags/example_dynamic_task_mapping_with_no_taskflow_operators.py
[2026-09-17T01:12:05.350+0000] {processor.py:836} INFO - DAG(s) dict_keys(['example_dynamic_task_mapping_with_no_taskflow_operators']) retrieved from /home/vscode/.local/lib/python3.10/site-packages/airflow/example_dags/example_dynamic_task_mapping_with_no_taskflow_operators.py
[2026-09-17T01:12:05.368+0000] {logging_mixin.py:150} INFO - [2026-09-17T01:12:05.368+0000] {dag.py:2742} INFO - Sync 1 DAGs
[2026-09-17T01:12:05.390+0000] {logging_mixin.py:150} INFO - [2026-09-17T01:12:05.390+0000] {dag.py:3504} INFO - Setting next_dagrun for example_dynamic_task_mapping_with_no_taskflow_operators to 2026-09-16T01:12:05.389820+00:00, run_after=2026-09-17T01:12:05.389820+00:00
[2026-09-17T01:12:05.420+0000] {processor.py:179} INFO - Processing /home/vscode/.local/lib/python3.10/site-packages/airflow/example_dags/example_dynamic_task_mapping_with_no_taskflow_operators.py took 0.083 seconds
[2026-09-17T01:12:45.953+0000] {processor.py:157} INFO - Started process (PID=31573) to work on /home/vscode/.local/lib/python3.10/site-packages/airflow/example_dags/example_dynamic_task_mapping_with_no_taskflow_operators.py
[2026-09-17T01:12:45.956+0000] {processor.py:826} INFO - Processing file /home/vscode/.local/lib/python3.10/site-packages/airflow/example_dags/example_dynamic_task_mapping_with_no_taskflow_operators.py for tasks to queue
[2026-09-17T01:12:45.957+0000] {logging_mixin.py:150} INFO - [2026-09-17T01:12:45.957+0000] {dagbag.py:541} INFO - Filling up the DagBag from /home/vscode/.local/lib/python3.10/site-packages/airflow/example_dags/example_dynamic_task_mapping_with_no_taskflow_operators.py
[2026-09-17T01:12:45.968+0000] {processor.py:836} INFO - DAG(s) dict_keys(['example_dynamic_task_mapping_with_no_taskflow_operators']) retrieved from /home/vscode/.local/lib/python3.10/site-packages/airflow/example_dags/example_dynamic_task_mapping_with_no_taskflow_operators.py
[2026-09-17T01:12:45.984+0000] {logging_mixin.py:150} INFO - [2026-09-17T01:12:45.984+0000] {dag.py:2742} INFO - Sync 1 DAGs
[2026-09-17T01:12:46.006+0000] {logging_mixin.py:150} INFO - [2026-09-17T01:12:46.006+0000] {dag.py:3504} INFO - Setting next_dagrun for example_dynamic_task_mapping_with_no_taskflow_operators to 2026-09-16T01:12:46.005926+00:00, run_after=2026-09-17T01:12:46.005926+00:00
[2026-09-17T01:12:46.030+0000] {processor.py:179} INFO - Processing /home/vscode/.local/lib/python3.10/site-packages/airflow/example_dags/example_dynamic_task_mapping_with_no_taskflow_operators.py took 0.080 seconds
[2026-09-17T01:12:54.163+0000] {processor.py:157} INFO - Started process (PID=31638) to work on /home/vscode/.local/lib/python3.10/site-packages/airflow/example_dags/example_dynamic_task_mapping_with_no_taskflow_operators.py
[2026-09-17T01:12:54.163+0000] {processor.py:826} INFO - Processing file /home/vscode/.local/lib/python3.10/site-packages/airflow/example_dags/example_dynamic_task_mapping_with_no_taskflow_operators.py for tasks to queue
[2026-09-17T01:12:54.164+0000] {logging_mixin.py:150} INFO - [2026-09-17T01:12:54.164+0000] {dagbag.py:541} INFO - Filling up the DagBag from /home/vscode/.local/lib/python3.10/site-packages/airflow/example_dags/example_dynamic_task_mapping_with_no_taskflow_operators.py
[2026-09-17T01:12:54.170+0000] {processor.py:836} INFO - DAG(s) dict_keys(['example_dynamic_task_mapping_with_no_taskflow_operators']) retrieved from /home/vscode/.local/lib/python3.10/site-packages/airflow/example_dags/example_dynamic_task_mapping_with_no_taskflow_operators.py
[2026-09-17T01:12:54.181+0000] {logging_mixin.py:150} INFO - [2026-09-17T01:12:54.181+0000] {dag.py:2742} INFO - Sync 1 DAGs
[2026-09-17T01:12:54.201+0000] {logging_mixin.py:150} INFO - [2026-09-17T01:12:54.201+0000] {dag.py:3504} INFO - Setting next_dagrun for example_dynamic_task_mapping_with_no_taskflow_operators to 2026-09-16T01:12:54.201023+00:00, run_after=2026-09-17T01:12:54.201023+00:00
[2026-09-17T01:12:54.226+0000] {processor.py:179} INFO - Processing /home/vscode/.local/lib/python3.10/site-packages/airflow/example_dags/example_dynamic_task_mapping_with_no_taskflow_operators.py took 0.066 seconds
[2026-09-17T01:13:31.617+0000] {processor.py:157} INFO - Started process (PID=31958) to work on /home/vscode/.local/lib/python3.10/site-packages/airflow/example_dags/example_dynamic_task_mapping_with_no_taskflow_operators.py
[2026-09-17T01:13:31.618+0000] {processor.py:826} INFO - Processing file /home/vscode/.local/lib/python3.10/site-packages/airflow/example_dags/example_dynamic_task_mapping_with_no_taskflow_operators.py for tasks to queue
[2026-09-17T01:13:31.619+0000] {logging_mixin.py:150} INFO - [2026-09-17T01:13:31.618+0000] {dagbag.py:541} INFO - Filling up the DagBag from /home/vscode/.local/lib/python3.10/site-packages/airflow/example_dags/example_dynamic_task_mapping_with_no_taskflow_operators.py
[2026-09-17T01:13:31.625+0000] {processor.py:836} INFO - DAG(s) dict_keys(['example_dynamic_task_mapping_with_no_taskflow_operators']) retrieved from /home/vscode/.local/lib/python3.10/site-packages/airflow/example_dags/example_dynamic_task_mapping_with_no_taskflow_operators.py
[2026-09-17T01:13:31.638+0000] {logging_mixin.py:150} INFO - [2026-09-17T01:13:31.637+0000] {dag.py:2742} INFO - Sync 1 DAGs
[2026-09-17T01:13:31.653+0000] {logging_mixin.py:150} INFO - [2026-09-17T01:13:31.653+0000] {dag.py:3504} INFO - Setting next_dagrun for example_dynamic_task_mapping_with_no_taskflow_operators to 2026-09-16T01:13:31.652865+00:00, run_after=2026-09-17T01:13:31.652865+00:00
[2026-09-17T01:13:31.669+0000] {processor.py:179} INFO - Processing /home/vscode/.local/lib/python3.10/site-packages/airflow/example_dags/example_dynamic_task_mapping_with_no_taskflow_operators.py took 0.054 seconds
[2026-09-17T01:13:44.305+0000] {processor.py:157} INFO - Started process (PID=32058) to work on /home/vscode/.local/lib/python3.10/site-packages/airflow/example_dags/example_dynamic_task_mapping_with_no_taskflow_operators.py
[2026-09-17T01:13:44.306+0000] {processor.py:826} INFO - Processing file /home/vscode/.local/lib/python3.10/site-packages/airflow/example_dags/example_dynamic_task_mapping_with_no_taskflow_operators.py for tasks to queue
[2026-09-17T01:13:44.306+0000] {logging_mixin.py:150} INFO - [2026-09-17T01:13:44.306+0000] {dagbag.py:541} INFO - Filling up the DagBag from /home/vscode/.local/lib/python3.10/site-packages/airflow/example_dags/example_dynamic_task_mapping_with_no_taskflow_operators.py
[2026-09-17T01:13:44.319+0000] {processor.py:836} INFO - DAG(s) dict_keys(['example_dynamic_task_mapping_with_no_taskflow_operators']) retrieved from /home/vscode/.local/lib/python3.10/site-packages/airflow/example_dags/example_dynamic_task_mapping_with_no_taskflow_operators.py
[2026-09-17T01:13:44.336+0000] {logging_mixin.py:150} INFO - [2026-09-17T01:13:44.336+0000] {dag.py:2742} INFO - Sync 1 DAGs
[2026-09-17T01:13:44.362+0000] {logging_mixin.py:150} INFO - [2026-09-17T01:13:44.362+0000] {dag.py:3504} INFO - Setting next_dagrun for example_dynamic_task_mapping_with_no_taskflow_operators to 2026-09-16T01:13:44.362148+00:00, run_after=2026-09-17T01:13:44.362148+00:00
[2026-09-17T01:13:44.383+0000] {processor.py:179} INFO - Processing /home/vscode/.local/lib/python3.10/site-packages/airflow/example_dags/example_dynamic_task_mapping_with_no_taskflow_operators.py took 0.082 seconds
[2026-09-17T01:14:18.528+0000] {processor.py:157} INFO - Started process (PID=32359) to work on /home/vscode/.local/lib/python3.10/site-packages/airflow/example_dags/example_dynamic_task_mapping_with_no_taskflow_operators.py
[2026-09-17T01:14:18.529+0000] {processor.py:826} INFO - Processing file /home/vscode/.local/lib/python3.10/site-packages/airflow/example_dags/example_dynamic_task_mapping_with_no_taskflow_operators.py for tasks to queue
[2026-09-17T01:14:18.529+0000] {logging_mixin.py:150} INFO - [2026-09-17T01:14:18.529+0000] {dagbag.py:541} INFO - Filling up the DagBag from /home/vscode/.local/lib/python3.10/site-packages/airflow/example_dags/example_dynamic_task_mapping_with_no_taskflow_operators.py
[2026-09-17T01:14:18.535+0000] {processor.py:836} INFO - DAG(s) dict_keys(['example_dynamic_task_mapping_with_no_taskflow_operators']) retrieved from /home/vscode/.local/lib/python3.10/site-packages/airflow/example_dags/example_dynamic_task_mapping_with_no_taskflow_operators.py
[2026-09-17T01:14:18.548+0000] {logging_mixin.py:150} INFO - [2026-09-17T01:14:18.548+0000] {dag.py:2742} INFO - Sync 1 DAGs
[2026-09-17T01:14:18.562+0000] {logging_mixin.py:150} INFO - [2026-09-17T01:14:18.562+0000] {dag.py:3504} INFO - Setting next_dagrun for example_dynamic_task_mapping_with_no_taskflow_operators to 2026-09-16T01:14:18.562111+00:00, run_after=2026-09-17T01:14:18.562111+00:00
[2026-09-17T01:14:18.579+0000] {processor.py:179} INFO - Processing /home/vscode/.local/lib/python3.10/site-packages/airflow/example_dags/example_dynamic_task_mapping_with_no_taskflow_operators.py took 0.053 seconds
[2026-09-17T01:14:34.131+0000] {processor.py:157} INFO - Started process (PID=32480) to work on /home/vscode/.local/lib/python3.10/site-packages/airflow/example_dags/example_dynamic_task_mapping_with_no_taskflow_operators.py
[2026-09-17T01:14:34.132+0000] {processor.py:826} INFO - Processing file /home/vscode/.local/lib/python3.10/site-packages/airflow/example_dags/example_dynamic_task_mapping_with_no_taskflow_operators.py for tasks to queue
[2026-09-17T01:14:34.132+0000] {logging_mixin.py:150} INFO - [2026-09-17T01:14:34.132+0000] {dagbag.py:541} INFO - Filling up the DagBag from /home/vscode/.local/lib/python3.10/site-packages/airflow/example_dags/example_dynamic_task_mapping_with_no_taskflow_operators.py
[2026-09-17T01:14:34.140+0000] {processor.py:836} INFO - DAG(s) dict_keys(['example_dynamic_task_mapping_with_no_taskflow_operators']) retrieved from /home/vscode/.local/lib/python3.10/site-packages/airflow/example_dags/example_dynamic_task_mapping_with_no_taskflow_operators.py
[2026-09-17T01:14:34.160+0000] {logging_mixin.py:150} INFO - [2026-09-17T01:14:34.160+0000] {dag.py:2742} INFO - Sync 1 DAGs
[2026-09-17T01:14:34.176+0000] {logging_mixin.py:150} INFO - [2026-09-17T01:14:34.176+0000] {dag.py:3504} INFO - Setting next_dagrun for example_dynamic_task_mapping_with_no_taskflow_operators to 2026-09-16T01:14:34.176052+00:00, run_after=2026-09-17T01:14:34.176052+00:00
[2026-09-17T01:14:34.204+0000] {processor.py:179} INFO - Processing /home/vscode/.local/lib/python3.10/site-packages/airflow/example_dags/example_dynamic_task_mapping_with_no_taskflow_operators.py took 0.077 seconds
[2026-09-17T01:15:05.803+0000] {processor.py:157} INFO - Started process (PID=32752) to work on /home/vscode/.local/lib/python3.10/site-packages/airflow/example_dags/example_dynamic_task_mapping_with_no_taskflow_operators.py
[2026-09-17T01:15:05.803+0000] {processor.py:826} INFO - Processing file /home/vscode/.local/lib/python3.10/site-packages/airflow/example_dags/example_dynamic_task_mapping_with_no_taskflow_operators.py for tasks to queue
[2026-09-17T01:15:05.804+0000] {logging_mixin.py:150} INFO - [2026-09-17T01:15:05.804+0000] {dagbag.py:541} INFO - Filling up the DagBag from /home/vscode/.local/lib/python3.10/site-packages/airflow/example_dags/example_dynamic_task_mapping_with_no_taskflow_operators.py
[2026-09-17T01:15:05.810+0000] {processor.py:836} INFO - DAG(s) dict_keys(['example_dynamic_task_mapping_with_no_taskflow_operators']) retrieved from /home/vscode/.local/lib/python3.10/site-packages/airflow/example_dags/example_dynamic_task_mapping_with_no_taskflow_operators.py
[2026-09-17T01:15:05.824+0000] {logging_mixin.py:150} INFO - [2026-09-17T01:15:05.824+0000] {dag.py:2742} INFO - Sync 1 DAGs
[2026-09-17T01:15:05.839+0000] {logging_mixin.py:150} INFO - [2026-09-17T01:15:05.839+0000] {dag.py:3504} INFO - Setting next_dagrun for example_dynamic_task_mapping_with_no_taskflow_operators to 2026-09-16T01:15:05.838978+00:00, run_after=2026-09-17T01:15:05.838978+00:00
[2026-09-17T01:15:05.854+0000] {processor.py:179} INFO - Processing /home/vscode/.local/lib/python3.10/site-packages/airflow/example_dags/example_dynamic_task_mapping_with_no_taskflow_operators.py took 0.054 seconds
[2026-09-17T01:15:27.211+0000] {processor.py:157} INFO - Started process (PID=32936) to work on /home/vscode/.local/lib/python3.10/site-packages/airflow/example_dags/example_dynamic_task_mapping_with_no_taskflow_operators.py
[2026-09-17T01:15:27.211+0000] {processor.py:826} INFO - Processing file /home/vscode/.local/lib/python3.10/site-packages/airflow/example_dags/example_dynamic_task_mapping_with_no_taskflow_operators.py for tasks to queue
[2026-09-17T01:15:27.212+0000] {logging_mixin.py:150} INFO - [2026-09-17T01:15:27.212+0000] {dagbag.py:541} INFO - Filling up the DagBag from /home/vscode/.local/lib/python3.10/site-packages/airflow/example_dags/example_dynamic_task_mapping_with_no_taskflow_operators.py
[2026-09-17T01:15:27.219+0000] {processor.py:836} INFO - DAG(s) dict_keys(['example_dynamic_task_mapping_with_no_taskflow_operators']) retrieved from /home/vscode/.local/lib/python3.10/site-packages/airflow/example_dags/example_dynamic_task_mapping_with_no_taskflow_operators.py
[2026-09-17T01:15:27.235+0000] {logging_mixin.py:150} INFO - [2026-09-17T01:15:27.235+0000] {dag.py:2742} INFO - Sync 1 DAGs
[2026-09-17T01:15:27.257+0000] {logging_mixin.py:150} INFO - [2026-09-17T01:15:27.257+0000] {dag.py:3504} INFO - Setting next_dagrun for example_dynamic_task_mapping_with_no_taskflow_operators to 2026-09-16T01:15:27.256817+00:00, run_after=2026-09-17T01:15:27.256817+00:00
[2026-09-17T01:15:27.279+0000] {processor.py:179} INFO - Processing /home/vscode/.local/lib/python3.10/site-packages/airflow/example_dags/example_dynamic_task_mapping_with_no_taskflow_operators.py took 0.071 seconds
[2026-09-17T01:15:49.839+0000] {processor.py:157} INFO - Started process (PID=33161) to work on /home/vscode/.local/lib/python3.10/site-packages/airflow/example_dags/example_dynamic_task_mapping_with_no_taskflow_operators.py
[2026-09-17T01:15:49.840+0000] {processor.py:826} INFO - Processing file /home/vscode/.local/lib/python3.10/site-packages/airflow/example_dags/example_dynamic_task_mapping_with_no_taskflow_operators.py for tasks to queue
[2026-09-17T01:15:49.840+0000] {logging_mixin.py:150} INFO - [2026-09-17T01:15:49.840+0000] {dagbag.py:541} INFO - Filling up the DagBag from /home/vscode/.local/lib/python3.10/site-packages/airflow/example_dags/example_dynamic_task_mapping_with_no_taskflow_operators.py
[2026-09-17T01:15:49.846+0000] {processor.py:836} INFO - DAG(s) dict_keys(['example_dynamic_task_mapping_with_no_taskflow_operators']) retrieved from /home/vscode/.local/lib/python3.10/site-packages/airflow/example_dags/example_dynamic_task_mapping_with_no_taskflow_operators.py
[2026-09-17T01:15:49.858+0000] {logging_mixin.py:150} INFO - [2026-09-17T01:15:49.857+0000] {dag.py:2742} INFO - Sync 1 DAGs
[2026-09-17T01:15:49.872+0000] {logging_mixin.py:150} INFO - [2026-09-17T01:15:49.872+0000] {dag.py:3504} INFO - Setting next_dagrun for example_dynamic_task_mapping_with_no_taskflow_operators to 2026-09-16T01:15:49.871977+00:00, run_after=2026-09-17T01:15:49.871977+00:00
[2026-09-17T01:15:49.910+0000] {processor.py:179} INFO - Processing /home/vscode/.local/lib/python3.10/site-packages/airflow/example_dags/example_dynamic_task_mapping_with_no_taskflow_operators.py took 0.073 seconds
[2026-09-17T01:16:19.252+0000] {processor.py:157} INFO - Started process (PID=33413) to work on /home/vscode/.local/lib/python3.10/site-packages/airflow/example_dags/example_dynamic_task_mapping_with_no_taskflow_operators.py
[2026-09-17T01:16:19.253+0000] {processor.py:826} INFO - Processing file /home/vscode/.local/lib/python3.10/site-packages/airflow/example_dags/example_dynamic_task_mapping_with_no_taskflow_operators.py for tasks to queue
[2026-09-17T01:16:19.254+0000] {logging_mixin.py:150} INFO - [2026-09-17T01:16:19.254+0000] {dagbag.py:541} INFO - Filling up the DagBag from /home/vscode/.local/lib/python3.10/site-packages/airflow/example_dags/example_dynamic_task_mapping_with_no_taskflow_operators.py
[2026-09-17T01:16:19.263+0000] {processor.py:836} INFO - DAG(s) dict_keys(['example_dynamic_task_mapping_with_no_taskflow_operators']) retrieved from /home/vscode/.local/lib/python3.10/site-packages/airflow/example_dags/example_dynamic_task_mapping_with_no_taskflow_operators.py
[2026-09-17T01:16:19.277+0000] {logging_mixin.py:150} INFO - [2026-09-17T01:16:19.277+0000] {dag.py:2742} INFO - Sync 1 DAGs
[2026-09-17T01:16:19.296+0000] {logging_mixin.py:150} INFO - [2026-09-17T01:16:19.296+0000] {dag.py:3504} INFO - Setting next_dagrun for example_dynamic_task_mapping_with_no_taskflow_operators to 2026-09-16T01:16:19.296293+00:00, run_after=2026-09-17T01:16:19.296293+00:00
[2026-09-17T01:16:19.317+0000] {processor.py:179} INFO - Processing /home/vscode/.local/lib/python3.10/site-packages/airflow/example_dags/example_dynamic_task_mapping_with_no_taskflow_operators.py took 0.068 seconds
[2026-09-17T01:16:40.729+0000] {processor.py:157} INFO - Started process (PID=33598) to work on /home/vscode/.local/lib/python3.10/site-packages/airflow/example_dags/example_dynamic_task_mapping_with_no_taskflow_operators.py
[2026-09-17T01:16:40.729+0000] {processor.py:826} INFO - Processing file /home/vscode/.local/lib/python3.10/site-packages/airflow/example_dags/example_dynamic_task_mapping_with_no_taskflow_operators.py for tasks to queue
[2026-09-17T01:16:40.730+0000] {logging_mixin.py:150} INFO - [2026-09-17T01:16:40.730+0000] {dagbag.py:541} INFO - Filling up the DagBag from /home/vscode/.local/lib/python3.10/site-packages/airflow/example_dags/example_dynamic_task_mapping_with_no_taskflow_operators.py
[2026-09-17T01:16:40.736+0000] {processor.py:836} INFO - DAG(s) dict_keys(['example_dynamic_task_mapping_with_no_taskflow_operators']) retrieved from /home/vscode/.local/lib/python3.10/site-packages/airflow/example_dags/example_dynamic_task_mapping_with_no_taskflow_operators.py
[2026-09-17T01:16:40.748+0000] {logging_mixin.py:150} INFO - [2026-09-17T01:16:40.748+0000] {dag.py:2742} INFO - Sync 1 DAGs
[2026-09-17T01:16:40.763+0000] {logging_mixin.py:150} INFO - [2026-09-17T01:16:40.763+0000] {dag.py:3504} INFO - Setting next_dagrun for example_dynamic_task_mapping_with_no_taskflow_operators to 2026-09-16T01:16:40.763244+00:00, run_after=2026-09-17T01:16:40.763244+00:00
[2026-09-17T01:16:40.781+0000] {processor.py:179} INFO - Processing /home/vscode/.local/lib/python3.10/site-packages/airflow/example_dags/example_dynamic_task_mapping_with_no_taskflow_operators.py took 0.055 seconds
[2026-09-17T01:17:09.801+0000] {processor.py:157} INFO - Started process (PID=33855) to work on /home/vscode/.local/lib/python3.10/site-packages/airflow/example_dags/example_dynamic_task_mapping_with_no_taskflow_operators.py
[2026-09-17T01:17:09.802+0000] {processor.py:826} INFO - Processing file /home/vscode/.local/lib/python3.10/site-packages/airflow/example_dags/example_dynamic_task_mapping_with_no_taskflow_operators.py for tasks to queue
[2026-09-17T01:17:09.803+0000] {logging_mixin.py:150} INFO - [2026-09-17T01:17:09.803+0000] {dagbag.py:541} INFO - Filling up the DagBag from /home/vscode/.local/lib/python3.10/site-packages/airflow/example_dags/example_dynamic_task_mapping_with_no_taskflow_operators.py
[2026-09-17T01:17:09.811+0000] {processor.py:836} INFO - DAG(s) dict_keys(['example_dynamic_task_mapping_with_no_taskflow_operators']) retrieved from /home/vscode/.local/lib/python3.10/site-packages/airflow/example_dags/example_dynamic_task_mapping_with_no_taskflow_operators.py
[2026-09-17T01:17:09.829+0000] {logging_mixin.py:150} INFO - [2026-09-17T01:17:09.829+0000] {dag.py:2742} INFO - Sync 1 DAGs
[2026-09-17T01:17:09.853+0000] {logging_mixin.py:150} INFO - [2026-09-17T01:17:09.853+0000] {dag.py:3504} INFO - Setting next_dagrun for example_dynamic_task_mapping_with_no_taskflow_operators to 2026-09-16T01:17:09.853307+00:00, run_after=2026-09-17T01:17:09.853307+00:00
[2026-09-17T01:17:09.872+0000] {processor.py:179} INFO - Processing /home/vscode/.local/lib/python3.10/site-packages/airflow/example_dags/example_dynamic_task_mapping_with_no_taskflow_operators.py took 0.074 seconds
[2026-09-17T01:17:25.808+0000] {processor.py:157} INFO - Started process (PID=33985) to work on /home/vscode/.local/lib/python3.10/site-packages/airflow/example_dags/example_dynamic_task_mapping_with_no_taskflow_operators.py
[2026-09-17T01:17:25.809+0000] {processor.py:826} INFO - Processing file /home/vscode/.local/lib/python3.10/site-packages/airflow/example_dags/example_dynamic_task_mapping_with_no_taskflow_operators.py for tasks to queue
[2026-09-17T01:17:25.810+0000] {logging_mixin.py:150} INFO - [2026-09-17T01:17:25.809+0000] {dagbag.py:541} INFO - Filling up the DagBag from /home/vscode/.local/lib/python3.10/site-packages/airflow/example_dags/example_dynamic_task_mapping_with_no_taskflow_operators.py
[2026-09-17T01:17:25.821+0000] {processor.py:836} INFO - DAG(s) dict_keys(['example_dynamic_task_mapping_with_no_taskflow_operators']) retrieved from /home/vscode/.local/lib/python3.10/site-packages/airflow/example_dags/example_dynamic_task_mapping_with_no_taskflow_operators.py
[2026-09-17T01:17:25.840+0000] {logging_mixin.py:150} INFO - [2026-09-17T01:17:25.840+0000] {dag.py:2742} INFO - Sync 1 DAGs
[2026-09-17T01:17:25.863+0000] {logging_mixin.py:150} INFO - [2026-09-17T01:17:25.863+0000] {dag.py:3504} INFO - Setting next_dagrun for example_dynamic_task_mapping_with_no_taskflow_operators to 2026-09-16T01:17:25.863106+00:00, run_after=2026-09-17T01:17:25.863106+00:00
[2026-09-17T01:17:25.885+0000] {processor.py:179} INFO - Processing /home/vscode/.local/lib/python3.10/site-packages/airflow/example_dags/example_dynamic_task_mapping_with_no_taskflow_operators.py took 0.082 seconds
[2026-09-17T01:17:59.230+0000] {processor.py:157} INFO - Started process (PID=34267) to work on /home/vscode/.local/lib/python3.10/site-packages/airflow/example_dags/example_dynamic_task_mapping_with_no_taskflow_operators.py
[2026-09-17T01:17:59.231+0000] {processor.py:826} INFO - Processing file /home/vscode/.local/lib/python3.10/site-packages/airflow/example_dags/example_dynamic_task_mapping_with_no_taskflow_operators.py for tasks to queue
[2026-09-17T01:17:59.232+0000] {logging_mixin.py:150} INFO - [2026-09-17T01:17:59.231+0000] {dagbag.py:541} INFO - Filling up the DagBag from /home/vscode/.local/lib/python3.10/site-packages/airflow/example_dags/example_dynamic_task_mapping_with_no_taskflow_operators.py
[2026-09-17T01:17:59.237+0000] {processor.py:836} INFO - DAG(s) dict_keys(['example_dynamic_task_mapping_with_no_taskflow_operators']) retrieved from /home/vscode/.local/lib/python3.10/site-packages/airflow/example_dags/example_dynamic_task_mapping_with_no_taskflow_operators.py
[2026-09-17T01:17:59.249+0000] {logging_mixin.py:150} INFO - [2026-09-17T01:17:59.249+0000] {dag.py:2742} INFO - Sync 1 DAGs
[2026-09-17T01:17:59.264+0000] {logging_mixin.py:150} INFO - [2026-09-17T01:17:59.264+0000] {dag.py:3504} INFO - Setting next_dagrun for example_dynamic_task_mapping_with_no_taskflow_operators to 2026-09-16T01:17:59.263949+00:00, run_after=2026-09-17T01:17:59.263949+00:00
[2026-09-17T01:17:59.280+0000] {processor.py:179} INFO - Processing /home/vscode/.local/lib/python3.10/site-packages/airflow/example_dags/example_dynamic_task_mapping_with_no_taskflow_operators.py took 0.052 seconds
[2026-09-17T01:18:17.303+0000] {processor.py:157} INFO - Started process (PID=34420) to work on /home/vscode/.local/lib/python3.10/site-packages/airflow/example_dags/example_dynamic_task_mapping_with_no_taskflow_operators.py
[2026-09-17T01:18:17.303+0000] {processor.py:826} INFO - Processing file /home/vscode/.local/lib/python3.10/site-packages/airflow/example_dags/example_dynamic_task_mapping_with_no_taskflow_operators.py for tasks to queue
[2026-09-17T01:18:17.304+0000] {logging_mixin.py:150} INFO - [2026-09-17T01:18:17.304+0000] {dagbag.py:541} INFO - Filling up the DagBag from /home/vscode/.local/lib/python3.10/site-packages/airflow/example_dags/example_dynamic_task_mapping_with_no_taskflow_operators.py
[2026-09-17T01:18:17.312+0000] {processor.py:836} INFO - DAG(s) dict_keys(['example_dynamic_task_mapping_with_no_taskflow_operators']) retrieved from /home/vscode/.local/lib/python3.10/site-packages/airflow/example_dags/example_dynamic_task_mapping_with_no_taskflow_operators.py
[2026-09-17T01:18:17.330+0000] {logging_mixin.py:150} INFO - [2026-09-17T01:18:17.329+0000] {dag.py:2742} INFO - Sync 1 DAGs
[2026-09-17T01:18:17.344+0000] {logging_mixin.py:150} INFO - [2026-09-17T01:18:17.344+0000] {dag.py:3504} INFO - Setting next_dagrun for example_dynamic_task_mapping_with_no_taskflow_operators to 2026-09-16T01:18:17.344671+00:00, run_after=2026-09-17T01:18:17.344671+00:00
[2026-09-17T01:18:17.361+0000] {processor.py:179} INFO - Processing /home/vscode/.local/lib/python3.10/site-packages/airflow/example_dags/example_dynamic_task_mapping_with_no_taskflow_operators.py took 0.061 seconds
[2026-09-17T01:18:43.239+0000] {processor.py:157} INFO - Started process (PID=34642) to work on /home/vscode/.local/lib/python3.10/site-packages/airflow/example_dags/example_dynamic_task_mapping_with_no_taskflow_operators.py
[2026-09-17T01:18:43.240+0000] {processor.py:826} INFO - Processing file /home/vscode/.local/lib/python3.10/site-packages/airflow/example_dags/example_dynamic_task_mapping_with_no_taskflow_operators.py for tasks to queue
[2026-09-17T01:18:43.240+0000] {logging_mixin.py:150} INFO - [2026-09-17T01:18:43.240+0000] {dagbag.py:541} INFO - Filling up the DagBag from /home/vscode/.local/lib/python3.10/site-packages/airflow/example_dags/example_dynamic_task_mapping_with_no_taskflow_operators.py
[2026-09-17T01:18:43.246+0000] {processor.py:836} INFO - DAG(s) dict_keys(['example_dynamic_task_mapping_with_no_taskflow_operators']) retrieved from /home/vscode/.local/lib/python3.10/site-packages/airflow/example_dags/example_dynamic_task_mapping_with_no_taskflow_operators.py
[2026-09-17T01:18:43.258+0000] {logging_mixin.py:150} INFO - [2026-09-17T01:18:43.258+0000] {dag.py:2742} INFO - Sync 1 DAGs
[2026-09-17T01:18:43.273+0000] {logging_mixin.py:150} INFO - [2026-09-17T01:18:43.273+0000] {dag.py:3504} INFO - Setting next_dagrun for example_dynamic_task_mapping_with_no_taskflow_operators to 2026-09-16T01:18:43.272884+00:00, run_after=2026-09-17T01:18:43.272884+00:00
[2026-09-17T01:18:43.291+0000] {processor.py:179} INFO - Processing /home/vscode/.local/lib/python3.10/site-packages/airflow/example_dags/example_dynamic_task_mapping_with_no_taskflow_operators.py took 0.055 seconds
[2026-09-17T01:19:04.916+0000] {processor.py:157} INFO - Started process (PID=34823) to work on /home/vscode/.local/lib/python3.10/site-packages/airflow/example_dags/example_dynamic_task_mapping_with_no_taskflow_operators.py
[2026-09-17T01:19:04.916+0000] {processor.py:826} INFO - Processing file /home/vscode/.local/lib/python3.10/site-packages/airflow/example_dags/example_dynamic_task_mapping_with_no_taskflow_operators.py for tasks to queue
[2026-09-17T01:19:04.917+0000] {logging_mixin.py:150} INFO - [2026-09-17T01:19:04.917+0000] {dagbag.py:541} INFO - Filling up the DagBag from /home/vscode/.local/lib/python3.10/site-packages/airflow/example_dags/example_dynamic_task_mapping_with_no_taskflow_operators.py
[2026-09-17T01:19:04.923+0000] {processor.py:836} INFO - DAG(s) dict_keys(['example_dynamic_task_mapping_with_no_taskflow_operators']) retrieved from /home/vscode/.local/lib/python3.10/site-packages/airflow/example_dags/example_dynamic_task_mapping_with_no_taskflow_operators.py
[2026-09-17T01:19:04.935+0000] {logging_mixin.py:150} INFO - [2026-09-17T01:19:04.934+0000] {dag.py:2742} INFO - Sync 1 DAGs
[2026-09-17T01:19:04.958+0000] {logging_mixin.py:150} INFO - [2026-09-17T01:19:04.957+0000] {dag.py:3504} INFO - Setting next_dagrun for example_dynamic_task_mapping_with_no_taskflow_operators to 2026-09-16T01:19:04.957635+00:00, run_after=2026-09-17T01:19:04.957635+00:00
[2026-09-17T01:19:04.995+0000] {processor.py:179} INFO - Processing /home/vscode/.local/lib/python3.10/site-packages/airflow/example_dags/example_dynamic_task_mapping_with_no_taskflow_operators.py took 0.082 seconds
[2026-09-17T01:19:33.325+0000] {processor.py:157} INFO - Started process (PID=35042) to work on /home/vscode/.local/lib/python3.10/site-packages/airflow/example_dags/example_dynamic_task_mapping_with_no_taskflow_operators.py
[2026-09-17T01:19:33.326+0000] {processor.py:826} INFO - Processing file /home/vscode/.local/lib/python3.10/site-packages/airflow/example_dags/example_dynamic_task_mapping_with_no_taskflow_operators.py for tasks to queue
[2026-09-17T01:19:33.326+0000] {logging_mixin.py:150} INFO - [2026-09-17T01:19:33.326+0000] {dagbag.py:541} INFO - Filling up the DagBag from /home/vscode/.local/lib/python3.10/site-packages/airflow/example_dags/example_dynamic_task_mapping_with_no_taskflow_operators.py
[2026-09-17T01:19:33.332+0000] {processor.py:836} INFO - DAG(s) dict_keys(['example_dynamic_task_mapping_with_no_taskflow_operators']) retrieved from /home/vscode/.local/lib/python3.10/site-packages/airflow/example_dags/example_dynamic_task_mapping_with_no_taskflow_operators.py
[2026-09-17T01:19:33.344+0000] {logging_mixin.py:150} INFO - [2026-09-17T01:19:33.344+0000] {dag.py:2742} INFO - Sync 1 DAGs
[2026-09-17T01:19:33.365+0000] {logging_mixin.py:150} INFO - [2026-09-17T01:19:33.365+0000] {dag.py:3504} INFO - Setting next_dagrun for example_dynamic_task_mapping_with_no_taskflow_operators to 2026-09-16T01:19:33.364782+00:00, run_after=2026-09-17T01:19:33.364782+00:00
[2026-09-17T01:19:33.385+0000] {processor.py:179} INFO - Processing /home/vscode/.local/lib/python3.10/site-packages/airflow/example_dags/example_dynamic_task_mapping_with_no_taskflow_operators.py took 0.063 seconds
[2026-09-17T01:19:52.344+0000] {processor.py:157} INFO - Started process (PID=35225) to work on /home/vscode/.local/lib/python3.10/site-packages/airflow/example_dags/example_dynamic_task_mapping_with_no_taskflow_operators.py
[2026-09-17T01:19:52.344+0000] {processor.py:826} INFO - Processing file /home/vscode/.local/lib/python3.10/site-packages/airflow/example_dags/example_dynamic_task_mapping_with_no_taskflow_operators.py for tasks to queue
[2026-09-17T01:19:52.345+0000] {logging_mixin.py:150} INFO - [2026-09-17T01:19:52.345+0000] {dagbag.py:541} INFO - Filling up the DagBag from /home/vscode/.local/lib/python3.10/site-packages/airflow/example_dags/example_dynamic_task_mapping_with_no_taskflow_operators.py
[2026-09-17T01:19:52.351+0000] {processor.py:836} INFO - DAG(s) dict_keys(['example_dynamic_task_mapping_with_no_taskflow_operators']) retrieved from /home/vscode/.local/lib/python3.10/site-packages/airflow/example_dags/example_dynamic_task_mapping_with_no_taskflow_operators.py
[2026-09-17T01:19:52.362+0000] {logging_mixin.py:150} INFO - [2026-09-17T01:19:52.362+0000] {dag.py:2742} INFO - Sync 1 DAGs
[2026-09-17T01:19:52.377+0000] {logging_mixin.py:150} INFO - [2026-09-17T01:19:52.377+0000] {dag.py:3504} INFO - Setting next_dagrun for example_dynamic_task_mapping_with_no_taskflow_operators to 2026-09-16T01:19:52.377142+00:00, run_after=2026-09-17T01:19:52.377142+00:00
[2026-09-17T01:19:52.402+0000] {processor.py:179} INFO - Processing /home/vscode/.local/lib/python3.10/site-packages/airflow/example_dags/example_dynamic_task_mapping_with_no_taskflow_operators.py took 0.061 seconds
[2026-09-17T01:20:21.526+0000] {processor.py:157} INFO - Started process (PID=35494) to work on /home/vscode/.local/lib/python3.10/site-packages/airflow/example_dags/example_dynamic_task_mapping_with_no_taskflow_operators.py
[2026-09-17T01:20:21.527+0000] {processor.py:826} INFO - Processing file /home/vscode/.local/lib/python3.10/site-packages/airflow/example_dags/example_dynamic_task_mapping_with_no_taskflow_operators.py for tasks to queue
[2026-09-17T01:20:21.528+0000] {logging_mixin.py:150} INFO - [2026-09-17T01:20:21.528+0000] {dagbag.py:541} INFO - Filling up the DagBag from /home/vscode/.local/lib/python3.10/site-packages/airflow/example_dags/example_dynamic_task_mapping_with_no_taskflow_operators.py
[2026-09-17T01:20:21.535+0000] {processor.py:836} INFO - DAG(s) dict_keys(['example_dynamic_task_mapping_with_no_taskflow_operators']) retrieved from /home/vscode/.local/lib/python3.10/site-packages/airflow/example_dags/example_dynamic_task_mapping_with_no_taskflow_operators.py
[2026-09-17T01:20:21.548+0000] {logging_mixin.py:150} INFO - [2026-09-17T01:20:21.548+0000] {dag.py:2742} INFO - Sync 1 DAGs
[2026-09-17T01:20:21.562+0000] {logging_mixin.py:150} INFO - [2026-09-17T01:20:21.562+0000] {dag.py:3504} INFO - Setting next_dagrun for example_dynamic_task_mapping_with_no_taskflow_operators to 2026-09-16T01:20:21.562355+00:00, run_after=2026-09-17T01:20:21.562355+00:00
[2026-09-17T01:20:21.578+0000] {processor.py:179} INFO - Processing /home/vscode/.local/lib/python3.10/site-packages/airflow/example_dags/example_dynamic_task_mapping_with_no_taskflow_operators.py took 0.055 seconds
[2026-09-17T01:20:41.604+0000] {processor.py:157} INFO - Started process (PID=35652) to work on /home/vscode/.local/lib/python3.10/site-packages/airflow/example_dags/example_dynamic_task_mapping_with_no_taskflow_operators.py
[2026-09-17T01:20:41.605+0000] {processor.py:826} INFO - Processing file /home/vscode/.local/lib/python3.10/site-packages/airflow/example_dags/example_dynamic_task_mapping_with_no_taskflow_operators.py for tasks to queue
[2026-09-17T01:20:41.605+0000] {logging_mixin.py:150} INFO - [2026-09-17T01:20:41.605+0000] {dagbag.py:541} INFO - Filling up the DagBag from /home/vscode/.local/lib/python3.10/site-packages/airflow/example_dags/example_dynamic_task_mapping_with_no_taskflow_operators.py
[2026-09-17T01:20:41.611+0000] {processor.py:836} INFO - DAG(s) dict_keys(['example_dynamic_task_mapping_with_no_taskflow_operators']) retrieved from /home/vscode/.local/lib/python3.10/site-packages/airflow/example_dags/example_dynamic_task_mapping_with_no_taskflow_operators.py
[2026-09-17T01:20:41.623+0000] {logging_mixin.py:150} INFO - [2026-09-17T01:20:41.623+0000] {dag.py:2742} INFO - Sync 1 DAGs
[2026-09-17T01:20:41.639+0000] {logging_mixin.py:150} INFO - [2026-09-17T01:20:41.639+0000] {dag.py:3504} INFO - Setting next_dagrun for example_dynamic_task_mapping_with_no_taskflow_operators to 2026-09-16T01:20:41.639190+00:00, run_after=2026-09-17T01:20:41.639190+00:00
[2026-09-17T01:20:41.655+0000] {processor.py:179} INFO - Processing /home/vscode/.local/lib/python3.10/site-packages/airflow/example_dags/example_dynamic_task_mapping_with_no_taskflow_operators.py took 0.054 seconds
[2026-09-17T01:21:09.542+0000] {processor.py:157} INFO - Started process (PID=36136) to work on /home/vscode/.local/lib/python3.10/site-packages/airflow/example_dags/example_dynamic_task_mapping_with_no_taskflow_operators.py
[2026-09-17T01:21:09.543+0000] {processor.py:826} INFO - Processing file /home/vscode/.local/lib/python3.10/site-packages/airflow/example_dags/example_dynamic_task_mapping_with_no_taskflow_operators.py for tasks to queue
[2026-09-17T01:21:09.543+0000] {logging_mixin.py:150} INFO - [2026-09-17T01:21:09.543+0000] {dagbag.py:541} INFO - Filling up the DagBag from /home/vscode/.local/lib/python3.10/site-packages/airflow/example_dags/example_dynamic_task_mapping_with_no_taskflow_operators.py
[2026-09-17T01:21:09.550+0000] {processor.py:836} INFO - DAG(s) dict_keys(['example_dynamic_task_mapping_with_no_taskflow_operators']) retrieved from /home/vscode/.local/lib/python3.10/site-packages/airflow/example_dags/example_dynamic_task_mapping_with_no_taskflow_operators.py
[2026-09-17T01:21:09.562+0000] {logging_mixin.py:150} INFO - [2026-09-17T01:21:09.561+0000] {dag.py:2742} INFO - Sync 1 DAGs
[2026-09-17T01:21:09.577+0000] {logging_mixin.py:150} INFO - [2026-09-17T01:21:09.576+0000] {dag.py:3504} INFO - Setting next_dagrun for example_dynamic_task_mapping_with_no_taskflow_operators to 2026-09-16T01:21:09.576690+00:00, run_after=2026-09-17T01:21:09.576690+00:00
[2026-09-17T01:21:09.597+0000] {processor.py:179} INFO - Processing /home/vscode/.local/lib/python3.10/site-packages/airflow/example_dags/example_dynamic_task_mapping_with_no_taskflow_operators.py took 0.059 seconds
[2026-09-17T01:21:29.159+0000] {processor.py:157} INFO - Started process (PID=36297) to work on /home/vscode/.local/lib/python3.10/site-packages/airflow/example_dags/example_dynamic_task_mapping_with_no_taskflow_operators.py
[2026-09-17T01:21:29.159+0000] {processor.py:826} INFO - Processing file /home/vscode/.local/lib/python3.10/site-packages/airflow/example_dags/example_dynamic_task_mapping_with_no_taskflow_operators.py for tasks to queue
[2026-09-17T01:21:29.160+0000] {logging_mixin.py:150} INFO - [2026-09-17T01:21:29.160+0000] {dagbag.py:541} INFO - Filling up the DagBag from /home/vscode/.local/lib/python3.10/site-packages/airflow/example_dags/example_dynamic_task_mapping_with_no_taskflow_operators.py
[2026-09-17T01:21:29.166+0000] {processor.py:836} INFO - DAG(s) dict_keys(['example_dynamic_task_mapping_with_no_taskflow_operators']) retrieved from /home/vscode/.local/lib/python3.10/site-packages/airflow/example_dags/example_dynamic_task_mapping_with_no_taskflow_operators.py
[2026-09-17T01:21:29.177+0000] {logging_mixin.py:150} INFO - [2026-09-17T01:21:29.177+0000] {dag.py:2742} INFO - Sync 1 DAGs
[2026-09-17T01:21:29.195+0000] {logging_mixin.py:150} INFO - [2026-09-17T01:21:29.195+0000] {dag.py:3504} INFO - Setting next_dagrun for example_dynamic_task_mapping_with_no_taskflow_operators to 2026-09-16T01:21:29.195116+00:00, run_after=2026-09-17T01:21:29.195116+00:00
[2026-09-17T01:21:29.212+0000] {processor.py:179} INFO - Processing /home/vscode/.local/lib/python3.10/site-packages/airflow/example_dags/example_dynamic_task_mapping_with_no_taskflow_operators.py took 0.056 seconds
[2026-09-17T01:21:59.543+0000] {processor.py:157} INFO - Started process (PID=36677) to work on /home/vscode/.local/lib/python3.10/site-packages/airflow/example_dags/example_dynamic_task_mapping_with_no_taskflow_operators.py
[2026-09-17T01:21:59.543+0000] {processor.py:826} INFO - Processing file /home/vscode/.local/lib/python3.10/site-packages/airflow/example_dags/example_dynamic_task_mapping_with_no_taskflow_operators.py for tasks to queue
[2026-09-17T01:21:59.544+0000] {logging_mixin.py:150} INFO - [2026-09-17T01:21:59.544+0000] {dagbag.py:541} INFO - Filling up the DagBag from /home/vscode/.local/lib/python3.10/site-packages/airflow/example_dags/example_dynamic_task_mapping_with_no_taskflow_operators.py
[2026-09-17T01:21:59.550+0000] {processor.py:836} INFO - DAG(s) dict_keys(['example_dynamic_task_mapping_with_no_taskflow_operators']) retrieved from /home/vscode/.local/lib/python3.10/site-packages/airflow/example_dags/example_dynamic_task_mapping_with_no_taskflow_operators.py
[2026-09-17T01:21:59.562+0000] {logging_mixin.py:150} INFO - [2026-09-17T01:21:59.561+0000] {dag.py:2742} INFO - Sync 1 DAGs
[2026-09-17T01:21:59.578+0000] {logging_mixin.py:150} INFO - [2026-09-17T01:21:59.578+0000] {dag.py:3504} INFO - Setting next_dagrun for example_dynamic_task_mapping_with_no_taskflow_operators to 2026-09-16T01:21:59.577998+00:00, run_after=2026-09-17T01:21:59.577998+00:00
[2026-09-17T01:21:59.606+0000] {processor.py:179} INFO - Processing /home/vscode/.local/lib/python3.10/site-packages/airflow/example_dags/example_dynamic_task_mapping_with_no_taskflow_operators.py took 0.066 seconds
[2026-09-17T01:22:19.823+0000] {processor.py:157} INFO - Started process (PID=37041) to work on /home/vscode/.local/lib/python3.10/site-packages/airflow/example_dags/example_dynamic_task_mapping_with_no_taskflow_operators.py
[2026-09-17T01:22:19.823+0000] {processor.py:826} INFO - Processing file /home/vscode/.local/lib/python3.10/site-packages/airflow/example_dags/example_dynamic_task_mapping_with_no_taskflow_operators.py for tasks to queue
[2026-09-17T01:22:19.824+0000] {logging_mixin.py:150} INFO - [2026-09-17T01:22:19.824+0000] {dagbag.py:541} INFO - Filling up the DagBag from /home/vscode/.local/lib/python3.10/site-packages/airflow/example_dags/example_dynamic_task_mapping_with_no_taskflow_operators.py
[2026-09-17T01:22:19.830+0000] {processor.py:836} INFO - DAG(s) dict_keys(['example_dynamic_task_mapping_with_no_taskflow_operators']) retrieved from /home/vscode/.local/lib/python3.10/site-packages/airflow/example_dags/example_dynamic_task_mapping_with_no_taskflow_operators.py
[2026-09-17T01:22:19.844+0000] {logging_mixin.py:150} INFO - [2026-09-17T01:22:19.844+0000] {dag.py:2742} INFO - Sync 1 DAGs
[2026-09-17T01:22:19.864+0000] {logging_mixin.py:150} INFO - [2026-09-17T01:22:19.864+0000] {dag.py:3504} INFO - Setting next_dagrun for example_dynamic_task_mapping_with_no_taskflow_operators to 2026-09-16T01:22:19.863862+00:00, run_after=2026-09-17T01:22:19.863862+00:00
[2026-09-17T01:22:19.888+0000] {processor.py:179} INFO - Processing /home/vscode/.local/lib/python3.10/site-packages/airflow/example_dags/example_dynamic_task_mapping_with_no_taskflow_operators.py took 0.067 seconds
[2026-09-17T01:22:50.463+0000] {processor.py:157} INFO - Started process (PID=37318) to work on /home/vscode/.local/lib/python3.10/site-packages/airflow/example_dags/example_dynamic_task_mapping_with_no_taskflow_operators.py
[2026-09-17T01:22:50.464+0000] {processor.py:826} INFO - Processing file /home/vscode/.local/lib/python3.10/site-packages/airflow/example_dags/example_dynamic_task_mapping_with_no_taskflow_operators.py for tasks to queue
[2026-09-17T01:22:50.465+0000] {logging_mixin.py:150} INFO - [2026-09-17T01:22:50.465+0000] {dagbag.py:541} INFO - Filling up the DagBag from /home/vscode/.local/lib/python3.10/site-packages/airflow/example_dags/example_dynamic_task_mapping_with_no_taskflow_operators.py
[2026-09-17T01:22:50.475+0000] {processor.py:836} INFO - DAG(s) dict_keys(['example_dynamic_task_mapping_with_no_taskflow_operators']) retrieved from /home/vscode/.local/lib/python3.10/site-packages/airflow/example_dags/example_dynamic_task_mapping_with_no_taskflow_operators.py
[2026-09-17T01:22:50.496+0000] {logging_mixin.py:150} INFO - [2026-09-17T01:22:50.495+0000] {dag.py:2742} INFO - Sync 1 DAGs
[2026-09-17T01:22:50.511+0000] {logging_mixin.py:150} INFO - [2026-09-17T01:22:50.510+0000] {dag.py:3504} INFO - Setting next_dagrun for example_dynamic_task_mapping_with_no_taskflow_operators to 2026-09-16T01:22:50.510833+00:00, run_after=2026-09-17T01:22:50.510833+00:00
[2026-09-17T01:22:50.529+0000] {processor.py:179} INFO - Processing /home/vscode/.local/lib/python3.10/site-packages/airflow/example_dags/example_dynamic_task_mapping_with_no_taskflow_operators.py took 0.069 seconds
[2026-09-17T01:23:05.239+0000] {processor.py:157} INFO - Started process (PID=37434) to work on /home/vscode/.local/lib/python3.10/site-packages/airflow/example_dags/example_dynamic_task_mapping_with_no_taskflow_operators.py
[2026-09-17T01:23:05.239+0000] {processor.py:826} INFO - Processing file /home/vscode/.local/lib/python3.10/site-packages/airflow/example_dags/example_dynamic_task_mapping_with_no_taskflow_operators.py for tasks to queue
[2026-09-17T01:23:05.240+0000] {logging_mixin.py:150} INFO - [2026-09-17T01:23:05.240+0000] {dagbag.py:541} INFO - Filling up the DagBag from /home/vscode/.local/lib/python3.10/site-packages/airflow/example_dags/example_dynamic_task_mapping_with_no_taskflow_operators.py
[2026-09-17T01:23:05.249+0000] {processor.py:836} INFO - DAG(s) dict_keys(['example_dynamic_task_mapping_with_no_taskflow_operators']) retrieved from /home/vscode/.local/lib/python3.10/site-packages/airflow/example_dags/example_dynamic_task_mapping_with_no_taskflow_operators.py
[2026-09-17T01:23:05.264+0000] {logging_mixin.py:150} INFO - [2026-09-17T01:23:05.264+0000] {dag.py:2742} INFO - Sync 1 DAGs
[2026-09-17T01:23:05.279+0000] {logging_mixin.py:150} INFO - [2026-09-17T01:23:05.278+0000] {dag.py:3504} INFO - Setting next_dagrun for example_dynamic_task_mapping_with_no_taskflow_operators to 2026-09-16T01:23:05.278704+00:00, run_after=2026-09-17T01:23:05.278704+00:00
[2026-09-17T01:23:05.308+0000] {processor.py:179} INFO - Processing /home/vscode/.local/lib/python3.10/site-packages/airflow/example_dags/example_dynamic_task_mapping_with_no_taskflow_operators.py took 0.073 seconds
[2026-09-17T01:23:37.041+0000] {processor.py:157} INFO - Started process (PID=37763) to work on /home/vscode/.local/lib/python3.10/site-packages/airflow/example_dags/example_dynamic_task_mapping_with_no_taskflow_operators.py
[2026-09-17T01:23:37.042+0000] {processor.py:826} INFO - Processing file /home/vscode/.local/lib/python3.10/site-packages/airflow/example_dags/example_dynamic_task_mapping_with_no_taskflow_operators.py for tasks to queue
[2026-09-17T01:23:37.043+0000] {logging_mixin.py:150} INFO - [2026-09-17T01:23:37.042+0000] {dagbag.py:541} INFO - Filling up the DagBag from /home/vscode/.local/lib/python3.10/site-packages/airflow/example_dags/example_dynamic_task_mapping_with_no_taskflow_operators.py
[2026-09-17T01:23:37.049+0000] {processor.py:836} INFO - DAG(s) dict_keys(['example_dynamic_task_mapping_with_no_taskflow_operators']) retrieved from /home/vscode/.local/lib/python3.10/site-packages/airflow/example_dags/example_dynamic_task_mapping_with_no_taskflow_operators.py
[2026-09-17T01:23:37.062+0000] {logging_mixin.py:150} INFO - [2026-09-17T01:23:37.062+0000] {dag.py:2742} INFO - Sync 1 DAGs
[2026-09-17T01:23:37.077+0000] {logging_mixin.py:150} INFO - [2026-09-17T01:23:37.077+0000] {dag.py:3504} INFO - Setting next_dagrun for example_dynamic_task_mapping_with_no_taskflow_operators to 2026-09-16T01:23:37.077455+00:00, run_after=2026-09-17T01:23:37.077455+00:00
[2026-09-17T01:23:37.093+0000] {processor.py:179} INFO - Processing /home/vscode/.local/lib/python3.10/site-packages/airflow/example_dags/example_dynamic_task_mapping_with_no_taskflow_operators.py took 0.055 seconds
[2026-09-17T01:23:55.608+0000] {processor.py:157} INFO - Started process (PID=37899) to work on /home/vscode/.local/lib/python3.10/site-packages/airflow/example_dags/example_dynamic_task_mapping_with_no_taskflow_operators.py
[2026-09-17T01:23:55.609+0000] {processor.py:826} INFO - Processing file /home/vscode/.local/lib/python3.10/site-packages/airflow/example_dags/example_dynamic_task_mapping_with_no_taskflow_operators.py for tasks to queue
[2026-09-17T01:23:55.610+0000] {logging_mixin.py:150} INFO - [2026-09-17T01:23:55.609+0000] {dagbag.py:541} INFO - Filling up the DagBag from /home/vscode/.local/lib/python3.10/site-packages/airflow/example_dags/example_dynamic_task_mapping_with_no_taskflow_operators.py
[2026-09-17T01:23:55.619+0000] {processor.py:836} INFO - DAG(s) dict_keys(['example_dynamic_task_mapping_with_no_taskflow_operators']) retrieved from /home/vscode/.local/lib/python3.10/site-packages/airflow/example_dags/example_dynamic_task_mapping_with_no_taskflow_operators.py
[2026-09-17T01:23:55.634+0000] {logging_mixin.py:150} INFO - [2026-09-17T01:23:55.634+0000] {dag.py:2742} INFO - Sync 1 DAGs
[2026-09-17T01:23:55.649+0000] {logging_mixin.py:150} INFO - [2026-09-17T01:23:55.649+0000] {dag.py:3504} INFO - Setting next_dagrun for example_dynamic_task_mapping_with_no_taskflow_operators to 2026-09-16T01:23:55.649145+00:00, run_after=2026-09-17T01:23:55.649145+00:00
[2026-09-17T01:23:55.665+0000] {processor.py:179} INFO - Processing /home/vscode/.local/lib/python3.10/site-packages/airflow/example_dags/example_dynamic_task_mapping_with_no_taskflow_operators.py took 0.060 seconds
[2026-09-17T01:24:28.572+0000] {processor.py:157} INFO - Started process (PID=38426) to work on /home/vscode/.local/lib/python3.10/site-packages/airflow/example_dags/example_dynamic_task_mapping_with_no_taskflow_operators.py
[2026-09-17T01:24:28.573+0000] {processor.py:826} INFO - Processing file /home/vscode/.local/lib/python3.10/site-packages/airflow/example_dags/example_dynamic_task_mapping_with_no_taskflow_operators.py for tasks to queue
[2026-09-17T01:24:28.574+0000] {logging_mixin.py:150} INFO - [2026-09-17T01:24:28.573+0000] {dagbag.py:541} INFO - Filling up the DagBag from /home/vscode/.local/lib/python3.10/site-packages/airflow/example_dags/example_dynamic_task_mapping_with_no_taskflow_operators.py
[2026-09-17T01:24:28.580+0000] {processor.py:836} INFO - DAG(s) dict_keys(['example_dynamic_task_mapping_with_no_taskflow_operators']) retrieved from /home/vscode/.local/lib/python3.10/site-packages/airflow/example_dags/example_dynamic_task_mapping_with_no_taskflow_operators.py
[2026-09-17T01:24:28.596+0000] {logging_mixin.py:150} INFO - [2026-09-17T01:24:28.596+0000] {dag.py:2742} INFO - Sync 1 DAGs
[2026-09-17T01:24:28.617+0000] {logging_mixin.py:150} INFO - [2026-09-17T01:24:28.617+0000] {dag.py:3504} INFO - Setting next_dagrun for example_dynamic_task_mapping_with_no_taskflow_operators to 2026-09-16T01:24:28.616903+00:00, run_after=2026-09-17T01:24:28.616903+00:00
[2026-09-17T01:24:28.634+0000] {processor.py:179} INFO - Processing /home/vscode/.local/lib/python3.10/site-packages/airflow/example_dags/example_dynamic_task_mapping_with_no_taskflow_operators.py took 0.064 seconds
