[2026-09-17T00:55:21.585+0000] {processor.py:157} INFO - Started process (PID=21880) to work on /home/vscode/.local/lib/python3.10/site-packages/airflow/example_dags/example_trigger_controller_dag.py
[2026-09-17T00:55:21.586+0000] {processor.py:826} INFO - Processing file /home/vscode/.local/lib/python3.10/site-packages/airflow/example_dags/example_trigger_controller_dag.py for tasks to queue
[2026-09-17T00:55:21.587+0000] {logging_mixin.py:150} INFO - [2026-09-17T00:55:21.586+0000] {dagbag.py:541} INFO - Filling up the DagBag from /home/vscode/.local/lib/python3.10/site-packages/airflow/example_dags/example_trigger_controller_dag.py
[2026-09-17T00:55:21.593+0000] {processor.py:836} INFO - DAG(s) dict_keys(['example_trigger_controller_dag']) retrieved from /home/vscode/.local/lib/python3.10/site-packages/airflow/example_dags/example_trigger_controller_dag.py
[2026-09-17T00:55:21.699+0000] {logging_mixin.py:150} INFO - [2026-09-17T00:55:21.699+0000] {manager.py:504} INFO - Created Permission View: can delete on DAG:example_trigger_controller_dag
[2026-09-17T00:55:21.709+0000] {logging_mixin.py:150} INFO - [2026-09-17T00:55:21.709+0000] {manager.py:504} INFO - Created Permission View: can edit on DAG:example_trigger_controller_dag
[2026-09-17T00:55:21.716+0000] {logging_mixin.py:150} INFO - [2026-09-17T00:55:21.715+0000] {manager.py:504} INFO - Created Permission View: can read on DAG:example_trigger_controller_dag
[2026-09-17T00:55:21.726+0000] {logging_mixin.py:150} INFO - [2026-09-17T00:55:21.726+0000] {dag.py:2742} INFO - Sync 1 DAGs
[2026-09-17T00:55:21.736+0000] {logging_mixin.py:150} INFO - [2026-09-17T00:55:21.736+0000] {dag.py:2763} INFO - Creating ORM DAG for example_trigger_controller_dag
[2026-09-17T00:55:21.744+0000] {logging_mixin.py:150} INFO - [2026-09-17T00:55:21.744+0000] {dag.py:3504} INFO - Setting next_dagrun for example_trigger_controller_dag to 2021-01-01T00:00:00+00:00, run_after=2021-01-01T00:00:00+00:00
[2026-09-17T00:55:21.764+0000] {processor.py:179} INFO - Processing /home/vscode/.local/lib/python3.10/site-packages/airflow/example_dags/example_trigger_controller_dag.py took 0.182 seconds
[2026-09-17T00:55:51.984+0000] {processor.py:157} INFO - Started process (PID=22231) to work on /home/vscode/.local/lib/python3.10/site-packages/airflow/example_dags/example_trigger_controller_dag.py
[2026-09-17T00:55:51.985+0000] {processor.py:826} INFO - Processing file /home/vscode/.local/lib/python3.10/site-packages/airflow/example_dags/example_trigger_controller_dag.py for tasks to queue
[2026-09-17T00:55:51.986+0000] {logging_mixin.py:150} INFO - [2026-09-17T00:55:51.985+0000] {dagbag.py:541} INFO - Filling up the DagBag from /home/vscode/.local/lib/python3.10/site-packages/airflow/example_dags/example_trigger_controller_dag.py
[2026-09-17T00:55:51.991+0000] {processor.py:836} INFO - DAG(s) dict_keys(['example_trigger_controller_dag']) retrieved from /home/vscode/.local/lib/python3.10/site-packages/airflow/example_dags/example_trigger_controller_dag.py
[2026-09-17T00:55:52.007+0000] {logging_mixin.py:150} INFO - [2026-09-17T00:55:52.007+0000] {dag.py:2742} INFO - Sync 1 DAGs
[2026-09-17T00:55:52.023+0000] {logging_mixin.py:150} INFO - [2026-09-17T00:55:52.022+0000] {dag.py:3504} INFO - Setting next_dagrun for example_trigger_controller_dag to 2021-01-01T00:00:00+00:00, run_after=2021-01-01T00:00:00+00:00
[2026-09-17T00:55:52.039+0000] {processor.py:179} INFO - Processing /home/vscode/.local/lib/python3.10/site-packages/airflow/example_dags/example_trigger_controller_dag.py took 0.057 seconds
[2026-09-17T00:56:18.120+0000] {processor.py:157} INFO - Started process (PID=22428) to work on /home/vscode/.local/lib/python3.10/site-packages/airflow/example_dags/example_trigger_controller_dag.py
[2026-09-17T00:56:18.121+0000] {processor.py:826} INFO - Processing file /home/vscode/.local/lib/python3.10/site-packages/airflow/example_dags/example_trigger_controller_dag.py for tasks to queue
[2026-09-17T00:56:18.124+0000] {logging_mixin.py:150} INFO - [2026-09-17T00:56:18.124+0000] {dagbag.py:541} INFO - Filling up the DagBag from /home/vscode/.local/lib/python3.10/site-packages/airflow/example_dags/example_trigger_controller_dag.py
[2026-09-17T00:56:18.130+0000] {processor.py:836} INFO - DAG(s) dict_keys(['example_trigger_controller_dag']) retrieved from /home/vscode/.local/lib/python3.10/site-packages/airflow/example_dags/example_trigger_controller_dag.py
[2026-09-17T00:56:18.149+0000] {logging_mixin.py:150} INFO - [2026-09-17T00:56:18.149+0000] {dag.py:2742} INFO - Sync 1 DAGs
[2026-09-17T00:56:18.177+0000] {logging_mixin.py:150} INFO - [2026-09-17T00:56:18.177+0000] {dag.py:3504} INFO - Setting next_dagrun for example_trigger_controller_dag to 2021-01-01T00:00:00+00:00, run_after=2021-01-01T00:00:00+00:00
[2026-09-17T00:56:18.206+0000] {processor.py:179} INFO - Processing /home/vscode/.local/lib/python3.10/site-packages/airflow/example_dags/example_trigger_controller_dag.py took 0.090 seconds
[2026-09-17T00:56:40.564+0000] {processor.py:157} INFO - Started process (PID=22697) to work on /home/vscode/.local/lib/python3.10/site-packages/airflow/example_dags/example_trigger_controller_dag.py
[2026-09-17T00:56:40.565+0000] {processor.py:826} INFO - Processing file /home/vscode/.local/lib/python3.10/site-packages/airflow/example_dags/example_trigger_controller_dag.py for tasks to queue
[2026-09-17T00:56:40.566+0000] {logging_mixin.py:150} INFO - [2026-09-17T00:56:40.565+0000] {dagbag.py:541} INFO - Filling up the DagBag from /home/vscode/.local/lib/python3.10/site-packages/airflow/example_dags/example_trigger_controller_dag.py
[2026-09-17T00:56:40.573+0000] {processor.py:836} INFO - DAG(s) dict_keys(['example_trigger_controller_dag']) retrieved from /home/vscode/.local/lib/python3.10/site-packages/airflow/example_dags/example_trigger_controller_dag.py
[2026-09-17T00:56:40.592+0000] {logging_mixin.py:150} INFO - [2026-09-17T00:56:40.592+0000] {dag.py:2742} INFO - Sync 1 DAGs
[2026-09-17T00:56:40.612+0000] {logging_mixin.py:150} INFO - [2026-09-17T00:56:40.612+0000] {dag.py:3504} INFO - Setting next_dagrun for example_trigger_controller_dag to 2021-01-01T00:00:00+00:00, run_after=2021-01-01T00:00:00+00:00
[2026-09-17T00:56:40.634+0000] {processor.py:179} INFO - Processing /home/vscode/.local/lib/python3.10/site-packages/airflow/example_dags/example_trigger_controller_dag.py took 0.074 seconds
[2026-09-17T00:57:03.922+0000] {processor.py:157} INFO - Started process (PID=22876) to work on /home/vscode/.local/lib/python3.10/site-packages/airflow/example_dags/example_trigger_controller_dag.py
[2026-09-17T00:57:03.923+0000] {processor.py:826} INFO - Processing file /home/vscode/.local/lib/python3.10/site-packages/airflow/example_dags/example_trigger_controller_dag.py for tasks to queue
[2026-09-17T00:57:03.923+0000] {logging_mixin.py:150} INFO - [2026-09-17T00:57:03.923+0000] {dagbag.py:541} INFO - Filling up the DagBag from /home/vscode/.local/lib/python3.10/site-packages/airflow/example_dags/example_trigger_controller_dag.py
[2026-09-17T00:57:03.929+0000] {processor.py:836} INFO - DAG(s) dict_keys(['example_trigger_controller_dag']) retrieved from /home/vscode/.local/lib/python3.10/site-packages/airflow/example_dags/example_trigger_controller_dag.py
[2026-09-17T00:57:03.947+0000] {logging_mixin.py:150} INFO - [2026-09-17T00:57:03.947+0000] {dag.py:2742} INFO - Sync 1 DAGs
[2026-09-17T00:57:03.982+0000] {logging_mixin.py:150} INFO - [2026-09-17T00:57:03.981+0000] {dag.py:3504} INFO - Setting next_dagrun for example_trigger_controller_dag to 2021-01-01T00:00:00+00:00, run_after=2021-01-01T00:00:00+00:00
[2026-09-17T00:57:04.023+0000] {processor.py:179} INFO - Processing /home/vscode/.local/lib/python3.10/site-packages/airflow/example_dags/example_trigger_controller_dag.py took 0.105 seconds
[2026-09-17T00:57:32.264+0000] {processor.py:157} INFO - Started process (PID=23092) to work on /home/vscode/.local/lib/python3.10/site-packages/airflow/example_dags/example_trigger_controller_dag.py
[2026-09-17T00:57:32.264+0000] {processor.py:826} INFO - Processing file /home/vscode/.local/lib/python3.10/site-packages/airflow/example_dags/example_trigger_controller_dag.py for tasks to queue
[2026-09-17T00:57:32.265+0000] {logging_mixin.py:150} INFO - [2026-09-17T00:57:32.265+0000] {dagbag.py:541} INFO - Filling up the DagBag from /home/vscode/.local/lib/python3.10/site-packages/airflow/example_dags/example_trigger_controller_dag.py
[2026-09-17T00:57:32.270+0000] {processor.py:836} INFO - DAG(s) dict_keys(['example_trigger_controller_dag']) retrieved from /home/vscode/.local/lib/python3.10/site-packages/airflow/example_dags/example_trigger_controller_dag.py
[2026-09-17T00:57:32.287+0000] {logging_mixin.py:150} INFO - [2026-09-17T00:57:32.287+0000] {dag.py:2742} INFO - Sync 1 DAGs
[2026-09-17T00:57:32.318+0000] {logging_mixin.py:150} INFO - [2026-09-17T00:57:32.318+0000] {dag.py:3504} INFO - Setting next_dagrun for example_trigger_controller_dag to 2021-01-01T00:00:00+00:00, run_after=2021-01-01T00:00:00+00:00
[2026-09-17T00:57:32.335+0000] {processor.py:179} INFO - Processing /home/vscode/.local/lib/python3.10/site-packages/airflow/example_dags/example_trigger_controller_dag.py took 0.074 seconds
[2026-09-17T00:57:50.712+0000] {processor.py:157} INFO - Started process (PID=23234) to work on /home/vscode/.local/lib/python3.10/site-packages/airflow/example_dags/example_trigger_controller_dag.py
[2026-09-17T00:57:50.713+0000] {processor.py:826} INFO - Processing file /home/vscode/.local/lib/python3.10/site-packages/airflow/example_dags/example_trigger_controller_dag.py for tasks to queue
[2026-09-17T00:57:50.714+0000] {logging_mixin.py:150} INFO - [2026-09-17T00:57:50.713+0000] {dagbag.py:541} INFO - Filling up the DagBag from /home/vscode/.local/lib/python3.10/site-packages/airflow/example_dags/example_trigger_controller_dag.py
[2026-09-17T00:57:50.717+0000] {processor.py:836} INFO - DAG(s) dict_keys(['example_trigger_controller_dag']) retrieved from /home/vscode/.local/lib/python3.10/site-packages/airflow/example_dags/example_trigger_controller_dag.py
[2026-09-17T00:57:50.730+0000] {logging_mixin.py:150} INFO - [2026-09-17T00:57:50.730+0000] {dag.py:2742} INFO - Sync 1 DAGs
[2026-09-17T00:57:50.745+0000] {logging_mixin.py:150} INFO - [2026-09-17T00:57:50.745+0000] {dag.py:3504} INFO - Setting next_dagrun for example_trigger_controller_dag to 2021-01-01T00:00:00+00:00, run_after=2021-01-01T00:00:00+00:00
[2026-09-17T00:57:50.762+0000] {processor.py:179} INFO - Processing /home/vscode/.local/lib/python3.10/site-packages/airflow/example_dags/example_trigger_controller_dag.py took 0.052 seconds
[2026-09-17T00:58:08.531+0000] {processor.py:157} INFO - Started process (PID=23365) to work on /home/vscode/.local/lib/python3.10/site-packages/airflow/example_dags/example_trigger_controller_dag.py
[2026-09-17T00:58:08.532+0000] {processor.py:826} INFO - Processing file /home/vscode/.local/lib/python3.10/site-packages/airflow/example_dags/example_trigger_controller_dag.py for tasks to queue
[2026-09-17T00:58:08.532+0000] {logging_mixin.py:150} INFO - [2026-09-17T00:58:08.532+0000] {dagbag.py:541} INFO - Filling up the DagBag from /home/vscode/.local/lib/python3.10/site-packages/airflow/example_dags/example_trigger_controller_dag.py
[2026-09-17T00:58:08.536+0000] {processor.py:836} INFO - DAG(s) dict_keys(['example_trigger_controller_dag']) retrieved from /home/vscode/.local/lib/python3.10/site-packages/airflow/example_dags/example_trigger_controller_dag.py
[2026-09-17T00:58:08.549+0000] {logging_mixin.py:150} INFO - [2026-09-17T00:58:08.549+0000] {dag.py:2742} INFO - Sync 1 DAGs
[2026-09-17T00:58:08.563+0000] {logging_mixin.py:150} INFO - [2026-09-17T00:58:08.563+0000] {dag.py:3504} INFO - Setting next_dagrun for example_trigger_controller_dag to 2021-01-01T00:00:00+00:00, run_after=2021-01-01T00:00:00+00:00
[2026-09-17T00:58:08.579+0000] {processor.py:179} INFO - Processing /home/vscode/.local/lib/python3.10/site-packages/airflow/example_dags/example_trigger_controller_dag.py took 0.050 seconds
[2026-09-17T00:58:26.841+0000] {processor.py:157} INFO - Started process (PID=23608) to work on /home/vscode/.local/lib/python3.10/site-packages/airflow/example_dags/example_trigger_controller_dag.py
[2026-09-17T00:58:26.842+0000] {processor.py:826} INFO - Processing file /home/vscode/.local/lib/python3.10/site-packages/airflow/example_dags/example_trigger_controller_dag.py for tasks to queue
[2026-09-17T00:58:26.842+0000] {logging_mixin.py:150} INFO - [2026-09-17T00:58:26.842+0000] {dagbag.py:541} INFO - Filling up the DagBag from /home/vscode/.local/lib/python3.10/site-packages/airflow/example_dags/example_trigger_controller_dag.py
[2026-09-17T00:58:26.846+0000] {processor.py:836} INFO - DAG(s) dict_keys(['example_trigger_controller_dag']) retrieved from /home/vscode/.local/lib/python3.10/site-packages/airflow/example_dags/example_trigger_controller_dag.py
[2026-09-17T00:58:26.859+0000] {logging_mixin.py:150} INFO - [2026-09-17T00:58:26.859+0000] {dag.py:2742} INFO - Sync 1 DAGs
[2026-09-17T00:58:26.880+0000] {logging_mixin.py:150} INFO - [2026-09-17T00:58:26.880+0000] {dag.py:3504} INFO - Setting next_dagrun for example_trigger_controller_dag to 2021-01-01T00:00:00+00:00, run_after=2021-01-01T00:00:00+00:00
[2026-09-17T00:58:26.914+0000] {processor.py:179} INFO - Processing /home/vscode/.local/lib/python3.10/site-packages/airflow/example_dags/example_trigger_controller_dag.py took 0.076 seconds
[2026-09-17T00:58:45.740+0000] {processor.py:157} INFO - Started process (PID=23757) to work on /home/vscode/.local/lib/python3.10/site-packages/airflow/example_dags/example_trigger_controller_dag.py
[2026-09-17T00:58:45.741+0000] {processor.py:826} INFO - Processing file /home/vscode/.local/lib/python3.10/site-packages/airflow/example_dags/example_trigger_controller_dag.py for tasks to queue
[2026-09-17T00:58:45.742+0000] {logging_mixin.py:150} INFO - [2026-09-17T00:58:45.742+0000] {dagbag.py:541} INFO - Filling up the DagBag from /home/vscode/.local/lib/python3.10/site-packages/airflow/example_dags/example_trigger_controller_dag.py
[2026-09-17T00:58:45.747+0000] {processor.py:836} INFO - DAG(s) dict_keys(['example_trigger_controller_dag']) retrieved from /home/vscode/.local/lib/python3.10/site-packages/airflow/example_dags/example_trigger_controller_dag.py
[2026-09-17T00:58:45.766+0000] {logging_mixin.py:150} INFO - [2026-09-17T00:58:45.766+0000] {dag.py:2742} INFO - Sync 1 DAGs
[2026-09-17T00:58:45.808+0000] {logging_mixin.py:150} INFO - [2026-09-17T00:58:45.808+0000] {dag.py:3504} INFO - Setting next_dagrun for example_trigger_controller_dag to 2021-01-01T00:00:00+00:00, run_after=2021-01-01T00:00:00+00:00
[2026-09-17T00:58:45.840+0000] {processor.py:179} INFO - Processing /home/vscode/.local/lib/python3.10/site-packages/airflow/example_dags/example_trigger_controller_dag.py took 0.103 seconds
[2026-09-17T00:59:15.265+0000] {processor.py:157} INFO - Started process (PID=24145) to work on /home/vscode/.local/lib/python3.10/site-packages/airflow/example_dags/example_trigger_controller_dag.py
[2026-09-17T00:59:15.266+0000] {processor.py:826} INFO - Processing file /home/vscode/.local/lib/python3.10/site-packages/airflow/example_dags/example_trigger_controller_dag.py for tasks to queue
[2026-09-17T00:59:15.267+0000] {logging_mixin.py:150} INFO - [2026-09-17T00:59:15.267+0000] {dagbag.py:541} INFO - Filling up the DagBag from /home/vscode/.local/lib/python3.10/site-packages/airflow/example_dags/example_trigger_controller_dag.py
[2026-09-17T00:59:15.273+0000] {processor.py:836} INFO - DAG(s) dict_keys(['example_trigger_controller_dag']) retrieved from /home/vscode/.local/lib/python3.10/site-packages/airflow/example_dags/example_trigger_controller_dag.py
[2026-09-17T00:59:15.294+0000] {logging_mixin.py:150} INFO - [2026-09-17T00:59:15.294+0000] {dag.py:2742} INFO - Sync 1 DAGs
[2026-09-17T00:59:15.312+0000] {logging_mixin.py:150} INFO - [2026-09-17T00:59:15.312+0000] {dag.py:3504} INFO - Setting next_dagrun for example_trigger_controller_dag to 2021-01-01T00:00:00+00:00, run_after=2021-01-01T00:00:00+00:00
[2026-09-17T00:59:15.334+0000] {processor.py:179} INFO - Processing /home/vscode/.local/lib/python3.10/site-packages/airflow/example_dags/example_trigger_controller_dag.py took 0.073 seconds
[2026-09-17T00:59:23.083+0000] {processor.py:157} INFO - Started process (PID=24258) to work on /home/vscode/.local/lib/python3.10/site-packages/airflow/example_dags/example_trigger_controller_dag.py
[2026-09-17T00:59:23.084+0000] {processor.py:826} INFO - Processing file /home/vscode/.local/lib/python3.10/site-packages/airflow/example_dags/example_trigger_controller_dag.py for tasks to queue
[2026-09-17T00:59:23.085+0000] {logging_mixin.py:150} INFO - [2026-09-17T00:59:23.084+0000] {dagbag.py:541} INFO - Filling up the DagBag from /home/vscode/.local/lib/python3.10/site-packages/airflow/example_dags/example_trigger_controller_dag.py
[2026-09-17T00:59:23.092+0000] {processor.py:836} INFO - DAG(s) dict_keys(['example_trigger_controller_dag']) retrieved from /home/vscode/.local/lib/python3.10/site-packages/airflow/example_dags/example_trigger_controller_dag.py
[2026-09-17T00:59:23.113+0000] {logging_mixin.py:150} INFO - [2026-09-17T00:59:23.112+0000] {dag.py:2742} INFO - Sync 1 DAGs
[2026-09-17T00:59:23.131+0000] {logging_mixin.py:150} INFO - [2026-09-17T00:59:23.130+0000] {dag.py:3504} INFO - Setting next_dagrun for example_trigger_controller_dag to 2021-01-01T00:00:00+00:00, run_after=2021-01-01T00:00:00+00:00
[2026-09-17T00:59:23.147+0000] {processor.py:179} INFO - Processing /home/vscode/.local/lib/python3.10/site-packages/airflow/example_dags/example_trigger_controller_dag.py took 0.067 seconds
[2026-09-17T01:00:07.307+0000] {processor.py:157} INFO - Started process (PID=24893) to work on /home/vscode/.local/lib/python3.10/site-packages/airflow/example_dags/example_trigger_controller_dag.py
[2026-09-17T01:00:07.308+0000] {processor.py:826} INFO - Processing file /home/vscode/.local/lib/python3.10/site-packages/airflow/example_dags/example_trigger_controller_dag.py for tasks to queue
[2026-09-17T01:00:07.309+0000] {logging_mixin.py:150} INFO - [2026-09-17T01:00:07.308+0000] {dagbag.py:541} INFO - Filling up the DagBag from /home/vscode/.local/lib/python3.10/site-packages/airflow/example_dags/example_trigger_controller_dag.py
[2026-09-17T01:00:07.312+0000] {processor.py:836} INFO - DAG(s) dict_keys(['example_trigger_controller_dag']) retrieved from /home/vscode/.local/lib/python3.10/site-packages/airflow/example_dags/example_trigger_controller_dag.py
[2026-09-17T01:00:07.325+0000] {logging_mixin.py:150} INFO - [2026-09-17T01:00:07.325+0000] {dag.py:2742} INFO - Sync 1 DAGs
[2026-09-17T01:00:07.340+0000] {logging_mixin.py:150} INFO - [2026-09-17T01:00:07.340+0000] {dag.py:3504} INFO - Setting next_dagrun for example_trigger_controller_dag to 2021-01-01T00:00:00+00:00, run_after=2021-01-01T00:00:00+00:00
[2026-09-17T01:00:07.357+0000] {processor.py:179} INFO - Processing /home/vscode/.local/lib/python3.10/site-packages/airflow/example_dags/example_trigger_controller_dag.py took 0.052 seconds
[2026-09-17T01:00:13.001+0000] {processor.py:157} INFO - Started process (PID=24980) to work on /home/vscode/.local/lib/python3.10/site-packages/airflow/example_dags/example_trigger_controller_dag.py
[2026-09-17T01:00:13.002+0000] {processor.py:826} INFO - Processing file /home/vscode/.local/lib/python3.10/site-packages/airflow/example_dags/example_trigger_controller_dag.py for tasks to queue
[2026-09-17T01:00:13.002+0000] {logging_mixin.py:150} INFO - [2026-09-17T01:00:13.002+0000] {dagbag.py:541} INFO - Filling up the DagBag from /home/vscode/.local/lib/python3.10/site-packages/airflow/example_dags/example_trigger_controller_dag.py
[2026-09-17T01:00:13.006+0000] {processor.py:836} INFO - DAG(s) dict_keys(['example_trigger_controller_dag']) retrieved from /home/vscode/.local/lib/python3.10/site-packages/airflow/example_dags/example_trigger_controller_dag.py
[2026-09-17T01:00:13.020+0000] {logging_mixin.py:150} INFO - [2026-09-17T01:00:13.020+0000] {dag.py:2742} INFO - Sync 1 DAGs
[2026-09-17T01:00:13.035+0000] {logging_mixin.py:150} INFO - [2026-09-17T01:00:13.035+0000] {dag.py:3504} INFO - Setting next_dagrun for example_trigger_controller_dag to 2021-01-01T00:00:00+00:00, run_after=2021-01-01T00:00:00+00:00
[2026-09-17T01:00:13.051+0000] {processor.py:179} INFO - Processing /home/vscode/.local/lib/python3.10/site-packages/airflow/example_dags/example_trigger_controller_dag.py took 0.054 seconds
[2026-09-17T01:00:59.639+0000] {processor.py:157} INFO - Started process (PID=25500) to work on /home/vscode/.local/lib/python3.10/site-packages/airflow/example_dags/example_trigger_controller_dag.py
[2026-09-17T01:00:59.640+0000] {processor.py:826} INFO - Processing file /home/vscode/.local/lib/python3.10/site-packages/airflow/example_dags/example_trigger_controller_dag.py for tasks to queue
[2026-09-17T01:00:59.642+0000] {logging_mixin.py:150} INFO - [2026-09-17T01:00:59.642+0000] {dagbag.py:541} INFO - Filling up the DagBag from /home/vscode/.local/lib/python3.10/site-packages/airflow/example_dags/example_trigger_controller_dag.py
[2026-09-17T01:00:59.652+0000] {processor.py:836} INFO - DAG(s) dict_keys(['example_trigger_controller_dag']) retrieved from /home/vscode/.local/lib/python3.10/site-packages/airflow/example_dags/example_trigger_controller_dag.py
[2026-09-17T01:00:59.690+0000] {logging_mixin.py:150} INFO - [2026-09-17T01:00:59.690+0000] {dag.py:2742} INFO - Sync 1 DAGs
[2026-09-17T01:00:59.716+0000] {logging_mixin.py:150} INFO - [2026-09-17T01:00:59.716+0000] {dag.py:3504} INFO - Setting next_dagrun for example_trigger_controller_dag to 2021-01-01T00:00:00+00:00, run_after=2021-01-01T00:00:00+00:00
[2026-09-17T01:00:59.736+0000] {processor.py:179} INFO - Processing /home/vscode/.local/lib/python3.10/site-packages/airflow/example_dags/example_trigger_controller_dag.py took 0.107 seconds
[2026-09-17T01:01:03.094+0000] {processor.py:157} INFO - Started process (PID=25533) to work on /home/vscode/.local/lib/python3.10/site-packages/airflow/example_dags/example_trigger_controller_dag.py
[2026-09-17T01:01:03.095+0000] {processor.py:826} INFO - Processing file /home/vscode/.local/lib/python3.10/site-packages/airflow/example_dags/example_trigger_controller_dag.py for tasks to queue
[2026-09-17T01:01:03.096+0000] {logging_mixin.py:150} INFO - [2026-09-17T01:01:03.095+0000] {dagbag.py:541} INFO - Filling up the DagBag from /home/vscode/.local/lib/python3.10/site-packages/airflow/example_dags/example_trigger_controller_dag.py
[2026-09-17T01:01:03.101+0000] {processor.py:836} INFO - DAG(s) dict_keys(['example_trigger_controller_dag']) retrieved from /home/vscode/.local/lib/python3.10/site-packages/airflow/example_dags/example_trigger_controller_dag.py
[2026-09-17T01:01:03.119+0000] {logging_mixin.py:150} INFO - [2026-09-17T01:01:03.118+0000] {dag.py:2742} INFO - Sync 1 DAGs
[2026-09-17T01:01:03.141+0000] {logging_mixin.py:150} INFO - [2026-09-17T01:01:03.141+0000] {dag.py:3504} INFO - Setting next_dagrun for example_trigger_controller_dag to 2021-01-01T00:00:00+00:00, run_after=2021-01-01T00:00:00+00:00
[2026-09-17T01:01:03.173+0000] {processor.py:179} INFO - Processing /home/vscode/.local/lib/python3.10/site-packages/airflow/example_dags/example_trigger_controller_dag.py took 0.083 seconds
[2026-09-17T01:01:50.668+0000] {processor.py:157} INFO - Started process (PID=25920) to work on /home/vscode/.local/lib/python3.10/site-packages/airflow/example_dags/example_trigger_controller_dag.py
[2026-09-17T01:01:50.669+0000] {processor.py:826} INFO - Processing file /home/vscode/.local/lib/python3.10/site-packages/airflow/example_dags/example_trigger_controller_dag.py for tasks to queue
[2026-09-17T01:01:50.670+0000] {logging_mixin.py:150} INFO - [2026-09-17T01:01:50.669+0000] {dagbag.py:541} INFO - Filling up the DagBag from /home/vscode/.local/lib/python3.10/site-packages/airflow/example_dags/example_trigger_controller_dag.py
[2026-09-17T01:01:50.679+0000] {processor.py:836} INFO - DAG(s) dict_keys(['example_trigger_controller_dag']) retrieved from /home/vscode/.local/lib/python3.10/site-packages/airflow/example_dags/example_trigger_controller_dag.py
[2026-09-17T01:01:50.702+0000] {logging_mixin.py:150} INFO - [2026-09-17T01:01:50.702+0000] {dag.py:2742} INFO - Sync 1 DAGs
[2026-09-17T01:01:50.747+0000] {logging_mixin.py:150} INFO - [2026-09-17T01:01:50.746+0000] {dag.py:3504} INFO - Setting next_dagrun for example_trigger_controller_dag to 2021-01-01T00:00:00+00:00, run_after=2021-01-01T00:00:00+00:00
[2026-09-17T01:01:50.777+0000] {processor.py:179} INFO - Processing /home/vscode/.local/lib/python3.10/site-packages/airflow/example_dags/example_trigger_controller_dag.py took 0.120 seconds
[2026-09-17T01:01:51.792+0000] {processor.py:157} INFO - Started process (PID=25935) to work on /home/vscode/.local/lib/python3.10/site-packages/airflow/example_dags/example_trigger_controller_dag.py
[2026-09-17T01:01:51.792+0000] {processor.py:826} INFO - Processing file /home/vscode/.local/lib/python3.10/site-packages/airflow/example_dags/example_trigger_controller_dag.py for tasks to queue
[2026-09-17T01:01:51.793+0000] {logging_mixin.py:150} INFO - [2026-09-17T01:01:51.793+0000] {dagbag.py:541} INFO - Filling up the DagBag from /home/vscode/.local/lib/python3.10/site-packages/airflow/example_dags/example_trigger_controller_dag.py
[2026-09-17T01:01:51.798+0000] {processor.py:836} INFO - DAG(s) dict_keys(['example_trigger_controller_dag']) retrieved from /home/vscode/.local/lib/python3.10/site-packages/airflow/example_dags/example_trigger_controller_dag.py
[2026-09-17T01:01:51.811+0000] {logging_mixin.py:150} INFO - [2026-09-17T01:01:51.811+0000] {dag.py:2742} INFO - Sync 1 DAGs
[2026-09-17T01:01:51.826+0000] {logging_mixin.py:150} INFO - [2026-09-17T01:01:51.825+0000] {dag.py:3504} INFO - Setting next_dagrun for example_trigger_controller_dag to 2021-01-01T00:00:00+00:00, run_after=2021-01-01T00:00:00+00:00
[2026-09-17T01:01:51.842+0000] {processor.py:179} INFO - Processing /home/vscode/.local/lib/python3.10/site-packages/airflow/example_dags/example_trigger_controller_dag.py took 0.053 seconds
[2026-09-17T01:02:27.144+0000] {processor.py:157} INFO - Started process (PID=26235) to work on /home/vscode/.local/lib/python3.10/site-packages/airflow/example_dags/example_trigger_controller_dag.py
[2026-09-17T01:02:27.145+0000] {processor.py:826} INFO - Processing file /home/vscode/.local/lib/python3.10/site-packages/airflow/example_dags/example_trigger_controller_dag.py for tasks to queue
[2026-09-17T01:02:27.146+0000] {logging_mixin.py:150} INFO - [2026-09-17T01:02:27.145+0000] {dagbag.py:541} INFO - Filling up the DagBag from /home/vscode/.local/lib/python3.10/site-packages/airflow/example_dags/example_trigger_controller_dag.py
[2026-09-17T01:02:27.149+0000] {processor.py:836} INFO - DAG(s) dict_keys(['example_trigger_controller_dag']) retrieved from /home/vscode/.local/lib/python3.10/site-packages/airflow/example_dags/example_trigger_controller_dag.py
[2026-09-17T01:02:27.166+0000] {logging_mixin.py:150} INFO - [2026-09-17T01:02:27.166+0000] {dag.py:2742} INFO - Sync 1 DAGs
[2026-09-17T01:02:27.180+0000] {logging_mixin.py:150} INFO - [2026-09-17T01:02:27.180+0000] {dag.py:3504} INFO - Setting next_dagrun for example_trigger_controller_dag to 2021-01-01T00:00:00+00:00, run_after=2021-01-01T00:00:00+00:00
[2026-09-17T01:02:27.199+0000] {processor.py:179} INFO - Processing /home/vscode/.local/lib/python3.10/site-packages/airflow/example_dags/example_trigger_controller_dag.py took 0.057 seconds
[2026-09-17T01:02:34.857+0000] {processor.py:157} INFO - Started process (PID=26305) to work on /home/vscode/.local/lib/python3.10/site-packages/airflow/example_dags/example_trigger_controller_dag.py
[2026-09-17T01:02:34.858+0000] {processor.py:826} INFO - Processing file /home/vscode/.local/lib/python3.10/site-packages/airflow/example_dags/example_trigger_controller_dag.py for tasks to queue
[2026-09-17T01:02:34.859+0000] {logging_mixin.py:150} INFO - [2026-09-17T01:02:34.859+0000] {dagbag.py:541} INFO - Filling up the DagBag from /home/vscode/.local/lib/python3.10/site-packages/airflow/example_dags/example_trigger_controller_dag.py
[2026-09-17T01:02:34.864+0000] {processor.py:836} INFO - DAG(s) dict_keys(['example_trigger_controller_dag']) retrieved from /home/vscode/.local/lib/python3.10/site-packages/airflow/example_dags/example_trigger_controller_dag.py
[2026-09-17T01:02:34.884+0000] {logging_mixin.py:150} INFO - [2026-09-17T01:02:34.883+0000] {dag.py:2742} INFO - Sync 1 DAGs
[2026-09-17T01:02:34.904+0000] {logging_mixin.py:150} INFO - [2026-09-17T01:02:34.903+0000] {dag.py:3504} INFO - Setting next_dagrun for example_trigger_controller_dag to 2021-01-01T00:00:00+00:00, run_after=2021-01-01T00:00:00+00:00
[2026-09-17T01:02:34.920+0000] {processor.py:179} INFO - Processing /home/vscode/.local/lib/python3.10/site-packages/airflow/example_dags/example_trigger_controller_dag.py took 0.066 seconds
[2026-09-17T01:03:02.986+0000] {processor.py:157} INFO - Started process (PID=26545) to work on /home/vscode/.local/lib/python3.10/site-packages/airflow/example_dags/example_trigger_controller_dag.py
[2026-09-17T01:03:02.987+0000] {processor.py:826} INFO - Processing file /home/vscode/.local/lib/python3.10/site-packages/airflow/example_dags/example_trigger_controller_dag.py for tasks to queue
[2026-09-17T01:03:02.987+0000] {logging_mixin.py:150} INFO - [2026-09-17T01:03:02.987+0000] {dagbag.py:541} INFO - Filling up the DagBag from /home/vscode/.local/lib/python3.10/site-packages/airflow/example_dags/example_trigger_controller_dag.py
[2026-09-17T01:03:02.991+0000] {processor.py:836} INFO - DAG(s) dict_keys(['example_trigger_controller_dag']) retrieved from /home/vscode/.local/lib/python3.10/site-packages/airflow/example_dags/example_trigger_controller_dag.py
[2026-09-17T01:03:03.004+0000] {logging_mixin.py:150} INFO - [2026-09-17T01:03:03.004+0000] {dag.py:2742} INFO - Sync 1 DAGs
[2026-09-17T01:03:03.019+0000] {logging_mixin.py:150} INFO - [2026-09-17T01:03:03.019+0000] {dag.py:3504} INFO - Setting next_dagrun for example_trigger_controller_dag to 2021-01-01T00:00:00+00:00, run_after=2021-01-01T00:00:00+00:00
[2026-09-17T01:03:03.045+0000] {processor.py:179} INFO - Processing /home/vscode/.local/lib/python3.10/site-packages/airflow/example_dags/example_trigger_controller_dag.py took 0.062 seconds
[2026-09-17T01:03:23.557+0000] {processor.py:157} INFO - Started process (PID=26719) to work on /home/vscode/.local/lib/python3.10/site-packages/airflow/example_dags/example_trigger_controller_dag.py
[2026-09-17T01:03:23.558+0000] {processor.py:826} INFO - Processing file /home/vscode/.local/lib/python3.10/site-packages/airflow/example_dags/example_trigger_controller_dag.py for tasks to queue
[2026-09-17T01:03:23.558+0000] {logging_mixin.py:150} INFO - [2026-09-17T01:03:23.558+0000] {dagbag.py:541} INFO - Filling up the DagBag from /home/vscode/.local/lib/python3.10/site-packages/airflow/example_dags/example_trigger_controller_dag.py
[2026-09-17T01:03:23.565+0000] {processor.py:836} INFO - DAG(s) dict_keys(['example_trigger_controller_dag']) retrieved from /home/vscode/.local/lib/python3.10/site-packages/airflow/example_dags/example_trigger_controller_dag.py
[2026-09-17T01:03:23.585+0000] {logging_mixin.py:150} INFO - [2026-09-17T01:03:23.585+0000] {dag.py:2742} INFO - Sync 1 DAGs
[2026-09-17T01:03:23.612+0000] {logging_mixin.py:150} INFO - [2026-09-17T01:03:23.611+0000] {dag.py:3504} INFO - Setting next_dagrun for example_trigger_controller_dag to 2021-01-01T00:00:00+00:00, run_after=2021-01-01T00:00:00+00:00
[2026-09-17T01:03:23.643+0000] {processor.py:179} INFO - Processing /home/vscode/.local/lib/python3.10/site-packages/airflow/example_dags/example_trigger_controller_dag.py took 0.090 seconds
[2026-09-17T01:03:52.135+0000] {processor.py:157} INFO - Started process (PID=26963) to work on /home/vscode/.local/lib/python3.10/site-packages/airflow/example_dags/example_trigger_controller_dag.py
[2026-09-17T01:03:52.138+0000] {processor.py:826} INFO - Processing file /home/vscode/.local/lib/python3.10/site-packages/airflow/example_dags/example_trigger_controller_dag.py for tasks to queue
[2026-09-17T01:03:52.138+0000] {logging_mixin.py:150} INFO - [2026-09-17T01:03:52.138+0000] {dagbag.py:541} INFO - Filling up the DagBag from /home/vscode/.local/lib/python3.10/site-packages/airflow/example_dags/example_trigger_controller_dag.py
[2026-09-17T01:03:52.144+0000] {processor.py:836} INFO - DAG(s) dict_keys(['example_trigger_controller_dag']) retrieved from /home/vscode/.local/lib/python3.10/site-packages/airflow/example_dags/example_trigger_controller_dag.py
[2026-09-17T01:03:52.158+0000] {logging_mixin.py:150} INFO - [2026-09-17T01:03:52.158+0000] {dag.py:2742} INFO - Sync 1 DAGs
[2026-09-17T01:03:52.177+0000] {logging_mixin.py:150} INFO - [2026-09-17T01:03:52.177+0000] {dag.py:3504} INFO - Setting next_dagrun for example_trigger_controller_dag to 2021-01-01T00:00:00+00:00, run_after=2021-01-01T00:00:00+00:00
[2026-09-17T01:03:52.197+0000] {processor.py:179} INFO - Processing /home/vscode/.local/lib/python3.10/site-packages/airflow/example_dags/example_trigger_controller_dag.py took 0.065 seconds
[2026-09-17T01:04:14.060+0000] {processor.py:157} INFO - Started process (PID=27148) to work on /home/vscode/.local/lib/python3.10/site-packages/airflow/example_dags/example_trigger_controller_dag.py
[2026-09-17T01:04:14.061+0000] {processor.py:826} INFO - Processing file /home/vscode/.local/lib/python3.10/site-packages/airflow/example_dags/example_trigger_controller_dag.py for tasks to queue
[2026-09-17T01:04:14.062+0000] {logging_mixin.py:150} INFO - [2026-09-17T01:04:14.061+0000] {dagbag.py:541} INFO - Filling up the DagBag from /home/vscode/.local/lib/python3.10/site-packages/airflow/example_dags/example_trigger_controller_dag.py
[2026-09-17T01:04:14.067+0000] {processor.py:836} INFO - DAG(s) dict_keys(['example_trigger_controller_dag']) retrieved from /home/vscode/.local/lib/python3.10/site-packages/airflow/example_dags/example_trigger_controller_dag.py
[2026-09-17T01:04:14.085+0000] {logging_mixin.py:150} INFO - [2026-09-17T01:04:14.085+0000] {dag.py:2742} INFO - Sync 1 DAGs
[2026-09-17T01:04:14.118+0000] {logging_mixin.py:150} INFO - [2026-09-17T01:04:14.118+0000] {dag.py:3504} INFO - Setting next_dagrun for example_trigger_controller_dag to 2021-01-01T00:00:00+00:00, run_after=2021-01-01T00:00:00+00:00
[2026-09-17T01:04:14.139+0000] {processor.py:179} INFO - Processing /home/vscode/.local/lib/python3.10/site-packages/airflow/example_dags/example_trigger_controller_dag.py took 0.082 seconds
[2026-09-17T01:04:42.253+0000] {processor.py:157} INFO - Started process (PID=27373) to work on /home/vscode/.local/lib/python3.10/site-packages/airflow/example_dags/example_trigger_controller_dag.py
[2026-09-17T01:04:42.254+0000] {processor.py:826} INFO - Processing file /home/vscode/.local/lib/python3.10/site-packages/airflow/example_dags/example_trigger_controller_dag.py for tasks to queue
[2026-09-17T01:04:42.255+0000] {logging_mixin.py:150} INFO - [2026-09-17T01:04:42.255+0000] {dagbag.py:541} INFO - Filling up the DagBag from /home/vscode/.local/lib/python3.10/site-packages/airflow/example_dags/example_trigger_controller_dag.py
[2026-09-17T01:04:42.258+0000] {processor.py:836} INFO - DAG(s) dict_keys(['example_trigger_controller_dag']) retrieved from /home/vscode/.local/lib/python3.10/site-packages/airflow/example_dags/example_trigger_controller_dag.py
[2026-09-17T01:04:42.274+0000] {logging_mixin.py:150} INFO - [2026-09-17T01:04:42.274+0000] {dag.py:2742} INFO - Sync 1 DAGs
[2026-09-17T01:04:42.301+0000] {logging_mixin.py:150} INFO - [2026-09-17T01:04:42.300+0000] {dag.py:3504} INFO - Setting next_dagrun for example_trigger_controller_dag to 2021-01-01T00:00:00+00:00, run_after=2021-01-01T00:00:00+00:00
[2026-09-17T01:04:42.328+0000] {processor.py:179} INFO - Processing /home/vscode/.local/lib/python3.10/site-packages/airflow/example_dags/example_trigger_controller_dag.py took 0.077 seconds
[2026-09-17T01:04:51.140+0000] {processor.py:157} INFO - Started process (PID=27450) to work on /home/vscode/.local/lib/python3.10/site-packages/airflow/example_dags/example_trigger_controller_dag.py
[2026-09-17T01:04:51.141+0000] {processor.py:826} INFO - Processing file /home/vscode/.local/lib/python3.10/site-packages/airflow/example_dags/example_trigger_controller_dag.py for tasks to queue
[2026-09-17T01:04:51.142+0000] {logging_mixin.py:150} INFO - [2026-09-17T01:04:51.141+0000] {dagbag.py:541} INFO - Filling up the DagBag from /home/vscode/.local/lib/python3.10/site-packages/airflow/example_dags/example_trigger_controller_dag.py
[2026-09-17T01:04:51.145+0000] {processor.py:836} INFO - DAG(s) dict_keys(['example_trigger_controller_dag']) retrieved from /home/vscode/.local/lib/python3.10/site-packages/airflow/example_dags/example_trigger_controller_dag.py
[2026-09-17T01:04:51.158+0000] {logging_mixin.py:150} INFO - [2026-09-17T01:04:51.158+0000] {dag.py:2742} INFO - Sync 1 DAGs
[2026-09-17T01:04:51.175+0000] {logging_mixin.py:150} INFO - [2026-09-17T01:04:51.175+0000] {dag.py:3504} INFO - Setting next_dagrun for example_trigger_controller_dag to 2021-01-01T00:00:00+00:00, run_after=2021-01-01T00:00:00+00:00
[2026-09-17T01:04:51.210+0000] {processor.py:179} INFO - Processing /home/vscode/.local/lib/python3.10/site-packages/airflow/example_dags/example_trigger_controller_dag.py took 0.073 seconds
[2026-09-17T01:05:30.941+0000] {processor.py:157} INFO - Started process (PID=27792) to work on /home/vscode/.local/lib/python3.10/site-packages/airflow/example_dags/example_trigger_controller_dag.py
[2026-09-17T01:05:30.942+0000] {processor.py:826} INFO - Processing file /home/vscode/.local/lib/python3.10/site-packages/airflow/example_dags/example_trigger_controller_dag.py for tasks to queue
[2026-09-17T01:05:30.943+0000] {logging_mixin.py:150} INFO - [2026-09-17T01:05:30.942+0000] {dagbag.py:541} INFO - Filling up the DagBag from /home/vscode/.local/lib/python3.10/site-packages/airflow/example_dags/example_trigger_controller_dag.py
[2026-09-17T01:05:30.946+0000] {processor.py:836} INFO - DAG(s) dict_keys(['example_trigger_controller_dag']) retrieved from /home/vscode/.local/lib/python3.10/site-packages/airflow/example_dags/example_trigger_controller_dag.py
[2026-09-17T01:05:30.959+0000] {logging_mixin.py:150} INFO - [2026-09-17T01:05:30.959+0000] {dag.py:2742} INFO - Sync 1 DAGs
[2026-09-17T01:05:30.979+0000] {logging_mixin.py:150} INFO - [2026-09-17T01:05:30.979+0000] {dag.py:3504} INFO - Setting next_dagrun for example_trigger_controller_dag to 2021-01-01T00:00:00+00:00, run_after=2021-01-01T00:00:00+00:00
[2026-09-17T01:05:30.999+0000] {processor.py:179} INFO - Processing /home/vscode/.local/lib/python3.10/site-packages/airflow/example_dags/example_trigger_controller_dag.py took 0.060 seconds
[2026-09-17T01:05:40.444+0000] {processor.py:157} INFO - Started process (PID=27868) to work on /home/vscode/.local/lib/python3.10/site-packages/airflow/example_dags/example_trigger_controller_dag.py
[2026-09-17T01:05:40.444+0000] {processor.py:826} INFO - Processing file /home/vscode/.local/lib/python3.10/site-packages/airflow/example_dags/example_trigger_controller_dag.py for tasks to queue
[2026-09-17T01:05:40.445+0000] {logging_mixin.py:150} INFO - [2026-09-17T01:05:40.445+0000] {dagbag.py:541} INFO - Filling up the DagBag from /home/vscode/.local/lib/python3.10/site-packages/airflow/example_dags/example_trigger_controller_dag.py
[2026-09-17T01:05:40.449+0000] {processor.py:836} INFO - DAG(s) dict_keys(['example_trigger_controller_dag']) retrieved from /home/vscode/.local/lib/python3.10/site-packages/airflow/example_dags/example_trigger_controller_dag.py
[2026-09-17T01:05:40.463+0000] {logging_mixin.py:150} INFO - [2026-09-17T01:05:40.463+0000] {dag.py:2742} INFO - Sync 1 DAGs
[2026-09-17T01:05:40.477+0000] {logging_mixin.py:150} INFO - [2026-09-17T01:05:40.477+0000] {dag.py:3504} INFO - Setting next_dagrun for example_trigger_controller_dag to 2021-01-01T00:00:00+00:00, run_after=2021-01-01T00:00:00+00:00
[2026-09-17T01:05:40.499+0000] {processor.py:179} INFO - Processing /home/vscode/.local/lib/python3.10/site-packages/airflow/example_dags/example_trigger_controller_dag.py took 0.057 seconds
[2026-09-17T01:06:18.398+0000] {processor.py:157} INFO - Started process (PID=28223) to work on /home/vscode/.local/lib/python3.10/site-packages/airflow/example_dags/example_trigger_controller_dag.py
[2026-09-17T01:06:18.399+0000] {processor.py:826} INFO - Processing file /home/vscode/.local/lib/python3.10/site-packages/airflow/example_dags/example_trigger_controller_dag.py for tasks to queue
[2026-09-17T01:06:18.400+0000] {logging_mixin.py:150} INFO - [2026-09-17T01:06:18.399+0000] {dagbag.py:541} INFO - Filling up the DagBag from /home/vscode/.local/lib/python3.10/site-packages/airflow/example_dags/example_trigger_controller_dag.py
[2026-09-17T01:06:18.404+0000] {processor.py:836} INFO - DAG(s) dict_keys(['example_trigger_controller_dag']) retrieved from /home/vscode/.local/lib/python3.10/site-packages/airflow/example_dags/example_trigger_controller_dag.py
[2026-09-17T01:06:18.417+0000] {logging_mixin.py:150} INFO - [2026-09-17T01:06:18.417+0000] {dag.py:2742} INFO - Sync 1 DAGs
[2026-09-17T01:06:18.432+0000] {logging_mixin.py:150} INFO - [2026-09-17T01:06:18.432+0000] {dag.py:3504} INFO - Setting next_dagrun for example_trigger_controller_dag to 2021-01-01T00:00:00+00:00, run_after=2021-01-01T00:00:00+00:00
[2026-09-17T01:06:18.447+0000] {processor.py:179} INFO - Processing /home/vscode/.local/lib/python3.10/site-packages/airflow/example_dags/example_trigger_controller_dag.py took 0.053 seconds
[2026-09-17T01:06:27.611+0000] {processor.py:157} INFO - Started process (PID=28309) to work on /home/vscode/.local/lib/python3.10/site-packages/airflow/example_dags/example_trigger_controller_dag.py
[2026-09-17T01:06:27.612+0000] {processor.py:826} INFO - Processing file /home/vscode/.local/lib/python3.10/site-packages/airflow/example_dags/example_trigger_controller_dag.py for tasks to queue
[2026-09-17T01:06:27.613+0000] {logging_mixin.py:150} INFO - [2026-09-17T01:06:27.612+0000] {dagbag.py:541} INFO - Filling up the DagBag from /home/vscode/.local/lib/python3.10/site-packages/airflow/example_dags/example_trigger_controller_dag.py
[2026-09-17T01:06:27.618+0000] {processor.py:836} INFO - DAG(s) dict_keys(['example_trigger_controller_dag']) retrieved from /home/vscode/.local/lib/python3.10/site-packages/airflow/example_dags/example_trigger_controller_dag.py
[2026-09-17T01:06:27.643+0000] {logging_mixin.py:150} INFO - [2026-09-17T01:06:27.643+0000] {dag.py:2742} INFO - Sync 1 DAGs
[2026-09-17T01:06:27.670+0000] {logging_mixin.py:150} INFO - [2026-09-17T01:06:27.670+0000] {dag.py:3504} INFO - Setting next_dagrun for example_trigger_controller_dag to 2021-01-01T00:00:00+00:00, run_after=2021-01-01T00:00:00+00:00
[2026-09-17T01:06:27.695+0000] {processor.py:179} INFO - Processing /home/vscode/.local/lib/python3.10/site-packages/airflow/example_dags/example_trigger_controller_dag.py took 0.087 seconds
[2026-09-17T01:06:55.314+0000] {processor.py:157} INFO - Started process (PID=28540) to work on /home/vscode/.local/lib/python3.10/site-packages/airflow/example_dags/example_trigger_controller_dag.py
[2026-09-17T01:06:55.315+0000] {processor.py:826} INFO - Processing file /home/vscode/.local/lib/python3.10/site-packages/airflow/example_dags/example_trigger_controller_dag.py for tasks to queue
[2026-09-17T01:06:55.315+0000] {logging_mixin.py:150} INFO - [2026-09-17T01:06:55.315+0000] {dagbag.py:541} INFO - Filling up the DagBag from /home/vscode/.local/lib/python3.10/site-packages/airflow/example_dags/example_trigger_controller_dag.py
[2026-09-17T01:06:55.319+0000] {processor.py:836} INFO - DAG(s) dict_keys(['example_trigger_controller_dag']) retrieved from /home/vscode/.local/lib/python3.10/site-packages/airflow/example_dags/example_trigger_controller_dag.py
[2026-09-17T01:06:55.332+0000] {logging_mixin.py:150} INFO - [2026-09-17T01:06:55.332+0000] {dag.py:2742} INFO - Sync 1 DAGs
[2026-09-17T01:06:55.346+0000] {logging_mixin.py:150} INFO - [2026-09-17T01:06:55.346+0000] {dag.py:3504} INFO - Setting next_dagrun for example_trigger_controller_dag to 2021-01-01T00:00:00+00:00, run_after=2021-01-01T00:00:00+00:00
[2026-09-17T01:06:55.361+0000] {processor.py:179} INFO - Processing /home/vscode/.local/lib/python3.10/site-packages/airflow/example_dags/example_trigger_controller_dag.py took 0.050 seconds
[2026-09-17T01:07:19.083+0000] {processor.py:157} INFO - Started process (PID=28742) to work on /home/vscode/.local/lib/python3.10/site-packages/airflow/example_dags/example_trigger_controller_dag.py
[2026-09-17T01:07:19.084+0000] {processor.py:826} INFO - Processing file /home/vscode/.local/lib/python3.10/site-packages/airflow/example_dags/example_trigger_controller_dag.py for tasks to queue
[2026-09-17T01:07:19.085+0000] {logging_mixin.py:150} INFO - [2026-09-17T01:07:19.085+0000] {dagbag.py:541} INFO - Filling up the DagBag from /home/vscode/.local/lib/python3.10/site-packages/airflow/example_dags/example_trigger_controller_dag.py
[2026-09-17T01:07:19.089+0000] {processor.py:836} INFO - DAG(s) dict_keys(['example_trigger_controller_dag']) retrieved from /home/vscode/.local/lib/python3.10/site-packages/airflow/example_dags/example_trigger_controller_dag.py
[2026-09-17T01:07:19.105+0000] {logging_mixin.py:150} INFO - [2026-09-17T01:07:19.105+0000] {dag.py:2742} INFO - Sync 1 DAGs
[2026-09-17T01:07:19.119+0000] {logging_mixin.py:150} INFO - [2026-09-17T01:07:19.119+0000] {dag.py:3504} INFO - Setting next_dagrun for example_trigger_controller_dag to 2021-01-01T00:00:00+00:00, run_after=2021-01-01T00:00:00+00:00
[2026-09-17T01:07:19.136+0000] {processor.py:179} INFO - Processing /home/vscode/.local/lib/python3.10/site-packages/airflow/example_dags/example_trigger_controller_dag.py took 0.056 seconds
[2026-09-17T01:07:40.591+0000] {processor.py:157} INFO - Started process (PID=28920) to work on /home/vscode/.local/lib/python3.10/site-packages/airflow/example_dags/example_trigger_controller_dag.py
[2026-09-17T01:07:40.593+0000] {processor.py:826} INFO - Processing file /home/vscode/.local/lib/python3.10/site-packages/airflow/example_dags/example_trigger_controller_dag.py for tasks to queue
[2026-09-17T01:07:40.593+0000] {logging_mixin.py:150} INFO - [2026-09-17T01:07:40.593+0000] {dagbag.py:541} INFO - Filling up the DagBag from /home/vscode/.local/lib/python3.10/site-packages/airflow/example_dags/example_trigger_controller_dag.py
[2026-09-17T01:07:40.598+0000] {processor.py:836} INFO - DAG(s) dict_keys(['example_trigger_controller_dag']) retrieved from /home/vscode/.local/lib/python3.10/site-packages/airflow/example_dags/example_trigger_controller_dag.py
[2026-09-17T01:07:40.612+0000] {logging_mixin.py:150} INFO - [2026-09-17T01:07:40.612+0000] {dag.py:2742} INFO - Sync 1 DAGs
[2026-09-17T01:07:40.632+0000] {logging_mixin.py:150} INFO - [2026-09-17T01:07:40.631+0000] {dag.py:3504} INFO - Setting next_dagrun for example_trigger_controller_dag to 2021-01-01T00:00:00+00:00, run_after=2021-01-01T00:00:00+00:00
[2026-09-17T01:07:40.649+0000] {processor.py:179} INFO - Processing /home/vscode/.local/lib/python3.10/site-packages/airflow/example_dags/example_trigger_controller_dag.py took 0.061 seconds
[2026-09-17T01:08:09.126+0000] {processor.py:157} INFO - Started process (PID=29162) to work on /home/vscode/.local/lib/python3.10/site-packages/airflow/example_dags/example_trigger_controller_dag.py
[2026-09-17T01:08:09.127+0000] {processor.py:826} INFO - Processing file /home/vscode/.local/lib/python3.10/site-packages/airflow/example_dags/example_trigger_controller_dag.py for tasks to queue
[2026-09-17T01:08:09.127+0000] {logging_mixin.py:150} INFO - [2026-09-17T01:08:09.127+0000] {dagbag.py:541} INFO - Filling up the DagBag from /home/vscode/.local/lib/python3.10/site-packages/airflow/example_dags/example_trigger_controller_dag.py
[2026-09-17T01:08:09.131+0000] {processor.py:836} INFO - DAG(s) dict_keys(['example_trigger_controller_dag']) retrieved from /home/vscode/.local/lib/python3.10/site-packages/airflow/example_dags/example_trigger_controller_dag.py
[2026-09-17T01:08:09.144+0000] {logging_mixin.py:150} INFO - [2026-09-17T01:08:09.144+0000] {dag.py:2742} INFO - Sync 1 DAGs
[2026-09-17T01:08:09.159+0000] {logging_mixin.py:150} INFO - [2026-09-17T01:08:09.159+0000] {dag.py:3504} INFO - Setting next_dagrun for example_trigger_controller_dag to 2021-01-01T00:00:00+00:00, run_after=2021-01-01T00:00:00+00:00
[2026-09-17T01:08:09.179+0000] {processor.py:179} INFO - Processing /home/vscode/.local/lib/python3.10/site-packages/airflow/example_dags/example_trigger_controller_dag.py took 0.056 seconds
[2026-09-17T01:08:15.587+0000] {processor.py:157} INFO - Started process (PID=29223) to work on /home/vscode/.local/lib/python3.10/site-packages/airflow/example_dags/example_trigger_controller_dag.py
[2026-09-17T01:08:15.588+0000] {processor.py:826} INFO - Processing file /home/vscode/.local/lib/python3.10/site-packages/airflow/example_dags/example_trigger_controller_dag.py for tasks to queue
[2026-09-17T01:08:15.588+0000] {logging_mixin.py:150} INFO - [2026-09-17T01:08:15.588+0000] {dagbag.py:541} INFO - Filling up the DagBag from /home/vscode/.local/lib/python3.10/site-packages/airflow/example_dags/example_trigger_controller_dag.py
[2026-09-17T01:08:15.592+0000] {processor.py:836} INFO - DAG(s) dict_keys(['example_trigger_controller_dag']) retrieved from /home/vscode/.local/lib/python3.10/site-packages/airflow/example_dags/example_trigger_controller_dag.py
[2026-09-17T01:08:15.605+0000] {logging_mixin.py:150} INFO - [2026-09-17T01:08:15.605+0000] {dag.py:2742} INFO - Sync 1 DAGs
[2026-09-17T01:08:15.620+0000] {logging_mixin.py:150} INFO - [2026-09-17T01:08:15.620+0000] {dag.py:3504} INFO - Setting next_dagrun for example_trigger_controller_dag to 2021-01-01T00:00:00+00:00, run_after=2021-01-01T00:00:00+00:00
[2026-09-17T01:08:15.638+0000] {processor.py:179} INFO - Processing /home/vscode/.local/lib/python3.10/site-packages/airflow/example_dags/example_trigger_controller_dag.py took 0.053 seconds
[2026-09-17T01:08:56.541+0000] {processor.py:157} INFO - Started process (PID=29575) to work on /home/vscode/.local/lib/python3.10/site-packages/airflow/example_dags/example_trigger_controller_dag.py
[2026-09-17T01:08:56.541+0000] {processor.py:826} INFO - Processing file /home/vscode/.local/lib/python3.10/site-packages/airflow/example_dags/example_trigger_controller_dag.py for tasks to queue
[2026-09-17T01:08:56.542+0000] {logging_mixin.py:150} INFO - [2026-09-17T01:08:56.542+0000] {dagbag.py:541} INFO - Filling up the DagBag from /home/vscode/.local/lib/python3.10/site-packages/airflow/example_dags/example_trigger_controller_dag.py
[2026-09-17T01:08:56.546+0000] {processor.py:836} INFO - DAG(s) dict_keys(['example_trigger_controller_dag']) retrieved from /home/vscode/.local/lib/python3.10/site-packages/airflow/example_dags/example_trigger_controller_dag.py
[2026-09-17T01:08:56.558+0000] {logging_mixin.py:150} INFO - [2026-09-17T01:08:56.558+0000] {dag.py:2742} INFO - Sync 1 DAGs
[2026-09-17T01:08:56.576+0000] {logging_mixin.py:150} INFO - [2026-09-17T01:08:56.576+0000] {dag.py:3504} INFO - Setting next_dagrun for example_trigger_controller_dag to 2021-01-01T00:00:00+00:00, run_after=2021-01-01T00:00:00+00:00
[2026-09-17T01:08:56.595+0000] {processor.py:179} INFO - Processing /home/vscode/.local/lib/python3.10/site-packages/airflow/example_dags/example_trigger_controller_dag.py took 0.057 seconds
[2026-09-17T01:09:03.937+0000] {processor.py:157} INFO - Started process (PID=29628) to work on /home/vscode/.local/lib/python3.10/site-packages/airflow/example_dags/example_trigger_controller_dag.py
[2026-09-17T01:09:03.938+0000] {processor.py:826} INFO - Processing file /home/vscode/.local/lib/python3.10/site-packages/airflow/example_dags/example_trigger_controller_dag.py for tasks to queue
[2026-09-17T01:09:03.939+0000] {logging_mixin.py:150} INFO - [2026-09-17T01:09:03.938+0000] {dagbag.py:541} INFO - Filling up the DagBag from /home/vscode/.local/lib/python3.10/site-packages/airflow/example_dags/example_trigger_controller_dag.py
[2026-09-17T01:09:03.942+0000] {processor.py:836} INFO - DAG(s) dict_keys(['example_trigger_controller_dag']) retrieved from /home/vscode/.local/lib/python3.10/site-packages/airflow/example_dags/example_trigger_controller_dag.py
[2026-09-17T01:09:03.955+0000] {logging_mixin.py:150} INFO - [2026-09-17T01:09:03.955+0000] {dag.py:2742} INFO - Sync 1 DAGs
[2026-09-17T01:09:03.969+0000] {logging_mixin.py:150} INFO - [2026-09-17T01:09:03.968+0000] {dag.py:3504} INFO - Setting next_dagrun for example_trigger_controller_dag to 2021-01-01T00:00:00+00:00, run_after=2021-01-01T00:00:00+00:00
[2026-09-17T01:09:03.986+0000] {processor.py:179} INFO - Processing /home/vscode/.local/lib/python3.10/site-packages/airflow/example_dags/example_trigger_controller_dag.py took 0.052 seconds
[2026-09-17T01:09:40.314+0000] {processor.py:157} INFO - Started process (PID=29944) to work on /home/vscode/.local/lib/python3.10/site-packages/airflow/example_dags/example_trigger_controller_dag.py
[2026-09-17T01:09:40.315+0000] {processor.py:826} INFO - Processing file /home/vscode/.local/lib/python3.10/site-packages/airflow/example_dags/example_trigger_controller_dag.py for tasks to queue
[2026-09-17T01:09:40.316+0000] {logging_mixin.py:150} INFO - [2026-09-17T01:09:40.315+0000] {dagbag.py:541} INFO - Filling up the DagBag from /home/vscode/.local/lib/python3.10/site-packages/airflow/example_dags/example_trigger_controller_dag.py
[2026-09-17T01:09:40.319+0000] {processor.py:836} INFO - DAG(s) dict_keys(['example_trigger_controller_dag']) retrieved from /home/vscode/.local/lib/python3.10/site-packages/airflow/example_dags/example_trigger_controller_dag.py
[2026-09-17T01:09:40.333+0000] {logging_mixin.py:150} INFO - [2026-09-17T01:09:40.333+0000] {dag.py:2742} INFO - Sync 1 DAGs
[2026-09-17T01:09:40.347+0000] {logging_mixin.py:150} INFO - [2026-09-17T01:09:40.347+0000] {dag.py:3504} INFO - Setting next_dagrun for example_trigger_controller_dag to 2021-01-01T00:00:00+00:00, run_after=2021-01-01T00:00:00+00:00
[2026-09-17T01:09:40.368+0000] {processor.py:179} INFO - Processing /home/vscode/.local/lib/python3.10/site-packages/airflow/example_dags/example_trigger_controller_dag.py took 0.056 seconds
[2026-09-17T01:09:45.566+0000] {processor.py:157} INFO - Started process (PID=29989) to work on /home/vscode/.local/lib/python3.10/site-packages/airflow/example_dags/example_trigger_controller_dag.py
[2026-09-17T01:09:45.566+0000] {processor.py:826} INFO - Processing file /home/vscode/.local/lib/python3.10/site-packages/airflow/example_dags/example_trigger_controller_dag.py for tasks to queue
[2026-09-17T01:09:45.567+0000] {logging_mixin.py:150} INFO - [2026-09-17T01:09:45.567+0000] {dagbag.py:541} INFO - Filling up the DagBag from /home/vscode/.local/lib/python3.10/site-packages/airflow/example_dags/example_trigger_controller_dag.py
[2026-09-17T01:09:45.571+0000] {processor.py:836} INFO - DAG(s) dict_keys(['example_trigger_controller_dag']) retrieved from /home/vscode/.local/lib/python3.10/site-packages/airflow/example_dags/example_trigger_controller_dag.py
[2026-09-17T01:09:45.585+0000] {logging_mixin.py:150} INFO - [2026-09-17T01:09:45.585+0000] {dag.py:2742} INFO - Sync 1 DAGs
[2026-09-17T01:09:45.602+0000] {logging_mixin.py:150} INFO - [2026-09-17T01:09:45.601+0000] {dag.py:3504} INFO - Setting next_dagrun for example_trigger_controller_dag to 2021-01-01T00:00:00+00:00, run_after=2021-01-01T00:00:00+00:00
[2026-09-17T01:09:45.622+0000] {processor.py:179} INFO - Processing /home/vscode/.local/lib/python3.10/site-packages/airflow/example_dags/example_trigger_controller_dag.py took 0.058 seconds
[2026-09-17T01:10:29.224+0000] {processor.py:157} INFO - Started process (PID=30364) to work on /home/vscode/.local/lib/python3.10/site-packages/airflow/example_dags/example_trigger_controller_dag.py
[2026-09-17T01:10:29.225+0000] {processor.py:826} INFO - Processing file /home/vscode/.local/lib/python3.10/site-packages/airflow/example_dags/example_trigger_controller_dag.py for tasks to queue
[2026-09-17T01:10:29.226+0000] {logging_mixin.py:150} INFO - [2026-09-17T01:10:29.225+0000] {dagbag.py:541} INFO - Filling up the DagBag from /home/vscode/.local/lib/python3.10/site-packages/airflow/example_dags/example_trigger_controller_dag.py
[2026-09-17T01:10:29.230+0000] {processor.py:836} INFO - DAG(s) dict_keys(['example_trigger_controller_dag']) retrieved from /home/vscode/.local/lib/python3.10/site-packages/airflow/example_dags/example_trigger_controller_dag.py
[2026-09-17T01:10:29.243+0000] {logging_mixin.py:150} INFO - [2026-09-17T01:10:29.242+0000] {dag.py:2742} INFO - Sync 1 DAGs
[2026-09-17T01:10:29.257+0000] {logging_mixin.py:150} INFO - [2026-09-17T01:10:29.257+0000] {dag.py:3504} INFO - Setting next_dagrun for example_trigger_controller_dag to 2021-01-01T00:00:00+00:00, run_after=2021-01-01T00:00:00+00:00
[2026-09-17T01:10:29.274+0000] {processor.py:179} INFO - Processing /home/vscode/.local/lib/python3.10/site-packages/airflow/example_dags/example_trigger_controller_dag.py took 0.053 seconds
[2026-09-17T01:10:31.723+0000] {processor.py:157} INFO - Started process (PID=30377) to work on /home/vscode/.local/lib/python3.10/site-packages/airflow/example_dags/example_trigger_controller_dag.py
[2026-09-17T01:10:31.724+0000] {processor.py:826} INFO - Processing file /home/vscode/.local/lib/python3.10/site-packages/airflow/example_dags/example_trigger_controller_dag.py for tasks to queue
[2026-09-17T01:10:31.725+0000] {logging_mixin.py:150} INFO - [2026-09-17T01:10:31.724+0000] {dagbag.py:541} INFO - Filling up the DagBag from /home/vscode/.local/lib/python3.10/site-packages/airflow/example_dags/example_trigger_controller_dag.py
[2026-09-17T01:10:31.729+0000] {processor.py:836} INFO - DAG(s) dict_keys(['example_trigger_controller_dag']) retrieved from /home/vscode/.local/lib/python3.10/site-packages/airflow/example_dags/example_trigger_controller_dag.py
[2026-09-17T01:10:31.744+0000] {logging_mixin.py:150} INFO - [2026-09-17T01:10:31.743+0000] {dag.py:2742} INFO - Sync 1 DAGs
[2026-09-17T01:10:31.770+0000] {logging_mixin.py:150} INFO - [2026-09-17T01:10:31.770+0000] {dag.py:3504} INFO - Setting next_dagrun for example_trigger_controller_dag to 2021-01-01T00:00:00+00:00, run_after=2021-01-01T00:00:00+00:00
[2026-09-17T01:10:31.809+0000] {processor.py:179} INFO - Processing /home/vscode/.local/lib/python3.10/site-packages/airflow/example_dags/example_trigger_controller_dag.py took 0.088 seconds
[2026-09-17T01:11:17.145+0000] {processor.py:157} INFO - Started process (PID=30812) to work on /home/vscode/.local/lib/python3.10/site-packages/airflow/example_dags/example_trigger_controller_dag.py
[2026-09-17T01:11:17.146+0000] {processor.py:826} INFO - Processing file /home/vscode/.local/lib/python3.10/site-packages/airflow/example_dags/example_trigger_controller_dag.py for tasks to queue
[2026-09-17T01:11:17.146+0000] {logging_mixin.py:150} INFO - [2026-09-17T01:11:17.146+0000] {dagbag.py:541} INFO - Filling up the DagBag from /home/vscode/.local/lib/python3.10/site-packages/airflow/example_dags/example_trigger_controller_dag.py
[2026-09-17T01:11:17.150+0000] {processor.py:836} INFO - DAG(s) dict_keys(['example_trigger_controller_dag']) retrieved from /home/vscode/.local/lib/python3.10/site-packages/airflow/example_dags/example_trigger_controller_dag.py
[2026-09-17T01:11:17.165+0000] {logging_mixin.py:150} INFO - [2026-09-17T01:11:17.165+0000] {dag.py:2742} INFO - Sync 1 DAGs
[2026-09-17T01:11:17.196+0000] {logging_mixin.py:150} INFO - [2026-09-17T01:11:17.196+0000] {dag.py:3504} INFO - Setting next_dagrun for example_trigger_controller_dag to 2021-01-01T00:00:00+00:00, run_after=2021-01-01T00:00:00+00:00
[2026-09-17T01:11:17.234+0000] {processor.py:179} INFO - Processing /home/vscode/.local/lib/python3.10/site-packages/airflow/example_dags/example_trigger_controller_dag.py took 0.092 seconds
[2026-09-17T01:11:23.593+0000] {processor.py:157} INFO - Started process (PID=30866) to work on /home/vscode/.local/lib/python3.10/site-packages/airflow/example_dags/example_trigger_controller_dag.py
[2026-09-17T01:11:23.596+0000] {processor.py:826} INFO - Processing file /home/vscode/.local/lib/python3.10/site-packages/airflow/example_dags/example_trigger_controller_dag.py for tasks to queue
[2026-09-17T01:11:23.597+0000] {logging_mixin.py:150} INFO - [2026-09-17T01:11:23.597+0000] {dagbag.py:541} INFO - Filling up the DagBag from /home/vscode/.local/lib/python3.10/site-packages/airflow/example_dags/example_trigger_controller_dag.py
[2026-09-17T01:11:23.613+0000] {processor.py:836} INFO - DAG(s) dict_keys(['example_trigger_controller_dag']) retrieved from /home/vscode/.local/lib/python3.10/site-packages/airflow/example_dags/example_trigger_controller_dag.py
[2026-09-17T01:11:23.635+0000] {logging_mixin.py:150} INFO - [2026-09-17T01:11:23.635+0000] {dag.py:2742} INFO - Sync 1 DAGs
[2026-09-17T01:11:23.656+0000] {logging_mixin.py:150} INFO - [2026-09-17T01:11:23.656+0000] {dag.py:3504} INFO - Setting next_dagrun for example_trigger_controller_dag to 2021-01-01T00:00:00+00:00, run_after=2021-01-01T00:00:00+00:00
[2026-09-17T01:11:23.677+0000] {processor.py:179} INFO - Processing /home/vscode/.local/lib/python3.10/site-packages/airflow/example_dags/example_trigger_controller_dag.py took 0.087 seconds
[2026-09-17T01:12:08.895+0000] {processor.py:157} INFO - Started process (PID=31253) to work on /home/vscode/.local/lib/python3.10/site-packages/airflow/example_dags/example_trigger_controller_dag.py
[2026-09-17T01:12:08.897+0000] {processor.py:826} INFO - Processing file /home/vscode/.local/lib/python3.10/site-packages/airflow/example_dags/example_trigger_controller_dag.py for tasks to queue
[2026-09-17T01:12:08.898+0000] {logging_mixin.py:150} INFO - [2026-09-17T01:12:08.897+0000] {dagbag.py:541} INFO - Filling up the DagBag from /home/vscode/.local/lib/python3.10/site-packages/airflow/example_dags/example_trigger_controller_dag.py
[2026-09-17T01:12:08.905+0000] {processor.py:836} INFO - DAG(s) dict_keys(['example_trigger_controller_dag']) retrieved from /home/vscode/.local/lib/python3.10/site-packages/airflow/example_dags/example_trigger_controller_dag.py
[2026-09-17T01:12:08.922+0000] {logging_mixin.py:150} INFO - [2026-09-17T01:12:08.922+0000] {dag.py:2742} INFO - Sync 1 DAGs
[2026-09-17T01:12:08.941+0000] {logging_mixin.py:150} INFO - [2026-09-17T01:12:08.941+0000] {dag.py:3504} INFO - Setting next_dagrun for example_trigger_controller_dag to 2021-01-01T00:00:00+00:00, run_after=2021-01-01T00:00:00+00:00
[2026-09-17T01:12:08.976+0000] {processor.py:179} INFO - Processing /home/vscode/.local/lib/python3.10/site-packages/airflow/example_dags/example_trigger_controller_dag.py took 0.084 seconds
[2026-09-17T01:12:11.613+0000] {processor.py:157} INFO - Started process (PID=31272) to work on /home/vscode/.local/lib/python3.10/site-packages/airflow/example_dags/example_trigger_controller_dag.py
[2026-09-17T01:12:11.614+0000] {processor.py:826} INFO - Processing file /home/vscode/.local/lib/python3.10/site-packages/airflow/example_dags/example_trigger_controller_dag.py for tasks to queue
[2026-09-17T01:12:11.614+0000] {logging_mixin.py:150} INFO - [2026-09-17T01:12:11.614+0000] {dagbag.py:541} INFO - Filling up the DagBag from /home/vscode/.local/lib/python3.10/site-packages/airflow/example_dags/example_trigger_controller_dag.py
[2026-09-17T01:12:11.618+0000] {processor.py:836} INFO - DAG(s) dict_keys(['example_trigger_controller_dag']) retrieved from /home/vscode/.local/lib/python3.10/site-packages/airflow/example_dags/example_trigger_controller_dag.py
[2026-09-17T01:12:11.632+0000] {logging_mixin.py:150} INFO - [2026-09-17T01:12:11.632+0000] {dag.py:2742} INFO - Sync 1 DAGs
[2026-09-17T01:12:11.652+0000] {logging_mixin.py:150} INFO - [2026-09-17T01:12:11.652+0000] {dag.py:3504} INFO - Setting next_dagrun for example_trigger_controller_dag to 2021-01-01T00:00:00+00:00, run_after=2021-01-01T00:00:00+00:00
[2026-09-17T01:12:11.680+0000] {processor.py:179} INFO - Processing /home/vscode/.local/lib/python3.10/site-packages/airflow/example_dags/example_trigger_controller_dag.py took 0.070 seconds
[2026-09-17T01:12:55.352+0000] {processor.py:157} INFO - Started process (PID=31648) to work on /home/vscode/.local/lib/python3.10/site-packages/airflow/example_dags/example_trigger_controller_dag.py
[2026-09-17T01:12:55.353+0000] {processor.py:826} INFO - Processing file /home/vscode/.local/lib/python3.10/site-packages/airflow/example_dags/example_trigger_controller_dag.py for tasks to queue
[2026-09-17T01:12:55.354+0000] {logging_mixin.py:150} INFO - [2026-09-17T01:12:55.353+0000] {dagbag.py:541} INFO - Filling up the DagBag from /home/vscode/.local/lib/python3.10/site-packages/airflow/example_dags/example_trigger_controller_dag.py
[2026-09-17T01:12:55.357+0000] {processor.py:836} INFO - DAG(s) dict_keys(['example_trigger_controller_dag']) retrieved from /home/vscode/.local/lib/python3.10/site-packages/airflow/example_dags/example_trigger_controller_dag.py
[2026-09-17T01:12:55.370+0000] {logging_mixin.py:150} INFO - [2026-09-17T01:12:55.370+0000] {dag.py:2742} INFO - Sync 1 DAGs
[2026-09-17T01:12:55.385+0000] {logging_mixin.py:150} INFO - [2026-09-17T01:12:55.385+0000] {dag.py:3504} INFO - Setting next_dagrun for example_trigger_controller_dag to 2021-01-01T00:00:00+00:00, run_after=2021-01-01T00:00:00+00:00
[2026-09-17T01:12:55.407+0000] {processor.py:179} INFO - Processing /home/vscode/.local/lib/python3.10/site-packages/airflow/example_dags/example_trigger_controller_dag.py took 0.058 seconds
[2026-09-17T01:12:59.413+0000] {processor.py:157} INFO - Started process (PID=31683) to work on /home/vscode/.local/lib/python3.10/site-packages/airflow/example_dags/example_trigger_controller_dag.py
[2026-09-17T01:12:59.414+0000] {processor.py:826} INFO - Processing file /home/vscode/.local/lib/python3.10/site-packages/airflow/example_dags/example_trigger_controller_dag.py for tasks to queue
[2026-09-17T01:12:59.414+0000] {logging_mixin.py:150} INFO - [2026-09-17T01:12:59.414+0000] {dagbag.py:541} INFO - Filling up the DagBag from /home/vscode/.local/lib/python3.10/site-packages/airflow/example_dags/example_trigger_controller_dag.py
[2026-09-17T01:12:59.418+0000] {processor.py:836} INFO - DAG(s) dict_keys(['example_trigger_controller_dag']) retrieved from /home/vscode/.local/lib/python3.10/site-packages/airflow/example_dags/example_trigger_controller_dag.py
[2026-09-17T01:12:59.432+0000] {logging_mixin.py:150} INFO - [2026-09-17T01:12:59.432+0000] {dag.py:2742} INFO - Sync 1 DAGs
[2026-09-17T01:12:59.446+0000] {logging_mixin.py:150} INFO - [2026-09-17T01:12:59.446+0000] {dag.py:3504} INFO - Setting next_dagrun for example_trigger_controller_dag to 2021-01-01T00:00:00+00:00, run_after=2021-01-01T00:00:00+00:00
[2026-09-17T01:12:59.467+0000] {processor.py:179} INFO - Processing /home/vscode/.local/lib/python3.10/site-packages/airflow/example_dags/example_trigger_controller_dag.py took 0.057 seconds
[2026-09-17T01:13:38.979+0000] {processor.py:157} INFO - Started process (PID=32015) to work on /home/vscode/.local/lib/python3.10/site-packages/airflow/example_dags/example_trigger_controller_dag.py
[2026-09-17T01:13:38.980+0000] {processor.py:826} INFO - Processing file /home/vscode/.local/lib/python3.10/site-packages/airflow/example_dags/example_trigger_controller_dag.py for tasks to queue
[2026-09-17T01:13:38.981+0000] {logging_mixin.py:150} INFO - [2026-09-17T01:13:38.980+0000] {dagbag.py:541} INFO - Filling up the DagBag from /home/vscode/.local/lib/python3.10/site-packages/airflow/example_dags/example_trigger_controller_dag.py
[2026-09-17T01:13:38.985+0000] {processor.py:836} INFO - DAG(s) dict_keys(['example_trigger_controller_dag']) retrieved from /home/vscode/.local/lib/python3.10/site-packages/airflow/example_dags/example_trigger_controller_dag.py
[2026-09-17T01:13:38.999+0000] {logging_mixin.py:150} INFO - [2026-09-17T01:13:38.999+0000] {dag.py:2742} INFO - Sync 1 DAGs
[2026-09-17T01:13:39.013+0000] {logging_mixin.py:150} INFO - [2026-09-17T01:13:39.013+0000] {dag.py:3504} INFO - Setting next_dagrun for example_trigger_controller_dag to 2021-01-01T00:00:00+00:00, run_after=2021-01-01T00:00:00+00:00
[2026-09-17T01:13:39.034+0000] {processor.py:179} INFO - Processing /home/vscode/.local/lib/python3.10/site-packages/airflow/example_dags/example_trigger_controller_dag.py took 0.057 seconds
[2026-09-17T01:13:49.471+0000] {processor.py:157} INFO - Started process (PID=32111) to work on /home/vscode/.local/lib/python3.10/site-packages/airflow/example_dags/example_trigger_controller_dag.py
[2026-09-17T01:13:49.472+0000] {processor.py:826} INFO - Processing file /home/vscode/.local/lib/python3.10/site-packages/airflow/example_dags/example_trigger_controller_dag.py for tasks to queue
[2026-09-17T01:13:49.473+0000] {logging_mixin.py:150} INFO - [2026-09-17T01:13:49.472+0000] {dagbag.py:541} INFO - Filling up the DagBag from /home/vscode/.local/lib/python3.10/site-packages/airflow/example_dags/example_trigger_controller_dag.py
[2026-09-17T01:13:49.476+0000] {processor.py:836} INFO - DAG(s) dict_keys(['example_trigger_controller_dag']) retrieved from /home/vscode/.local/lib/python3.10/site-packages/airflow/example_dags/example_trigger_controller_dag.py
[2026-09-17T01:13:49.490+0000] {logging_mixin.py:150} INFO - [2026-09-17T01:13:49.490+0000] {dag.py:2742} INFO - Sync 1 DAGs
[2026-09-17T01:13:49.506+0000] {logging_mixin.py:150} INFO - [2026-09-17T01:13:49.505+0000] {dag.py:3504} INFO - Setting next_dagrun for example_trigger_controller_dag to 2021-01-01T00:00:00+00:00, run_after=2021-01-01T00:00:00+00:00
[2026-09-17T01:13:49.528+0000] {processor.py:179} INFO - Processing /home/vscode/.local/lib/python3.10/site-packages/airflow/example_dags/example_trigger_controller_dag.py took 0.059 seconds
[2026-09-17T01:14:28.675+0000] {processor.py:157} INFO - Started process (PID=32442) to work on /home/vscode/.local/lib/python3.10/site-packages/airflow/example_dags/example_trigger_controller_dag.py
[2026-09-17T01:14:28.675+0000] {processor.py:826} INFO - Processing file /home/vscode/.local/lib/python3.10/site-packages/airflow/example_dags/example_trigger_controller_dag.py for tasks to queue
[2026-09-17T01:14:28.676+0000] {logging_mixin.py:150} INFO - [2026-09-17T01:14:28.676+0000] {dagbag.py:541} INFO - Filling up the DagBag from /home/vscode/.local/lib/python3.10/site-packages/airflow/example_dags/example_trigger_controller_dag.py
[2026-09-17T01:14:28.680+0000] {processor.py:836} INFO - DAG(s) dict_keys(['example_trigger_controller_dag']) retrieved from /home/vscode/.local/lib/python3.10/site-packages/airflow/example_dags/example_trigger_controller_dag.py
[2026-09-17T01:14:28.697+0000] {logging_mixin.py:150} INFO - [2026-09-17T01:14:28.696+0000] {dag.py:2742} INFO - Sync 1 DAGs
[2026-09-17T01:14:28.712+0000] {logging_mixin.py:150} INFO - [2026-09-17T01:14:28.712+0000] {dag.py:3504} INFO - Setting next_dagrun for example_trigger_controller_dag to 2021-01-01T00:00:00+00:00, run_after=2021-01-01T00:00:00+00:00
[2026-09-17T01:14:28.729+0000] {processor.py:179} INFO - Processing /home/vscode/.local/lib/python3.10/site-packages/airflow/example_dags/example_trigger_controller_dag.py took 0.057 seconds
[2026-09-17T01:14:40.151+0000] {processor.py:157} INFO - Started process (PID=32535) to work on /home/vscode/.local/lib/python3.10/site-packages/airflow/example_dags/example_trigger_controller_dag.py
[2026-09-17T01:14:40.151+0000] {processor.py:826} INFO - Processing file /home/vscode/.local/lib/python3.10/site-packages/airflow/example_dags/example_trigger_controller_dag.py for tasks to queue
[2026-09-17T01:14:40.152+0000] {logging_mixin.py:150} INFO - [2026-09-17T01:14:40.152+0000] {dagbag.py:541} INFO - Filling up the DagBag from /home/vscode/.local/lib/python3.10/site-packages/airflow/example_dags/example_trigger_controller_dag.py
[2026-09-17T01:14:40.156+0000] {processor.py:836} INFO - DAG(s) dict_keys(['example_trigger_controller_dag']) retrieved from /home/vscode/.local/lib/python3.10/site-packages/airflow/example_dags/example_trigger_controller_dag.py
[2026-09-17T01:14:40.168+0000] {logging_mixin.py:150} INFO - [2026-09-17T01:14:40.168+0000] {dag.py:2742} INFO - Sync 1 DAGs
[2026-09-17T01:14:40.183+0000] {logging_mixin.py:150} INFO - [2026-09-17T01:14:40.183+0000] {dag.py:3504} INFO - Setting next_dagrun for example_trigger_controller_dag to 2021-01-01T00:00:00+00:00, run_after=2021-01-01T00:00:00+00:00
[2026-09-17T01:14:40.203+0000] {processor.py:179} INFO - Processing /home/vscode/.local/lib/python3.10/site-packages/airflow/example_dags/example_trigger_controller_dag.py took 0.054 seconds
[2026-09-17T01:15:12.358+0000] {processor.py:157} INFO - Started process (PID=32814) to work on /home/vscode/.local/lib/python3.10/site-packages/airflow/example_dags/example_trigger_controller_dag.py
[2026-09-17T01:15:12.359+0000] {processor.py:826} INFO - Processing file /home/vscode/.local/lib/python3.10/site-packages/airflow/example_dags/example_trigger_controller_dag.py for tasks to queue
[2026-09-17T01:15:12.360+0000] {logging_mixin.py:150} INFO - [2026-09-17T01:15:12.360+0000] {dagbag.py:541} INFO - Filling up the DagBag from /home/vscode/.local/lib/python3.10/site-packages/airflow/example_dags/example_trigger_controller_dag.py
[2026-09-17T01:15:12.363+0000] {processor.py:836} INFO - DAG(s) dict_keys(['example_trigger_controller_dag']) retrieved from /home/vscode/.local/lib/python3.10/site-packages/airflow/example_dags/example_trigger_controller_dag.py
[2026-09-17T01:15:12.376+0000] {logging_mixin.py:150} INFO - [2026-09-17T01:15:12.376+0000] {dag.py:2742} INFO - Sync 1 DAGs
[2026-09-17T01:15:12.394+0000] {logging_mixin.py:150} INFO - [2026-09-17T01:15:12.394+0000] {dag.py:3504} INFO - Setting next_dagrun for example_trigger_controller_dag to 2021-01-01T00:00:00+00:00, run_after=2021-01-01T00:00:00+00:00
[2026-09-17T01:15:12.413+0000] {processor.py:179} INFO - Processing /home/vscode/.local/lib/python3.10/site-packages/airflow/example_dags/example_trigger_controller_dag.py took 0.057 seconds
[2026-09-17T01:15:16.920+0000] {processor.py:157} INFO - Started process (PID=32851) to work on /home/vscode/.local/lib/python3.10/site-packages/airflow/example_dags/example_trigger_controller_dag.py
[2026-09-17T01:15:16.921+0000] {processor.py:826} INFO - Processing file /home/vscode/.local/lib/python3.10/site-packages/airflow/example_dags/example_trigger_controller_dag.py for tasks to queue
[2026-09-17T01:15:16.921+0000] {logging_mixin.py:150} INFO - [2026-09-17T01:15:16.921+0000] {dagbag.py:541} INFO - Filling up the DagBag from /home/vscode/.local/lib/python3.10/site-packages/airflow/example_dags/example_trigger_controller_dag.py
[2026-09-17T01:15:16.926+0000] {processor.py:836} INFO - DAG(s) dict_keys(['example_trigger_controller_dag']) retrieved from /home/vscode/.local/lib/python3.10/site-packages/airflow/example_dags/example_trigger_controller_dag.py
[2026-09-17T01:15:16.945+0000] {logging_mixin.py:150} INFO - [2026-09-17T01:15:16.945+0000] {dag.py:2742} INFO - Sync 1 DAGs
[2026-09-17T01:15:16.967+0000] {logging_mixin.py:150} INFO - [2026-09-17T01:15:16.967+0000] {dag.py:3504} INFO - Setting next_dagrun for example_trigger_controller_dag to 2021-01-01T00:00:00+00:00, run_after=2021-01-01T00:00:00+00:00
[2026-09-17T01:15:16.991+0000] {processor.py:179} INFO - Processing /home/vscode/.local/lib/python3.10/site-packages/airflow/example_dags/example_trigger_controller_dag.py took 0.074 seconds
[2026-09-17T01:15:55.837+0000] {processor.py:157} INFO - Started process (PID=33208) to work on /home/vscode/.local/lib/python3.10/site-packages/airflow/example_dags/example_trigger_controller_dag.py
[2026-09-17T01:15:55.837+0000] {processor.py:826} INFO - Processing file /home/vscode/.local/lib/python3.10/site-packages/airflow/example_dags/example_trigger_controller_dag.py for tasks to queue
[2026-09-17T01:15:55.838+0000] {logging_mixin.py:150} INFO - [2026-09-17T01:15:55.838+0000] {dagbag.py:541} INFO - Filling up the DagBag from /home/vscode/.local/lib/python3.10/site-packages/airflow/example_dags/example_trigger_controller_dag.py
[2026-09-17T01:15:55.842+0000] {processor.py:836} INFO - DAG(s) dict_keys(['example_trigger_controller_dag']) retrieved from /home/vscode/.local/lib/python3.10/site-packages/airflow/example_dags/example_trigger_controller_dag.py
[2026-09-17T01:15:55.854+0000] {logging_mixin.py:150} INFO - [2026-09-17T01:15:55.854+0000] {dag.py:2742} INFO - Sync 1 DAGs
[2026-09-17T01:15:55.868+0000] {logging_mixin.py:150} INFO - [2026-09-17T01:15:55.868+0000] {dag.py:3504} INFO - Setting next_dagrun for example_trigger_controller_dag to 2021-01-01T00:00:00+00:00, run_after=2021-01-01T00:00:00+00:00
[2026-09-17T01:15:55.886+0000] {processor.py:179} INFO - Processing /home/vscode/.local/lib/python3.10/site-packages/airflow/example_dags/example_trigger_controller_dag.py took 0.052 seconds
[2026-09-17T01:16:07.986+0000] {processor.py:157} INFO - Started process (PID=33313) to work on /home/vscode/.local/lib/python3.10/site-packages/airflow/example_dags/example_trigger_controller_dag.py
[2026-09-17T01:16:07.987+0000] {processor.py:826} INFO - Processing file /home/vscode/.local/lib/python3.10/site-packages/airflow/example_dags/example_trigger_controller_dag.py for tasks to queue
[2026-09-17T01:16:07.988+0000] {logging_mixin.py:150} INFO - [2026-09-17T01:16:07.987+0000] {dagbag.py:541} INFO - Filling up the DagBag from /home/vscode/.local/lib/python3.10/site-packages/airflow/example_dags/example_trigger_controller_dag.py
[2026-09-17T01:16:07.993+0000] {processor.py:836} INFO - DAG(s) dict_keys(['example_trigger_controller_dag']) retrieved from /home/vscode/.local/lib/python3.10/site-packages/airflow/example_dags/example_trigger_controller_dag.py
[2026-09-17T01:16:08.008+0000] {logging_mixin.py:150} INFO - [2026-09-17T01:16:08.008+0000] {dag.py:2742} INFO - Sync 1 DAGs
[2026-09-17T01:16:08.022+0000] {logging_mixin.py:150} INFO - [2026-09-17T01:16:08.022+0000] {dag.py:3504} INFO - Setting next_dagrun for example_trigger_controller_dag to 2021-01-01T00:00:00+00:00, run_after=2021-01-01T00:00:00+00:00
[2026-09-17T01:16:08.039+0000] {processor.py:179} INFO - Processing /home/vscode/.local/lib/python3.10/site-packages/airflow/example_dags/example_trigger_controller_dag.py took 0.056 seconds
[2026-09-17T01:16:29.418+0000] {processor.py:157} INFO - Started process (PID=33501) to work on /home/vscode/.local/lib/python3.10/site-packages/airflow/example_dags/example_trigger_controller_dag.py
[2026-09-17T01:16:29.419+0000] {processor.py:826} INFO - Processing file /home/vscode/.local/lib/python3.10/site-packages/airflow/example_dags/example_trigger_controller_dag.py for tasks to queue
[2026-09-17T01:16:29.420+0000] {logging_mixin.py:150} INFO - [2026-09-17T01:16:29.420+0000] {dagbag.py:541} INFO - Filling up the DagBag from /home/vscode/.local/lib/python3.10/site-packages/airflow/example_dags/example_trigger_controller_dag.py
[2026-09-17T01:16:29.430+0000] {processor.py:836} INFO - DAG(s) dict_keys(['example_trigger_controller_dag']) retrieved from /home/vscode/.local/lib/python3.10/site-packages/airflow/example_dags/example_trigger_controller_dag.py
[2026-09-17T01:16:29.449+0000] {logging_mixin.py:150} INFO - [2026-09-17T01:16:29.449+0000] {dag.py:2742} INFO - Sync 1 DAGs
[2026-09-17T01:16:29.472+0000] {logging_mixin.py:150} INFO - [2026-09-17T01:16:29.471+0000] {dag.py:3504} INFO - Setting next_dagrun for example_trigger_controller_dag to 2021-01-01T00:00:00+00:00, run_after=2021-01-01T00:00:00+00:00
[2026-09-17T01:16:29.502+0000] {processor.py:179} INFO - Processing /home/vscode/.local/lib/python3.10/site-packages/airflow/example_dags/example_trigger_controller_dag.py took 0.087 seconds
[2026-09-17T01:16:57.105+0000] {processor.py:157} INFO - Started process (PID=33737) to work on /home/vscode/.local/lib/python3.10/site-packages/airflow/example_dags/example_trigger_controller_dag.py
[2026-09-17T01:16:57.105+0000] {processor.py:826} INFO - Processing file /home/vscode/.local/lib/python3.10/site-packages/airflow/example_dags/example_trigger_controller_dag.py for tasks to queue
[2026-09-17T01:16:57.106+0000] {logging_mixin.py:150} INFO - [2026-09-17T01:16:57.106+0000] {dagbag.py:541} INFO - Filling up the DagBag from /home/vscode/.local/lib/python3.10/site-packages/airflow/example_dags/example_trigger_controller_dag.py
[2026-09-17T01:16:57.110+0000] {processor.py:836} INFO - DAG(s) dict_keys(['example_trigger_controller_dag']) retrieved from /home/vscode/.local/lib/python3.10/site-packages/airflow/example_dags/example_trigger_controller_dag.py
[2026-09-17T01:16:57.122+0000] {logging_mixin.py:150} INFO - [2026-09-17T01:16:57.122+0000] {dag.py:2742} INFO - Sync 1 DAGs
[2026-09-17T01:16:57.137+0000] {logging_mixin.py:150} INFO - [2026-09-17T01:16:57.137+0000] {dag.py:3504} INFO - Setting next_dagrun for example_trigger_controller_dag to 2021-01-01T00:00:00+00:00, run_after=2021-01-01T00:00:00+00:00
[2026-09-17T01:16:57.154+0000] {processor.py:179} INFO - Processing /home/vscode/.local/lib/python3.10/site-packages/airflow/example_dags/example_trigger_controller_dag.py took 0.052 seconds
[2026-09-17T01:17:08.044+0000] {processor.py:157} INFO - Started process (PID=33833) to work on /home/vscode/.local/lib/python3.10/site-packages/airflow/example_dags/example_trigger_controller_dag.py
[2026-09-17T01:17:08.045+0000] {processor.py:826} INFO - Processing file /home/vscode/.local/lib/python3.10/site-packages/airflow/example_dags/example_trigger_controller_dag.py for tasks to queue
[2026-09-17T01:17:08.045+0000] {logging_mixin.py:150} INFO - [2026-09-17T01:17:08.045+0000] {dagbag.py:541} INFO - Filling up the DagBag from /home/vscode/.local/lib/python3.10/site-packages/airflow/example_dags/example_trigger_controller_dag.py
[2026-09-17T01:17:08.049+0000] {processor.py:836} INFO - DAG(s) dict_keys(['example_trigger_controller_dag']) retrieved from /home/vscode/.local/lib/python3.10/site-packages/airflow/example_dags/example_trigger_controller_dag.py
[2026-09-17T01:17:08.062+0000] {logging_mixin.py:150} INFO - [2026-09-17T01:17:08.062+0000] {dag.py:2742} INFO - Sync 1 DAGs
[2026-09-17T01:17:08.076+0000] {logging_mixin.py:150} INFO - [2026-09-17T01:17:08.076+0000] {dag.py:3504} INFO - Setting next_dagrun for example_trigger_controller_dag to 2021-01-01T00:00:00+00:00, run_after=2021-01-01T00:00:00+00:00
[2026-09-17T01:17:08.094+0000] {processor.py:179} INFO - Processing /home/vscode/.local/lib/python3.10/site-packages/airflow/example_dags/example_trigger_controller_dag.py took 0.052 seconds
[2026-09-17T01:17:46.565+0000] {processor.py:157} INFO - Started process (PID=34159) to work on /home/vscode/.local/lib/python3.10/site-packages/airflow/example_dags/example_trigger_controller_dag.py
[2026-09-17T01:17:46.566+0000] {processor.py:826} INFO - Processing file /home/vscode/.local/lib/python3.10/site-packages/airflow/example_dags/example_trigger_controller_dag.py for tasks to queue
[2026-09-17T01:17:46.567+0000] {logging_mixin.py:150} INFO - [2026-09-17T01:17:46.566+0000] {dagbag.py:541} INFO - Filling up the DagBag from /home/vscode/.local/lib/python3.10/site-packages/airflow/example_dags/example_trigger_controller_dag.py
[2026-09-17T01:17:46.570+0000] {processor.py:836} INFO - DAG(s) dict_keys(['example_trigger_controller_dag']) retrieved from /home/vscode/.local/lib/python3.10/site-packages/airflow/example_dags/example_trigger_controller_dag.py
[2026-09-17T01:17:46.584+0000] {logging_mixin.py:150} INFO - [2026-09-17T01:17:46.583+0000] {dag.py:2742} INFO - Sync 1 DAGs
[2026-09-17T01:17:46.603+0000] {logging_mixin.py:150} INFO - [2026-09-17T01:17:46.603+0000] {dag.py:3504} INFO - Setting next_dagrun for example_trigger_controller_dag to 2021-01-01T00:00:00+00:00, run_after=2021-01-01T00:00:00+00:00
[2026-09-17T01:17:46.620+0000] {processor.py:179} INFO - Processing /home/vscode/.local/lib/python3.10/site-packages/airflow/example_dags/example_trigger_controller_dag.py took 0.058 seconds
[2026-09-17T01:17:51.557+0000] {processor.py:157} INFO - Started process (PID=34203) to work on /home/vscode/.local/lib/python3.10/site-packages/airflow/example_dags/example_trigger_controller_dag.py
[2026-09-17T01:17:51.558+0000] {processor.py:826} INFO - Processing file /home/vscode/.local/lib/python3.10/site-packages/airflow/example_dags/example_trigger_controller_dag.py for tasks to queue
[2026-09-17T01:17:51.559+0000] {logging_mixin.py:150} INFO - [2026-09-17T01:17:51.558+0000] {dagbag.py:541} INFO - Filling up the DagBag from /home/vscode/.local/lib/python3.10/site-packages/airflow/example_dags/example_trigger_controller_dag.py
[2026-09-17T01:17:51.562+0000] {processor.py:836} INFO - DAG(s) dict_keys(['example_trigger_controller_dag']) retrieved from /home/vscode/.local/lib/python3.10/site-packages/airflow/example_dags/example_trigger_controller_dag.py
[2026-09-17T01:17:51.575+0000] {logging_mixin.py:150} INFO - [2026-09-17T01:17:51.575+0000] {dag.py:2742} INFO - Sync 1 DAGs
[2026-09-17T01:17:51.591+0000] {logging_mixin.py:150} INFO - [2026-09-17T01:17:51.591+0000] {dag.py:3504} INFO - Setting next_dagrun for example_trigger_controller_dag to 2021-01-01T00:00:00+00:00, run_after=2021-01-01T00:00:00+00:00
[2026-09-17T01:17:51.607+0000] {processor.py:179} INFO - Processing /home/vscode/.local/lib/python3.10/site-packages/airflow/example_dags/example_trigger_controller_dag.py took 0.052 seconds
[2026-09-17T01:18:32.389+0000] {processor.py:157} INFO - Started process (PID=34548) to work on /home/vscode/.local/lib/python3.10/site-packages/airflow/example_dags/example_trigger_controller_dag.py
[2026-09-17T01:18:32.390+0000] {processor.py:826} INFO - Processing file /home/vscode/.local/lib/python3.10/site-packages/airflow/example_dags/example_trigger_controller_dag.py for tasks to queue
[2026-09-17T01:18:32.390+0000] {logging_mixin.py:150} INFO - [2026-09-17T01:18:32.390+0000] {dagbag.py:541} INFO - Filling up the DagBag from /home/vscode/.local/lib/python3.10/site-packages/airflow/example_dags/example_trigger_controller_dag.py
[2026-09-17T01:18:32.394+0000] {processor.py:836} INFO - DAG(s) dict_keys(['example_trigger_controller_dag']) retrieved from /home/vscode/.local/lib/python3.10/site-packages/airflow/example_dags/example_trigger_controller_dag.py
[2026-09-17T01:18:32.411+0000] {logging_mixin.py:150} INFO - [2026-09-17T01:18:32.411+0000] {dag.py:2742} INFO - Sync 1 DAGs
[2026-09-17T01:18:32.432+0000] {logging_mixin.py:150} INFO - [2026-09-17T01:18:32.432+0000] {dag.py:3504} INFO - Setting next_dagrun for example_trigger_controller_dag to 2021-01-01T00:00:00+00:00, run_after=2021-01-01T00:00:00+00:00
[2026-09-17T01:18:32.460+0000] {processor.py:179} INFO - Processing /home/vscode/.local/lib/python3.10/site-packages/airflow/example_dags/example_trigger_controller_dag.py took 0.074 seconds
[2026-09-17T01:18:40.199+0000] {processor.py:157} INFO - Started process (PID=34615) to work on /home/vscode/.local/lib/python3.10/site-packages/airflow/example_dags/example_trigger_controller_dag.py
[2026-09-17T01:18:40.200+0000] {processor.py:826} INFO - Processing file /home/vscode/.local/lib/python3.10/site-packages/airflow/example_dags/example_trigger_controller_dag.py for tasks to queue
[2026-09-17T01:18:40.200+0000] {logging_mixin.py:150} INFO - [2026-09-17T01:18:40.200+0000] {dagbag.py:541} INFO - Filling up the DagBag from /home/vscode/.local/lib/python3.10/site-packages/airflow/example_dags/example_trigger_controller_dag.py
[2026-09-17T01:18:40.204+0000] {processor.py:836} INFO - DAG(s) dict_keys(['example_trigger_controller_dag']) retrieved from /home/vscode/.local/lib/python3.10/site-packages/airflow/example_dags/example_trigger_controller_dag.py
[2026-09-17T01:18:40.217+0000] {logging_mixin.py:150} INFO - [2026-09-17T01:18:40.217+0000] {dag.py:2742} INFO - Sync 1 DAGs
[2026-09-17T01:18:40.234+0000] {logging_mixin.py:150} INFO - [2026-09-17T01:18:40.234+0000] {dag.py:3504} INFO - Setting next_dagrun for example_trigger_controller_dag to 2021-01-01T00:00:00+00:00, run_after=2021-01-01T00:00:00+00:00
[2026-09-17T01:18:40.250+0000] {processor.py:179} INFO - Processing /home/vscode/.local/lib/python3.10/site-packages/airflow/example_dags/example_trigger_controller_dag.py took 0.054 seconds
[2026-09-17T01:19:21.773+0000] {processor.py:157} INFO - Started process (PID=34957) to work on /home/vscode/.local/lib/python3.10/site-packages/airflow/example_dags/example_trigger_controller_dag.py
[2026-09-17T01:19:21.774+0000] {processor.py:826} INFO - Processing file /home/vscode/.local/lib/python3.10/site-packages/airflow/example_dags/example_trigger_controller_dag.py for tasks to queue
[2026-09-17T01:19:21.775+0000] {logging_mixin.py:150} INFO - [2026-09-17T01:19:21.774+0000] {dagbag.py:541} INFO - Filling up the DagBag from /home/vscode/.local/lib/python3.10/site-packages/airflow/example_dags/example_trigger_controller_dag.py
[2026-09-17T01:19:21.778+0000] {processor.py:836} INFO - DAG(s) dict_keys(['example_trigger_controller_dag']) retrieved from /home/vscode/.local/lib/python3.10/site-packages/airflow/example_dags/example_trigger_controller_dag.py
[2026-09-17T01:19:21.791+0000] {logging_mixin.py:150} INFO - [2026-09-17T01:19:21.791+0000] {dag.py:2742} INFO - Sync 1 DAGs
[2026-09-17T01:19:21.810+0000] {logging_mixin.py:150} INFO - [2026-09-17T01:19:21.810+0000] {dag.py:3504} INFO - Setting next_dagrun for example_trigger_controller_dag to 2021-01-01T00:00:00+00:00, run_after=2021-01-01T00:00:00+00:00
[2026-09-17T01:19:21.831+0000] {processor.py:179} INFO - Processing /home/vscode/.local/lib/python3.10/site-packages/airflow/example_dags/example_trigger_controller_dag.py took 0.060 seconds
[2026-09-17T01:19:28.902+0000] {processor.py:157} INFO - Started process (PID=35003) to work on /home/vscode/.local/lib/python3.10/site-packages/airflow/example_dags/example_trigger_controller_dag.py
[2026-09-17T01:19:28.903+0000] {processor.py:826} INFO - Processing file /home/vscode/.local/lib/python3.10/site-packages/airflow/example_dags/example_trigger_controller_dag.py for tasks to queue
[2026-09-17T01:19:28.904+0000] {logging_mixin.py:150} INFO - [2026-09-17T01:19:28.903+0000] {dagbag.py:541} INFO - Filling up the DagBag from /home/vscode/.local/lib/python3.10/site-packages/airflow/example_dags/example_trigger_controller_dag.py
[2026-09-17T01:19:28.908+0000] {processor.py:836} INFO - DAG(s) dict_keys(['example_trigger_controller_dag']) retrieved from /home/vscode/.local/lib/python3.10/site-packages/airflow/example_dags/example_trigger_controller_dag.py
[2026-09-17T01:19:28.922+0000] {logging_mixin.py:150} INFO - [2026-09-17T01:19:28.922+0000] {dag.py:2742} INFO - Sync 1 DAGs
[2026-09-17T01:19:28.937+0000] {logging_mixin.py:150} INFO - [2026-09-17T01:19:28.937+0000] {dag.py:3504} INFO - Setting next_dagrun for example_trigger_controller_dag to 2021-01-01T00:00:00+00:00, run_after=2021-01-01T00:00:00+00:00
[2026-09-17T01:19:28.956+0000] {processor.py:179} INFO - Processing /home/vscode/.local/lib/python3.10/site-packages/airflow/example_dags/example_trigger_controller_dag.py took 0.057 seconds
[2026-09-17T01:20:10.191+0000] {processor.py:157} INFO - Started process (PID=35400) to work on /home/vscode/.local/lib/python3.10/site-packages/airflow/example_dags/example_trigger_controller_dag.py
[2026-09-17T01:20:10.192+0000] {processor.py:826} INFO - Processing file /home/vscode/.local/lib/python3.10/site-packages/airflow/example_dags/example_trigger_controller_dag.py for tasks to queue
[2026-09-17T01:20:10.193+0000] {logging_mixin.py:150} INFO - [2026-09-17T01:20:10.192+0000] {dagbag.py:541} INFO - Filling up the DagBag from /home/vscode/.local/lib/python3.10/site-packages/airflow/example_dags/example_trigger_controller_dag.py
[2026-09-17T01:20:10.197+0000] {processor.py:836} INFO - DAG(s) dict_keys(['example_trigger_controller_dag']) retrieved from /home/vscode/.local/lib/python3.10/site-packages/airflow/example_dags/example_trigger_controller_dag.py
[2026-09-17T01:20:10.211+0000] {logging_mixin.py:150} INFO - [2026-09-17T01:20:10.211+0000] {dag.py:2742} INFO - Sync 1 DAGs
[2026-09-17T01:20:10.226+0000] {logging_mixin.py:150} INFO - [2026-09-17T01:20:10.226+0000] {dag.py:3504} INFO - Setting next_dagrun for example_trigger_controller_dag to 2021-01-01T00:00:00+00:00, run_after=2021-01-01T00:00:00+00:00
[2026-09-17T01:20:10.243+0000] {processor.py:179} INFO - Processing /home/vscode/.local/lib/python3.10/site-packages/airflow/example_dags/example_trigger_controller_dag.py took 0.055 seconds
[2026-09-17T01:20:18.145+0000] {processor.py:157} INFO - Started process (PID=35471) to work on /home/vscode/.local/lib/python3.10/site-packages/airflow/example_dags/example_trigger_controller_dag.py
[2026-09-17T01:20:18.145+0000] {processor.py:826} INFO - Processing file /home/vscode/.local/lib/python3.10/site-packages/airflow/example_dags/example_trigger_controller_dag.py for tasks to queue
[2026-09-17T01:20:18.146+0000] {logging_mixin.py:150} INFO - [2026-09-17T01:20:18.146+0000] {dagbag.py:541} INFO - Filling up the DagBag from /home/vscode/.local/lib/python3.10/site-packages/airflow/example_dags/example_trigger_controller_dag.py
[2026-09-17T01:20:18.149+0000] {processor.py:836} INFO - DAG(s) dict_keys(['example_trigger_controller_dag']) retrieved from /home/vscode/.local/lib/python3.10/site-packages/airflow/example_dags/example_trigger_controller_dag.py
[2026-09-17T01:20:18.162+0000] {logging_mixin.py:150} INFO - [2026-09-17T01:20:18.162+0000] {dag.py:2742} INFO - Sync 1 DAGs
[2026-09-17T01:20:18.180+0000] {logging_mixin.py:150} INFO - [2026-09-17T01:20:18.180+0000] {dag.py:3504} INFO - Setting next_dagrun for example_trigger_controller_dag to 2021-01-01T00:00:00+00:00, run_after=2021-01-01T00:00:00+00:00
[2026-09-17T01:20:18.200+0000] {processor.py:179} INFO - Processing /home/vscode/.local/lib/python3.10/site-packages/airflow/example_dags/example_trigger_controller_dag.py took 0.058 seconds
[2026-09-17T01:20:57.541+0000] {processor.py:157} INFO - Started process (PID=35859) to work on /home/vscode/.local/lib/python3.10/site-packages/airflow/example_dags/example_trigger_controller_dag.py
[2026-09-17T01:20:57.542+0000] {processor.py:826} INFO - Processing file /home/vscode/.local/lib/python3.10/site-packages/airflow/example_dags/example_trigger_controller_dag.py for tasks to queue
[2026-09-17T01:20:57.543+0000] {logging_mixin.py:150} INFO - [2026-09-17T01:20:57.543+0000] {dagbag.py:541} INFO - Filling up the DagBag from /home/vscode/.local/lib/python3.10/site-packages/airflow/example_dags/example_trigger_controller_dag.py
[2026-09-17T01:20:57.547+0000] {processor.py:836} INFO - DAG(s) dict_keys(['example_trigger_controller_dag']) retrieved from /home/vscode/.local/lib/python3.10/site-packages/airflow/example_dags/example_trigger_controller_dag.py
[2026-09-17T01:20:57.563+0000] {logging_mixin.py:150} INFO - [2026-09-17T01:20:57.562+0000] {dag.py:2742} INFO - Sync 1 DAGs
[2026-09-17T01:20:57.580+0000] {logging_mixin.py:150} INFO - [2026-09-17T01:20:57.580+0000] {dag.py:3504} INFO - Setting next_dagrun for example_trigger_controller_dag to 2021-01-01T00:00:00+00:00, run_after=2021-01-01T00:00:00+00:00
[2026-09-17T01:20:57.605+0000] {processor.py:179} INFO - Processing /home/vscode/.local/lib/python3.10/site-packages/airflow/example_dags/example_trigger_controller_dag.py took 0.068 seconds
[2026-09-17T01:21:07.323+0000] {processor.py:157} INFO - Started process (PID=36099) to work on /home/vscode/.local/lib/python3.10/site-packages/airflow/example_dags/example_trigger_controller_dag.py
[2026-09-17T01:21:07.325+0000] {processor.py:826} INFO - Processing file /home/vscode/.local/lib/python3.10/site-packages/airflow/example_dags/example_trigger_controller_dag.py for tasks to queue
[2026-09-17T01:21:07.326+0000] {logging_mixin.py:150} INFO - [2026-09-17T01:21:07.326+0000] {dagbag.py:541} INFO - Filling up the DagBag from /home/vscode/.local/lib/python3.10/site-packages/airflow/example_dags/example_trigger_controller_dag.py
[2026-09-17T01:21:07.335+0000] {processor.py:836} INFO - DAG(s) dict_keys(['example_trigger_controller_dag']) retrieved from /home/vscode/.local/lib/python3.10/site-packages/airflow/example_dags/example_trigger_controller_dag.py
[2026-09-17T01:21:07.355+0000] {logging_mixin.py:150} INFO - [2026-09-17T01:21:07.355+0000] {dag.py:2742} INFO - Sync 1 DAGs
[2026-09-17T01:21:07.377+0000] {logging_mixin.py:150} INFO - [2026-09-17T01:21:07.377+0000] {dag.py:3504} INFO - Setting next_dagrun for example_trigger_controller_dag to 2021-01-01T00:00:00+00:00, run_after=2021-01-01T00:00:00+00:00
[2026-09-17T01:21:07.401+0000] {processor.py:179} INFO - Processing /home/vscode/.local/lib/python3.10/site-packages/airflow/example_dags/example_trigger_controller_dag.py took 0.084 seconds
[2026-09-17T01:21:33.201+0000] {processor.py:157} INFO - Started process (PID=36328) to work on /home/vscode/.local/lib/python3.10/site-packages/airflow/example_dags/example_trigger_controller_dag.py
[2026-09-17T01:21:33.201+0000] {processor.py:826} INFO - Processing file /home/vscode/.local/lib/python3.10/site-packages/airflow/example_dags/example_trigger_controller_dag.py for tasks to queue
[2026-09-17T01:21:33.202+0000] {logging_mixin.py:150} INFO - [2026-09-17T01:21:33.202+0000] {dagbag.py:541} INFO - Filling up the DagBag from /home/vscode/.local/lib/python3.10/site-packages/airflow/example_dags/example_trigger_controller_dag.py
[2026-09-17T01:21:33.206+0000] {processor.py:836} INFO - DAG(s) dict_keys(['example_trigger_controller_dag']) retrieved from /home/vscode/.local/lib/python3.10/site-packages/airflow/example_dags/example_trigger_controller_dag.py
[2026-09-17T01:21:33.219+0000] {logging_mixin.py:150} INFO - [2026-09-17T01:21:33.219+0000] {dag.py:2742} INFO - Sync 1 DAGs
[2026-09-17T01:21:33.234+0000] {logging_mixin.py:150} INFO - [2026-09-17T01:21:33.234+0000] {dag.py:3504} INFO - Setting next_dagrun for example_trigger_controller_dag to 2021-01-01T00:00:00+00:00, run_after=2021-01-01T00:00:00+00:00
[2026-09-17T01:21:33.251+0000] {processor.py:179} INFO - Processing /home/vscode/.local/lib/python3.10/site-packages/airflow/example_dags/example_trigger_controller_dag.py took 0.053 seconds
[2026-09-17T01:21:55.603+0000] {processor.py:157} INFO - Started process (PID=36654) to work on /home/vscode/.local/lib/python3.10/site-packages/airflow/example_dags/example_trigger_controller_dag.py
[2026-09-17T01:21:55.604+0000] {processor.py:826} INFO - Processing file /home/vscode/.local/lib/python3.10/site-packages/airflow/example_dags/example_trigger_controller_dag.py for tasks to queue
[2026-09-17T01:21:55.604+0000] {logging_mixin.py:150} INFO - [2026-09-17T01:21:55.604+0000] {dagbag.py:541} INFO - Filling up the DagBag from /home/vscode/.local/lib/python3.10/site-packages/airflow/example_dags/example_trigger_controller_dag.py
[2026-09-17T01:21:55.608+0000] {processor.py:836} INFO - DAG(s) dict_keys(['example_trigger_controller_dag']) retrieved from /home/vscode/.local/lib/python3.10/site-packages/airflow/example_dags/example_trigger_controller_dag.py
[2026-09-17T01:21:55.621+0000] {logging_mixin.py:150} INFO - [2026-09-17T01:21:55.621+0000] {dag.py:2742} INFO - Sync 1 DAGs
[2026-09-17T01:21:55.636+0000] {logging_mixin.py:150} INFO - [2026-09-17T01:21:55.636+0000] {dag.py:3504} INFO - Setting next_dagrun for example_trigger_controller_dag to 2021-01-01T00:00:00+00:00, run_after=2021-01-01T00:00:00+00:00
[2026-09-17T01:21:55.654+0000] {processor.py:179} INFO - Processing /home/vscode/.local/lib/python3.10/site-packages/airflow/example_dags/example_trigger_controller_dag.py took 0.053 seconds
[2026-09-17T01:22:23.300+0000] {processor.py:157} INFO - Started process (PID=37107) to work on /home/vscode/.local/lib/python3.10/site-packages/airflow/example_dags/example_trigger_controller_dag.py
[2026-09-17T01:22:23.300+0000] {processor.py:826} INFO - Processing file /home/vscode/.local/lib/python3.10/site-packages/airflow/example_dags/example_trigger_controller_dag.py for tasks to queue
[2026-09-17T01:22:23.301+0000] {logging_mixin.py:150} INFO - [2026-09-17T01:22:23.301+0000] {dagbag.py:541} INFO - Filling up the DagBag from /home/vscode/.local/lib/python3.10/site-packages/airflow/example_dags/example_trigger_controller_dag.py
[2026-09-17T01:22:23.305+0000] {processor.py:836} INFO - DAG(s) dict_keys(['example_trigger_controller_dag']) retrieved from /home/vscode/.local/lib/python3.10/site-packages/airflow/example_dags/example_trigger_controller_dag.py
[2026-09-17T01:22:23.317+0000] {logging_mixin.py:150} INFO - [2026-09-17T01:22:23.317+0000] {dag.py:2742} INFO - Sync 1 DAGs
[2026-09-17T01:22:23.332+0000] {logging_mixin.py:150} INFO - [2026-09-17T01:22:23.332+0000] {dag.py:3504} INFO - Setting next_dagrun for example_trigger_controller_dag to 2021-01-01T00:00:00+00:00, run_after=2021-01-01T00:00:00+00:00
[2026-09-17T01:22:23.351+0000] {processor.py:179} INFO - Processing /home/vscode/.local/lib/python3.10/site-packages/airflow/example_dags/example_trigger_controller_dag.py took 0.054 seconds
[2026-09-17T01:22:41.606+0000] {processor.py:157} INFO - Started process (PID=37248) to work on /home/vscode/.local/lib/python3.10/site-packages/airflow/example_dags/example_trigger_controller_dag.py
[2026-09-17T01:22:41.606+0000] {processor.py:826} INFO - Processing file /home/vscode/.local/lib/python3.10/site-packages/airflow/example_dags/example_trigger_controller_dag.py for tasks to queue
[2026-09-17T01:22:41.607+0000] {logging_mixin.py:150} INFO - [2026-09-17T01:22:41.607+0000] {dagbag.py:541} INFO - Filling up the DagBag from /home/vscode/.local/lib/python3.10/site-packages/airflow/example_dags/example_trigger_controller_dag.py
[2026-09-17T01:22:41.610+0000] {processor.py:836} INFO - DAG(s) dict_keys(['example_trigger_controller_dag']) retrieved from /home/vscode/.local/lib/python3.10/site-packages/airflow/example_dags/example_trigger_controller_dag.py
[2026-09-17T01:22:41.626+0000] {logging_mixin.py:150} INFO - [2026-09-17T01:22:41.625+0000] {dag.py:2742} INFO - Sync 1 DAGs
[2026-09-17T01:22:41.641+0000] {logging_mixin.py:150} INFO - [2026-09-17T01:22:41.640+0000] {dag.py:3504} INFO - Setting next_dagrun for example_trigger_controller_dag to 2021-01-01T00:00:00+00:00, run_after=2021-01-01T00:00:00+00:00
[2026-09-17T01:22:41.657+0000] {processor.py:179} INFO - Processing /home/vscode/.local/lib/python3.10/site-packages/airflow/example_dags/example_trigger_controller_dag.py took 0.054 seconds
[2026-09-17T01:23:08.179+0000] {processor.py:157} INFO - Started process (PID=37461) to work on /home/vscode/.local/lib/python3.10/site-packages/airflow/example_dags/example_trigger_controller_dag.py
[2026-09-17T01:23:08.180+0000] {processor.py:826} INFO - Processing file /home/vscode/.local/lib/python3.10/site-packages/airflow/example_dags/example_trigger_controller_dag.py for tasks to queue
[2026-09-17T01:23:08.181+0000] {logging_mixin.py:150} INFO - [2026-09-17T01:23:08.181+0000] {dagbag.py:541} INFO - Filling up the DagBag from /home/vscode/.local/lib/python3.10/site-packages/airflow/example_dags/example_trigger_controller_dag.py
[2026-09-17T01:23:08.185+0000] {processor.py:836} INFO - DAG(s) dict_keys(['example_trigger_controller_dag']) retrieved from /home/vscode/.local/lib/python3.10/site-packages/airflow/example_dags/example_trigger_controller_dag.py
[2026-09-17T01:23:08.202+0000] {logging_mixin.py:150} INFO - [2026-09-17T01:23:08.202+0000] {dag.py:2742} INFO - Sync 1 DAGs
[2026-09-17T01:23:08.216+0000] {logging_mixin.py:150} INFO - [2026-09-17T01:23:08.216+0000] {dag.py:3504} INFO - Setting next_dagrun for example_trigger_controller_dag to 2021-01-01T00:00:00+00:00, run_after=2021-01-01T00:00:00+00:00
[2026-09-17T01:23:08.231+0000] {processor.py:179} INFO - Processing /home/vscode/.local/lib/python3.10/site-packages/airflow/example_dags/example_trigger_controller_dag.py took 0.054 seconds
[2026-09-17T01:23:30.496+0000] {processor.py:157} INFO - Started process (PID=37708) to work on /home/vscode/.local/lib/python3.10/site-packages/airflow/example_dags/example_trigger_controller_dag.py
[2026-09-17T01:23:30.497+0000] {processor.py:826} INFO - Processing file /home/vscode/.local/lib/python3.10/site-packages/airflow/example_dags/example_trigger_controller_dag.py for tasks to queue
[2026-09-17T01:23:30.498+0000] {logging_mixin.py:150} INFO - [2026-09-17T01:23:30.497+0000] {dagbag.py:541} INFO - Filling up the DagBag from /home/vscode/.local/lib/python3.10/site-packages/airflow/example_dags/example_trigger_controller_dag.py
[2026-09-17T01:23:30.501+0000] {processor.py:836} INFO - DAG(s) dict_keys(['example_trigger_controller_dag']) retrieved from /home/vscode/.local/lib/python3.10/site-packages/airflow/example_dags/example_trigger_controller_dag.py
[2026-09-17T01:23:30.515+0000] {logging_mixin.py:150} INFO - [2026-09-17T01:23:30.514+0000] {dag.py:2742} INFO - Sync 1 DAGs
[2026-09-17T01:23:30.538+0000] {logging_mixin.py:150} INFO - [2026-09-17T01:23:30.538+0000] {dag.py:3504} INFO - Setting next_dagrun for example_trigger_controller_dag to 2021-01-01T00:00:00+00:00, run_after=2021-01-01T00:00:00+00:00
[2026-09-17T01:23:30.564+0000] {processor.py:179} INFO - Processing /home/vscode/.local/lib/python3.10/site-packages/airflow/example_dags/example_trigger_controller_dag.py took 0.070 seconds
[2026-09-17T01:23:58.902+0000] {processor.py:157} INFO - Started process (PID=37926) to work on /home/vscode/.local/lib/python3.10/site-packages/airflow/example_dags/example_trigger_controller_dag.py
[2026-09-17T01:23:58.903+0000] {processor.py:826} INFO - Processing file /home/vscode/.local/lib/python3.10/site-packages/airflow/example_dags/example_trigger_controller_dag.py for tasks to queue
[2026-09-17T01:23:58.904+0000] {logging_mixin.py:150} INFO - [2026-09-17T01:23:58.903+0000] {dagbag.py:541} INFO - Filling up the DagBag from /home/vscode/.local/lib/python3.10/site-packages/airflow/example_dags/example_trigger_controller_dag.py
[2026-09-17T01:23:58.908+0000] {processor.py:836} INFO - DAG(s) dict_keys(['example_trigger_controller_dag']) retrieved from /home/vscode/.local/lib/python3.10/site-packages/airflow/example_dags/example_trigger_controller_dag.py
[2026-09-17T01:23:58.924+0000] {logging_mixin.py:150} INFO - [2026-09-17T01:23:58.924+0000] {dag.py:2742} INFO - Sync 1 DAGs
[2026-09-17T01:23:58.939+0000] {logging_mixin.py:150} INFO - [2026-09-17T01:23:58.939+0000] {dag.py:3504} INFO - Setting next_dagrun for example_trigger_controller_dag to 2021-01-01T00:00:00+00:00, run_after=2021-01-01T00:00:00+00:00
[2026-09-17T01:23:58.956+0000] {processor.py:179} INFO - Processing /home/vscode/.local/lib/python3.10/site-packages/airflow/example_dags/example_trigger_controller_dag.py took 0.057 seconds
[2026-09-17T01:24:18.529+0000] {processor.py:157} INFO - Started process (PID=38252) to work on /home/vscode/.local/lib/python3.10/site-packages/airflow/example_dags/example_trigger_controller_dag.py
[2026-09-17T01:24:18.530+0000] {processor.py:826} INFO - Processing file /home/vscode/.local/lib/python3.10/site-packages/airflow/example_dags/example_trigger_controller_dag.py for tasks to queue
[2026-09-17T01:24:18.531+0000] {logging_mixin.py:150} INFO - [2026-09-17T01:24:18.530+0000] {dagbag.py:541} INFO - Filling up the DagBag from /home/vscode/.local/lib/python3.10/site-packages/airflow/example_dags/example_trigger_controller_dag.py
[2026-09-17T01:24:18.534+0000] {processor.py:836} INFO - DAG(s) dict_keys(['example_trigger_controller_dag']) retrieved from /home/vscode/.local/lib/python3.10/site-packages/airflow/example_dags/example_trigger_controller_dag.py
[2026-09-17T01:24:18.549+0000] {logging_mixin.py:150} INFO - [2026-09-17T01:24:18.548+0000] {dag.py:2742} INFO - Sync 1 DAGs
[2026-09-17T01:24:18.563+0000] {logging_mixin.py:150} INFO - [2026-09-17T01:24:18.563+0000] {dag.py:3504} INFO - Setting next_dagrun for example_trigger_controller_dag to 2021-01-01T00:00:00+00:00, run_after=2021-01-01T00:00:00+00:00
[2026-09-17T01:24:18.579+0000] {processor.py:179} INFO - Processing /home/vscode/.local/lib/python3.10/site-packages/airflow/example_dags/example_trigger_controller_dag.py took 0.052 seconds
[2026-09-17T01:24:34.857+0000] {processor.py:157} INFO - Started process (PID=38521) to work on /home/vscode/.local/lib/python3.10/site-packages/airflow/example_dags/example_trigger_controller_dag.py
[2026-09-17T01:24:34.857+0000] {processor.py:826} INFO - Processing file /home/vscode/.local/lib/python3.10/site-packages/airflow/example_dags/example_trigger_controller_dag.py for tasks to queue
[2026-09-17T01:24:34.858+0000] {logging_mixin.py:150} INFO - [2026-09-17T01:24:34.858+0000] {dagbag.py:541} INFO - Filling up the DagBag from /home/vscode/.local/lib/python3.10/site-packages/airflow/example_dags/example_trigger_controller_dag.py
[2026-09-17T01:24:34.861+0000] {processor.py:836} INFO - DAG(s) dict_keys(['example_trigger_controller_dag']) retrieved from /home/vscode/.local/lib/python3.10/site-packages/airflow/example_dags/example_trigger_controller_dag.py
[2026-09-17T01:24:34.874+0000] {logging_mixin.py:150} INFO - [2026-09-17T01:24:34.874+0000] {dag.py:2742} INFO - Sync 1 DAGs
[2026-09-17T01:24:34.890+0000] {logging_mixin.py:150} INFO - [2026-09-17T01:24:34.890+0000] {dag.py:3504} INFO - Setting next_dagrun for example_trigger_controller_dag to 2021-01-01T00:00:00+00:00, run_after=2021-01-01T00:00:00+00:00
[2026-09-17T01:24:34.910+0000] {processor.py:179} INFO - Processing /home/vscode/.local/lib/python3.10/site-packages/airflow/example_dags/example_trigger_controller_dag.py took 0.056 seconds
