[2026-09-17T00:55:53.923+0000] {processor.py:157} INFO - Started process (PID=22247) to work on /home/vscode/.local/lib/python3.10/site-packages/airflow/example_dags/example_datasets.py
[2026-09-17T00:55:53.924+0000] {processor.py:826} INFO - Processing file /home/vscode/.local/lib/python3.10/site-packages/airflow/example_dags/example_datasets.py for tasks to queue
[2026-09-17T00:55:53.924+0000] {logging_mixin.py:150} INFO - [2026-09-17T00:55:53.924+0000] {dagbag.py:541} INFO - Filling up the DagBag from /home/vscode/.local/lib/python3.10/site-packages/airflow/example_dags/example_datasets.py
[2026-09-17T00:55:53.932+0000] {processor.py:836} INFO - DAG(s) dict_keys(['dataset_consumes_1_and_2', 'dataset_consumes_1', 'dataset_produces_1', 'dataset_produces_2', 'dataset_consumes_unknown_never_scheduled', 'dataset_consumes_1_never_scheduled']) retrieved from /home/vscode/.local/lib/python3.10/site-packages/airflow/example_dags/example_datasets.py
[2026-09-17T00:55:54.012+0000] {logging_mixin.py:150} INFO - [2026-09-17T00:55:54.012+0000] {manager.py:504} INFO - Created Permission View: can delete on DAG:dataset_consumes_1_and_2
[2026-09-17T00:55:54.021+0000] {logging_mixin.py:150} INFO - [2026-09-17T00:55:54.021+0000] {manager.py:504} INFO - Created Permission View: can edit on DAG:dataset_consumes_1_and_2
[2026-09-17T00:55:54.029+0000] {logging_mixin.py:150} INFO - [2026-09-17T00:55:54.028+0000] {manager.py:504} INFO - Created Permission View: can read on DAG:dataset_consumes_1_and_2
[2026-09-17T00:55:54.051+0000] {logging_mixin.py:150} INFO - [2026-09-17T00:55:54.051+0000] {manager.py:504} INFO - Created Permission View: can delete on DAG:dataset_consumes_1
[2026-09-17T00:55:54.058+0000] {logging_mixin.py:150} INFO - [2026-09-17T00:55:54.058+0000] {manager.py:504} INFO - Created Permission View: can edit on DAG:dataset_consumes_1
[2026-09-17T00:55:54.065+0000] {logging_mixin.py:150} INFO - [2026-09-17T00:55:54.065+0000] {manager.py:504} INFO - Created Permission View: can read on DAG:dataset_consumes_1
[2026-09-17T00:55:54.083+0000] {logging_mixin.py:150} INFO - [2026-09-17T00:55:54.083+0000] {manager.py:504} INFO - Created Permission View: can delete on DAG:dataset_produces_1
[2026-09-17T00:55:54.090+0000] {logging_mixin.py:150} INFO - [2026-09-17T00:55:54.090+0000] {manager.py:504} INFO - Created Permission View: can edit on DAG:dataset_produces_1
[2026-09-17T00:55:54.099+0000] {logging_mixin.py:150} INFO - [2026-09-17T00:55:54.099+0000] {manager.py:504} INFO - Created Permission View: can read on DAG:dataset_produces_1
[2026-09-17T00:55:54.118+0000] {logging_mixin.py:150} INFO - [2026-09-17T00:55:54.118+0000] {manager.py:504} INFO - Created Permission View: can delete on DAG:dataset_produces_2
[2026-09-17T00:55:54.125+0000] {logging_mixin.py:150} INFO - [2026-09-17T00:55:54.125+0000] {manager.py:504} INFO - Created Permission View: can edit on DAG:dataset_produces_2
[2026-09-17T00:55:54.132+0000] {logging_mixin.py:150} INFO - [2026-09-17T00:55:54.132+0000] {manager.py:504} INFO - Created Permission View: can read on DAG:dataset_produces_2
[2026-09-17T00:55:54.152+0000] {logging_mixin.py:150} INFO - [2026-09-17T00:55:54.152+0000] {manager.py:504} INFO - Created Permission View: can delete on DAG:dataset_consumes_unknown_never_scheduled
[2026-09-17T00:55:54.159+0000] {logging_mixin.py:150} INFO - [2026-09-17T00:55:54.159+0000] {manager.py:504} INFO - Created Permission View: can edit on DAG:dataset_consumes_unknown_never_scheduled
[2026-09-17T00:55:54.166+0000] {logging_mixin.py:150} INFO - [2026-09-17T00:55:54.166+0000] {manager.py:504} INFO - Created Permission View: can read on DAG:dataset_consumes_unknown_never_scheduled
[2026-09-17T00:55:54.185+0000] {logging_mixin.py:150} INFO - [2026-09-17T00:55:54.185+0000] {manager.py:504} INFO - Created Permission View: can delete on DAG:dataset_consumes_1_never_scheduled
[2026-09-17T00:55:54.192+0000] {logging_mixin.py:150} INFO - [2026-09-17T00:55:54.192+0000] {manager.py:504} INFO - Created Permission View: can edit on DAG:dataset_consumes_1_never_scheduled
[2026-09-17T00:55:54.199+0000] {logging_mixin.py:150} INFO - [2026-09-17T00:55:54.199+0000] {manager.py:504} INFO - Created Permission View: can read on DAG:dataset_consumes_1_never_scheduled
[2026-09-17T00:55:54.203+0000] {logging_mixin.py:150} INFO - [2026-09-17T00:55:54.202+0000] {dag.py:2742} INFO - Sync 6 DAGs
[2026-09-17T00:55:54.209+0000] {logging_mixin.py:150} INFO - [2026-09-17T00:55:54.209+0000] {dag.py:2763} INFO - Creating ORM DAG for dataset_consumes_1_never_scheduled
[2026-09-17T00:55:54.210+0000] {logging_mixin.py:150} INFO - [2026-09-17T00:55:54.210+0000] {dag.py:2763} INFO - Creating ORM DAG for dataset_consumes_1
[2026-09-17T00:55:54.210+0000] {logging_mixin.py:150} INFO - [2026-09-17T00:55:54.210+0000] {dag.py:2763} INFO - Creating ORM DAG for dataset_produces_2
[2026-09-17T00:55:54.211+0000] {logging_mixin.py:150} INFO - [2026-09-17T00:55:54.210+0000] {dag.py:2763} INFO - Creating ORM DAG for dataset_consumes_unknown_never_scheduled
[2026-09-17T00:55:54.211+0000] {logging_mixin.py:150} INFO - [2026-09-17T00:55:54.211+0000] {dag.py:2763} INFO - Creating ORM DAG for dataset_consumes_1_and_2
[2026-09-17T00:55:54.211+0000] {logging_mixin.py:150} INFO - [2026-09-17T00:55:54.211+0000] {dag.py:2763} INFO - Creating ORM DAG for dataset_produces_1
[2026-09-17T00:55:54.218+0000] {logging_mixin.py:150} INFO - [2026-09-17T00:55:54.218+0000] {dag.py:3504} INFO - Setting next_dagrun for dataset_consumes_1 to None, run_after=None
[2026-09-17T00:55:54.219+0000] {logging_mixin.py:150} INFO - [2026-09-17T00:55:54.219+0000] {dag.py:3504} INFO - Setting next_dagrun for dataset_consumes_1_and_2 to None, run_after=None
[2026-09-17T00:55:54.219+0000] {logging_mixin.py:150} INFO - [2026-09-17T00:55:54.219+0000] {dag.py:3504} INFO - Setting next_dagrun for dataset_consumes_1_never_scheduled to None, run_after=None
[2026-09-17T00:55:54.219+0000] {logging_mixin.py:150} INFO - [2026-09-17T00:55:54.219+0000] {dag.py:3504} INFO - Setting next_dagrun for dataset_consumes_unknown_never_scheduled to None, run_after=None
[2026-09-17T00:55:54.221+0000] {logging_mixin.py:150} INFO - [2026-09-17T00:55:54.221+0000] {dag.py:3504} INFO - Setting next_dagrun for dataset_produces_1 to 2026-09-16T00:00:00+00:00, run_after=2026-09-17T00:00:00+00:00
[2026-09-17T00:55:54.221+0000] {logging_mixin.py:150} INFO - [2026-09-17T00:55:54.221+0000] {dag.py:3504} INFO - Setting next_dagrun for dataset_produces_2 to None, run_after=None
[2026-09-17T00:55:54.257+0000] {processor.py:179} INFO - Processing /home/vscode/.local/lib/python3.10/site-packages/airflow/example_dags/example_datasets.py took 0.336 seconds
[2026-09-17T00:56:19.382+0000] {processor.py:157} INFO - Started process (PID=22444) to work on /home/vscode/.local/lib/python3.10/site-packages/airflow/example_dags/example_datasets.py
[2026-09-17T00:56:19.385+0000] {processor.py:826} INFO - Processing file /home/vscode/.local/lib/python3.10/site-packages/airflow/example_dags/example_datasets.py for tasks to queue
[2026-09-17T00:56:19.389+0000] {logging_mixin.py:150} INFO - [2026-09-17T00:56:19.385+0000] {dagbag.py:541} INFO - Filling up the DagBag from /home/vscode/.local/lib/python3.10/site-packages/airflow/example_dags/example_datasets.py
[2026-09-17T00:56:19.410+0000] {processor.py:836} INFO - DAG(s) dict_keys(['dataset_consumes_1', 'dataset_produces_1', 'dataset_produces_2', 'dataset_consumes_1_and_2', 'dataset_consumes_unknown_never_scheduled', 'dataset_consumes_1_never_scheduled']) retrieved from /home/vscode/.local/lib/python3.10/site-packages/airflow/example_dags/example_datasets.py
[2026-09-17T00:56:19.437+0000] {logging_mixin.py:150} INFO - [2026-09-17T00:56:19.436+0000] {dag.py:2742} INFO - Sync 6 DAGs
[2026-09-17T00:56:19.496+0000] {logging_mixin.py:150} INFO - [2026-09-17T00:56:19.495+0000] {dag.py:3504} INFO - Setting next_dagrun for dataset_consumes_1 to None, run_after=None
[2026-09-17T00:56:19.500+0000] {logging_mixin.py:150} INFO - [2026-09-17T00:56:19.500+0000] {dag.py:3504} INFO - Setting next_dagrun for dataset_consumes_1_and_2 to None, run_after=None
[2026-09-17T00:56:19.501+0000] {logging_mixin.py:150} INFO - [2026-09-17T00:56:19.501+0000] {dag.py:3504} INFO - Setting next_dagrun for dataset_consumes_1_never_scheduled to None, run_after=None
[2026-09-17T00:56:19.502+0000] {logging_mixin.py:150} INFO - [2026-09-17T00:56:19.502+0000] {dag.py:3504} INFO - Setting next_dagrun for dataset_consumes_unknown_never_scheduled to None, run_after=None
[2026-09-17T00:56:19.505+0000] {logging_mixin.py:150} INFO - [2026-09-17T00:56:19.505+0000] {dag.py:3504} INFO - Setting next_dagrun for dataset_produces_1 to 2026-09-16T00:00:00+00:00, run_after=2026-09-17T00:00:00+00:00
[2026-09-17T00:56:19.506+0000] {logging_mixin.py:150} INFO - [2026-09-17T00:56:19.506+0000] {dag.py:3504} INFO - Setting next_dagrun for dataset_produces_2 to None, run_after=None
[2026-09-17T00:56:19.566+0000] {processor.py:179} INFO - Processing /home/vscode/.local/lib/python3.10/site-packages/airflow/example_dags/example_datasets.py took 0.193 seconds
[2026-09-17T00:56:45.200+0000] {processor.py:157} INFO - Started process (PID=22734) to work on /home/vscode/.local/lib/python3.10/site-packages/airflow/example_dags/example_datasets.py
[2026-09-17T00:56:45.201+0000] {processor.py:826} INFO - Processing file /home/vscode/.local/lib/python3.10/site-packages/airflow/example_dags/example_datasets.py for tasks to queue
[2026-09-17T00:56:45.202+0000] {logging_mixin.py:150} INFO - [2026-09-17T00:56:45.201+0000] {dagbag.py:541} INFO - Filling up the DagBag from /home/vscode/.local/lib/python3.10/site-packages/airflow/example_dags/example_datasets.py
[2026-09-17T00:56:45.212+0000] {processor.py:836} INFO - DAG(s) dict_keys(['dataset_consumes_1_never_scheduled', 'dataset_consumes_1', 'dataset_produces_2', 'dataset_produces_1', 'dataset_consumes_unknown_never_scheduled', 'dataset_consumes_1_and_2']) retrieved from /home/vscode/.local/lib/python3.10/site-packages/airflow/example_dags/example_datasets.py
[2026-09-17T00:56:45.243+0000] {logging_mixin.py:150} INFO - [2026-09-17T00:56:45.243+0000] {dag.py:2742} INFO - Sync 6 DAGs
[2026-09-17T00:56:45.265+0000] {logging_mixin.py:150} INFO - [2026-09-17T00:56:45.265+0000] {dag.py:3504} INFO - Setting next_dagrun for dataset_consumes_1 to None, run_after=None
[2026-09-17T00:56:45.268+0000] {logging_mixin.py:150} INFO - [2026-09-17T00:56:45.268+0000] {dag.py:3504} INFO - Setting next_dagrun for dataset_consumes_1_and_2 to None, run_after=None
[2026-09-17T00:56:45.269+0000] {logging_mixin.py:150} INFO - [2026-09-17T00:56:45.269+0000] {dag.py:3504} INFO - Setting next_dagrun for dataset_consumes_1_never_scheduled to None, run_after=None
[2026-09-17T00:56:45.270+0000] {logging_mixin.py:150} INFO - [2026-09-17T00:56:45.269+0000] {dag.py:3504} INFO - Setting next_dagrun for dataset_consumes_unknown_never_scheduled to None, run_after=None
[2026-09-17T00:56:45.272+0000] {logging_mixin.py:150} INFO - [2026-09-17T00:56:45.272+0000] {dag.py:3504} INFO - Setting next_dagrun for dataset_produces_1 to 2026-09-16T00:00:00+00:00, run_after=2026-09-17T00:00:00+00:00
[2026-09-17T00:56:45.273+0000] {logging_mixin.py:150} INFO - [2026-09-17T00:56:45.273+0000] {dag.py:3504} INFO - Setting next_dagrun for dataset_produces_2 to None, run_after=None
[2026-09-17T00:56:45.304+0000] {processor.py:179} INFO - Processing /home/vscode/.local/lib/python3.10/site-packages/airflow/example_dags/example_datasets.py took 0.108 seconds
[2026-09-17T00:57:19.221+0000] {processor.py:157} INFO - Started process (PID=22988) to work on /home/vscode/.local/lib/python3.10/site-packages/airflow/example_dags/example_datasets.py
[2026-09-17T00:57:19.224+0000] {processor.py:826} INFO - Processing file /home/vscode/.local/lib/python3.10/site-packages/airflow/example_dags/example_datasets.py for tasks to queue
[2026-09-17T00:57:19.224+0000] {logging_mixin.py:150} INFO - [2026-09-17T00:57:19.224+0000] {dagbag.py:541} INFO - Filling up the DagBag from /home/vscode/.local/lib/python3.10/site-packages/airflow/example_dags/example_datasets.py
[2026-09-17T00:57:19.236+0000] {processor.py:836} INFO - DAG(s) dict_keys(['dataset_consumes_1_never_scheduled', 'dataset_produces_2', 'dataset_consumes_1_and_2', 'dataset_produces_1', 'dataset_consumes_unknown_never_scheduled', 'dataset_consumes_1']) retrieved from /home/vscode/.local/lib/python3.10/site-packages/airflow/example_dags/example_datasets.py
[2026-09-17T00:57:19.418+0000] {logging_mixin.py:150} INFO - [2026-09-17T00:57:19.418+0000] {dag.py:2742} INFO - Sync 6 DAGs
[2026-09-17T00:57:19.523+0000] {logging_mixin.py:150} INFO - [2026-09-17T00:57:19.523+0000] {dag.py:3504} INFO - Setting next_dagrun for dataset_consumes_1 to None, run_after=None
[2026-09-17T00:57:19.536+0000] {logging_mixin.py:150} INFO - [2026-09-17T00:57:19.536+0000] {dag.py:3504} INFO - Setting next_dagrun for dataset_consumes_1_and_2 to None, run_after=None
[2026-09-17T00:57:19.541+0000] {logging_mixin.py:150} INFO - [2026-09-17T00:57:19.541+0000] {dag.py:3504} INFO - Setting next_dagrun for dataset_consumes_1_never_scheduled to None, run_after=None
[2026-09-17T00:57:19.546+0000] {logging_mixin.py:150} INFO - [2026-09-17T00:57:19.546+0000] {dag.py:3504} INFO - Setting next_dagrun for dataset_consumes_unknown_never_scheduled to None, run_after=None
[2026-09-17T00:57:19.559+0000] {logging_mixin.py:150} INFO - [2026-09-17T00:57:19.559+0000] {dag.py:3504} INFO - Setting next_dagrun for dataset_produces_1 to 2026-09-16T00:00:00+00:00, run_after=2026-09-17T00:00:00+00:00
[2026-09-17T00:57:19.560+0000] {logging_mixin.py:150} INFO - [2026-09-17T00:57:19.559+0000] {dag.py:3504} INFO - Setting next_dagrun for dataset_produces_2 to None, run_after=None
[2026-09-17T00:57:19.667+0000] {processor.py:179} INFO - Processing /home/vscode/.local/lib/python3.10/site-packages/airflow/example_dags/example_datasets.py took 0.453 seconds
[2026-09-17T00:57:41.559+0000] {processor.py:157} INFO - Started process (PID=23159) to work on /home/vscode/.local/lib/python3.10/site-packages/airflow/example_dags/example_datasets.py
[2026-09-17T00:57:41.560+0000] {processor.py:826} INFO - Processing file /home/vscode/.local/lib/python3.10/site-packages/airflow/example_dags/example_datasets.py for tasks to queue
[2026-09-17T00:57:41.561+0000] {logging_mixin.py:150} INFO - [2026-09-17T00:57:41.560+0000] {dagbag.py:541} INFO - Filling up the DagBag from /home/vscode/.local/lib/python3.10/site-packages/airflow/example_dags/example_datasets.py
[2026-09-17T00:57:41.572+0000] {processor.py:836} INFO - DAG(s) dict_keys(['dataset_consumes_unknown_never_scheduled', 'dataset_consumes_1', 'dataset_consumes_1_never_scheduled', 'dataset_produces_1', 'dataset_consumes_1_and_2', 'dataset_produces_2']) retrieved from /home/vscode/.local/lib/python3.10/site-packages/airflow/example_dags/example_datasets.py
[2026-09-17T00:57:41.613+0000] {logging_mixin.py:150} INFO - [2026-09-17T00:57:41.613+0000] {dag.py:2742} INFO - Sync 6 DAGs
[2026-09-17T00:57:41.636+0000] {logging_mixin.py:150} INFO - [2026-09-17T00:57:41.636+0000] {dag.py:3504} INFO - Setting next_dagrun for dataset_consumes_1 to None, run_after=None
[2026-09-17T00:57:41.639+0000] {logging_mixin.py:150} INFO - [2026-09-17T00:57:41.639+0000] {dag.py:3504} INFO - Setting next_dagrun for dataset_consumes_1_and_2 to None, run_after=None
[2026-09-17T00:57:41.640+0000] {logging_mixin.py:150} INFO - [2026-09-17T00:57:41.640+0000] {dag.py:3504} INFO - Setting next_dagrun for dataset_consumes_1_never_scheduled to None, run_after=None
[2026-09-17T00:57:41.641+0000] {logging_mixin.py:150} INFO - [2026-09-17T00:57:41.641+0000] {dag.py:3504} INFO - Setting next_dagrun for dataset_consumes_unknown_never_scheduled to None, run_after=None
[2026-09-17T00:57:41.643+0000] {logging_mixin.py:150} INFO - [2026-09-17T00:57:41.643+0000] {dag.py:3504} INFO - Setting next_dagrun for dataset_produces_1 to 2026-09-16T00:00:00+00:00, run_after=2026-09-17T00:00:00+00:00
[2026-09-17T00:57:41.644+0000] {logging_mixin.py:150} INFO - [2026-09-17T00:57:41.644+0000] {dag.py:3504} INFO - Setting next_dagrun for dataset_produces_2 to None, run_after=None
[2026-09-17T00:57:41.669+0000] {processor.py:179} INFO - Processing /home/vscode/.local/lib/python3.10/site-packages/airflow/example_dags/example_datasets.py took 0.114 seconds
[2026-09-17T00:58:11.808+0000] {processor.py:157} INFO - Started process (PID=23406) to work on /home/vscode/.local/lib/python3.10/site-packages/airflow/example_dags/example_datasets.py
[2026-09-17T00:58:11.809+0000] {processor.py:826} INFO - Processing file /home/vscode/.local/lib/python3.10/site-packages/airflow/example_dags/example_datasets.py for tasks to queue
[2026-09-17T00:58:11.809+0000] {logging_mixin.py:150} INFO - [2026-09-17T00:58:11.809+0000] {dagbag.py:541} INFO - Filling up the DagBag from /home/vscode/.local/lib/python3.10/site-packages/airflow/example_dags/example_datasets.py
[2026-09-17T00:58:11.817+0000] {processor.py:836} INFO - DAG(s) dict_keys(['dataset_produces_2', 'dataset_consumes_1', 'dataset_consumes_1_never_scheduled', 'dataset_consumes_unknown_never_scheduled', 'dataset_consumes_1_and_2', 'dataset_produces_1']) retrieved from /home/vscode/.local/lib/python3.10/site-packages/airflow/example_dags/example_datasets.py
[2026-09-17T00:58:11.839+0000] {logging_mixin.py:150} INFO - [2026-09-17T00:58:11.838+0000] {dag.py:2742} INFO - Sync 6 DAGs
[2026-09-17T00:58:11.855+0000] {logging_mixin.py:150} INFO - [2026-09-17T00:58:11.855+0000] {dag.py:3504} INFO - Setting next_dagrun for dataset_consumes_1 to None, run_after=None
[2026-09-17T00:58:11.857+0000] {logging_mixin.py:150} INFO - [2026-09-17T00:58:11.857+0000] {dag.py:3504} INFO - Setting next_dagrun for dataset_consumes_1_and_2 to None, run_after=None
[2026-09-17T00:58:11.858+0000] {logging_mixin.py:150} INFO - [2026-09-17T00:58:11.858+0000] {dag.py:3504} INFO - Setting next_dagrun for dataset_consumes_1_never_scheduled to None, run_after=None
[2026-09-17T00:58:11.858+0000] {logging_mixin.py:150} INFO - [2026-09-17T00:58:11.858+0000] {dag.py:3504} INFO - Setting next_dagrun for dataset_consumes_unknown_never_scheduled to None, run_after=None
[2026-09-17T00:58:11.860+0000] {logging_mixin.py:150} INFO - [2026-09-17T00:58:11.860+0000] {dag.py:3504} INFO - Setting next_dagrun for dataset_produces_1 to 2026-09-16T00:00:00+00:00, run_after=2026-09-17T00:00:00+00:00
[2026-09-17T00:58:11.861+0000] {logging_mixin.py:150} INFO - [2026-09-17T00:58:11.861+0000] {dag.py:3504} INFO - Setting next_dagrun for dataset_produces_2 to None, run_after=None
[2026-09-17T00:58:11.896+0000] {processor.py:179} INFO - Processing /home/vscode/.local/lib/python3.10/site-packages/airflow/example_dags/example_datasets.py took 0.090 seconds
[2026-09-17T00:58:31.558+0000] {processor.py:157} INFO - Started process (PID=23646) to work on /home/vscode/.local/lib/python3.10/site-packages/airflow/example_dags/example_datasets.py
[2026-09-17T00:58:31.559+0000] {processor.py:826} INFO - Processing file /home/vscode/.local/lib/python3.10/site-packages/airflow/example_dags/example_datasets.py for tasks to queue
[2026-09-17T00:58:31.560+0000] {logging_mixin.py:150} INFO - [2026-09-17T00:58:31.560+0000] {dagbag.py:541} INFO - Filling up the DagBag from /home/vscode/.local/lib/python3.10/site-packages/airflow/example_dags/example_datasets.py
[2026-09-17T00:58:31.571+0000] {processor.py:836} INFO - DAG(s) dict_keys(['dataset_consumes_1_never_scheduled', 'dataset_consumes_1', 'dataset_consumes_unknown_never_scheduled', 'dataset_consumes_1_and_2', 'dataset_produces_2', 'dataset_produces_1']) retrieved from /home/vscode/.local/lib/python3.10/site-packages/airflow/example_dags/example_datasets.py
[2026-09-17T00:58:31.615+0000] {logging_mixin.py:150} INFO - [2026-09-17T00:58:31.614+0000] {dag.py:2742} INFO - Sync 6 DAGs
[2026-09-17T00:58:31.639+0000] {logging_mixin.py:150} INFO - [2026-09-17T00:58:31.639+0000] {dag.py:3504} INFO - Setting next_dagrun for dataset_consumes_1 to None, run_after=None
[2026-09-17T00:58:31.641+0000] {logging_mixin.py:150} INFO - [2026-09-17T00:58:31.641+0000] {dag.py:3504} INFO - Setting next_dagrun for dataset_consumes_1_and_2 to None, run_after=None
[2026-09-17T00:58:31.642+0000] {logging_mixin.py:150} INFO - [2026-09-17T00:58:31.642+0000] {dag.py:3504} INFO - Setting next_dagrun for dataset_consumes_1_never_scheduled to None, run_after=None
[2026-09-17T00:58:31.643+0000] {logging_mixin.py:150} INFO - [2026-09-17T00:58:31.643+0000] {dag.py:3504} INFO - Setting next_dagrun for dataset_consumes_unknown_never_scheduled to None, run_after=None
[2026-09-17T00:58:31.645+0000] {logging_mixin.py:150} INFO - [2026-09-17T00:58:31.645+0000] {dag.py:3504} INFO - Setting next_dagrun for dataset_produces_1 to 2026-09-16T00:00:00+00:00, run_after=2026-09-17T00:00:00+00:00
[2026-09-17T00:58:31.645+0000] {logging_mixin.py:150} INFO - [2026-09-17T00:58:31.645+0000] {dag.py:3504} INFO - Setting next_dagrun for dataset_produces_2 to None, run_after=None
[2026-09-17T00:58:31.668+0000] {processor.py:179} INFO - Processing /home/vscode/.local/lib/python3.10/site-packages/airflow/example_dags/example_datasets.py took 0.114 seconds
[2026-09-17T00:59:06.236+0000] {processor.py:157} INFO - Started process (PID=24074) to work on /home/vscode/.local/lib/python3.10/site-packages/airflow/example_dags/example_datasets.py
[2026-09-17T00:59:06.236+0000] {processor.py:826} INFO - Processing file /home/vscode/.local/lib/python3.10/site-packages/airflow/example_dags/example_datasets.py for tasks to queue
[2026-09-17T00:59:06.237+0000] {logging_mixin.py:150} INFO - [2026-09-17T00:59:06.237+0000] {dagbag.py:541} INFO - Filling up the DagBag from /home/vscode/.local/lib/python3.10/site-packages/airflow/example_dags/example_datasets.py
[2026-09-17T00:59:06.245+0000] {processor.py:836} INFO - DAG(s) dict_keys(['dataset_consumes_1_never_scheduled', 'dataset_consumes_unknown_never_scheduled', 'dataset_consumes_1', 'dataset_consumes_1_and_2', 'dataset_produces_2', 'dataset_produces_1']) retrieved from /home/vscode/.local/lib/python3.10/site-packages/airflow/example_dags/example_datasets.py
[2026-09-17T00:59:06.271+0000] {logging_mixin.py:150} INFO - [2026-09-17T00:59:06.271+0000] {dag.py:2742} INFO - Sync 6 DAGs
[2026-09-17T00:59:06.300+0000] {logging_mixin.py:150} INFO - [2026-09-17T00:59:06.300+0000] {dag.py:3504} INFO - Setting next_dagrun for dataset_consumes_1 to None, run_after=None
[2026-09-17T00:59:06.305+0000] {logging_mixin.py:150} INFO - [2026-09-17T00:59:06.305+0000] {dag.py:3504} INFO - Setting next_dagrun for dataset_consumes_1_and_2 to None, run_after=None
[2026-09-17T00:59:06.306+0000] {logging_mixin.py:150} INFO - [2026-09-17T00:59:06.306+0000] {dag.py:3504} INFO - Setting next_dagrun for dataset_consumes_1_never_scheduled to None, run_after=None
[2026-09-17T00:59:06.307+0000] {logging_mixin.py:150} INFO - [2026-09-17T00:59:06.307+0000] {dag.py:3504} INFO - Setting next_dagrun for dataset_consumes_unknown_never_scheduled to None, run_after=None
[2026-09-17T00:59:06.310+0000] {logging_mixin.py:150} INFO - [2026-09-17T00:59:06.309+0000] {dag.py:3504} INFO - Setting next_dagrun for dataset_produces_1 to 2026-09-16T00:00:00+00:00, run_after=2026-09-17T00:00:00+00:00
[2026-09-17T00:59:06.310+0000] {logging_mixin.py:150} INFO - [2026-09-17T00:59:06.310+0000] {dag.py:3504} INFO - Setting next_dagrun for dataset_produces_2 to None, run_after=None
[2026-09-17T00:59:06.334+0000] {processor.py:179} INFO - Processing /home/vscode/.local/lib/python3.10/site-packages/airflow/example_dags/example_datasets.py took 0.101 seconds
[2026-09-17T00:59:19.628+0000] {processor.py:157} INFO - Started process (PID=24182) to work on /home/vscode/.local/lib/python3.10/site-packages/airflow/example_dags/example_datasets.py
[2026-09-17T00:59:19.629+0000] {processor.py:826} INFO - Processing file /home/vscode/.local/lib/python3.10/site-packages/airflow/example_dags/example_datasets.py for tasks to queue
[2026-09-17T00:59:19.629+0000] {logging_mixin.py:150} INFO - [2026-09-17T00:59:19.629+0000] {dagbag.py:541} INFO - Filling up the DagBag from /home/vscode/.local/lib/python3.10/site-packages/airflow/example_dags/example_datasets.py
[2026-09-17T00:59:19.637+0000] {processor.py:836} INFO - DAG(s) dict_keys(['dataset_consumes_1_never_scheduled', 'dataset_consumes_1_and_2', 'dataset_consumes_1', 'dataset_produces_1', 'dataset_consumes_unknown_never_scheduled', 'dataset_produces_2']) retrieved from /home/vscode/.local/lib/python3.10/site-packages/airflow/example_dags/example_datasets.py
[2026-09-17T00:59:19.661+0000] {logging_mixin.py:150} INFO - [2026-09-17T00:59:19.661+0000] {dag.py:2742} INFO - Sync 6 DAGs
[2026-09-17T00:59:19.677+0000] {logging_mixin.py:150} INFO - [2026-09-17T00:59:19.677+0000] {dag.py:3504} INFO - Setting next_dagrun for dataset_consumes_1 to None, run_after=None
[2026-09-17T00:59:19.679+0000] {logging_mixin.py:150} INFO - [2026-09-17T00:59:19.679+0000] {dag.py:3504} INFO - Setting next_dagrun for dataset_consumes_1_and_2 to None, run_after=None
[2026-09-17T00:59:19.680+0000] {logging_mixin.py:150} INFO - [2026-09-17T00:59:19.680+0000] {dag.py:3504} INFO - Setting next_dagrun for dataset_consumes_1_never_scheduled to None, run_after=None
[2026-09-17T00:59:19.680+0000] {logging_mixin.py:150} INFO - [2026-09-17T00:59:19.680+0000] {dag.py:3504} INFO - Setting next_dagrun for dataset_consumes_unknown_never_scheduled to None, run_after=None
[2026-09-17T00:59:19.682+0000] {logging_mixin.py:150} INFO - [2026-09-17T00:59:19.682+0000] {dag.py:3504} INFO - Setting next_dagrun for dataset_produces_1 to 2026-09-16T00:00:00+00:00, run_after=2026-09-17T00:00:00+00:00
[2026-09-17T00:59:19.683+0000] {logging_mixin.py:150} INFO - [2026-09-17T00:59:19.683+0000] {dag.py:3504} INFO - Setting next_dagrun for dataset_produces_2 to None, run_after=None
[2026-09-17T00:59:19.706+0000] {processor.py:179} INFO - Processing /home/vscode/.local/lib/python3.10/site-packages/airflow/example_dags/example_datasets.py took 0.080 seconds
[2026-09-17T00:59:59.001+0000] {processor.py:157} INFO - Started process (PID=24783) to work on /home/vscode/.local/lib/python3.10/site-packages/airflow/example_dags/example_datasets.py
[2026-09-17T00:59:59.002+0000] {processor.py:826} INFO - Processing file /home/vscode/.local/lib/python3.10/site-packages/airflow/example_dags/example_datasets.py for tasks to queue
[2026-09-17T00:59:59.003+0000] {logging_mixin.py:150} INFO - [2026-09-17T00:59:59.002+0000] {dagbag.py:541} INFO - Filling up the DagBag from /home/vscode/.local/lib/python3.10/site-packages/airflow/example_dags/example_datasets.py
[2026-09-17T00:59:59.010+0000] {processor.py:836} INFO - DAG(s) dict_keys(['dataset_consumes_1_never_scheduled', 'dataset_produces_1', 'dataset_consumes_1', 'dataset_produces_2', 'dataset_consumes_unknown_never_scheduled', 'dataset_consumes_1_and_2']) retrieved from /home/vscode/.local/lib/python3.10/site-packages/airflow/example_dags/example_datasets.py
[2026-09-17T00:59:59.032+0000] {logging_mixin.py:150} INFO - [2026-09-17T00:59:59.032+0000] {dag.py:2742} INFO - Sync 6 DAGs
[2026-09-17T00:59:59.048+0000] {logging_mixin.py:150} INFO - [2026-09-17T00:59:59.048+0000] {dag.py:3504} INFO - Setting next_dagrun for dataset_consumes_1 to None, run_after=None
[2026-09-17T00:59:59.050+0000] {logging_mixin.py:150} INFO - [2026-09-17T00:59:59.050+0000] {dag.py:3504} INFO - Setting next_dagrun for dataset_consumes_1_and_2 to None, run_after=None
[2026-09-17T00:59:59.051+0000] {logging_mixin.py:150} INFO - [2026-09-17T00:59:59.051+0000] {dag.py:3504} INFO - Setting next_dagrun for dataset_consumes_1_never_scheduled to None, run_after=None
[2026-09-17T00:59:59.051+0000] {logging_mixin.py:150} INFO - [2026-09-17T00:59:59.051+0000] {dag.py:3504} INFO - Setting next_dagrun for dataset_consumes_unknown_never_scheduled to None, run_after=None
[2026-09-17T00:59:59.053+0000] {logging_mixin.py:150} INFO - [2026-09-17T00:59:59.053+0000] {dag.py:3504} INFO - Setting next_dagrun for dataset_produces_1 to 2026-09-16T00:00:00+00:00, run_after=2026-09-17T00:00:00+00:00
[2026-09-17T00:59:59.054+0000] {logging_mixin.py:150} INFO - [2026-09-17T00:59:59.054+0000] {dag.py:3504} INFO - Setting next_dagrun for dataset_produces_2 to None, run_after=None
[2026-09-17T00:59:59.080+0000] {processor.py:179} INFO - Processing /home/vscode/.local/lib/python3.10/site-packages/airflow/example_dags/example_datasets.py took 0.081 seconds
[2026-09-17T01:00:11.961+0000] {processor.py:157} INFO - Started process (PID=24971) to work on /home/vscode/.local/lib/python3.10/site-packages/airflow/example_dags/example_datasets.py
[2026-09-17T01:00:11.962+0000] {processor.py:826} INFO - Processing file /home/vscode/.local/lib/python3.10/site-packages/airflow/example_dags/example_datasets.py for tasks to queue
[2026-09-17T01:00:11.963+0000] {logging_mixin.py:150} INFO - [2026-09-17T01:00:11.963+0000] {dagbag.py:541} INFO - Filling up the DagBag from /home/vscode/.local/lib/python3.10/site-packages/airflow/example_dags/example_datasets.py
[2026-09-17T01:00:11.971+0000] {processor.py:836} INFO - DAG(s) dict_keys(['dataset_produces_1', 'dataset_produces_2', 'dataset_consumes_unknown_never_scheduled', 'dataset_consumes_1_and_2', 'dataset_consumes_1_never_scheduled', 'dataset_consumes_1']) retrieved from /home/vscode/.local/lib/python3.10/site-packages/airflow/example_dags/example_datasets.py
[2026-09-17T01:00:11.998+0000] {logging_mixin.py:150} INFO - [2026-09-17T01:00:11.998+0000] {dag.py:2742} INFO - Sync 6 DAGs
[2026-09-17T01:00:12.015+0000] {logging_mixin.py:150} INFO - [2026-09-17T01:00:12.015+0000] {dag.py:3504} INFO - Setting next_dagrun for dataset_consumes_1 to None, run_after=None
[2026-09-17T01:00:12.017+0000] {logging_mixin.py:150} INFO - [2026-09-17T01:00:12.017+0000] {dag.py:3504} INFO - Setting next_dagrun for dataset_consumes_1_and_2 to None, run_after=None
[2026-09-17T01:00:12.018+0000] {logging_mixin.py:150} INFO - [2026-09-17T01:00:12.018+0000] {dag.py:3504} INFO - Setting next_dagrun for dataset_consumes_1_never_scheduled to None, run_after=None
[2026-09-17T01:00:12.019+0000] {logging_mixin.py:150} INFO - [2026-09-17T01:00:12.019+0000] {dag.py:3504} INFO - Setting next_dagrun for dataset_consumes_unknown_never_scheduled to None, run_after=None
[2026-09-17T01:00:12.021+0000] {logging_mixin.py:150} INFO - [2026-09-17T01:00:12.021+0000] {dag.py:3504} INFO - Setting next_dagrun for dataset_produces_1 to 2026-09-16T00:00:00+00:00, run_after=2026-09-17T00:00:00+00:00
[2026-09-17T01:00:12.021+0000] {logging_mixin.py:150} INFO - [2026-09-17T01:00:12.021+0000] {dag.py:3504} INFO - Setting next_dagrun for dataset_produces_2 to None, run_after=None
[2026-09-17T01:00:12.045+0000] {processor.py:179} INFO - Processing /home/vscode/.local/lib/python3.10/site-packages/airflow/example_dags/example_datasets.py took 0.087 seconds
[2026-09-17T01:00:48.915+0000] {processor.py:157} INFO - Started process (PID=25409) to work on /home/vscode/.local/lib/python3.10/site-packages/airflow/example_dags/example_datasets.py
[2026-09-17T01:00:48.916+0000] {processor.py:826} INFO - Processing file /home/vscode/.local/lib/python3.10/site-packages/airflow/example_dags/example_datasets.py for tasks to queue
[2026-09-17T01:00:48.917+0000] {logging_mixin.py:150} INFO - [2026-09-17T01:00:48.917+0000] {dagbag.py:541} INFO - Filling up the DagBag from /home/vscode/.local/lib/python3.10/site-packages/airflow/example_dags/example_datasets.py
[2026-09-17T01:00:48.927+0000] {processor.py:836} INFO - DAG(s) dict_keys(['dataset_consumes_1_and_2', 'dataset_produces_2', 'dataset_produces_1', 'dataset_consumes_1_never_scheduled', 'dataset_consumes_unknown_never_scheduled', 'dataset_consumes_1']) retrieved from /home/vscode/.local/lib/python3.10/site-packages/airflow/example_dags/example_datasets.py
[2026-09-17T01:00:48.955+0000] {logging_mixin.py:150} INFO - [2026-09-17T01:00:48.955+0000] {dag.py:2742} INFO - Sync 6 DAGs
[2026-09-17T01:00:48.975+0000] {logging_mixin.py:150} INFO - [2026-09-17T01:00:48.975+0000] {dag.py:3504} INFO - Setting next_dagrun for dataset_consumes_1 to None, run_after=None
[2026-09-17T01:00:48.978+0000] {logging_mixin.py:150} INFO - [2026-09-17T01:00:48.978+0000] {dag.py:3504} INFO - Setting next_dagrun for dataset_consumes_1_and_2 to None, run_after=None
[2026-09-17T01:00:48.979+0000] {logging_mixin.py:150} INFO - [2026-09-17T01:00:48.979+0000] {dag.py:3504} INFO - Setting next_dagrun for dataset_consumes_1_never_scheduled to None, run_after=None
[2026-09-17T01:00:48.980+0000] {logging_mixin.py:150} INFO - [2026-09-17T01:00:48.980+0000] {dag.py:3504} INFO - Setting next_dagrun for dataset_consumes_unknown_never_scheduled to None, run_after=None
[2026-09-17T01:00:48.983+0000] {logging_mixin.py:150} INFO - [2026-09-17T01:00:48.982+0000] {dag.py:3504} INFO - Setting next_dagrun for dataset_produces_1 to 2026-09-16T00:00:00+00:00, run_after=2026-09-17T00:00:00+00:00
[2026-09-17T01:00:48.983+0000] {logging_mixin.py:150} INFO - [2026-09-17T01:00:48.983+0000] {dag.py:3504} INFO - Setting next_dagrun for dataset_produces_2 to None, run_after=None
[2026-09-17T01:00:49.021+0000] {processor.py:179} INFO - Processing /home/vscode/.local/lib/python3.10/site-packages/airflow/example_dags/example_datasets.py took 0.108 seconds
[2026-09-17T01:01:05.998+0000] {processor.py:157} INFO - Started process (PID=25554) to work on /home/vscode/.local/lib/python3.10/site-packages/airflow/example_dags/example_datasets.py
[2026-09-17T01:01:05.999+0000] {processor.py:826} INFO - Processing file /home/vscode/.local/lib/python3.10/site-packages/airflow/example_dags/example_datasets.py for tasks to queue
[2026-09-17T01:01:05.999+0000] {logging_mixin.py:150} INFO - [2026-09-17T01:01:05.999+0000] {dagbag.py:541} INFO - Filling up the DagBag from /home/vscode/.local/lib/python3.10/site-packages/airflow/example_dags/example_datasets.py
[2026-09-17T01:01:06.007+0000] {processor.py:836} INFO - DAG(s) dict_keys(['dataset_produces_1', 'dataset_consumes_1_and_2', 'dataset_consumes_1_never_scheduled', 'dataset_produces_2', 'dataset_consumes_1', 'dataset_consumes_unknown_never_scheduled']) retrieved from /home/vscode/.local/lib/python3.10/site-packages/airflow/example_dags/example_datasets.py
[2026-09-17T01:01:06.039+0000] {logging_mixin.py:150} INFO - [2026-09-17T01:01:06.038+0000] {dag.py:2742} INFO - Sync 6 DAGs
[2026-09-17T01:01:06.075+0000] {logging_mixin.py:150} INFO - [2026-09-17T01:01:06.075+0000] {dag.py:3504} INFO - Setting next_dagrun for dataset_consumes_1 to None, run_after=None
[2026-09-17T01:01:06.078+0000] {logging_mixin.py:150} INFO - [2026-09-17T01:01:06.078+0000] {dag.py:3504} INFO - Setting next_dagrun for dataset_consumes_1_and_2 to None, run_after=None
[2026-09-17T01:01:06.079+0000] {logging_mixin.py:150} INFO - [2026-09-17T01:01:06.079+0000] {dag.py:3504} INFO - Setting next_dagrun for dataset_consumes_1_never_scheduled to None, run_after=None
[2026-09-17T01:01:06.080+0000] {logging_mixin.py:150} INFO - [2026-09-17T01:01:06.079+0000] {dag.py:3504} INFO - Setting next_dagrun for dataset_consumes_unknown_never_scheduled to None, run_after=None
[2026-09-17T01:01:06.084+0000] {logging_mixin.py:150} INFO - [2026-09-17T01:01:06.084+0000] {dag.py:3504} INFO - Setting next_dagrun for dataset_produces_1 to 2026-09-16T00:00:00+00:00, run_after=2026-09-17T00:00:00+00:00
[2026-09-17T01:01:06.085+0000] {logging_mixin.py:150} INFO - [2026-09-17T01:01:06.085+0000] {dag.py:3504} INFO - Setting next_dagrun for dataset_produces_2 to None, run_after=None
[2026-09-17T01:01:06.123+0000] {processor.py:179} INFO - Processing /home/vscode/.local/lib/python3.10/site-packages/airflow/example_dags/example_datasets.py took 0.129 seconds
[2026-09-17T01:01:39.226+0000] {processor.py:157} INFO - Started process (PID=25831) to work on /home/vscode/.local/lib/python3.10/site-packages/airflow/example_dags/example_datasets.py
[2026-09-17T01:01:39.227+0000] {processor.py:826} INFO - Processing file /home/vscode/.local/lib/python3.10/site-packages/airflow/example_dags/example_datasets.py for tasks to queue
[2026-09-17T01:01:39.227+0000] {logging_mixin.py:150} INFO - [2026-09-17T01:01:39.227+0000] {dagbag.py:541} INFO - Filling up the DagBag from /home/vscode/.local/lib/python3.10/site-packages/airflow/example_dags/example_datasets.py
[2026-09-17T01:01:39.239+0000] {processor.py:836} INFO - DAG(s) dict_keys(['dataset_consumes_1_and_2', 'dataset_consumes_unknown_never_scheduled', 'dataset_produces_1', 'dataset_produces_2', 'dataset_consumes_1', 'dataset_consumes_1_never_scheduled']) retrieved from /home/vscode/.local/lib/python3.10/site-packages/airflow/example_dags/example_datasets.py
[2026-09-17T01:01:39.268+0000] {logging_mixin.py:150} INFO - [2026-09-17T01:01:39.268+0000] {dag.py:2742} INFO - Sync 6 DAGs
[2026-09-17T01:01:39.291+0000] {logging_mixin.py:150} INFO - [2026-09-17T01:01:39.291+0000] {dag.py:3504} INFO - Setting next_dagrun for dataset_consumes_1 to None, run_after=None
[2026-09-17T01:01:39.294+0000] {logging_mixin.py:150} INFO - [2026-09-17T01:01:39.294+0000] {dag.py:3504} INFO - Setting next_dagrun for dataset_consumes_1_and_2 to None, run_after=None
[2026-09-17T01:01:39.295+0000] {logging_mixin.py:150} INFO - [2026-09-17T01:01:39.295+0000] {dag.py:3504} INFO - Setting next_dagrun for dataset_consumes_1_never_scheduled to None, run_after=None
[2026-09-17T01:01:39.296+0000] {logging_mixin.py:150} INFO - [2026-09-17T01:01:39.296+0000] {dag.py:3504} INFO - Setting next_dagrun for dataset_consumes_unknown_never_scheduled to None, run_after=None
[2026-09-17T01:01:39.300+0000] {logging_mixin.py:150} INFO - [2026-09-17T01:01:39.300+0000] {dag.py:3504} INFO - Setting next_dagrun for dataset_produces_1 to 2026-09-16T00:00:00+00:00, run_after=2026-09-17T00:00:00+00:00
[2026-09-17T01:01:39.301+0000] {logging_mixin.py:150} INFO - [2026-09-17T01:01:39.301+0000] {dag.py:3504} INFO - Setting next_dagrun for dataset_produces_2 to None, run_after=None
[2026-09-17T01:01:39.332+0000] {processor.py:179} INFO - Processing /home/vscode/.local/lib/python3.10/site-packages/airflow/example_dags/example_datasets.py took 0.110 seconds
[2026-09-17T01:01:58.624+0000] {processor.py:157} INFO - Started process (PID=25989) to work on /home/vscode/.local/lib/python3.10/site-packages/airflow/example_dags/example_datasets.py
[2026-09-17T01:01:58.624+0000] {processor.py:826} INFO - Processing file /home/vscode/.local/lib/python3.10/site-packages/airflow/example_dags/example_datasets.py for tasks to queue
[2026-09-17T01:01:58.625+0000] {logging_mixin.py:150} INFO - [2026-09-17T01:01:58.625+0000] {dagbag.py:541} INFO - Filling up the DagBag from /home/vscode/.local/lib/python3.10/site-packages/airflow/example_dags/example_datasets.py
[2026-09-17T01:01:58.633+0000] {processor.py:836} INFO - DAG(s) dict_keys(['dataset_produces_2', 'dataset_consumes_1_and_2', 'dataset_consumes_1', 'dataset_produces_1', 'dataset_consumes_unknown_never_scheduled', 'dataset_consumes_1_never_scheduled']) retrieved from /home/vscode/.local/lib/python3.10/site-packages/airflow/example_dags/example_datasets.py
[2026-09-17T01:01:58.660+0000] {logging_mixin.py:150} INFO - [2026-09-17T01:01:58.659+0000] {dag.py:2742} INFO - Sync 6 DAGs
[2026-09-17T01:01:58.678+0000] {logging_mixin.py:150} INFO - [2026-09-17T01:01:58.678+0000] {dag.py:3504} INFO - Setting next_dagrun for dataset_consumes_1 to None, run_after=None
[2026-09-17T01:01:58.680+0000] {logging_mixin.py:150} INFO - [2026-09-17T01:01:58.680+0000] {dag.py:3504} INFO - Setting next_dagrun for dataset_consumes_1_and_2 to None, run_after=None
[2026-09-17T01:01:58.681+0000] {logging_mixin.py:150} INFO - [2026-09-17T01:01:58.681+0000] {dag.py:3504} INFO - Setting next_dagrun for dataset_consumes_1_never_scheduled to None, run_after=None
[2026-09-17T01:01:58.682+0000] {logging_mixin.py:150} INFO - [2026-09-17T01:01:58.682+0000] {dag.py:3504} INFO - Setting next_dagrun for dataset_consumes_unknown_never_scheduled to None, run_after=None
[2026-09-17T01:01:58.684+0000] {logging_mixin.py:150} INFO - [2026-09-17T01:01:58.684+0000] {dag.py:3504} INFO - Setting next_dagrun for dataset_produces_1 to 2026-09-16T00:00:00+00:00, run_after=2026-09-17T00:00:00+00:00
[2026-09-17T01:01:58.685+0000] {logging_mixin.py:150} INFO - [2026-09-17T01:01:58.685+0000] {dag.py:3504} INFO - Setting next_dagrun for dataset_produces_2 to None, run_after=None
[2026-09-17T01:01:58.712+0000] {processor.py:179} INFO - Processing /home/vscode/.local/lib/python3.10/site-packages/airflow/example_dags/example_datasets.py took 0.091 seconds
[2026-09-17T01:02:23.980+0000] {processor.py:157} INFO - Started process (PID=26208) to work on /home/vscode/.local/lib/python3.10/site-packages/airflow/example_dags/example_datasets.py
[2026-09-17T01:02:23.980+0000] {processor.py:826} INFO - Processing file /home/vscode/.local/lib/python3.10/site-packages/airflow/example_dags/example_datasets.py for tasks to queue
[2026-09-17T01:02:23.981+0000] {logging_mixin.py:150} INFO - [2026-09-17T01:02:23.981+0000] {dagbag.py:541} INFO - Filling up the DagBag from /home/vscode/.local/lib/python3.10/site-packages/airflow/example_dags/example_datasets.py
[2026-09-17T01:02:23.991+0000] {processor.py:836} INFO - DAG(s) dict_keys(['dataset_produces_1', 'dataset_consumes_1_never_scheduled', 'dataset_consumes_1_and_2', 'dataset_consumes_1', 'dataset_consumes_unknown_never_scheduled', 'dataset_produces_2']) retrieved from /home/vscode/.local/lib/python3.10/site-packages/airflow/example_dags/example_datasets.py
[2026-09-17T01:02:24.014+0000] {logging_mixin.py:150} INFO - [2026-09-17T01:02:24.014+0000] {dag.py:2742} INFO - Sync 6 DAGs
[2026-09-17T01:02:24.030+0000] {logging_mixin.py:150} INFO - [2026-09-17T01:02:24.030+0000] {dag.py:3504} INFO - Setting next_dagrun for dataset_consumes_1 to None, run_after=None
[2026-09-17T01:02:24.032+0000] {logging_mixin.py:150} INFO - [2026-09-17T01:02:24.032+0000] {dag.py:3504} INFO - Setting next_dagrun for dataset_consumes_1_and_2 to None, run_after=None
[2026-09-17T01:02:24.033+0000] {logging_mixin.py:150} INFO - [2026-09-17T01:02:24.033+0000] {dag.py:3504} INFO - Setting next_dagrun for dataset_consumes_1_never_scheduled to None, run_after=None
[2026-09-17T01:02:24.033+0000] {logging_mixin.py:150} INFO - [2026-09-17T01:02:24.033+0000] {dag.py:3504} INFO - Setting next_dagrun for dataset_consumes_unknown_never_scheduled to None, run_after=None
[2026-09-17T01:02:24.035+0000] {logging_mixin.py:150} INFO - [2026-09-17T01:02:24.035+0000] {dag.py:3504} INFO - Setting next_dagrun for dataset_produces_1 to 2026-09-16T00:00:00+00:00, run_after=2026-09-17T00:00:00+00:00
[2026-09-17T01:02:24.036+0000] {logging_mixin.py:150} INFO - [2026-09-17T01:02:24.036+0000] {dag.py:3504} INFO - Setting next_dagrun for dataset_produces_2 to None, run_after=None
[2026-09-17T01:02:24.060+0000] {processor.py:179} INFO - Processing /home/vscode/.local/lib/python3.10/site-packages/airflow/example_dags/example_datasets.py took 0.084 seconds
[2026-09-17T01:02:51.392+0000] {processor.py:157} INFO - Started process (PID=26442) to work on /home/vscode/.local/lib/python3.10/site-packages/airflow/example_dags/example_datasets.py
[2026-09-17T01:02:51.393+0000] {processor.py:826} INFO - Processing file /home/vscode/.local/lib/python3.10/site-packages/airflow/example_dags/example_datasets.py for tasks to queue
[2026-09-17T01:02:51.394+0000] {logging_mixin.py:150} INFO - [2026-09-17T01:02:51.394+0000] {dagbag.py:541} INFO - Filling up the DagBag from /home/vscode/.local/lib/python3.10/site-packages/airflow/example_dags/example_datasets.py
[2026-09-17T01:02:51.403+0000] {processor.py:836} INFO - DAG(s) dict_keys(['dataset_consumes_1_and_2', 'dataset_consumes_1_never_scheduled', 'dataset_produces_2', 'dataset_produces_1', 'dataset_consumes_unknown_never_scheduled', 'dataset_consumes_1']) retrieved from /home/vscode/.local/lib/python3.10/site-packages/airflow/example_dags/example_datasets.py
[2026-09-17T01:02:51.428+0000] {logging_mixin.py:150} INFO - [2026-09-17T01:02:51.428+0000] {dag.py:2742} INFO - Sync 6 DAGs
[2026-09-17T01:02:51.451+0000] {logging_mixin.py:150} INFO - [2026-09-17T01:02:51.451+0000] {dag.py:3504} INFO - Setting next_dagrun for dataset_consumes_1 to None, run_after=None
[2026-09-17T01:02:51.454+0000] {logging_mixin.py:150} INFO - [2026-09-17T01:02:51.454+0000] {dag.py:3504} INFO - Setting next_dagrun for dataset_consumes_1_and_2 to None, run_after=None
[2026-09-17T01:02:51.455+0000] {logging_mixin.py:150} INFO - [2026-09-17T01:02:51.455+0000] {dag.py:3504} INFO - Setting next_dagrun for dataset_consumes_1_never_scheduled to None, run_after=None
[2026-09-17T01:02:51.456+0000] {logging_mixin.py:150} INFO - [2026-09-17T01:02:51.456+0000] {dag.py:3504} INFO - Setting next_dagrun for dataset_consumes_unknown_never_scheduled to None, run_after=None
[2026-09-17T01:02:51.459+0000] {logging_mixin.py:150} INFO - [2026-09-17T01:02:51.459+0000] {dag.py:3504} INFO - Setting next_dagrun for dataset_produces_1 to 2026-09-16T00:00:00+00:00, run_after=2026-09-17T00:00:00+00:00
[2026-09-17T01:02:51.460+0000] {logging_mixin.py:150} INFO - [2026-09-17T01:02:51.460+0000] {dag.py:3504} INFO - Setting next_dagrun for dataset_produces_2 to None, run_after=None
[2026-09-17T01:02:51.496+0000] {processor.py:179} INFO - Processing /home/vscode/.local/lib/python3.10/site-packages/airflow/example_dags/example_datasets.py took 0.107 seconds
[2026-09-17T01:03:10.879+0000] {processor.py:157} INFO - Started process (PID=26604) to work on /home/vscode/.local/lib/python3.10/site-packages/airflow/example_dags/example_datasets.py
[2026-09-17T01:03:10.880+0000] {processor.py:826} INFO - Processing file /home/vscode/.local/lib/python3.10/site-packages/airflow/example_dags/example_datasets.py for tasks to queue
[2026-09-17T01:03:10.881+0000] {logging_mixin.py:150} INFO - [2026-09-17T01:03:10.881+0000] {dagbag.py:541} INFO - Filling up the DagBag from /home/vscode/.local/lib/python3.10/site-packages/airflow/example_dags/example_datasets.py
[2026-09-17T01:03:10.893+0000] {processor.py:836} INFO - DAG(s) dict_keys(['dataset_consumes_1_never_scheduled', 'dataset_produces_2', 'dataset_consumes_1', 'dataset_consumes_unknown_never_scheduled', 'dataset_consumes_1_and_2', 'dataset_produces_1']) retrieved from /home/vscode/.local/lib/python3.10/site-packages/airflow/example_dags/example_datasets.py
[2026-09-17T01:03:10.939+0000] {logging_mixin.py:150} INFO - [2026-09-17T01:03:10.939+0000] {dag.py:2742} INFO - Sync 6 DAGs
[2026-09-17T01:03:10.959+0000] {logging_mixin.py:150} INFO - [2026-09-17T01:03:10.959+0000] {dag.py:3504} INFO - Setting next_dagrun for dataset_consumes_1 to None, run_after=None
[2026-09-17T01:03:10.962+0000] {logging_mixin.py:150} INFO - [2026-09-17T01:03:10.962+0000] {dag.py:3504} INFO - Setting next_dagrun for dataset_consumes_1_and_2 to None, run_after=None
[2026-09-17T01:03:10.963+0000] {logging_mixin.py:150} INFO - [2026-09-17T01:03:10.963+0000] {dag.py:3504} INFO - Setting next_dagrun for dataset_consumes_1_never_scheduled to None, run_after=None
[2026-09-17T01:03:10.964+0000] {logging_mixin.py:150} INFO - [2026-09-17T01:03:10.964+0000] {dag.py:3504} INFO - Setting next_dagrun for dataset_consumes_unknown_never_scheduled to None, run_after=None
[2026-09-17T01:03:10.968+0000] {logging_mixin.py:150} INFO - [2026-09-17T01:03:10.967+0000] {dag.py:3504} INFO - Setting next_dagrun for dataset_produces_1 to 2026-09-16T00:00:00+00:00, run_after=2026-09-17T00:00:00+00:00
[2026-09-17T01:03:10.969+0000] {logging_mixin.py:150} INFO - [2026-09-17T01:03:10.968+0000] {dag.py:3504} INFO - Setting next_dagrun for dataset_produces_2 to None, run_after=None
[2026-09-17T01:03:11.005+0000] {processor.py:179} INFO - Processing /home/vscode/.local/lib/python3.10/site-packages/airflow/example_dags/example_datasets.py took 0.129 seconds
[2026-09-17T01:03:41.745+0000] {processor.py:157} INFO - Started process (PID=26875) to work on /home/vscode/.local/lib/python3.10/site-packages/airflow/example_dags/example_datasets.py
[2026-09-17T01:03:41.746+0000] {processor.py:826} INFO - Processing file /home/vscode/.local/lib/python3.10/site-packages/airflow/example_dags/example_datasets.py for tasks to queue
[2026-09-17T01:03:41.747+0000] {logging_mixin.py:150} INFO - [2026-09-17T01:03:41.746+0000] {dagbag.py:541} INFO - Filling up the DagBag from /home/vscode/.local/lib/python3.10/site-packages/airflow/example_dags/example_datasets.py
[2026-09-17T01:03:41.757+0000] {processor.py:836} INFO - DAG(s) dict_keys(['dataset_consumes_1_and_2', 'dataset_consumes_1', 'dataset_consumes_unknown_never_scheduled', 'dataset_produces_1', 'dataset_consumes_1_never_scheduled', 'dataset_produces_2']) retrieved from /home/vscode/.local/lib/python3.10/site-packages/airflow/example_dags/example_datasets.py
[2026-09-17T01:03:41.796+0000] {logging_mixin.py:150} INFO - [2026-09-17T01:03:41.795+0000] {dag.py:2742} INFO - Sync 6 DAGs
[2026-09-17T01:03:41.818+0000] {logging_mixin.py:150} INFO - [2026-09-17T01:03:41.817+0000] {dag.py:3504} INFO - Setting next_dagrun for dataset_consumes_1 to None, run_after=None
[2026-09-17T01:03:41.821+0000] {logging_mixin.py:150} INFO - [2026-09-17T01:03:41.821+0000] {dag.py:3504} INFO - Setting next_dagrun for dataset_consumes_1_and_2 to None, run_after=None
[2026-09-17T01:03:41.822+0000] {logging_mixin.py:150} INFO - [2026-09-17T01:03:41.822+0000] {dag.py:3504} INFO - Setting next_dagrun for dataset_consumes_1_never_scheduled to None, run_after=None
[2026-09-17T01:03:41.823+0000] {logging_mixin.py:150} INFO - [2026-09-17T01:03:41.823+0000] {dag.py:3504} INFO - Setting next_dagrun for dataset_consumes_unknown_never_scheduled to None, run_after=None
[2026-09-17T01:03:41.826+0000] {logging_mixin.py:150} INFO - [2026-09-17T01:03:41.826+0000] {dag.py:3504} INFO - Setting next_dagrun for dataset_produces_1 to 2026-09-16T00:00:00+00:00, run_after=2026-09-17T00:00:00+00:00
[2026-09-17T01:03:41.827+0000] {logging_mixin.py:150} INFO - [2026-09-17T01:03:41.827+0000] {dag.py:3504} INFO - Setting next_dagrun for dataset_produces_2 to None, run_after=None
[2026-09-17T01:03:41.856+0000] {processor.py:179} INFO - Processing /home/vscode/.local/lib/python3.10/site-packages/airflow/example_dags/example_datasets.py took 0.114 seconds
[2026-09-17T01:03:59.297+0000] {processor.py:157} INFO - Started process (PID=27019) to work on /home/vscode/.local/lib/python3.10/site-packages/airflow/example_dags/example_datasets.py
[2026-09-17T01:03:59.297+0000] {processor.py:826} INFO - Processing file /home/vscode/.local/lib/python3.10/site-packages/airflow/example_dags/example_datasets.py for tasks to queue
[2026-09-17T01:03:59.298+0000] {logging_mixin.py:150} INFO - [2026-09-17T01:03:59.298+0000] {dagbag.py:541} INFO - Filling up the DagBag from /home/vscode/.local/lib/python3.10/site-packages/airflow/example_dags/example_datasets.py
[2026-09-17T01:03:59.306+0000] {processor.py:836} INFO - DAG(s) dict_keys(['dataset_consumes_1_and_2', 'dataset_consumes_1', 'dataset_consumes_1_never_scheduled', 'dataset_produces_1', 'dataset_consumes_unknown_never_scheduled', 'dataset_produces_2']) retrieved from /home/vscode/.local/lib/python3.10/site-packages/airflow/example_dags/example_datasets.py
[2026-09-17T01:03:59.330+0000] {logging_mixin.py:150} INFO - [2026-09-17T01:03:59.330+0000] {dag.py:2742} INFO - Sync 6 DAGs
[2026-09-17T01:03:59.346+0000] {logging_mixin.py:150} INFO - [2026-09-17T01:03:59.345+0000] {dag.py:3504} INFO - Setting next_dagrun for dataset_consumes_1 to None, run_after=None
[2026-09-17T01:03:59.348+0000] {logging_mixin.py:150} INFO - [2026-09-17T01:03:59.348+0000] {dag.py:3504} INFO - Setting next_dagrun for dataset_consumes_1_and_2 to None, run_after=None
[2026-09-17T01:03:59.348+0000] {logging_mixin.py:150} INFO - [2026-09-17T01:03:59.348+0000] {dag.py:3504} INFO - Setting next_dagrun for dataset_consumes_1_never_scheduled to None, run_after=None
[2026-09-17T01:03:59.349+0000] {logging_mixin.py:150} INFO - [2026-09-17T01:03:59.349+0000] {dag.py:3504} INFO - Setting next_dagrun for dataset_consumes_unknown_never_scheduled to None, run_after=None
[2026-09-17T01:03:59.351+0000] {logging_mixin.py:150} INFO - [2026-09-17T01:03:59.351+0000] {dag.py:3504} INFO - Setting next_dagrun for dataset_produces_1 to 2026-09-16T00:00:00+00:00, run_after=2026-09-17T00:00:00+00:00
[2026-09-17T01:03:59.352+0000] {logging_mixin.py:150} INFO - [2026-09-17T01:03:59.351+0000] {dag.py:3504} INFO - Setting next_dagrun for dataset_produces_2 to None, run_after=None
[2026-09-17T01:03:59.374+0000] {processor.py:179} INFO - Processing /home/vscode/.local/lib/python3.10/site-packages/airflow/example_dags/example_datasets.py took 0.080 seconds
[2026-09-17T01:04:32.775+0000] {processor.py:157} INFO - Started process (PID=27303) to work on /home/vscode/.local/lib/python3.10/site-packages/airflow/example_dags/example_datasets.py
[2026-09-17T01:04:32.776+0000] {processor.py:826} INFO - Processing file /home/vscode/.local/lib/python3.10/site-packages/airflow/example_dags/example_datasets.py for tasks to queue
[2026-09-17T01:04:32.776+0000] {logging_mixin.py:150} INFO - [2026-09-17T01:04:32.776+0000] {dagbag.py:541} INFO - Filling up the DagBag from /home/vscode/.local/lib/python3.10/site-packages/airflow/example_dags/example_datasets.py
[2026-09-17T01:04:32.785+0000] {processor.py:836} INFO - DAG(s) dict_keys(['dataset_consumes_1_and_2', 'dataset_produces_2', 'dataset_consumes_1', 'dataset_consumes_1_never_scheduled', 'dataset_consumes_unknown_never_scheduled', 'dataset_produces_1']) retrieved from /home/vscode/.local/lib/python3.10/site-packages/airflow/example_dags/example_datasets.py
[2026-09-17T01:04:32.810+0000] {logging_mixin.py:150} INFO - [2026-09-17T01:04:32.810+0000] {dag.py:2742} INFO - Sync 6 DAGs
[2026-09-17T01:04:32.825+0000] {logging_mixin.py:150} INFO - [2026-09-17T01:04:32.825+0000] {dag.py:3504} INFO - Setting next_dagrun for dataset_consumes_1 to None, run_after=None
[2026-09-17T01:04:32.827+0000] {logging_mixin.py:150} INFO - [2026-09-17T01:04:32.827+0000] {dag.py:3504} INFO - Setting next_dagrun for dataset_consumes_1_and_2 to None, run_after=None
[2026-09-17T01:04:32.828+0000] {logging_mixin.py:150} INFO - [2026-09-17T01:04:32.828+0000] {dag.py:3504} INFO - Setting next_dagrun for dataset_consumes_1_never_scheduled to None, run_after=None
[2026-09-17T01:04:32.829+0000] {logging_mixin.py:150} INFO - [2026-09-17T01:04:32.829+0000] {dag.py:3504} INFO - Setting next_dagrun for dataset_consumes_unknown_never_scheduled to None, run_after=None
[2026-09-17T01:04:32.831+0000] {logging_mixin.py:150} INFO - [2026-09-17T01:04:32.831+0000] {dag.py:3504} INFO - Setting next_dagrun for dataset_produces_1 to 2026-09-16T00:00:00+00:00, run_after=2026-09-17T00:00:00+00:00
[2026-09-17T01:04:32.831+0000] {logging_mixin.py:150} INFO - [2026-09-17T01:04:32.831+0000] {dag.py:3504} INFO - Setting next_dagrun for dataset_produces_2 to None, run_after=None
[2026-09-17T01:04:32.854+0000] {processor.py:179} INFO - Processing /home/vscode/.local/lib/python3.10/site-packages/airflow/example_dags/example_datasets.py took 0.082 seconds
[2026-09-17T01:04:53.445+0000] {processor.py:157} INFO - Started process (PID=27475) to work on /home/vscode/.local/lib/python3.10/site-packages/airflow/example_dags/example_datasets.py
[2026-09-17T01:04:53.446+0000] {processor.py:826} INFO - Processing file /home/vscode/.local/lib/python3.10/site-packages/airflow/example_dags/example_datasets.py for tasks to queue
[2026-09-17T01:04:53.448+0000] {logging_mixin.py:150} INFO - [2026-09-17T01:04:53.447+0000] {dagbag.py:541} INFO - Filling up the DagBag from /home/vscode/.local/lib/python3.10/site-packages/airflow/example_dags/example_datasets.py
[2026-09-17T01:04:53.456+0000] {processor.py:836} INFO - DAG(s) dict_keys(['dataset_consumes_1', 'dataset_consumes_unknown_never_scheduled', 'dataset_consumes_1_and_2', 'dataset_consumes_1_never_scheduled', 'dataset_produces_1', 'dataset_produces_2']) retrieved from /home/vscode/.local/lib/python3.10/site-packages/airflow/example_dags/example_datasets.py
[2026-09-17T01:04:53.479+0000] {logging_mixin.py:150} INFO - [2026-09-17T01:04:53.479+0000] {dag.py:2742} INFO - Sync 6 DAGs
[2026-09-17T01:04:53.514+0000] {logging_mixin.py:150} INFO - [2026-09-17T01:04:53.514+0000] {dag.py:3504} INFO - Setting next_dagrun for dataset_consumes_1 to None, run_after=None
[2026-09-17T01:04:53.524+0000] {logging_mixin.py:150} INFO - [2026-09-17T01:04:53.524+0000] {dag.py:3504} INFO - Setting next_dagrun for dataset_consumes_1_and_2 to None, run_after=None
[2026-09-17T01:04:53.525+0000] {logging_mixin.py:150} INFO - [2026-09-17T01:04:53.525+0000] {dag.py:3504} INFO - Setting next_dagrun for dataset_consumes_1_never_scheduled to None, run_after=None
[2026-09-17T01:04:53.529+0000] {logging_mixin.py:150} INFO - [2026-09-17T01:04:53.529+0000] {dag.py:3504} INFO - Setting next_dagrun for dataset_consumes_unknown_never_scheduled to None, run_after=None
[2026-09-17T01:04:53.532+0000] {logging_mixin.py:150} INFO - [2026-09-17T01:04:53.532+0000] {dag.py:3504} INFO - Setting next_dagrun for dataset_produces_1 to 2026-09-16T00:00:00+00:00, run_after=2026-09-17T00:00:00+00:00
[2026-09-17T01:04:53.533+0000] {logging_mixin.py:150} INFO - [2026-09-17T01:04:53.533+0000] {dag.py:3504} INFO - Setting next_dagrun for dataset_produces_2 to None, run_after=None
[2026-09-17T01:04:53.597+0000] {processor.py:179} INFO - Processing /home/vscode/.local/lib/python3.10/site-packages/airflow/example_dags/example_datasets.py took 0.154 seconds
[2026-09-17T01:05:21.775+0000] {processor.py:157} INFO - Started process (PID=27711) to work on /home/vscode/.local/lib/python3.10/site-packages/airflow/example_dags/example_datasets.py
[2026-09-17T01:05:21.776+0000] {processor.py:826} INFO - Processing file /home/vscode/.local/lib/python3.10/site-packages/airflow/example_dags/example_datasets.py for tasks to queue
[2026-09-17T01:05:21.776+0000] {logging_mixin.py:150} INFO - [2026-09-17T01:05:21.776+0000] {dagbag.py:541} INFO - Filling up the DagBag from /home/vscode/.local/lib/python3.10/site-packages/airflow/example_dags/example_datasets.py
[2026-09-17T01:05:21.785+0000] {processor.py:836} INFO - DAG(s) dict_keys(['dataset_produces_2', 'dataset_produces_1', 'dataset_consumes_1_never_scheduled', 'dataset_consumes_1', 'dataset_consumes_unknown_never_scheduled', 'dataset_consumes_1_and_2']) retrieved from /home/vscode/.local/lib/python3.10/site-packages/airflow/example_dags/example_datasets.py
[2026-09-17T01:05:21.810+0000] {logging_mixin.py:150} INFO - [2026-09-17T01:05:21.809+0000] {dag.py:2742} INFO - Sync 6 DAGs
[2026-09-17T01:05:21.824+0000] {logging_mixin.py:150} INFO - [2026-09-17T01:05:21.824+0000] {dag.py:3504} INFO - Setting next_dagrun for dataset_consumes_1 to None, run_after=None
[2026-09-17T01:05:21.826+0000] {logging_mixin.py:150} INFO - [2026-09-17T01:05:21.826+0000] {dag.py:3504} INFO - Setting next_dagrun for dataset_consumes_1_and_2 to None, run_after=None
[2026-09-17T01:05:21.827+0000] {logging_mixin.py:150} INFO - [2026-09-17T01:05:21.827+0000] {dag.py:3504} INFO - Setting next_dagrun for dataset_consumes_1_never_scheduled to None, run_after=None
[2026-09-17T01:05:21.828+0000] {logging_mixin.py:150} INFO - [2026-09-17T01:05:21.828+0000] {dag.py:3504} INFO - Setting next_dagrun for dataset_consumes_unknown_never_scheduled to None, run_after=None
[2026-09-17T01:05:21.830+0000] {logging_mixin.py:150} INFO - [2026-09-17T01:05:21.830+0000] {dag.py:3504} INFO - Setting next_dagrun for dataset_produces_1 to 2026-09-16T00:00:00+00:00, run_after=2026-09-17T00:00:00+00:00
[2026-09-17T01:05:21.830+0000] {logging_mixin.py:150} INFO - [2026-09-17T01:05:21.830+0000] {dag.py:3504} INFO - Setting next_dagrun for dataset_produces_2 to None, run_after=None
[2026-09-17T01:05:21.858+0000] {processor.py:179} INFO - Processing /home/vscode/.local/lib/python3.10/site-packages/airflow/example_dags/example_datasets.py took 0.085 seconds
[2026-09-17T01:05:41.123+0000] {processor.py:157} INFO - Started process (PID=27881) to work on /home/vscode/.local/lib/python3.10/site-packages/airflow/example_dags/example_datasets.py
[2026-09-17T01:05:41.124+0000] {processor.py:826} INFO - Processing file /home/vscode/.local/lib/python3.10/site-packages/airflow/example_dags/example_datasets.py for tasks to queue
[2026-09-17T01:05:41.125+0000] {logging_mixin.py:150} INFO - [2026-09-17T01:05:41.125+0000] {dagbag.py:541} INFO - Filling up the DagBag from /home/vscode/.local/lib/python3.10/site-packages/airflow/example_dags/example_datasets.py
[2026-09-17T01:05:41.134+0000] {processor.py:836} INFO - DAG(s) dict_keys(['dataset_consumes_1', 'dataset_consumes_unknown_never_scheduled', 'dataset_produces_2', 'dataset_consumes_1_never_scheduled', 'dataset_consumes_1_and_2', 'dataset_produces_1']) retrieved from /home/vscode/.local/lib/python3.10/site-packages/airflow/example_dags/example_datasets.py
[2026-09-17T01:05:41.156+0000] {logging_mixin.py:150} INFO - [2026-09-17T01:05:41.156+0000] {dag.py:2742} INFO - Sync 6 DAGs
[2026-09-17T01:05:41.172+0000] {logging_mixin.py:150} INFO - [2026-09-17T01:05:41.172+0000] {dag.py:3504} INFO - Setting next_dagrun for dataset_consumes_1 to None, run_after=None
[2026-09-17T01:05:41.176+0000] {logging_mixin.py:150} INFO - [2026-09-17T01:05:41.176+0000] {dag.py:3504} INFO - Setting next_dagrun for dataset_consumes_1_and_2 to None, run_after=None
[2026-09-17T01:05:41.177+0000] {logging_mixin.py:150} INFO - [2026-09-17T01:05:41.177+0000] {dag.py:3504} INFO - Setting next_dagrun for dataset_consumes_1_never_scheduled to None, run_after=None
[2026-09-17T01:05:41.178+0000] {logging_mixin.py:150} INFO - [2026-09-17T01:05:41.178+0000] {dag.py:3504} INFO - Setting next_dagrun for dataset_consumes_unknown_never_scheduled to None, run_after=None
[2026-09-17T01:05:41.182+0000] {logging_mixin.py:150} INFO - [2026-09-17T01:05:41.182+0000] {dag.py:3504} INFO - Setting next_dagrun for dataset_produces_1 to 2026-09-16T00:00:00+00:00, run_after=2026-09-17T00:00:00+00:00
[2026-09-17T01:05:41.183+0000] {logging_mixin.py:150} INFO - [2026-09-17T01:05:41.183+0000] {dag.py:3504} INFO - Setting next_dagrun for dataset_produces_2 to None, run_after=None
[2026-09-17T01:05:41.210+0000] {processor.py:179} INFO - Processing /home/vscode/.local/lib/python3.10/site-packages/airflow/example_dags/example_datasets.py took 0.090 seconds
[2026-09-17T01:06:08.110+0000] {processor.py:157} INFO - Started process (PID=28139) to work on /home/vscode/.local/lib/python3.10/site-packages/airflow/example_dags/example_datasets.py
[2026-09-17T01:06:08.111+0000] {processor.py:826} INFO - Processing file /home/vscode/.local/lib/python3.10/site-packages/airflow/example_dags/example_datasets.py for tasks to queue
[2026-09-17T01:06:08.112+0000] {logging_mixin.py:150} INFO - [2026-09-17T01:06:08.111+0000] {dagbag.py:541} INFO - Filling up the DagBag from /home/vscode/.local/lib/python3.10/site-packages/airflow/example_dags/example_datasets.py
[2026-09-17T01:06:08.119+0000] {processor.py:836} INFO - DAG(s) dict_keys(['dataset_consumes_1_and_2', 'dataset_consumes_unknown_never_scheduled', 'dataset_consumes_1', 'dataset_produces_1', 'dataset_consumes_1_never_scheduled', 'dataset_produces_2']) retrieved from /home/vscode/.local/lib/python3.10/site-packages/airflow/example_dags/example_datasets.py
[2026-09-17T01:06:08.140+0000] {logging_mixin.py:150} INFO - [2026-09-17T01:06:08.140+0000] {dag.py:2742} INFO - Sync 6 DAGs
[2026-09-17T01:06:08.155+0000] {logging_mixin.py:150} INFO - [2026-09-17T01:06:08.155+0000] {dag.py:3504} INFO - Setting next_dagrun for dataset_consumes_1 to None, run_after=None
[2026-09-17T01:06:08.157+0000] {logging_mixin.py:150} INFO - [2026-09-17T01:06:08.157+0000] {dag.py:3504} INFO - Setting next_dagrun for dataset_consumes_1_and_2 to None, run_after=None
[2026-09-17T01:06:08.158+0000] {logging_mixin.py:150} INFO - [2026-09-17T01:06:08.158+0000] {dag.py:3504} INFO - Setting next_dagrun for dataset_consumes_1_never_scheduled to None, run_after=None
[2026-09-17T01:06:08.158+0000] {logging_mixin.py:150} INFO - [2026-09-17T01:06:08.158+0000] {dag.py:3504} INFO - Setting next_dagrun for dataset_consumes_unknown_never_scheduled to None, run_after=None
[2026-09-17T01:06:08.160+0000] {logging_mixin.py:150} INFO - [2026-09-17T01:06:08.160+0000] {dag.py:3504} INFO - Setting next_dagrun for dataset_produces_1 to 2026-09-16T00:00:00+00:00, run_after=2026-09-17T00:00:00+00:00
[2026-09-17T01:06:08.161+0000] {logging_mixin.py:150} INFO - [2026-09-17T01:06:08.161+0000] {dag.py:3504} INFO - Setting next_dagrun for dataset_produces_2 to None, run_after=None
[2026-09-17T01:06:08.184+0000] {processor.py:179} INFO - Processing /home/vscode/.local/lib/python3.10/site-packages/airflow/example_dags/example_datasets.py took 0.076 seconds
[2026-09-17T01:06:30.001+0000] {processor.py:157} INFO - Started process (PID=28321) to work on /home/vscode/.local/lib/python3.10/site-packages/airflow/example_dags/example_datasets.py
[2026-09-17T01:06:30.001+0000] {processor.py:826} INFO - Processing file /home/vscode/.local/lib/python3.10/site-packages/airflow/example_dags/example_datasets.py for tasks to queue
[2026-09-17T01:06:30.002+0000] {logging_mixin.py:150} INFO - [2026-09-17T01:06:30.002+0000] {dagbag.py:541} INFO - Filling up the DagBag from /home/vscode/.local/lib/python3.10/site-packages/airflow/example_dags/example_datasets.py
[2026-09-17T01:06:30.013+0000] {processor.py:836} INFO - DAG(s) dict_keys(['dataset_produces_1', 'dataset_consumes_1_never_scheduled', 'dataset_consumes_unknown_never_scheduled', 'dataset_produces_2', 'dataset_consumes_1', 'dataset_consumes_1_and_2']) retrieved from /home/vscode/.local/lib/python3.10/site-packages/airflow/example_dags/example_datasets.py
[2026-09-17T01:06:30.065+0000] {logging_mixin.py:150} INFO - [2026-09-17T01:06:30.065+0000] {dag.py:2742} INFO - Sync 6 DAGs
[2026-09-17T01:06:30.099+0000] {logging_mixin.py:150} INFO - [2026-09-17T01:06:30.098+0000] {dag.py:3504} INFO - Setting next_dagrun for dataset_consumes_1 to None, run_after=None
[2026-09-17T01:06:30.103+0000] {logging_mixin.py:150} INFO - [2026-09-17T01:06:30.103+0000] {dag.py:3504} INFO - Setting next_dagrun for dataset_consumes_1_and_2 to None, run_after=None
[2026-09-17T01:06:30.104+0000] {logging_mixin.py:150} INFO - [2026-09-17T01:06:30.104+0000] {dag.py:3504} INFO - Setting next_dagrun for dataset_consumes_1_never_scheduled to None, run_after=None
[2026-09-17T01:06:30.107+0000] {logging_mixin.py:150} INFO - [2026-09-17T01:06:30.107+0000] {dag.py:3504} INFO - Setting next_dagrun for dataset_consumes_unknown_never_scheduled to None, run_after=None
[2026-09-17T01:06:30.112+0000] {logging_mixin.py:150} INFO - [2026-09-17T01:06:30.112+0000] {dag.py:3504} INFO - Setting next_dagrun for dataset_produces_1 to 2026-09-16T00:00:00+00:00, run_after=2026-09-17T00:00:00+00:00
[2026-09-17T01:06:30.113+0000] {logging_mixin.py:150} INFO - [2026-09-17T01:06:30.113+0000] {dag.py:3504} INFO - Setting next_dagrun for dataset_produces_2 to None, run_after=None
[2026-09-17T01:06:30.146+0000] {processor.py:179} INFO - Processing /home/vscode/.local/lib/python3.10/site-packages/airflow/example_dags/example_datasets.py took 0.149 seconds
[2026-09-17T01:07:01.912+0000] {processor.py:157} INFO - Started process (PID=28595) to work on /home/vscode/.local/lib/python3.10/site-packages/airflow/example_dags/example_datasets.py
[2026-09-17T01:07:01.913+0000] {processor.py:826} INFO - Processing file /home/vscode/.local/lib/python3.10/site-packages/airflow/example_dags/example_datasets.py for tasks to queue
[2026-09-17T01:07:01.913+0000] {logging_mixin.py:150} INFO - [2026-09-17T01:07:01.913+0000] {dagbag.py:541} INFO - Filling up the DagBag from /home/vscode/.local/lib/python3.10/site-packages/airflow/example_dags/example_datasets.py
[2026-09-17T01:07:01.923+0000] {processor.py:836} INFO - DAG(s) dict_keys(['dataset_produces_1', 'dataset_produces_2', 'dataset_consumes_unknown_never_scheduled', 'dataset_consumes_1_and_2', 'dataset_consumes_1_never_scheduled', 'dataset_consumes_1']) retrieved from /home/vscode/.local/lib/python3.10/site-packages/airflow/example_dags/example_datasets.py
[2026-09-17T01:07:01.955+0000] {logging_mixin.py:150} INFO - [2026-09-17T01:07:01.955+0000] {dag.py:2742} INFO - Sync 6 DAGs
[2026-09-17T01:07:01.971+0000] {logging_mixin.py:150} INFO - [2026-09-17T01:07:01.971+0000] {dag.py:3504} INFO - Setting next_dagrun for dataset_consumes_1 to None, run_after=None
[2026-09-17T01:07:01.974+0000] {logging_mixin.py:150} INFO - [2026-09-17T01:07:01.974+0000] {dag.py:3504} INFO - Setting next_dagrun for dataset_consumes_1_and_2 to None, run_after=None
[2026-09-17T01:07:01.974+0000] {logging_mixin.py:150} INFO - [2026-09-17T01:07:01.974+0000] {dag.py:3504} INFO - Setting next_dagrun for dataset_consumes_1_never_scheduled to None, run_after=None
[2026-09-17T01:07:01.975+0000] {logging_mixin.py:150} INFO - [2026-09-17T01:07:01.975+0000] {dag.py:3504} INFO - Setting next_dagrun for dataset_consumes_unknown_never_scheduled to None, run_after=None
[2026-09-17T01:07:01.977+0000] {logging_mixin.py:150} INFO - [2026-09-17T01:07:01.977+0000] {dag.py:3504} INFO - Setting next_dagrun for dataset_produces_1 to 2026-09-16T00:00:00+00:00, run_after=2026-09-17T00:00:00+00:00
[2026-09-17T01:07:01.978+0000] {logging_mixin.py:150} INFO - [2026-09-17T01:07:01.978+0000] {dag.py:3504} INFO - Setting next_dagrun for dataset_produces_2 to None, run_after=None
[2026-09-17T01:07:02.007+0000] {processor.py:179} INFO - Processing /home/vscode/.local/lib/python3.10/site-packages/airflow/example_dags/example_datasets.py took 0.098 seconds
[2026-09-17T01:07:21.078+0000] {processor.py:157} INFO - Started process (PID=28760) to work on /home/vscode/.local/lib/python3.10/site-packages/airflow/example_dags/example_datasets.py
[2026-09-17T01:07:21.078+0000] {processor.py:826} INFO - Processing file /home/vscode/.local/lib/python3.10/site-packages/airflow/example_dags/example_datasets.py for tasks to queue
[2026-09-17T01:07:21.079+0000] {logging_mixin.py:150} INFO - [2026-09-17T01:07:21.079+0000] {dagbag.py:541} INFO - Filling up the DagBag from /home/vscode/.local/lib/python3.10/site-packages/airflow/example_dags/example_datasets.py
[2026-09-17T01:07:21.090+0000] {processor.py:836} INFO - DAG(s) dict_keys(['dataset_produces_2', 'dataset_consumes_1', 'dataset_consumes_1_and_2', 'dataset_consumes_unknown_never_scheduled', 'dataset_consumes_1_never_scheduled', 'dataset_produces_1']) retrieved from /home/vscode/.local/lib/python3.10/site-packages/airflow/example_dags/example_datasets.py
[2026-09-17T01:07:21.143+0000] {logging_mixin.py:150} INFO - [2026-09-17T01:07:21.143+0000] {dag.py:2742} INFO - Sync 6 DAGs
[2026-09-17T01:07:21.164+0000] {logging_mixin.py:150} INFO - [2026-09-17T01:07:21.164+0000] {dag.py:3504} INFO - Setting next_dagrun for dataset_consumes_1 to None, run_after=None
[2026-09-17T01:07:21.168+0000] {logging_mixin.py:150} INFO - [2026-09-17T01:07:21.167+0000] {dag.py:3504} INFO - Setting next_dagrun for dataset_consumes_1_and_2 to None, run_after=None
[2026-09-17T01:07:21.169+0000] {logging_mixin.py:150} INFO - [2026-09-17T01:07:21.168+0000] {dag.py:3504} INFO - Setting next_dagrun for dataset_consumes_1_never_scheduled to None, run_after=None
[2026-09-17T01:07:21.170+0000] {logging_mixin.py:150} INFO - [2026-09-17T01:07:21.170+0000] {dag.py:3504} INFO - Setting next_dagrun for dataset_consumes_unknown_never_scheduled to None, run_after=None
[2026-09-17T01:07:21.172+0000] {logging_mixin.py:150} INFO - [2026-09-17T01:07:21.172+0000] {dag.py:3504} INFO - Setting next_dagrun for dataset_produces_1 to 2026-09-16T00:00:00+00:00, run_after=2026-09-17T00:00:00+00:00
[2026-09-17T01:07:21.173+0000] {logging_mixin.py:150} INFO - [2026-09-17T01:07:21.173+0000] {dag.py:3504} INFO - Setting next_dagrun for dataset_produces_2 to None, run_after=None
[2026-09-17T01:07:21.202+0000] {processor.py:179} INFO - Processing /home/vscode/.local/lib/python3.10/site-packages/airflow/example_dags/example_datasets.py took 0.128 seconds
[2026-09-17T01:07:47.340+0000] {processor.py:157} INFO - Started process (PID=28978) to work on /home/vscode/.local/lib/python3.10/site-packages/airflow/example_dags/example_datasets.py
[2026-09-17T01:07:47.342+0000] {processor.py:826} INFO - Processing file /home/vscode/.local/lib/python3.10/site-packages/airflow/example_dags/example_datasets.py for tasks to queue
[2026-09-17T01:07:47.342+0000] {logging_mixin.py:150} INFO - [2026-09-17T01:07:47.342+0000] {dagbag.py:541} INFO - Filling up the DagBag from /home/vscode/.local/lib/python3.10/site-packages/airflow/example_dags/example_datasets.py
[2026-09-17T01:07:47.353+0000] {processor.py:836} INFO - DAG(s) dict_keys(['dataset_consumes_1_and_2', 'dataset_consumes_unknown_never_scheduled', 'dataset_produces_2', 'dataset_produces_1', 'dataset_consumes_1_never_scheduled', 'dataset_consumes_1']) retrieved from /home/vscode/.local/lib/python3.10/site-packages/airflow/example_dags/example_datasets.py
[2026-09-17T01:07:47.383+0000] {logging_mixin.py:150} INFO - [2026-09-17T01:07:47.383+0000] {dag.py:2742} INFO - Sync 6 DAGs
[2026-09-17T01:07:47.400+0000] {logging_mixin.py:150} INFO - [2026-09-17T01:07:47.400+0000] {dag.py:3504} INFO - Setting next_dagrun for dataset_consumes_1 to None, run_after=None
[2026-09-17T01:07:47.402+0000] {logging_mixin.py:150} INFO - [2026-09-17T01:07:47.402+0000] {dag.py:3504} INFO - Setting next_dagrun for dataset_consumes_1_and_2 to None, run_after=None
[2026-09-17T01:07:47.403+0000] {logging_mixin.py:150} INFO - [2026-09-17T01:07:47.403+0000] {dag.py:3504} INFO - Setting next_dagrun for dataset_consumes_1_never_scheduled to None, run_after=None
[2026-09-17T01:07:47.404+0000] {logging_mixin.py:150} INFO - [2026-09-17T01:07:47.404+0000] {dag.py:3504} INFO - Setting next_dagrun for dataset_consumes_unknown_never_scheduled to None, run_after=None
[2026-09-17T01:07:47.406+0000] {logging_mixin.py:150} INFO - [2026-09-17T01:07:47.405+0000] {dag.py:3504} INFO - Setting next_dagrun for dataset_produces_1 to 2026-09-16T00:00:00+00:00, run_after=2026-09-17T00:00:00+00:00
[2026-09-17T01:07:47.406+0000] {logging_mixin.py:150} INFO - [2026-09-17T01:07:47.406+0000] {dag.py:3504} INFO - Setting next_dagrun for dataset_produces_2 to None, run_after=None
[2026-09-17T01:07:47.433+0000] {processor.py:179} INFO - Processing /home/vscode/.local/lib/python3.10/site-packages/airflow/example_dags/example_datasets.py took 0.096 seconds
[2026-09-17T01:08:11.432+0000] {processor.py:157} INFO - Started process (PID=29180) to work on /home/vscode/.local/lib/python3.10/site-packages/airflow/example_dags/example_datasets.py
[2026-09-17T01:08:11.433+0000] {processor.py:826} INFO - Processing file /home/vscode/.local/lib/python3.10/site-packages/airflow/example_dags/example_datasets.py for tasks to queue
[2026-09-17T01:08:11.434+0000] {logging_mixin.py:150} INFO - [2026-09-17T01:08:11.433+0000] {dagbag.py:541} INFO - Filling up the DagBag from /home/vscode/.local/lib/python3.10/site-packages/airflow/example_dags/example_datasets.py
[2026-09-17T01:08:11.441+0000] {processor.py:836} INFO - DAG(s) dict_keys(['dataset_produces_2', 'dataset_consumes_1', 'dataset_consumes_1_and_2', 'dataset_produces_1', 'dataset_consumes_unknown_never_scheduled', 'dataset_consumes_1_never_scheduled']) retrieved from /home/vscode/.local/lib/python3.10/site-packages/airflow/example_dags/example_datasets.py
[2026-09-17T01:08:11.462+0000] {logging_mixin.py:150} INFO - [2026-09-17T01:08:11.462+0000] {dag.py:2742} INFO - Sync 6 DAGs
[2026-09-17T01:08:11.480+0000] {logging_mixin.py:150} INFO - [2026-09-17T01:08:11.480+0000] {dag.py:3504} INFO - Setting next_dagrun for dataset_consumes_1 to None, run_after=None
[2026-09-17T01:08:11.482+0000] {logging_mixin.py:150} INFO - [2026-09-17T01:08:11.482+0000] {dag.py:3504} INFO - Setting next_dagrun for dataset_consumes_1_and_2 to None, run_after=None
[2026-09-17T01:08:11.483+0000] {logging_mixin.py:150} INFO - [2026-09-17T01:08:11.483+0000] {dag.py:3504} INFO - Setting next_dagrun for dataset_consumes_1_never_scheduled to None, run_after=None
[2026-09-17T01:08:11.484+0000] {logging_mixin.py:150} INFO - [2026-09-17T01:08:11.484+0000] {dag.py:3504} INFO - Setting next_dagrun for dataset_consumes_unknown_never_scheduled to None, run_after=None
[2026-09-17T01:08:11.487+0000] {logging_mixin.py:150} INFO - [2026-09-17T01:08:11.487+0000] {dag.py:3504} INFO - Setting next_dagrun for dataset_produces_1 to 2026-09-16T00:00:00+00:00, run_after=2026-09-17T00:00:00+00:00
[2026-09-17T01:08:11.488+0000] {logging_mixin.py:150} INFO - [2026-09-17T01:08:11.488+0000] {dag.py:3504} INFO - Setting next_dagrun for dataset_produces_2 to None, run_after=None
[2026-09-17T01:08:11.519+0000] {processor.py:179} INFO - Processing /home/vscode/.local/lib/python3.10/site-packages/airflow/example_dags/example_datasets.py took 0.089 seconds
[2026-09-17T01:08:37.305+0000] {processor.py:157} INFO - Started process (PID=29413) to work on /home/vscode/.local/lib/python3.10/site-packages/airflow/example_dags/example_datasets.py
[2026-09-17T01:08:37.305+0000] {processor.py:826} INFO - Processing file /home/vscode/.local/lib/python3.10/site-packages/airflow/example_dags/example_datasets.py for tasks to queue
[2026-09-17T01:08:37.306+0000] {logging_mixin.py:150} INFO - [2026-09-17T01:08:37.306+0000] {dagbag.py:541} INFO - Filling up the DagBag from /home/vscode/.local/lib/python3.10/site-packages/airflow/example_dags/example_datasets.py
[2026-09-17T01:08:37.313+0000] {processor.py:836} INFO - DAG(s) dict_keys(['dataset_produces_1', 'dataset_consumes_unknown_never_scheduled', 'dataset_consumes_1_never_scheduled', 'dataset_consumes_1_and_2', 'dataset_produces_2', 'dataset_consumes_1']) retrieved from /home/vscode/.local/lib/python3.10/site-packages/airflow/example_dags/example_datasets.py
[2026-09-17T01:08:37.335+0000] {logging_mixin.py:150} INFO - [2026-09-17T01:08:37.334+0000] {dag.py:2742} INFO - Sync 6 DAGs
[2026-09-17T01:08:37.350+0000] {logging_mixin.py:150} INFO - [2026-09-17T01:08:37.350+0000] {dag.py:3504} INFO - Setting next_dagrun for dataset_consumes_1 to None, run_after=None
[2026-09-17T01:08:37.352+0000] {logging_mixin.py:150} INFO - [2026-09-17T01:08:37.352+0000] {dag.py:3504} INFO - Setting next_dagrun for dataset_consumes_1_and_2 to None, run_after=None
[2026-09-17T01:08:37.353+0000] {logging_mixin.py:150} INFO - [2026-09-17T01:08:37.353+0000] {dag.py:3504} INFO - Setting next_dagrun for dataset_consumes_1_never_scheduled to None, run_after=None
[2026-09-17T01:08:37.354+0000] {logging_mixin.py:150} INFO - [2026-09-17T01:08:37.354+0000] {dag.py:3504} INFO - Setting next_dagrun for dataset_consumes_unknown_never_scheduled to None, run_after=None
[2026-09-17T01:08:37.356+0000] {logging_mixin.py:150} INFO - [2026-09-17T01:08:37.356+0000] {dag.py:3504} INFO - Setting next_dagrun for dataset_produces_1 to 2026-09-16T00:00:00+00:00, run_after=2026-09-17T00:00:00+00:00
[2026-09-17T01:08:37.356+0000] {logging_mixin.py:150} INFO - [2026-09-17T01:08:37.356+0000] {dag.py:3504} INFO - Setting next_dagrun for dataset_produces_2 to None, run_after=None
[2026-09-17T01:08:37.379+0000] {processor.py:179} INFO - Processing /home/vscode/.local/lib/python3.10/site-packages/airflow/example_dags/example_datasets.py took 0.077 seconds
[2026-09-17T01:08:58.831+0000] {processor.py:157} INFO - Started process (PID=29588) to work on /home/vscode/.local/lib/python3.10/site-packages/airflow/example_dags/example_datasets.py
[2026-09-17T01:08:58.831+0000] {processor.py:826} INFO - Processing file /home/vscode/.local/lib/python3.10/site-packages/airflow/example_dags/example_datasets.py for tasks to queue
[2026-09-17T01:08:58.832+0000] {logging_mixin.py:150} INFO - [2026-09-17T01:08:58.832+0000] {dagbag.py:541} INFO - Filling up the DagBag from /home/vscode/.local/lib/python3.10/site-packages/airflow/example_dags/example_datasets.py
[2026-09-17T01:08:58.840+0000] {processor.py:836} INFO - DAG(s) dict_keys(['dataset_consumes_unknown_never_scheduled', 'dataset_consumes_1', 'dataset_produces_2', 'dataset_consumes_1_and_2', 'dataset_consumes_1_never_scheduled', 'dataset_produces_1']) retrieved from /home/vscode/.local/lib/python3.10/site-packages/airflow/example_dags/example_datasets.py
[2026-09-17T01:08:58.862+0000] {logging_mixin.py:150} INFO - [2026-09-17T01:08:58.861+0000] {dag.py:2742} INFO - Sync 6 DAGs
[2026-09-17T01:08:58.880+0000] {logging_mixin.py:150} INFO - [2026-09-17T01:08:58.879+0000] {dag.py:3504} INFO - Setting next_dagrun for dataset_consumes_1 to None, run_after=None
[2026-09-17T01:08:58.884+0000] {logging_mixin.py:150} INFO - [2026-09-17T01:08:58.884+0000] {dag.py:3504} INFO - Setting next_dagrun for dataset_consumes_1_and_2 to None, run_after=None
[2026-09-17T01:08:58.885+0000] {logging_mixin.py:150} INFO - [2026-09-17T01:08:58.885+0000] {dag.py:3504} INFO - Setting next_dagrun for dataset_consumes_1_never_scheduled to None, run_after=None
[2026-09-17T01:08:58.886+0000] {logging_mixin.py:150} INFO - [2026-09-17T01:08:58.886+0000] {dag.py:3504} INFO - Setting next_dagrun for dataset_consumes_unknown_never_scheduled to None, run_after=None
[2026-09-17T01:08:58.889+0000] {logging_mixin.py:150} INFO - [2026-09-17T01:08:58.889+0000] {dag.py:3504} INFO - Setting next_dagrun for dataset_produces_1 to 2026-09-16T00:00:00+00:00, run_after=2026-09-17T00:00:00+00:00
[2026-09-17T01:08:58.890+0000] {logging_mixin.py:150} INFO - [2026-09-17T01:08:58.890+0000] {dag.py:3504} INFO - Setting next_dagrun for dataset_produces_2 to None, run_after=None
[2026-09-17T01:08:58.923+0000] {processor.py:179} INFO - Processing /home/vscode/.local/lib/python3.10/site-packages/airflow/example_dags/example_datasets.py took 0.095 seconds
[2026-09-17T01:09:30.015+0000] {processor.py:157} INFO - Started process (PID=29859) to work on /home/vscode/.local/lib/python3.10/site-packages/airflow/example_dags/example_datasets.py
[2026-09-17T01:09:30.016+0000] {processor.py:826} INFO - Processing file /home/vscode/.local/lib/python3.10/site-packages/airflow/example_dags/example_datasets.py for tasks to queue
[2026-09-17T01:09:30.016+0000] {logging_mixin.py:150} INFO - [2026-09-17T01:09:30.016+0000] {dagbag.py:541} INFO - Filling up the DagBag from /home/vscode/.local/lib/python3.10/site-packages/airflow/example_dags/example_datasets.py
[2026-09-17T01:09:30.025+0000] {processor.py:836} INFO - DAG(s) dict_keys(['dataset_consumes_1_never_scheduled', 'dataset_consumes_unknown_never_scheduled', 'dataset_consumes_1', 'dataset_produces_2', 'dataset_produces_1', 'dataset_consumes_1_and_2']) retrieved from /home/vscode/.local/lib/python3.10/site-packages/airflow/example_dags/example_datasets.py
[2026-09-17T01:09:30.050+0000] {logging_mixin.py:150} INFO - [2026-09-17T01:09:30.050+0000] {dag.py:2742} INFO - Sync 6 DAGs
[2026-09-17T01:09:30.066+0000] {logging_mixin.py:150} INFO - [2026-09-17T01:09:30.066+0000] {dag.py:3504} INFO - Setting next_dagrun for dataset_consumes_1 to None, run_after=None
[2026-09-17T01:09:30.069+0000] {logging_mixin.py:150} INFO - [2026-09-17T01:09:30.069+0000] {dag.py:3504} INFO - Setting next_dagrun for dataset_consumes_1_and_2 to None, run_after=None
[2026-09-17T01:09:30.069+0000] {logging_mixin.py:150} INFO - [2026-09-17T01:09:30.069+0000] {dag.py:3504} INFO - Setting next_dagrun for dataset_consumes_1_never_scheduled to None, run_after=None
[2026-09-17T01:09:30.070+0000] {logging_mixin.py:150} INFO - [2026-09-17T01:09:30.070+0000] {dag.py:3504} INFO - Setting next_dagrun for dataset_consumes_unknown_never_scheduled to None, run_after=None
[2026-09-17T01:09:30.072+0000] {logging_mixin.py:150} INFO - [2026-09-17T01:09:30.072+0000] {dag.py:3504} INFO - Setting next_dagrun for dataset_produces_1 to 2026-09-16T00:00:00+00:00, run_after=2026-09-17T00:00:00+00:00
[2026-09-17T01:09:30.073+0000] {logging_mixin.py:150} INFO - [2026-09-17T01:09:30.073+0000] {dag.py:3504} INFO - Setting next_dagrun for dataset_produces_2 to None, run_after=None
[2026-09-17T01:09:30.100+0000] {processor.py:179} INFO - Processing /home/vscode/.local/lib/python3.10/site-packages/airflow/example_dags/example_datasets.py took 0.088 seconds
[2026-09-17T01:09:46.923+0000] {processor.py:157} INFO - Started process (PID=30006) to work on /home/vscode/.local/lib/python3.10/site-packages/airflow/example_dags/example_datasets.py
[2026-09-17T01:09:46.924+0000] {processor.py:826} INFO - Processing file /home/vscode/.local/lib/python3.10/site-packages/airflow/example_dags/example_datasets.py for tasks to queue
[2026-09-17T01:09:46.924+0000] {logging_mixin.py:150} INFO - [2026-09-17T01:09:46.924+0000] {dagbag.py:541} INFO - Filling up the DagBag from /home/vscode/.local/lib/python3.10/site-packages/airflow/example_dags/example_datasets.py
[2026-09-17T01:09:46.933+0000] {processor.py:836} INFO - DAG(s) dict_keys(['dataset_produces_1', 'dataset_consumes_1', 'dataset_consumes_1_and_2', 'dataset_consumes_unknown_never_scheduled', 'dataset_consumes_1_never_scheduled', 'dataset_produces_2']) retrieved from /home/vscode/.local/lib/python3.10/site-packages/airflow/example_dags/example_datasets.py
[2026-09-17T01:09:46.967+0000] {logging_mixin.py:150} INFO - [2026-09-17T01:09:46.966+0000] {dag.py:2742} INFO - Sync 6 DAGs
[2026-09-17T01:09:46.983+0000] {logging_mixin.py:150} INFO - [2026-09-17T01:09:46.983+0000] {dag.py:3504} INFO - Setting next_dagrun for dataset_consumes_1 to None, run_after=None
[2026-09-17T01:09:46.986+0000] {logging_mixin.py:150} INFO - [2026-09-17T01:09:46.986+0000] {dag.py:3504} INFO - Setting next_dagrun for dataset_consumes_1_and_2 to None, run_after=None
[2026-09-17T01:09:46.987+0000] {logging_mixin.py:150} INFO - [2026-09-17T01:09:46.987+0000] {dag.py:3504} INFO - Setting next_dagrun for dataset_consumes_1_never_scheduled to None, run_after=None
[2026-09-17T01:09:46.988+0000] {logging_mixin.py:150} INFO - [2026-09-17T01:09:46.988+0000] {dag.py:3504} INFO - Setting next_dagrun for dataset_consumes_unknown_never_scheduled to None, run_after=None
[2026-09-17T01:09:46.990+0000] {logging_mixin.py:150} INFO - [2026-09-17T01:09:46.990+0000] {dag.py:3504} INFO - Setting next_dagrun for dataset_produces_1 to 2026-09-16T00:00:00+00:00, run_after=2026-09-17T00:00:00+00:00
[2026-09-17T01:09:46.991+0000] {logging_mixin.py:150} INFO - [2026-09-17T01:09:46.991+0000] {dag.py:3504} INFO - Setting next_dagrun for dataset_produces_2 to None, run_after=None
[2026-09-17T01:09:47.022+0000] {processor.py:179} INFO - Processing /home/vscode/.local/lib/python3.10/site-packages/airflow/example_dags/example_datasets.py took 0.102 seconds
[2026-09-17T01:10:17.678+0000] {processor.py:157} INFO - Started process (PID=30272) to work on /home/vscode/.local/lib/python3.10/site-packages/airflow/example_dags/example_datasets.py
[2026-09-17T01:10:17.678+0000] {processor.py:826} INFO - Processing file /home/vscode/.local/lib/python3.10/site-packages/airflow/example_dags/example_datasets.py for tasks to queue
[2026-09-17T01:10:17.679+0000] {logging_mixin.py:150} INFO - [2026-09-17T01:10:17.679+0000] {dagbag.py:541} INFO - Filling up the DagBag from /home/vscode/.local/lib/python3.10/site-packages/airflow/example_dags/example_datasets.py
[2026-09-17T01:10:17.688+0000] {processor.py:836} INFO - DAG(s) dict_keys(['dataset_produces_1', 'dataset_consumes_1_and_2', 'dataset_consumes_1_never_scheduled', 'dataset_consumes_unknown_never_scheduled', 'dataset_produces_2', 'dataset_consumes_1']) retrieved from /home/vscode/.local/lib/python3.10/site-packages/airflow/example_dags/example_datasets.py
[2026-09-17T01:10:17.717+0000] {logging_mixin.py:150} INFO - [2026-09-17T01:10:17.717+0000] {dag.py:2742} INFO - Sync 6 DAGs
[2026-09-17T01:10:17.740+0000] {logging_mixin.py:150} INFO - [2026-09-17T01:10:17.739+0000] {dag.py:3504} INFO - Setting next_dagrun for dataset_consumes_1 to None, run_after=None
[2026-09-17T01:10:17.742+0000] {logging_mixin.py:150} INFO - [2026-09-17T01:10:17.742+0000] {dag.py:3504} INFO - Setting next_dagrun for dataset_consumes_1_and_2 to None, run_after=None
[2026-09-17T01:10:17.742+0000] {logging_mixin.py:150} INFO - [2026-09-17T01:10:17.742+0000] {dag.py:3504} INFO - Setting next_dagrun for dataset_consumes_1_never_scheduled to None, run_after=None
[2026-09-17T01:10:17.743+0000] {logging_mixin.py:150} INFO - [2026-09-17T01:10:17.743+0000] {dag.py:3504} INFO - Setting next_dagrun for dataset_consumes_unknown_never_scheduled to None, run_after=None
[2026-09-17T01:10:17.745+0000] {logging_mixin.py:150} INFO - [2026-09-17T01:10:17.745+0000] {dag.py:3504} INFO - Setting next_dagrun for dataset_produces_1 to 2026-09-16T00:00:00+00:00, run_after=2026-09-17T00:00:00+00:00
[2026-09-17T01:10:17.746+0000] {logging_mixin.py:150} INFO - [2026-09-17T01:10:17.746+0000] {dag.py:3504} INFO - Setting next_dagrun for dataset_produces_2 to None, run_after=None
[2026-09-17T01:10:17.775+0000] {processor.py:179} INFO - Processing /home/vscode/.local/lib/python3.10/site-packages/airflow/example_dags/example_datasets.py took 0.100 seconds
[2026-09-17T01:10:33.444+0000] {processor.py:157} INFO - Started process (PID=30396) to work on /home/vscode/.local/lib/python3.10/site-packages/airflow/example_dags/example_datasets.py
[2026-09-17T01:10:33.445+0000] {processor.py:826} INFO - Processing file /home/vscode/.local/lib/python3.10/site-packages/airflow/example_dags/example_datasets.py for tasks to queue
[2026-09-17T01:10:33.446+0000] {logging_mixin.py:150} INFO - [2026-09-17T01:10:33.445+0000] {dagbag.py:541} INFO - Filling up the DagBag from /home/vscode/.local/lib/python3.10/site-packages/airflow/example_dags/example_datasets.py
[2026-09-17T01:10:33.453+0000] {processor.py:836} INFO - DAG(s) dict_keys(['dataset_consumes_1_and_2', 'dataset_produces_2', 'dataset_produces_1', 'dataset_consumes_1', 'dataset_consumes_unknown_never_scheduled', 'dataset_consumes_1_never_scheduled']) retrieved from /home/vscode/.local/lib/python3.10/site-packages/airflow/example_dags/example_datasets.py
[2026-09-17T01:10:33.475+0000] {logging_mixin.py:150} INFO - [2026-09-17T01:10:33.474+0000] {dag.py:2742} INFO - Sync 6 DAGs
[2026-09-17T01:10:33.494+0000] {logging_mixin.py:150} INFO - [2026-09-17T01:10:33.494+0000] {dag.py:3504} INFO - Setting next_dagrun for dataset_consumes_1 to None, run_after=None
[2026-09-17T01:10:33.497+0000] {logging_mixin.py:150} INFO - [2026-09-17T01:10:33.497+0000] {dag.py:3504} INFO - Setting next_dagrun for dataset_consumes_1_and_2 to None, run_after=None
[2026-09-17T01:10:33.498+0000] {logging_mixin.py:150} INFO - [2026-09-17T01:10:33.498+0000] {dag.py:3504} INFO - Setting next_dagrun for dataset_consumes_1_never_scheduled to None, run_after=None
[2026-09-17T01:10:33.499+0000] {logging_mixin.py:150} INFO - [2026-09-17T01:10:33.499+0000] {dag.py:3504} INFO - Setting next_dagrun for dataset_consumes_unknown_never_scheduled to None, run_after=None
[2026-09-17T01:10:33.501+0000] {logging_mixin.py:150} INFO - [2026-09-17T01:10:33.501+0000] {dag.py:3504} INFO - Setting next_dagrun for dataset_produces_1 to 2026-09-16T00:00:00+00:00, run_after=2026-09-17T00:00:00+00:00
[2026-09-17T01:10:33.502+0000] {logging_mixin.py:150} INFO - [2026-09-17T01:10:33.502+0000] {dag.py:3504} INFO - Setting next_dagrun for dataset_produces_2 to None, run_after=None
[2026-09-17T01:10:33.526+0000] {processor.py:179} INFO - Processing /home/vscode/.local/lib/python3.10/site-packages/airflow/example_dags/example_datasets.py took 0.084 seconds
[2026-09-17T01:11:08.046+0000] {processor.py:157} INFO - Started process (PID=30736) to work on /home/vscode/.local/lib/python3.10/site-packages/airflow/example_dags/example_datasets.py
[2026-09-17T01:11:08.047+0000] {processor.py:826} INFO - Processing file /home/vscode/.local/lib/python3.10/site-packages/airflow/example_dags/example_datasets.py for tasks to queue
[2026-09-17T01:11:08.047+0000] {logging_mixin.py:150} INFO - [2026-09-17T01:11:08.047+0000] {dagbag.py:541} INFO - Filling up the DagBag from /home/vscode/.local/lib/python3.10/site-packages/airflow/example_dags/example_datasets.py
[2026-09-17T01:11:08.055+0000] {processor.py:836} INFO - DAG(s) dict_keys(['dataset_produces_1', 'dataset_consumes_1', 'dataset_consumes_1_never_scheduled', 'dataset_consumes_unknown_never_scheduled', 'dataset_consumes_1_and_2', 'dataset_produces_2']) retrieved from /home/vscode/.local/lib/python3.10/site-packages/airflow/example_dags/example_datasets.py
[2026-09-17T01:11:08.077+0000] {logging_mixin.py:150} INFO - [2026-09-17T01:11:08.077+0000] {dag.py:2742} INFO - Sync 6 DAGs
[2026-09-17T01:11:08.100+0000] {logging_mixin.py:150} INFO - [2026-09-17T01:11:08.099+0000] {dag.py:3504} INFO - Setting next_dagrun for dataset_consumes_1 to None, run_after=None
[2026-09-17T01:11:08.103+0000] {logging_mixin.py:150} INFO - [2026-09-17T01:11:08.102+0000] {dag.py:3504} INFO - Setting next_dagrun for dataset_consumes_1_and_2 to None, run_after=None
[2026-09-17T01:11:08.103+0000] {logging_mixin.py:150} INFO - [2026-09-17T01:11:08.103+0000] {dag.py:3504} INFO - Setting next_dagrun for dataset_consumes_1_never_scheduled to None, run_after=None
[2026-09-17T01:11:08.104+0000] {logging_mixin.py:150} INFO - [2026-09-17T01:11:08.104+0000] {dag.py:3504} INFO - Setting next_dagrun for dataset_consumes_unknown_never_scheduled to None, run_after=None
[2026-09-17T01:11:08.106+0000] {logging_mixin.py:150} INFO - [2026-09-17T01:11:08.106+0000] {dag.py:3504} INFO - Setting next_dagrun for dataset_produces_1 to 2026-09-16T00:00:00+00:00, run_after=2026-09-17T00:00:00+00:00
[2026-09-17T01:11:08.107+0000] {logging_mixin.py:150} INFO - [2026-09-17T01:11:08.107+0000] {dag.py:3504} INFO - Setting next_dagrun for dataset_produces_2 to None, run_after=None
[2026-09-17T01:11:08.150+0000] {processor.py:179} INFO - Processing /home/vscode/.local/lib/python3.10/site-packages/airflow/example_dags/example_datasets.py took 0.107 seconds
[2026-09-17T01:11:25.186+0000] {processor.py:157} INFO - Started process (PID=30877) to work on /home/vscode/.local/lib/python3.10/site-packages/airflow/example_dags/example_datasets.py
[2026-09-17T01:11:25.187+0000] {processor.py:826} INFO - Processing file /home/vscode/.local/lib/python3.10/site-packages/airflow/example_dags/example_datasets.py for tasks to queue
[2026-09-17T01:11:25.187+0000] {logging_mixin.py:150} INFO - [2026-09-17T01:11:25.187+0000] {dagbag.py:541} INFO - Filling up the DagBag from /home/vscode/.local/lib/python3.10/site-packages/airflow/example_dags/example_datasets.py
[2026-09-17T01:11:25.195+0000] {processor.py:836} INFO - DAG(s) dict_keys(['dataset_consumes_1', 'dataset_produces_2', 'dataset_consumes_1_never_scheduled', 'dataset_consumes_1_and_2', 'dataset_consumes_unknown_never_scheduled', 'dataset_produces_1']) retrieved from /home/vscode/.local/lib/python3.10/site-packages/airflow/example_dags/example_datasets.py
[2026-09-17T01:11:25.216+0000] {logging_mixin.py:150} INFO - [2026-09-17T01:11:25.216+0000] {dag.py:2742} INFO - Sync 6 DAGs
[2026-09-17T01:11:25.235+0000] {logging_mixin.py:150} INFO - [2026-09-17T01:11:25.235+0000] {dag.py:3504} INFO - Setting next_dagrun for dataset_consumes_1 to None, run_after=None
[2026-09-17T01:11:25.238+0000] {logging_mixin.py:150} INFO - [2026-09-17T01:11:25.237+0000] {dag.py:3504} INFO - Setting next_dagrun for dataset_consumes_1_and_2 to None, run_after=None
[2026-09-17T01:11:25.238+0000] {logging_mixin.py:150} INFO - [2026-09-17T01:11:25.238+0000] {dag.py:3504} INFO - Setting next_dagrun for dataset_consumes_1_never_scheduled to None, run_after=None
[2026-09-17T01:11:25.239+0000] {logging_mixin.py:150} INFO - [2026-09-17T01:11:25.239+0000] {dag.py:3504} INFO - Setting next_dagrun for dataset_consumes_unknown_never_scheduled to None, run_after=None
[2026-09-17T01:11:25.242+0000] {logging_mixin.py:150} INFO - [2026-09-17T01:11:25.242+0000] {dag.py:3504} INFO - Setting next_dagrun for dataset_produces_1 to 2026-09-16T00:00:00+00:00, run_after=2026-09-17T00:00:00+00:00
[2026-09-17T01:11:25.243+0000] {logging_mixin.py:150} INFO - [2026-09-17T01:11:25.243+0000] {dag.py:3504} INFO - Setting next_dagrun for dataset_produces_2 to None, run_after=None
[2026-09-17T01:11:25.282+0000] {processor.py:179} INFO - Processing /home/vscode/.local/lib/python3.10/site-packages/airflow/example_dags/example_datasets.py took 0.099 seconds
[2026-09-17T01:11:58.553+0000] {processor.py:157} INFO - Started process (PID=31164) to work on /home/vscode/.local/lib/python3.10/site-packages/airflow/example_dags/example_datasets.py
[2026-09-17T01:11:58.554+0000] {processor.py:826} INFO - Processing file /home/vscode/.local/lib/python3.10/site-packages/airflow/example_dags/example_datasets.py for tasks to queue
[2026-09-17T01:11:58.554+0000] {logging_mixin.py:150} INFO - [2026-09-17T01:11:58.554+0000] {dagbag.py:541} INFO - Filling up the DagBag from /home/vscode/.local/lib/python3.10/site-packages/airflow/example_dags/example_datasets.py
[2026-09-17T01:11:58.561+0000] {processor.py:836} INFO - DAG(s) dict_keys(['dataset_consumes_1_and_2', 'dataset_consumes_unknown_never_scheduled', 'dataset_consumes_1', 'dataset_produces_2', 'dataset_consumes_1_never_scheduled', 'dataset_produces_1']) retrieved from /home/vscode/.local/lib/python3.10/site-packages/airflow/example_dags/example_datasets.py
[2026-09-17T01:11:58.584+0000] {logging_mixin.py:150} INFO - [2026-09-17T01:11:58.583+0000] {dag.py:2742} INFO - Sync 6 DAGs
[2026-09-17T01:11:58.603+0000] {logging_mixin.py:150} INFO - [2026-09-17T01:11:58.603+0000] {dag.py:3504} INFO - Setting next_dagrun for dataset_consumes_1 to None, run_after=None
[2026-09-17T01:11:58.606+0000] {logging_mixin.py:150} INFO - [2026-09-17T01:11:58.606+0000] {dag.py:3504} INFO - Setting next_dagrun for dataset_consumes_1_and_2 to None, run_after=None
[2026-09-17T01:11:58.606+0000] {logging_mixin.py:150} INFO - [2026-09-17T01:11:58.606+0000] {dag.py:3504} INFO - Setting next_dagrun for dataset_consumes_1_never_scheduled to None, run_after=None
[2026-09-17T01:11:58.607+0000] {logging_mixin.py:150} INFO - [2026-09-17T01:11:58.607+0000] {dag.py:3504} INFO - Setting next_dagrun for dataset_consumes_unknown_never_scheduled to None, run_after=None
[2026-09-17T01:11:58.609+0000] {logging_mixin.py:150} INFO - [2026-09-17T01:11:58.609+0000] {dag.py:3504} INFO - Setting next_dagrun for dataset_produces_1 to 2026-09-16T00:00:00+00:00, run_after=2026-09-17T00:00:00+00:00
[2026-09-17T01:11:58.609+0000] {logging_mixin.py:150} INFO - [2026-09-17T01:11:58.609+0000] {dag.py:3504} INFO - Setting next_dagrun for dataset_produces_2 to None, run_after=None
[2026-09-17T01:11:58.633+0000] {processor.py:179} INFO - Processing /home/vscode/.local/lib/python3.10/site-packages/airflow/example_dags/example_datasets.py took 0.083 seconds
[2026-09-17T01:12:14.028+0000] {processor.py:157} INFO - Started process (PID=31292) to work on /home/vscode/.local/lib/python3.10/site-packages/airflow/example_dags/example_datasets.py
[2026-09-17T01:12:14.032+0000] {processor.py:826} INFO - Processing file /home/vscode/.local/lib/python3.10/site-packages/airflow/example_dags/example_datasets.py for tasks to queue
[2026-09-17T01:12:14.034+0000] {logging_mixin.py:150} INFO - [2026-09-17T01:12:14.033+0000] {dagbag.py:541} INFO - Filling up the DagBag from /home/vscode/.local/lib/python3.10/site-packages/airflow/example_dags/example_datasets.py
[2026-09-17T01:12:14.052+0000] {processor.py:836} INFO - DAG(s) dict_keys(['dataset_consumes_1_and_2', 'dataset_produces_2', 'dataset_consumes_unknown_never_scheduled', 'dataset_consumes_1_never_scheduled', 'dataset_produces_1', 'dataset_consumes_1']) retrieved from /home/vscode/.local/lib/python3.10/site-packages/airflow/example_dags/example_datasets.py
[2026-09-17T01:12:14.098+0000] {logging_mixin.py:150} INFO - [2026-09-17T01:12:14.097+0000] {dag.py:2742} INFO - Sync 6 DAGs
[2026-09-17T01:12:14.120+0000] {logging_mixin.py:150} INFO - [2026-09-17T01:12:14.120+0000] {dag.py:3504} INFO - Setting next_dagrun for dataset_consumes_1 to None, run_after=None
[2026-09-17T01:12:14.123+0000] {logging_mixin.py:150} INFO - [2026-09-17T01:12:14.123+0000] {dag.py:3504} INFO - Setting next_dagrun for dataset_consumes_1_and_2 to None, run_after=None
[2026-09-17T01:12:14.124+0000] {logging_mixin.py:150} INFO - [2026-09-17T01:12:14.124+0000] {dag.py:3504} INFO - Setting next_dagrun for dataset_consumes_1_never_scheduled to None, run_after=None
[2026-09-17T01:12:14.129+0000] {logging_mixin.py:150} INFO - [2026-09-17T01:12:14.125+0000] {dag.py:3504} INFO - Setting next_dagrun for dataset_consumes_unknown_never_scheduled to None, run_after=None
[2026-09-17T01:12:14.134+0000] {logging_mixin.py:150} INFO - [2026-09-17T01:12:14.134+0000] {dag.py:3504} INFO - Setting next_dagrun for dataset_produces_1 to 2026-09-16T00:00:00+00:00, run_after=2026-09-17T00:00:00+00:00
[2026-09-17T01:12:14.135+0000] {logging_mixin.py:150} INFO - [2026-09-17T01:12:14.135+0000] {dag.py:3504} INFO - Setting next_dagrun for dataset_produces_2 to None, run_after=None
[2026-09-17T01:12:14.165+0000] {processor.py:179} INFO - Processing /home/vscode/.local/lib/python3.10/site-packages/airflow/example_dags/example_datasets.py took 0.141 seconds
[2026-09-17T01:12:47.096+0000] {processor.py:157} INFO - Started process (PID=31581) to work on /home/vscode/.local/lib/python3.10/site-packages/airflow/example_dags/example_datasets.py
[2026-09-17T01:12:47.098+0000] {processor.py:826} INFO - Processing file /home/vscode/.local/lib/python3.10/site-packages/airflow/example_dags/example_datasets.py for tasks to queue
[2026-09-17T01:12:47.098+0000] {logging_mixin.py:150} INFO - [2026-09-17T01:12:47.098+0000] {dagbag.py:541} INFO - Filling up the DagBag from /home/vscode/.local/lib/python3.10/site-packages/airflow/example_dags/example_datasets.py
[2026-09-17T01:12:47.106+0000] {processor.py:836} INFO - DAG(s) dict_keys(['dataset_produces_2', 'dataset_consumes_1', 'dataset_produces_1', 'dataset_consumes_unknown_never_scheduled', 'dataset_consumes_1_never_scheduled', 'dataset_consumes_1_and_2']) retrieved from /home/vscode/.local/lib/python3.10/site-packages/airflow/example_dags/example_datasets.py
[2026-09-17T01:12:47.128+0000] {logging_mixin.py:150} INFO - [2026-09-17T01:12:47.128+0000] {dag.py:2742} INFO - Sync 6 DAGs
[2026-09-17T01:12:47.143+0000] {logging_mixin.py:150} INFO - [2026-09-17T01:12:47.142+0000] {dag.py:3504} INFO - Setting next_dagrun for dataset_consumes_1 to None, run_after=None
[2026-09-17T01:12:47.145+0000] {logging_mixin.py:150} INFO - [2026-09-17T01:12:47.145+0000] {dag.py:3504} INFO - Setting next_dagrun for dataset_consumes_1_and_2 to None, run_after=None
[2026-09-17T01:12:47.145+0000] {logging_mixin.py:150} INFO - [2026-09-17T01:12:47.145+0000] {dag.py:3504} INFO - Setting next_dagrun for dataset_consumes_1_never_scheduled to None, run_after=None
[2026-09-17T01:12:47.146+0000] {logging_mixin.py:150} INFO - [2026-09-17T01:12:47.146+0000] {dag.py:3504} INFO - Setting next_dagrun for dataset_consumes_unknown_never_scheduled to None, run_after=None
[2026-09-17T01:12:47.148+0000] {logging_mixin.py:150} INFO - [2026-09-17T01:12:47.148+0000] {dag.py:3504} INFO - Setting next_dagrun for dataset_produces_1 to 2026-09-16T00:00:00+00:00, run_after=2026-09-17T00:00:00+00:00
[2026-09-17T01:12:47.149+0000] {logging_mixin.py:150} INFO - [2026-09-17T01:12:47.148+0000] {dag.py:3504} INFO - Setting next_dagrun for dataset_produces_2 to None, run_after=None
[2026-09-17T01:12:47.173+0000] {processor.py:179} INFO - Processing /home/vscode/.local/lib/python3.10/site-packages/airflow/example_dags/example_datasets.py took 0.080 seconds
[2026-09-17T01:13:01.704+0000] {processor.py:157} INFO - Started process (PID=31706) to work on /home/vscode/.local/lib/python3.10/site-packages/airflow/example_dags/example_datasets.py
[2026-09-17T01:13:01.705+0000] {processor.py:826} INFO - Processing file /home/vscode/.local/lib/python3.10/site-packages/airflow/example_dags/example_datasets.py for tasks to queue
[2026-09-17T01:13:01.707+0000] {logging_mixin.py:150} INFO - [2026-09-17T01:13:01.706+0000] {dagbag.py:541} INFO - Filling up the DagBag from /home/vscode/.local/lib/python3.10/site-packages/airflow/example_dags/example_datasets.py
[2026-09-17T01:13:01.721+0000] {processor.py:836} INFO - DAG(s) dict_keys(['dataset_produces_2', 'dataset_consumes_1_never_scheduled', 'dataset_consumes_1_and_2', 'dataset_consumes_1', 'dataset_produces_1', 'dataset_consumes_unknown_never_scheduled']) retrieved from /home/vscode/.local/lib/python3.10/site-packages/airflow/example_dags/example_datasets.py
[2026-09-17T01:13:01.756+0000] {logging_mixin.py:150} INFO - [2026-09-17T01:13:01.755+0000] {dag.py:2742} INFO - Sync 6 DAGs
[2026-09-17T01:13:01.779+0000] {logging_mixin.py:150} INFO - [2026-09-17T01:13:01.779+0000] {dag.py:3504} INFO - Setting next_dagrun for dataset_consumes_1 to None, run_after=None
[2026-09-17T01:13:01.783+0000] {logging_mixin.py:150} INFO - [2026-09-17T01:13:01.783+0000] {dag.py:3504} INFO - Setting next_dagrun for dataset_consumes_1_and_2 to None, run_after=None
[2026-09-17T01:13:01.784+0000] {logging_mixin.py:150} INFO - [2026-09-17T01:13:01.784+0000] {dag.py:3504} INFO - Setting next_dagrun for dataset_consumes_1_never_scheduled to None, run_after=None
[2026-09-17T01:13:01.785+0000] {logging_mixin.py:150} INFO - [2026-09-17T01:13:01.785+0000] {dag.py:3504} INFO - Setting next_dagrun for dataset_consumes_unknown_never_scheduled to None, run_after=None
[2026-09-17T01:13:01.787+0000] {logging_mixin.py:150} INFO - [2026-09-17T01:13:01.787+0000] {dag.py:3504} INFO - Setting next_dagrun for dataset_produces_1 to 2026-09-16T00:00:00+00:00, run_after=2026-09-17T00:00:00+00:00
[2026-09-17T01:13:01.788+0000] {logging_mixin.py:150} INFO - [2026-09-17T01:13:01.788+0000] {dag.py:3504} INFO - Setting next_dagrun for dataset_produces_2 to None, run_after=None
[2026-09-17T01:13:01.817+0000] {processor.py:179} INFO - Processing /home/vscode/.local/lib/python3.10/site-packages/airflow/example_dags/example_datasets.py took 0.116 seconds
[2026-09-17T01:13:32.760+0000] {processor.py:157} INFO - Started process (PID=31967) to work on /home/vscode/.local/lib/python3.10/site-packages/airflow/example_dags/example_datasets.py
[2026-09-17T01:13:32.761+0000] {processor.py:826} INFO - Processing file /home/vscode/.local/lib/python3.10/site-packages/airflow/example_dags/example_datasets.py for tasks to queue
[2026-09-17T01:13:32.761+0000] {logging_mixin.py:150} INFO - [2026-09-17T01:13:32.761+0000] {dagbag.py:541} INFO - Filling up the DagBag from /home/vscode/.local/lib/python3.10/site-packages/airflow/example_dags/example_datasets.py
[2026-09-17T01:13:32.768+0000] {processor.py:836} INFO - DAG(s) dict_keys(['dataset_produces_1', 'dataset_consumes_1', 'dataset_consumes_unknown_never_scheduled', 'dataset_consumes_1_and_2', 'dataset_consumes_1_never_scheduled', 'dataset_produces_2']) retrieved from /home/vscode/.local/lib/python3.10/site-packages/airflow/example_dags/example_datasets.py
[2026-09-17T01:13:32.793+0000] {logging_mixin.py:150} INFO - [2026-09-17T01:13:32.793+0000] {dag.py:2742} INFO - Sync 6 DAGs
[2026-09-17T01:13:32.811+0000] {logging_mixin.py:150} INFO - [2026-09-17T01:13:32.811+0000] {dag.py:3504} INFO - Setting next_dagrun for dataset_consumes_1 to None, run_after=None
[2026-09-17T01:13:32.813+0000] {logging_mixin.py:150} INFO - [2026-09-17T01:13:32.813+0000] {dag.py:3504} INFO - Setting next_dagrun for dataset_consumes_1_and_2 to None, run_after=None
[2026-09-17T01:13:32.814+0000] {logging_mixin.py:150} INFO - [2026-09-17T01:13:32.814+0000] {dag.py:3504} INFO - Setting next_dagrun for dataset_consumes_1_never_scheduled to None, run_after=None
[2026-09-17T01:13:32.814+0000] {logging_mixin.py:150} INFO - [2026-09-17T01:13:32.814+0000] {dag.py:3504} INFO - Setting next_dagrun for dataset_consumes_unknown_never_scheduled to None, run_after=None
[2026-09-17T01:13:32.816+0000] {logging_mixin.py:150} INFO - [2026-09-17T01:13:32.816+0000] {dag.py:3504} INFO - Setting next_dagrun for dataset_produces_1 to 2026-09-16T00:00:00+00:00, run_after=2026-09-17T00:00:00+00:00
[2026-09-17T01:13:32.817+0000] {logging_mixin.py:150} INFO - [2026-09-17T01:13:32.817+0000] {dag.py:3504} INFO - Setting next_dagrun for dataset_produces_2 to None, run_after=None
[2026-09-17T01:13:32.840+0000] {processor.py:179} INFO - Processing /home/vscode/.local/lib/python3.10/site-packages/airflow/example_dags/example_datasets.py took 0.082 seconds
[2026-09-17T01:13:52.918+0000] {processor.py:157} INFO - Started process (PID=32139) to work on /home/vscode/.local/lib/python3.10/site-packages/airflow/example_dags/example_datasets.py
[2026-09-17T01:13:52.919+0000] {processor.py:826} INFO - Processing file /home/vscode/.local/lib/python3.10/site-packages/airflow/example_dags/example_datasets.py for tasks to queue
[2026-09-17T01:13:52.919+0000] {logging_mixin.py:150} INFO - [2026-09-17T01:13:52.919+0000] {dagbag.py:541} INFO - Filling up the DagBag from /home/vscode/.local/lib/python3.10/site-packages/airflow/example_dags/example_datasets.py
[2026-09-17T01:13:52.928+0000] {processor.py:836} INFO - DAG(s) dict_keys(['dataset_consumes_unknown_never_scheduled', 'dataset_consumes_1_and_2', 'dataset_produces_1', 'dataset_consumes_1_never_scheduled', 'dataset_produces_2', 'dataset_consumes_1']) retrieved from /home/vscode/.local/lib/python3.10/site-packages/airflow/example_dags/example_datasets.py
[2026-09-17T01:13:52.949+0000] {logging_mixin.py:150} INFO - [2026-09-17T01:13:52.949+0000] {dag.py:2742} INFO - Sync 6 DAGs
[2026-09-17T01:13:52.965+0000] {logging_mixin.py:150} INFO - [2026-09-17T01:13:52.964+0000] {dag.py:3504} INFO - Setting next_dagrun for dataset_consumes_1 to None, run_after=None
[2026-09-17T01:13:52.967+0000] {logging_mixin.py:150} INFO - [2026-09-17T01:13:52.967+0000] {dag.py:3504} INFO - Setting next_dagrun for dataset_consumes_1_and_2 to None, run_after=None
[2026-09-17T01:13:52.967+0000] {logging_mixin.py:150} INFO - [2026-09-17T01:13:52.967+0000] {dag.py:3504} INFO - Setting next_dagrun for dataset_consumes_1_never_scheduled to None, run_after=None
[2026-09-17T01:13:52.968+0000] {logging_mixin.py:150} INFO - [2026-09-17T01:13:52.968+0000] {dag.py:3504} INFO - Setting next_dagrun for dataset_consumes_unknown_never_scheduled to None, run_after=None
[2026-09-17T01:13:52.970+0000] {logging_mixin.py:150} INFO - [2026-09-17T01:13:52.970+0000] {dag.py:3504} INFO - Setting next_dagrun for dataset_produces_1 to 2026-09-16T00:00:00+00:00, run_after=2026-09-17T00:00:00+00:00
[2026-09-17T01:13:52.971+0000] {logging_mixin.py:150} INFO - [2026-09-17T01:13:52.970+0000] {dag.py:3504} INFO - Setting next_dagrun for dataset_produces_2 to None, run_after=None
[2026-09-17T01:13:52.998+0000] {processor.py:179} INFO - Processing /home/vscode/.local/lib/python3.10/site-packages/airflow/example_dags/example_datasets.py took 0.083 seconds
[2026-09-17T01:14:19.664+0000] {processor.py:157} INFO - Started process (PID=32362) to work on /home/vscode/.local/lib/python3.10/site-packages/airflow/example_dags/example_datasets.py
[2026-09-17T01:14:19.665+0000] {processor.py:826} INFO - Processing file /home/vscode/.local/lib/python3.10/site-packages/airflow/example_dags/example_datasets.py for tasks to queue
[2026-09-17T01:14:19.666+0000] {logging_mixin.py:150} INFO - [2026-09-17T01:14:19.665+0000] {dagbag.py:541} INFO - Filling up the DagBag from /home/vscode/.local/lib/python3.10/site-packages/airflow/example_dags/example_datasets.py
[2026-09-17T01:14:19.673+0000] {processor.py:836} INFO - DAG(s) dict_keys(['dataset_produces_2', 'dataset_consumes_1_and_2', 'dataset_consumes_1', 'dataset_consumes_unknown_never_scheduled', 'dataset_consumes_1_never_scheduled', 'dataset_produces_1']) retrieved from /home/vscode/.local/lib/python3.10/site-packages/airflow/example_dags/example_datasets.py
[2026-09-17T01:14:19.699+0000] {logging_mixin.py:150} INFO - [2026-09-17T01:14:19.699+0000] {dag.py:2742} INFO - Sync 6 DAGs
[2026-09-17T01:14:19.714+0000] {logging_mixin.py:150} INFO - [2026-09-17T01:14:19.714+0000] {dag.py:3504} INFO - Setting next_dagrun for dataset_consumes_1 to None, run_after=None
[2026-09-17T01:14:19.717+0000] {logging_mixin.py:150} INFO - [2026-09-17T01:14:19.716+0000] {dag.py:3504} INFO - Setting next_dagrun for dataset_consumes_1_and_2 to None, run_after=None
[2026-09-17T01:14:19.717+0000] {logging_mixin.py:150} INFO - [2026-09-17T01:14:19.717+0000] {dag.py:3504} INFO - Setting next_dagrun for dataset_consumes_1_never_scheduled to None, run_after=None
[2026-09-17T01:14:19.718+0000] {logging_mixin.py:150} INFO - [2026-09-17T01:14:19.718+0000] {dag.py:3504} INFO - Setting next_dagrun for dataset_consumes_unknown_never_scheduled to None, run_after=None
[2026-09-17T01:14:19.720+0000] {logging_mixin.py:150} INFO - [2026-09-17T01:14:19.720+0000] {dag.py:3504} INFO - Setting next_dagrun for dataset_produces_1 to 2026-09-16T00:00:00+00:00, run_after=2026-09-17T00:00:00+00:00
[2026-09-17T01:14:19.720+0000] {logging_mixin.py:150} INFO - [2026-09-17T01:14:19.720+0000] {dag.py:3504} INFO - Setting next_dagrun for dataset_produces_2 to None, run_after=None
[2026-09-17T01:14:19.746+0000] {processor.py:179} INFO - Processing /home/vscode/.local/lib/python3.10/site-packages/airflow/example_dags/example_datasets.py took 0.084 seconds
[2026-09-17T01:14:43.294+0000] {processor.py:157} INFO - Started process (PID=32566) to work on /home/vscode/.local/lib/python3.10/site-packages/airflow/example_dags/example_datasets.py
[2026-09-17T01:14:43.295+0000] {processor.py:826} INFO - Processing file /home/vscode/.local/lib/python3.10/site-packages/airflow/example_dags/example_datasets.py for tasks to queue
[2026-09-17T01:14:43.296+0000] {logging_mixin.py:150} INFO - [2026-09-17T01:14:43.295+0000] {dagbag.py:541} INFO - Filling up the DagBag from /home/vscode/.local/lib/python3.10/site-packages/airflow/example_dags/example_datasets.py
[2026-09-17T01:14:43.307+0000] {processor.py:836} INFO - DAG(s) dict_keys(['dataset_produces_2', 'dataset_consumes_1_never_scheduled', 'dataset_consumes_1_and_2', 'dataset_produces_1', 'dataset_consumes_1', 'dataset_consumes_unknown_never_scheduled']) retrieved from /home/vscode/.local/lib/python3.10/site-packages/airflow/example_dags/example_datasets.py
[2026-09-17T01:14:43.332+0000] {logging_mixin.py:150} INFO - [2026-09-17T01:14:43.332+0000] {dag.py:2742} INFO - Sync 6 DAGs
[2026-09-17T01:14:43.347+0000] {logging_mixin.py:150} INFO - [2026-09-17T01:14:43.347+0000] {dag.py:3504} INFO - Setting next_dagrun for dataset_consumes_1 to None, run_after=None
[2026-09-17T01:14:43.349+0000] {logging_mixin.py:150} INFO - [2026-09-17T01:14:43.349+0000] {dag.py:3504} INFO - Setting next_dagrun for dataset_consumes_1_and_2 to None, run_after=None
[2026-09-17T01:14:43.350+0000] {logging_mixin.py:150} INFO - [2026-09-17T01:14:43.350+0000] {dag.py:3504} INFO - Setting next_dagrun for dataset_consumes_1_never_scheduled to None, run_after=None
[2026-09-17T01:14:43.351+0000] {logging_mixin.py:150} INFO - [2026-09-17T01:14:43.351+0000] {dag.py:3504} INFO - Setting next_dagrun for dataset_consumes_unknown_never_scheduled to None, run_after=None
[2026-09-17T01:14:43.353+0000] {logging_mixin.py:150} INFO - [2026-09-17T01:14:43.353+0000] {dag.py:3504} INFO - Setting next_dagrun for dataset_produces_1 to 2026-09-16T00:00:00+00:00, run_after=2026-09-17T00:00:00+00:00
[2026-09-17T01:14:43.353+0000] {logging_mixin.py:150} INFO - [2026-09-17T01:14:43.353+0000] {dag.py:3504} INFO - Setting next_dagrun for dataset_produces_2 to None, run_after=None
[2026-09-17T01:14:43.376+0000] {processor.py:179} INFO - Processing /home/vscode/.local/lib/python3.10/site-packages/airflow/example_dags/example_datasets.py took 0.085 seconds
[2026-09-17T01:15:06.941+0000] {processor.py:157} INFO - Started process (PID=32767) to work on /home/vscode/.local/lib/python3.10/site-packages/airflow/example_dags/example_datasets.py
[2026-09-17T01:15:06.942+0000] {processor.py:826} INFO - Processing file /home/vscode/.local/lib/python3.10/site-packages/airflow/example_dags/example_datasets.py for tasks to queue
[2026-09-17T01:15:06.943+0000] {logging_mixin.py:150} INFO - [2026-09-17T01:15:06.942+0000] {dagbag.py:541} INFO - Filling up the DagBag from /home/vscode/.local/lib/python3.10/site-packages/airflow/example_dags/example_datasets.py
[2026-09-17T01:15:06.950+0000] {processor.py:836} INFO - DAG(s) dict_keys(['dataset_consumes_1_never_scheduled', 'dataset_consumes_1', 'dataset_consumes_1_and_2', 'dataset_produces_2', 'dataset_produces_1', 'dataset_consumes_unknown_never_scheduled']) retrieved from /home/vscode/.local/lib/python3.10/site-packages/airflow/example_dags/example_datasets.py
[2026-09-17T01:15:06.971+0000] {logging_mixin.py:150} INFO - [2026-09-17T01:15:06.971+0000] {dag.py:2742} INFO - Sync 6 DAGs
[2026-09-17T01:15:06.989+0000] {logging_mixin.py:150} INFO - [2026-09-17T01:15:06.989+0000] {dag.py:3504} INFO - Setting next_dagrun for dataset_consumes_1 to None, run_after=None
[2026-09-17T01:15:06.991+0000] {logging_mixin.py:150} INFO - [2026-09-17T01:15:06.991+0000] {dag.py:3504} INFO - Setting next_dagrun for dataset_consumes_1_and_2 to None, run_after=None
[2026-09-17T01:15:06.992+0000] {logging_mixin.py:150} INFO - [2026-09-17T01:15:06.992+0000] {dag.py:3504} INFO - Setting next_dagrun for dataset_consumes_1_never_scheduled to None, run_after=None
[2026-09-17T01:15:06.993+0000] {logging_mixin.py:150} INFO - [2026-09-17T01:15:06.993+0000] {dag.py:3504} INFO - Setting next_dagrun for dataset_consumes_unknown_never_scheduled to None, run_after=None
[2026-09-17T01:15:06.996+0000] {logging_mixin.py:150} INFO - [2026-09-17T01:15:06.995+0000] {dag.py:3504} INFO - Setting next_dagrun for dataset_produces_1 to 2026-09-16T00:00:00+00:00, run_after=2026-09-17T00:00:00+00:00
[2026-09-17T01:15:06.996+0000] {logging_mixin.py:150} INFO - [2026-09-17T01:15:06.996+0000] {dag.py:3504} INFO - Setting next_dagrun for dataset_produces_2 to None, run_after=None
[2026-09-17T01:15:07.026+0000] {processor.py:179} INFO - Processing /home/vscode/.local/lib/python3.10/site-packages/airflow/example_dags/example_datasets.py took 0.087 seconds
[2026-09-17T01:15:36.559+0000] {processor.py:157} INFO - Started process (PID=33012) to work on /home/vscode/.local/lib/python3.10/site-packages/airflow/example_dags/example_datasets.py
[2026-09-17T01:15:36.560+0000] {processor.py:826} INFO - Processing file /home/vscode/.local/lib/python3.10/site-packages/airflow/example_dags/example_datasets.py for tasks to queue
[2026-09-17T01:15:36.560+0000] {logging_mixin.py:150} INFO - [2026-09-17T01:15:36.560+0000] {dagbag.py:541} INFO - Filling up the DagBag from /home/vscode/.local/lib/python3.10/site-packages/airflow/example_dags/example_datasets.py
[2026-09-17T01:15:36.568+0000] {processor.py:836} INFO - DAG(s) dict_keys(['dataset_produces_2', 'dataset_consumes_1_and_2', 'dataset_consumes_unknown_never_scheduled', 'dataset_consumes_1', 'dataset_produces_1', 'dataset_consumes_1_never_scheduled']) retrieved from /home/vscode/.local/lib/python3.10/site-packages/airflow/example_dags/example_datasets.py
[2026-09-17T01:15:36.592+0000] {logging_mixin.py:150} INFO - [2026-09-17T01:15:36.592+0000] {dag.py:2742} INFO - Sync 6 DAGs
[2026-09-17T01:15:36.610+0000] {logging_mixin.py:150} INFO - [2026-09-17T01:15:36.609+0000] {dag.py:3504} INFO - Setting next_dagrun for dataset_consumes_1 to None, run_after=None
[2026-09-17T01:15:36.612+0000] {logging_mixin.py:150} INFO - [2026-09-17T01:15:36.612+0000] {dag.py:3504} INFO - Setting next_dagrun for dataset_consumes_1_and_2 to None, run_after=None
[2026-09-17T01:15:36.612+0000] {logging_mixin.py:150} INFO - [2026-09-17T01:15:36.612+0000] {dag.py:3504} INFO - Setting next_dagrun for dataset_consumes_1_never_scheduled to None, run_after=None
[2026-09-17T01:15:36.613+0000] {logging_mixin.py:150} INFO - [2026-09-17T01:15:36.613+0000] {dag.py:3504} INFO - Setting next_dagrun for dataset_consumes_unknown_never_scheduled to None, run_after=None
[2026-09-17T01:15:36.615+0000] {logging_mixin.py:150} INFO - [2026-09-17T01:15:36.615+0000] {dag.py:3504} INFO - Setting next_dagrun for dataset_produces_1 to 2026-09-16T00:00:00+00:00, run_after=2026-09-17T00:00:00+00:00
[2026-09-17T01:15:36.615+0000] {logging_mixin.py:150} INFO - [2026-09-17T01:15:36.615+0000] {dag.py:3504} INFO - Setting next_dagrun for dataset_produces_2 to None, run_after=None
[2026-09-17T01:15:36.639+0000] {processor.py:179} INFO - Processing /home/vscode/.local/lib/python3.10/site-packages/airflow/example_dags/example_datasets.py took 0.082 seconds
[2026-09-17T01:15:50.984+0000] {processor.py:157} INFO - Started process (PID=33170) to work on /home/vscode/.local/lib/python3.10/site-packages/airflow/example_dags/example_datasets.py
[2026-09-17T01:15:50.985+0000] {processor.py:826} INFO - Processing file /home/vscode/.local/lib/python3.10/site-packages/airflow/example_dags/example_datasets.py for tasks to queue
[2026-09-17T01:15:50.985+0000] {logging_mixin.py:150} INFO - [2026-09-17T01:15:50.985+0000] {dagbag.py:541} INFO - Filling up the DagBag from /home/vscode/.local/lib/python3.10/site-packages/airflow/example_dags/example_datasets.py
[2026-09-17T01:15:50.995+0000] {processor.py:836} INFO - DAG(s) dict_keys(['dataset_consumes_1_and_2', 'dataset_consumes_1', 'dataset_consumes_unknown_never_scheduled', 'dataset_produces_2', 'dataset_consumes_1_never_scheduled', 'dataset_produces_1']) retrieved from /home/vscode/.local/lib/python3.10/site-packages/airflow/example_dags/example_datasets.py
[2026-09-17T01:15:51.019+0000] {logging_mixin.py:150} INFO - [2026-09-17T01:15:51.019+0000] {dag.py:2742} INFO - Sync 6 DAGs
[2026-09-17T01:15:51.043+0000] {logging_mixin.py:150} INFO - [2026-09-17T01:15:51.043+0000] {dag.py:3504} INFO - Setting next_dagrun for dataset_consumes_1 to None, run_after=None
[2026-09-17T01:15:51.047+0000] {logging_mixin.py:150} INFO - [2026-09-17T01:15:51.047+0000] {dag.py:3504} INFO - Setting next_dagrun for dataset_consumes_1_and_2 to None, run_after=None
[2026-09-17T01:15:51.048+0000] {logging_mixin.py:150} INFO - [2026-09-17T01:15:51.048+0000] {dag.py:3504} INFO - Setting next_dagrun for dataset_consumes_1_never_scheduled to None, run_after=None
[2026-09-17T01:15:51.048+0000] {logging_mixin.py:150} INFO - [2026-09-17T01:15:51.048+0000] {dag.py:3504} INFO - Setting next_dagrun for dataset_consumes_unknown_never_scheduled to None, run_after=None
[2026-09-17T01:15:51.051+0000] {logging_mixin.py:150} INFO - [2026-09-17T01:15:51.051+0000] {dag.py:3504} INFO - Setting next_dagrun for dataset_produces_1 to 2026-09-16T00:00:00+00:00, run_after=2026-09-17T00:00:00+00:00
[2026-09-17T01:15:51.052+0000] {logging_mixin.py:150} INFO - [2026-09-17T01:15:51.051+0000] {dag.py:3504} INFO - Setting next_dagrun for dataset_produces_2 to None, run_after=None
[2026-09-17T01:15:51.093+0000] {processor.py:179} INFO - Processing /home/vscode/.local/lib/python3.10/site-packages/airflow/example_dags/example_datasets.py took 0.112 seconds
[2026-09-17T01:16:28.323+0000] {processor.py:157} INFO - Started process (PID=33497) to work on /home/vscode/.local/lib/python3.10/site-packages/airflow/example_dags/example_datasets.py
[2026-09-17T01:16:28.324+0000] {processor.py:826} INFO - Processing file /home/vscode/.local/lib/python3.10/site-packages/airflow/example_dags/example_datasets.py for tasks to queue
[2026-09-17T01:16:28.325+0000] {logging_mixin.py:150} INFO - [2026-09-17T01:16:28.325+0000] {dagbag.py:541} INFO - Filling up the DagBag from /home/vscode/.local/lib/python3.10/site-packages/airflow/example_dags/example_datasets.py
[2026-09-17T01:16:28.333+0000] {processor.py:836} INFO - DAG(s) dict_keys(['dataset_consumes_1', 'dataset_consumes_1_and_2', 'dataset_produces_1', 'dataset_consumes_unknown_never_scheduled', 'dataset_produces_2', 'dataset_consumes_1_never_scheduled']) retrieved from /home/vscode/.local/lib/python3.10/site-packages/airflow/example_dags/example_datasets.py
[2026-09-17T01:16:28.354+0000] {logging_mixin.py:150} INFO - [2026-09-17T01:16:28.354+0000] {dag.py:2742} INFO - Sync 6 DAGs
[2026-09-17T01:16:28.370+0000] {logging_mixin.py:150} INFO - [2026-09-17T01:16:28.370+0000] {dag.py:3504} INFO - Setting next_dagrun for dataset_consumes_1 to None, run_after=None
[2026-09-17T01:16:28.372+0000] {logging_mixin.py:150} INFO - [2026-09-17T01:16:28.372+0000] {dag.py:3504} INFO - Setting next_dagrun for dataset_consumes_1_and_2 to None, run_after=None
[2026-09-17T01:16:28.373+0000] {logging_mixin.py:150} INFO - [2026-09-17T01:16:28.373+0000] {dag.py:3504} INFO - Setting next_dagrun for dataset_consumes_1_never_scheduled to None, run_after=None
[2026-09-17T01:16:28.374+0000] {logging_mixin.py:150} INFO - [2026-09-17T01:16:28.374+0000] {dag.py:3504} INFO - Setting next_dagrun for dataset_consumes_unknown_never_scheduled to None, run_after=None
[2026-09-17T01:16:28.376+0000] {logging_mixin.py:150} INFO - [2026-09-17T01:16:28.375+0000] {dag.py:3504} INFO - Setting next_dagrun for dataset_produces_1 to 2026-09-16T00:00:00+00:00, run_after=2026-09-17T00:00:00+00:00
[2026-09-17T01:16:28.376+0000] {logging_mixin.py:150} INFO - [2026-09-17T01:16:28.376+0000] {dag.py:3504} INFO - Setting next_dagrun for dataset_produces_2 to None, run_after=None
[2026-09-17T01:16:28.402+0000] {processor.py:179} INFO - Processing /home/vscode/.local/lib/python3.10/site-packages/airflow/example_dags/example_datasets.py took 0.083 seconds
[2026-09-17T01:16:41.872+0000] {processor.py:157} INFO - Started process (PID=33608) to work on /home/vscode/.local/lib/python3.10/site-packages/airflow/example_dags/example_datasets.py
[2026-09-17T01:16:41.873+0000] {processor.py:826} INFO - Processing file /home/vscode/.local/lib/python3.10/site-packages/airflow/example_dags/example_datasets.py for tasks to queue
[2026-09-17T01:16:41.874+0000] {logging_mixin.py:150} INFO - [2026-09-17T01:16:41.873+0000] {dagbag.py:541} INFO - Filling up the DagBag from /home/vscode/.local/lib/python3.10/site-packages/airflow/example_dags/example_datasets.py
[2026-09-17T01:16:41.883+0000] {processor.py:836} INFO - DAG(s) dict_keys(['dataset_produces_2', 'dataset_consumes_1_and_2', 'dataset_consumes_1', 'dataset_consumes_1_never_scheduled', 'dataset_consumes_unknown_never_scheduled', 'dataset_produces_1']) retrieved from /home/vscode/.local/lib/python3.10/site-packages/airflow/example_dags/example_datasets.py
[2026-09-17T01:16:41.905+0000] {logging_mixin.py:150} INFO - [2026-09-17T01:16:41.905+0000] {dag.py:2742} INFO - Sync 6 DAGs
[2026-09-17T01:16:41.934+0000] {logging_mixin.py:150} INFO - [2026-09-17T01:16:41.934+0000] {dag.py:3504} INFO - Setting next_dagrun for dataset_consumes_1 to None, run_after=None
[2026-09-17T01:16:41.939+0000] {logging_mixin.py:150} INFO - [2026-09-17T01:16:41.939+0000] {dag.py:3504} INFO - Setting next_dagrun for dataset_consumes_1_and_2 to None, run_after=None
[2026-09-17T01:16:41.943+0000] {logging_mixin.py:150} INFO - [2026-09-17T01:16:41.942+0000] {dag.py:3504} INFO - Setting next_dagrun for dataset_consumes_1_never_scheduled to None, run_after=None
[2026-09-17T01:16:41.944+0000] {logging_mixin.py:150} INFO - [2026-09-17T01:16:41.943+0000] {dag.py:3504} INFO - Setting next_dagrun for dataset_consumes_unknown_never_scheduled to None, run_after=None
[2026-09-17T01:16:41.946+0000] {logging_mixin.py:150} INFO - [2026-09-17T01:16:41.946+0000] {dag.py:3504} INFO - Setting next_dagrun for dataset_produces_1 to 2026-09-16T00:00:00+00:00, run_after=2026-09-17T00:00:00+00:00
[2026-09-17T01:16:41.947+0000] {logging_mixin.py:150} INFO - [2026-09-17T01:16:41.947+0000] {dag.py:3504} INFO - Setting next_dagrun for dataset_produces_2 to None, run_after=None
[2026-09-17T01:16:42.032+0000] {processor.py:179} INFO - Processing /home/vscode/.local/lib/python3.10/site-packages/airflow/example_dags/example_datasets.py took 0.162 seconds
[2026-09-17T01:17:17.732+0000] {processor.py:157} INFO - Started process (PID=33910) to work on /home/vscode/.local/lib/python3.10/site-packages/airflow/example_dags/example_datasets.py
[2026-09-17T01:17:17.732+0000] {processor.py:826} INFO - Processing file /home/vscode/.local/lib/python3.10/site-packages/airflow/example_dags/example_datasets.py for tasks to queue
[2026-09-17T01:17:17.733+0000] {logging_mixin.py:150} INFO - [2026-09-17T01:17:17.733+0000] {dagbag.py:541} INFO - Filling up the DagBag from /home/vscode/.local/lib/python3.10/site-packages/airflow/example_dags/example_datasets.py
[2026-09-17T01:17:17.742+0000] {processor.py:836} INFO - DAG(s) dict_keys(['dataset_produces_2', 'dataset_produces_1', 'dataset_consumes_unknown_never_scheduled', 'dataset_consumes_1_never_scheduled', 'dataset_consumes_1', 'dataset_consumes_1_and_2']) retrieved from /home/vscode/.local/lib/python3.10/site-packages/airflow/example_dags/example_datasets.py
[2026-09-17T01:17:17.764+0000] {logging_mixin.py:150} INFO - [2026-09-17T01:17:17.763+0000] {dag.py:2742} INFO - Sync 6 DAGs
[2026-09-17T01:17:17.786+0000] {logging_mixin.py:150} INFO - [2026-09-17T01:17:17.786+0000] {dag.py:3504} INFO - Setting next_dagrun for dataset_consumes_1 to None, run_after=None
[2026-09-17T01:17:17.789+0000] {logging_mixin.py:150} INFO - [2026-09-17T01:17:17.789+0000] {dag.py:3504} INFO - Setting next_dagrun for dataset_consumes_1_and_2 to None, run_after=None
[2026-09-17T01:17:17.790+0000] {logging_mixin.py:150} INFO - [2026-09-17T01:17:17.790+0000] {dag.py:3504} INFO - Setting next_dagrun for dataset_consumes_1_never_scheduled to None, run_after=None
[2026-09-17T01:17:17.791+0000] {logging_mixin.py:150} INFO - [2026-09-17T01:17:17.791+0000] {dag.py:3504} INFO - Setting next_dagrun for dataset_consumes_unknown_never_scheduled to None, run_after=None
[2026-09-17T01:17:17.794+0000] {logging_mixin.py:150} INFO - [2026-09-17T01:17:17.794+0000] {dag.py:3504} INFO - Setting next_dagrun for dataset_produces_1 to 2026-09-16T00:00:00+00:00, run_after=2026-09-17T00:00:00+00:00
[2026-09-17T01:17:17.795+0000] {logging_mixin.py:150} INFO - [2026-09-17T01:17:17.795+0000] {dag.py:3504} INFO - Setting next_dagrun for dataset_produces_2 to None, run_after=None
[2026-09-17T01:17:17.826+0000] {processor.py:179} INFO - Processing /home/vscode/.local/lib/python3.10/site-packages/airflow/example_dags/example_datasets.py took 0.097 seconds
[2026-09-17T01:17:26.976+0000] {processor.py:157} INFO - Started process (PID=33995) to work on /home/vscode/.local/lib/python3.10/site-packages/airflow/example_dags/example_datasets.py
[2026-09-17T01:17:26.976+0000] {processor.py:826} INFO - Processing file /home/vscode/.local/lib/python3.10/site-packages/airflow/example_dags/example_datasets.py for tasks to queue
[2026-09-17T01:17:26.977+0000] {logging_mixin.py:150} INFO - [2026-09-17T01:17:26.977+0000] {dagbag.py:541} INFO - Filling up the DagBag from /home/vscode/.local/lib/python3.10/site-packages/airflow/example_dags/example_datasets.py
[2026-09-17T01:17:26.986+0000] {processor.py:836} INFO - DAG(s) dict_keys(['dataset_consumes_unknown_never_scheduled', 'dataset_produces_2', 'dataset_consumes_1_never_scheduled', 'dataset_consumes_1_and_2', 'dataset_consumes_1', 'dataset_produces_1']) retrieved from /home/vscode/.local/lib/python3.10/site-packages/airflow/example_dags/example_datasets.py
[2026-09-17T01:17:27.010+0000] {logging_mixin.py:150} INFO - [2026-09-17T01:17:27.010+0000] {dag.py:2742} INFO - Sync 6 DAGs
[2026-09-17T01:17:27.026+0000] {logging_mixin.py:150} INFO - [2026-09-17T01:17:27.025+0000] {dag.py:3504} INFO - Setting next_dagrun for dataset_consumes_1 to None, run_after=None
[2026-09-17T01:17:27.028+0000] {logging_mixin.py:150} INFO - [2026-09-17T01:17:27.028+0000] {dag.py:3504} INFO - Setting next_dagrun for dataset_consumes_1_and_2 to None, run_after=None
[2026-09-17T01:17:27.028+0000] {logging_mixin.py:150} INFO - [2026-09-17T01:17:27.028+0000] {dag.py:3504} INFO - Setting next_dagrun for dataset_consumes_1_never_scheduled to None, run_after=None
[2026-09-17T01:17:27.029+0000] {logging_mixin.py:150} INFO - [2026-09-17T01:17:27.029+0000] {dag.py:3504} INFO - Setting next_dagrun for dataset_consumes_unknown_never_scheduled to None, run_after=None
[2026-09-17T01:17:27.031+0000] {logging_mixin.py:150} INFO - [2026-09-17T01:17:27.031+0000] {dag.py:3504} INFO - Setting next_dagrun for dataset_produces_1 to 2026-09-16T00:00:00+00:00, run_after=2026-09-17T00:00:00+00:00
[2026-09-17T01:17:27.032+0000] {logging_mixin.py:150} INFO - [2026-09-17T01:17:27.031+0000] {dag.py:3504} INFO - Setting next_dagrun for dataset_produces_2 to None, run_after=None
[2026-09-17T01:17:27.057+0000] {processor.py:179} INFO - Processing /home/vscode/.local/lib/python3.10/site-packages/airflow/example_dags/example_datasets.py took 0.083 seconds
[2026-09-17T01:18:06.654+0000] {processor.py:157} INFO - Started process (PID=34323) to work on /home/vscode/.local/lib/python3.10/site-packages/airflow/example_dags/example_datasets.py
[2026-09-17T01:18:06.654+0000] {processor.py:826} INFO - Processing file /home/vscode/.local/lib/python3.10/site-packages/airflow/example_dags/example_datasets.py for tasks to queue
[2026-09-17T01:18:06.655+0000] {logging_mixin.py:150} INFO - [2026-09-17T01:18:06.655+0000] {dagbag.py:541} INFO - Filling up the DagBag from /home/vscode/.local/lib/python3.10/site-packages/airflow/example_dags/example_datasets.py
[2026-09-17T01:18:06.663+0000] {processor.py:836} INFO - DAG(s) dict_keys(['dataset_produces_2', 'dataset_consumes_1_and_2', 'dataset_consumes_unknown_never_scheduled', 'dataset_consumes_1_never_scheduled', 'dataset_produces_1', 'dataset_consumes_1']) retrieved from /home/vscode/.local/lib/python3.10/site-packages/airflow/example_dags/example_datasets.py
[2026-09-17T01:18:06.686+0000] {logging_mixin.py:150} INFO - [2026-09-17T01:18:06.686+0000] {dag.py:2742} INFO - Sync 6 DAGs
[2026-09-17T01:18:06.705+0000] {logging_mixin.py:150} INFO - [2026-09-17T01:18:06.705+0000] {dag.py:3504} INFO - Setting next_dagrun for dataset_consumes_1 to None, run_after=None
[2026-09-17T01:18:06.707+0000] {logging_mixin.py:150} INFO - [2026-09-17T01:18:06.707+0000] {dag.py:3504} INFO - Setting next_dagrun for dataset_consumes_1_and_2 to None, run_after=None
[2026-09-17T01:18:06.708+0000] {logging_mixin.py:150} INFO - [2026-09-17T01:18:06.708+0000] {dag.py:3504} INFO - Setting next_dagrun for dataset_consumes_1_never_scheduled to None, run_after=None
[2026-09-17T01:18:06.708+0000] {logging_mixin.py:150} INFO - [2026-09-17T01:18:06.708+0000] {dag.py:3504} INFO - Setting next_dagrun for dataset_consumes_unknown_never_scheduled to None, run_after=None
[2026-09-17T01:18:06.710+0000] {logging_mixin.py:150} INFO - [2026-09-17T01:18:06.710+0000] {dag.py:3504} INFO - Setting next_dagrun for dataset_produces_1 to 2026-09-16T00:00:00+00:00, run_after=2026-09-17T00:00:00+00:00
[2026-09-17T01:18:06.711+0000] {logging_mixin.py:150} INFO - [2026-09-17T01:18:06.711+0000] {dag.py:3504} INFO - Setting next_dagrun for dataset_produces_2 to None, run_after=None
[2026-09-17T01:18:06.735+0000] {processor.py:179} INFO - Processing /home/vscode/.local/lib/python3.10/site-packages/airflow/example_dags/example_datasets.py took 0.084 seconds
[2026-09-17T01:18:18.456+0000] {processor.py:157} INFO - Started process (PID=34423) to work on /home/vscode/.local/lib/python3.10/site-packages/airflow/example_dags/example_datasets.py
[2026-09-17T01:18:18.456+0000] {processor.py:826} INFO - Processing file /home/vscode/.local/lib/python3.10/site-packages/airflow/example_dags/example_datasets.py for tasks to queue
[2026-09-17T01:18:18.457+0000] {logging_mixin.py:150} INFO - [2026-09-17T01:18:18.457+0000] {dagbag.py:541} INFO - Filling up the DagBag from /home/vscode/.local/lib/python3.10/site-packages/airflow/example_dags/example_datasets.py
[2026-09-17T01:18:18.469+0000] {processor.py:836} INFO - DAG(s) dict_keys(['dataset_consumes_unknown_never_scheduled', 'dataset_produces_1', 'dataset_produces_2', 'dataset_consumes_1_and_2', 'dataset_consumes_1_never_scheduled', 'dataset_consumes_1']) retrieved from /home/vscode/.local/lib/python3.10/site-packages/airflow/example_dags/example_datasets.py
[2026-09-17T01:18:18.502+0000] {logging_mixin.py:150} INFO - [2026-09-17T01:18:18.502+0000] {dag.py:2742} INFO - Sync 6 DAGs
[2026-09-17T01:18:18.527+0000] {logging_mixin.py:150} INFO - [2026-09-17T01:18:18.527+0000] {dag.py:3504} INFO - Setting next_dagrun for dataset_consumes_1 to None, run_after=None
[2026-09-17T01:18:18.530+0000] {logging_mixin.py:150} INFO - [2026-09-17T01:18:18.530+0000] {dag.py:3504} INFO - Setting next_dagrun for dataset_consumes_1_and_2 to None, run_after=None
[2026-09-17T01:18:18.531+0000] {logging_mixin.py:150} INFO - [2026-09-17T01:18:18.531+0000] {dag.py:3504} INFO - Setting next_dagrun for dataset_consumes_1_never_scheduled to None, run_after=None
[2026-09-17T01:18:18.532+0000] {logging_mixin.py:150} INFO - [2026-09-17T01:18:18.532+0000] {dag.py:3504} INFO - Setting next_dagrun for dataset_consumes_unknown_never_scheduled to None, run_after=None
[2026-09-17T01:18:18.536+0000] {logging_mixin.py:150} INFO - [2026-09-17T01:18:18.536+0000] {dag.py:3504} INFO - Setting next_dagrun for dataset_produces_1 to 2026-09-16T00:00:00+00:00, run_after=2026-09-17T00:00:00+00:00
[2026-09-17T01:18:18.537+0000] {logging_mixin.py:150} INFO - [2026-09-17T01:18:18.537+0000] {dag.py:3504} INFO - Setting next_dagrun for dataset_produces_2 to None, run_after=None
[2026-09-17T01:18:18.566+0000] {processor.py:179} INFO - Processing /home/vscode/.local/lib/python3.10/site-packages/airflow/example_dags/example_datasets.py took 0.114 seconds
[2026-09-17T01:18:51.736+0000] {processor.py:157} INFO - Started process (PID=34712) to work on /home/vscode/.local/lib/python3.10/site-packages/airflow/example_dags/example_datasets.py
[2026-09-17T01:18:51.737+0000] {processor.py:826} INFO - Processing file /home/vscode/.local/lib/python3.10/site-packages/airflow/example_dags/example_datasets.py for tasks to queue
[2026-09-17T01:18:51.738+0000] {logging_mixin.py:150} INFO - [2026-09-17T01:18:51.737+0000] {dagbag.py:541} INFO - Filling up the DagBag from /home/vscode/.local/lib/python3.10/site-packages/airflow/example_dags/example_datasets.py
[2026-09-17T01:18:51.745+0000] {processor.py:836} INFO - DAG(s) dict_keys(['dataset_consumes_unknown_never_scheduled', 'dataset_consumes_1_and_2', 'dataset_consumes_1_never_scheduled', 'dataset_produces_2', 'dataset_produces_1', 'dataset_consumes_1']) retrieved from /home/vscode/.local/lib/python3.10/site-packages/airflow/example_dags/example_datasets.py
[2026-09-17T01:18:51.772+0000] {logging_mixin.py:150} INFO - [2026-09-17T01:18:51.772+0000] {dag.py:2742} INFO - Sync 6 DAGs
[2026-09-17T01:18:51.795+0000] {logging_mixin.py:150} INFO - [2026-09-17T01:18:51.795+0000] {dag.py:3504} INFO - Setting next_dagrun for dataset_consumes_1 to None, run_after=None
[2026-09-17T01:18:51.797+0000] {logging_mixin.py:150} INFO - [2026-09-17T01:18:51.797+0000] {dag.py:3504} INFO - Setting next_dagrun for dataset_consumes_1_and_2 to None, run_after=None
[2026-09-17T01:18:51.798+0000] {logging_mixin.py:150} INFO - [2026-09-17T01:18:51.798+0000] {dag.py:3504} INFO - Setting next_dagrun for dataset_consumes_1_never_scheduled to None, run_after=None
[2026-09-17T01:18:51.799+0000] {logging_mixin.py:150} INFO - [2026-09-17T01:18:51.799+0000] {dag.py:3504} INFO - Setting next_dagrun for dataset_consumes_unknown_never_scheduled to None, run_after=None
[2026-09-17T01:18:51.801+0000] {logging_mixin.py:150} INFO - [2026-09-17T01:18:51.800+0000] {dag.py:3504} INFO - Setting next_dagrun for dataset_produces_1 to 2026-09-16T00:00:00+00:00, run_after=2026-09-17T00:00:00+00:00
[2026-09-17T01:18:51.801+0000] {logging_mixin.py:150} INFO - [2026-09-17T01:18:51.801+0000] {dag.py:3504} INFO - Setting next_dagrun for dataset_produces_2 to None, run_after=None
[2026-09-17T01:18:51.825+0000] {processor.py:179} INFO - Processing /home/vscode/.local/lib/python3.10/site-packages/airflow/example_dags/example_datasets.py took 0.091 seconds
[2026-09-17T01:19:06.053+0000] {processor.py:157} INFO - Started process (PID=34826) to work on /home/vscode/.local/lib/python3.10/site-packages/airflow/example_dags/example_datasets.py
[2026-09-17T01:19:06.053+0000] {processor.py:826} INFO - Processing file /home/vscode/.local/lib/python3.10/site-packages/airflow/example_dags/example_datasets.py for tasks to queue
[2026-09-17T01:19:06.056+0000] {logging_mixin.py:150} INFO - [2026-09-17T01:19:06.055+0000] {dagbag.py:541} INFO - Filling up the DagBag from /home/vscode/.local/lib/python3.10/site-packages/airflow/example_dags/example_datasets.py
[2026-09-17T01:19:06.066+0000] {processor.py:836} INFO - DAG(s) dict_keys(['dataset_consumes_1_never_scheduled', 'dataset_consumes_1', 'dataset_consumes_unknown_never_scheduled', 'dataset_consumes_1_and_2', 'dataset_produces_1', 'dataset_produces_2']) retrieved from /home/vscode/.local/lib/python3.10/site-packages/airflow/example_dags/example_datasets.py
[2026-09-17T01:19:06.093+0000] {logging_mixin.py:150} INFO - [2026-09-17T01:19:06.093+0000] {dag.py:2742} INFO - Sync 6 DAGs
[2026-09-17T01:19:06.116+0000] {logging_mixin.py:150} INFO - [2026-09-17T01:19:06.116+0000] {dag.py:3504} INFO - Setting next_dagrun for dataset_consumes_1 to None, run_after=None
[2026-09-17T01:19:06.119+0000] {logging_mixin.py:150} INFO - [2026-09-17T01:19:06.118+0000] {dag.py:3504} INFO - Setting next_dagrun for dataset_consumes_1_and_2 to None, run_after=None
[2026-09-17T01:19:06.119+0000] {logging_mixin.py:150} INFO - [2026-09-17T01:19:06.119+0000] {dag.py:3504} INFO - Setting next_dagrun for dataset_consumes_1_never_scheduled to None, run_after=None
[2026-09-17T01:19:06.120+0000] {logging_mixin.py:150} INFO - [2026-09-17T01:19:06.120+0000] {dag.py:3504} INFO - Setting next_dagrun for dataset_consumes_unknown_never_scheduled to None, run_after=None
[2026-09-17T01:19:06.123+0000] {logging_mixin.py:150} INFO - [2026-09-17T01:19:06.122+0000] {dag.py:3504} INFO - Setting next_dagrun for dataset_produces_1 to 2026-09-16T00:00:00+00:00, run_after=2026-09-17T00:00:00+00:00
[2026-09-17T01:19:06.123+0000] {logging_mixin.py:150} INFO - [2026-09-17T01:19:06.123+0000] {dag.py:3504} INFO - Setting next_dagrun for dataset_produces_2 to None, run_after=None
[2026-09-17T01:19:06.147+0000] {processor.py:179} INFO - Processing /home/vscode/.local/lib/python3.10/site-packages/airflow/example_dags/example_datasets.py took 0.097 seconds
[2026-09-17T01:19:42.171+0000] {processor.py:157} INFO - Started process (PID=35111) to work on /home/vscode/.local/lib/python3.10/site-packages/airflow/example_dags/example_datasets.py
[2026-09-17T01:19:42.173+0000] {processor.py:826} INFO - Processing file /home/vscode/.local/lib/python3.10/site-packages/airflow/example_dags/example_datasets.py for tasks to queue
[2026-09-17T01:19:42.174+0000] {logging_mixin.py:150} INFO - [2026-09-17T01:19:42.174+0000] {dagbag.py:541} INFO - Filling up the DagBag from /home/vscode/.local/lib/python3.10/site-packages/airflow/example_dags/example_datasets.py
[2026-09-17T01:19:42.195+0000] {processor.py:836} INFO - DAG(s) dict_keys(['dataset_consumes_1_and_2', 'dataset_consumes_1', 'dataset_consumes_1_never_scheduled', 'dataset_consumes_unknown_never_scheduled', 'dataset_produces_1', 'dataset_produces_2']) retrieved from /home/vscode/.local/lib/python3.10/site-packages/airflow/example_dags/example_datasets.py
[2026-09-17T01:19:42.229+0000] {logging_mixin.py:150} INFO - [2026-09-17T01:19:42.229+0000] {dag.py:2742} INFO - Sync 6 DAGs
[2026-09-17T01:19:42.246+0000] {logging_mixin.py:150} INFO - [2026-09-17T01:19:42.246+0000] {dag.py:3504} INFO - Setting next_dagrun for dataset_consumes_1 to None, run_after=None
[2026-09-17T01:19:42.248+0000] {logging_mixin.py:150} INFO - [2026-09-17T01:19:42.248+0000] {dag.py:3504} INFO - Setting next_dagrun for dataset_consumes_1_and_2 to None, run_after=None
[2026-09-17T01:19:42.249+0000] {logging_mixin.py:150} INFO - [2026-09-17T01:19:42.249+0000] {dag.py:3504} INFO - Setting next_dagrun for dataset_consumes_1_never_scheduled to None, run_after=None
[2026-09-17T01:19:42.250+0000] {logging_mixin.py:150} INFO - [2026-09-17T01:19:42.250+0000] {dag.py:3504} INFO - Setting next_dagrun for dataset_consumes_unknown_never_scheduled to None, run_after=None
[2026-09-17T01:19:42.252+0000] {logging_mixin.py:150} INFO - [2026-09-17T01:19:42.252+0000] {dag.py:3504} INFO - Setting next_dagrun for dataset_produces_1 to 2026-09-16T00:00:00+00:00, run_after=2026-09-17T00:00:00+00:00
[2026-09-17T01:19:42.253+0000] {logging_mixin.py:150} INFO - [2026-09-17T01:19:42.252+0000] {dag.py:3504} INFO - Setting next_dagrun for dataset_produces_2 to None, run_after=None
[2026-09-17T01:19:42.295+0000] {processor.py:179} INFO - Processing /home/vscode/.local/lib/python3.10/site-packages/airflow/example_dags/example_datasets.py took 0.132 seconds
[2026-09-17T01:19:53.341+0000] {processor.py:157} INFO - Started process (PID=35234) to work on /home/vscode/.local/lib/python3.10/site-packages/airflow/example_dags/example_datasets.py
[2026-09-17T01:19:53.341+0000] {processor.py:826} INFO - Processing file /home/vscode/.local/lib/python3.10/site-packages/airflow/example_dags/example_datasets.py for tasks to queue
[2026-09-17T01:19:53.342+0000] {logging_mixin.py:150} INFO - [2026-09-17T01:19:53.342+0000] {dagbag.py:541} INFO - Filling up the DagBag from /home/vscode/.local/lib/python3.10/site-packages/airflow/example_dags/example_datasets.py
[2026-09-17T01:19:53.349+0000] {processor.py:836} INFO - DAG(s) dict_keys(['dataset_consumes_unknown_never_scheduled', 'dataset_produces_2', 'dataset_consumes_1_and_2', 'dataset_produces_1', 'dataset_consumes_1_never_scheduled', 'dataset_consumes_1']) retrieved from /home/vscode/.local/lib/python3.10/site-packages/airflow/example_dags/example_datasets.py
[2026-09-17T01:19:53.371+0000] {logging_mixin.py:150} INFO - [2026-09-17T01:19:53.370+0000] {dag.py:2742} INFO - Sync 6 DAGs
[2026-09-17T01:19:53.388+0000] {logging_mixin.py:150} INFO - [2026-09-17T01:19:53.388+0000] {dag.py:3504} INFO - Setting next_dagrun for dataset_consumes_1 to None, run_after=None
[2026-09-17T01:19:53.391+0000] {logging_mixin.py:150} INFO - [2026-09-17T01:19:53.391+0000] {dag.py:3504} INFO - Setting next_dagrun for dataset_consumes_1_and_2 to None, run_after=None
[2026-09-17T01:19:53.391+0000] {logging_mixin.py:150} INFO - [2026-09-17T01:19:53.391+0000] {dag.py:3504} INFO - Setting next_dagrun for dataset_consumes_1_never_scheduled to None, run_after=None
[2026-09-17T01:19:53.392+0000] {logging_mixin.py:150} INFO - [2026-09-17T01:19:53.392+0000] {dag.py:3504} INFO - Setting next_dagrun for dataset_consumes_unknown_never_scheduled to None, run_after=None
[2026-09-17T01:19:53.394+0000] {logging_mixin.py:150} INFO - [2026-09-17T01:19:53.394+0000] {dag.py:3504} INFO - Setting next_dagrun for dataset_produces_1 to 2026-09-16T00:00:00+00:00, run_after=2026-09-17T00:00:00+00:00
[2026-09-17T01:19:53.395+0000] {logging_mixin.py:150} INFO - [2026-09-17T01:19:53.395+0000] {dag.py:3504} INFO - Setting next_dagrun for dataset_produces_2 to None, run_after=None
[2026-09-17T01:19:53.419+0000] {processor.py:179} INFO - Processing /home/vscode/.local/lib/python3.10/site-packages/airflow/example_dags/example_datasets.py took 0.081 seconds
[2026-09-17T01:20:28.954+0000] {processor.py:157} INFO - Started process (PID=35554) to work on /home/vscode/.local/lib/python3.10/site-packages/airflow/example_dags/example_datasets.py
[2026-09-17T01:20:28.954+0000] {processor.py:826} INFO - Processing file /home/vscode/.local/lib/python3.10/site-packages/airflow/example_dags/example_datasets.py for tasks to queue
[2026-09-17T01:20:28.955+0000] {logging_mixin.py:150} INFO - [2026-09-17T01:20:28.955+0000] {dagbag.py:541} INFO - Filling up the DagBag from /home/vscode/.local/lib/python3.10/site-packages/airflow/example_dags/example_datasets.py
[2026-09-17T01:20:28.962+0000] {processor.py:836} INFO - DAG(s) dict_keys(['dataset_consumes_1_and_2', 'dataset_consumes_1_never_scheduled', 'dataset_consumes_unknown_never_scheduled', 'dataset_consumes_1', 'dataset_produces_1', 'dataset_produces_2']) retrieved from /home/vscode/.local/lib/python3.10/site-packages/airflow/example_dags/example_datasets.py
[2026-09-17T01:20:28.985+0000] {logging_mixin.py:150} INFO - [2026-09-17T01:20:28.985+0000] {dag.py:2742} INFO - Sync 6 DAGs
[2026-09-17T01:20:29.000+0000] {logging_mixin.py:150} INFO - [2026-09-17T01:20:29.000+0000] {dag.py:3504} INFO - Setting next_dagrun for dataset_consumes_1 to None, run_after=None
[2026-09-17T01:20:29.002+0000] {logging_mixin.py:150} INFO - [2026-09-17T01:20:29.002+0000] {dag.py:3504} INFO - Setting next_dagrun for dataset_consumes_1_and_2 to None, run_after=None
[2026-09-17T01:20:29.003+0000] {logging_mixin.py:150} INFO - [2026-09-17T01:20:29.003+0000] {dag.py:3504} INFO - Setting next_dagrun for dataset_consumes_1_never_scheduled to None, run_after=None
[2026-09-17T01:20:29.004+0000] {logging_mixin.py:150} INFO - [2026-09-17T01:20:29.004+0000] {dag.py:3504} INFO - Setting next_dagrun for dataset_consumes_unknown_never_scheduled to None, run_after=None
[2026-09-17T01:20:29.005+0000] {logging_mixin.py:150} INFO - [2026-09-17T01:20:29.005+0000] {dag.py:3504} INFO - Setting next_dagrun for dataset_produces_1 to 2026-09-16T00:00:00+00:00, run_after=2026-09-17T00:00:00+00:00
[2026-09-17T01:20:29.006+0000] {logging_mixin.py:150} INFO - [2026-09-17T01:20:29.006+0000] {dag.py:3504} INFO - Setting next_dagrun for dataset_produces_2 to None, run_after=None
[2026-09-17T01:20:29.031+0000] {processor.py:179} INFO - Processing /home/vscode/.local/lib/python3.10/site-packages/airflow/example_dags/example_datasets.py took 0.080 seconds
[2026-09-17T01:20:42.755+0000] {processor.py:157} INFO - Started process (PID=35673) to work on /home/vscode/.local/lib/python3.10/site-packages/airflow/example_dags/example_datasets.py
[2026-09-17T01:20:42.755+0000] {processor.py:826} INFO - Processing file /home/vscode/.local/lib/python3.10/site-packages/airflow/example_dags/example_datasets.py for tasks to queue
[2026-09-17T01:20:42.756+0000] {logging_mixin.py:150} INFO - [2026-09-17T01:20:42.756+0000] {dagbag.py:541} INFO - Filling up the DagBag from /home/vscode/.local/lib/python3.10/site-packages/airflow/example_dags/example_datasets.py
[2026-09-17T01:20:42.772+0000] {processor.py:836} INFO - DAG(s) dict_keys(['dataset_produces_2', 'dataset_consumes_1', 'dataset_consumes_1_and_2', 'dataset_produces_1', 'dataset_consumes_unknown_never_scheduled', 'dataset_consumes_1_never_scheduled']) retrieved from /home/vscode/.local/lib/python3.10/site-packages/airflow/example_dags/example_datasets.py
[2026-09-17T01:20:42.809+0000] {logging_mixin.py:150} INFO - [2026-09-17T01:20:42.809+0000] {dag.py:2742} INFO - Sync 6 DAGs
[2026-09-17T01:20:42.844+0000] {logging_mixin.py:150} INFO - [2026-09-17T01:20:42.844+0000] {dag.py:3504} INFO - Setting next_dagrun for dataset_consumes_1 to None, run_after=None
[2026-09-17T01:20:42.849+0000] {logging_mixin.py:150} INFO - [2026-09-17T01:20:42.849+0000] {dag.py:3504} INFO - Setting next_dagrun for dataset_consumes_1_and_2 to None, run_after=None
[2026-09-17T01:20:42.850+0000] {logging_mixin.py:150} INFO - [2026-09-17T01:20:42.850+0000] {dag.py:3504} INFO - Setting next_dagrun for dataset_consumes_1_never_scheduled to None, run_after=None
[2026-09-17T01:20:42.851+0000] {logging_mixin.py:150} INFO - [2026-09-17T01:20:42.851+0000] {dag.py:3504} INFO - Setting next_dagrun for dataset_consumes_unknown_never_scheduled to None, run_after=None
[2026-09-17T01:20:42.854+0000] {logging_mixin.py:150} INFO - [2026-09-17T01:20:42.854+0000] {dag.py:3504} INFO - Setting next_dagrun for dataset_produces_1 to 2026-09-16T00:00:00+00:00, run_after=2026-09-17T00:00:00+00:00
[2026-09-17T01:20:42.856+0000] {logging_mixin.py:150} INFO - [2026-09-17T01:20:42.856+0000] {dag.py:3504} INFO - Setting next_dagrun for dataset_produces_2 to None, run_after=None
[2026-09-17T01:20:42.906+0000] {processor.py:179} INFO - Processing /home/vscode/.local/lib/python3.10/site-packages/airflow/example_dags/example_datasets.py took 0.156 seconds
[2026-09-17T01:21:19.466+0000] {processor.py:157} INFO - Started process (PID=36218) to work on /home/vscode/.local/lib/python3.10/site-packages/airflow/example_dags/example_datasets.py
[2026-09-17T01:21:19.467+0000] {processor.py:826} INFO - Processing file /home/vscode/.local/lib/python3.10/site-packages/airflow/example_dags/example_datasets.py for tasks to queue
[2026-09-17T01:21:19.468+0000] {logging_mixin.py:150} INFO - [2026-09-17T01:21:19.467+0000] {dagbag.py:541} INFO - Filling up the DagBag from /home/vscode/.local/lib/python3.10/site-packages/airflow/example_dags/example_datasets.py
[2026-09-17T01:21:19.476+0000] {processor.py:836} INFO - DAG(s) dict_keys(['dataset_produces_2', 'dataset_consumes_1', 'dataset_consumes_1_and_2', 'dataset_produces_1', 'dataset_consumes_1_never_scheduled', 'dataset_consumes_unknown_never_scheduled']) retrieved from /home/vscode/.local/lib/python3.10/site-packages/airflow/example_dags/example_datasets.py
[2026-09-17T01:21:19.502+0000] {logging_mixin.py:150} INFO - [2026-09-17T01:21:19.502+0000] {dag.py:2742} INFO - Sync 6 DAGs
[2026-09-17T01:21:19.518+0000] {logging_mixin.py:150} INFO - [2026-09-17T01:21:19.518+0000] {dag.py:3504} INFO - Setting next_dagrun for dataset_consumes_1 to None, run_after=None
[2026-09-17T01:21:19.521+0000] {logging_mixin.py:150} INFO - [2026-09-17T01:21:19.521+0000] {dag.py:3504} INFO - Setting next_dagrun for dataset_consumes_1_and_2 to None, run_after=None
[2026-09-17T01:21:19.521+0000] {logging_mixin.py:150} INFO - [2026-09-17T01:21:19.521+0000] {dag.py:3504} INFO - Setting next_dagrun for dataset_consumes_1_never_scheduled to None, run_after=None
[2026-09-17T01:21:19.522+0000] {logging_mixin.py:150} INFO - [2026-09-17T01:21:19.522+0000] {dag.py:3504} INFO - Setting next_dagrun for dataset_consumes_unknown_never_scheduled to None, run_after=None
[2026-09-17T01:21:19.524+0000] {logging_mixin.py:150} INFO - [2026-09-17T01:21:19.524+0000] {dag.py:3504} INFO - Setting next_dagrun for dataset_produces_1 to 2026-09-16T00:00:00+00:00, run_after=2026-09-17T00:00:00+00:00
[2026-09-17T01:21:19.525+0000] {logging_mixin.py:150} INFO - [2026-09-17T01:21:19.525+0000] {dag.py:3504} INFO - Setting next_dagrun for dataset_produces_2 to None, run_after=None
[2026-09-17T01:21:19.548+0000] {processor.py:179} INFO - Processing /home/vscode/.local/lib/python3.10/site-packages/airflow/example_dags/example_datasets.py took 0.084 seconds
[2026-09-17T01:21:30.298+0000] {processor.py:157} INFO - Started process (PID=36300) to work on /home/vscode/.local/lib/python3.10/site-packages/airflow/example_dags/example_datasets.py
[2026-09-17T01:21:30.299+0000] {processor.py:826} INFO - Processing file /home/vscode/.local/lib/python3.10/site-packages/airflow/example_dags/example_datasets.py for tasks to queue
[2026-09-17T01:21:30.299+0000] {logging_mixin.py:150} INFO - [2026-09-17T01:21:30.299+0000] {dagbag.py:541} INFO - Filling up the DagBag from /home/vscode/.local/lib/python3.10/site-packages/airflow/example_dags/example_datasets.py
[2026-09-17T01:21:30.307+0000] {processor.py:836} INFO - DAG(s) dict_keys(['dataset_consumes_unknown_never_scheduled', 'dataset_consumes_1_never_scheduled', 'dataset_consumes_1_and_2', 'dataset_produces_1', 'dataset_consumes_1', 'dataset_produces_2']) retrieved from /home/vscode/.local/lib/python3.10/site-packages/airflow/example_dags/example_datasets.py
[2026-09-17T01:21:30.329+0000] {logging_mixin.py:150} INFO - [2026-09-17T01:21:30.328+0000] {dag.py:2742} INFO - Sync 6 DAGs
[2026-09-17T01:21:30.346+0000] {logging_mixin.py:150} INFO - [2026-09-17T01:21:30.346+0000] {dag.py:3504} INFO - Setting next_dagrun for dataset_consumes_1 to None, run_after=None
[2026-09-17T01:21:30.348+0000] {logging_mixin.py:150} INFO - [2026-09-17T01:21:30.348+0000] {dag.py:3504} INFO - Setting next_dagrun for dataset_consumes_1_and_2 to None, run_after=None
[2026-09-17T01:21:30.349+0000] {logging_mixin.py:150} INFO - [2026-09-17T01:21:30.349+0000] {dag.py:3504} INFO - Setting next_dagrun for dataset_consumes_1_never_scheduled to None, run_after=None
[2026-09-17T01:21:30.349+0000] {logging_mixin.py:150} INFO - [2026-09-17T01:21:30.349+0000] {dag.py:3504} INFO - Setting next_dagrun for dataset_consumes_unknown_never_scheduled to None, run_after=None
[2026-09-17T01:21:30.351+0000] {logging_mixin.py:150} INFO - [2026-09-17T01:21:30.351+0000] {dag.py:3504} INFO - Setting next_dagrun for dataset_produces_1 to 2026-09-16T00:00:00+00:00, run_after=2026-09-17T00:00:00+00:00
[2026-09-17T01:21:30.352+0000] {logging_mixin.py:150} INFO - [2026-09-17T01:21:30.352+0000] {dag.py:3504} INFO - Setting next_dagrun for dataset_produces_2 to None, run_after=None
[2026-09-17T01:21:30.374+0000] {processor.py:179} INFO - Processing /home/vscode/.local/lib/python3.10/site-packages/airflow/example_dags/example_datasets.py took 0.079 seconds
[2026-09-17T01:22:08.091+0000] {processor.py:157} INFO - Started process (PID=36802) to work on /home/vscode/.local/lib/python3.10/site-packages/airflow/example_dags/example_datasets.py
[2026-09-17T01:22:08.092+0000] {processor.py:826} INFO - Processing file /home/vscode/.local/lib/python3.10/site-packages/airflow/example_dags/example_datasets.py for tasks to queue
[2026-09-17T01:22:08.093+0000] {logging_mixin.py:150} INFO - [2026-09-17T01:22:08.093+0000] {dagbag.py:541} INFO - Filling up the DagBag from /home/vscode/.local/lib/python3.10/site-packages/airflow/example_dags/example_datasets.py
[2026-09-17T01:22:08.101+0000] {processor.py:836} INFO - DAG(s) dict_keys(['dataset_consumes_unknown_never_scheduled', 'dataset_produces_2', 'dataset_produces_1', 'dataset_consumes_1_never_scheduled', 'dataset_consumes_1', 'dataset_consumes_1_and_2']) retrieved from /home/vscode/.local/lib/python3.10/site-packages/airflow/example_dags/example_datasets.py
[2026-09-17T01:22:08.122+0000] {logging_mixin.py:150} INFO - [2026-09-17T01:22:08.122+0000] {dag.py:2742} INFO - Sync 6 DAGs
[2026-09-17T01:22:08.139+0000] {logging_mixin.py:150} INFO - [2026-09-17T01:22:08.139+0000] {dag.py:3504} INFO - Setting next_dagrun for dataset_consumes_1 to None, run_after=None
[2026-09-17T01:22:08.142+0000] {logging_mixin.py:150} INFO - [2026-09-17T01:22:08.142+0000] {dag.py:3504} INFO - Setting next_dagrun for dataset_consumes_1_and_2 to None, run_after=None
[2026-09-17T01:22:08.143+0000] {logging_mixin.py:150} INFO - [2026-09-17T01:22:08.142+0000] {dag.py:3504} INFO - Setting next_dagrun for dataset_consumes_1_never_scheduled to None, run_after=None
[2026-09-17T01:22:08.143+0000] {logging_mixin.py:150} INFO - [2026-09-17T01:22:08.143+0000] {dag.py:3504} INFO - Setting next_dagrun for dataset_consumes_unknown_never_scheduled to None, run_after=None
[2026-09-17T01:22:08.146+0000] {logging_mixin.py:150} INFO - [2026-09-17T01:22:08.146+0000] {dag.py:3504} INFO - Setting next_dagrun for dataset_produces_1 to 2026-09-16T00:00:00+00:00, run_after=2026-09-17T00:00:00+00:00
[2026-09-17T01:22:08.147+0000] {logging_mixin.py:150} INFO - [2026-09-17T01:22:08.147+0000] {dag.py:3504} INFO - Setting next_dagrun for dataset_produces_2 to None, run_after=None
[2026-09-17T01:22:08.175+0000] {processor.py:179} INFO - Processing /home/vscode/.local/lib/python3.10/site-packages/airflow/example_dags/example_datasets.py took 0.087 seconds
[2026-09-17T01:22:20.979+0000] {processor.py:157} INFO - Started process (PID=37068) to work on /home/vscode/.local/lib/python3.10/site-packages/airflow/example_dags/example_datasets.py
[2026-09-17T01:22:20.980+0000] {processor.py:826} INFO - Processing file /home/vscode/.local/lib/python3.10/site-packages/airflow/example_dags/example_datasets.py for tasks to queue
[2026-09-17T01:22:20.981+0000] {logging_mixin.py:150} INFO - [2026-09-17T01:22:20.981+0000] {dagbag.py:541} INFO - Filling up the DagBag from /home/vscode/.local/lib/python3.10/site-packages/airflow/example_dags/example_datasets.py
[2026-09-17T01:22:20.992+0000] {processor.py:836} INFO - DAG(s) dict_keys(['dataset_consumes_unknown_never_scheduled', 'dataset_produces_2', 'dataset_consumes_1', 'dataset_produces_1', 'dataset_consumes_1_and_2', 'dataset_consumes_1_never_scheduled']) retrieved from /home/vscode/.local/lib/python3.10/site-packages/airflow/example_dags/example_datasets.py
[2026-09-17T01:22:21.022+0000] {logging_mixin.py:150} INFO - [2026-09-17T01:22:21.021+0000] {dag.py:2742} INFO - Sync 6 DAGs
[2026-09-17T01:22:21.046+0000] {logging_mixin.py:150} INFO - [2026-09-17T01:22:21.046+0000] {dag.py:3504} INFO - Setting next_dagrun for dataset_consumes_1 to None, run_after=None
[2026-09-17T01:22:21.049+0000] {logging_mixin.py:150} INFO - [2026-09-17T01:22:21.049+0000] {dag.py:3504} INFO - Setting next_dagrun for dataset_consumes_1_and_2 to None, run_after=None
[2026-09-17T01:22:21.050+0000] {logging_mixin.py:150} INFO - [2026-09-17T01:22:21.050+0000] {dag.py:3504} INFO - Setting next_dagrun for dataset_consumes_1_never_scheduled to None, run_after=None
[2026-09-17T01:22:21.051+0000] {logging_mixin.py:150} INFO - [2026-09-17T01:22:21.051+0000] {dag.py:3504} INFO - Setting next_dagrun for dataset_consumes_unknown_never_scheduled to None, run_after=None
[2026-09-17T01:22:21.054+0000] {logging_mixin.py:150} INFO - [2026-09-17T01:22:21.053+0000] {dag.py:3504} INFO - Setting next_dagrun for dataset_produces_1 to 2026-09-16T00:00:00+00:00, run_after=2026-09-17T00:00:00+00:00
[2026-09-17T01:22:21.055+0000] {logging_mixin.py:150} INFO - [2026-09-17T01:22:21.054+0000] {dag.py:3504} INFO - Setting next_dagrun for dataset_produces_2 to None, run_after=None
[2026-09-17T01:22:21.089+0000] {processor.py:179} INFO - Processing /home/vscode/.local/lib/python3.10/site-packages/airflow/example_dags/example_datasets.py took 0.112 seconds
[2026-09-17T01:22:56.926+0000] {processor.py:157} INFO - Started process (PID=37374) to work on /home/vscode/.local/lib/python3.10/site-packages/airflow/example_dags/example_datasets.py
[2026-09-17T01:22:56.927+0000] {processor.py:826} INFO - Processing file /home/vscode/.local/lib/python3.10/site-packages/airflow/example_dags/example_datasets.py for tasks to queue
[2026-09-17T01:22:56.928+0000] {logging_mixin.py:150} INFO - [2026-09-17T01:22:56.928+0000] {dagbag.py:541} INFO - Filling up the DagBag from /home/vscode/.local/lib/python3.10/site-packages/airflow/example_dags/example_datasets.py
[2026-09-17T01:22:56.936+0000] {processor.py:836} INFO - DAG(s) dict_keys(['dataset_consumes_1_and_2', 'dataset_consumes_1_never_scheduled', 'dataset_consumes_unknown_never_scheduled', 'dataset_produces_2', 'dataset_consumes_1', 'dataset_produces_1']) retrieved from /home/vscode/.local/lib/python3.10/site-packages/airflow/example_dags/example_datasets.py
[2026-09-17T01:22:56.961+0000] {logging_mixin.py:150} INFO - [2026-09-17T01:22:56.961+0000] {dag.py:2742} INFO - Sync 6 DAGs
[2026-09-17T01:22:56.976+0000] {logging_mixin.py:150} INFO - [2026-09-17T01:22:56.976+0000] {dag.py:3504} INFO - Setting next_dagrun for dataset_consumes_1 to None, run_after=None
[2026-09-17T01:22:56.978+0000] {logging_mixin.py:150} INFO - [2026-09-17T01:22:56.978+0000] {dag.py:3504} INFO - Setting next_dagrun for dataset_consumes_1_and_2 to None, run_after=None
[2026-09-17T01:22:56.979+0000] {logging_mixin.py:150} INFO - [2026-09-17T01:22:56.978+0000] {dag.py:3504} INFO - Setting next_dagrun for dataset_consumes_1_never_scheduled to None, run_after=None
[2026-09-17T01:22:56.979+0000] {logging_mixin.py:150} INFO - [2026-09-17T01:22:56.979+0000] {dag.py:3504} INFO - Setting next_dagrun for dataset_consumes_unknown_never_scheduled to None, run_after=None
[2026-09-17T01:22:56.982+0000] {logging_mixin.py:150} INFO - [2026-09-17T01:22:56.981+0000] {dag.py:3504} INFO - Setting next_dagrun for dataset_produces_1 to 2026-09-16T00:00:00+00:00, run_after=2026-09-17T00:00:00+00:00
[2026-09-17T01:22:56.982+0000] {logging_mixin.py:150} INFO - [2026-09-17T01:22:56.982+0000] {dag.py:3504} INFO - Setting next_dagrun for dataset_produces_2 to None, run_after=None
[2026-09-17T01:22:57.010+0000] {processor.py:179} INFO - Processing /home/vscode/.local/lib/python3.10/site-packages/airflow/example_dags/example_datasets.py took 0.088 seconds
[2026-09-17T01:23:06.214+0000] {processor.py:157} INFO - Started process (PID=37444) to work on /home/vscode/.local/lib/python3.10/site-packages/airflow/example_dags/example_datasets.py
[2026-09-17T01:23:06.215+0000] {processor.py:826} INFO - Processing file /home/vscode/.local/lib/python3.10/site-packages/airflow/example_dags/example_datasets.py for tasks to queue
[2026-09-17T01:23:06.216+0000] {logging_mixin.py:150} INFO - [2026-09-17T01:23:06.215+0000] {dagbag.py:541} INFO - Filling up the DagBag from /home/vscode/.local/lib/python3.10/site-packages/airflow/example_dags/example_datasets.py
[2026-09-17T01:23:06.225+0000] {processor.py:836} INFO - DAG(s) dict_keys(['dataset_produces_1', 'dataset_consumes_unknown_never_scheduled', 'dataset_consumes_1', 'dataset_consumes_1_and_2', 'dataset_consumes_1_never_scheduled', 'dataset_produces_2']) retrieved from /home/vscode/.local/lib/python3.10/site-packages/airflow/example_dags/example_datasets.py
[2026-09-17T01:23:06.247+0000] {logging_mixin.py:150} INFO - [2026-09-17T01:23:06.246+0000] {dag.py:2742} INFO - Sync 6 DAGs
[2026-09-17T01:23:06.264+0000] {logging_mixin.py:150} INFO - [2026-09-17T01:23:06.263+0000] {dag.py:3504} INFO - Setting next_dagrun for dataset_consumes_1 to None, run_after=None
[2026-09-17T01:23:06.266+0000] {logging_mixin.py:150} INFO - [2026-09-17T01:23:06.266+0000] {dag.py:3504} INFO - Setting next_dagrun for dataset_consumes_1_and_2 to None, run_after=None
[2026-09-17T01:23:06.267+0000] {logging_mixin.py:150} INFO - [2026-09-17T01:23:06.267+0000] {dag.py:3504} INFO - Setting next_dagrun for dataset_consumes_1_never_scheduled to None, run_after=None
[2026-09-17T01:23:06.268+0000] {logging_mixin.py:150} INFO - [2026-09-17T01:23:06.268+0000] {dag.py:3504} INFO - Setting next_dagrun for dataset_consumes_unknown_never_scheduled to None, run_after=None
[2026-09-17T01:23:06.270+0000] {logging_mixin.py:150} INFO - [2026-09-17T01:23:06.270+0000] {dag.py:3504} INFO - Setting next_dagrun for dataset_produces_1 to 2026-09-16T00:00:00+00:00, run_after=2026-09-17T00:00:00+00:00
[2026-09-17T01:23:06.271+0000] {logging_mixin.py:150} INFO - [2026-09-17T01:23:06.271+0000] {dag.py:3504} INFO - Setting next_dagrun for dataset_produces_2 to None, run_after=None
[2026-09-17T01:23:06.300+0000] {processor.py:179} INFO - Processing /home/vscode/.local/lib/python3.10/site-packages/airflow/example_dags/example_datasets.py took 0.089 seconds
[2026-09-17T01:23:46.135+0000] {processor.py:157} INFO - Started process (PID=37833) to work on /home/vscode/.local/lib/python3.10/site-packages/airflow/example_dags/example_datasets.py
[2026-09-17T01:23:46.139+0000] {processor.py:826} INFO - Processing file /home/vscode/.local/lib/python3.10/site-packages/airflow/example_dags/example_datasets.py for tasks to queue
[2026-09-17T01:23:46.139+0000] {logging_mixin.py:150} INFO - [2026-09-17T01:23:46.139+0000] {dagbag.py:541} INFO - Filling up the DagBag from /home/vscode/.local/lib/python3.10/site-packages/airflow/example_dags/example_datasets.py
[2026-09-17T01:23:46.159+0000] {processor.py:836} INFO - DAG(s) dict_keys(['dataset_produces_1', 'dataset_consumes_1_and_2', 'dataset_consumes_1_never_scheduled', 'dataset_consumes_1', 'dataset_produces_2', 'dataset_consumes_unknown_never_scheduled']) retrieved from /home/vscode/.local/lib/python3.10/site-packages/airflow/example_dags/example_datasets.py
[2026-09-17T01:23:46.238+0000] {logging_mixin.py:150} INFO - [2026-09-17T01:23:46.237+0000] {dag.py:2742} INFO - Sync 6 DAGs
[2026-09-17T01:23:46.275+0000] {logging_mixin.py:150} INFO - [2026-09-17T01:23:46.275+0000] {dag.py:3504} INFO - Setting next_dagrun for dataset_consumes_1 to None, run_after=None
[2026-09-17T01:23:46.283+0000] {logging_mixin.py:150} INFO - [2026-09-17T01:23:46.283+0000] {dag.py:3504} INFO - Setting next_dagrun for dataset_consumes_1_and_2 to None, run_after=None
[2026-09-17T01:23:46.286+0000] {logging_mixin.py:150} INFO - [2026-09-17T01:23:46.286+0000] {dag.py:3504} INFO - Setting next_dagrun for dataset_consumes_1_never_scheduled to None, run_after=None
[2026-09-17T01:23:46.287+0000] {logging_mixin.py:150} INFO - [2026-09-17T01:23:46.287+0000] {dag.py:3504} INFO - Setting next_dagrun for dataset_consumes_unknown_never_scheduled to None, run_after=None
[2026-09-17T01:23:46.296+0000] {logging_mixin.py:150} INFO - [2026-09-17T01:23:46.296+0000] {dag.py:3504} INFO - Setting next_dagrun for dataset_produces_1 to 2026-09-16T00:00:00+00:00, run_after=2026-09-17T00:00:00+00:00
[2026-09-17T01:23:46.298+0000] {logging_mixin.py:150} INFO - [2026-09-17T01:23:46.298+0000] {dag.py:3504} INFO - Setting next_dagrun for dataset_produces_2 to None, run_after=None
[2026-09-17T01:23:46.347+0000] {processor.py:179} INFO - Processing /home/vscode/.local/lib/python3.10/site-packages/airflow/example_dags/example_datasets.py took 0.219 seconds
[2026-09-17T01:23:56.263+0000] {processor.py:157} INFO - Started process (PID=37905) to work on /home/vscode/.local/lib/python3.10/site-packages/airflow/example_dags/example_datasets.py
[2026-09-17T01:23:56.264+0000] {processor.py:826} INFO - Processing file /home/vscode/.local/lib/python3.10/site-packages/airflow/example_dags/example_datasets.py for tasks to queue
[2026-09-17T01:23:56.264+0000] {logging_mixin.py:150} INFO - [2026-09-17T01:23:56.264+0000] {dagbag.py:541} INFO - Filling up the DagBag from /home/vscode/.local/lib/python3.10/site-packages/airflow/example_dags/example_datasets.py
[2026-09-17T01:23:56.271+0000] {processor.py:836} INFO - DAG(s) dict_keys(['dataset_consumes_1_and_2', 'dataset_consumes_1_never_scheduled', 'dataset_consumes_1', 'dataset_produces_1', 'dataset_consumes_unknown_never_scheduled', 'dataset_produces_2']) retrieved from /home/vscode/.local/lib/python3.10/site-packages/airflow/example_dags/example_datasets.py
[2026-09-17T01:23:56.297+0000] {logging_mixin.py:150} INFO - [2026-09-17T01:23:56.297+0000] {dag.py:2742} INFO - Sync 6 DAGs
[2026-09-17T01:23:56.313+0000] {logging_mixin.py:150} INFO - [2026-09-17T01:23:56.313+0000] {dag.py:3504} INFO - Setting next_dagrun for dataset_consumes_1 to None, run_after=None
[2026-09-17T01:23:56.316+0000] {logging_mixin.py:150} INFO - [2026-09-17T01:23:56.315+0000] {dag.py:3504} INFO - Setting next_dagrun for dataset_consumes_1_and_2 to None, run_after=None
[2026-09-17T01:23:56.316+0000] {logging_mixin.py:150} INFO - [2026-09-17T01:23:56.316+0000] {dag.py:3504} INFO - Setting next_dagrun for dataset_consumes_1_never_scheduled to None, run_after=None
[2026-09-17T01:23:56.317+0000] {logging_mixin.py:150} INFO - [2026-09-17T01:23:56.317+0000] {dag.py:3504} INFO - Setting next_dagrun for dataset_consumes_unknown_never_scheduled to None, run_after=None
[2026-09-17T01:23:56.319+0000] {logging_mixin.py:150} INFO - [2026-09-17T01:23:56.319+0000] {dag.py:3504} INFO - Setting next_dagrun for dataset_produces_1 to 2026-09-16T00:00:00+00:00, run_after=2026-09-17T00:00:00+00:00
[2026-09-17T01:23:56.319+0000] {logging_mixin.py:150} INFO - [2026-09-17T01:23:56.319+0000] {dag.py:3504} INFO - Setting next_dagrun for dataset_produces_2 to None, run_after=None
[2026-09-17T01:23:56.346+0000] {processor.py:179} INFO - Processing /home/vscode/.local/lib/python3.10/site-packages/airflow/example_dags/example_datasets.py took 0.087 seconds
[2026-09-17T01:24:37.339+0000] {processor.py:157} INFO - Started process (PID=38547) to work on /home/vscode/.local/lib/python3.10/site-packages/airflow/example_dags/example_datasets.py
[2026-09-17T01:24:37.339+0000] {processor.py:826} INFO - Processing file /home/vscode/.local/lib/python3.10/site-packages/airflow/example_dags/example_datasets.py for tasks to queue
[2026-09-17T01:24:37.340+0000] {logging_mixin.py:150} INFO - [2026-09-17T01:24:37.340+0000] {dagbag.py:541} INFO - Filling up the DagBag from /home/vscode/.local/lib/python3.10/site-packages/airflow/example_dags/example_datasets.py
[2026-09-17T01:24:37.351+0000] {processor.py:836} INFO - DAG(s) dict_keys(['dataset_consumes_unknown_never_scheduled', 'dataset_consumes_1_never_scheduled', 'dataset_consumes_1_and_2', 'dataset_produces_1', 'dataset_produces_2', 'dataset_consumes_1']) retrieved from /home/vscode/.local/lib/python3.10/site-packages/airflow/example_dags/example_datasets.py
[2026-09-17T01:24:37.385+0000] {logging_mixin.py:150} INFO - [2026-09-17T01:24:37.385+0000] {dag.py:2742} INFO - Sync 6 DAGs
[2026-09-17T01:24:37.409+0000] {logging_mixin.py:150} INFO - [2026-09-17T01:24:37.408+0000] {dag.py:3504} INFO - Setting next_dagrun for dataset_consumes_1 to None, run_after=None
[2026-09-17T01:24:37.412+0000] {logging_mixin.py:150} INFO - [2026-09-17T01:24:37.412+0000] {dag.py:3504} INFO - Setting next_dagrun for dataset_consumes_1_and_2 to None, run_after=None
[2026-09-17T01:24:37.413+0000] {logging_mixin.py:150} INFO - [2026-09-17T01:24:37.413+0000] {dag.py:3504} INFO - Setting next_dagrun for dataset_consumes_1_never_scheduled to None, run_after=None
[2026-09-17T01:24:37.414+0000] {logging_mixin.py:150} INFO - [2026-09-17T01:24:37.413+0000] {dag.py:3504} INFO - Setting next_dagrun for dataset_consumes_unknown_never_scheduled to None, run_after=None
[2026-09-17T01:24:37.417+0000] {logging_mixin.py:150} INFO - [2026-09-17T01:24:37.417+0000] {dag.py:3504} INFO - Setting next_dagrun for dataset_produces_1 to 2026-09-16T00:00:00+00:00, run_after=2026-09-17T00:00:00+00:00
[2026-09-17T01:24:37.418+0000] {logging_mixin.py:150} INFO - [2026-09-17T01:24:37.418+0000] {dag.py:3504} INFO - Setting next_dagrun for dataset_produces_2 to None, run_after=None
[2026-09-17T01:24:37.453+0000] {processor.py:179} INFO - Processing /home/vscode/.local/lib/python3.10/site-packages/airflow/example_dags/example_datasets.py took 0.118 seconds
