[2026-09-17T00:55:22.880+0000] {processor.py:157} INFO - Started process (PID=21884) to work on /home/vscode/.local/lib/python3.10/site-packages/airflow/example_dags/example_task_group_decorator.py
[2026-09-17T00:55:22.881+0000] {processor.py:826} INFO - Processing file /home/vscode/.local/lib/python3.10/site-packages/airflow/example_dags/example_task_group_decorator.py for tasks to queue
[2026-09-17T00:55:22.882+0000] {logging_mixin.py:150} INFO - [2026-09-17T00:55:22.882+0000] {dagbag.py:541} INFO - Filling up the DagBag from /home/vscode/.local/lib/python3.10/site-packages/airflow/example_dags/example_task_group_decorator.py
[2026-09-17T00:55:22.904+0000] {processor.py:836} INFO - DAG(s) dict_keys(['example_task_group_decorator']) retrieved from /home/vscode/.local/lib/python3.10/site-packages/airflow/example_dags/example_task_group_decorator.py
[2026-09-17T00:55:23.037+0000] {logging_mixin.py:150} INFO - [2026-09-17T00:55:23.037+0000] {manager.py:504} INFO - Created Permission View: can delete on DAG:example_task_group_decorator
[2026-09-17T00:55:23.051+0000] {logging_mixin.py:150} INFO - [2026-09-17T00:55:23.051+0000] {manager.py:504} INFO - Created Permission View: can edit on DAG:example_task_group_decorator
[2026-09-17T00:55:23.060+0000] {logging_mixin.py:150} INFO - [2026-09-17T00:55:23.059+0000] {manager.py:504} INFO - Created Permission View: can read on DAG:example_task_group_decorator
[2026-09-17T00:55:23.072+0000] {logging_mixin.py:150} INFO - [2026-09-17T00:55:23.072+0000] {dag.py:2742} INFO - Sync 1 DAGs
[2026-09-17T00:55:23.083+0000] {logging_mixin.py:150} INFO - [2026-09-17T00:55:23.083+0000] {dag.py:2763} INFO - Creating ORM DAG for example_task_group_decorator
[2026-09-17T00:55:23.092+0000] {logging_mixin.py:150} INFO - [2026-09-17T00:55:23.092+0000] {dag.py:3504} INFO - Setting next_dagrun for example_task_group_decorator to 2026-09-16T00:55:23.092586+00:00, run_after=2026-09-17T00:55:23.092586+00:00
[2026-09-17T00:55:23.142+0000] {processor.py:179} INFO - Processing /home/vscode/.local/lib/python3.10/site-packages/airflow/example_dags/example_task_group_decorator.py took 0.266 seconds
[2026-09-17T00:55:54.273+0000] {processor.py:157} INFO - Started process (PID=22248) to work on /home/vscode/.local/lib/python3.10/site-packages/airflow/example_dags/example_task_group_decorator.py
[2026-09-17T00:55:54.273+0000] {processor.py:826} INFO - Processing file /home/vscode/.local/lib/python3.10/site-packages/airflow/example_dags/example_task_group_decorator.py for tasks to queue
[2026-09-17T00:55:54.274+0000] {logging_mixin.py:150} INFO - [2026-09-17T00:55:54.274+0000] {dagbag.py:541} INFO - Filling up the DagBag from /home/vscode/.local/lib/python3.10/site-packages/airflow/example_dags/example_task_group_decorator.py
[2026-09-17T00:55:54.289+0000] {processor.py:836} INFO - DAG(s) dict_keys(['example_task_group_decorator']) retrieved from /home/vscode/.local/lib/python3.10/site-packages/airflow/example_dags/example_task_group_decorator.py
[2026-09-17T00:55:54.307+0000] {logging_mixin.py:150} INFO - [2026-09-17T00:55:54.306+0000] {dag.py:2742} INFO - Sync 1 DAGs
[2026-09-17T00:55:54.323+0000] {logging_mixin.py:150} INFO - [2026-09-17T00:55:54.323+0000] {dag.py:3504} INFO - Setting next_dagrun for example_task_group_decorator to 2026-09-16T00:55:54.323332+00:00, run_after=2026-09-17T00:55:54.323332+00:00
[2026-09-17T00:55:54.344+0000] {processor.py:179} INFO - Processing /home/vscode/.local/lib/python3.10/site-packages/airflow/example_dags/example_task_group_decorator.py took 0.074 seconds
[2026-09-17T00:56:19.875+0000] {processor.py:157} INFO - Started process (PID=22456) to work on /home/vscode/.local/lib/python3.10/site-packages/airflow/example_dags/example_task_group_decorator.py
[2026-09-17T00:56:19.876+0000] {processor.py:826} INFO - Processing file /home/vscode/.local/lib/python3.10/site-packages/airflow/example_dags/example_task_group_decorator.py for tasks to queue
[2026-09-17T00:56:19.877+0000] {logging_mixin.py:150} INFO - [2026-09-17T00:56:19.876+0000] {dagbag.py:541} INFO - Filling up the DagBag from /home/vscode/.local/lib/python3.10/site-packages/airflow/example_dags/example_task_group_decorator.py
[2026-09-17T00:56:19.892+0000] {processor.py:836} INFO - DAG(s) dict_keys(['example_task_group_decorator']) retrieved from /home/vscode/.local/lib/python3.10/site-packages/airflow/example_dags/example_task_group_decorator.py
[2026-09-17T00:56:19.913+0000] {logging_mixin.py:150} INFO - [2026-09-17T00:56:19.913+0000] {dag.py:2742} INFO - Sync 1 DAGs
[2026-09-17T00:56:19.929+0000] {logging_mixin.py:150} INFO - [2026-09-17T00:56:19.929+0000] {dag.py:3504} INFO - Setting next_dagrun for example_task_group_decorator to 2026-09-16T00:56:19.929326+00:00, run_after=2026-09-17T00:56:19.929326+00:00
[2026-09-17T00:56:19.952+0000] {processor.py:179} INFO - Processing /home/vscode/.local/lib/python3.10/site-packages/airflow/example_dags/example_task_group_decorator.py took 0.080 seconds
[2026-09-17T00:56:41.461+0000] {processor.py:157} INFO - Started process (PID=22713) to work on /home/vscode/.local/lib/python3.10/site-packages/airflow/example_dags/example_task_group_decorator.py
[2026-09-17T00:56:41.462+0000] {processor.py:826} INFO - Processing file /home/vscode/.local/lib/python3.10/site-packages/airflow/example_dags/example_task_group_decorator.py for tasks to queue
[2026-09-17T00:56:41.463+0000] {logging_mixin.py:150} INFO - [2026-09-17T00:56:41.463+0000] {dagbag.py:541} INFO - Filling up the DagBag from /home/vscode/.local/lib/python3.10/site-packages/airflow/example_dags/example_task_group_decorator.py
[2026-09-17T00:56:41.533+0000] {processor.py:836} INFO - DAG(s) dict_keys(['example_task_group_decorator']) retrieved from /home/vscode/.local/lib/python3.10/site-packages/airflow/example_dags/example_task_group_decorator.py
[2026-09-17T00:56:41.597+0000] {logging_mixin.py:150} INFO - [2026-09-17T00:56:41.597+0000] {dag.py:2742} INFO - Sync 1 DAGs
[2026-09-17T00:56:41.644+0000] {logging_mixin.py:150} INFO - [2026-09-17T00:56:41.644+0000] {dag.py:3504} INFO - Setting next_dagrun for example_task_group_decorator to 2026-09-16T00:56:41.644160+00:00, run_after=2026-09-17T00:56:41.644160+00:00
[2026-09-17T00:56:41.665+0000] {processor.py:179} INFO - Processing /home/vscode/.local/lib/python3.10/site-packages/airflow/example_dags/example_task_group_decorator.py took 0.217 seconds
[2026-09-17T00:57:06.327+0000] {processor.py:157} INFO - Started process (PID=22889) to work on /home/vscode/.local/lib/python3.10/site-packages/airflow/example_dags/example_task_group_decorator.py
[2026-09-17T00:57:06.327+0000] {processor.py:826} INFO - Processing file /home/vscode/.local/lib/python3.10/site-packages/airflow/example_dags/example_task_group_decorator.py for tasks to queue
[2026-09-17T00:57:06.328+0000] {logging_mixin.py:150} INFO - [2026-09-17T00:57:06.328+0000] {dagbag.py:541} INFO - Filling up the DagBag from /home/vscode/.local/lib/python3.10/site-packages/airflow/example_dags/example_task_group_decorator.py
[2026-09-17T00:57:06.341+0000] {processor.py:836} INFO - DAG(s) dict_keys(['example_task_group_decorator']) retrieved from /home/vscode/.local/lib/python3.10/site-packages/airflow/example_dags/example_task_group_decorator.py
[2026-09-17T00:57:06.356+0000] {logging_mixin.py:150} INFO - [2026-09-17T00:57:06.356+0000] {dag.py:2742} INFO - Sync 1 DAGs
[2026-09-17T00:57:06.374+0000] {logging_mixin.py:150} INFO - [2026-09-17T00:57:06.373+0000] {dag.py:3504} INFO - Setting next_dagrun for example_task_group_decorator to 2026-09-16T00:57:06.373678+00:00, run_after=2026-09-17T00:57:06.373678+00:00
[2026-09-17T00:57:06.397+0000] {processor.py:179} INFO - Processing /home/vscode/.local/lib/python3.10/site-packages/airflow/example_dags/example_task_group_decorator.py took 0.073 seconds
[2026-09-17T00:57:34.535+0000] {processor.py:157} INFO - Started process (PID=23104) to work on /home/vscode/.local/lib/python3.10/site-packages/airflow/example_dags/example_task_group_decorator.py
[2026-09-17T00:57:34.536+0000] {processor.py:826} INFO - Processing file /home/vscode/.local/lib/python3.10/site-packages/airflow/example_dags/example_task_group_decorator.py for tasks to queue
[2026-09-17T00:57:34.536+0000] {logging_mixin.py:150} INFO - [2026-09-17T00:57:34.536+0000] {dagbag.py:541} INFO - Filling up the DagBag from /home/vscode/.local/lib/python3.10/site-packages/airflow/example_dags/example_task_group_decorator.py
[2026-09-17T00:57:34.549+0000] {processor.py:836} INFO - DAG(s) dict_keys(['example_task_group_decorator']) retrieved from /home/vscode/.local/lib/python3.10/site-packages/airflow/example_dags/example_task_group_decorator.py
[2026-09-17T00:57:34.571+0000] {logging_mixin.py:150} INFO - [2026-09-17T00:57:34.571+0000] {dag.py:2742} INFO - Sync 1 DAGs
[2026-09-17T00:57:34.592+0000] {logging_mixin.py:150} INFO - [2026-09-17T00:57:34.592+0000] {dag.py:3504} INFO - Setting next_dagrun for example_task_group_decorator to 2026-09-16T00:57:34.591873+00:00, run_after=2026-09-17T00:57:34.591873+00:00
[2026-09-17T00:57:34.616+0000] {processor.py:179} INFO - Processing /home/vscode/.local/lib/python3.10/site-packages/airflow/example_dags/example_task_group_decorator.py took 0.084 seconds
[2026-09-17T00:57:52.598+0000] {processor.py:157} INFO - Started process (PID=23246) to work on /home/vscode/.local/lib/python3.10/site-packages/airflow/example_dags/example_task_group_decorator.py
[2026-09-17T00:57:52.599+0000] {processor.py:826} INFO - Processing file /home/vscode/.local/lib/python3.10/site-packages/airflow/example_dags/example_task_group_decorator.py for tasks to queue
[2026-09-17T00:57:52.600+0000] {logging_mixin.py:150} INFO - [2026-09-17T00:57:52.600+0000] {dagbag.py:541} INFO - Filling up the DagBag from /home/vscode/.local/lib/python3.10/site-packages/airflow/example_dags/example_task_group_decorator.py
[2026-09-17T00:57:52.618+0000] {processor.py:836} INFO - DAG(s) dict_keys(['example_task_group_decorator']) retrieved from /home/vscode/.local/lib/python3.10/site-packages/airflow/example_dags/example_task_group_decorator.py
[2026-09-17T00:57:52.641+0000] {logging_mixin.py:150} INFO - [2026-09-17T00:57:52.641+0000] {dag.py:2742} INFO - Sync 1 DAGs
[2026-09-17T00:57:52.666+0000] {logging_mixin.py:150} INFO - [2026-09-17T00:57:52.666+0000] {dag.py:3504} INFO - Setting next_dagrun for example_task_group_decorator to 2026-09-16T00:57:52.665931+00:00, run_after=2026-09-17T00:57:52.665931+00:00
[2026-09-17T00:57:52.688+0000] {processor.py:179} INFO - Processing /home/vscode/.local/lib/python3.10/site-packages/airflow/example_dags/example_task_group_decorator.py took 0.097 seconds
[2026-09-17T00:58:10.825+0000] {processor.py:157} INFO - Started process (PID=23396) to work on /home/vscode/.local/lib/python3.10/site-packages/airflow/example_dags/example_task_group_decorator.py
[2026-09-17T00:58:10.826+0000] {processor.py:826} INFO - Processing file /home/vscode/.local/lib/python3.10/site-packages/airflow/example_dags/example_task_group_decorator.py for tasks to queue
[2026-09-17T00:58:10.827+0000] {logging_mixin.py:150} INFO - [2026-09-17T00:58:10.827+0000] {dagbag.py:541} INFO - Filling up the DagBag from /home/vscode/.local/lib/python3.10/site-packages/airflow/example_dags/example_task_group_decorator.py
[2026-09-17T00:58:10.844+0000] {processor.py:836} INFO - DAG(s) dict_keys(['example_task_group_decorator']) retrieved from /home/vscode/.local/lib/python3.10/site-packages/airflow/example_dags/example_task_group_decorator.py
[2026-09-17T00:58:10.859+0000] {logging_mixin.py:150} INFO - [2026-09-17T00:58:10.859+0000] {dag.py:2742} INFO - Sync 1 DAGs
[2026-09-17T00:58:10.875+0000] {logging_mixin.py:150} INFO - [2026-09-17T00:58:10.875+0000] {dag.py:3504} INFO - Setting next_dagrun for example_task_group_decorator to 2026-09-16T00:58:10.874869+00:00, run_after=2026-09-17T00:58:10.874869+00:00
[2026-09-17T00:58:10.909+0000] {processor.py:179} INFO - Processing /home/vscode/.local/lib/python3.10/site-packages/airflow/example_dags/example_task_group_decorator.py took 0.088 seconds
[2026-09-17T00:58:40.564+0000] {processor.py:157} INFO - Started process (PID=23711) to work on /home/vscode/.local/lib/python3.10/site-packages/airflow/example_dags/example_task_group_decorator.py
[2026-09-17T00:58:40.564+0000] {processor.py:826} INFO - Processing file /home/vscode/.local/lib/python3.10/site-packages/airflow/example_dags/example_task_group_decorator.py for tasks to queue
[2026-09-17T00:58:40.565+0000] {logging_mixin.py:150} INFO - [2026-09-17T00:58:40.565+0000] {dagbag.py:541} INFO - Filling up the DagBag from /home/vscode/.local/lib/python3.10/site-packages/airflow/example_dags/example_task_group_decorator.py
[2026-09-17T00:58:40.577+0000] {processor.py:836} INFO - DAG(s) dict_keys(['example_task_group_decorator']) retrieved from /home/vscode/.local/lib/python3.10/site-packages/airflow/example_dags/example_task_group_decorator.py
[2026-09-17T00:58:40.597+0000] {logging_mixin.py:150} INFO - [2026-09-17T00:58:40.597+0000] {dag.py:2742} INFO - Sync 1 DAGs
[2026-09-17T00:58:40.613+0000] {logging_mixin.py:150} INFO - [2026-09-17T00:58:40.613+0000] {dag.py:3504} INFO - Setting next_dagrun for example_task_group_decorator to 2026-09-16T00:58:40.613462+00:00, run_after=2026-09-17T00:58:40.613462+00:00
[2026-09-17T00:58:40.630+0000] {processor.py:179} INFO - Processing /home/vscode/.local/lib/python3.10/site-packages/airflow/example_dags/example_task_group_decorator.py took 0.069 seconds
[2026-09-17T00:59:02.273+0000] {processor.py:157} INFO - Started process (PID=24023) to work on /home/vscode/.local/lib/python3.10/site-packages/airflow/example_dags/example_task_group_decorator.py
[2026-09-17T00:59:02.274+0000] {processor.py:826} INFO - Processing file /home/vscode/.local/lib/python3.10/site-packages/airflow/example_dags/example_task_group_decorator.py for tasks to queue
[2026-09-17T00:59:02.274+0000] {logging_mixin.py:150} INFO - [2026-09-17T00:59:02.274+0000] {dagbag.py:541} INFO - Filling up the DagBag from /home/vscode/.local/lib/python3.10/site-packages/airflow/example_dags/example_task_group_decorator.py
[2026-09-17T00:59:02.291+0000] {processor.py:836} INFO - DAG(s) dict_keys(['example_task_group_decorator']) retrieved from /home/vscode/.local/lib/python3.10/site-packages/airflow/example_dags/example_task_group_decorator.py
[2026-09-17T00:59:02.312+0000] {logging_mixin.py:150} INFO - [2026-09-17T00:59:02.312+0000] {dag.py:2742} INFO - Sync 1 DAGs
[2026-09-17T00:59:02.333+0000] {logging_mixin.py:150} INFO - [2026-09-17T00:59:02.332+0000] {dag.py:3504} INFO - Setting next_dagrun for example_task_group_decorator to 2026-09-16T00:59:02.332588+00:00, run_after=2026-09-17T00:59:02.332588+00:00
[2026-09-17T00:59:02.365+0000] {processor.py:179} INFO - Processing /home/vscode/.local/lib/python3.10/site-packages/airflow/example_dags/example_task_group_decorator.py took 0.095 seconds
[2026-09-17T00:59:31.120+0000] {processor.py:157} INFO - Started process (PID=24350) to work on /home/vscode/.local/lib/python3.10/site-packages/airflow/example_dags/example_task_group_decorator.py
[2026-09-17T00:59:31.120+0000] {processor.py:826} INFO - Processing file /home/vscode/.local/lib/python3.10/site-packages/airflow/example_dags/example_task_group_decorator.py for tasks to queue
[2026-09-17T00:59:31.121+0000] {logging_mixin.py:150} INFO - [2026-09-17T00:59:31.121+0000] {dagbag.py:541} INFO - Filling up the DagBag from /home/vscode/.local/lib/python3.10/site-packages/airflow/example_dags/example_task_group_decorator.py
[2026-09-17T00:59:31.137+0000] {processor.py:836} INFO - DAG(s) dict_keys(['example_task_group_decorator']) retrieved from /home/vscode/.local/lib/python3.10/site-packages/airflow/example_dags/example_task_group_decorator.py
[2026-09-17T00:59:31.155+0000] {logging_mixin.py:150} INFO - [2026-09-17T00:59:31.155+0000] {dag.py:2742} INFO - Sync 1 DAGs
[2026-09-17T00:59:31.170+0000] {logging_mixin.py:150} INFO - [2026-09-17T00:59:31.170+0000] {dag.py:3504} INFO - Setting next_dagrun for example_task_group_decorator to 2026-09-16T00:59:31.170019+00:00, run_after=2026-09-17T00:59:31.170019+00:00
[2026-09-17T00:59:31.190+0000] {processor.py:179} INFO - Processing /home/vscode/.local/lib/python3.10/site-packages/airflow/example_dags/example_task_group_decorator.py took 0.073 seconds
[2026-09-17T00:59:41.142+0000] {processor.py:157} INFO - Started process (PID=24514) to work on /home/vscode/.local/lib/python3.10/site-packages/airflow/example_dags/example_task_group_decorator.py
[2026-09-17T00:59:41.142+0000] {processor.py:826} INFO - Processing file /home/vscode/.local/lib/python3.10/site-packages/airflow/example_dags/example_task_group_decorator.py for tasks to queue
[2026-09-17T00:59:41.143+0000] {logging_mixin.py:150} INFO - [2026-09-17T00:59:41.143+0000] {dagbag.py:541} INFO - Filling up the DagBag from /home/vscode/.local/lib/python3.10/site-packages/airflow/example_dags/example_task_group_decorator.py
[2026-09-17T00:59:41.155+0000] {processor.py:836} INFO - DAG(s) dict_keys(['example_task_group_decorator']) retrieved from /home/vscode/.local/lib/python3.10/site-packages/airflow/example_dags/example_task_group_decorator.py
[2026-09-17T00:59:41.170+0000] {logging_mixin.py:150} INFO - [2026-09-17T00:59:41.170+0000] {dag.py:2742} INFO - Sync 1 DAGs
[2026-09-17T00:59:41.190+0000] {logging_mixin.py:150} INFO - [2026-09-17T00:59:41.190+0000] {dag.py:3504} INFO - Setting next_dagrun for example_task_group_decorator to 2026-09-16T00:59:41.190396+00:00, run_after=2026-09-17T00:59:41.190396+00:00
[2026-09-17T00:59:41.210+0000] {processor.py:179} INFO - Processing /home/vscode/.local/lib/python3.10/site-packages/airflow/example_dags/example_task_group_decorator.py took 0.071 seconds
[2026-09-17T01:00:24.034+0000] {processor.py:157} INFO - Started process (PID=25141) to work on /home/vscode/.local/lib/python3.10/site-packages/airflow/example_dags/example_task_group_decorator.py
[2026-09-17T01:00:24.035+0000] {processor.py:826} INFO - Processing file /home/vscode/.local/lib/python3.10/site-packages/airflow/example_dags/example_task_group_decorator.py for tasks to queue
[2026-09-17T01:00:24.036+0000] {logging_mixin.py:150} INFO - [2026-09-17T01:00:24.036+0000] {dagbag.py:541} INFO - Filling up the DagBag from /home/vscode/.local/lib/python3.10/site-packages/airflow/example_dags/example_task_group_decorator.py
[2026-09-17T01:00:24.048+0000] {processor.py:836} INFO - DAG(s) dict_keys(['example_task_group_decorator']) retrieved from /home/vscode/.local/lib/python3.10/site-packages/airflow/example_dags/example_task_group_decorator.py
[2026-09-17T01:00:24.063+0000] {logging_mixin.py:150} INFO - [2026-09-17T01:00:24.063+0000] {dag.py:2742} INFO - Sync 1 DAGs
[2026-09-17T01:00:24.078+0000] {logging_mixin.py:150} INFO - [2026-09-17T01:00:24.078+0000] {dag.py:3504} INFO - Setting next_dagrun for example_task_group_decorator to 2026-09-16T01:00:24.078192+00:00, run_after=2026-09-17T01:00:24.078192+00:00
[2026-09-17T01:00:24.098+0000] {processor.py:179} INFO - Processing /home/vscode/.local/lib/python3.10/site-packages/airflow/example_dags/example_task_group_decorator.py took 0.067 seconds
[2026-09-17T01:00:31.180+0000] {processor.py:157} INFO - Started process (PID=25239) to work on /home/vscode/.local/lib/python3.10/site-packages/airflow/example_dags/example_task_group_decorator.py
[2026-09-17T01:00:31.180+0000] {processor.py:826} INFO - Processing file /home/vscode/.local/lib/python3.10/site-packages/airflow/example_dags/example_task_group_decorator.py for tasks to queue
[2026-09-17T01:00:31.181+0000] {logging_mixin.py:150} INFO - [2026-09-17T01:00:31.181+0000] {dagbag.py:541} INFO - Filling up the DagBag from /home/vscode/.local/lib/python3.10/site-packages/airflow/example_dags/example_task_group_decorator.py
[2026-09-17T01:00:31.197+0000] {processor.py:836} INFO - DAG(s) dict_keys(['example_task_group_decorator']) retrieved from /home/vscode/.local/lib/python3.10/site-packages/airflow/example_dags/example_task_group_decorator.py
[2026-09-17T01:00:31.215+0000] {logging_mixin.py:150} INFO - [2026-09-17T01:00:31.215+0000] {dag.py:2742} INFO - Sync 1 DAGs
[2026-09-17T01:00:31.230+0000] {logging_mixin.py:150} INFO - [2026-09-17T01:00:31.230+0000] {dag.py:3504} INFO - Setting next_dagrun for example_task_group_decorator to 2026-09-16T01:00:31.230183+00:00, run_after=2026-09-17T01:00:31.230183+00:00
[2026-09-17T01:00:31.247+0000] {processor.py:179} INFO - Processing /home/vscode/.local/lib/python3.10/site-packages/airflow/example_dags/example_task_group_decorator.py took 0.070 seconds
[2026-09-17T01:01:01.935+0000] {processor.py:157} INFO - Started process (PID=25525) to work on /home/vscode/.local/lib/python3.10/site-packages/airflow/example_dags/example_task_group_decorator.py
[2026-09-17T01:01:01.936+0000] {processor.py:826} INFO - Processing file /home/vscode/.local/lib/python3.10/site-packages/airflow/example_dags/example_task_group_decorator.py for tasks to queue
[2026-09-17T01:01:01.937+0000] {logging_mixin.py:150} INFO - [2026-09-17T01:01:01.936+0000] {dagbag.py:541} INFO - Filling up the DagBag from /home/vscode/.local/lib/python3.10/site-packages/airflow/example_dags/example_task_group_decorator.py
[2026-09-17T01:01:01.954+0000] {processor.py:836} INFO - DAG(s) dict_keys(['example_task_group_decorator']) retrieved from /home/vscode/.local/lib/python3.10/site-packages/airflow/example_dags/example_task_group_decorator.py
[2026-09-17T01:01:01.977+0000] {logging_mixin.py:150} INFO - [2026-09-17T01:01:01.977+0000] {dag.py:2742} INFO - Sync 1 DAGs
[2026-09-17T01:01:01.999+0000] {logging_mixin.py:150} INFO - [2026-09-17T01:01:01.999+0000] {dag.py:3504} INFO - Setting next_dagrun for example_task_group_decorator to 2026-09-16T01:01:01.999003+00:00, run_after=2026-09-17T01:01:01.999003+00:00
[2026-09-17T01:01:02.029+0000] {processor.py:179} INFO - Processing /home/vscode/.local/lib/python3.10/site-packages/airflow/example_dags/example_task_group_decorator.py took 0.097 seconds
[2026-09-17T01:01:21.952+0000] {processor.py:157} INFO - Started process (PID=25694) to work on /home/vscode/.local/lib/python3.10/site-packages/airflow/example_dags/example_task_group_decorator.py
[2026-09-17T01:01:21.952+0000] {processor.py:826} INFO - Processing file /home/vscode/.local/lib/python3.10/site-packages/airflow/example_dags/example_task_group_decorator.py for tasks to queue
[2026-09-17T01:01:21.953+0000] {logging_mixin.py:150} INFO - [2026-09-17T01:01:21.953+0000] {dagbag.py:541} INFO - Filling up the DagBag from /home/vscode/.local/lib/python3.10/site-packages/airflow/example_dags/example_task_group_decorator.py
[2026-09-17T01:01:21.968+0000] {processor.py:836} INFO - DAG(s) dict_keys(['example_task_group_decorator']) retrieved from /home/vscode/.local/lib/python3.10/site-packages/airflow/example_dags/example_task_group_decorator.py
[2026-09-17T01:01:21.988+0000] {logging_mixin.py:150} INFO - [2026-09-17T01:01:21.988+0000] {dag.py:2742} INFO - Sync 1 DAGs
[2026-09-17T01:01:22.009+0000] {logging_mixin.py:150} INFO - [2026-09-17T01:01:22.009+0000] {dag.py:3504} INFO - Setting next_dagrun for example_task_group_decorator to 2026-09-16T01:01:22.009388+00:00, run_after=2026-09-17T01:01:22.009388+00:00
[2026-09-17T01:01:22.034+0000] {processor.py:179} INFO - Processing /home/vscode/.local/lib/python3.10/site-packages/airflow/example_dags/example_task_group_decorator.py took 0.084 seconds
[2026-09-17T01:01:53.472+0000] {processor.py:157} INFO - Started process (PID=25951) to work on /home/vscode/.local/lib/python3.10/site-packages/airflow/example_dags/example_task_group_decorator.py
[2026-09-17T01:01:53.472+0000] {processor.py:826} INFO - Processing file /home/vscode/.local/lib/python3.10/site-packages/airflow/example_dags/example_task_group_decorator.py for tasks to queue
[2026-09-17T01:01:53.473+0000] {logging_mixin.py:150} INFO - [2026-09-17T01:01:53.473+0000] {dagbag.py:541} INFO - Filling up the DagBag from /home/vscode/.local/lib/python3.10/site-packages/airflow/example_dags/example_task_group_decorator.py
[2026-09-17T01:01:53.489+0000] {processor.py:836} INFO - DAG(s) dict_keys(['example_task_group_decorator']) retrieved from /home/vscode/.local/lib/python3.10/site-packages/airflow/example_dags/example_task_group_decorator.py
[2026-09-17T01:01:53.510+0000] {logging_mixin.py:150} INFO - [2026-09-17T01:01:53.510+0000] {dag.py:2742} INFO - Sync 1 DAGs
[2026-09-17T01:01:53.536+0000] {logging_mixin.py:150} INFO - [2026-09-17T01:01:53.536+0000] {dag.py:3504} INFO - Setting next_dagrun for example_task_group_decorator to 2026-09-16T01:01:53.535810+00:00, run_after=2026-09-17T01:01:53.535810+00:00
[2026-09-17T01:01:53.560+0000] {processor.py:179} INFO - Processing /home/vscode/.local/lib/python3.10/site-packages/airflow/example_dags/example_task_group_decorator.py took 0.090 seconds
[2026-09-17T01:02:06.680+0000] {processor.py:157} INFO - Started process (PID=26061) to work on /home/vscode/.local/lib/python3.10/site-packages/airflow/example_dags/example_task_group_decorator.py
[2026-09-17T01:02:06.681+0000] {processor.py:826} INFO - Processing file /home/vscode/.local/lib/python3.10/site-packages/airflow/example_dags/example_task_group_decorator.py for tasks to queue
[2026-09-17T01:02:06.682+0000] {logging_mixin.py:150} INFO - [2026-09-17T01:02:06.681+0000] {dagbag.py:541} INFO - Filling up the DagBag from /home/vscode/.local/lib/python3.10/site-packages/airflow/example_dags/example_task_group_decorator.py
[2026-09-17T01:02:06.700+0000] {processor.py:836} INFO - DAG(s) dict_keys(['example_task_group_decorator']) retrieved from /home/vscode/.local/lib/python3.10/site-packages/airflow/example_dags/example_task_group_decorator.py
[2026-09-17T01:02:06.717+0000] {logging_mixin.py:150} INFO - [2026-09-17T01:02:06.717+0000] {dag.py:2742} INFO - Sync 1 DAGs
[2026-09-17T01:02:06.732+0000] {logging_mixin.py:150} INFO - [2026-09-17T01:02:06.732+0000] {dag.py:3504} INFO - Setting next_dagrun for example_task_group_decorator to 2026-09-16T01:02:06.732523+00:00, run_after=2026-09-17T01:02:06.732523+00:00
[2026-09-17T01:02:06.752+0000] {processor.py:179} INFO - Processing /home/vscode/.local/lib/python3.10/site-packages/airflow/example_dags/example_task_group_decorator.py took 0.074 seconds
[2026-09-17T01:02:46.228+0000] {processor.py:157} INFO - Started process (PID=26398) to work on /home/vscode/.local/lib/python3.10/site-packages/airflow/example_dags/example_task_group_decorator.py
[2026-09-17T01:02:46.229+0000] {processor.py:826} INFO - Processing file /home/vscode/.local/lib/python3.10/site-packages/airflow/example_dags/example_task_group_decorator.py for tasks to queue
[2026-09-17T01:02:46.230+0000] {logging_mixin.py:150} INFO - [2026-09-17T01:02:46.229+0000] {dagbag.py:541} INFO - Filling up the DagBag from /home/vscode/.local/lib/python3.10/site-packages/airflow/example_dags/example_task_group_decorator.py
[2026-09-17T01:02:46.242+0000] {processor.py:836} INFO - DAG(s) dict_keys(['example_task_group_decorator']) retrieved from /home/vscode/.local/lib/python3.10/site-packages/airflow/example_dags/example_task_group_decorator.py
[2026-09-17T01:02:46.257+0000] {logging_mixin.py:150} INFO - [2026-09-17T01:02:46.257+0000] {dag.py:2742} INFO - Sync 1 DAGs
[2026-09-17T01:02:46.271+0000] {logging_mixin.py:150} INFO - [2026-09-17T01:02:46.271+0000] {dag.py:3504} INFO - Setting next_dagrun for example_task_group_decorator to 2026-09-16T01:02:46.271180+00:00, run_after=2026-09-17T01:02:46.271180+00:00
[2026-09-17T01:02:46.294+0000] {processor.py:179} INFO - Processing /home/vscode/.local/lib/python3.10/site-packages/airflow/example_dags/example_task_group_decorator.py took 0.068 seconds
[2026-09-17T01:02:51.442+0000] {processor.py:157} INFO - Started process (PID=26443) to work on /home/vscode/.local/lib/python3.10/site-packages/airflow/example_dags/example_task_group_decorator.py
[2026-09-17T01:02:51.442+0000] {processor.py:826} INFO - Processing file /home/vscode/.local/lib/python3.10/site-packages/airflow/example_dags/example_task_group_decorator.py for tasks to queue
[2026-09-17T01:02:51.443+0000] {logging_mixin.py:150} INFO - [2026-09-17T01:02:51.443+0000] {dagbag.py:541} INFO - Filling up the DagBag from /home/vscode/.local/lib/python3.10/site-packages/airflow/example_dags/example_task_group_decorator.py
[2026-09-17T01:02:51.462+0000] {processor.py:836} INFO - DAG(s) dict_keys(['example_task_group_decorator']) retrieved from /home/vscode/.local/lib/python3.10/site-packages/airflow/example_dags/example_task_group_decorator.py
[2026-09-17T01:02:51.487+0000] {logging_mixin.py:150} INFO - [2026-09-17T01:02:51.487+0000] {dag.py:2742} INFO - Sync 1 DAGs
[2026-09-17T01:02:51.508+0000] {logging_mixin.py:150} INFO - [2026-09-17T01:02:51.508+0000] {dag.py:3504} INFO - Setting next_dagrun for example_task_group_decorator to 2026-09-16T01:02:51.507904+00:00, run_after=2026-09-17T01:02:51.507904+00:00
[2026-09-17T01:02:51.527+0000] {processor.py:179} INFO - Processing /home/vscode/.local/lib/python3.10/site-packages/airflow/example_dags/example_task_group_decorator.py took 0.089 seconds
[2026-09-17T01:03:37.751+0000] {processor.py:157} INFO - Started process (PID=26838) to work on /home/vscode/.local/lib/python3.10/site-packages/airflow/example_dags/example_task_group_decorator.py
[2026-09-17T01:03:37.752+0000] {processor.py:826} INFO - Processing file /home/vscode/.local/lib/python3.10/site-packages/airflow/example_dags/example_task_group_decorator.py for tasks to queue
[2026-09-17T01:03:37.753+0000] {logging_mixin.py:150} INFO - [2026-09-17T01:03:37.753+0000] {dagbag.py:541} INFO - Filling up the DagBag from /home/vscode/.local/lib/python3.10/site-packages/airflow/example_dags/example_task_group_decorator.py
[2026-09-17T01:03:37.773+0000] {processor.py:836} INFO - DAG(s) dict_keys(['example_task_group_decorator']) retrieved from /home/vscode/.local/lib/python3.10/site-packages/airflow/example_dags/example_task_group_decorator.py
[2026-09-17T01:03:37.793+0000] {logging_mixin.py:150} INFO - [2026-09-17T01:03:37.793+0000] {dag.py:2742} INFO - Sync 1 DAGs
[2026-09-17T01:03:37.809+0000] {logging_mixin.py:150} INFO - [2026-09-17T01:03:37.809+0000] {dag.py:3504} INFO - Setting next_dagrun for example_task_group_decorator to 2026-09-16T01:03:37.809594+00:00, run_after=2026-09-17T01:03:37.809594+00:00
[2026-09-17T01:03:37.827+0000] {processor.py:179} INFO - Processing /home/vscode/.local/lib/python3.10/site-packages/airflow/example_dags/example_task_group_decorator.py took 0.079 seconds
[2026-09-17T01:03:40.141+0000] {processor.py:157} INFO - Started process (PID=26863) to work on /home/vscode/.local/lib/python3.10/site-packages/airflow/example_dags/example_task_group_decorator.py
[2026-09-17T01:03:40.141+0000] {processor.py:826} INFO - Processing file /home/vscode/.local/lib/python3.10/site-packages/airflow/example_dags/example_task_group_decorator.py for tasks to queue
[2026-09-17T01:03:40.142+0000] {logging_mixin.py:150} INFO - [2026-09-17T01:03:40.142+0000] {dagbag.py:541} INFO - Filling up the DagBag from /home/vscode/.local/lib/python3.10/site-packages/airflow/example_dags/example_task_group_decorator.py
[2026-09-17T01:03:40.156+0000] {processor.py:836} INFO - DAG(s) dict_keys(['example_task_group_decorator']) retrieved from /home/vscode/.local/lib/python3.10/site-packages/airflow/example_dags/example_task_group_decorator.py
[2026-09-17T01:03:40.172+0000] {logging_mixin.py:150} INFO - [2026-09-17T01:03:40.172+0000] {dag.py:2742} INFO - Sync 1 DAGs
[2026-09-17T01:03:40.189+0000] {logging_mixin.py:150} INFO - [2026-09-17T01:03:40.189+0000] {dag.py:3504} INFO - Setting next_dagrun for example_task_group_decorator to 2026-09-16T01:03:40.189180+00:00, run_after=2026-09-17T01:03:40.189180+00:00
[2026-09-17T01:03:40.208+0000] {processor.py:179} INFO - Processing /home/vscode/.local/lib/python3.10/site-packages/airflow/example_dags/example_task_group_decorator.py took 0.070 seconds
[2026-09-17T01:04:28.306+0000] {processor.py:157} INFO - Started process (PID=27266) to work on /home/vscode/.local/lib/python3.10/site-packages/airflow/example_dags/example_task_group_decorator.py
[2026-09-17T01:04:28.307+0000] {processor.py:826} INFO - Processing file /home/vscode/.local/lib/python3.10/site-packages/airflow/example_dags/example_task_group_decorator.py for tasks to queue
[2026-09-17T01:04:28.308+0000] {logging_mixin.py:150} INFO - [2026-09-17T01:04:28.308+0000] {dagbag.py:541} INFO - Filling up the DagBag from /home/vscode/.local/lib/python3.10/site-packages/airflow/example_dags/example_task_group_decorator.py
[2026-09-17T01:04:28.321+0000] {processor.py:836} INFO - DAG(s) dict_keys(['example_task_group_decorator']) retrieved from /home/vscode/.local/lib/python3.10/site-packages/airflow/example_dags/example_task_group_decorator.py
[2026-09-17T01:04:28.337+0000] {logging_mixin.py:150} INFO - [2026-09-17T01:04:28.337+0000] {dag.py:2742} INFO - Sync 1 DAGs
[2026-09-17T01:04:28.351+0000] {logging_mixin.py:150} INFO - [2026-09-17T01:04:28.351+0000] {dag.py:3504} INFO - Setting next_dagrun for example_task_group_decorator to 2026-09-16T01:04:28.351462+00:00, run_after=2026-09-17T01:04:28.351462+00:00
[2026-09-17T01:04:28.369+0000] {processor.py:179} INFO - Processing /home/vscode/.local/lib/python3.10/site-packages/airflow/example_dags/example_task_group_decorator.py took 0.066 seconds
[2026-09-17T01:04:33.656+0000] {processor.py:157} INFO - Started process (PID=27306) to work on /home/vscode/.local/lib/python3.10/site-packages/airflow/example_dags/example_task_group_decorator.py
[2026-09-17T01:04:33.656+0000] {processor.py:826} INFO - Processing file /home/vscode/.local/lib/python3.10/site-packages/airflow/example_dags/example_task_group_decorator.py for tasks to queue
[2026-09-17T01:04:33.657+0000] {logging_mixin.py:150} INFO - [2026-09-17T01:04:33.657+0000] {dagbag.py:541} INFO - Filling up the DagBag from /home/vscode/.local/lib/python3.10/site-packages/airflow/example_dags/example_task_group_decorator.py
[2026-09-17T01:04:33.669+0000] {processor.py:836} INFO - DAG(s) dict_keys(['example_task_group_decorator']) retrieved from /home/vscode/.local/lib/python3.10/site-packages/airflow/example_dags/example_task_group_decorator.py
[2026-09-17T01:04:33.686+0000] {logging_mixin.py:150} INFO - [2026-09-17T01:04:33.686+0000] {dag.py:2742} INFO - Sync 1 DAGs
[2026-09-17T01:04:33.705+0000] {logging_mixin.py:150} INFO - [2026-09-17T01:04:33.705+0000] {dag.py:3504} INFO - Setting next_dagrun for example_task_group_decorator to 2026-09-16T01:04:33.704795+00:00, run_after=2026-09-17T01:04:33.704795+00:00
[2026-09-17T01:04:33.722+0000] {processor.py:179} INFO - Processing /home/vscode/.local/lib/python3.10/site-packages/airflow/example_dags/example_task_group_decorator.py took 0.069 seconds
[2026-09-17T01:05:15.926+0000] {processor.py:157} INFO - Started process (PID=27667) to work on /home/vscode/.local/lib/python3.10/site-packages/airflow/example_dags/example_task_group_decorator.py
[2026-09-17T01:05:15.927+0000] {processor.py:826} INFO - Processing file /home/vscode/.local/lib/python3.10/site-packages/airflow/example_dags/example_task_group_decorator.py for tasks to queue
[2026-09-17T01:05:15.928+0000] {logging_mixin.py:150} INFO - [2026-09-17T01:05:15.928+0000] {dagbag.py:541} INFO - Filling up the DagBag from /home/vscode/.local/lib/python3.10/site-packages/airflow/example_dags/example_task_group_decorator.py
[2026-09-17T01:05:15.940+0000] {processor.py:836} INFO - DAG(s) dict_keys(['example_task_group_decorator']) retrieved from /home/vscode/.local/lib/python3.10/site-packages/airflow/example_dags/example_task_group_decorator.py
[2026-09-17T01:05:15.959+0000] {logging_mixin.py:150} INFO - [2026-09-17T01:05:15.959+0000] {dag.py:2742} INFO - Sync 1 DAGs
[2026-09-17T01:05:15.981+0000] {logging_mixin.py:150} INFO - [2026-09-17T01:05:15.981+0000] {dag.py:3504} INFO - Setting next_dagrun for example_task_group_decorator to 2026-09-16T01:05:15.981239+00:00, run_after=2026-09-17T01:05:15.981239+00:00
[2026-09-17T01:05:16.018+0000] {processor.py:179} INFO - Processing /home/vscode/.local/lib/python3.10/site-packages/airflow/example_dags/example_task_group_decorator.py took 0.095 seconds
[2026-09-17T01:05:22.034+0000] {processor.py:157} INFO - Started process (PID=27712) to work on /home/vscode/.local/lib/python3.10/site-packages/airflow/example_dags/example_task_group_decorator.py
[2026-09-17T01:05:22.035+0000] {processor.py:826} INFO - Processing file /home/vscode/.local/lib/python3.10/site-packages/airflow/example_dags/example_task_group_decorator.py for tasks to queue
[2026-09-17T01:05:22.036+0000] {logging_mixin.py:150} INFO - [2026-09-17T01:05:22.035+0000] {dagbag.py:541} INFO - Filling up the DagBag from /home/vscode/.local/lib/python3.10/site-packages/airflow/example_dags/example_task_group_decorator.py
[2026-09-17T01:05:22.048+0000] {processor.py:836} INFO - DAG(s) dict_keys(['example_task_group_decorator']) retrieved from /home/vscode/.local/lib/python3.10/site-packages/airflow/example_dags/example_task_group_decorator.py
[2026-09-17T01:05:22.063+0000] {logging_mixin.py:150} INFO - [2026-09-17T01:05:22.063+0000] {dag.py:2742} INFO - Sync 1 DAGs
[2026-09-17T01:05:22.080+0000] {logging_mixin.py:150} INFO - [2026-09-17T01:05:22.080+0000] {dag.py:3504} INFO - Setting next_dagrun for example_task_group_decorator to 2026-09-16T01:05:22.080586+00:00, run_after=2026-09-17T01:05:22.080586+00:00
[2026-09-17T01:05:22.101+0000] {processor.py:179} INFO - Processing /home/vscode/.local/lib/python3.10/site-packages/airflow/example_dags/example_task_group_decorator.py took 0.070 seconds
[2026-09-17T01:06:02.966+0000] {processor.py:157} INFO - Started process (PID=28096) to work on /home/vscode/.local/lib/python3.10/site-packages/airflow/example_dags/example_task_group_decorator.py
[2026-09-17T01:06:02.967+0000] {processor.py:826} INFO - Processing file /home/vscode/.local/lib/python3.10/site-packages/airflow/example_dags/example_task_group_decorator.py for tasks to queue
[2026-09-17T01:06:02.969+0000] {logging_mixin.py:150} INFO - [2026-09-17T01:06:02.968+0000] {dagbag.py:541} INFO - Filling up the DagBag from /home/vscode/.local/lib/python3.10/site-packages/airflow/example_dags/example_task_group_decorator.py
[2026-09-17T01:06:02.987+0000] {processor.py:836} INFO - DAG(s) dict_keys(['example_task_group_decorator']) retrieved from /home/vscode/.local/lib/python3.10/site-packages/airflow/example_dags/example_task_group_decorator.py
[2026-09-17T01:06:03.013+0000] {logging_mixin.py:150} INFO - [2026-09-17T01:06:03.012+0000] {dag.py:2742} INFO - Sync 1 DAGs
[2026-09-17T01:06:03.031+0000] {logging_mixin.py:150} INFO - [2026-09-17T01:06:03.030+0000] {dag.py:3504} INFO - Setting next_dagrun for example_task_group_decorator to 2026-09-16T01:06:03.030819+00:00, run_after=2026-09-17T01:06:03.030819+00:00
[2026-09-17T01:06:03.047+0000] {processor.py:179} INFO - Processing /home/vscode/.local/lib/python3.10/site-packages/airflow/example_dags/example_task_group_decorator.py took 0.085 seconds
[2026-09-17T01:06:12.292+0000] {processor.py:157} INFO - Started process (PID=28170) to work on /home/vscode/.local/lib/python3.10/site-packages/airflow/example_dags/example_task_group_decorator.py
[2026-09-17T01:06:12.293+0000] {processor.py:826} INFO - Processing file /home/vscode/.local/lib/python3.10/site-packages/airflow/example_dags/example_task_group_decorator.py for tasks to queue
[2026-09-17T01:06:12.293+0000] {logging_mixin.py:150} INFO - [2026-09-17T01:06:12.293+0000] {dagbag.py:541} INFO - Filling up the DagBag from /home/vscode/.local/lib/python3.10/site-packages/airflow/example_dags/example_task_group_decorator.py
[2026-09-17T01:06:12.307+0000] {processor.py:836} INFO - DAG(s) dict_keys(['example_task_group_decorator']) retrieved from /home/vscode/.local/lib/python3.10/site-packages/airflow/example_dags/example_task_group_decorator.py
[2026-09-17T01:06:12.323+0000] {logging_mixin.py:150} INFO - [2026-09-17T01:06:12.323+0000] {dag.py:2742} INFO - Sync 1 DAGs
[2026-09-17T01:06:12.338+0000] {logging_mixin.py:150} INFO - [2026-09-17T01:06:12.337+0000] {dag.py:3504} INFO - Setting next_dagrun for example_task_group_decorator to 2026-09-16T01:06:12.337738+00:00, run_after=2026-09-17T01:06:12.337738+00:00
[2026-09-17T01:06:12.355+0000] {processor.py:179} INFO - Processing /home/vscode/.local/lib/python3.10/site-packages/airflow/example_dags/example_task_group_decorator.py took 0.066 seconds
[2026-09-17T01:06:56.448+0000] {processor.py:157} INFO - Started process (PID=28554) to work on /home/vscode/.local/lib/python3.10/site-packages/airflow/example_dags/example_task_group_decorator.py
[2026-09-17T01:06:56.448+0000] {processor.py:826} INFO - Processing file /home/vscode/.local/lib/python3.10/site-packages/airflow/example_dags/example_task_group_decorator.py for tasks to queue
[2026-09-17T01:06:56.449+0000] {logging_mixin.py:150} INFO - [2026-09-17T01:06:56.449+0000] {dagbag.py:541} INFO - Filling up the DagBag from /home/vscode/.local/lib/python3.10/site-packages/airflow/example_dags/example_task_group_decorator.py
[2026-09-17T01:06:56.461+0000] {processor.py:836} INFO - DAG(s) dict_keys(['example_task_group_decorator']) retrieved from /home/vscode/.local/lib/python3.10/site-packages/airflow/example_dags/example_task_group_decorator.py
[2026-09-17T01:06:56.477+0000] {logging_mixin.py:150} INFO - [2026-09-17T01:06:56.477+0000] {dag.py:2742} INFO - Sync 1 DAGs
[2026-09-17T01:06:56.496+0000] {logging_mixin.py:150} INFO - [2026-09-17T01:06:56.496+0000] {dag.py:3504} INFO - Setting next_dagrun for example_task_group_decorator to 2026-09-16T01:06:56.496126+00:00, run_after=2026-09-17T01:06:56.496126+00:00
[2026-09-17T01:06:56.513+0000] {processor.py:179} INFO - Processing /home/vscode/.local/lib/python3.10/site-packages/airflow/example_dags/example_task_group_decorator.py took 0.068 seconds
[2026-09-17T01:07:01.820+0000] {processor.py:157} INFO - Started process (PID=28594) to work on /home/vscode/.local/lib/python3.10/site-packages/airflow/example_dags/example_task_group_decorator.py
[2026-09-17T01:07:01.820+0000] {processor.py:826} INFO - Processing file /home/vscode/.local/lib/python3.10/site-packages/airflow/example_dags/example_task_group_decorator.py for tasks to queue
[2026-09-17T01:07:01.821+0000] {logging_mixin.py:150} INFO - [2026-09-17T01:07:01.821+0000] {dagbag.py:541} INFO - Filling up the DagBag from /home/vscode/.local/lib/python3.10/site-packages/airflow/example_dags/example_task_group_decorator.py
[2026-09-17T01:07:01.833+0000] {processor.py:836} INFO - DAG(s) dict_keys(['example_task_group_decorator']) retrieved from /home/vscode/.local/lib/python3.10/site-packages/airflow/example_dags/example_task_group_decorator.py
[2026-09-17T01:07:01.848+0000] {logging_mixin.py:150} INFO - [2026-09-17T01:07:01.847+0000] {dag.py:2742} INFO - Sync 1 DAGs
[2026-09-17T01:07:01.862+0000] {logging_mixin.py:150} INFO - [2026-09-17T01:07:01.862+0000] {dag.py:3504} INFO - Setting next_dagrun for example_task_group_decorator to 2026-09-16T01:07:01.862128+00:00, run_after=2026-09-17T01:07:01.862128+00:00
[2026-09-17T01:07:01.879+0000] {processor.py:179} INFO - Processing /home/vscode/.local/lib/python3.10/site-packages/airflow/example_dags/example_task_group_decorator.py took 0.062 seconds
[2026-09-17T01:07:41.442+0000] {processor.py:157} INFO - Started process (PID=28924) to work on /home/vscode/.local/lib/python3.10/site-packages/airflow/example_dags/example_task_group_decorator.py
[2026-09-17T01:07:41.442+0000] {processor.py:826} INFO - Processing file /home/vscode/.local/lib/python3.10/site-packages/airflow/example_dags/example_task_group_decorator.py for tasks to queue
[2026-09-17T01:07:41.443+0000] {logging_mixin.py:150} INFO - [2026-09-17T01:07:41.443+0000] {dagbag.py:541} INFO - Filling up the DagBag from /home/vscode/.local/lib/python3.10/site-packages/airflow/example_dags/example_task_group_decorator.py
[2026-09-17T01:07:41.457+0000] {processor.py:836} INFO - DAG(s) dict_keys(['example_task_group_decorator']) retrieved from /home/vscode/.local/lib/python3.10/site-packages/airflow/example_dags/example_task_group_decorator.py
[2026-09-17T01:07:41.479+0000] {logging_mixin.py:150} INFO - [2026-09-17T01:07:41.479+0000] {dag.py:2742} INFO - Sync 1 DAGs
[2026-09-17T01:07:41.502+0000] {logging_mixin.py:150} INFO - [2026-09-17T01:07:41.502+0000] {dag.py:3504} INFO - Setting next_dagrun for example_task_group_decorator to 2026-09-16T01:07:41.502145+00:00, run_after=2026-09-17T01:07:41.502145+00:00
[2026-09-17T01:07:41.524+0000] {processor.py:179} INFO - Processing /home/vscode/.local/lib/python3.10/site-packages/airflow/example_dags/example_task_group_decorator.py took 0.085 seconds
[2026-09-17T01:07:53.667+0000] {processor.py:157} INFO - Started process (PID=29036) to work on /home/vscode/.local/lib/python3.10/site-packages/airflow/example_dags/example_task_group_decorator.py
[2026-09-17T01:07:53.668+0000] {processor.py:826} INFO - Processing file /home/vscode/.local/lib/python3.10/site-packages/airflow/example_dags/example_task_group_decorator.py for tasks to queue
[2026-09-17T01:07:53.668+0000] {logging_mixin.py:150} INFO - [2026-09-17T01:07:53.668+0000] {dagbag.py:541} INFO - Filling up the DagBag from /home/vscode/.local/lib/python3.10/site-packages/airflow/example_dags/example_task_group_decorator.py
[2026-09-17T01:07:53.680+0000] {processor.py:836} INFO - DAG(s) dict_keys(['example_task_group_decorator']) retrieved from /home/vscode/.local/lib/python3.10/site-packages/airflow/example_dags/example_task_group_decorator.py
[2026-09-17T01:07:53.701+0000] {logging_mixin.py:150} INFO - [2026-09-17T01:07:53.701+0000] {dag.py:2742} INFO - Sync 1 DAGs
[2026-09-17T01:07:53.718+0000] {logging_mixin.py:150} INFO - [2026-09-17T01:07:53.717+0000] {dag.py:3504} INFO - Setting next_dagrun for example_task_group_decorator to 2026-09-16T01:07:53.717782+00:00, run_after=2026-09-17T01:07:53.717782+00:00
[2026-09-17T01:07:53.741+0000] {processor.py:179} INFO - Processing /home/vscode/.local/lib/python3.10/site-packages/airflow/example_dags/example_task_group_decorator.py took 0.076 seconds
[2026-09-17T01:08:31.582+0000] {processor.py:157} INFO - Started process (PID=29353) to work on /home/vscode/.local/lib/python3.10/site-packages/airflow/example_dags/example_task_group_decorator.py
[2026-09-17T01:08:31.583+0000] {processor.py:826} INFO - Processing file /home/vscode/.local/lib/python3.10/site-packages/airflow/example_dags/example_task_group_decorator.py for tasks to queue
[2026-09-17T01:08:31.584+0000] {logging_mixin.py:150} INFO - [2026-09-17T01:08:31.584+0000] {dagbag.py:541} INFO - Filling up the DagBag from /home/vscode/.local/lib/python3.10/site-packages/airflow/example_dags/example_task_group_decorator.py
[2026-09-17T01:08:31.605+0000] {processor.py:836} INFO - DAG(s) dict_keys(['example_task_group_decorator']) retrieved from /home/vscode/.local/lib/python3.10/site-packages/airflow/example_dags/example_task_group_decorator.py
[2026-09-17T01:08:31.640+0000] {logging_mixin.py:150} INFO - [2026-09-17T01:08:31.639+0000] {dag.py:2742} INFO - Sync 1 DAGs
[2026-09-17T01:08:31.666+0000] {logging_mixin.py:150} INFO - [2026-09-17T01:08:31.665+0000] {dag.py:3504} INFO - Setting next_dagrun for example_task_group_decorator to 2026-09-16T01:08:31.665030+00:00, run_after=2026-09-17T01:08:31.665030+00:00
[2026-09-17T01:08:31.693+0000] {processor.py:179} INFO - Processing /home/vscode/.local/lib/python3.10/site-packages/airflow/example_dags/example_task_group_decorator.py took 0.115 seconds
[2026-09-17T01:08:41.149+0000] {processor.py:157} INFO - Started process (PID=29441) to work on /home/vscode/.local/lib/python3.10/site-packages/airflow/example_dags/example_task_group_decorator.py
[2026-09-17T01:08:41.150+0000] {processor.py:826} INFO - Processing file /home/vscode/.local/lib/python3.10/site-packages/airflow/example_dags/example_task_group_decorator.py for tasks to queue
[2026-09-17T01:08:41.151+0000] {logging_mixin.py:150} INFO - [2026-09-17T01:08:41.150+0000] {dagbag.py:541} INFO - Filling up the DagBag from /home/vscode/.local/lib/python3.10/site-packages/airflow/example_dags/example_task_group_decorator.py
[2026-09-17T01:08:41.162+0000] {processor.py:836} INFO - DAG(s) dict_keys(['example_task_group_decorator']) retrieved from /home/vscode/.local/lib/python3.10/site-packages/airflow/example_dags/example_task_group_decorator.py
[2026-09-17T01:08:41.177+0000] {logging_mixin.py:150} INFO - [2026-09-17T01:08:41.177+0000] {dag.py:2742} INFO - Sync 1 DAGs
[2026-09-17T01:08:41.196+0000] {logging_mixin.py:150} INFO - [2026-09-17T01:08:41.196+0000] {dag.py:3504} INFO - Setting next_dagrun for example_task_group_decorator to 2026-09-16T01:08:41.196372+00:00, run_after=2026-09-17T01:08:41.196372+00:00
[2026-09-17T01:08:41.214+0000] {processor.py:179} INFO - Processing /home/vscode/.local/lib/python3.10/site-packages/airflow/example_dags/example_task_group_decorator.py took 0.067 seconds
[2026-09-17T01:09:23.085+0000] {processor.py:157} INFO - Started process (PID=29800) to work on /home/vscode/.local/lib/python3.10/site-packages/airflow/example_dags/example_task_group_decorator.py
[2026-09-17T01:09:23.086+0000] {processor.py:826} INFO - Processing file /home/vscode/.local/lib/python3.10/site-packages/airflow/example_dags/example_task_group_decorator.py for tasks to queue
[2026-09-17T01:09:23.087+0000] {logging_mixin.py:150} INFO - [2026-09-17T01:09:23.087+0000] {dagbag.py:541} INFO - Filling up the DagBag from /home/vscode/.local/lib/python3.10/site-packages/airflow/example_dags/example_task_group_decorator.py
[2026-09-17T01:09:23.105+0000] {processor.py:836} INFO - DAG(s) dict_keys(['example_task_group_decorator']) retrieved from /home/vscode/.local/lib/python3.10/site-packages/airflow/example_dags/example_task_group_decorator.py
[2026-09-17T01:09:23.123+0000] {logging_mixin.py:150} INFO - [2026-09-17T01:09:23.123+0000] {dag.py:2742} INFO - Sync 1 DAGs
[2026-09-17T01:09:23.137+0000] {logging_mixin.py:150} INFO - [2026-09-17T01:09:23.137+0000] {dag.py:3504} INFO - Setting next_dagrun for example_task_group_decorator to 2026-09-16T01:09:23.137180+00:00, run_after=2026-09-17T01:09:23.137180+00:00
[2026-09-17T01:09:23.153+0000] {processor.py:179} INFO - Processing /home/vscode/.local/lib/python3.10/site-packages/airflow/example_dags/example_task_group_decorator.py took 0.072 seconds
[2026-09-17T01:09:29.764+0000] {processor.py:157} INFO - Started process (PID=29857) to work on /home/vscode/.local/lib/python3.10/site-packages/airflow/example_dags/example_task_group_decorator.py
[2026-09-17T01:09:29.765+0000] {processor.py:826} INFO - Processing file /home/vscode/.local/lib/python3.10/site-packages/airflow/example_dags/example_task_group_decorator.py for tasks to queue
[2026-09-17T01:09:29.765+0000] {logging_mixin.py:150} INFO - [2026-09-17T01:09:29.765+0000] {dagbag.py:541} INFO - Filling up the DagBag from /home/vscode/.local/lib/python3.10/site-packages/airflow/example_dags/example_task_group_decorator.py
[2026-09-17T01:09:29.777+0000] {processor.py:836} INFO - DAG(s) dict_keys(['example_task_group_decorator']) retrieved from /home/vscode/.local/lib/python3.10/site-packages/airflow/example_dags/example_task_group_decorator.py
[2026-09-17T01:09:29.796+0000] {logging_mixin.py:150} INFO - [2026-09-17T01:09:29.796+0000] {dag.py:2742} INFO - Sync 1 DAGs
[2026-09-17T01:09:29.812+0000] {logging_mixin.py:150} INFO - [2026-09-17T01:09:29.812+0000] {dag.py:3504} INFO - Setting next_dagrun for example_task_group_decorator to 2026-09-16T01:09:29.812298+00:00, run_after=2026-09-17T01:09:29.812298+00:00
[2026-09-17T01:09:29.829+0000] {processor.py:179} INFO - Processing /home/vscode/.local/lib/python3.10/site-packages/airflow/example_dags/example_task_group_decorator.py took 0.067 seconds
[2026-09-17T01:10:11.732+0000] {processor.py:157} INFO - Started process (PID=30215) to work on /home/vscode/.local/lib/python3.10/site-packages/airflow/example_dags/example_task_group_decorator.py
[2026-09-17T01:10:11.733+0000] {processor.py:826} INFO - Processing file /home/vscode/.local/lib/python3.10/site-packages/airflow/example_dags/example_task_group_decorator.py for tasks to queue
[2026-09-17T01:10:11.734+0000] {logging_mixin.py:150} INFO - [2026-09-17T01:10:11.733+0000] {dagbag.py:541} INFO - Filling up the DagBag from /home/vscode/.local/lib/python3.10/site-packages/airflow/example_dags/example_task_group_decorator.py
[2026-09-17T01:10:11.746+0000] {processor.py:836} INFO - DAG(s) dict_keys(['example_task_group_decorator']) retrieved from /home/vscode/.local/lib/python3.10/site-packages/airflow/example_dags/example_task_group_decorator.py
[2026-09-17T01:10:11.761+0000] {logging_mixin.py:150} INFO - [2026-09-17T01:10:11.761+0000] {dag.py:2742} INFO - Sync 1 DAGs
[2026-09-17T01:10:11.775+0000] {logging_mixin.py:150} INFO - [2026-09-17T01:10:11.775+0000] {dag.py:3504} INFO - Setting next_dagrun for example_task_group_decorator to 2026-09-16T01:10:11.774962+00:00, run_after=2026-09-17T01:10:11.774962+00:00
[2026-09-17T01:10:11.795+0000] {processor.py:179} INFO - Processing /home/vscode/.local/lib/python3.10/site-packages/airflow/example_dags/example_task_group_decorator.py took 0.065 seconds
[2026-09-17T01:10:12.777+0000] {processor.py:157} INFO - Started process (PID=30224) to work on /home/vscode/.local/lib/python3.10/site-packages/airflow/example_dags/example_task_group_decorator.py
[2026-09-17T01:10:12.778+0000] {processor.py:826} INFO - Processing file /home/vscode/.local/lib/python3.10/site-packages/airflow/example_dags/example_task_group_decorator.py for tasks to queue
[2026-09-17T01:10:12.779+0000] {logging_mixin.py:150} INFO - [2026-09-17T01:10:12.779+0000] {dagbag.py:541} INFO - Filling up the DagBag from /home/vscode/.local/lib/python3.10/site-packages/airflow/example_dags/example_task_group_decorator.py
[2026-09-17T01:10:12.799+0000] {processor.py:836} INFO - DAG(s) dict_keys(['example_task_group_decorator']) retrieved from /home/vscode/.local/lib/python3.10/site-packages/airflow/example_dags/example_task_group_decorator.py
[2026-09-17T01:10:12.836+0000] {logging_mixin.py:150} INFO - [2026-09-17T01:10:12.836+0000] {dag.py:2742} INFO - Sync 1 DAGs
[2026-09-17T01:10:12.854+0000] {logging_mixin.py:150} INFO - [2026-09-17T01:10:12.853+0000] {dag.py:3504} INFO - Setting next_dagrun for example_task_group_decorator to 2026-09-16T01:10:12.853677+00:00, run_after=2026-09-17T01:10:12.853677+00:00
[2026-09-17T01:10:12.878+0000] {processor.py:179} INFO - Processing /home/vscode/.local/lib/python3.10/site-packages/airflow/example_dags/example_task_group_decorator.py took 0.104 seconds
[2026-09-17T01:11:01.521+0000] {processor.py:157} INFO - Started process (PID=30676) to work on /home/vscode/.local/lib/python3.10/site-packages/airflow/example_dags/example_task_group_decorator.py
[2026-09-17T01:11:01.522+0000] {processor.py:826} INFO - Processing file /home/vscode/.local/lib/python3.10/site-packages/airflow/example_dags/example_task_group_decorator.py for tasks to queue
[2026-09-17T01:11:01.523+0000] {logging_mixin.py:150} INFO - [2026-09-17T01:11:01.522+0000] {dagbag.py:541} INFO - Filling up the DagBag from /home/vscode/.local/lib/python3.10/site-packages/airflow/example_dags/example_task_group_decorator.py
[2026-09-17T01:11:01.535+0000] {processor.py:836} INFO - DAG(s) dict_keys(['example_task_group_decorator']) retrieved from /home/vscode/.local/lib/python3.10/site-packages/airflow/example_dags/example_task_group_decorator.py
[2026-09-17T01:11:01.550+0000] {logging_mixin.py:150} INFO - [2026-09-17T01:11:01.550+0000] {dag.py:2742} INFO - Sync 1 DAGs
[2026-09-17T01:11:01.565+0000] {logging_mixin.py:150} INFO - [2026-09-17T01:11:01.565+0000] {dag.py:3504} INFO - Setting next_dagrun for example_task_group_decorator to 2026-09-16T01:11:01.565365+00:00, run_after=2026-09-17T01:11:01.565365+00:00
[2026-09-17T01:11:01.583+0000] {processor.py:179} INFO - Processing /home/vscode/.local/lib/python3.10/site-packages/airflow/example_dags/example_task_group_decorator.py took 0.064 seconds
[2026-09-17T01:11:04.456+0000] {processor.py:157} INFO - Started process (PID=30698) to work on /home/vscode/.local/lib/python3.10/site-packages/airflow/example_dags/example_task_group_decorator.py
[2026-09-17T01:11:04.457+0000] {processor.py:826} INFO - Processing file /home/vscode/.local/lib/python3.10/site-packages/airflow/example_dags/example_task_group_decorator.py for tasks to queue
[2026-09-17T01:11:04.458+0000] {logging_mixin.py:150} INFO - [2026-09-17T01:11:04.458+0000] {dagbag.py:541} INFO - Filling up the DagBag from /home/vscode/.local/lib/python3.10/site-packages/airflow/example_dags/example_task_group_decorator.py
[2026-09-17T01:11:04.477+0000] {processor.py:836} INFO - DAG(s) dict_keys(['example_task_group_decorator']) retrieved from /home/vscode/.local/lib/python3.10/site-packages/airflow/example_dags/example_task_group_decorator.py
[2026-09-17T01:11:04.540+0000] {logging_mixin.py:150} INFO - [2026-09-17T01:11:04.540+0000] {dag.py:2742} INFO - Sync 1 DAGs
[2026-09-17T01:11:04.583+0000] {logging_mixin.py:150} INFO - [2026-09-17T01:11:04.583+0000] {dag.py:3504} INFO - Setting next_dagrun for example_task_group_decorator to 2026-09-16T01:11:04.583261+00:00, run_after=2026-09-17T01:11:04.583261+00:00
[2026-09-17T01:11:04.609+0000] {processor.py:179} INFO - Processing /home/vscode/.local/lib/python3.10/site-packages/airflow/example_dags/example_task_group_decorator.py took 0.157 seconds
[2026-09-17T01:11:52.249+0000] {processor.py:157} INFO - Started process (PID=31111) to work on /home/vscode/.local/lib/python3.10/site-packages/airflow/example_dags/example_task_group_decorator.py
[2026-09-17T01:11:52.250+0000] {processor.py:826} INFO - Processing file /home/vscode/.local/lib/python3.10/site-packages/airflow/example_dags/example_task_group_decorator.py for tasks to queue
[2026-09-17T01:11:52.250+0000] {logging_mixin.py:150} INFO - [2026-09-17T01:11:52.250+0000] {dagbag.py:541} INFO - Filling up the DagBag from /home/vscode/.local/lib/python3.10/site-packages/airflow/example_dags/example_task_group_decorator.py
[2026-09-17T01:11:52.262+0000] {processor.py:836} INFO - DAG(s) dict_keys(['example_task_group_decorator']) retrieved from /home/vscode/.local/lib/python3.10/site-packages/airflow/example_dags/example_task_group_decorator.py
[2026-09-17T01:11:52.277+0000] {logging_mixin.py:150} INFO - [2026-09-17T01:11:52.277+0000] {dag.py:2742} INFO - Sync 1 DAGs
[2026-09-17T01:11:52.295+0000] {logging_mixin.py:150} INFO - [2026-09-17T01:11:52.295+0000] {dag.py:3504} INFO - Setting next_dagrun for example_task_group_decorator to 2026-09-16T01:11:52.295252+00:00, run_after=2026-09-17T01:11:52.295252+00:00
[2026-09-17T01:11:52.313+0000] {processor.py:179} INFO - Processing /home/vscode/.local/lib/python3.10/site-packages/airflow/example_dags/example_task_group_decorator.py took 0.067 seconds
[2026-09-17T01:11:54.418+0000] {processor.py:157} INFO - Started process (PID=31127) to work on /home/vscode/.local/lib/python3.10/site-packages/airflow/example_dags/example_task_group_decorator.py
[2026-09-17T01:11:54.418+0000] {processor.py:826} INFO - Processing file /home/vscode/.local/lib/python3.10/site-packages/airflow/example_dags/example_task_group_decorator.py for tasks to queue
[2026-09-17T01:11:54.419+0000] {logging_mixin.py:150} INFO - [2026-09-17T01:11:54.419+0000] {dagbag.py:541} INFO - Filling up the DagBag from /home/vscode/.local/lib/python3.10/site-packages/airflow/example_dags/example_task_group_decorator.py
[2026-09-17T01:11:54.431+0000] {processor.py:836} INFO - DAG(s) dict_keys(['example_task_group_decorator']) retrieved from /home/vscode/.local/lib/python3.10/site-packages/airflow/example_dags/example_task_group_decorator.py
[2026-09-17T01:11:54.446+0000] {logging_mixin.py:150} INFO - [2026-09-17T01:11:54.446+0000] {dag.py:2742} INFO - Sync 1 DAGs
[2026-09-17T01:11:54.461+0000] {logging_mixin.py:150} INFO - [2026-09-17T01:11:54.461+0000] {dag.py:3504} INFO - Setting next_dagrun for example_task_group_decorator to 2026-09-16T01:11:54.460892+00:00, run_after=2026-09-17T01:11:54.460892+00:00
[2026-09-17T01:11:54.479+0000] {processor.py:179} INFO - Processing /home/vscode/.local/lib/python3.10/site-packages/airflow/example_dags/example_task_group_decorator.py took 0.063 seconds
[2026-09-17T01:12:40.943+0000] {processor.py:157} INFO - Started process (PID=31528) to work on /home/vscode/.local/lib/python3.10/site-packages/airflow/example_dags/example_task_group_decorator.py
[2026-09-17T01:12:40.943+0000] {processor.py:826} INFO - Processing file /home/vscode/.local/lib/python3.10/site-packages/airflow/example_dags/example_task_group_decorator.py for tasks to queue
[2026-09-17T01:12:40.944+0000] {logging_mixin.py:150} INFO - [2026-09-17T01:12:40.944+0000] {dagbag.py:541} INFO - Filling up the DagBag from /home/vscode/.local/lib/python3.10/site-packages/airflow/example_dags/example_task_group_decorator.py
[2026-09-17T01:12:40.956+0000] {processor.py:836} INFO - DAG(s) dict_keys(['example_task_group_decorator']) retrieved from /home/vscode/.local/lib/python3.10/site-packages/airflow/example_dags/example_task_group_decorator.py
[2026-09-17T01:12:40.979+0000] {logging_mixin.py:150} INFO - [2026-09-17T01:12:40.978+0000] {dag.py:2742} INFO - Sync 1 DAGs
[2026-09-17T01:12:40.999+0000] {logging_mixin.py:150} INFO - [2026-09-17T01:12:40.999+0000] {dag.py:3504} INFO - Setting next_dagrun for example_task_group_decorator to 2026-09-16T01:12:40.999421+00:00, run_after=2026-09-17T01:12:40.999421+00:00
[2026-09-17T01:12:41.026+0000] {processor.py:179} INFO - Processing /home/vscode/.local/lib/python3.10/site-packages/airflow/example_dags/example_task_group_decorator.py took 0.086 seconds
[2026-09-17T01:12:43.009+0000] {processor.py:157} INFO - Started process (PID=31541) to work on /home/vscode/.local/lib/python3.10/site-packages/airflow/example_dags/example_task_group_decorator.py
[2026-09-17T01:12:43.010+0000] {processor.py:826} INFO - Processing file /home/vscode/.local/lib/python3.10/site-packages/airflow/example_dags/example_task_group_decorator.py for tasks to queue
[2026-09-17T01:12:43.011+0000] {logging_mixin.py:150} INFO - [2026-09-17T01:12:43.011+0000] {dagbag.py:541} INFO - Filling up the DagBag from /home/vscode/.local/lib/python3.10/site-packages/airflow/example_dags/example_task_group_decorator.py
[2026-09-17T01:12:43.027+0000] {processor.py:836} INFO - DAG(s) dict_keys(['example_task_group_decorator']) retrieved from /home/vscode/.local/lib/python3.10/site-packages/airflow/example_dags/example_task_group_decorator.py
[2026-09-17T01:12:43.042+0000] {logging_mixin.py:150} INFO - [2026-09-17T01:12:43.042+0000] {dag.py:2742} INFO - Sync 1 DAGs
[2026-09-17T01:12:43.057+0000] {logging_mixin.py:150} INFO - [2026-09-17T01:12:43.057+0000] {dag.py:3504} INFO - Setting next_dagrun for example_task_group_decorator to 2026-09-16T01:12:43.056852+00:00, run_after=2026-09-17T01:12:43.056852+00:00
[2026-09-17T01:12:43.078+0000] {processor.py:179} INFO - Processing /home/vscode/.local/lib/python3.10/site-packages/airflow/example_dags/example_task_group_decorator.py took 0.073 seconds
[2026-09-17T01:13:26.533+0000] {processor.py:157} INFO - Started process (PID=31916) to work on /home/vscode/.local/lib/python3.10/site-packages/airflow/example_dags/example_task_group_decorator.py
[2026-09-17T01:13:26.534+0000] {processor.py:826} INFO - Processing file /home/vscode/.local/lib/python3.10/site-packages/airflow/example_dags/example_task_group_decorator.py for tasks to queue
[2026-09-17T01:13:26.534+0000] {logging_mixin.py:150} INFO - [2026-09-17T01:13:26.534+0000] {dagbag.py:541} INFO - Filling up the DagBag from /home/vscode/.local/lib/python3.10/site-packages/airflow/example_dags/example_task_group_decorator.py
[2026-09-17T01:13:26.546+0000] {processor.py:836} INFO - DAG(s) dict_keys(['example_task_group_decorator']) retrieved from /home/vscode/.local/lib/python3.10/site-packages/airflow/example_dags/example_task_group_decorator.py
[2026-09-17T01:13:26.561+0000] {logging_mixin.py:150} INFO - [2026-09-17T01:13:26.561+0000] {dag.py:2742} INFO - Sync 1 DAGs
[2026-09-17T01:13:26.577+0000] {logging_mixin.py:150} INFO - [2026-09-17T01:13:26.577+0000] {dag.py:3504} INFO - Setting next_dagrun for example_task_group_decorator to 2026-09-16T01:13:26.577218+00:00, run_after=2026-09-17T01:13:26.577218+00:00
[2026-09-17T01:13:26.600+0000] {processor.py:179} INFO - Processing /home/vscode/.local/lib/python3.10/site-packages/airflow/example_dags/example_task_group_decorator.py took 0.069 seconds
[2026-09-17T01:13:34.060+0000] {processor.py:157} INFO - Started process (PID=31977) to work on /home/vscode/.local/lib/python3.10/site-packages/airflow/example_dags/example_task_group_decorator.py
[2026-09-17T01:13:34.061+0000] {processor.py:826} INFO - Processing file /home/vscode/.local/lib/python3.10/site-packages/airflow/example_dags/example_task_group_decorator.py for tasks to queue
[2026-09-17T01:13:34.061+0000] {logging_mixin.py:150} INFO - [2026-09-17T01:13:34.061+0000] {dagbag.py:541} INFO - Filling up the DagBag from /home/vscode/.local/lib/python3.10/site-packages/airflow/example_dags/example_task_group_decorator.py
[2026-09-17T01:13:34.073+0000] {processor.py:836} INFO - DAG(s) dict_keys(['example_task_group_decorator']) retrieved from /home/vscode/.local/lib/python3.10/site-packages/airflow/example_dags/example_task_group_decorator.py
[2026-09-17T01:13:34.092+0000] {logging_mixin.py:150} INFO - [2026-09-17T01:13:34.092+0000] {dag.py:2742} INFO - Sync 1 DAGs
[2026-09-17T01:13:34.111+0000] {logging_mixin.py:150} INFO - [2026-09-17T01:13:34.111+0000] {dag.py:3504} INFO - Setting next_dagrun for example_task_group_decorator to 2026-09-16T01:13:34.110944+00:00, run_after=2026-09-17T01:13:34.110944+00:00
[2026-09-17T01:13:34.127+0000] {processor.py:179} INFO - Processing /home/vscode/.local/lib/python3.10/site-packages/airflow/example_dags/example_task_group_decorator.py took 0.070 seconds
[2026-09-17T01:14:12.669+0000] {processor.py:157} INFO - Started process (PID=32302) to work on /home/vscode/.local/lib/python3.10/site-packages/airflow/example_dags/example_task_group_decorator.py
[2026-09-17T01:14:12.669+0000] {processor.py:826} INFO - Processing file /home/vscode/.local/lib/python3.10/site-packages/airflow/example_dags/example_task_group_decorator.py for tasks to queue
[2026-09-17T01:14:12.670+0000] {logging_mixin.py:150} INFO - [2026-09-17T01:14:12.670+0000] {dagbag.py:541} INFO - Filling up the DagBag from /home/vscode/.local/lib/python3.10/site-packages/airflow/example_dags/example_task_group_decorator.py
[2026-09-17T01:14:12.683+0000] {processor.py:836} INFO - DAG(s) dict_keys(['example_task_group_decorator']) retrieved from /home/vscode/.local/lib/python3.10/site-packages/airflow/example_dags/example_task_group_decorator.py
[2026-09-17T01:14:12.703+0000] {logging_mixin.py:150} INFO - [2026-09-17T01:14:12.703+0000] {dag.py:2742} INFO - Sync 1 DAGs
[2026-09-17T01:14:12.717+0000] {logging_mixin.py:150} INFO - [2026-09-17T01:14:12.717+0000] {dag.py:3504} INFO - Setting next_dagrun for example_task_group_decorator to 2026-09-16T01:14:12.717316+00:00, run_after=2026-09-17T01:14:12.717316+00:00
[2026-09-17T01:14:12.733+0000] {processor.py:179} INFO - Processing /home/vscode/.local/lib/python3.10/site-packages/airflow/example_dags/example_task_group_decorator.py took 0.067 seconds
[2026-09-17T01:14:22.052+0000] {processor.py:157} INFO - Started process (PID=32382) to work on /home/vscode/.local/lib/python3.10/site-packages/airflow/example_dags/example_task_group_decorator.py
[2026-09-17T01:14:22.053+0000] {processor.py:826} INFO - Processing file /home/vscode/.local/lib/python3.10/site-packages/airflow/example_dags/example_task_group_decorator.py for tasks to queue
[2026-09-17T01:14:22.053+0000] {logging_mixin.py:150} INFO - [2026-09-17T01:14:22.053+0000] {dagbag.py:541} INFO - Filling up the DagBag from /home/vscode/.local/lib/python3.10/site-packages/airflow/example_dags/example_task_group_decorator.py
[2026-09-17T01:14:22.070+0000] {processor.py:836} INFO - DAG(s) dict_keys(['example_task_group_decorator']) retrieved from /home/vscode/.local/lib/python3.10/site-packages/airflow/example_dags/example_task_group_decorator.py
[2026-09-17T01:14:22.086+0000] {logging_mixin.py:150} INFO - [2026-09-17T01:14:22.086+0000] {dag.py:2742} INFO - Sync 1 DAGs
[2026-09-17T01:14:22.101+0000] {logging_mixin.py:150} INFO - [2026-09-17T01:14:22.101+0000] {dag.py:3504} INFO - Setting next_dagrun for example_task_group_decorator to 2026-09-16T01:14:22.101184+00:00, run_after=2026-09-17T01:14:22.101184+00:00
[2026-09-17T01:14:22.125+0000] {processor.py:179} INFO - Processing /home/vscode/.local/lib/python3.10/site-packages/airflow/example_dags/example_task_group_decorator.py took 0.075 seconds
[2026-09-17T01:14:57.547+0000] {processor.py:157} INFO - Started process (PID=32686) to work on /home/vscode/.local/lib/python3.10/site-packages/airflow/example_dags/example_task_group_decorator.py
[2026-09-17T01:14:57.548+0000] {processor.py:826} INFO - Processing file /home/vscode/.local/lib/python3.10/site-packages/airflow/example_dags/example_task_group_decorator.py for tasks to queue
[2026-09-17T01:14:57.549+0000] {logging_mixin.py:150} INFO - [2026-09-17T01:14:57.549+0000] {dagbag.py:541} INFO - Filling up the DagBag from /home/vscode/.local/lib/python3.10/site-packages/airflow/example_dags/example_task_group_decorator.py
[2026-09-17T01:14:57.567+0000] {processor.py:836} INFO - DAG(s) dict_keys(['example_task_group_decorator']) retrieved from /home/vscode/.local/lib/python3.10/site-packages/airflow/example_dags/example_task_group_decorator.py
[2026-09-17T01:14:57.595+0000] {logging_mixin.py:150} INFO - [2026-09-17T01:14:57.595+0000] {dag.py:2742} INFO - Sync 1 DAGs
[2026-09-17T01:14:57.610+0000] {logging_mixin.py:150} INFO - [2026-09-17T01:14:57.610+0000] {dag.py:3504} INFO - Setting next_dagrun for example_task_group_decorator to 2026-09-16T01:14:57.610181+00:00, run_after=2026-09-17T01:14:57.610181+00:00
[2026-09-17T01:14:57.629+0000] {processor.py:179} INFO - Processing /home/vscode/.local/lib/python3.10/site-packages/airflow/example_dags/example_task_group_decorator.py took 0.093 seconds
[2026-09-17T01:15:00.259+0000] {processor.py:157} INFO - Started process (PID=32712) to work on /home/vscode/.local/lib/python3.10/site-packages/airflow/example_dags/example_task_group_decorator.py
[2026-09-17T01:15:00.259+0000] {processor.py:826} INFO - Processing file /home/vscode/.local/lib/python3.10/site-packages/airflow/example_dags/example_task_group_decorator.py for tasks to queue
[2026-09-17T01:15:00.260+0000] {logging_mixin.py:150} INFO - [2026-09-17T01:15:00.260+0000] {dagbag.py:541} INFO - Filling up the DagBag from /home/vscode/.local/lib/python3.10/site-packages/airflow/example_dags/example_task_group_decorator.py
[2026-09-17T01:15:00.273+0000] {processor.py:836} INFO - DAG(s) dict_keys(['example_task_group_decorator']) retrieved from /home/vscode/.local/lib/python3.10/site-packages/airflow/example_dags/example_task_group_decorator.py
[2026-09-17T01:15:00.291+0000] {logging_mixin.py:150} INFO - [2026-09-17T01:15:00.290+0000] {dag.py:2742} INFO - Sync 1 DAGs
[2026-09-17T01:15:00.306+0000] {logging_mixin.py:150} INFO - [2026-09-17T01:15:00.305+0000] {dag.py:3504} INFO - Setting next_dagrun for example_task_group_decorator to 2026-09-16T01:15:00.305758+00:00, run_after=2026-09-17T01:15:00.305758+00:00
[2026-09-17T01:15:00.328+0000] {processor.py:179} INFO - Processing /home/vscode/.local/lib/python3.10/site-packages/airflow/example_dags/example_task_group_decorator.py took 0.071 seconds
[2026-09-17T01:15:33.500+0000] {processor.py:157} INFO - Started process (PID=32991) to work on /home/vscode/.local/lib/python3.10/site-packages/airflow/example_dags/example_task_group_decorator.py
[2026-09-17T01:15:33.501+0000] {processor.py:826} INFO - Processing file /home/vscode/.local/lib/python3.10/site-packages/airflow/example_dags/example_task_group_decorator.py for tasks to queue
[2026-09-17T01:15:33.502+0000] {logging_mixin.py:150} INFO - [2026-09-17T01:15:33.502+0000] {dagbag.py:541} INFO - Filling up the DagBag from /home/vscode/.local/lib/python3.10/site-packages/airflow/example_dags/example_task_group_decorator.py
[2026-09-17T01:15:33.517+0000] {processor.py:836} INFO - DAG(s) dict_keys(['example_task_group_decorator']) retrieved from /home/vscode/.local/lib/python3.10/site-packages/airflow/example_dags/example_task_group_decorator.py
[2026-09-17T01:15:33.532+0000] {logging_mixin.py:150} INFO - [2026-09-17T01:15:33.532+0000] {dag.py:2742} INFO - Sync 1 DAGs
[2026-09-17T01:15:33.547+0000] {logging_mixin.py:150} INFO - [2026-09-17T01:15:33.547+0000] {dag.py:3504} INFO - Setting next_dagrun for example_task_group_decorator to 2026-09-16T01:15:33.547466+00:00, run_after=2026-09-17T01:15:33.547466+00:00
[2026-09-17T01:15:33.564+0000] {processor.py:179} INFO - Processing /home/vscode/.local/lib/python3.10/site-packages/airflow/example_dags/example_task_group_decorator.py took 0.066 seconds
[2026-09-17T01:15:40.848+0000] {processor.py:157} INFO - Started process (PID=33048) to work on /home/vscode/.local/lib/python3.10/site-packages/airflow/example_dags/example_task_group_decorator.py
[2026-09-17T01:15:40.849+0000] {processor.py:826} INFO - Processing file /home/vscode/.local/lib/python3.10/site-packages/airflow/example_dags/example_task_group_decorator.py for tasks to queue
[2026-09-17T01:15:40.849+0000] {logging_mixin.py:150} INFO - [2026-09-17T01:15:40.849+0000] {dagbag.py:541} INFO - Filling up the DagBag from /home/vscode/.local/lib/python3.10/site-packages/airflow/example_dags/example_task_group_decorator.py
[2026-09-17T01:15:40.862+0000] {processor.py:836} INFO - DAG(s) dict_keys(['example_task_group_decorator']) retrieved from /home/vscode/.local/lib/python3.10/site-packages/airflow/example_dags/example_task_group_decorator.py
[2026-09-17T01:15:40.876+0000] {logging_mixin.py:150} INFO - [2026-09-17T01:15:40.876+0000] {dag.py:2742} INFO - Sync 1 DAGs
[2026-09-17T01:15:40.894+0000] {logging_mixin.py:150} INFO - [2026-09-17T01:15:40.894+0000] {dag.py:3504} INFO - Setting next_dagrun for example_task_group_decorator to 2026-09-16T01:15:40.894561+00:00, run_after=2026-09-17T01:15:40.894561+00:00
[2026-09-17T01:15:40.914+0000] {processor.py:179} INFO - Processing /home/vscode/.local/lib/python3.10/site-packages/airflow/example_dags/example_task_group_decorator.py took 0.068 seconds
[2026-09-17T01:16:24.910+0000] {processor.py:157} INFO - Started process (PID=33459) to work on /home/vscode/.local/lib/python3.10/site-packages/airflow/example_dags/example_task_group_decorator.py
[2026-09-17T01:16:24.911+0000] {processor.py:826} INFO - Processing file /home/vscode/.local/lib/python3.10/site-packages/airflow/example_dags/example_task_group_decorator.py for tasks to queue
[2026-09-17T01:16:24.912+0000] {logging_mixin.py:150} INFO - [2026-09-17T01:16:24.911+0000] {dagbag.py:541} INFO - Filling up the DagBag from /home/vscode/.local/lib/python3.10/site-packages/airflow/example_dags/example_task_group_decorator.py
[2026-09-17T01:16:24.924+0000] {processor.py:836} INFO - DAG(s) dict_keys(['example_task_group_decorator']) retrieved from /home/vscode/.local/lib/python3.10/site-packages/airflow/example_dags/example_task_group_decorator.py
[2026-09-17T01:16:24.939+0000] {logging_mixin.py:150} INFO - [2026-09-17T01:16:24.939+0000] {dag.py:2742} INFO - Sync 1 DAGs
[2026-09-17T01:16:24.954+0000] {logging_mixin.py:150} INFO - [2026-09-17T01:16:24.953+0000] {dag.py:3504} INFO - Setting next_dagrun for example_task_group_decorator to 2026-09-16T01:16:24.953738+00:00, run_after=2026-09-17T01:16:24.953738+00:00
[2026-09-17T01:16:24.973+0000] {processor.py:179} INFO - Processing /home/vscode/.local/lib/python3.10/site-packages/airflow/example_dags/example_task_group_decorator.py took 0.066 seconds
[2026-09-17T01:16:31.710+0000] {processor.py:157} INFO - Started process (PID=33519) to work on /home/vscode/.local/lib/python3.10/site-packages/airflow/example_dags/example_task_group_decorator.py
[2026-09-17T01:16:31.711+0000] {processor.py:826} INFO - Processing file /home/vscode/.local/lib/python3.10/site-packages/airflow/example_dags/example_task_group_decorator.py for tasks to queue
[2026-09-17T01:16:31.711+0000] {logging_mixin.py:150} INFO - [2026-09-17T01:16:31.711+0000] {dagbag.py:541} INFO - Filling up the DagBag from /home/vscode/.local/lib/python3.10/site-packages/airflow/example_dags/example_task_group_decorator.py
[2026-09-17T01:16:31.723+0000] {processor.py:836} INFO - DAG(s) dict_keys(['example_task_group_decorator']) retrieved from /home/vscode/.local/lib/python3.10/site-packages/airflow/example_dags/example_task_group_decorator.py
[2026-09-17T01:16:31.739+0000] {logging_mixin.py:150} INFO - [2026-09-17T01:16:31.739+0000] {dag.py:2742} INFO - Sync 1 DAGs
[2026-09-17T01:16:31.753+0000] {logging_mixin.py:150} INFO - [2026-09-17T01:16:31.753+0000] {dag.py:3504} INFO - Setting next_dagrun for example_task_group_decorator to 2026-09-16T01:16:31.753587+00:00, run_after=2026-09-17T01:16:31.753587+00:00
[2026-09-17T01:16:31.769+0000] {processor.py:179} INFO - Processing /home/vscode/.local/lib/python3.10/site-packages/airflow/example_dags/example_task_group_decorator.py took 0.062 seconds
[2026-09-17T01:17:09.748+0000] {processor.py:157} INFO - Started process (PID=33854) to work on /home/vscode/.local/lib/python3.10/site-packages/airflow/example_dags/example_task_group_decorator.py
[2026-09-17T01:17:09.749+0000] {processor.py:826} INFO - Processing file /home/vscode/.local/lib/python3.10/site-packages/airflow/example_dags/example_task_group_decorator.py for tasks to queue
[2026-09-17T01:17:09.750+0000] {logging_mixin.py:150} INFO - [2026-09-17T01:17:09.749+0000] {dagbag.py:541} INFO - Filling up the DagBag from /home/vscode/.local/lib/python3.10/site-packages/airflow/example_dags/example_task_group_decorator.py
[2026-09-17T01:17:09.763+0000] {processor.py:836} INFO - DAG(s) dict_keys(['example_task_group_decorator']) retrieved from /home/vscode/.local/lib/python3.10/site-packages/airflow/example_dags/example_task_group_decorator.py
[2026-09-17T01:17:09.778+0000] {logging_mixin.py:150} INFO - [2026-09-17T01:17:09.778+0000] {dag.py:2742} INFO - Sync 1 DAGs
[2026-09-17T01:17:09.798+0000] {logging_mixin.py:150} INFO - [2026-09-17T01:17:09.798+0000] {dag.py:3504} INFO - Setting next_dagrun for example_task_group_decorator to 2026-09-16T01:17:09.797812+00:00, run_after=2026-09-17T01:17:09.797812+00:00
[2026-09-17T01:17:09.822+0000] {processor.py:179} INFO - Processing /home/vscode/.local/lib/python3.10/site-packages/airflow/example_dags/example_task_group_decorator.py took 0.078 seconds
[2026-09-17T01:17:14.847+0000] {processor.py:157} INFO - Started process (PID=33895) to work on /home/vscode/.local/lib/python3.10/site-packages/airflow/example_dags/example_task_group_decorator.py
[2026-09-17T01:17:14.847+0000] {processor.py:826} INFO - Processing file /home/vscode/.local/lib/python3.10/site-packages/airflow/example_dags/example_task_group_decorator.py for tasks to queue
[2026-09-17T01:17:14.848+0000] {logging_mixin.py:150} INFO - [2026-09-17T01:17:14.848+0000] {dagbag.py:541} INFO - Filling up the DagBag from /home/vscode/.local/lib/python3.10/site-packages/airflow/example_dags/example_task_group_decorator.py
[2026-09-17T01:17:14.860+0000] {processor.py:836} INFO - DAG(s) dict_keys(['example_task_group_decorator']) retrieved from /home/vscode/.local/lib/python3.10/site-packages/airflow/example_dags/example_task_group_decorator.py
[2026-09-17T01:17:14.877+0000] {logging_mixin.py:150} INFO - [2026-09-17T01:17:14.877+0000] {dag.py:2742} INFO - Sync 1 DAGs
[2026-09-17T01:17:14.894+0000] {logging_mixin.py:150} INFO - [2026-09-17T01:17:14.894+0000] {dag.py:3504} INFO - Setting next_dagrun for example_task_group_decorator to 2026-09-16T01:17:14.894534+00:00, run_after=2026-09-17T01:17:14.894534+00:00
[2026-09-17T01:17:14.914+0000] {processor.py:179} INFO - Processing /home/vscode/.local/lib/python3.10/site-packages/airflow/example_dags/example_task_group_decorator.py took 0.070 seconds
[2026-09-17T01:17:53.458+0000] {processor.py:157} INFO - Started process (PID=34221) to work on /home/vscode/.local/lib/python3.10/site-packages/airflow/example_dags/example_task_group_decorator.py
[2026-09-17T01:17:53.458+0000] {processor.py:826} INFO - Processing file /home/vscode/.local/lib/python3.10/site-packages/airflow/example_dags/example_task_group_decorator.py for tasks to queue
[2026-09-17T01:17:53.459+0000] {logging_mixin.py:150} INFO - [2026-09-17T01:17:53.459+0000] {dagbag.py:541} INFO - Filling up the DagBag from /home/vscode/.local/lib/python3.10/site-packages/airflow/example_dags/example_task_group_decorator.py
[2026-09-17T01:17:53.472+0000] {processor.py:836} INFO - DAG(s) dict_keys(['example_task_group_decorator']) retrieved from /home/vscode/.local/lib/python3.10/site-packages/airflow/example_dags/example_task_group_decorator.py
[2026-09-17T01:17:53.491+0000] {logging_mixin.py:150} INFO - [2026-09-17T01:17:53.491+0000] {dag.py:2742} INFO - Sync 1 DAGs
[2026-09-17T01:17:53.508+0000] {logging_mixin.py:150} INFO - [2026-09-17T01:17:53.508+0000] {dag.py:3504} INFO - Setting next_dagrun for example_task_group_decorator to 2026-09-16T01:17:53.508040+00:00, run_after=2026-09-17T01:17:53.508040+00:00
[2026-09-17T01:17:53.531+0000] {processor.py:179} INFO - Processing /home/vscode/.local/lib/python3.10/site-packages/airflow/example_dags/example_task_group_decorator.py took 0.076 seconds
[2026-09-17T01:18:03.239+0000] {processor.py:157} INFO - Started process (PID=34297) to work on /home/vscode/.local/lib/python3.10/site-packages/airflow/example_dags/example_task_group_decorator.py
[2026-09-17T01:18:03.239+0000] {processor.py:826} INFO - Processing file /home/vscode/.local/lib/python3.10/site-packages/airflow/example_dags/example_task_group_decorator.py for tasks to queue
[2026-09-17T01:18:03.240+0000] {logging_mixin.py:150} INFO - [2026-09-17T01:18:03.240+0000] {dagbag.py:541} INFO - Filling up the DagBag from /home/vscode/.local/lib/python3.10/site-packages/airflow/example_dags/example_task_group_decorator.py
[2026-09-17T01:18:03.252+0000] {processor.py:836} INFO - DAG(s) dict_keys(['example_task_group_decorator']) retrieved from /home/vscode/.local/lib/python3.10/site-packages/airflow/example_dags/example_task_group_decorator.py
[2026-09-17T01:18:03.267+0000] {logging_mixin.py:150} INFO - [2026-09-17T01:18:03.267+0000] {dag.py:2742} INFO - Sync 1 DAGs
[2026-09-17T01:18:03.282+0000] {logging_mixin.py:150} INFO - [2026-09-17T01:18:03.282+0000] {dag.py:3504} INFO - Setting next_dagrun for example_task_group_decorator to 2026-09-16T01:18:03.282372+00:00, run_after=2026-09-17T01:18:03.282372+00:00
[2026-09-17T01:18:03.305+0000] {processor.py:179} INFO - Processing /home/vscode/.local/lib/python3.10/site-packages/airflow/example_dags/example_task_group_decorator.py took 0.069 seconds
[2026-09-17T01:18:42.477+0000] {processor.py:157} INFO - Started process (PID=34632) to work on /home/vscode/.local/lib/python3.10/site-packages/airflow/example_dags/example_task_group_decorator.py
[2026-09-17T01:18:42.477+0000] {processor.py:826} INFO - Processing file /home/vscode/.local/lib/python3.10/site-packages/airflow/example_dags/example_task_group_decorator.py for tasks to queue
[2026-09-17T01:18:42.478+0000] {logging_mixin.py:150} INFO - [2026-09-17T01:18:42.478+0000] {dagbag.py:541} INFO - Filling up the DagBag from /home/vscode/.local/lib/python3.10/site-packages/airflow/example_dags/example_task_group_decorator.py
[2026-09-17T01:18:42.493+0000] {processor.py:836} INFO - DAG(s) dict_keys(['example_task_group_decorator']) retrieved from /home/vscode/.local/lib/python3.10/site-packages/airflow/example_dags/example_task_group_decorator.py
[2026-09-17T01:18:42.507+0000] {logging_mixin.py:150} INFO - [2026-09-17T01:18:42.507+0000] {dag.py:2742} INFO - Sync 1 DAGs
[2026-09-17T01:18:42.525+0000] {logging_mixin.py:150} INFO - [2026-09-17T01:18:42.525+0000] {dag.py:3504} INFO - Setting next_dagrun for example_task_group_decorator to 2026-09-16T01:18:42.525089+00:00, run_after=2026-09-17T01:18:42.525089+00:00
[2026-09-17T01:18:42.541+0000] {processor.py:179} INFO - Processing /home/vscode/.local/lib/python3.10/site-packages/airflow/example_dags/example_task_group_decorator.py took 0.067 seconds
[2026-09-17T01:18:48.380+0000] {processor.py:157} INFO - Started process (PID=34686) to work on /home/vscode/.local/lib/python3.10/site-packages/airflow/example_dags/example_task_group_decorator.py
[2026-09-17T01:18:48.381+0000] {processor.py:826} INFO - Processing file /home/vscode/.local/lib/python3.10/site-packages/airflow/example_dags/example_task_group_decorator.py for tasks to queue
[2026-09-17T01:18:48.382+0000] {logging_mixin.py:150} INFO - [2026-09-17T01:18:48.382+0000] {dagbag.py:541} INFO - Filling up the DagBag from /home/vscode/.local/lib/python3.10/site-packages/airflow/example_dags/example_task_group_decorator.py
[2026-09-17T01:18:48.398+0000] {processor.py:836} INFO - DAG(s) dict_keys(['example_task_group_decorator']) retrieved from /home/vscode/.local/lib/python3.10/site-packages/airflow/example_dags/example_task_group_decorator.py
[2026-09-17T01:18:48.415+0000] {logging_mixin.py:150} INFO - [2026-09-17T01:18:48.415+0000] {dag.py:2742} INFO - Sync 1 DAGs
[2026-09-17T01:18:48.438+0000] {logging_mixin.py:150} INFO - [2026-09-17T01:18:48.438+0000] {dag.py:3504} INFO - Setting next_dagrun for example_task_group_decorator to 2026-09-16T01:18:48.437899+00:00, run_after=2026-09-17T01:18:48.437899+00:00
[2026-09-17T01:18:48.477+0000] {processor.py:179} INFO - Processing /home/vscode/.local/lib/python3.10/site-packages/airflow/example_dags/example_task_group_decorator.py took 0.099 seconds
[2026-09-17T01:19:30.629+0000] {processor.py:157} INFO - Started process (PID=35021) to work on /home/vscode/.local/lib/python3.10/site-packages/airflow/example_dags/example_task_group_decorator.py
[2026-09-17T01:19:30.630+0000] {processor.py:826} INFO - Processing file /home/vscode/.local/lib/python3.10/site-packages/airflow/example_dags/example_task_group_decorator.py for tasks to queue
[2026-09-17T01:19:30.630+0000] {logging_mixin.py:150} INFO - [2026-09-17T01:19:30.630+0000] {dagbag.py:541} INFO - Filling up the DagBag from /home/vscode/.local/lib/python3.10/site-packages/airflow/example_dags/example_task_group_decorator.py
[2026-09-17T01:19:30.643+0000] {processor.py:836} INFO - DAG(s) dict_keys(['example_task_group_decorator']) retrieved from /home/vscode/.local/lib/python3.10/site-packages/airflow/example_dags/example_task_group_decorator.py
[2026-09-17T01:19:30.660+0000] {logging_mixin.py:150} INFO - [2026-09-17T01:19:30.660+0000] {dag.py:2742} INFO - Sync 1 DAGs
[2026-09-17T01:19:30.677+0000] {logging_mixin.py:150} INFO - [2026-09-17T01:19:30.677+0000] {dag.py:3504} INFO - Setting next_dagrun for example_task_group_decorator to 2026-09-16T01:19:30.677316+00:00, run_after=2026-09-17T01:19:30.677316+00:00
[2026-09-17T01:19:30.694+0000] {processor.py:179} INFO - Processing /home/vscode/.local/lib/python3.10/site-packages/airflow/example_dags/example_task_group_decorator.py took 0.067 seconds
[2026-09-17T01:19:39.920+0000] {processor.py:157} INFO - Started process (PID=35092) to work on /home/vscode/.local/lib/python3.10/site-packages/airflow/example_dags/example_task_group_decorator.py
[2026-09-17T01:19:39.921+0000] {processor.py:826} INFO - Processing file /home/vscode/.local/lib/python3.10/site-packages/airflow/example_dags/example_task_group_decorator.py for tasks to queue
[2026-09-17T01:19:39.922+0000] {logging_mixin.py:150} INFO - [2026-09-17T01:19:39.921+0000] {dagbag.py:541} INFO - Filling up the DagBag from /home/vscode/.local/lib/python3.10/site-packages/airflow/example_dags/example_task_group_decorator.py
[2026-09-17T01:19:39.937+0000] {processor.py:836} INFO - DAG(s) dict_keys(['example_task_group_decorator']) retrieved from /home/vscode/.local/lib/python3.10/site-packages/airflow/example_dags/example_task_group_decorator.py
[2026-09-17T01:19:39.961+0000] {logging_mixin.py:150} INFO - [2026-09-17T01:19:39.960+0000] {dag.py:2742} INFO - Sync 1 DAGs
[2026-09-17T01:19:39.984+0000] {logging_mixin.py:150} INFO - [2026-09-17T01:19:39.984+0000] {dag.py:3504} INFO - Setting next_dagrun for example_task_group_decorator to 2026-09-16T01:19:39.984099+00:00, run_after=2026-09-17T01:19:39.984099+00:00
[2026-09-17T01:19:40.008+0000] {processor.py:179} INFO - Processing /home/vscode/.local/lib/python3.10/site-packages/airflow/example_dags/example_task_group_decorator.py took 0.093 seconds
[2026-09-17T01:20:20.415+0000] {processor.py:157} INFO - Started process (PID=35490) to work on /home/vscode/.local/lib/python3.10/site-packages/airflow/example_dags/example_task_group_decorator.py
[2026-09-17T01:20:20.415+0000] {processor.py:826} INFO - Processing file /home/vscode/.local/lib/python3.10/site-packages/airflow/example_dags/example_task_group_decorator.py for tasks to queue
[2026-09-17T01:20:20.416+0000] {logging_mixin.py:150} INFO - [2026-09-17T01:20:20.416+0000] {dagbag.py:541} INFO - Filling up the DagBag from /home/vscode/.local/lib/python3.10/site-packages/airflow/example_dags/example_task_group_decorator.py
[2026-09-17T01:20:20.428+0000] {processor.py:836} INFO - DAG(s) dict_keys(['example_task_group_decorator']) retrieved from /home/vscode/.local/lib/python3.10/site-packages/airflow/example_dags/example_task_group_decorator.py
[2026-09-17T01:20:20.446+0000] {logging_mixin.py:150} INFO - [2026-09-17T01:20:20.446+0000] {dag.py:2742} INFO - Sync 1 DAGs
[2026-09-17T01:20:20.461+0000] {logging_mixin.py:150} INFO - [2026-09-17T01:20:20.461+0000] {dag.py:3504} INFO - Setting next_dagrun for example_task_group_decorator to 2026-09-16T01:20:20.461140+00:00, run_after=2026-09-17T01:20:20.461140+00:00
[2026-09-17T01:20:20.478+0000] {processor.py:179} INFO - Processing /home/vscode/.local/lib/python3.10/site-packages/airflow/example_dags/example_task_group_decorator.py took 0.065 seconds
[2026-09-17T01:20:26.467+0000] {processor.py:157} INFO - Started process (PID=35535) to work on /home/vscode/.local/lib/python3.10/site-packages/airflow/example_dags/example_task_group_decorator.py
[2026-09-17T01:20:26.467+0000] {processor.py:826} INFO - Processing file /home/vscode/.local/lib/python3.10/site-packages/airflow/example_dags/example_task_group_decorator.py for tasks to queue
[2026-09-17T01:20:26.468+0000] {logging_mixin.py:150} INFO - [2026-09-17T01:20:26.468+0000] {dagbag.py:541} INFO - Filling up the DagBag from /home/vscode/.local/lib/python3.10/site-packages/airflow/example_dags/example_task_group_decorator.py
[2026-09-17T01:20:26.480+0000] {processor.py:836} INFO - DAG(s) dict_keys(['example_task_group_decorator']) retrieved from /home/vscode/.local/lib/python3.10/site-packages/airflow/example_dags/example_task_group_decorator.py
[2026-09-17T01:20:26.500+0000] {logging_mixin.py:150} INFO - [2026-09-17T01:20:26.500+0000] {dag.py:2742} INFO - Sync 1 DAGs
[2026-09-17T01:20:26.515+0000] {logging_mixin.py:150} INFO - [2026-09-17T01:20:26.515+0000] {dag.py:3504} INFO - Setting next_dagrun for example_task_group_decorator to 2026-09-16T01:20:26.514978+00:00, run_after=2026-09-17T01:20:26.514978+00:00
[2026-09-17T01:20:26.532+0000] {processor.py:179} INFO - Processing /home/vscode/.local/lib/python3.10/site-packages/airflow/example_dags/example_task_group_decorator.py took 0.068 seconds
[2026-09-17T01:21:08.878+0000] {processor.py:157} INFO - Started process (PID=36132) to work on /home/vscode/.local/lib/python3.10/site-packages/airflow/example_dags/example_task_group_decorator.py
[2026-09-17T01:21:08.878+0000] {processor.py:826} INFO - Processing file /home/vscode/.local/lib/python3.10/site-packages/airflow/example_dags/example_task_group_decorator.py for tasks to queue
[2026-09-17T01:21:08.879+0000] {logging_mixin.py:150} INFO - [2026-09-17T01:21:08.879+0000] {dagbag.py:541} INFO - Filling up the DagBag from /home/vscode/.local/lib/python3.10/site-packages/airflow/example_dags/example_task_group_decorator.py
[2026-09-17T01:21:08.895+0000] {processor.py:836} INFO - DAG(s) dict_keys(['example_task_group_decorator']) retrieved from /home/vscode/.local/lib/python3.10/site-packages/airflow/example_dags/example_task_group_decorator.py
[2026-09-17T01:21:08.912+0000] {logging_mixin.py:150} INFO - [2026-09-17T01:21:08.911+0000] {dag.py:2742} INFO - Sync 1 DAGs
[2026-09-17T01:21:08.926+0000] {logging_mixin.py:150} INFO - [2026-09-17T01:21:08.926+0000] {dag.py:3504} INFO - Setting next_dagrun for example_task_group_decorator to 2026-09-16T01:21:08.926406+00:00, run_after=2026-09-17T01:21:08.926406+00:00
[2026-09-17T01:21:08.942+0000] {processor.py:179} INFO - Processing /home/vscode/.local/lib/python3.10/site-packages/airflow/example_dags/example_task_group_decorator.py took 0.067 seconds
[2026-09-17T01:21:16.137+0000] {processor.py:157} INFO - Started process (PID=36190) to work on /home/vscode/.local/lib/python3.10/site-packages/airflow/example_dags/example_task_group_decorator.py
[2026-09-17T01:21:16.137+0000] {processor.py:826} INFO - Processing file /home/vscode/.local/lib/python3.10/site-packages/airflow/example_dags/example_task_group_decorator.py for tasks to queue
[2026-09-17T01:21:16.138+0000] {logging_mixin.py:150} INFO - [2026-09-17T01:21:16.138+0000] {dagbag.py:541} INFO - Filling up the DagBag from /home/vscode/.local/lib/python3.10/site-packages/airflow/example_dags/example_task_group_decorator.py
[2026-09-17T01:21:16.150+0000] {processor.py:836} INFO - DAG(s) dict_keys(['example_task_group_decorator']) retrieved from /home/vscode/.local/lib/python3.10/site-packages/airflow/example_dags/example_task_group_decorator.py
[2026-09-17T01:21:16.165+0000] {logging_mixin.py:150} INFO - [2026-09-17T01:21:16.165+0000] {dag.py:2742} INFO - Sync 1 DAGs
[2026-09-17T01:21:16.180+0000] {logging_mixin.py:150} INFO - [2026-09-17T01:21:16.180+0000] {dag.py:3504} INFO - Setting next_dagrun for example_task_group_decorator to 2026-09-16T01:21:16.180314+00:00, run_after=2026-09-17T01:21:16.180314+00:00
[2026-09-17T01:21:16.204+0000] {processor.py:179} INFO - Processing /home/vscode/.local/lib/python3.10/site-packages/airflow/example_dags/example_task_group_decorator.py took 0.070 seconds
[2026-09-17T01:21:57.880+0000] {processor.py:157} INFO - Started process (PID=36666) to work on /home/vscode/.local/lib/python3.10/site-packages/airflow/example_dags/example_task_group_decorator.py
[2026-09-17T01:21:57.880+0000] {processor.py:826} INFO - Processing file /home/vscode/.local/lib/python3.10/site-packages/airflow/example_dags/example_task_group_decorator.py for tasks to queue
[2026-09-17T01:21:57.881+0000] {logging_mixin.py:150} INFO - [2026-09-17T01:21:57.881+0000] {dagbag.py:541} INFO - Filling up the DagBag from /home/vscode/.local/lib/python3.10/site-packages/airflow/example_dags/example_task_group_decorator.py
[2026-09-17T01:21:57.894+0000] {processor.py:836} INFO - DAG(s) dict_keys(['example_task_group_decorator']) retrieved from /home/vscode/.local/lib/python3.10/site-packages/airflow/example_dags/example_task_group_decorator.py
[2026-09-17T01:21:57.911+0000] {logging_mixin.py:150} INFO - [2026-09-17T01:21:57.911+0000] {dag.py:2742} INFO - Sync 1 DAGs
[2026-09-17T01:21:57.932+0000] {logging_mixin.py:150} INFO - [2026-09-17T01:21:57.932+0000] {dag.py:3504} INFO - Setting next_dagrun for example_task_group_decorator to 2026-09-16T01:21:57.931862+00:00, run_after=2026-09-17T01:21:57.931862+00:00
[2026-09-17T01:21:57.952+0000] {processor.py:179} INFO - Processing /home/vscode/.local/lib/python3.10/site-packages/airflow/example_dags/example_task_group_decorator.py took 0.075 seconds
[2026-09-17T01:22:04.547+0000] {processor.py:157} INFO - Started process (PID=36755) to work on /home/vscode/.local/lib/python3.10/site-packages/airflow/example_dags/example_task_group_decorator.py
[2026-09-17T01:22:04.547+0000] {processor.py:826} INFO - Processing file /home/vscode/.local/lib/python3.10/site-packages/airflow/example_dags/example_task_group_decorator.py for tasks to queue
[2026-09-17T01:22:04.548+0000] {logging_mixin.py:150} INFO - [2026-09-17T01:22:04.548+0000] {dagbag.py:541} INFO - Filling up the DagBag from /home/vscode/.local/lib/python3.10/site-packages/airflow/example_dags/example_task_group_decorator.py
[2026-09-17T01:22:04.560+0000] {processor.py:836} INFO - DAG(s) dict_keys(['example_task_group_decorator']) retrieved from /home/vscode/.local/lib/python3.10/site-packages/airflow/example_dags/example_task_group_decorator.py
[2026-09-17T01:22:04.576+0000] {logging_mixin.py:150} INFO - [2026-09-17T01:22:04.576+0000] {dag.py:2742} INFO - Sync 1 DAGs
[2026-09-17T01:22:04.595+0000] {logging_mixin.py:150} INFO - [2026-09-17T01:22:04.595+0000] {dag.py:3504} INFO - Setting next_dagrun for example_task_group_decorator to 2026-09-16T01:22:04.595177+00:00, run_after=2026-09-17T01:22:04.595177+00:00
[2026-09-17T01:22:04.620+0000] {processor.py:179} INFO - Processing /home/vscode/.local/lib/python3.10/site-packages/airflow/example_dags/example_task_group_decorator.py took 0.076 seconds
[2026-09-17T01:22:40.484+0000] {processor.py:157} INFO - Started process (PID=37240) to work on /home/vscode/.local/lib/python3.10/site-packages/airflow/example_dags/example_task_group_decorator.py
[2026-09-17T01:22:40.485+0000] {processor.py:826} INFO - Processing file /home/vscode/.local/lib/python3.10/site-packages/airflow/example_dags/example_task_group_decorator.py for tasks to queue
[2026-09-17T01:22:40.486+0000] {logging_mixin.py:150} INFO - [2026-09-17T01:22:40.485+0000] {dagbag.py:541} INFO - Filling up the DagBag from /home/vscode/.local/lib/python3.10/site-packages/airflow/example_dags/example_task_group_decorator.py
[2026-09-17T01:22:40.499+0000] {processor.py:836} INFO - DAG(s) dict_keys(['example_task_group_decorator']) retrieved from /home/vscode/.local/lib/python3.10/site-packages/airflow/example_dags/example_task_group_decorator.py
[2026-09-17T01:22:40.524+0000] {logging_mixin.py:150} INFO - [2026-09-17T01:22:40.523+0000] {dag.py:2742} INFO - Sync 1 DAGs
[2026-09-17T01:22:40.604+0000] {logging_mixin.py:150} INFO - [2026-09-17T01:22:40.604+0000] {dag.py:3504} INFO - Setting next_dagrun for example_task_group_decorator to 2026-09-16T01:22:40.604030+00:00, run_after=2026-09-17T01:22:40.604030+00:00
[2026-09-17T01:22:40.660+0000] {processor.py:179} INFO - Processing /home/vscode/.local/lib/python3.10/site-packages/airflow/example_dags/example_task_group_decorator.py took 0.179 seconds
[2026-09-17T01:22:43.878+0000] {processor.py:157} INFO - Started process (PID=37261) to work on /home/vscode/.local/lib/python3.10/site-packages/airflow/example_dags/example_task_group_decorator.py
[2026-09-17T01:22:43.879+0000] {processor.py:826} INFO - Processing file /home/vscode/.local/lib/python3.10/site-packages/airflow/example_dags/example_task_group_decorator.py for tasks to queue
[2026-09-17T01:22:43.880+0000] {logging_mixin.py:150} INFO - [2026-09-17T01:22:43.879+0000] {dagbag.py:541} INFO - Filling up the DagBag from /home/vscode/.local/lib/python3.10/site-packages/airflow/example_dags/example_task_group_decorator.py
[2026-09-17T01:22:43.895+0000] {processor.py:836} INFO - DAG(s) dict_keys(['example_task_group_decorator']) retrieved from /home/vscode/.local/lib/python3.10/site-packages/airflow/example_dags/example_task_group_decorator.py
[2026-09-17T01:22:43.913+0000] {logging_mixin.py:150} INFO - [2026-09-17T01:22:43.913+0000] {dag.py:2742} INFO - Sync 1 DAGs
[2026-09-17T01:22:43.927+0000] {logging_mixin.py:150} INFO - [2026-09-17T01:22:43.927+0000] {dag.py:3504} INFO - Setting next_dagrun for example_task_group_decorator to 2026-09-16T01:22:43.927327+00:00, run_after=2026-09-17T01:22:43.927327+00:00
[2026-09-17T01:22:43.945+0000] {processor.py:179} INFO - Processing /home/vscode/.local/lib/python3.10/site-packages/airflow/example_dags/example_task_group_decorator.py took 0.069 seconds
[2026-09-17T01:23:25.735+0000] {processor.py:157} INFO - Started process (PID=37669) to work on /home/vscode/.local/lib/python3.10/site-packages/airflow/example_dags/example_task_group_decorator.py
[2026-09-17T01:23:25.736+0000] {processor.py:826} INFO - Processing file /home/vscode/.local/lib/python3.10/site-packages/airflow/example_dags/example_task_group_decorator.py for tasks to queue
[2026-09-17T01:23:25.736+0000] {logging_mixin.py:150} INFO - [2026-09-17T01:23:25.736+0000] {dagbag.py:541} INFO - Filling up the DagBag from /home/vscode/.local/lib/python3.10/site-packages/airflow/example_dags/example_task_group_decorator.py
[2026-09-17T01:23:25.750+0000] {processor.py:836} INFO - DAG(s) dict_keys(['example_task_group_decorator']) retrieved from /home/vscode/.local/lib/python3.10/site-packages/airflow/example_dags/example_task_group_decorator.py
[2026-09-17T01:23:25.772+0000] {logging_mixin.py:150} INFO - [2026-09-17T01:23:25.772+0000] {dag.py:2742} INFO - Sync 1 DAGs
[2026-09-17T01:23:25.790+0000] {logging_mixin.py:150} INFO - [2026-09-17T01:23:25.790+0000] {dag.py:3504} INFO - Setting next_dagrun for example_task_group_decorator to 2026-09-16T01:23:25.790554+00:00, run_after=2026-09-17T01:23:25.790554+00:00
[2026-09-17T01:23:25.809+0000] {processor.py:179} INFO - Processing /home/vscode/.local/lib/python3.10/site-packages/airflow/example_dags/example_task_group_decorator.py took 0.076 seconds
[2026-09-17T01:23:32.217+0000] {processor.py:157} INFO - Started process (PID=37726) to work on /home/vscode/.local/lib/python3.10/site-packages/airflow/example_dags/example_task_group_decorator.py
[2026-09-17T01:23:32.217+0000] {processor.py:826} INFO - Processing file /home/vscode/.local/lib/python3.10/site-packages/airflow/example_dags/example_task_group_decorator.py for tasks to queue
[2026-09-17T01:23:32.218+0000] {logging_mixin.py:150} INFO - [2026-09-17T01:23:32.218+0000] {dagbag.py:541} INFO - Filling up the DagBag from /home/vscode/.local/lib/python3.10/site-packages/airflow/example_dags/example_task_group_decorator.py
[2026-09-17T01:23:32.236+0000] {processor.py:836} INFO - DAG(s) dict_keys(['example_task_group_decorator']) retrieved from /home/vscode/.local/lib/python3.10/site-packages/airflow/example_dags/example_task_group_decorator.py
[2026-09-17T01:23:32.254+0000] {logging_mixin.py:150} INFO - [2026-09-17T01:23:32.253+0000] {dag.py:2742} INFO - Sync 1 DAGs
[2026-09-17T01:23:32.270+0000] {logging_mixin.py:150} INFO - [2026-09-17T01:23:32.270+0000] {dag.py:3504} INFO - Setting next_dagrun for example_task_group_decorator to 2026-09-16T01:23:32.270432+00:00, run_after=2026-09-17T01:23:32.270432+00:00
[2026-09-17T01:23:32.287+0000] {processor.py:179} INFO - Processing /home/vscode/.local/lib/python3.10/site-packages/airflow/example_dags/example_task_group_decorator.py took 0.073 seconds
[2026-09-17T01:24:01.170+0000] {processor.py:157} INFO - Started process (PID=37938) to work on /home/vscode/.local/lib/python3.10/site-packages/airflow/example_dags/example_task_group_decorator.py
[2026-09-17T01:24:01.171+0000] {processor.py:826} INFO - Processing file /home/vscode/.local/lib/python3.10/site-packages/airflow/example_dags/example_task_group_decorator.py for tasks to queue
[2026-09-17T01:24:01.171+0000] {logging_mixin.py:150} INFO - [2026-09-17T01:24:01.171+0000] {dagbag.py:541} INFO - Filling up the DagBag from /home/vscode/.local/lib/python3.10/site-packages/airflow/example_dags/example_task_group_decorator.py
[2026-09-17T01:24:01.189+0000] {processor.py:836} INFO - DAG(s) dict_keys(['example_task_group_decorator']) retrieved from /home/vscode/.local/lib/python3.10/site-packages/airflow/example_dags/example_task_group_decorator.py
[2026-09-17T01:24:01.210+0000] {logging_mixin.py:150} INFO - [2026-09-17T01:24:01.210+0000] {dag.py:2742} INFO - Sync 1 DAGs
[2026-09-17T01:24:01.225+0000] {logging_mixin.py:150} INFO - [2026-09-17T01:24:01.225+0000] {dag.py:3504} INFO - Setting next_dagrun for example_task_group_decorator to 2026-09-16T01:24:01.224843+00:00, run_after=2026-09-17T01:24:01.224843+00:00
[2026-09-17T01:24:01.244+0000] {processor.py:179} INFO - Processing /home/vscode/.local/lib/python3.10/site-packages/airflow/example_dags/example_task_group_decorator.py took 0.076 seconds
[2026-09-17T01:24:20.836+0000] {processor.py:157} INFO - Started process (PID=38276) to work on /home/vscode/.local/lib/python3.10/site-packages/airflow/example_dags/example_task_group_decorator.py
[2026-09-17T01:24:20.837+0000] {processor.py:826} INFO - Processing file /home/vscode/.local/lib/python3.10/site-packages/airflow/example_dags/example_task_group_decorator.py for tasks to queue
[2026-09-17T01:24:20.838+0000] {logging_mixin.py:150} INFO - [2026-09-17T01:24:20.837+0000] {dagbag.py:541} INFO - Filling up the DagBag from /home/vscode/.local/lib/python3.10/site-packages/airflow/example_dags/example_task_group_decorator.py
[2026-09-17T01:24:20.853+0000] {processor.py:836} INFO - DAG(s) dict_keys(['example_task_group_decorator']) retrieved from /home/vscode/.local/lib/python3.10/site-packages/airflow/example_dags/example_task_group_decorator.py
[2026-09-17T01:24:20.885+0000] {logging_mixin.py:150} INFO - [2026-09-17T01:24:20.885+0000] {dag.py:2742} INFO - Sync 1 DAGs
[2026-09-17T01:24:20.910+0000] {logging_mixin.py:150} INFO - [2026-09-17T01:24:20.910+0000] {dag.py:3504} INFO - Setting next_dagrun for example_task_group_decorator to 2026-09-16T01:24:20.910184+00:00, run_after=2026-09-17T01:24:20.910184+00:00
[2026-09-17T01:24:20.936+0000] {processor.py:179} INFO - Processing /home/vscode/.local/lib/python3.10/site-packages/airflow/example_dags/example_task_group_decorator.py took 0.103 seconds
