[2026-09-17T00:55:26.968+0000] {processor.py:157} INFO - Started process (PID=21909) to work on /home/vscode/.local/lib/python3.10/site-packages/airflow/example_dags/example_subdag_operator.py
[2026-09-17T00:55:26.969+0000] {processor.py:826} INFO - Processing file /home/vscode/.local/lib/python3.10/site-packages/airflow/example_dags/example_subdag_operator.py for tasks to queue
[2026-09-17T00:55:26.970+0000] {logging_mixin.py:150} INFO - [2026-09-17T00:55:26.970+0000] {dagbag.py:541} INFO - Filling up the DagBag from /home/vscode/.local/lib/python3.10/site-packages/airflow/example_dags/example_subdag_operator.py
[2026-09-17T00:55:26.995+0000] {processor.py:836} INFO - DAG(s) dict_keys(['example_subdag_operator.section-1', 'example_subdag_operator.section-2', 'example_subdag_operator']) retrieved from /home/vscode/.local/lib/python3.10/site-packages/airflow/example_dags/example_subdag_operator.py
[2026-09-17T00:55:27.106+0000] {logging_mixin.py:150} INFO - [2026-09-17T00:55:27.106+0000] {manager.py:504} INFO - Created Permission View: can delete on DAG:example_subdag_operator
[2026-09-17T00:55:27.119+0000] {logging_mixin.py:150} INFO - [2026-09-17T00:55:27.119+0000] {manager.py:504} INFO - Created Permission View: can edit on DAG:example_subdag_operator
[2026-09-17T00:55:27.129+0000] {logging_mixin.py:150} INFO - [2026-09-17T00:55:27.129+0000] {manager.py:504} INFO - Created Permission View: can read on DAG:example_subdag_operator
[2026-09-17T00:55:27.141+0000] {logging_mixin.py:150} INFO - [2026-09-17T00:55:27.141+0000] {dag.py:2742} INFO - Sync 3 DAGs
[2026-09-17T00:55:27.150+0000] {logging_mixin.py:150} INFO - [2026-09-17T00:55:27.150+0000] {dag.py:2763} INFO - Creating ORM DAG for example_subdag_operator.section-2
[2026-09-17T00:55:27.151+0000] {logging_mixin.py:150} INFO - [2026-09-17T00:55:27.151+0000] {dag.py:2763} INFO - Creating ORM DAG for example_subdag_operator
[2026-09-17T00:55:27.151+0000] {logging_mixin.py:150} INFO - [2026-09-17T00:55:27.151+0000] {dag.py:2763} INFO - Creating ORM DAG for example_subdag_operator.section-1
[2026-09-17T00:55:27.160+0000] {logging_mixin.py:150} INFO - [2026-09-17T00:55:27.160+0000] {dag.py:3504} INFO - Setting next_dagrun for example_subdag_operator to 2022-01-01T00:00:00+00:00, run_after=2022-01-01T00:00:00+00:00
[2026-09-17T00:55:27.160+0000] {logging_mixin.py:150} INFO - [2026-09-17T00:55:27.160+0000] {dag.py:3504} INFO - Setting next_dagrun for example_subdag_operator.section-1 to None, run_after=None
[2026-09-17T00:55:27.161+0000] {logging_mixin.py:150} INFO - [2026-09-17T00:55:27.161+0000] {dag.py:3504} INFO - Setting next_dagrun for example_subdag_operator.section-2 to None, run_after=None
[2026-09-17T00:55:27.169+0000] {logging_mixin.py:150} INFO - [2026-09-17T00:55:27.168+0000] {dag.py:2742} INFO - Sync 2 DAGs
[2026-09-17T00:55:27.177+0000] {logging_mixin.py:150} INFO - [2026-09-17T00:55:27.177+0000] {dag.py:3504} INFO - Setting next_dagrun for example_subdag_operator.section-1 to None, run_after=None
[2026-09-17T00:55:27.180+0000] {logging_mixin.py:150} INFO - [2026-09-17T00:55:27.180+0000] {dag.py:3504} INFO - Setting next_dagrun for example_subdag_operator.section-2 to None, run_after=None
[2026-09-17T00:55:27.206+0000] {processor.py:179} INFO - Processing /home/vscode/.local/lib/python3.10/site-packages/airflow/example_dags/example_subdag_operator.py took 0.241 seconds
[2026-09-17T00:55:57.135+0000] {processor.py:157} INFO - Started process (PID=22268) to work on /home/vscode/.local/lib/python3.10/site-packages/airflow/example_dags/example_subdag_operator.py
[2026-09-17T00:55:57.135+0000] {processor.py:826} INFO - Processing file /home/vscode/.local/lib/python3.10/site-packages/airflow/example_dags/example_subdag_operator.py for tasks to queue
[2026-09-17T00:55:57.136+0000] {logging_mixin.py:150} INFO - [2026-09-17T00:55:57.136+0000] {dagbag.py:541} INFO - Filling up the DagBag from /home/vscode/.local/lib/python3.10/site-packages/airflow/example_dags/example_subdag_operator.py
[2026-09-17T00:55:57.155+0000] {processor.py:836} INFO - DAG(s) dict_keys(['example_subdag_operator.section-1', 'example_subdag_operator.section-2', 'example_subdag_operator']) retrieved from /home/vscode/.local/lib/python3.10/site-packages/airflow/example_dags/example_subdag_operator.py
[2026-09-17T00:55:57.169+0000] {logging_mixin.py:150} INFO - [2026-09-17T00:55:57.169+0000] {dag.py:2742} INFO - Sync 3 DAGs
[2026-09-17T00:55:57.183+0000] {logging_mixin.py:150} INFO - [2026-09-17T00:55:57.183+0000] {dag.py:3504} INFO - Setting next_dagrun for example_subdag_operator to 2022-01-01T00:00:00+00:00, run_after=2022-01-01T00:00:00+00:00
[2026-09-17T00:55:57.185+0000] {logging_mixin.py:150} INFO - [2026-09-17T00:55:57.185+0000] {dag.py:3504} INFO - Setting next_dagrun for example_subdag_operator.section-1 to None, run_after=None
[2026-09-17T00:55:57.186+0000] {logging_mixin.py:150} INFO - [2026-09-17T00:55:57.186+0000] {dag.py:3504} INFO - Setting next_dagrun for example_subdag_operator.section-2 to None, run_after=None
[2026-09-17T00:55:57.190+0000] {logging_mixin.py:150} INFO - [2026-09-17T00:55:57.190+0000] {dag.py:2742} INFO - Sync 2 DAGs
[2026-09-17T00:55:57.193+0000] {logging_mixin.py:150} INFO - [2026-09-17T00:55:57.193+0000] {dag.py:3504} INFO - Setting next_dagrun for example_subdag_operator.section-1 to None, run_after=None
[2026-09-17T00:55:57.193+0000] {logging_mixin.py:150} INFO - [2026-09-17T00:55:57.193+0000] {dag.py:3504} INFO - Setting next_dagrun for example_subdag_operator.section-2 to None, run_after=None
[2026-09-17T00:55:57.205+0000] {processor.py:179} INFO - Processing /home/vscode/.local/lib/python3.10/site-packages/airflow/example_dags/example_subdag_operator.py took 0.073 seconds
[2026-09-17T00:56:23.290+0000] {processor.py:157} INFO - Started process (PID=22473) to work on /home/vscode/.local/lib/python3.10/site-packages/airflow/example_dags/example_subdag_operator.py
[2026-09-17T00:56:23.291+0000] {processor.py:826} INFO - Processing file /home/vscode/.local/lib/python3.10/site-packages/airflow/example_dags/example_subdag_operator.py for tasks to queue
[2026-09-17T00:56:23.292+0000] {logging_mixin.py:150} INFO - [2026-09-17T00:56:23.291+0000] {dagbag.py:541} INFO - Filling up the DagBag from /home/vscode/.local/lib/python3.10/site-packages/airflow/example_dags/example_subdag_operator.py
[2026-09-17T00:56:23.307+0000] {processor.py:836} INFO - DAG(s) dict_keys(['example_subdag_operator.section-1', 'example_subdag_operator.section-2', 'example_subdag_operator']) retrieved from /home/vscode/.local/lib/python3.10/site-packages/airflow/example_dags/example_subdag_operator.py
[2026-09-17T00:56:23.321+0000] {logging_mixin.py:150} INFO - [2026-09-17T00:56:23.321+0000] {dag.py:2742} INFO - Sync 3 DAGs
[2026-09-17T00:56:23.341+0000] {logging_mixin.py:150} INFO - [2026-09-17T00:56:23.341+0000] {dag.py:3504} INFO - Setting next_dagrun for example_subdag_operator to 2022-01-01T00:00:00+00:00, run_after=2022-01-01T00:00:00+00:00
[2026-09-17T00:56:23.343+0000] {logging_mixin.py:150} INFO - [2026-09-17T00:56:23.343+0000] {dag.py:3504} INFO - Setting next_dagrun for example_subdag_operator.section-1 to None, run_after=None
[2026-09-17T00:56:23.344+0000] {logging_mixin.py:150} INFO - [2026-09-17T00:56:23.344+0000] {dag.py:3504} INFO - Setting next_dagrun for example_subdag_operator.section-2 to None, run_after=None
[2026-09-17T00:56:23.348+0000] {logging_mixin.py:150} INFO - [2026-09-17T00:56:23.348+0000] {dag.py:2742} INFO - Sync 2 DAGs
[2026-09-17T00:56:23.351+0000] {logging_mixin.py:150} INFO - [2026-09-17T00:56:23.351+0000] {dag.py:3504} INFO - Setting next_dagrun for example_subdag_operator.section-1 to None, run_after=None
[2026-09-17T00:56:23.351+0000] {logging_mixin.py:150} INFO - [2026-09-17T00:56:23.351+0000] {dag.py:3504} INFO - Setting next_dagrun for example_subdag_operator.section-2 to None, run_after=None
[2026-09-17T00:56:23.363+0000] {processor.py:179} INFO - Processing /home/vscode/.local/lib/python3.10/site-packages/airflow/example_dags/example_subdag_operator.py took 0.076 seconds
[2026-09-17T00:56:45.355+0000] {processor.py:157} INFO - Started process (PID=22735) to work on /home/vscode/.local/lib/python3.10/site-packages/airflow/example_dags/example_subdag_operator.py
[2026-09-17T00:56:45.356+0000] {processor.py:826} INFO - Processing file /home/vscode/.local/lib/python3.10/site-packages/airflow/example_dags/example_subdag_operator.py for tasks to queue
[2026-09-17T00:56:45.357+0000] {logging_mixin.py:150} INFO - [2026-09-17T00:56:45.356+0000] {dagbag.py:541} INFO - Filling up the DagBag from /home/vscode/.local/lib/python3.10/site-packages/airflow/example_dags/example_subdag_operator.py
[2026-09-17T00:56:45.379+0000] {processor.py:836} INFO - DAG(s) dict_keys(['example_subdag_operator.section-1', 'example_subdag_operator.section-2', 'example_subdag_operator']) retrieved from /home/vscode/.local/lib/python3.10/site-packages/airflow/example_dags/example_subdag_operator.py
[2026-09-17T00:56:45.397+0000] {logging_mixin.py:150} INFO - [2026-09-17T00:56:45.396+0000] {dag.py:2742} INFO - Sync 3 DAGs
[2026-09-17T00:56:45.419+0000] {logging_mixin.py:150} INFO - [2026-09-17T00:56:45.419+0000] {dag.py:3504} INFO - Setting next_dagrun for example_subdag_operator to 2022-01-01T00:00:00+00:00, run_after=2022-01-01T00:00:00+00:00
[2026-09-17T00:56:45.422+0000] {logging_mixin.py:150} INFO - [2026-09-17T00:56:45.422+0000] {dag.py:3504} INFO - Setting next_dagrun for example_subdag_operator.section-1 to None, run_after=None
[2026-09-17T00:56:45.423+0000] {logging_mixin.py:150} INFO - [2026-09-17T00:56:45.423+0000] {dag.py:3504} INFO - Setting next_dagrun for example_subdag_operator.section-2 to None, run_after=None
[2026-09-17T00:56:45.429+0000] {logging_mixin.py:150} INFO - [2026-09-17T00:56:45.429+0000] {dag.py:2742} INFO - Sync 2 DAGs
[2026-09-17T00:56:45.433+0000] {logging_mixin.py:150} INFO - [2026-09-17T00:56:45.433+0000] {dag.py:3504} INFO - Setting next_dagrun for example_subdag_operator.section-1 to None, run_after=None
[2026-09-17T00:56:45.434+0000] {logging_mixin.py:150} INFO - [2026-09-17T00:56:45.434+0000] {dag.py:3504} INFO - Setting next_dagrun for example_subdag_operator.section-2 to None, run_after=None
[2026-09-17T00:56:45.453+0000] {processor.py:179} INFO - Processing /home/vscode/.local/lib/python3.10/site-packages/airflow/example_dags/example_subdag_operator.py took 0.102 seconds
[2026-09-17T00:57:11.945+0000] {processor.py:157} INFO - Started process (PID=22938) to work on /home/vscode/.local/lib/python3.10/site-packages/airflow/example_dags/example_subdag_operator.py
[2026-09-17T00:57:11.946+0000] {processor.py:826} INFO - Processing file /home/vscode/.local/lib/python3.10/site-packages/airflow/example_dags/example_subdag_operator.py for tasks to queue
[2026-09-17T00:57:11.947+0000] {logging_mixin.py:150} INFO - [2026-09-17T00:57:11.946+0000] {dagbag.py:541} INFO - Filling up the DagBag from /home/vscode/.local/lib/python3.10/site-packages/airflow/example_dags/example_subdag_operator.py
[2026-09-17T00:57:11.973+0000] {processor.py:836} INFO - DAG(s) dict_keys(['example_subdag_operator.section-1', 'example_subdag_operator.section-2', 'example_subdag_operator']) retrieved from /home/vscode/.local/lib/python3.10/site-packages/airflow/example_dags/example_subdag_operator.py
[2026-09-17T00:57:11.991+0000] {logging_mixin.py:150} INFO - [2026-09-17T00:57:11.990+0000] {dag.py:2742} INFO - Sync 3 DAGs
[2026-09-17T00:57:12.010+0000] {logging_mixin.py:150} INFO - [2026-09-17T00:57:12.010+0000] {dag.py:3504} INFO - Setting next_dagrun for example_subdag_operator to 2022-01-01T00:00:00+00:00, run_after=2022-01-01T00:00:00+00:00
[2026-09-17T00:57:12.013+0000] {logging_mixin.py:150} INFO - [2026-09-17T00:57:12.013+0000] {dag.py:3504} INFO - Setting next_dagrun for example_subdag_operator.section-1 to None, run_after=None
[2026-09-17T00:57:12.014+0000] {logging_mixin.py:150} INFO - [2026-09-17T00:57:12.013+0000] {dag.py:3504} INFO - Setting next_dagrun for example_subdag_operator.section-2 to None, run_after=None
[2026-09-17T00:57:12.020+0000] {logging_mixin.py:150} INFO - [2026-09-17T00:57:12.020+0000] {dag.py:2742} INFO - Sync 2 DAGs
[2026-09-17T00:57:12.024+0000] {logging_mixin.py:150} INFO - [2026-09-17T00:57:12.024+0000] {dag.py:3504} INFO - Setting next_dagrun for example_subdag_operator.section-1 to None, run_after=None
[2026-09-17T00:57:12.025+0000] {logging_mixin.py:150} INFO - [2026-09-17T00:57:12.024+0000] {dag.py:3504} INFO - Setting next_dagrun for example_subdag_operator.section-2 to None, run_after=None
[2026-09-17T00:57:12.039+0000] {processor.py:179} INFO - Processing /home/vscode/.local/lib/python3.10/site-packages/airflow/example_dags/example_subdag_operator.py took 0.098 seconds
[2026-09-17T00:57:37.436+0000] {processor.py:157} INFO - Started process (PID=23126) to work on /home/vscode/.local/lib/python3.10/site-packages/airflow/example_dags/example_subdag_operator.py
[2026-09-17T00:57:37.437+0000] {processor.py:826} INFO - Processing file /home/vscode/.local/lib/python3.10/site-packages/airflow/example_dags/example_subdag_operator.py for tasks to queue
[2026-09-17T00:57:37.438+0000] {logging_mixin.py:150} INFO - [2026-09-17T00:57:37.437+0000] {dagbag.py:541} INFO - Filling up the DagBag from /home/vscode/.local/lib/python3.10/site-packages/airflow/example_dags/example_subdag_operator.py
[2026-09-17T00:57:37.454+0000] {processor.py:836} INFO - DAG(s) dict_keys(['example_subdag_operator.section-1', 'example_subdag_operator.section-2', 'example_subdag_operator']) retrieved from /home/vscode/.local/lib/python3.10/site-packages/airflow/example_dags/example_subdag_operator.py
[2026-09-17T00:57:37.466+0000] {logging_mixin.py:150} INFO - [2026-09-17T00:57:37.466+0000] {dag.py:2742} INFO - Sync 3 DAGs
[2026-09-17T00:57:37.480+0000] {logging_mixin.py:150} INFO - [2026-09-17T00:57:37.480+0000] {dag.py:3504} INFO - Setting next_dagrun for example_subdag_operator to 2022-01-01T00:00:00+00:00, run_after=2022-01-01T00:00:00+00:00
[2026-09-17T00:57:37.482+0000] {logging_mixin.py:150} INFO - [2026-09-17T00:57:37.482+0000] {dag.py:3504} INFO - Setting next_dagrun for example_subdag_operator.section-1 to None, run_after=None
[2026-09-17T00:57:37.483+0000] {logging_mixin.py:150} INFO - [2026-09-17T00:57:37.483+0000] {dag.py:3504} INFO - Setting next_dagrun for example_subdag_operator.section-2 to None, run_after=None
[2026-09-17T00:57:37.488+0000] {logging_mixin.py:150} INFO - [2026-09-17T00:57:37.487+0000] {dag.py:2742} INFO - Sync 2 DAGs
[2026-09-17T00:57:37.491+0000] {logging_mixin.py:150} INFO - [2026-09-17T00:57:37.490+0000] {dag.py:3504} INFO - Setting next_dagrun for example_subdag_operator.section-1 to None, run_after=None
[2026-09-17T00:57:37.491+0000] {logging_mixin.py:150} INFO - [2026-09-17T00:57:37.491+0000] {dag.py:3504} INFO - Setting next_dagrun for example_subdag_operator.section-2 to None, run_after=None
[2026-09-17T00:57:37.502+0000] {processor.py:179} INFO - Processing /home/vscode/.local/lib/python3.10/site-packages/airflow/example_dags/example_subdag_operator.py took 0.068 seconds
[2026-09-17T00:57:55.550+0000] {processor.py:157} INFO - Started process (PID=23272) to work on /home/vscode/.local/lib/python3.10/site-packages/airflow/example_dags/example_subdag_operator.py
[2026-09-17T00:57:55.551+0000] {processor.py:826} INFO - Processing file /home/vscode/.local/lib/python3.10/site-packages/airflow/example_dags/example_subdag_operator.py for tasks to queue
[2026-09-17T00:57:55.552+0000] {logging_mixin.py:150} INFO - [2026-09-17T00:57:55.551+0000] {dagbag.py:541} INFO - Filling up the DagBag from /home/vscode/.local/lib/python3.10/site-packages/airflow/example_dags/example_subdag_operator.py
[2026-09-17T00:57:55.567+0000] {processor.py:836} INFO - DAG(s) dict_keys(['example_subdag_operator.section-1', 'example_subdag_operator.section-2', 'example_subdag_operator']) retrieved from /home/vscode/.local/lib/python3.10/site-packages/airflow/example_dags/example_subdag_operator.py
[2026-09-17T00:57:55.578+0000] {logging_mixin.py:150} INFO - [2026-09-17T00:57:55.578+0000] {dag.py:2742} INFO - Sync 3 DAGs
[2026-09-17T00:57:55.598+0000] {logging_mixin.py:150} INFO - [2026-09-17T00:57:55.598+0000] {dag.py:3504} INFO - Setting next_dagrun for example_subdag_operator to 2022-01-01T00:00:00+00:00, run_after=2022-01-01T00:00:00+00:00
[2026-09-17T00:57:55.601+0000] {logging_mixin.py:150} INFO - [2026-09-17T00:57:55.601+0000] {dag.py:3504} INFO - Setting next_dagrun for example_subdag_operator.section-1 to None, run_after=None
[2026-09-17T00:57:55.602+0000] {logging_mixin.py:150} INFO - [2026-09-17T00:57:55.601+0000] {dag.py:3504} INFO - Setting next_dagrun for example_subdag_operator.section-2 to None, run_after=None
[2026-09-17T00:57:55.606+0000] {logging_mixin.py:150} INFO - [2026-09-17T00:57:55.606+0000] {dag.py:2742} INFO - Sync 2 DAGs
[2026-09-17T00:57:55.609+0000] {logging_mixin.py:150} INFO - [2026-09-17T00:57:55.609+0000] {dag.py:3504} INFO - Setting next_dagrun for example_subdag_operator.section-1 to None, run_after=None
[2026-09-17T00:57:55.609+0000] {logging_mixin.py:150} INFO - [2026-09-17T00:57:55.609+0000] {dag.py:3504} INFO - Setting next_dagrun for example_subdag_operator.section-2 to None, run_after=None
[2026-09-17T00:57:55.620+0000] {processor.py:179} INFO - Processing /home/vscode/.local/lib/python3.10/site-packages/airflow/example_dags/example_subdag_operator.py took 0.073 seconds
[2026-09-17T00:58:26.950+0000] {processor.py:157} INFO - Started process (PID=23609) to work on /home/vscode/.local/lib/python3.10/site-packages/airflow/example_dags/example_subdag_operator.py
[2026-09-17T00:58:26.953+0000] {processor.py:826} INFO - Processing file /home/vscode/.local/lib/python3.10/site-packages/airflow/example_dags/example_subdag_operator.py for tasks to queue
[2026-09-17T00:58:26.954+0000] {logging_mixin.py:150} INFO - [2026-09-17T00:58:26.953+0000] {dagbag.py:541} INFO - Filling up the DagBag from /home/vscode/.local/lib/python3.10/site-packages/airflow/example_dags/example_subdag_operator.py
[2026-09-17T00:58:26.975+0000] {processor.py:836} INFO - DAG(s) dict_keys(['example_subdag_operator.section-1', 'example_subdag_operator.section-2', 'example_subdag_operator']) retrieved from /home/vscode/.local/lib/python3.10/site-packages/airflow/example_dags/example_subdag_operator.py
[2026-09-17T00:58:26.990+0000] {logging_mixin.py:150} INFO - [2026-09-17T00:58:26.990+0000] {dag.py:2742} INFO - Sync 3 DAGs
[2026-09-17T00:58:27.008+0000] {logging_mixin.py:150} INFO - [2026-09-17T00:58:27.008+0000] {dag.py:3504} INFO - Setting next_dagrun for example_subdag_operator to 2022-01-01T00:00:00+00:00, run_after=2022-01-01T00:00:00+00:00
[2026-09-17T00:58:27.010+0000] {logging_mixin.py:150} INFO - [2026-09-17T00:58:27.010+0000] {dag.py:3504} INFO - Setting next_dagrun for example_subdag_operator.section-1 to None, run_after=None
[2026-09-17T00:58:27.011+0000] {logging_mixin.py:150} INFO - [2026-09-17T00:58:27.011+0000] {dag.py:3504} INFO - Setting next_dagrun for example_subdag_operator.section-2 to None, run_after=None
[2026-09-17T00:58:27.015+0000] {logging_mixin.py:150} INFO - [2026-09-17T00:58:27.015+0000] {dag.py:2742} INFO - Sync 2 DAGs
[2026-09-17T00:58:27.018+0000] {logging_mixin.py:150} INFO - [2026-09-17T00:58:27.018+0000] {dag.py:3504} INFO - Setting next_dagrun for example_subdag_operator.section-1 to None, run_after=None
[2026-09-17T00:58:27.019+0000] {logging_mixin.py:150} INFO - [2026-09-17T00:58:27.019+0000] {dag.py:3504} INFO - Setting next_dagrun for example_subdag_operator.section-2 to None, run_after=None
[2026-09-17T00:58:27.031+0000] {processor.py:179} INFO - Processing /home/vscode/.local/lib/python3.10/site-packages/airflow/example_dags/example_subdag_operator.py took 0.085 seconds
[2026-09-17T00:58:43.397+0000] {processor.py:157} INFO - Started process (PID=23744) to work on /home/vscode/.local/lib/python3.10/site-packages/airflow/example_dags/example_subdag_operator.py
[2026-09-17T00:58:43.398+0000] {processor.py:826} INFO - Processing file /home/vscode/.local/lib/python3.10/site-packages/airflow/example_dags/example_subdag_operator.py for tasks to queue
[2026-09-17T00:58:43.399+0000] {logging_mixin.py:150} INFO - [2026-09-17T00:58:43.398+0000] {dagbag.py:541} INFO - Filling up the DagBag from /home/vscode/.local/lib/python3.10/site-packages/airflow/example_dags/example_subdag_operator.py
[2026-09-17T00:58:43.422+0000] {processor.py:836} INFO - DAG(s) dict_keys(['example_subdag_operator.section-1', 'example_subdag_operator.section-2', 'example_subdag_operator']) retrieved from /home/vscode/.local/lib/python3.10/site-packages/airflow/example_dags/example_subdag_operator.py
[2026-09-17T00:58:43.437+0000] {logging_mixin.py:150} INFO - [2026-09-17T00:58:43.437+0000] {dag.py:2742} INFO - Sync 3 DAGs
[2026-09-17T00:58:43.457+0000] {logging_mixin.py:150} INFO - [2026-09-17T00:58:43.457+0000] {dag.py:3504} INFO - Setting next_dagrun for example_subdag_operator to 2022-01-01T00:00:00+00:00, run_after=2022-01-01T00:00:00+00:00
[2026-09-17T00:58:43.460+0000] {logging_mixin.py:150} INFO - [2026-09-17T00:58:43.460+0000] {dag.py:3504} INFO - Setting next_dagrun for example_subdag_operator.section-1 to None, run_after=None
[2026-09-17T00:58:43.461+0000] {logging_mixin.py:150} INFO - [2026-09-17T00:58:43.461+0000] {dag.py:3504} INFO - Setting next_dagrun for example_subdag_operator.section-2 to None, run_after=None
[2026-09-17T00:58:43.467+0000] {logging_mixin.py:150} INFO - [2026-09-17T00:58:43.467+0000] {dag.py:2742} INFO - Sync 2 DAGs
[2026-09-17T00:58:43.472+0000] {logging_mixin.py:150} INFO - [2026-09-17T00:58:43.472+0000] {dag.py:3504} INFO - Setting next_dagrun for example_subdag_operator.section-1 to None, run_after=None
[2026-09-17T00:58:43.472+0000] {logging_mixin.py:150} INFO - [2026-09-17T00:58:43.472+0000] {dag.py:3504} INFO - Setting next_dagrun for example_subdag_operator.section-2 to None, run_after=None
[2026-09-17T00:58:43.489+0000] {processor.py:179} INFO - Processing /home/vscode/.local/lib/python3.10/site-packages/airflow/example_dags/example_subdag_operator.py took 0.095 seconds
[2026-09-17T00:59:05.080+0000] {processor.py:157} INFO - Started process (PID=24071) to work on /home/vscode/.local/lib/python3.10/site-packages/airflow/example_dags/example_subdag_operator.py
[2026-09-17T00:59:05.082+0000] {processor.py:826} INFO - Processing file /home/vscode/.local/lib/python3.10/site-packages/airflow/example_dags/example_subdag_operator.py for tasks to queue
[2026-09-17T00:59:05.083+0000] {logging_mixin.py:150} INFO - [2026-09-17T00:59:05.082+0000] {dagbag.py:541} INFO - Filling up the DagBag from /home/vscode/.local/lib/python3.10/site-packages/airflow/example_dags/example_subdag_operator.py
[2026-09-17T00:59:05.099+0000] {processor.py:836} INFO - DAG(s) dict_keys(['example_subdag_operator.section-1', 'example_subdag_operator.section-2', 'example_subdag_operator']) retrieved from /home/vscode/.local/lib/python3.10/site-packages/airflow/example_dags/example_subdag_operator.py
[2026-09-17T00:59:05.116+0000] {logging_mixin.py:150} INFO - [2026-09-17T00:59:05.115+0000] {dag.py:2742} INFO - Sync 3 DAGs
[2026-09-17T00:59:05.137+0000] {logging_mixin.py:150} INFO - [2026-09-17T00:59:05.137+0000] {dag.py:3504} INFO - Setting next_dagrun for example_subdag_operator to 2022-01-01T00:00:00+00:00, run_after=2022-01-01T00:00:00+00:00
[2026-09-17T00:59:05.140+0000] {logging_mixin.py:150} INFO - [2026-09-17T00:59:05.140+0000] {dag.py:3504} INFO - Setting next_dagrun for example_subdag_operator.section-1 to None, run_after=None
[2026-09-17T00:59:05.141+0000] {logging_mixin.py:150} INFO - [2026-09-17T00:59:05.141+0000] {dag.py:3504} INFO - Setting next_dagrun for example_subdag_operator.section-2 to None, run_after=None
[2026-09-17T00:59:05.147+0000] {logging_mixin.py:150} INFO - [2026-09-17T00:59:05.147+0000] {dag.py:2742} INFO - Sync 2 DAGs
[2026-09-17T00:59:05.152+0000] {logging_mixin.py:150} INFO - [2026-09-17T00:59:05.152+0000] {dag.py:3504} INFO - Setting next_dagrun for example_subdag_operator.section-1 to None, run_after=None
[2026-09-17T00:59:05.152+0000] {logging_mixin.py:150} INFO - [2026-09-17T00:59:05.152+0000] {dag.py:3504} INFO - Setting next_dagrun for example_subdag_operator.section-2 to None, run_after=None
[2026-09-17T00:59:05.170+0000] {processor.py:179} INFO - Processing /home/vscode/.local/lib/python3.10/site-packages/airflow/example_dags/example_subdag_operator.py took 0.094 seconds
[2026-09-17T00:59:33.987+0000] {processor.py:157} INFO - Started process (PID=24377) to work on /home/vscode/.local/lib/python3.10/site-packages/airflow/example_dags/example_subdag_operator.py
[2026-09-17T00:59:33.988+0000] {processor.py:826} INFO - Processing file /home/vscode/.local/lib/python3.10/site-packages/airflow/example_dags/example_subdag_operator.py for tasks to queue
[2026-09-17T00:59:33.991+0000] {logging_mixin.py:150} INFO - [2026-09-17T00:59:33.988+0000] {dagbag.py:541} INFO - Filling up the DagBag from /home/vscode/.local/lib/python3.10/site-packages/airflow/example_dags/example_subdag_operator.py
[2026-09-17T00:59:34.022+0000] {processor.py:836} INFO - DAG(s) dict_keys(['example_subdag_operator.section-1', 'example_subdag_operator.section-2', 'example_subdag_operator']) retrieved from /home/vscode/.local/lib/python3.10/site-packages/airflow/example_dags/example_subdag_operator.py
[2026-09-17T00:59:34.038+0000] {logging_mixin.py:150} INFO - [2026-09-17T00:59:34.038+0000] {dag.py:2742} INFO - Sync 3 DAGs
[2026-09-17T00:59:34.062+0000] {logging_mixin.py:150} INFO - [2026-09-17T00:59:34.061+0000] {dag.py:3504} INFO - Setting next_dagrun for example_subdag_operator to 2022-01-01T00:00:00+00:00, run_after=2022-01-01T00:00:00+00:00
[2026-09-17T00:59:34.066+0000] {logging_mixin.py:150} INFO - [2026-09-17T00:59:34.066+0000] {dag.py:3504} INFO - Setting next_dagrun for example_subdag_operator.section-1 to None, run_after=None
[2026-09-17T00:59:34.067+0000] {logging_mixin.py:150} INFO - [2026-09-17T00:59:34.067+0000] {dag.py:3504} INFO - Setting next_dagrun for example_subdag_operator.section-2 to None, run_after=None
[2026-09-17T00:59:34.073+0000] {logging_mixin.py:150} INFO - [2026-09-17T00:59:34.073+0000] {dag.py:2742} INFO - Sync 2 DAGs
[2026-09-17T00:59:34.077+0000] {logging_mixin.py:150} INFO - [2026-09-17T00:59:34.077+0000] {dag.py:3504} INFO - Setting next_dagrun for example_subdag_operator.section-1 to None, run_after=None
[2026-09-17T00:59:34.078+0000] {logging_mixin.py:150} INFO - [2026-09-17T00:59:34.078+0000] {dag.py:3504} INFO - Setting next_dagrun for example_subdag_operator.section-2 to None, run_after=None
[2026-09-17T00:59:34.095+0000] {processor.py:179} INFO - Processing /home/vscode/.local/lib/python3.10/site-packages/airflow/example_dags/example_subdag_operator.py took 0.116 seconds
[2026-09-17T00:59:43.849+0000] {processor.py:157} INFO - Started process (PID=24535) to work on /home/vscode/.local/lib/python3.10/site-packages/airflow/example_dags/example_subdag_operator.py
[2026-09-17T00:59:43.849+0000] {processor.py:826} INFO - Processing file /home/vscode/.local/lib/python3.10/site-packages/airflow/example_dags/example_subdag_operator.py for tasks to queue
[2026-09-17T00:59:43.850+0000] {logging_mixin.py:150} INFO - [2026-09-17T00:59:43.850+0000] {dagbag.py:541} INFO - Filling up the DagBag from /home/vscode/.local/lib/python3.10/site-packages/airflow/example_dags/example_subdag_operator.py
[2026-09-17T00:59:43.866+0000] {processor.py:836} INFO - DAG(s) dict_keys(['example_subdag_operator.section-1', 'example_subdag_operator.section-2', 'example_subdag_operator']) retrieved from /home/vscode/.local/lib/python3.10/site-packages/airflow/example_dags/example_subdag_operator.py
[2026-09-17T00:59:43.877+0000] {logging_mixin.py:150} INFO - [2026-09-17T00:59:43.877+0000] {dag.py:2742} INFO - Sync 3 DAGs
[2026-09-17T00:59:43.896+0000] {logging_mixin.py:150} INFO - [2026-09-17T00:59:43.896+0000] {dag.py:3504} INFO - Setting next_dagrun for example_subdag_operator to 2022-01-01T00:00:00+00:00, run_after=2022-01-01T00:00:00+00:00
[2026-09-17T00:59:43.899+0000] {logging_mixin.py:150} INFO - [2026-09-17T00:59:43.899+0000] {dag.py:3504} INFO - Setting next_dagrun for example_subdag_operator.section-1 to None, run_after=None
[2026-09-17T00:59:43.900+0000] {logging_mixin.py:150} INFO - [2026-09-17T00:59:43.900+0000] {dag.py:3504} INFO - Setting next_dagrun for example_subdag_operator.section-2 to None, run_after=None
[2026-09-17T00:59:43.905+0000] {logging_mixin.py:150} INFO - [2026-09-17T00:59:43.905+0000] {dag.py:2742} INFO - Sync 2 DAGs
[2026-09-17T00:59:43.908+0000] {logging_mixin.py:150} INFO - [2026-09-17T00:59:43.908+0000] {dag.py:3504} INFO - Setting next_dagrun for example_subdag_operator.section-1 to None, run_after=None
[2026-09-17T00:59:43.908+0000] {logging_mixin.py:150} INFO - [2026-09-17T00:59:43.908+0000] {dag.py:3504} INFO - Setting next_dagrun for example_subdag_operator.section-2 to None, run_after=None
[2026-09-17T00:59:43.920+0000] {processor.py:179} INFO - Processing /home/vscode/.local/lib/python3.10/site-packages/airflow/example_dags/example_subdag_operator.py took 0.073 seconds
[2026-09-17T01:00:25.755+0000] {processor.py:157} INFO - Started process (PID=25172) to work on /home/vscode/.local/lib/python3.10/site-packages/airflow/example_dags/example_subdag_operator.py
[2026-09-17T01:00:25.756+0000] {processor.py:826} INFO - Processing file /home/vscode/.local/lib/python3.10/site-packages/airflow/example_dags/example_subdag_operator.py for tasks to queue
[2026-09-17T01:00:25.757+0000] {logging_mixin.py:150} INFO - [2026-09-17T01:00:25.756+0000] {dagbag.py:541} INFO - Filling up the DagBag from /home/vscode/.local/lib/python3.10/site-packages/airflow/example_dags/example_subdag_operator.py
[2026-09-17T01:00:25.784+0000] {processor.py:836} INFO - DAG(s) dict_keys(['example_subdag_operator.section-1', 'example_subdag_operator.section-2', 'example_subdag_operator']) retrieved from /home/vscode/.local/lib/python3.10/site-packages/airflow/example_dags/example_subdag_operator.py
[2026-09-17T01:00:25.807+0000] {logging_mixin.py:150} INFO - [2026-09-17T01:00:25.806+0000] {dag.py:2742} INFO - Sync 3 DAGs
[2026-09-17T01:00:25.839+0000] {logging_mixin.py:150} INFO - [2026-09-17T01:00:25.839+0000] {dag.py:3504} INFO - Setting next_dagrun for example_subdag_operator to 2022-01-01T00:00:00+00:00, run_after=2022-01-01T00:00:00+00:00
[2026-09-17T01:00:25.844+0000] {logging_mixin.py:150} INFO - [2026-09-17T01:00:25.844+0000] {dag.py:3504} INFO - Setting next_dagrun for example_subdag_operator.section-1 to None, run_after=None
[2026-09-17T01:00:25.845+0000] {logging_mixin.py:150} INFO - [2026-09-17T01:00:25.845+0000] {dag.py:3504} INFO - Setting next_dagrun for example_subdag_operator.section-2 to None, run_after=None
[2026-09-17T01:00:25.852+0000] {logging_mixin.py:150} INFO - [2026-09-17T01:00:25.852+0000] {dag.py:2742} INFO - Sync 2 DAGs
[2026-09-17T01:00:25.865+0000] {logging_mixin.py:150} INFO - [2026-09-17T01:00:25.864+0000] {dag.py:3504} INFO - Setting next_dagrun for example_subdag_operator.section-1 to None, run_after=None
[2026-09-17T01:00:25.865+0000] {logging_mixin.py:150} INFO - [2026-09-17T01:00:25.865+0000] {dag.py:3504} INFO - Setting next_dagrun for example_subdag_operator.section-2 to None, run_after=None
[2026-09-17T01:00:25.909+0000] {processor.py:179} INFO - Processing /home/vscode/.local/lib/python3.10/site-packages/airflow/example_dags/example_subdag_operator.py took 0.157 seconds
[2026-09-17T01:00:34.628+0000] {processor.py:157} INFO - Started process (PID=25267) to work on /home/vscode/.local/lib/python3.10/site-packages/airflow/example_dags/example_subdag_operator.py
[2026-09-17T01:00:34.629+0000] {processor.py:826} INFO - Processing file /home/vscode/.local/lib/python3.10/site-packages/airflow/example_dags/example_subdag_operator.py for tasks to queue
[2026-09-17T01:00:34.629+0000] {logging_mixin.py:150} INFO - [2026-09-17T01:00:34.629+0000] {dagbag.py:541} INFO - Filling up the DagBag from /home/vscode/.local/lib/python3.10/site-packages/airflow/example_dags/example_subdag_operator.py
[2026-09-17T01:00:34.646+0000] {processor.py:836} INFO - DAG(s) dict_keys(['example_subdag_operator.section-1', 'example_subdag_operator.section-2', 'example_subdag_operator']) retrieved from /home/vscode/.local/lib/python3.10/site-packages/airflow/example_dags/example_subdag_operator.py
[2026-09-17T01:00:34.660+0000] {logging_mixin.py:150} INFO - [2026-09-17T01:00:34.659+0000] {dag.py:2742} INFO - Sync 3 DAGs
[2026-09-17T01:00:34.674+0000] {logging_mixin.py:150} INFO - [2026-09-17T01:00:34.674+0000] {dag.py:3504} INFO - Setting next_dagrun for example_subdag_operator to 2022-01-01T00:00:00+00:00, run_after=2022-01-01T00:00:00+00:00
[2026-09-17T01:00:34.676+0000] {logging_mixin.py:150} INFO - [2026-09-17T01:00:34.676+0000] {dag.py:3504} INFO - Setting next_dagrun for example_subdag_operator.section-1 to None, run_after=None
[2026-09-17T01:00:34.676+0000] {logging_mixin.py:150} INFO - [2026-09-17T01:00:34.676+0000] {dag.py:3504} INFO - Setting next_dagrun for example_subdag_operator.section-2 to None, run_after=None
[2026-09-17T01:00:34.681+0000] {logging_mixin.py:150} INFO - [2026-09-17T01:00:34.681+0000] {dag.py:2742} INFO - Sync 2 DAGs
[2026-09-17T01:00:34.685+0000] {logging_mixin.py:150} INFO - [2026-09-17T01:00:34.685+0000] {dag.py:3504} INFO - Setting next_dagrun for example_subdag_operator.section-1 to None, run_after=None
[2026-09-17T01:00:34.685+0000] {logging_mixin.py:150} INFO - [2026-09-17T01:00:34.685+0000] {dag.py:3504} INFO - Setting next_dagrun for example_subdag_operator.section-2 to None, run_after=None
[2026-09-17T01:00:34.699+0000] {processor.py:179} INFO - Processing /home/vscode/.local/lib/python3.10/site-packages/airflow/example_dags/example_subdag_operator.py took 0.074 seconds
[2026-09-17T01:01:18.562+0000] {processor.py:157} INFO - Started process (PID=25662) to work on /home/vscode/.local/lib/python3.10/site-packages/airflow/example_dags/example_subdag_operator.py
[2026-09-17T01:01:18.562+0000] {processor.py:826} INFO - Processing file /home/vscode/.local/lib/python3.10/site-packages/airflow/example_dags/example_subdag_operator.py for tasks to queue
[2026-09-17T01:01:18.563+0000] {logging_mixin.py:150} INFO - [2026-09-17T01:01:18.563+0000] {dagbag.py:541} INFO - Filling up the DagBag from /home/vscode/.local/lib/python3.10/site-packages/airflow/example_dags/example_subdag_operator.py
[2026-09-17T01:01:18.579+0000] {processor.py:836} INFO - DAG(s) dict_keys(['example_subdag_operator.section-1', 'example_subdag_operator.section-2', 'example_subdag_operator']) retrieved from /home/vscode/.local/lib/python3.10/site-packages/airflow/example_dags/example_subdag_operator.py
[2026-09-17T01:01:18.600+0000] {logging_mixin.py:150} INFO - [2026-09-17T01:01:18.600+0000] {dag.py:2742} INFO - Sync 3 DAGs
[2026-09-17T01:01:18.621+0000] {logging_mixin.py:150} INFO - [2026-09-17T01:01:18.621+0000] {dag.py:3504} INFO - Setting next_dagrun for example_subdag_operator to 2022-01-01T00:00:00+00:00, run_after=2022-01-01T00:00:00+00:00
[2026-09-17T01:01:18.624+0000] {logging_mixin.py:150} INFO - [2026-09-17T01:01:18.624+0000] {dag.py:3504} INFO - Setting next_dagrun for example_subdag_operator.section-1 to None, run_after=None
[2026-09-17T01:01:18.625+0000] {logging_mixin.py:150} INFO - [2026-09-17T01:01:18.625+0000] {dag.py:3504} INFO - Setting next_dagrun for example_subdag_operator.section-2 to None, run_after=None
[2026-09-17T01:01:18.632+0000] {logging_mixin.py:150} INFO - [2026-09-17T01:01:18.632+0000] {dag.py:2742} INFO - Sync 2 DAGs
[2026-09-17T01:01:18.636+0000] {logging_mixin.py:150} INFO - [2026-09-17T01:01:18.636+0000] {dag.py:3504} INFO - Setting next_dagrun for example_subdag_operator.section-1 to None, run_after=None
[2026-09-17T01:01:18.636+0000] {logging_mixin.py:150} INFO - [2026-09-17T01:01:18.636+0000] {dag.py:3504} INFO - Setting next_dagrun for example_subdag_operator.section-2 to None, run_after=None
[2026-09-17T01:01:18.650+0000] {processor.py:179} INFO - Processing /home/vscode/.local/lib/python3.10/site-packages/airflow/example_dags/example_subdag_operator.py took 0.091 seconds
[2026-09-17T01:01:24.799+0000] {processor.py:157} INFO - Started process (PID=25715) to work on /home/vscode/.local/lib/python3.10/site-packages/airflow/example_dags/example_subdag_operator.py
[2026-09-17T01:01:24.800+0000] {processor.py:826} INFO - Processing file /home/vscode/.local/lib/python3.10/site-packages/airflow/example_dags/example_subdag_operator.py for tasks to queue
[2026-09-17T01:01:24.800+0000] {logging_mixin.py:150} INFO - [2026-09-17T01:01:24.800+0000] {dagbag.py:541} INFO - Filling up the DagBag from /home/vscode/.local/lib/python3.10/site-packages/airflow/example_dags/example_subdag_operator.py
[2026-09-17T01:01:24.816+0000] {processor.py:836} INFO - DAG(s) dict_keys(['example_subdag_operator.section-1', 'example_subdag_operator.section-2', 'example_subdag_operator']) retrieved from /home/vscode/.local/lib/python3.10/site-packages/airflow/example_dags/example_subdag_operator.py
[2026-09-17T01:01:24.827+0000] {logging_mixin.py:150} INFO - [2026-09-17T01:01:24.827+0000] {dag.py:2742} INFO - Sync 3 DAGs
[2026-09-17T01:01:24.841+0000] {logging_mixin.py:150} INFO - [2026-09-17T01:01:24.841+0000] {dag.py:3504} INFO - Setting next_dagrun for example_subdag_operator to 2022-01-01T00:00:00+00:00, run_after=2022-01-01T00:00:00+00:00
[2026-09-17T01:01:24.843+0000] {logging_mixin.py:150} INFO - [2026-09-17T01:01:24.843+0000] {dag.py:3504} INFO - Setting next_dagrun for example_subdag_operator.section-1 to None, run_after=None
[2026-09-17T01:01:24.844+0000] {logging_mixin.py:150} INFO - [2026-09-17T01:01:24.844+0000] {dag.py:3504} INFO - Setting next_dagrun for example_subdag_operator.section-2 to None, run_after=None
[2026-09-17T01:01:24.848+0000] {logging_mixin.py:150} INFO - [2026-09-17T01:01:24.848+0000] {dag.py:2742} INFO - Sync 2 DAGs
[2026-09-17T01:01:24.851+0000] {logging_mixin.py:150} INFO - [2026-09-17T01:01:24.851+0000] {dag.py:3504} INFO - Setting next_dagrun for example_subdag_operator.section-1 to None, run_after=None
[2026-09-17T01:01:24.851+0000] {logging_mixin.py:150} INFO - [2026-09-17T01:01:24.851+0000] {dag.py:3504} INFO - Setting next_dagrun for example_subdag_operator.section-2 to None, run_after=None
[2026-09-17T01:01:24.866+0000] {processor.py:179} INFO - Processing /home/vscode/.local/lib/python3.10/site-packages/airflow/example_dags/example_subdag_operator.py took 0.069 seconds
[2026-09-17T01:02:09.151+0000] {processor.py:157} INFO - Started process (PID=26077) to work on /home/vscode/.local/lib/python3.10/site-packages/airflow/example_dags/example_subdag_operator.py
[2026-09-17T01:02:09.152+0000] {processor.py:826} INFO - Processing file /home/vscode/.local/lib/python3.10/site-packages/airflow/example_dags/example_subdag_operator.py for tasks to queue
[2026-09-17T01:02:09.152+0000] {logging_mixin.py:150} INFO - [2026-09-17T01:02:09.152+0000] {dagbag.py:541} INFO - Filling up the DagBag from /home/vscode/.local/lib/python3.10/site-packages/airflow/example_dags/example_subdag_operator.py
[2026-09-17T01:02:09.168+0000] {processor.py:836} INFO - DAG(s) dict_keys(['example_subdag_operator.section-1', 'example_subdag_operator.section-2', 'example_subdag_operator']) retrieved from /home/vscode/.local/lib/python3.10/site-packages/airflow/example_dags/example_subdag_operator.py
[2026-09-17T01:02:09.179+0000] {logging_mixin.py:150} INFO - [2026-09-17T01:02:09.179+0000] {dag.py:2742} INFO - Sync 3 DAGs
[2026-09-17T01:02:09.194+0000] {logging_mixin.py:150} INFO - [2026-09-17T01:02:09.194+0000] {dag.py:3504} INFO - Setting next_dagrun for example_subdag_operator to 2022-01-01T00:00:00+00:00, run_after=2022-01-01T00:00:00+00:00
[2026-09-17T01:02:09.197+0000] {logging_mixin.py:150} INFO - [2026-09-17T01:02:09.197+0000] {dag.py:3504} INFO - Setting next_dagrun for example_subdag_operator.section-1 to None, run_after=None
[2026-09-17T01:02:09.198+0000] {logging_mixin.py:150} INFO - [2026-09-17T01:02:09.198+0000] {dag.py:3504} INFO - Setting next_dagrun for example_subdag_operator.section-2 to None, run_after=None
[2026-09-17T01:02:09.202+0000] {logging_mixin.py:150} INFO - [2026-09-17T01:02:09.202+0000] {dag.py:2742} INFO - Sync 2 DAGs
[2026-09-17T01:02:09.205+0000] {logging_mixin.py:150} INFO - [2026-09-17T01:02:09.205+0000] {dag.py:3504} INFO - Setting next_dagrun for example_subdag_operator.section-1 to None, run_after=None
[2026-09-17T01:02:09.205+0000] {logging_mixin.py:150} INFO - [2026-09-17T01:02:09.205+0000] {dag.py:3504} INFO - Setting next_dagrun for example_subdag_operator.section-2 to None, run_after=None
[2026-09-17T01:02:09.216+0000] {processor.py:179} INFO - Processing /home/vscode/.local/lib/python3.10/site-packages/airflow/example_dags/example_subdag_operator.py took 0.068 seconds
[2026-09-17T01:02:11.209+0000] {processor.py:157} INFO - Started process (PID=26088) to work on /home/vscode/.local/lib/python3.10/site-packages/airflow/example_dags/example_subdag_operator.py
[2026-09-17T01:02:11.209+0000] {processor.py:826} INFO - Processing file /home/vscode/.local/lib/python3.10/site-packages/airflow/example_dags/example_subdag_operator.py for tasks to queue
[2026-09-17T01:02:11.210+0000] {logging_mixin.py:150} INFO - [2026-09-17T01:02:11.210+0000] {dagbag.py:541} INFO - Filling up the DagBag from /home/vscode/.local/lib/python3.10/site-packages/airflow/example_dags/example_subdag_operator.py
[2026-09-17T01:02:11.225+0000] {processor.py:836} INFO - DAG(s) dict_keys(['example_subdag_operator.section-1', 'example_subdag_operator.section-2', 'example_subdag_operator']) retrieved from /home/vscode/.local/lib/python3.10/site-packages/airflow/example_dags/example_subdag_operator.py
[2026-09-17T01:02:11.237+0000] {logging_mixin.py:150} INFO - [2026-09-17T01:02:11.237+0000] {dag.py:2742} INFO - Sync 3 DAGs
[2026-09-17T01:02:11.251+0000] {logging_mixin.py:150} INFO - [2026-09-17T01:02:11.251+0000] {dag.py:3504} INFO - Setting next_dagrun for example_subdag_operator to 2022-01-01T00:00:00+00:00, run_after=2022-01-01T00:00:00+00:00
[2026-09-17T01:02:11.253+0000] {logging_mixin.py:150} INFO - [2026-09-17T01:02:11.253+0000] {dag.py:3504} INFO - Setting next_dagrun for example_subdag_operator.section-1 to None, run_after=None
[2026-09-17T01:02:11.253+0000] {logging_mixin.py:150} INFO - [2026-09-17T01:02:11.253+0000] {dag.py:3504} INFO - Setting next_dagrun for example_subdag_operator.section-2 to None, run_after=None
[2026-09-17T01:02:11.258+0000] {logging_mixin.py:150} INFO - [2026-09-17T01:02:11.258+0000] {dag.py:2742} INFO - Sync 2 DAGs
[2026-09-17T01:02:11.260+0000] {logging_mixin.py:150} INFO - [2026-09-17T01:02:11.260+0000] {dag.py:3504} INFO - Setting next_dagrun for example_subdag_operator.section-1 to None, run_after=None
[2026-09-17T01:02:11.261+0000] {logging_mixin.py:150} INFO - [2026-09-17T01:02:11.261+0000] {dag.py:3504} INFO - Setting next_dagrun for example_subdag_operator.section-2 to None, run_after=None
[2026-09-17T01:02:11.272+0000] {processor.py:179} INFO - Processing /home/vscode/.local/lib/python3.10/site-packages/airflow/example_dags/example_subdag_operator.py took 0.066 seconds
[2026-09-17T01:02:54.857+0000] {processor.py:157} INFO - Started process (PID=26468) to work on /home/vscode/.local/lib/python3.10/site-packages/airflow/example_dags/example_subdag_operator.py
[2026-09-17T01:02:54.858+0000] {processor.py:826} INFO - Processing file /home/vscode/.local/lib/python3.10/site-packages/airflow/example_dags/example_subdag_operator.py for tasks to queue
[2026-09-17T01:02:54.859+0000] {logging_mixin.py:150} INFO - [2026-09-17T01:02:54.859+0000] {dagbag.py:541} INFO - Filling up the DagBag from /home/vscode/.local/lib/python3.10/site-packages/airflow/example_dags/example_subdag_operator.py
[2026-09-17T01:02:54.876+0000] {processor.py:836} INFO - DAG(s) dict_keys(['example_subdag_operator.section-1', 'example_subdag_operator.section-2', 'example_subdag_operator']) retrieved from /home/vscode/.local/lib/python3.10/site-packages/airflow/example_dags/example_subdag_operator.py
[2026-09-17T01:02:54.891+0000] {logging_mixin.py:150} INFO - [2026-09-17T01:02:54.890+0000] {dag.py:2742} INFO - Sync 3 DAGs
[2026-09-17T01:02:54.910+0000] {logging_mixin.py:150} INFO - [2026-09-17T01:02:54.910+0000] {dag.py:3504} INFO - Setting next_dagrun for example_subdag_operator to 2022-01-01T00:00:00+00:00, run_after=2022-01-01T00:00:00+00:00
[2026-09-17T01:02:54.913+0000] {logging_mixin.py:150} INFO - [2026-09-17T01:02:54.913+0000] {dag.py:3504} INFO - Setting next_dagrun for example_subdag_operator.section-1 to None, run_after=None
[2026-09-17T01:02:54.914+0000] {logging_mixin.py:150} INFO - [2026-09-17T01:02:54.913+0000] {dag.py:3504} INFO - Setting next_dagrun for example_subdag_operator.section-2 to None, run_after=None
[2026-09-17T01:02:54.919+0000] {logging_mixin.py:150} INFO - [2026-09-17T01:02:54.919+0000] {dag.py:2742} INFO - Sync 2 DAGs
[2026-09-17T01:02:54.924+0000] {logging_mixin.py:150} INFO - [2026-09-17T01:02:54.923+0000] {dag.py:3504} INFO - Setting next_dagrun for example_subdag_operator.section-1 to None, run_after=None
[2026-09-17T01:02:54.924+0000] {logging_mixin.py:150} INFO - [2026-09-17T01:02:54.924+0000] {dag.py:3504} INFO - Setting next_dagrun for example_subdag_operator.section-2 to None, run_after=None
[2026-09-17T01:02:54.951+0000] {processor.py:179} INFO - Processing /home/vscode/.local/lib/python3.10/site-packages/airflow/example_dags/example_subdag_operator.py took 0.097 seconds
[2026-09-17T01:03:05.279+0000] {processor.py:157} INFO - Started process (PID=26557) to work on /home/vscode/.local/lib/python3.10/site-packages/airflow/example_dags/example_subdag_operator.py
[2026-09-17T01:03:05.280+0000] {processor.py:826} INFO - Processing file /home/vscode/.local/lib/python3.10/site-packages/airflow/example_dags/example_subdag_operator.py for tasks to queue
[2026-09-17T01:03:05.281+0000] {logging_mixin.py:150} INFO - [2026-09-17T01:03:05.281+0000] {dagbag.py:541} INFO - Filling up the DagBag from /home/vscode/.local/lib/python3.10/site-packages/airflow/example_dags/example_subdag_operator.py
[2026-09-17T01:03:05.301+0000] {processor.py:836} INFO - DAG(s) dict_keys(['example_subdag_operator.section-1', 'example_subdag_operator.section-2', 'example_subdag_operator']) retrieved from /home/vscode/.local/lib/python3.10/site-packages/airflow/example_dags/example_subdag_operator.py
[2026-09-17T01:03:05.313+0000] {logging_mixin.py:150} INFO - [2026-09-17T01:03:05.313+0000] {dag.py:2742} INFO - Sync 3 DAGs
[2026-09-17T01:03:05.331+0000] {logging_mixin.py:150} INFO - [2026-09-17T01:03:05.331+0000] {dag.py:3504} INFO - Setting next_dagrun for example_subdag_operator to 2022-01-01T00:00:00+00:00, run_after=2022-01-01T00:00:00+00:00
[2026-09-17T01:03:05.334+0000] {logging_mixin.py:150} INFO - [2026-09-17T01:03:05.333+0000] {dag.py:3504} INFO - Setting next_dagrun for example_subdag_operator.section-1 to None, run_after=None
[2026-09-17T01:03:05.334+0000] {logging_mixin.py:150} INFO - [2026-09-17T01:03:05.334+0000] {dag.py:3504} INFO - Setting next_dagrun for example_subdag_operator.section-2 to None, run_after=None
[2026-09-17T01:03:05.340+0000] {logging_mixin.py:150} INFO - [2026-09-17T01:03:05.340+0000] {dag.py:2742} INFO - Sync 2 DAGs
[2026-09-17T01:03:05.344+0000] {logging_mixin.py:150} INFO - [2026-09-17T01:03:05.344+0000] {dag.py:3504} INFO - Setting next_dagrun for example_subdag_operator.section-1 to None, run_after=None
[2026-09-17T01:03:05.345+0000] {logging_mixin.py:150} INFO - [2026-09-17T01:03:05.345+0000] {dag.py:3504} INFO - Setting next_dagrun for example_subdag_operator.section-2 to None, run_after=None
[2026-09-17T01:03:05.362+0000] {processor.py:179} INFO - Processing /home/vscode/.local/lib/python3.10/site-packages/airflow/example_dags/example_subdag_operator.py took 0.085 seconds
[2026-09-17T01:03:42.883+0000] {processor.py:157} INFO - Started process (PID=26883) to work on /home/vscode/.local/lib/python3.10/site-packages/airflow/example_dags/example_subdag_operator.py
[2026-09-17T01:03:42.884+0000] {processor.py:826} INFO - Processing file /home/vscode/.local/lib/python3.10/site-packages/airflow/example_dags/example_subdag_operator.py for tasks to queue
[2026-09-17T01:03:42.885+0000] {logging_mixin.py:150} INFO - [2026-09-17T01:03:42.885+0000] {dagbag.py:541} INFO - Filling up the DagBag from /home/vscode/.local/lib/python3.10/site-packages/airflow/example_dags/example_subdag_operator.py
[2026-09-17T01:03:42.905+0000] {processor.py:836} INFO - DAG(s) dict_keys(['example_subdag_operator.section-1', 'example_subdag_operator.section-2', 'example_subdag_operator']) retrieved from /home/vscode/.local/lib/python3.10/site-packages/airflow/example_dags/example_subdag_operator.py
[2026-09-17T01:03:42.918+0000] {logging_mixin.py:150} INFO - [2026-09-17T01:03:42.918+0000] {dag.py:2742} INFO - Sync 3 DAGs
[2026-09-17T01:03:42.934+0000] {logging_mixin.py:150} INFO - [2026-09-17T01:03:42.933+0000] {dag.py:3504} INFO - Setting next_dagrun for example_subdag_operator to 2022-01-01T00:00:00+00:00, run_after=2022-01-01T00:00:00+00:00
[2026-09-17T01:03:42.936+0000] {logging_mixin.py:150} INFO - [2026-09-17T01:03:42.936+0000] {dag.py:3504} INFO - Setting next_dagrun for example_subdag_operator.section-1 to None, run_after=None
[2026-09-17T01:03:42.937+0000] {logging_mixin.py:150} INFO - [2026-09-17T01:03:42.937+0000] {dag.py:3504} INFO - Setting next_dagrun for example_subdag_operator.section-2 to None, run_after=None
[2026-09-17T01:03:42.942+0000] {logging_mixin.py:150} INFO - [2026-09-17T01:03:42.942+0000] {dag.py:2742} INFO - Sync 2 DAGs
[2026-09-17T01:03:42.945+0000] {logging_mixin.py:150} INFO - [2026-09-17T01:03:42.945+0000] {dag.py:3504} INFO - Setting next_dagrun for example_subdag_operator.section-1 to None, run_after=None
[2026-09-17T01:03:42.945+0000] {logging_mixin.py:150} INFO - [2026-09-17T01:03:42.945+0000] {dag.py:3504} INFO - Setting next_dagrun for example_subdag_operator.section-2 to None, run_after=None
[2026-09-17T01:03:42.957+0000] {processor.py:179} INFO - Processing /home/vscode/.local/lib/python3.10/site-packages/airflow/example_dags/example_subdag_operator.py took 0.076 seconds
[2026-09-17T01:03:54.441+0000] {processor.py:157} INFO - Started process (PID=26981) to work on /home/vscode/.local/lib/python3.10/site-packages/airflow/example_dags/example_subdag_operator.py
[2026-09-17T01:03:54.442+0000] {processor.py:826} INFO - Processing file /home/vscode/.local/lib/python3.10/site-packages/airflow/example_dags/example_subdag_operator.py for tasks to queue
[2026-09-17T01:03:54.442+0000] {logging_mixin.py:150} INFO - [2026-09-17T01:03:54.442+0000] {dagbag.py:541} INFO - Filling up the DagBag from /home/vscode/.local/lib/python3.10/site-packages/airflow/example_dags/example_subdag_operator.py
[2026-09-17T01:03:54.459+0000] {processor.py:836} INFO - DAG(s) dict_keys(['example_subdag_operator.section-1', 'example_subdag_operator.section-2', 'example_subdag_operator']) retrieved from /home/vscode/.local/lib/python3.10/site-packages/airflow/example_dags/example_subdag_operator.py
[2026-09-17T01:03:54.471+0000] {logging_mixin.py:150} INFO - [2026-09-17T01:03:54.471+0000] {dag.py:2742} INFO - Sync 3 DAGs
[2026-09-17T01:03:54.487+0000] {logging_mixin.py:150} INFO - [2026-09-17T01:03:54.487+0000] {dag.py:3504} INFO - Setting next_dagrun for example_subdag_operator to 2022-01-01T00:00:00+00:00, run_after=2022-01-01T00:00:00+00:00
[2026-09-17T01:03:54.490+0000] {logging_mixin.py:150} INFO - [2026-09-17T01:03:54.489+0000] {dag.py:3504} INFO - Setting next_dagrun for example_subdag_operator.section-1 to None, run_after=None
[2026-09-17T01:03:54.490+0000] {logging_mixin.py:150} INFO - [2026-09-17T01:03:54.490+0000] {dag.py:3504} INFO - Setting next_dagrun for example_subdag_operator.section-2 to None, run_after=None
[2026-09-17T01:03:54.496+0000] {logging_mixin.py:150} INFO - [2026-09-17T01:03:54.496+0000] {dag.py:2742} INFO - Sync 2 DAGs
[2026-09-17T01:03:54.499+0000] {logging_mixin.py:150} INFO - [2026-09-17T01:03:54.499+0000] {dag.py:3504} INFO - Setting next_dagrun for example_subdag_operator.section-1 to None, run_after=None
[2026-09-17T01:03:54.500+0000] {logging_mixin.py:150} INFO - [2026-09-17T01:03:54.500+0000] {dag.py:3504} INFO - Setting next_dagrun for example_subdag_operator.section-2 to None, run_after=None
[2026-09-17T01:03:54.511+0000] {processor.py:179} INFO - Processing /home/vscode/.local/lib/python3.10/site-packages/airflow/example_dags/example_subdag_operator.py took 0.072 seconds
[2026-09-17T01:04:37.084+0000] {processor.py:157} INFO - Started process (PID=27333) to work on /home/vscode/.local/lib/python3.10/site-packages/airflow/example_dags/example_subdag_operator.py
[2026-09-17T01:04:37.085+0000] {processor.py:826} INFO - Processing file /home/vscode/.local/lib/python3.10/site-packages/airflow/example_dags/example_subdag_operator.py for tasks to queue
[2026-09-17T01:04:37.085+0000] {logging_mixin.py:150} INFO - [2026-09-17T01:04:37.085+0000] {dagbag.py:541} INFO - Filling up the DagBag from /home/vscode/.local/lib/python3.10/site-packages/airflow/example_dags/example_subdag_operator.py
[2026-09-17T01:04:37.106+0000] {processor.py:836} INFO - DAG(s) dict_keys(['example_subdag_operator.section-1', 'example_subdag_operator.section-2', 'example_subdag_operator']) retrieved from /home/vscode/.local/lib/python3.10/site-packages/airflow/example_dags/example_subdag_operator.py
[2026-09-17T01:04:37.117+0000] {logging_mixin.py:150} INFO - [2026-09-17T01:04:37.117+0000] {dag.py:2742} INFO - Sync 3 DAGs
[2026-09-17T01:04:37.132+0000] {logging_mixin.py:150} INFO - [2026-09-17T01:04:37.131+0000] {dag.py:3504} INFO - Setting next_dagrun for example_subdag_operator to 2022-01-01T00:00:00+00:00, run_after=2022-01-01T00:00:00+00:00
[2026-09-17T01:04:37.134+0000] {logging_mixin.py:150} INFO - [2026-09-17T01:04:37.134+0000] {dag.py:3504} INFO - Setting next_dagrun for example_subdag_operator.section-1 to None, run_after=None
[2026-09-17T01:04:37.134+0000] {logging_mixin.py:150} INFO - [2026-09-17T01:04:37.134+0000] {dag.py:3504} INFO - Setting next_dagrun for example_subdag_operator.section-2 to None, run_after=None
[2026-09-17T01:04:37.139+0000] {logging_mixin.py:150} INFO - [2026-09-17T01:04:37.139+0000] {dag.py:2742} INFO - Sync 2 DAGs
[2026-09-17T01:04:37.142+0000] {logging_mixin.py:150} INFO - [2026-09-17T01:04:37.142+0000] {dag.py:3504} INFO - Setting next_dagrun for example_subdag_operator.section-1 to None, run_after=None
[2026-09-17T01:04:37.142+0000] {logging_mixin.py:150} INFO - [2026-09-17T01:04:37.142+0000] {dag.py:3504} INFO - Setting next_dagrun for example_subdag_operator.section-2 to None, run_after=None
[2026-09-17T01:04:37.156+0000] {processor.py:179} INFO - Processing /home/vscode/.local/lib/python3.10/site-packages/airflow/example_dags/example_subdag_operator.py took 0.078 seconds
[2026-09-17T01:04:43.764+0000] {processor.py:157} INFO - Started process (PID=27389) to work on /home/vscode/.local/lib/python3.10/site-packages/airflow/example_dags/example_subdag_operator.py
[2026-09-17T01:04:43.765+0000] {processor.py:826} INFO - Processing file /home/vscode/.local/lib/python3.10/site-packages/airflow/example_dags/example_subdag_operator.py for tasks to queue
[2026-09-17T01:04:43.765+0000] {logging_mixin.py:150} INFO - [2026-09-17T01:04:43.765+0000] {dagbag.py:541} INFO - Filling up the DagBag from /home/vscode/.local/lib/python3.10/site-packages/airflow/example_dags/example_subdag_operator.py
[2026-09-17T01:04:43.781+0000] {processor.py:836} INFO - DAG(s) dict_keys(['example_subdag_operator.section-1', 'example_subdag_operator.section-2', 'example_subdag_operator']) retrieved from /home/vscode/.local/lib/python3.10/site-packages/airflow/example_dags/example_subdag_operator.py
[2026-09-17T01:04:43.797+0000] {logging_mixin.py:150} INFO - [2026-09-17T01:04:43.797+0000] {dag.py:2742} INFO - Sync 3 DAGs
[2026-09-17T01:04:43.816+0000] {logging_mixin.py:150} INFO - [2026-09-17T01:04:43.816+0000] {dag.py:3504} INFO - Setting next_dagrun for example_subdag_operator to 2022-01-01T00:00:00+00:00, run_after=2022-01-01T00:00:00+00:00
[2026-09-17T01:04:43.819+0000] {logging_mixin.py:150} INFO - [2026-09-17T01:04:43.819+0000] {dag.py:3504} INFO - Setting next_dagrun for example_subdag_operator.section-1 to None, run_after=None
[2026-09-17T01:04:43.820+0000] {logging_mixin.py:150} INFO - [2026-09-17T01:04:43.820+0000] {dag.py:3504} INFO - Setting next_dagrun for example_subdag_operator.section-2 to None, run_after=None
[2026-09-17T01:04:43.827+0000] {logging_mixin.py:150} INFO - [2026-09-17T01:04:43.827+0000] {dag.py:2742} INFO - Sync 2 DAGs
[2026-09-17T01:04:43.831+0000] {logging_mixin.py:150} INFO - [2026-09-17T01:04:43.831+0000] {dag.py:3504} INFO - Setting next_dagrun for example_subdag_operator.section-1 to None, run_after=None
[2026-09-17T01:04:43.832+0000] {logging_mixin.py:150} INFO - [2026-09-17T01:04:43.832+0000] {dag.py:3504} INFO - Setting next_dagrun for example_subdag_operator.section-2 to None, run_after=None
[2026-09-17T01:04:43.848+0000] {processor.py:179} INFO - Processing /home/vscode/.local/lib/python3.10/site-packages/airflow/example_dags/example_subdag_operator.py took 0.087 seconds
[2026-09-17T01:05:24.896+0000] {processor.py:157} INFO - Started process (PID=27745) to work on /home/vscode/.local/lib/python3.10/site-packages/airflow/example_dags/example_subdag_operator.py
[2026-09-17T01:05:24.897+0000] {processor.py:826} INFO - Processing file /home/vscode/.local/lib/python3.10/site-packages/airflow/example_dags/example_subdag_operator.py for tasks to queue
[2026-09-17T01:05:24.897+0000] {logging_mixin.py:150} INFO - [2026-09-17T01:05:24.897+0000] {dagbag.py:541} INFO - Filling up the DagBag from /home/vscode/.local/lib/python3.10/site-packages/airflow/example_dags/example_subdag_operator.py
[2026-09-17T01:05:24.919+0000] {processor.py:836} INFO - DAG(s) dict_keys(['example_subdag_operator.section-1', 'example_subdag_operator.section-2', 'example_subdag_operator']) retrieved from /home/vscode/.local/lib/python3.10/site-packages/airflow/example_dags/example_subdag_operator.py
[2026-09-17T01:05:24.936+0000] {logging_mixin.py:150} INFO - [2026-09-17T01:05:24.936+0000] {dag.py:2742} INFO - Sync 3 DAGs
[2026-09-17T01:05:24.958+0000] {logging_mixin.py:150} INFO - [2026-09-17T01:05:24.958+0000] {dag.py:3504} INFO - Setting next_dagrun for example_subdag_operator to 2022-01-01T00:00:00+00:00, run_after=2022-01-01T00:00:00+00:00
[2026-09-17T01:05:24.961+0000] {logging_mixin.py:150} INFO - [2026-09-17T01:05:24.961+0000] {dag.py:3504} INFO - Setting next_dagrun for example_subdag_operator.section-1 to None, run_after=None
[2026-09-17T01:05:24.962+0000] {logging_mixin.py:150} INFO - [2026-09-17T01:05:24.962+0000] {dag.py:3504} INFO - Setting next_dagrun for example_subdag_operator.section-2 to None, run_after=None
[2026-09-17T01:05:24.969+0000] {logging_mixin.py:150} INFO - [2026-09-17T01:05:24.968+0000] {dag.py:2742} INFO - Sync 2 DAGs
[2026-09-17T01:05:24.973+0000] {logging_mixin.py:150} INFO - [2026-09-17T01:05:24.973+0000] {dag.py:3504} INFO - Setting next_dagrun for example_subdag_operator.section-1 to None, run_after=None
[2026-09-17T01:05:24.973+0000] {logging_mixin.py:150} INFO - [2026-09-17T01:05:24.973+0000] {dag.py:3504} INFO - Setting next_dagrun for example_subdag_operator.section-2 to None, run_after=None
[2026-09-17T01:05:24.992+0000] {processor.py:179} INFO - Processing /home/vscode/.local/lib/python3.10/site-packages/airflow/example_dags/example_subdag_operator.py took 0.100 seconds
[2026-09-17T01:05:33.249+0000] {processor.py:157} INFO - Started process (PID=27815) to work on /home/vscode/.local/lib/python3.10/site-packages/airflow/example_dags/example_subdag_operator.py
[2026-09-17T01:05:33.250+0000] {processor.py:826} INFO - Processing file /home/vscode/.local/lib/python3.10/site-packages/airflow/example_dags/example_subdag_operator.py for tasks to queue
[2026-09-17T01:05:33.250+0000] {logging_mixin.py:150} INFO - [2026-09-17T01:05:33.250+0000] {dagbag.py:541} INFO - Filling up the DagBag from /home/vscode/.local/lib/python3.10/site-packages/airflow/example_dags/example_subdag_operator.py
[2026-09-17T01:05:33.266+0000] {processor.py:836} INFO - DAG(s) dict_keys(['example_subdag_operator.section-1', 'example_subdag_operator.section-2', 'example_subdag_operator']) retrieved from /home/vscode/.local/lib/python3.10/site-packages/airflow/example_dags/example_subdag_operator.py
[2026-09-17T01:05:33.277+0000] {logging_mixin.py:150} INFO - [2026-09-17T01:05:33.277+0000] {dag.py:2742} INFO - Sync 3 DAGs
[2026-09-17T01:05:33.294+0000] {logging_mixin.py:150} INFO - [2026-09-17T01:05:33.294+0000] {dag.py:3504} INFO - Setting next_dagrun for example_subdag_operator to 2022-01-01T00:00:00+00:00, run_after=2022-01-01T00:00:00+00:00
[2026-09-17T01:05:33.296+0000] {logging_mixin.py:150} INFO - [2026-09-17T01:05:33.296+0000] {dag.py:3504} INFO - Setting next_dagrun for example_subdag_operator.section-1 to None, run_after=None
[2026-09-17T01:05:33.297+0000] {logging_mixin.py:150} INFO - [2026-09-17T01:05:33.297+0000] {dag.py:3504} INFO - Setting next_dagrun for example_subdag_operator.section-2 to None, run_after=None
[2026-09-17T01:05:33.303+0000] {logging_mixin.py:150} INFO - [2026-09-17T01:05:33.303+0000] {dag.py:2742} INFO - Sync 2 DAGs
[2026-09-17T01:05:33.307+0000] {logging_mixin.py:150} INFO - [2026-09-17T01:05:33.306+0000] {dag.py:3504} INFO - Setting next_dagrun for example_subdag_operator.section-1 to None, run_after=None
[2026-09-17T01:05:33.307+0000] {logging_mixin.py:150} INFO - [2026-09-17T01:05:33.307+0000] {dag.py:3504} INFO - Setting next_dagrun for example_subdag_operator.section-2 to None, run_after=None
[2026-09-17T01:05:33.321+0000] {processor.py:179} INFO - Processing /home/vscode/.local/lib/python3.10/site-packages/airflow/example_dags/example_subdag_operator.py took 0.074 seconds
[2026-09-17T01:06:15.727+0000] {processor.py:157} INFO - Started process (PID=28209) to work on /home/vscode/.local/lib/python3.10/site-packages/airflow/example_dags/example_subdag_operator.py
[2026-09-17T01:06:15.728+0000] {processor.py:826} INFO - Processing file /home/vscode/.local/lib/python3.10/site-packages/airflow/example_dags/example_subdag_operator.py for tasks to queue
[2026-09-17T01:06:15.729+0000] {logging_mixin.py:150} INFO - [2026-09-17T01:06:15.729+0000] {dagbag.py:541} INFO - Filling up the DagBag from /home/vscode/.local/lib/python3.10/site-packages/airflow/example_dags/example_subdag_operator.py
[2026-09-17T01:06:15.745+0000] {processor.py:836} INFO - DAG(s) dict_keys(['example_subdag_operator.section-1', 'example_subdag_operator.section-2', 'example_subdag_operator']) retrieved from /home/vscode/.local/lib/python3.10/site-packages/airflow/example_dags/example_subdag_operator.py
[2026-09-17T01:06:15.760+0000] {logging_mixin.py:150} INFO - [2026-09-17T01:06:15.760+0000] {dag.py:2742} INFO - Sync 3 DAGs
[2026-09-17T01:06:15.776+0000] {logging_mixin.py:150} INFO - [2026-09-17T01:06:15.776+0000] {dag.py:3504} INFO - Setting next_dagrun for example_subdag_operator to 2022-01-01T00:00:00+00:00, run_after=2022-01-01T00:00:00+00:00
[2026-09-17T01:06:15.778+0000] {logging_mixin.py:150} INFO - [2026-09-17T01:06:15.778+0000] {dag.py:3504} INFO - Setting next_dagrun for example_subdag_operator.section-1 to None, run_after=None
[2026-09-17T01:06:15.779+0000] {logging_mixin.py:150} INFO - [2026-09-17T01:06:15.778+0000] {dag.py:3504} INFO - Setting next_dagrun for example_subdag_operator.section-2 to None, run_after=None
[2026-09-17T01:06:15.786+0000] {logging_mixin.py:150} INFO - [2026-09-17T01:06:15.786+0000] {dag.py:2742} INFO - Sync 2 DAGs
[2026-09-17T01:06:15.789+0000] {logging_mixin.py:150} INFO - [2026-09-17T01:06:15.789+0000] {dag.py:3504} INFO - Setting next_dagrun for example_subdag_operator.section-1 to None, run_after=None
[2026-09-17T01:06:15.790+0000] {logging_mixin.py:150} INFO - [2026-09-17T01:06:15.790+0000] {dag.py:3504} INFO - Setting next_dagrun for example_subdag_operator.section-2 to None, run_after=None
[2026-09-17T01:06:15.805+0000] {processor.py:179} INFO - Processing /home/vscode/.local/lib/python3.10/site-packages/airflow/example_dags/example_subdag_operator.py took 0.080 seconds
[2026-09-17T01:06:20.325+0000] {processor.py:157} INFO - Started process (PID=28247) to work on /home/vscode/.local/lib/python3.10/site-packages/airflow/example_dags/example_subdag_operator.py
[2026-09-17T01:06:20.325+0000] {processor.py:826} INFO - Processing file /home/vscode/.local/lib/python3.10/site-packages/airflow/example_dags/example_subdag_operator.py for tasks to queue
[2026-09-17T01:06:20.326+0000] {logging_mixin.py:150} INFO - [2026-09-17T01:06:20.326+0000] {dagbag.py:541} INFO - Filling up the DagBag from /home/vscode/.local/lib/python3.10/site-packages/airflow/example_dags/example_subdag_operator.py
[2026-09-17T01:06:20.343+0000] {processor.py:836} INFO - DAG(s) dict_keys(['example_subdag_operator.section-1', 'example_subdag_operator.section-2', 'example_subdag_operator']) retrieved from /home/vscode/.local/lib/python3.10/site-packages/airflow/example_dags/example_subdag_operator.py
[2026-09-17T01:06:20.356+0000] {logging_mixin.py:150} INFO - [2026-09-17T01:06:20.356+0000] {dag.py:2742} INFO - Sync 3 DAGs
[2026-09-17T01:06:20.370+0000] {logging_mixin.py:150} INFO - [2026-09-17T01:06:20.370+0000] {dag.py:3504} INFO - Setting next_dagrun for example_subdag_operator to 2022-01-01T00:00:00+00:00, run_after=2022-01-01T00:00:00+00:00
[2026-09-17T01:06:20.372+0000] {logging_mixin.py:150} INFO - [2026-09-17T01:06:20.372+0000] {dag.py:3504} INFO - Setting next_dagrun for example_subdag_operator.section-1 to None, run_after=None
[2026-09-17T01:06:20.373+0000] {logging_mixin.py:150} INFO - [2026-09-17T01:06:20.373+0000] {dag.py:3504} INFO - Setting next_dagrun for example_subdag_operator.section-2 to None, run_after=None
[2026-09-17T01:06:20.377+0000] {logging_mixin.py:150} INFO - [2026-09-17T01:06:20.377+0000] {dag.py:2742} INFO - Sync 2 DAGs
[2026-09-17T01:06:20.380+0000] {logging_mixin.py:150} INFO - [2026-09-17T01:06:20.380+0000] {dag.py:3504} INFO - Setting next_dagrun for example_subdag_operator.section-1 to None, run_after=None
[2026-09-17T01:06:20.380+0000] {logging_mixin.py:150} INFO - [2026-09-17T01:06:20.380+0000] {dag.py:3504} INFO - Setting next_dagrun for example_subdag_operator.section-2 to None, run_after=None
[2026-09-17T01:06:20.394+0000] {processor.py:179} INFO - Processing /home/vscode/.local/lib/python3.10/site-packages/airflow/example_dags/example_subdag_operator.py took 0.072 seconds
[2026-09-17T01:07:04.804+0000] {processor.py:157} INFO - Started process (PID=28629) to work on /home/vscode/.local/lib/python3.10/site-packages/airflow/example_dags/example_subdag_operator.py
[2026-09-17T01:07:04.806+0000] {processor.py:826} INFO - Processing file /home/vscode/.local/lib/python3.10/site-packages/airflow/example_dags/example_subdag_operator.py for tasks to queue
[2026-09-17T01:07:04.807+0000] {logging_mixin.py:150} INFO - [2026-09-17T01:07:04.806+0000] {dagbag.py:541} INFO - Filling up the DagBag from /home/vscode/.local/lib/python3.10/site-packages/airflow/example_dags/example_subdag_operator.py
[2026-09-17T01:07:04.827+0000] {processor.py:836} INFO - DAG(s) dict_keys(['example_subdag_operator.section-1', 'example_subdag_operator.section-2', 'example_subdag_operator']) retrieved from /home/vscode/.local/lib/python3.10/site-packages/airflow/example_dags/example_subdag_operator.py
[2026-09-17T01:07:04.840+0000] {logging_mixin.py:150} INFO - [2026-09-17T01:07:04.840+0000] {dag.py:2742} INFO - Sync 3 DAGs
[2026-09-17T01:07:04.854+0000] {logging_mixin.py:150} INFO - [2026-09-17T01:07:04.854+0000] {dag.py:3504} INFO - Setting next_dagrun for example_subdag_operator to 2022-01-01T00:00:00+00:00, run_after=2022-01-01T00:00:00+00:00
[2026-09-17T01:07:04.856+0000] {logging_mixin.py:150} INFO - [2026-09-17T01:07:04.856+0000] {dag.py:3504} INFO - Setting next_dagrun for example_subdag_operator.section-1 to None, run_after=None
[2026-09-17T01:07:04.857+0000] {logging_mixin.py:150} INFO - [2026-09-17T01:07:04.857+0000] {dag.py:3504} INFO - Setting next_dagrun for example_subdag_operator.section-2 to None, run_after=None
[2026-09-17T01:07:04.861+0000] {logging_mixin.py:150} INFO - [2026-09-17T01:07:04.861+0000] {dag.py:2742} INFO - Sync 2 DAGs
[2026-09-17T01:07:04.864+0000] {logging_mixin.py:150} INFO - [2026-09-17T01:07:04.864+0000] {dag.py:3504} INFO - Setting next_dagrun for example_subdag_operator.section-1 to None, run_after=None
[2026-09-17T01:07:04.864+0000] {logging_mixin.py:150} INFO - [2026-09-17T01:07:04.864+0000] {dag.py:3504} INFO - Setting next_dagrun for example_subdag_operator.section-2 to None, run_after=None
[2026-09-17T01:07:04.876+0000] {processor.py:179} INFO - Processing /home/vscode/.local/lib/python3.10/site-packages/airflow/example_dags/example_subdag_operator.py took 0.075 seconds
[2026-09-17T01:07:12.055+0000] {processor.py:157} INFO - Started process (PID=28685) to work on /home/vscode/.local/lib/python3.10/site-packages/airflow/example_dags/example_subdag_operator.py
[2026-09-17T01:07:12.056+0000] {processor.py:826} INFO - Processing file /home/vscode/.local/lib/python3.10/site-packages/airflow/example_dags/example_subdag_operator.py for tasks to queue
[2026-09-17T01:07:12.056+0000] {logging_mixin.py:150} INFO - [2026-09-17T01:07:12.056+0000] {dagbag.py:541} INFO - Filling up the DagBag from /home/vscode/.local/lib/python3.10/site-packages/airflow/example_dags/example_subdag_operator.py
[2026-09-17T01:07:12.077+0000] {processor.py:836} INFO - DAG(s) dict_keys(['example_subdag_operator.section-1', 'example_subdag_operator.section-2', 'example_subdag_operator']) retrieved from /home/vscode/.local/lib/python3.10/site-packages/airflow/example_dags/example_subdag_operator.py
[2026-09-17T01:07:12.097+0000] {logging_mixin.py:150} INFO - [2026-09-17T01:07:12.097+0000] {dag.py:2742} INFO - Sync 3 DAGs
[2026-09-17T01:07:12.119+0000] {logging_mixin.py:150} INFO - [2026-09-17T01:07:12.119+0000] {dag.py:3504} INFO - Setting next_dagrun for example_subdag_operator to 2022-01-01T00:00:00+00:00, run_after=2022-01-01T00:00:00+00:00
[2026-09-17T01:07:12.122+0000] {logging_mixin.py:150} INFO - [2026-09-17T01:07:12.122+0000] {dag.py:3504} INFO - Setting next_dagrun for example_subdag_operator.section-1 to None, run_after=None
[2026-09-17T01:07:12.123+0000] {logging_mixin.py:150} INFO - [2026-09-17T01:07:12.123+0000] {dag.py:3504} INFO - Setting next_dagrun for example_subdag_operator.section-2 to None, run_after=None
[2026-09-17T01:07:12.129+0000] {logging_mixin.py:150} INFO - [2026-09-17T01:07:12.129+0000] {dag.py:2742} INFO - Sync 2 DAGs
[2026-09-17T01:07:12.136+0000] {logging_mixin.py:150} INFO - [2026-09-17T01:07:12.136+0000] {dag.py:3504} INFO - Setting next_dagrun for example_subdag_operator.section-1 to None, run_after=None
[2026-09-17T01:07:12.136+0000] {logging_mixin.py:150} INFO - [2026-09-17T01:07:12.136+0000] {dag.py:3504} INFO - Setting next_dagrun for example_subdag_operator.section-2 to None, run_after=None
[2026-09-17T01:07:12.172+0000] {processor.py:179} INFO - Processing /home/vscode/.local/lib/python3.10/site-packages/airflow/example_dags/example_subdag_operator.py took 0.119 seconds
[2026-09-17T01:07:57.104+0000] {processor.py:157} INFO - Started process (PID=29063) to work on /home/vscode/.local/lib/python3.10/site-packages/airflow/example_dags/example_subdag_operator.py
[2026-09-17T01:07:57.105+0000] {processor.py:826} INFO - Processing file /home/vscode/.local/lib/python3.10/site-packages/airflow/example_dags/example_subdag_operator.py for tasks to queue
[2026-09-17T01:07:57.106+0000] {logging_mixin.py:150} INFO - [2026-09-17T01:07:57.106+0000] {dagbag.py:541} INFO - Filling up the DagBag from /home/vscode/.local/lib/python3.10/site-packages/airflow/example_dags/example_subdag_operator.py
[2026-09-17T01:07:57.121+0000] {processor.py:836} INFO - DAG(s) dict_keys(['example_subdag_operator.section-1', 'example_subdag_operator.section-2', 'example_subdag_operator']) retrieved from /home/vscode/.local/lib/python3.10/site-packages/airflow/example_dags/example_subdag_operator.py
[2026-09-17T01:07:57.133+0000] {logging_mixin.py:150} INFO - [2026-09-17T01:07:57.133+0000] {dag.py:2742} INFO - Sync 3 DAGs
[2026-09-17T01:07:57.148+0000] {logging_mixin.py:150} INFO - [2026-09-17T01:07:57.148+0000] {dag.py:3504} INFO - Setting next_dagrun for example_subdag_operator to 2022-01-01T00:00:00+00:00, run_after=2022-01-01T00:00:00+00:00
[2026-09-17T01:07:57.150+0000] {logging_mixin.py:150} INFO - [2026-09-17T01:07:57.150+0000] {dag.py:3504} INFO - Setting next_dagrun for example_subdag_operator.section-1 to None, run_after=None
[2026-09-17T01:07:57.151+0000] {logging_mixin.py:150} INFO - [2026-09-17T01:07:57.151+0000] {dag.py:3504} INFO - Setting next_dagrun for example_subdag_operator.section-2 to None, run_after=None
[2026-09-17T01:07:57.156+0000] {logging_mixin.py:150} INFO - [2026-09-17T01:07:57.156+0000] {dag.py:2742} INFO - Sync 2 DAGs
[2026-09-17T01:07:57.160+0000] {logging_mixin.py:150} INFO - [2026-09-17T01:07:57.160+0000] {dag.py:3504} INFO - Setting next_dagrun for example_subdag_operator.section-1 to None, run_after=None
[2026-09-17T01:07:57.160+0000] {logging_mixin.py:150} INFO - [2026-09-17T01:07:57.160+0000] {dag.py:3504} INFO - Setting next_dagrun for example_subdag_operator.section-2 to None, run_after=None
[2026-09-17T01:07:57.173+0000] {processor.py:179} INFO - Processing /home/vscode/.local/lib/python3.10/site-packages/airflow/example_dags/example_subdag_operator.py took 0.071 seconds
[2026-09-17T01:08:00.080+0000] {processor.py:157} INFO - Started process (PID=29089) to work on /home/vscode/.local/lib/python3.10/site-packages/airflow/example_dags/example_subdag_operator.py
[2026-09-17T01:08:00.083+0000] {processor.py:826} INFO - Processing file /home/vscode/.local/lib/python3.10/site-packages/airflow/example_dags/example_subdag_operator.py for tasks to queue
[2026-09-17T01:08:00.084+0000] {logging_mixin.py:150} INFO - [2026-09-17T01:08:00.083+0000] {dagbag.py:541} INFO - Filling up the DagBag from /home/vscode/.local/lib/python3.10/site-packages/airflow/example_dags/example_subdag_operator.py
[2026-09-17T01:08:00.117+0000] {processor.py:836} INFO - DAG(s) dict_keys(['example_subdag_operator.section-1', 'example_subdag_operator.section-2', 'example_subdag_operator']) retrieved from /home/vscode/.local/lib/python3.10/site-packages/airflow/example_dags/example_subdag_operator.py
[2026-09-17T01:08:00.129+0000] {logging_mixin.py:150} INFO - [2026-09-17T01:08:00.129+0000] {dag.py:2742} INFO - Sync 3 DAGs
[2026-09-17T01:08:00.143+0000] {logging_mixin.py:150} INFO - [2026-09-17T01:08:00.143+0000] {dag.py:3504} INFO - Setting next_dagrun for example_subdag_operator to 2022-01-01T00:00:00+00:00, run_after=2022-01-01T00:00:00+00:00
[2026-09-17T01:08:00.145+0000] {logging_mixin.py:150} INFO - [2026-09-17T01:08:00.145+0000] {dag.py:3504} INFO - Setting next_dagrun for example_subdag_operator.section-1 to None, run_after=None
[2026-09-17T01:08:00.146+0000] {logging_mixin.py:150} INFO - [2026-09-17T01:08:00.146+0000] {dag.py:3504} INFO - Setting next_dagrun for example_subdag_operator.section-2 to None, run_after=None
[2026-09-17T01:08:00.150+0000] {logging_mixin.py:150} INFO - [2026-09-17T01:08:00.150+0000] {dag.py:2742} INFO - Sync 2 DAGs
[2026-09-17T01:08:00.153+0000] {logging_mixin.py:150} INFO - [2026-09-17T01:08:00.153+0000] {dag.py:3504} INFO - Setting next_dagrun for example_subdag_operator.section-1 to None, run_after=None
[2026-09-17T01:08:00.153+0000] {logging_mixin.py:150} INFO - [2026-09-17T01:08:00.153+0000] {dag.py:3504} INFO - Setting next_dagrun for example_subdag_operator.section-2 to None, run_after=None
[2026-09-17T01:08:00.166+0000] {processor.py:179} INFO - Processing /home/vscode/.local/lib/python3.10/site-packages/airflow/example_dags/example_subdag_operator.py took 0.095 seconds
[2026-09-17T01:08:43.608+0000] {processor.py:157} INFO - Started process (PID=29460) to work on /home/vscode/.local/lib/python3.10/site-packages/airflow/example_dags/example_subdag_operator.py
[2026-09-17T01:08:43.608+0000] {processor.py:826} INFO - Processing file /home/vscode/.local/lib/python3.10/site-packages/airflow/example_dags/example_subdag_operator.py for tasks to queue
[2026-09-17T01:08:43.609+0000] {logging_mixin.py:150} INFO - [2026-09-17T01:08:43.609+0000] {dagbag.py:541} INFO - Filling up the DagBag from /home/vscode/.local/lib/python3.10/site-packages/airflow/example_dags/example_subdag_operator.py
[2026-09-17T01:08:43.626+0000] {processor.py:836} INFO - DAG(s) dict_keys(['example_subdag_operator.section-1', 'example_subdag_operator.section-2', 'example_subdag_operator']) retrieved from /home/vscode/.local/lib/python3.10/site-packages/airflow/example_dags/example_subdag_operator.py
[2026-09-17T01:08:43.638+0000] {logging_mixin.py:150} INFO - [2026-09-17T01:08:43.637+0000] {dag.py:2742} INFO - Sync 3 DAGs
[2026-09-17T01:08:43.652+0000] {logging_mixin.py:150} INFO - [2026-09-17T01:08:43.652+0000] {dag.py:3504} INFO - Setting next_dagrun for example_subdag_operator to 2022-01-01T00:00:00+00:00, run_after=2022-01-01T00:00:00+00:00
[2026-09-17T01:08:43.654+0000] {logging_mixin.py:150} INFO - [2026-09-17T01:08:43.654+0000] {dag.py:3504} INFO - Setting next_dagrun for example_subdag_operator.section-1 to None, run_after=None
[2026-09-17T01:08:43.655+0000] {logging_mixin.py:150} INFO - [2026-09-17T01:08:43.655+0000] {dag.py:3504} INFO - Setting next_dagrun for example_subdag_operator.section-2 to None, run_after=None
[2026-09-17T01:08:43.659+0000] {logging_mixin.py:150} INFO - [2026-09-17T01:08:43.659+0000] {dag.py:2742} INFO - Sync 2 DAGs
[2026-09-17T01:08:43.662+0000] {logging_mixin.py:150} INFO - [2026-09-17T01:08:43.662+0000] {dag.py:3504} INFO - Setting next_dagrun for example_subdag_operator.section-1 to None, run_after=None
[2026-09-17T01:08:43.663+0000] {logging_mixin.py:150} INFO - [2026-09-17T01:08:43.662+0000] {dag.py:3504} INFO - Setting next_dagrun for example_subdag_operator.section-2 to None, run_after=None
[2026-09-17T01:08:43.674+0000] {processor.py:179} INFO - Processing /home/vscode/.local/lib/python3.10/site-packages/airflow/example_dags/example_subdag_operator.py took 0.069 seconds
[2026-09-17T01:08:47.969+0000] {processor.py:157} INFO - Started process (PID=29500) to work on /home/vscode/.local/lib/python3.10/site-packages/airflow/example_dags/example_subdag_operator.py
[2026-09-17T01:08:47.970+0000] {processor.py:826} INFO - Processing file /home/vscode/.local/lib/python3.10/site-packages/airflow/example_dags/example_subdag_operator.py for tasks to queue
[2026-09-17T01:08:47.971+0000] {logging_mixin.py:150} INFO - [2026-09-17T01:08:47.971+0000] {dagbag.py:541} INFO - Filling up the DagBag from /home/vscode/.local/lib/python3.10/site-packages/airflow/example_dags/example_subdag_operator.py
[2026-09-17T01:08:48.008+0000] {processor.py:836} INFO - DAG(s) dict_keys(['example_subdag_operator.section-1', 'example_subdag_operator.section-2', 'example_subdag_operator']) retrieved from /home/vscode/.local/lib/python3.10/site-packages/airflow/example_dags/example_subdag_operator.py
[2026-09-17T01:08:48.023+0000] {logging_mixin.py:150} INFO - [2026-09-17T01:08:48.023+0000] {dag.py:2742} INFO - Sync 3 DAGs
[2026-09-17T01:08:48.045+0000] {logging_mixin.py:150} INFO - [2026-09-17T01:08:48.045+0000] {dag.py:3504} INFO - Setting next_dagrun for example_subdag_operator to 2022-01-01T00:00:00+00:00, run_after=2022-01-01T00:00:00+00:00
[2026-09-17T01:08:48.047+0000] {logging_mixin.py:150} INFO - [2026-09-17T01:08:48.047+0000] {dag.py:3504} INFO - Setting next_dagrun for example_subdag_operator.section-1 to None, run_after=None
[2026-09-17T01:08:48.048+0000] {logging_mixin.py:150} INFO - [2026-09-17T01:08:48.048+0000] {dag.py:3504} INFO - Setting next_dagrun for example_subdag_operator.section-2 to None, run_after=None
[2026-09-17T01:08:48.053+0000] {logging_mixin.py:150} INFO - [2026-09-17T01:08:48.053+0000] {dag.py:2742} INFO - Sync 2 DAGs
[2026-09-17T01:08:48.057+0000] {logging_mixin.py:150} INFO - [2026-09-17T01:08:48.057+0000] {dag.py:3504} INFO - Setting next_dagrun for example_subdag_operator.section-1 to None, run_after=None
[2026-09-17T01:08:48.057+0000] {logging_mixin.py:150} INFO - [2026-09-17T01:08:48.057+0000] {dag.py:3504} INFO - Setting next_dagrun for example_subdag_operator.section-2 to None, run_after=None
[2026-09-17T01:08:48.072+0000] {processor.py:179} INFO - Processing /home/vscode/.local/lib/python3.10/site-packages/airflow/example_dags/example_subdag_operator.py took 0.108 seconds
[2026-09-17T01:09:32.642+0000] {processor.py:157} INFO - Started process (PID=29879) to work on /home/vscode/.local/lib/python3.10/site-packages/airflow/example_dags/example_subdag_operator.py
[2026-09-17T01:09:32.644+0000] {processor.py:826} INFO - Processing file /home/vscode/.local/lib/python3.10/site-packages/airflow/example_dags/example_subdag_operator.py for tasks to queue
[2026-09-17T01:09:32.646+0000] {logging_mixin.py:150} INFO - [2026-09-17T01:09:32.645+0000] {dagbag.py:541} INFO - Filling up the DagBag from /home/vscode/.local/lib/python3.10/site-packages/airflow/example_dags/example_subdag_operator.py
[2026-09-17T01:09:32.673+0000] {processor.py:836} INFO - DAG(s) dict_keys(['example_subdag_operator.section-1', 'example_subdag_operator.section-2', 'example_subdag_operator']) retrieved from /home/vscode/.local/lib/python3.10/site-packages/airflow/example_dags/example_subdag_operator.py
[2026-09-17T01:09:32.686+0000] {logging_mixin.py:150} INFO - [2026-09-17T01:09:32.686+0000] {dag.py:2742} INFO - Sync 3 DAGs
[2026-09-17T01:09:32.705+0000] {logging_mixin.py:150} INFO - [2026-09-17T01:09:32.704+0000] {dag.py:3504} INFO - Setting next_dagrun for example_subdag_operator to 2022-01-01T00:00:00+00:00, run_after=2022-01-01T00:00:00+00:00
[2026-09-17T01:09:32.707+0000] {logging_mixin.py:150} INFO - [2026-09-17T01:09:32.707+0000] {dag.py:3504} INFO - Setting next_dagrun for example_subdag_operator.section-1 to None, run_after=None
[2026-09-17T01:09:32.707+0000] {logging_mixin.py:150} INFO - [2026-09-17T01:09:32.707+0000] {dag.py:3504} INFO - Setting next_dagrun for example_subdag_operator.section-2 to None, run_after=None
[2026-09-17T01:09:32.712+0000] {logging_mixin.py:150} INFO - [2026-09-17T01:09:32.712+0000] {dag.py:2742} INFO - Sync 2 DAGs
[2026-09-17T01:09:32.715+0000] {logging_mixin.py:150} INFO - [2026-09-17T01:09:32.715+0000] {dag.py:3504} INFO - Setting next_dagrun for example_subdag_operator.section-1 to None, run_after=None
[2026-09-17T01:09:32.715+0000] {logging_mixin.py:150} INFO - [2026-09-17T01:09:32.715+0000] {dag.py:3504} INFO - Setting next_dagrun for example_subdag_operator.section-2 to None, run_after=None
[2026-09-17T01:09:32.727+0000] {processor.py:179} INFO - Processing /home/vscode/.local/lib/python3.10/site-packages/airflow/example_dags/example_subdag_operator.py took 0.091 seconds
[2026-09-17T01:09:42.036+0000] {processor.py:157} INFO - Started process (PID=29962) to work on /home/vscode/.local/lib/python3.10/site-packages/airflow/example_dags/example_subdag_operator.py
[2026-09-17T01:09:42.036+0000] {processor.py:826} INFO - Processing file /home/vscode/.local/lib/python3.10/site-packages/airflow/example_dags/example_subdag_operator.py for tasks to queue
[2026-09-17T01:09:42.037+0000] {logging_mixin.py:150} INFO - [2026-09-17T01:09:42.037+0000] {dagbag.py:541} INFO - Filling up the DagBag from /home/vscode/.local/lib/python3.10/site-packages/airflow/example_dags/example_subdag_operator.py
[2026-09-17T01:09:42.053+0000] {processor.py:836} INFO - DAG(s) dict_keys(['example_subdag_operator.section-1', 'example_subdag_operator.section-2', 'example_subdag_operator']) retrieved from /home/vscode/.local/lib/python3.10/site-packages/airflow/example_dags/example_subdag_operator.py
[2026-09-17T01:09:42.064+0000] {logging_mixin.py:150} INFO - [2026-09-17T01:09:42.064+0000] {dag.py:2742} INFO - Sync 3 DAGs
[2026-09-17T01:09:42.078+0000] {logging_mixin.py:150} INFO - [2026-09-17T01:09:42.078+0000] {dag.py:3504} INFO - Setting next_dagrun for example_subdag_operator to 2022-01-01T00:00:00+00:00, run_after=2022-01-01T00:00:00+00:00
[2026-09-17T01:09:42.080+0000] {logging_mixin.py:150} INFO - [2026-09-17T01:09:42.080+0000] {dag.py:3504} INFO - Setting next_dagrun for example_subdag_operator.section-1 to None, run_after=None
[2026-09-17T01:09:42.081+0000] {logging_mixin.py:150} INFO - [2026-09-17T01:09:42.081+0000] {dag.py:3504} INFO - Setting next_dagrun for example_subdag_operator.section-2 to None, run_after=None
[2026-09-17T01:09:42.086+0000] {logging_mixin.py:150} INFO - [2026-09-17T01:09:42.086+0000] {dag.py:2742} INFO - Sync 2 DAGs
[2026-09-17T01:09:42.091+0000] {logging_mixin.py:150} INFO - [2026-09-17T01:09:42.090+0000] {dag.py:3504} INFO - Setting next_dagrun for example_subdag_operator.section-1 to None, run_after=None
[2026-09-17T01:09:42.091+0000] {logging_mixin.py:150} INFO - [2026-09-17T01:09:42.091+0000] {dag.py:3504} INFO - Setting next_dagrun for example_subdag_operator.section-2 to None, run_after=None
[2026-09-17T01:09:42.102+0000] {processor.py:179} INFO - Processing /home/vscode/.local/lib/python3.10/site-packages/airflow/example_dags/example_subdag_operator.py took 0.070 seconds
[2026-09-17T01:10:15.879+0000] {processor.py:157} INFO - Started process (PID=30249) to work on /home/vscode/.local/lib/python3.10/site-packages/airflow/example_dags/example_subdag_operator.py
[2026-09-17T01:10:15.879+0000] {processor.py:826} INFO - Processing file /home/vscode/.local/lib/python3.10/site-packages/airflow/example_dags/example_subdag_operator.py for tasks to queue
[2026-09-17T01:10:15.880+0000] {logging_mixin.py:150} INFO - [2026-09-17T01:10:15.880+0000] {dagbag.py:541} INFO - Filling up the DagBag from /home/vscode/.local/lib/python3.10/site-packages/airflow/example_dags/example_subdag_operator.py
[2026-09-17T01:10:15.901+0000] {processor.py:836} INFO - DAG(s) dict_keys(['example_subdag_operator.section-1', 'example_subdag_operator.section-2', 'example_subdag_operator']) retrieved from /home/vscode/.local/lib/python3.10/site-packages/airflow/example_dags/example_subdag_operator.py
[2026-09-17T01:10:15.914+0000] {logging_mixin.py:150} INFO - [2026-09-17T01:10:15.914+0000] {dag.py:2742} INFO - Sync 3 DAGs
[2026-09-17T01:10:15.928+0000] {logging_mixin.py:150} INFO - [2026-09-17T01:10:15.928+0000] {dag.py:3504} INFO - Setting next_dagrun for example_subdag_operator to 2022-01-01T00:00:00+00:00, run_after=2022-01-01T00:00:00+00:00
[2026-09-17T01:10:15.930+0000] {logging_mixin.py:150} INFO - [2026-09-17T01:10:15.930+0000] {dag.py:3504} INFO - Setting next_dagrun for example_subdag_operator.section-1 to None, run_after=None
[2026-09-17T01:10:15.931+0000] {logging_mixin.py:150} INFO - [2026-09-17T01:10:15.931+0000] {dag.py:3504} INFO - Setting next_dagrun for example_subdag_operator.section-2 to None, run_after=None
[2026-09-17T01:10:15.935+0000] {logging_mixin.py:150} INFO - [2026-09-17T01:10:15.935+0000] {dag.py:2742} INFO - Sync 2 DAGs
[2026-09-17T01:10:15.938+0000] {logging_mixin.py:150} INFO - [2026-09-17T01:10:15.938+0000] {dag.py:3504} INFO - Setting next_dagrun for example_subdag_operator.section-1 to None, run_after=None
[2026-09-17T01:10:15.938+0000] {logging_mixin.py:150} INFO - [2026-09-17T01:10:15.938+0000] {dag.py:3504} INFO - Setting next_dagrun for example_subdag_operator.section-2 to None, run_after=None
[2026-09-17T01:10:15.951+0000] {processor.py:179} INFO - Processing /home/vscode/.local/lib/python3.10/site-packages/airflow/example_dags/example_subdag_operator.py took 0.075 seconds
[2026-09-17T01:10:31.498+0000] {processor.py:157} INFO - Started process (PID=30376) to work on /home/vscode/.local/lib/python3.10/site-packages/airflow/example_dags/example_subdag_operator.py
[2026-09-17T01:10:31.498+0000] {processor.py:826} INFO - Processing file /home/vscode/.local/lib/python3.10/site-packages/airflow/example_dags/example_subdag_operator.py for tasks to queue
[2026-09-17T01:10:31.499+0000] {logging_mixin.py:150} INFO - [2026-09-17T01:10:31.499+0000] {dagbag.py:541} INFO - Filling up the DagBag from /home/vscode/.local/lib/python3.10/site-packages/airflow/example_dags/example_subdag_operator.py
[2026-09-17T01:10:31.516+0000] {processor.py:836} INFO - DAG(s) dict_keys(['example_subdag_operator.section-1', 'example_subdag_operator.section-2', 'example_subdag_operator']) retrieved from /home/vscode/.local/lib/python3.10/site-packages/airflow/example_dags/example_subdag_operator.py
[2026-09-17T01:10:31.528+0000] {logging_mixin.py:150} INFO - [2026-09-17T01:10:31.528+0000] {dag.py:2742} INFO - Sync 3 DAGs
[2026-09-17T01:10:31.542+0000] {logging_mixin.py:150} INFO - [2026-09-17T01:10:31.542+0000] {dag.py:3504} INFO - Setting next_dagrun for example_subdag_operator to 2022-01-01T00:00:00+00:00, run_after=2022-01-01T00:00:00+00:00
[2026-09-17T01:10:31.544+0000] {logging_mixin.py:150} INFO - [2026-09-17T01:10:31.544+0000] {dag.py:3504} INFO - Setting next_dagrun for example_subdag_operator.section-1 to None, run_after=None
[2026-09-17T01:10:31.545+0000] {logging_mixin.py:150} INFO - [2026-09-17T01:10:31.545+0000] {dag.py:3504} INFO - Setting next_dagrun for example_subdag_operator.section-2 to None, run_after=None
[2026-09-17T01:10:31.549+0000] {logging_mixin.py:150} INFO - [2026-09-17T01:10:31.549+0000] {dag.py:2742} INFO - Sync 2 DAGs
[2026-09-17T01:10:31.552+0000] {logging_mixin.py:150} INFO - [2026-09-17T01:10:31.552+0000] {dag.py:3504} INFO - Setting next_dagrun for example_subdag_operator.section-1 to None, run_after=None
[2026-09-17T01:10:31.552+0000] {logging_mixin.py:150} INFO - [2026-09-17T01:10:31.552+0000] {dag.py:3504} INFO - Setting next_dagrun for example_subdag_operator.section-2 to None, run_after=None
[2026-09-17T01:10:31.564+0000] {processor.py:179} INFO - Processing /home/vscode/.local/lib/python3.10/site-packages/airflow/example_dags/example_subdag_operator.py took 0.069 seconds
[2026-09-17T01:11:08.119+0000] {processor.py:157} INFO - Started process (PID=30738) to work on /home/vscode/.local/lib/python3.10/site-packages/airflow/example_dags/example_subdag_operator.py
[2026-09-17T01:11:08.120+0000] {processor.py:826} INFO - Processing file /home/vscode/.local/lib/python3.10/site-packages/airflow/example_dags/example_subdag_operator.py for tasks to queue
[2026-09-17T01:11:08.121+0000] {logging_mixin.py:150} INFO - [2026-09-17T01:11:08.120+0000] {dagbag.py:541} INFO - Filling up the DagBag from /home/vscode/.local/lib/python3.10/site-packages/airflow/example_dags/example_subdag_operator.py
[2026-09-17T01:11:08.144+0000] {processor.py:836} INFO - DAG(s) dict_keys(['example_subdag_operator.section-1', 'example_subdag_operator.section-2', 'example_subdag_operator']) retrieved from /home/vscode/.local/lib/python3.10/site-packages/airflow/example_dags/example_subdag_operator.py
[2026-09-17T01:11:08.161+0000] {logging_mixin.py:150} INFO - [2026-09-17T01:11:08.161+0000] {dag.py:2742} INFO - Sync 3 DAGs
[2026-09-17T01:11:08.176+0000] {logging_mixin.py:150} INFO - [2026-09-17T01:11:08.176+0000] {dag.py:3504} INFO - Setting next_dagrun for example_subdag_operator to 2022-01-01T00:00:00+00:00, run_after=2022-01-01T00:00:00+00:00
[2026-09-17T01:11:08.178+0000] {logging_mixin.py:150} INFO - [2026-09-17T01:11:08.178+0000] {dag.py:3504} INFO - Setting next_dagrun for example_subdag_operator.section-1 to None, run_after=None
[2026-09-17T01:11:08.179+0000] {logging_mixin.py:150} INFO - [2026-09-17T01:11:08.179+0000] {dag.py:3504} INFO - Setting next_dagrun for example_subdag_operator.section-2 to None, run_after=None
[2026-09-17T01:11:08.184+0000] {logging_mixin.py:150} INFO - [2026-09-17T01:11:08.184+0000] {dag.py:2742} INFO - Sync 2 DAGs
[2026-09-17T01:11:08.188+0000] {logging_mixin.py:150} INFO - [2026-09-17T01:11:08.188+0000] {dag.py:3504} INFO - Setting next_dagrun for example_subdag_operator.section-1 to None, run_after=None
[2026-09-17T01:11:08.188+0000] {logging_mixin.py:150} INFO - [2026-09-17T01:11:08.188+0000] {dag.py:3504} INFO - Setting next_dagrun for example_subdag_operator.section-2 to None, run_after=None
[2026-09-17T01:11:08.202+0000] {processor.py:179} INFO - Processing /home/vscode/.local/lib/python3.10/site-packages/airflow/example_dags/example_subdag_operator.py took 0.086 seconds
[2026-09-17T01:11:18.558+0000] {processor.py:157} INFO - Started process (PID=30828) to work on /home/vscode/.local/lib/python3.10/site-packages/airflow/example_dags/example_subdag_operator.py
[2026-09-17T01:11:18.559+0000] {processor.py:826} INFO - Processing file /home/vscode/.local/lib/python3.10/site-packages/airflow/example_dags/example_subdag_operator.py for tasks to queue
[2026-09-17T01:11:18.560+0000] {logging_mixin.py:150} INFO - [2026-09-17T01:11:18.560+0000] {dagbag.py:541} INFO - Filling up the DagBag from /home/vscode/.local/lib/python3.10/site-packages/airflow/example_dags/example_subdag_operator.py
[2026-09-17T01:11:18.575+0000] {processor.py:836} INFO - DAG(s) dict_keys(['example_subdag_operator.section-1', 'example_subdag_operator.section-2', 'example_subdag_operator']) retrieved from /home/vscode/.local/lib/python3.10/site-packages/airflow/example_dags/example_subdag_operator.py
[2026-09-17T01:11:18.590+0000] {logging_mixin.py:150} INFO - [2026-09-17T01:11:18.590+0000] {dag.py:2742} INFO - Sync 3 DAGs
[2026-09-17T01:11:18.610+0000] {logging_mixin.py:150} INFO - [2026-09-17T01:11:18.609+0000] {dag.py:3504} INFO - Setting next_dagrun for example_subdag_operator to 2022-01-01T00:00:00+00:00, run_after=2022-01-01T00:00:00+00:00
[2026-09-17T01:11:18.612+0000] {logging_mixin.py:150} INFO - [2026-09-17T01:11:18.612+0000] {dag.py:3504} INFO - Setting next_dagrun for example_subdag_operator.section-1 to None, run_after=None
[2026-09-17T01:11:18.612+0000] {logging_mixin.py:150} INFO - [2026-09-17T01:11:18.612+0000] {dag.py:3504} INFO - Setting next_dagrun for example_subdag_operator.section-2 to None, run_after=None
[2026-09-17T01:11:18.617+0000] {logging_mixin.py:150} INFO - [2026-09-17T01:11:18.617+0000] {dag.py:2742} INFO - Sync 2 DAGs
[2026-09-17T01:11:18.620+0000] {logging_mixin.py:150} INFO - [2026-09-17T01:11:18.620+0000] {dag.py:3504} INFO - Setting next_dagrun for example_subdag_operator.section-1 to None, run_after=None
[2026-09-17T01:11:18.620+0000] {logging_mixin.py:150} INFO - [2026-09-17T01:11:18.620+0000] {dag.py:3504} INFO - Setting next_dagrun for example_subdag_operator.section-2 to None, run_after=None
[2026-09-17T01:11:18.633+0000] {processor.py:179} INFO - Processing /home/vscode/.local/lib/python3.10/site-packages/airflow/example_dags/example_subdag_operator.py took 0.077 seconds
[2026-09-17T01:11:57.280+0000] {processor.py:157} INFO - Started process (PID=31154) to work on /home/vscode/.local/lib/python3.10/site-packages/airflow/example_dags/example_subdag_operator.py
[2026-09-17T01:11:57.280+0000] {processor.py:826} INFO - Processing file /home/vscode/.local/lib/python3.10/site-packages/airflow/example_dags/example_subdag_operator.py for tasks to queue
[2026-09-17T01:11:57.281+0000] {logging_mixin.py:150} INFO - [2026-09-17T01:11:57.281+0000] {dagbag.py:541} INFO - Filling up the DagBag from /home/vscode/.local/lib/python3.10/site-packages/airflow/example_dags/example_subdag_operator.py
[2026-09-17T01:11:57.302+0000] {processor.py:836} INFO - DAG(s) dict_keys(['example_subdag_operator.section-1', 'example_subdag_operator.section-2', 'example_subdag_operator']) retrieved from /home/vscode/.local/lib/python3.10/site-packages/airflow/example_dags/example_subdag_operator.py
[2026-09-17T01:11:57.313+0000] {logging_mixin.py:150} INFO - [2026-09-17T01:11:57.313+0000] {dag.py:2742} INFO - Sync 3 DAGs
[2026-09-17T01:11:57.328+0000] {logging_mixin.py:150} INFO - [2026-09-17T01:11:57.328+0000] {dag.py:3504} INFO - Setting next_dagrun for example_subdag_operator to 2022-01-01T00:00:00+00:00, run_after=2022-01-01T00:00:00+00:00
[2026-09-17T01:11:57.330+0000] {logging_mixin.py:150} INFO - [2026-09-17T01:11:57.330+0000] {dag.py:3504} INFO - Setting next_dagrun for example_subdag_operator.section-1 to None, run_after=None
[2026-09-17T01:11:57.331+0000] {logging_mixin.py:150} INFO - [2026-09-17T01:11:57.331+0000] {dag.py:3504} INFO - Setting next_dagrun for example_subdag_operator.section-2 to None, run_after=None
[2026-09-17T01:11:57.335+0000] {logging_mixin.py:150} INFO - [2026-09-17T01:11:57.335+0000] {dag.py:2742} INFO - Sync 2 DAGs
[2026-09-17T01:11:57.338+0000] {logging_mixin.py:150} INFO - [2026-09-17T01:11:57.338+0000] {dag.py:3504} INFO - Setting next_dagrun for example_subdag_operator.section-1 to None, run_after=None
[2026-09-17T01:11:57.338+0000] {logging_mixin.py:150} INFO - [2026-09-17T01:11:57.338+0000] {dag.py:3504} INFO - Setting next_dagrun for example_subdag_operator.section-2 to None, run_after=None
[2026-09-17T01:11:57.349+0000] {processor.py:179} INFO - Processing /home/vscode/.local/lib/python3.10/site-packages/airflow/example_dags/example_subdag_operator.py took 0.072 seconds
[2026-09-17T01:12:11.061+0000] {processor.py:157} INFO - Started process (PID=31269) to work on /home/vscode/.local/lib/python3.10/site-packages/airflow/example_dags/example_subdag_operator.py
[2026-09-17T01:12:11.065+0000] {processor.py:826} INFO - Processing file /home/vscode/.local/lib/python3.10/site-packages/airflow/example_dags/example_subdag_operator.py for tasks to queue
[2026-09-17T01:12:11.066+0000] {logging_mixin.py:150} INFO - [2026-09-17T01:12:11.066+0000] {dagbag.py:541} INFO - Filling up the DagBag from /home/vscode/.local/lib/python3.10/site-packages/airflow/example_dags/example_subdag_operator.py
[2026-09-17T01:12:11.128+0000] {processor.py:836} INFO - DAG(s) dict_keys(['example_subdag_operator.section-1', 'example_subdag_operator.section-2', 'example_subdag_operator']) retrieved from /home/vscode/.local/lib/python3.10/site-packages/airflow/example_dags/example_subdag_operator.py
[2026-09-17T01:12:11.174+0000] {logging_mixin.py:150} INFO - [2026-09-17T01:12:11.173+0000] {dag.py:2742} INFO - Sync 3 DAGs
[2026-09-17T01:12:11.198+0000] {logging_mixin.py:150} INFO - [2026-09-17T01:12:11.198+0000] {dag.py:3504} INFO - Setting next_dagrun for example_subdag_operator to 2022-01-01T00:00:00+00:00, run_after=2022-01-01T00:00:00+00:00
[2026-09-17T01:12:11.202+0000] {logging_mixin.py:150} INFO - [2026-09-17T01:12:11.202+0000] {dag.py:3504} INFO - Setting next_dagrun for example_subdag_operator.section-1 to None, run_after=None
[2026-09-17T01:12:11.203+0000] {logging_mixin.py:150} INFO - [2026-09-17T01:12:11.203+0000] {dag.py:3504} INFO - Setting next_dagrun for example_subdag_operator.section-2 to None, run_after=None
[2026-09-17T01:12:11.209+0000] {logging_mixin.py:150} INFO - [2026-09-17T01:12:11.209+0000] {dag.py:2742} INFO - Sync 2 DAGs
[2026-09-17T01:12:11.214+0000] {logging_mixin.py:150} INFO - [2026-09-17T01:12:11.214+0000] {dag.py:3504} INFO - Setting next_dagrun for example_subdag_operator.section-1 to None, run_after=None
[2026-09-17T01:12:11.214+0000] {logging_mixin.py:150} INFO - [2026-09-17T01:12:11.214+0000] {dag.py:3504} INFO - Setting next_dagrun for example_subdag_operator.section-2 to None, run_after=None
[2026-09-17T01:12:11.232+0000] {processor.py:179} INFO - Processing /home/vscode/.local/lib/python3.10/site-packages/airflow/example_dags/example_subdag_operator.py took 0.181 seconds
[2026-09-17T01:12:45.931+0000] {processor.py:157} INFO - Started process (PID=31572) to work on /home/vscode/.local/lib/python3.10/site-packages/airflow/example_dags/example_subdag_operator.py
[2026-09-17T01:12:45.932+0000] {processor.py:826} INFO - Processing file /home/vscode/.local/lib/python3.10/site-packages/airflow/example_dags/example_subdag_operator.py for tasks to queue
[2026-09-17T01:12:45.933+0000] {logging_mixin.py:150} INFO - [2026-09-17T01:12:45.933+0000] {dagbag.py:541} INFO - Filling up the DagBag from /home/vscode/.local/lib/python3.10/site-packages/airflow/example_dags/example_subdag_operator.py
[2026-09-17T01:12:45.967+0000] {processor.py:836} INFO - DAG(s) dict_keys(['example_subdag_operator.section-1', 'example_subdag_operator.section-2', 'example_subdag_operator']) retrieved from /home/vscode/.local/lib/python3.10/site-packages/airflow/example_dags/example_subdag_operator.py
[2026-09-17T01:12:45.985+0000] {logging_mixin.py:150} INFO - [2026-09-17T01:12:45.985+0000] {dag.py:2742} INFO - Sync 3 DAGs
[2026-09-17T01:12:46.007+0000] {logging_mixin.py:150} INFO - [2026-09-17T01:12:46.007+0000] {dag.py:3504} INFO - Setting next_dagrun for example_subdag_operator to 2022-01-01T00:00:00+00:00, run_after=2022-01-01T00:00:00+00:00
[2026-09-17T01:12:46.010+0000] {logging_mixin.py:150} INFO - [2026-09-17T01:12:46.010+0000] {dag.py:3504} INFO - Setting next_dagrun for example_subdag_operator.section-1 to None, run_after=None
[2026-09-17T01:12:46.011+0000] {logging_mixin.py:150} INFO - [2026-09-17T01:12:46.011+0000] {dag.py:3504} INFO - Setting next_dagrun for example_subdag_operator.section-2 to None, run_after=None
[2026-09-17T01:12:46.026+0000] {logging_mixin.py:150} INFO - [2026-09-17T01:12:46.026+0000] {dag.py:2742} INFO - Sync 2 DAGs
[2026-09-17T01:12:46.032+0000] {logging_mixin.py:150} INFO - [2026-09-17T01:12:46.031+0000] {dag.py:3504} INFO - Setting next_dagrun for example_subdag_operator.section-1 to None, run_after=None
[2026-09-17T01:12:46.032+0000] {logging_mixin.py:150} INFO - [2026-09-17T01:12:46.032+0000] {dag.py:3504} INFO - Setting next_dagrun for example_subdag_operator.section-2 to None, run_after=None
[2026-09-17T01:12:46.052+0000] {processor.py:179} INFO - Processing /home/vscode/.local/lib/python3.10/site-packages/airflow/example_dags/example_subdag_operator.py took 0.123 seconds
[2026-09-17T01:12:57.241+0000] {processor.py:157} INFO - Started process (PID=31670) to work on /home/vscode/.local/lib/python3.10/site-packages/airflow/example_dags/example_subdag_operator.py
[2026-09-17T01:12:57.241+0000] {processor.py:826} INFO - Processing file /home/vscode/.local/lib/python3.10/site-packages/airflow/example_dags/example_subdag_operator.py for tasks to queue
[2026-09-17T01:12:57.242+0000] {logging_mixin.py:150} INFO - [2026-09-17T01:12:57.242+0000] {dagbag.py:541} INFO - Filling up the DagBag from /home/vscode/.local/lib/python3.10/site-packages/airflow/example_dags/example_subdag_operator.py
[2026-09-17T01:12:57.257+0000] {processor.py:836} INFO - DAG(s) dict_keys(['example_subdag_operator.section-1', 'example_subdag_operator.section-2', 'example_subdag_operator']) retrieved from /home/vscode/.local/lib/python3.10/site-packages/airflow/example_dags/example_subdag_operator.py
[2026-09-17T01:12:57.269+0000] {logging_mixin.py:150} INFO - [2026-09-17T01:12:57.268+0000] {dag.py:2742} INFO - Sync 3 DAGs
[2026-09-17T01:12:57.283+0000] {logging_mixin.py:150} INFO - [2026-09-17T01:12:57.283+0000] {dag.py:3504} INFO - Setting next_dagrun for example_subdag_operator to 2022-01-01T00:00:00+00:00, run_after=2022-01-01T00:00:00+00:00
[2026-09-17T01:12:57.286+0000] {logging_mixin.py:150} INFO - [2026-09-17T01:12:57.285+0000] {dag.py:3504} INFO - Setting next_dagrun for example_subdag_operator.section-1 to None, run_after=None
[2026-09-17T01:12:57.286+0000] {logging_mixin.py:150} INFO - [2026-09-17T01:12:57.286+0000] {dag.py:3504} INFO - Setting next_dagrun for example_subdag_operator.section-2 to None, run_after=None
[2026-09-17T01:12:57.292+0000] {logging_mixin.py:150} INFO - [2026-09-17T01:12:57.292+0000] {dag.py:2742} INFO - Sync 2 DAGs
[2026-09-17T01:12:57.296+0000] {logging_mixin.py:150} INFO - [2026-09-17T01:12:57.295+0000] {dag.py:3504} INFO - Setting next_dagrun for example_subdag_operator.section-1 to None, run_after=None
[2026-09-17T01:12:57.296+0000] {logging_mixin.py:150} INFO - [2026-09-17T01:12:57.296+0000] {dag.py:3504} INFO - Setting next_dagrun for example_subdag_operator.section-2 to None, run_after=None
[2026-09-17T01:12:57.309+0000] {processor.py:179} INFO - Processing /home/vscode/.local/lib/python3.10/site-packages/airflow/example_dags/example_subdag_operator.py took 0.071 seconds
[2026-09-17T01:13:36.762+0000] {processor.py:157} INFO - Started process (PID=31998) to work on /home/vscode/.local/lib/python3.10/site-packages/airflow/example_dags/example_subdag_operator.py
[2026-09-17T01:13:36.763+0000] {processor.py:826} INFO - Processing file /home/vscode/.local/lib/python3.10/site-packages/airflow/example_dags/example_subdag_operator.py for tasks to queue
[2026-09-17T01:13:36.764+0000] {logging_mixin.py:150} INFO - [2026-09-17T01:13:36.763+0000] {dagbag.py:541} INFO - Filling up the DagBag from /home/vscode/.local/lib/python3.10/site-packages/airflow/example_dags/example_subdag_operator.py
[2026-09-17T01:13:36.794+0000] {processor.py:836} INFO - DAG(s) dict_keys(['example_subdag_operator.section-1', 'example_subdag_operator.section-2', 'example_subdag_operator']) retrieved from /home/vscode/.local/lib/python3.10/site-packages/airflow/example_dags/example_subdag_operator.py
[2026-09-17T01:13:36.817+0000] {logging_mixin.py:150} INFO - [2026-09-17T01:13:36.817+0000] {dag.py:2742} INFO - Sync 3 DAGs
[2026-09-17T01:13:36.841+0000] {logging_mixin.py:150} INFO - [2026-09-17T01:13:36.841+0000] {dag.py:3504} INFO - Setting next_dagrun for example_subdag_operator to 2022-01-01T00:00:00+00:00, run_after=2022-01-01T00:00:00+00:00
[2026-09-17T01:13:36.844+0000] {logging_mixin.py:150} INFO - [2026-09-17T01:13:36.844+0000] {dag.py:3504} INFO - Setting next_dagrun for example_subdag_operator.section-1 to None, run_after=None
[2026-09-17T01:13:36.845+0000] {logging_mixin.py:150} INFO - [2026-09-17T01:13:36.845+0000] {dag.py:3504} INFO - Setting next_dagrun for example_subdag_operator.section-2 to None, run_after=None
[2026-09-17T01:13:36.855+0000] {logging_mixin.py:150} INFO - [2026-09-17T01:13:36.855+0000] {dag.py:2742} INFO - Sync 2 DAGs
[2026-09-17T01:13:36.862+0000] {logging_mixin.py:150} INFO - [2026-09-17T01:13:36.862+0000] {dag.py:3504} INFO - Setting next_dagrun for example_subdag_operator.section-1 to None, run_after=None
[2026-09-17T01:13:36.862+0000] {logging_mixin.py:150} INFO - [2026-09-17T01:13:36.862+0000] {dag.py:3504} INFO - Setting next_dagrun for example_subdag_operator.section-2 to None, run_after=None
[2026-09-17T01:13:36.877+0000] {processor.py:179} INFO - Processing /home/vscode/.local/lib/python3.10/site-packages/airflow/example_dags/example_subdag_operator.py took 0.119 seconds
[2026-09-17T01:13:40.755+0000] {processor.py:157} INFO - Started process (PID=32038) to work on /home/vscode/.local/lib/python3.10/site-packages/airflow/example_dags/example_subdag_operator.py
[2026-09-17T01:13:40.756+0000] {processor.py:826} INFO - Processing file /home/vscode/.local/lib/python3.10/site-packages/airflow/example_dags/example_subdag_operator.py for tasks to queue
[2026-09-17T01:13:40.757+0000] {logging_mixin.py:150} INFO - [2026-09-17T01:13:40.757+0000] {dagbag.py:541} INFO - Filling up the DagBag from /home/vscode/.local/lib/python3.10/site-packages/airflow/example_dags/example_subdag_operator.py
[2026-09-17T01:13:40.772+0000] {processor.py:836} INFO - DAG(s) dict_keys(['example_subdag_operator.section-1', 'example_subdag_operator.section-2', 'example_subdag_operator']) retrieved from /home/vscode/.local/lib/python3.10/site-packages/airflow/example_dags/example_subdag_operator.py
[2026-09-17T01:13:40.786+0000] {logging_mixin.py:150} INFO - [2026-09-17T01:13:40.786+0000] {dag.py:2742} INFO - Sync 3 DAGs
[2026-09-17T01:13:40.810+0000] {logging_mixin.py:150} INFO - [2026-09-17T01:13:40.810+0000] {dag.py:3504} INFO - Setting next_dagrun for example_subdag_operator to 2022-01-01T00:00:00+00:00, run_after=2022-01-01T00:00:00+00:00
[2026-09-17T01:13:40.813+0000] {logging_mixin.py:150} INFO - [2026-09-17T01:13:40.812+0000] {dag.py:3504} INFO - Setting next_dagrun for example_subdag_operator.section-1 to None, run_after=None
[2026-09-17T01:13:40.813+0000] {logging_mixin.py:150} INFO - [2026-09-17T01:13:40.813+0000] {dag.py:3504} INFO - Setting next_dagrun for example_subdag_operator.section-2 to None, run_after=None
[2026-09-17T01:13:40.818+0000] {logging_mixin.py:150} INFO - [2026-09-17T01:13:40.817+0000] {dag.py:2742} INFO - Sync 2 DAGs
[2026-09-17T01:13:40.821+0000] {logging_mixin.py:150} INFO - [2026-09-17T01:13:40.820+0000] {dag.py:3504} INFO - Setting next_dagrun for example_subdag_operator.section-1 to None, run_after=None
[2026-09-17T01:13:40.821+0000] {logging_mixin.py:150} INFO - [2026-09-17T01:13:40.821+0000] {dag.py:3504} INFO - Setting next_dagrun for example_subdag_operator.section-2 to None, run_after=None
[2026-09-17T01:13:40.833+0000] {processor.py:179} INFO - Processing /home/vscode/.local/lib/python3.10/site-packages/airflow/example_dags/example_subdag_operator.py took 0.080 seconds
[2026-09-17T01:14:25.562+0000] {processor.py:157} INFO - Started process (PID=32410) to work on /home/vscode/.local/lib/python3.10/site-packages/airflow/example_dags/example_subdag_operator.py
[2026-09-17T01:14:25.563+0000] {processor.py:826} INFO - Processing file /home/vscode/.local/lib/python3.10/site-packages/airflow/example_dags/example_subdag_operator.py for tasks to queue
[2026-09-17T01:14:25.564+0000] {logging_mixin.py:150} INFO - [2026-09-17T01:14:25.563+0000] {dagbag.py:541} INFO - Filling up the DagBag from /home/vscode/.local/lib/python3.10/site-packages/airflow/example_dags/example_subdag_operator.py
[2026-09-17T01:14:25.579+0000] {processor.py:836} INFO - DAG(s) dict_keys(['example_subdag_operator.section-1', 'example_subdag_operator.section-2', 'example_subdag_operator']) retrieved from /home/vscode/.local/lib/python3.10/site-packages/airflow/example_dags/example_subdag_operator.py
[2026-09-17T01:14:25.596+0000] {logging_mixin.py:150} INFO - [2026-09-17T01:14:25.596+0000] {dag.py:2742} INFO - Sync 3 DAGs
[2026-09-17T01:14:25.615+0000] {logging_mixin.py:150} INFO - [2026-09-17T01:14:25.614+0000] {dag.py:3504} INFO - Setting next_dagrun for example_subdag_operator to 2022-01-01T00:00:00+00:00, run_after=2022-01-01T00:00:00+00:00
[2026-09-17T01:14:25.617+0000] {logging_mixin.py:150} INFO - [2026-09-17T01:14:25.617+0000] {dag.py:3504} INFO - Setting next_dagrun for example_subdag_operator.section-1 to None, run_after=None
[2026-09-17T01:14:25.618+0000] {logging_mixin.py:150} INFO - [2026-09-17T01:14:25.617+0000] {dag.py:3504} INFO - Setting next_dagrun for example_subdag_operator.section-2 to None, run_after=None
[2026-09-17T01:14:25.622+0000] {logging_mixin.py:150} INFO - [2026-09-17T01:14:25.622+0000] {dag.py:2742} INFO - Sync 2 DAGs
[2026-09-17T01:14:25.625+0000] {logging_mixin.py:150} INFO - [2026-09-17T01:14:25.625+0000] {dag.py:3504} INFO - Setting next_dagrun for example_subdag_operator.section-1 to None, run_after=None
[2026-09-17T01:14:25.626+0000] {logging_mixin.py:150} INFO - [2026-09-17T01:14:25.626+0000] {dag.py:3504} INFO - Setting next_dagrun for example_subdag_operator.section-2 to None, run_after=None
[2026-09-17T01:14:25.637+0000] {processor.py:179} INFO - Processing /home/vscode/.local/lib/python3.10/site-packages/airflow/example_dags/example_subdag_operator.py took 0.077 seconds
[2026-09-17T01:14:30.977+0000] {processor.py:157} INFO - Started process (PID=32465) to work on /home/vscode/.local/lib/python3.10/site-packages/airflow/example_dags/example_subdag_operator.py
[2026-09-17T01:14:30.978+0000] {processor.py:826} INFO - Processing file /home/vscode/.local/lib/python3.10/site-packages/airflow/example_dags/example_subdag_operator.py for tasks to queue
[2026-09-17T01:14:30.979+0000] {logging_mixin.py:150} INFO - [2026-09-17T01:14:30.978+0000] {dagbag.py:541} INFO - Filling up the DagBag from /home/vscode/.local/lib/python3.10/site-packages/airflow/example_dags/example_subdag_operator.py
[2026-09-17T01:14:31.010+0000] {processor.py:836} INFO - DAG(s) dict_keys(['example_subdag_operator.section-1', 'example_subdag_operator.section-2', 'example_subdag_operator']) retrieved from /home/vscode/.local/lib/python3.10/site-packages/airflow/example_dags/example_subdag_operator.py
[2026-09-17T01:14:31.032+0000] {logging_mixin.py:150} INFO - [2026-09-17T01:14:31.032+0000] {dag.py:2742} INFO - Sync 3 DAGs
[2026-09-17T01:14:31.051+0000] {logging_mixin.py:150} INFO - [2026-09-17T01:14:31.051+0000] {dag.py:3504} INFO - Setting next_dagrun for example_subdag_operator to 2022-01-01T00:00:00+00:00, run_after=2022-01-01T00:00:00+00:00
[2026-09-17T01:14:31.054+0000] {logging_mixin.py:150} INFO - [2026-09-17T01:14:31.054+0000] {dag.py:3504} INFO - Setting next_dagrun for example_subdag_operator.section-1 to None, run_after=None
[2026-09-17T01:14:31.055+0000] {logging_mixin.py:150} INFO - [2026-09-17T01:14:31.055+0000] {dag.py:3504} INFO - Setting next_dagrun for example_subdag_operator.section-2 to None, run_after=None
[2026-09-17T01:14:31.060+0000] {logging_mixin.py:150} INFO - [2026-09-17T01:14:31.060+0000] {dag.py:2742} INFO - Sync 2 DAGs
[2026-09-17T01:14:31.065+0000] {logging_mixin.py:150} INFO - [2026-09-17T01:14:31.064+0000] {dag.py:3504} INFO - Setting next_dagrun for example_subdag_operator.section-1 to None, run_after=None
[2026-09-17T01:14:31.065+0000] {logging_mixin.py:150} INFO - [2026-09-17T01:14:31.065+0000] {dag.py:3504} INFO - Setting next_dagrun for example_subdag_operator.section-2 to None, run_after=None
[2026-09-17T01:14:31.079+0000] {processor.py:179} INFO - Processing /home/vscode/.local/lib/python3.10/site-packages/airflow/example_dags/example_subdag_operator.py took 0.105 seconds
[2026-09-17T01:15:14.657+0000] {processor.py:157} INFO - Started process (PID=32836) to work on /home/vscode/.local/lib/python3.10/site-packages/airflow/example_dags/example_subdag_operator.py
[2026-09-17T01:15:14.658+0000] {processor.py:826} INFO - Processing file /home/vscode/.local/lib/python3.10/site-packages/airflow/example_dags/example_subdag_operator.py for tasks to queue
[2026-09-17T01:15:14.658+0000] {logging_mixin.py:150} INFO - [2026-09-17T01:15:14.658+0000] {dagbag.py:541} INFO - Filling up the DagBag from /home/vscode/.local/lib/python3.10/site-packages/airflow/example_dags/example_subdag_operator.py
[2026-09-17T01:15:14.681+0000] {processor.py:836} INFO - DAG(s) dict_keys(['example_subdag_operator.section-1', 'example_subdag_operator.section-2', 'example_subdag_operator']) retrieved from /home/vscode/.local/lib/python3.10/site-packages/airflow/example_dags/example_subdag_operator.py
[2026-09-17T01:15:14.693+0000] {logging_mixin.py:150} INFO - [2026-09-17T01:15:14.693+0000] {dag.py:2742} INFO - Sync 3 DAGs
[2026-09-17T01:15:14.708+0000] {logging_mixin.py:150} INFO - [2026-09-17T01:15:14.708+0000] {dag.py:3504} INFO - Setting next_dagrun for example_subdag_operator to 2022-01-01T00:00:00+00:00, run_after=2022-01-01T00:00:00+00:00
[2026-09-17T01:15:14.710+0000] {logging_mixin.py:150} INFO - [2026-09-17T01:15:14.710+0000] {dag.py:3504} INFO - Setting next_dagrun for example_subdag_operator.section-1 to None, run_after=None
[2026-09-17T01:15:14.711+0000] {logging_mixin.py:150} INFO - [2026-09-17T01:15:14.711+0000] {dag.py:3504} INFO - Setting next_dagrun for example_subdag_operator.section-2 to None, run_after=None
[2026-09-17T01:15:14.715+0000] {logging_mixin.py:150} INFO - [2026-09-17T01:15:14.715+0000] {dag.py:2742} INFO - Sync 2 DAGs
[2026-09-17T01:15:14.718+0000] {logging_mixin.py:150} INFO - [2026-09-17T01:15:14.718+0000] {dag.py:3504} INFO - Setting next_dagrun for example_subdag_operator.section-1 to None, run_after=None
[2026-09-17T01:15:14.718+0000] {logging_mixin.py:150} INFO - [2026-09-17T01:15:14.718+0000] {dag.py:3504} INFO - Setting next_dagrun for example_subdag_operator.section-2 to None, run_after=None
[2026-09-17T01:15:14.731+0000] {processor.py:179} INFO - Processing /home/vscode/.local/lib/python3.10/site-packages/airflow/example_dags/example_subdag_operator.py took 0.077 seconds
[2026-09-17T01:15:19.627+0000] {processor.py:157} INFO - Started process (PID=32878) to work on /home/vscode/.local/lib/python3.10/site-packages/airflow/example_dags/example_subdag_operator.py
[2026-09-17T01:15:19.627+0000] {processor.py:826} INFO - Processing file /home/vscode/.local/lib/python3.10/site-packages/airflow/example_dags/example_subdag_operator.py for tasks to queue
[2026-09-17T01:15:19.628+0000] {logging_mixin.py:150} INFO - [2026-09-17T01:15:19.628+0000] {dagbag.py:541} INFO - Filling up the DagBag from /home/vscode/.local/lib/python3.10/site-packages/airflow/example_dags/example_subdag_operator.py
[2026-09-17T01:15:19.645+0000] {processor.py:836} INFO - DAG(s) dict_keys(['example_subdag_operator.section-1', 'example_subdag_operator.section-2', 'example_subdag_operator']) retrieved from /home/vscode/.local/lib/python3.10/site-packages/airflow/example_dags/example_subdag_operator.py
[2026-09-17T01:15:19.656+0000] {logging_mixin.py:150} INFO - [2026-09-17T01:15:19.656+0000] {dag.py:2742} INFO - Sync 3 DAGs
[2026-09-17T01:15:19.671+0000] {logging_mixin.py:150} INFO - [2026-09-17T01:15:19.671+0000] {dag.py:3504} INFO - Setting next_dagrun for example_subdag_operator to 2022-01-01T00:00:00+00:00, run_after=2022-01-01T00:00:00+00:00
[2026-09-17T01:15:19.673+0000] {logging_mixin.py:150} INFO - [2026-09-17T01:15:19.673+0000] {dag.py:3504} INFO - Setting next_dagrun for example_subdag_operator.section-1 to None, run_after=None
[2026-09-17T01:15:19.674+0000] {logging_mixin.py:150} INFO - [2026-09-17T01:15:19.673+0000] {dag.py:3504} INFO - Setting next_dagrun for example_subdag_operator.section-2 to None, run_after=None
[2026-09-17T01:15:19.678+0000] {logging_mixin.py:150} INFO - [2026-09-17T01:15:19.678+0000] {dag.py:2742} INFO - Sync 2 DAGs
[2026-09-17T01:15:19.681+0000] {logging_mixin.py:150} INFO - [2026-09-17T01:15:19.681+0000] {dag.py:3504} INFO - Setting next_dagrun for example_subdag_operator.section-1 to None, run_after=None
[2026-09-17T01:15:19.682+0000] {logging_mixin.py:150} INFO - [2026-09-17T01:15:19.681+0000] {dag.py:3504} INFO - Setting next_dagrun for example_subdag_operator.section-2 to None, run_after=None
[2026-09-17T01:15:19.700+0000] {processor.py:179} INFO - Processing /home/vscode/.local/lib/python3.10/site-packages/airflow/example_dags/example_subdag_operator.py took 0.076 seconds
[2026-09-17T01:15:58.120+0000] {processor.py:157} INFO - Started process (PID=33238) to work on /home/vscode/.local/lib/python3.10/site-packages/airflow/example_dags/example_subdag_operator.py
[2026-09-17T01:15:58.123+0000] {processor.py:826} INFO - Processing file /home/vscode/.local/lib/python3.10/site-packages/airflow/example_dags/example_subdag_operator.py for tasks to queue
[2026-09-17T01:15:58.124+0000] {logging_mixin.py:150} INFO - [2026-09-17T01:15:58.123+0000] {dagbag.py:541} INFO - Filling up the DagBag from /home/vscode/.local/lib/python3.10/site-packages/airflow/example_dags/example_subdag_operator.py
[2026-09-17T01:15:58.151+0000] {processor.py:836} INFO - DAG(s) dict_keys(['example_subdag_operator.section-1', 'example_subdag_operator.section-2', 'example_subdag_operator']) retrieved from /home/vscode/.local/lib/python3.10/site-packages/airflow/example_dags/example_subdag_operator.py
[2026-09-17T01:15:58.165+0000] {logging_mixin.py:150} INFO - [2026-09-17T01:15:58.165+0000] {dag.py:2742} INFO - Sync 3 DAGs
[2026-09-17T01:15:58.179+0000] {logging_mixin.py:150} INFO - [2026-09-17T01:15:58.179+0000] {dag.py:3504} INFO - Setting next_dagrun for example_subdag_operator to 2022-01-01T00:00:00+00:00, run_after=2022-01-01T00:00:00+00:00
[2026-09-17T01:15:58.182+0000] {logging_mixin.py:150} INFO - [2026-09-17T01:15:58.182+0000] {dag.py:3504} INFO - Setting next_dagrun for example_subdag_operator.section-1 to None, run_after=None
[2026-09-17T01:15:58.183+0000] {logging_mixin.py:150} INFO - [2026-09-17T01:15:58.183+0000] {dag.py:3504} INFO - Setting next_dagrun for example_subdag_operator.section-2 to None, run_after=None
[2026-09-17T01:15:58.189+0000] {logging_mixin.py:150} INFO - [2026-09-17T01:15:58.189+0000] {dag.py:2742} INFO - Sync 2 DAGs
[2026-09-17T01:15:58.193+0000] {logging_mixin.py:150} INFO - [2026-09-17T01:15:58.193+0000] {dag.py:3504} INFO - Setting next_dagrun for example_subdag_operator.section-1 to None, run_after=None
[2026-09-17T01:15:58.193+0000] {logging_mixin.py:150} INFO - [2026-09-17T01:15:58.193+0000] {dag.py:3504} INFO - Setting next_dagrun for example_subdag_operator.section-2 to None, run_after=None
[2026-09-17T01:15:58.207+0000] {processor.py:179} INFO - Processing /home/vscode/.local/lib/python3.10/site-packages/airflow/example_dags/example_subdag_operator.py took 0.095 seconds
[2026-09-17T01:16:11.397+0000] {processor.py:157} INFO - Started process (PID=33348) to work on /home/vscode/.local/lib/python3.10/site-packages/airflow/example_dags/example_subdag_operator.py
[2026-09-17T01:16:11.397+0000] {processor.py:826} INFO - Processing file /home/vscode/.local/lib/python3.10/site-packages/airflow/example_dags/example_subdag_operator.py for tasks to queue
[2026-09-17T01:16:11.398+0000] {logging_mixin.py:150} INFO - [2026-09-17T01:16:11.398+0000] {dagbag.py:541} INFO - Filling up the DagBag from /home/vscode/.local/lib/python3.10/site-packages/airflow/example_dags/example_subdag_operator.py
[2026-09-17T01:16:11.415+0000] {processor.py:836} INFO - DAG(s) dict_keys(['example_subdag_operator.section-1', 'example_subdag_operator.section-2', 'example_subdag_operator']) retrieved from /home/vscode/.local/lib/python3.10/site-packages/airflow/example_dags/example_subdag_operator.py
[2026-09-17T01:16:11.427+0000] {logging_mixin.py:150} INFO - [2026-09-17T01:16:11.427+0000] {dag.py:2742} INFO - Sync 3 DAGs
[2026-09-17T01:16:11.442+0000] {logging_mixin.py:150} INFO - [2026-09-17T01:16:11.441+0000] {dag.py:3504} INFO - Setting next_dagrun for example_subdag_operator to 2022-01-01T00:00:00+00:00, run_after=2022-01-01T00:00:00+00:00
[2026-09-17T01:16:11.444+0000] {logging_mixin.py:150} INFO - [2026-09-17T01:16:11.444+0000] {dag.py:3504} INFO - Setting next_dagrun for example_subdag_operator.section-1 to None, run_after=None
[2026-09-17T01:16:11.444+0000] {logging_mixin.py:150} INFO - [2026-09-17T01:16:11.444+0000] {dag.py:3504} INFO - Setting next_dagrun for example_subdag_operator.section-2 to None, run_after=None
[2026-09-17T01:16:11.449+0000] {logging_mixin.py:150} INFO - [2026-09-17T01:16:11.449+0000] {dag.py:2742} INFO - Sync 2 DAGs
[2026-09-17T01:16:11.452+0000] {logging_mixin.py:150} INFO - [2026-09-17T01:16:11.452+0000] {dag.py:3504} INFO - Setting next_dagrun for example_subdag_operator.section-1 to None, run_after=None
[2026-09-17T01:16:11.452+0000] {logging_mixin.py:150} INFO - [2026-09-17T01:16:11.452+0000] {dag.py:3504} INFO - Setting next_dagrun for example_subdag_operator.section-2 to None, run_after=None
[2026-09-17T01:16:11.463+0000] {processor.py:179} INFO - Processing /home/vscode/.local/lib/python3.10/site-packages/airflow/example_dags/example_subdag_operator.py took 0.070 seconds
[2026-09-17T01:16:49.724+0000] {processor.py:157} INFO - Started process (PID=33680) to work on /home/vscode/.local/lib/python3.10/site-packages/airflow/example_dags/example_subdag_operator.py
[2026-09-17T01:16:49.725+0000] {processor.py:826} INFO - Processing file /home/vscode/.local/lib/python3.10/site-packages/airflow/example_dags/example_subdag_operator.py for tasks to queue
[2026-09-17T01:16:49.725+0000] {logging_mixin.py:150} INFO - [2026-09-17T01:16:49.725+0000] {dagbag.py:541} INFO - Filling up the DagBag from /home/vscode/.local/lib/python3.10/site-packages/airflow/example_dags/example_subdag_operator.py
[2026-09-17T01:16:49.748+0000] {processor.py:836} INFO - DAG(s) dict_keys(['example_subdag_operator.section-1', 'example_subdag_operator.section-2', 'example_subdag_operator']) retrieved from /home/vscode/.local/lib/python3.10/site-packages/airflow/example_dags/example_subdag_operator.py
[2026-09-17T01:16:49.766+0000] {logging_mixin.py:150} INFO - [2026-09-17T01:16:49.765+0000] {dag.py:2742} INFO - Sync 3 DAGs
[2026-09-17T01:16:49.783+0000] {logging_mixin.py:150} INFO - [2026-09-17T01:16:49.783+0000] {dag.py:3504} INFO - Setting next_dagrun for example_subdag_operator to 2022-01-01T00:00:00+00:00, run_after=2022-01-01T00:00:00+00:00
[2026-09-17T01:16:49.786+0000] {logging_mixin.py:150} INFO - [2026-09-17T01:16:49.785+0000] {dag.py:3504} INFO - Setting next_dagrun for example_subdag_operator.section-1 to None, run_after=None
[2026-09-17T01:16:49.786+0000] {logging_mixin.py:150} INFO - [2026-09-17T01:16:49.786+0000] {dag.py:3504} INFO - Setting next_dagrun for example_subdag_operator.section-2 to None, run_after=None
[2026-09-17T01:16:49.792+0000] {logging_mixin.py:150} INFO - [2026-09-17T01:16:49.792+0000] {dag.py:2742} INFO - Sync 2 DAGs
[2026-09-17T01:16:49.796+0000] {logging_mixin.py:150} INFO - [2026-09-17T01:16:49.796+0000] {dag.py:3504} INFO - Setting next_dagrun for example_subdag_operator.section-1 to None, run_after=None
[2026-09-17T01:16:49.797+0000] {logging_mixin.py:150} INFO - [2026-09-17T01:16:49.797+0000] {dag.py:3504} INFO - Setting next_dagrun for example_subdag_operator.section-2 to None, run_after=None
[2026-09-17T01:16:49.818+0000] {processor.py:179} INFO - Processing /home/vscode/.local/lib/python3.10/site-packages/airflow/example_dags/example_subdag_operator.py took 0.097 seconds
[2026-09-17T01:17:01.131+0000] {processor.py:157} INFO - Started process (PID=33776) to work on /home/vscode/.local/lib/python3.10/site-packages/airflow/example_dags/example_subdag_operator.py
[2026-09-17T01:17:01.132+0000] {processor.py:826} INFO - Processing file /home/vscode/.local/lib/python3.10/site-packages/airflow/example_dags/example_subdag_operator.py for tasks to queue
[2026-09-17T01:17:01.132+0000] {logging_mixin.py:150} INFO - [2026-09-17T01:17:01.132+0000] {dagbag.py:541} INFO - Filling up the DagBag from /home/vscode/.local/lib/python3.10/site-packages/airflow/example_dags/example_subdag_operator.py
[2026-09-17T01:17:01.156+0000] {processor.py:836} INFO - DAG(s) dict_keys(['example_subdag_operator.section-1', 'example_subdag_operator.section-2', 'example_subdag_operator']) retrieved from /home/vscode/.local/lib/python3.10/site-packages/airflow/example_dags/example_subdag_operator.py
[2026-09-17T01:17:01.191+0000] {logging_mixin.py:150} INFO - [2026-09-17T01:17:01.191+0000] {dag.py:2742} INFO - Sync 3 DAGs
[2026-09-17T01:17:01.225+0000] {logging_mixin.py:150} INFO - [2026-09-17T01:17:01.225+0000] {dag.py:3504} INFO - Setting next_dagrun for example_subdag_operator to 2022-01-01T00:00:00+00:00, run_after=2022-01-01T00:00:00+00:00
[2026-09-17T01:17:01.234+0000] {logging_mixin.py:150} INFO - [2026-09-17T01:17:01.234+0000] {dag.py:3504} INFO - Setting next_dagrun for example_subdag_operator.section-1 to None, run_after=None
[2026-09-17T01:17:01.235+0000] {logging_mixin.py:150} INFO - [2026-09-17T01:17:01.235+0000] {dag.py:3504} INFO - Setting next_dagrun for example_subdag_operator.section-2 to None, run_after=None
[2026-09-17T01:17:01.244+0000] {logging_mixin.py:150} INFO - [2026-09-17T01:17:01.243+0000] {dag.py:2742} INFO - Sync 2 DAGs
[2026-09-17T01:17:01.248+0000] {logging_mixin.py:150} INFO - [2026-09-17T01:17:01.248+0000] {dag.py:3504} INFO - Setting next_dagrun for example_subdag_operator.section-1 to None, run_after=None
[2026-09-17T01:17:01.248+0000] {logging_mixin.py:150} INFO - [2026-09-17T01:17:01.248+0000] {dag.py:3504} INFO - Setting next_dagrun for example_subdag_operator.section-2 to None, run_after=None
[2026-09-17T01:17:01.266+0000] {processor.py:179} INFO - Processing /home/vscode/.local/lib/python3.10/site-packages/airflow/example_dags/example_subdag_operator.py took 0.139 seconds
[2026-09-17T01:17:33.256+0000] {processor.py:157} INFO - Started process (PID=34048) to work on /home/vscode/.local/lib/python3.10/site-packages/airflow/example_dags/example_subdag_operator.py
[2026-09-17T01:17:33.256+0000] {processor.py:826} INFO - Processing file /home/vscode/.local/lib/python3.10/site-packages/airflow/example_dags/example_subdag_operator.py for tasks to queue
[2026-09-17T01:17:33.257+0000] {logging_mixin.py:150} INFO - [2026-09-17T01:17:33.257+0000] {dagbag.py:541} INFO - Filling up the DagBag from /home/vscode/.local/lib/python3.10/site-packages/airflow/example_dags/example_subdag_operator.py
[2026-09-17T01:17:33.272+0000] {processor.py:836} INFO - DAG(s) dict_keys(['example_subdag_operator.section-1', 'example_subdag_operator.section-2', 'example_subdag_operator']) retrieved from /home/vscode/.local/lib/python3.10/site-packages/airflow/example_dags/example_subdag_operator.py
[2026-09-17T01:17:33.285+0000] {logging_mixin.py:150} INFO - [2026-09-17T01:17:33.285+0000] {dag.py:2742} INFO - Sync 3 DAGs
[2026-09-17T01:17:33.302+0000] {logging_mixin.py:150} INFO - [2026-09-17T01:17:33.302+0000] {dag.py:3504} INFO - Setting next_dagrun for example_subdag_operator to 2022-01-01T00:00:00+00:00, run_after=2022-01-01T00:00:00+00:00
[2026-09-17T01:17:33.304+0000] {logging_mixin.py:150} INFO - [2026-09-17T01:17:33.304+0000] {dag.py:3504} INFO - Setting next_dagrun for example_subdag_operator.section-1 to None, run_after=None
[2026-09-17T01:17:33.305+0000] {logging_mixin.py:150} INFO - [2026-09-17T01:17:33.305+0000] {dag.py:3504} INFO - Setting next_dagrun for example_subdag_operator.section-2 to None, run_after=None
[2026-09-17T01:17:33.309+0000] {logging_mixin.py:150} INFO - [2026-09-17T01:17:33.309+0000] {dag.py:2742} INFO - Sync 2 DAGs
[2026-09-17T01:17:33.312+0000] {logging_mixin.py:150} INFO - [2026-09-17T01:17:33.312+0000] {dag.py:3504} INFO - Setting next_dagrun for example_subdag_operator.section-1 to None, run_after=None
[2026-09-17T01:17:33.312+0000] {logging_mixin.py:150} INFO - [2026-09-17T01:17:33.312+0000] {dag.py:3504} INFO - Setting next_dagrun for example_subdag_operator.section-2 to None, run_after=None
[2026-09-17T01:17:33.324+0000] {processor.py:179} INFO - Processing /home/vscode/.local/lib/python3.10/site-packages/airflow/example_dags/example_subdag_operator.py took 0.071 seconds
[2026-09-17T01:17:50.549+0000] {processor.py:157} INFO - Started process (PID=34194) to work on /home/vscode/.local/lib/python3.10/site-packages/airflow/example_dags/example_subdag_operator.py
[2026-09-17T01:17:50.550+0000] {processor.py:826} INFO - Processing file /home/vscode/.local/lib/python3.10/site-packages/airflow/example_dags/example_subdag_operator.py for tasks to queue
[2026-09-17T01:17:50.550+0000] {logging_mixin.py:150} INFO - [2026-09-17T01:17:50.550+0000] {dagbag.py:541} INFO - Filling up the DagBag from /home/vscode/.local/lib/python3.10/site-packages/airflow/example_dags/example_subdag_operator.py
[2026-09-17T01:17:50.566+0000] {processor.py:836} INFO - DAG(s) dict_keys(['example_subdag_operator.section-1', 'example_subdag_operator.section-2', 'example_subdag_operator']) retrieved from /home/vscode/.local/lib/python3.10/site-packages/airflow/example_dags/example_subdag_operator.py
[2026-09-17T01:17:50.578+0000] {logging_mixin.py:150} INFO - [2026-09-17T01:17:50.578+0000] {dag.py:2742} INFO - Sync 3 DAGs
[2026-09-17T01:17:50.596+0000] {logging_mixin.py:150} INFO - [2026-09-17T01:17:50.596+0000] {dag.py:3504} INFO - Setting next_dagrun for example_subdag_operator to 2022-01-01T00:00:00+00:00, run_after=2022-01-01T00:00:00+00:00
[2026-09-17T01:17:50.599+0000] {logging_mixin.py:150} INFO - [2026-09-17T01:17:50.599+0000] {dag.py:3504} INFO - Setting next_dagrun for example_subdag_operator.section-1 to None, run_after=None
[2026-09-17T01:17:50.600+0000] {logging_mixin.py:150} INFO - [2026-09-17T01:17:50.600+0000] {dag.py:3504} INFO - Setting next_dagrun for example_subdag_operator.section-2 to None, run_after=None
[2026-09-17T01:17:50.605+0000] {logging_mixin.py:150} INFO - [2026-09-17T01:17:50.605+0000] {dag.py:2742} INFO - Sync 2 DAGs
[2026-09-17T01:17:50.608+0000] {logging_mixin.py:150} INFO - [2026-09-17T01:17:50.608+0000] {dag.py:3504} INFO - Setting next_dagrun for example_subdag_operator.section-1 to None, run_after=None
[2026-09-17T01:17:50.608+0000] {logging_mixin.py:150} INFO - [2026-09-17T01:17:50.608+0000] {dag.py:3504} INFO - Setting next_dagrun for example_subdag_operator.section-2 to None, run_after=None
[2026-09-17T01:17:50.620+0000] {processor.py:179} INFO - Processing /home/vscode/.local/lib/python3.10/site-packages/airflow/example_dags/example_subdag_operator.py took 0.073 seconds
[2026-09-17T01:18:10.803+0000] {processor.py:157} INFO - Started process (PID=34365) to work on /home/vscode/.local/lib/python3.10/site-packages/airflow/example_dags/example_subdag_operator.py
[2026-09-17T01:18:10.804+0000] {processor.py:826} INFO - Processing file /home/vscode/.local/lib/python3.10/site-packages/airflow/example_dags/example_subdag_operator.py for tasks to queue
[2026-09-17T01:18:10.805+0000] {logging_mixin.py:150} INFO - [2026-09-17T01:18:10.805+0000] {dagbag.py:541} INFO - Filling up the DagBag from /home/vscode/.local/lib/python3.10/site-packages/airflow/example_dags/example_subdag_operator.py
[2026-09-17T01:18:10.820+0000] {processor.py:836} INFO - DAG(s) dict_keys(['example_subdag_operator.section-1', 'example_subdag_operator.section-2', 'example_subdag_operator']) retrieved from /home/vscode/.local/lib/python3.10/site-packages/airflow/example_dags/example_subdag_operator.py
[2026-09-17T01:18:10.832+0000] {logging_mixin.py:150} INFO - [2026-09-17T01:18:10.832+0000] {dag.py:2742} INFO - Sync 3 DAGs
[2026-09-17T01:18:10.852+0000] {logging_mixin.py:150} INFO - [2026-09-17T01:18:10.852+0000] {dag.py:3504} INFO - Setting next_dagrun for example_subdag_operator to 2022-01-01T00:00:00+00:00, run_after=2022-01-01T00:00:00+00:00
[2026-09-17T01:18:10.854+0000] {logging_mixin.py:150} INFO - [2026-09-17T01:18:10.854+0000] {dag.py:3504} INFO - Setting next_dagrun for example_subdag_operator.section-1 to None, run_after=None
[2026-09-17T01:18:10.854+0000] {logging_mixin.py:150} INFO - [2026-09-17T01:18:10.854+0000] {dag.py:3504} INFO - Setting next_dagrun for example_subdag_operator.section-2 to None, run_after=None
[2026-09-17T01:18:10.859+0000] {logging_mixin.py:150} INFO - [2026-09-17T01:18:10.859+0000] {dag.py:2742} INFO - Sync 2 DAGs
[2026-09-17T01:18:10.862+0000] {logging_mixin.py:150} INFO - [2026-09-17T01:18:10.862+0000] {dag.py:3504} INFO - Setting next_dagrun for example_subdag_operator.section-1 to None, run_after=None
[2026-09-17T01:18:10.862+0000] {logging_mixin.py:150} INFO - [2026-09-17T01:18:10.862+0000] {dag.py:3504} INFO - Setting next_dagrun for example_subdag_operator.section-2 to None, run_after=None
[2026-09-17T01:18:10.873+0000] {processor.py:179} INFO - Processing /home/vscode/.local/lib/python3.10/site-packages/airflow/example_dags/example_subdag_operator.py took 0.072 seconds
[2026-09-17T01:18:36.370+0000] {processor.py:157} INFO - Started process (PID=34578) to work on /home/vscode/.local/lib/python3.10/site-packages/airflow/example_dags/example_subdag_operator.py
[2026-09-17T01:18:36.371+0000] {processor.py:826} INFO - Processing file /home/vscode/.local/lib/python3.10/site-packages/airflow/example_dags/example_subdag_operator.py for tasks to queue
[2026-09-17T01:18:36.372+0000] {logging_mixin.py:150} INFO - [2026-09-17T01:18:36.371+0000] {dagbag.py:541} INFO - Filling up the DagBag from /home/vscode/.local/lib/python3.10/site-packages/airflow/example_dags/example_subdag_operator.py
[2026-09-17T01:18:36.390+0000] {processor.py:836} INFO - DAG(s) dict_keys(['example_subdag_operator.section-1', 'example_subdag_operator.section-2', 'example_subdag_operator']) retrieved from /home/vscode/.local/lib/python3.10/site-packages/airflow/example_dags/example_subdag_operator.py
[2026-09-17T01:18:36.401+0000] {logging_mixin.py:150} INFO - [2026-09-17T01:18:36.401+0000] {dag.py:2742} INFO - Sync 3 DAGs
[2026-09-17T01:18:36.420+0000] {logging_mixin.py:150} INFO - [2026-09-17T01:18:36.420+0000] {dag.py:3504} INFO - Setting next_dagrun for example_subdag_operator to 2022-01-01T00:00:00+00:00, run_after=2022-01-01T00:00:00+00:00
[2026-09-17T01:18:36.423+0000] {logging_mixin.py:150} INFO - [2026-09-17T01:18:36.422+0000] {dag.py:3504} INFO - Setting next_dagrun for example_subdag_operator.section-1 to None, run_after=None
[2026-09-17T01:18:36.423+0000] {logging_mixin.py:150} INFO - [2026-09-17T01:18:36.423+0000] {dag.py:3504} INFO - Setting next_dagrun for example_subdag_operator.section-2 to None, run_after=None
[2026-09-17T01:18:36.428+0000] {logging_mixin.py:150} INFO - [2026-09-17T01:18:36.428+0000] {dag.py:2742} INFO - Sync 2 DAGs
[2026-09-17T01:18:36.431+0000] {logging_mixin.py:150} INFO - [2026-09-17T01:18:36.431+0000] {dag.py:3504} INFO - Setting next_dagrun for example_subdag_operator.section-1 to None, run_after=None
[2026-09-17T01:18:36.431+0000] {logging_mixin.py:150} INFO - [2026-09-17T01:18:36.431+0000] {dag.py:3504} INFO - Setting next_dagrun for example_subdag_operator.section-2 to None, run_after=None
[2026-09-17T01:18:36.443+0000] {processor.py:179} INFO - Processing /home/vscode/.local/lib/python3.10/site-packages/airflow/example_dags/example_subdag_operator.py took 0.075 seconds
[2026-09-17T01:18:58.032+0000] {processor.py:157} INFO - Started process (PID=34755) to work on /home/vscode/.local/lib/python3.10/site-packages/airflow/example_dags/example_subdag_operator.py
[2026-09-17T01:18:58.033+0000] {processor.py:826} INFO - Processing file /home/vscode/.local/lib/python3.10/site-packages/airflow/example_dags/example_subdag_operator.py for tasks to queue
[2026-09-17T01:18:58.034+0000] {logging_mixin.py:150} INFO - [2026-09-17T01:18:58.033+0000] {dagbag.py:541} INFO - Filling up the DagBag from /home/vscode/.local/lib/python3.10/site-packages/airflow/example_dags/example_subdag_operator.py
[2026-09-17T01:18:58.051+0000] {processor.py:836} INFO - DAG(s) dict_keys(['example_subdag_operator.section-1', 'example_subdag_operator.section-2', 'example_subdag_operator']) retrieved from /home/vscode/.local/lib/python3.10/site-packages/airflow/example_dags/example_subdag_operator.py
[2026-09-17T01:18:58.063+0000] {logging_mixin.py:150} INFO - [2026-09-17T01:18:58.063+0000] {dag.py:2742} INFO - Sync 3 DAGs
[2026-09-17T01:18:58.077+0000] {logging_mixin.py:150} INFO - [2026-09-17T01:18:58.077+0000] {dag.py:3504} INFO - Setting next_dagrun for example_subdag_operator to 2022-01-01T00:00:00+00:00, run_after=2022-01-01T00:00:00+00:00
[2026-09-17T01:18:58.079+0000] {logging_mixin.py:150} INFO - [2026-09-17T01:18:58.079+0000] {dag.py:3504} INFO - Setting next_dagrun for example_subdag_operator.section-1 to None, run_after=None
[2026-09-17T01:18:58.080+0000] {logging_mixin.py:150} INFO - [2026-09-17T01:18:58.080+0000] {dag.py:3504} INFO - Setting next_dagrun for example_subdag_operator.section-2 to None, run_after=None
[2026-09-17T01:18:58.085+0000] {logging_mixin.py:150} INFO - [2026-09-17T01:18:58.085+0000] {dag.py:2742} INFO - Sync 2 DAGs
[2026-09-17T01:18:58.089+0000] {logging_mixin.py:150} INFO - [2026-09-17T01:18:58.089+0000] {dag.py:3504} INFO - Setting next_dagrun for example_subdag_operator.section-1 to None, run_after=None
[2026-09-17T01:18:58.089+0000] {logging_mixin.py:150} INFO - [2026-09-17T01:18:58.089+0000] {dag.py:3504} INFO - Setting next_dagrun for example_subdag_operator.section-2 to None, run_after=None
[2026-09-17T01:18:58.104+0000] {processor.py:179} INFO - Processing /home/vscode/.local/lib/python3.10/site-packages/airflow/example_dags/example_subdag_operator.py took 0.074 seconds
[2026-09-17T01:19:24.639+0000] {processor.py:157} INFO - Started process (PID=34974) to work on /home/vscode/.local/lib/python3.10/site-packages/airflow/example_dags/example_subdag_operator.py
[2026-09-17T01:19:24.640+0000] {processor.py:826} INFO - Processing file /home/vscode/.local/lib/python3.10/site-packages/airflow/example_dags/example_subdag_operator.py for tasks to queue
[2026-09-17T01:19:24.640+0000] {logging_mixin.py:150} INFO - [2026-09-17T01:19:24.640+0000] {dagbag.py:541} INFO - Filling up the DagBag from /home/vscode/.local/lib/python3.10/site-packages/airflow/example_dags/example_subdag_operator.py
[2026-09-17T01:19:24.656+0000] {processor.py:836} INFO - DAG(s) dict_keys(['example_subdag_operator.section-1', 'example_subdag_operator.section-2', 'example_subdag_operator']) retrieved from /home/vscode/.local/lib/python3.10/site-packages/airflow/example_dags/example_subdag_operator.py
[2026-09-17T01:19:24.667+0000] {logging_mixin.py:150} INFO - [2026-09-17T01:19:24.667+0000] {dag.py:2742} INFO - Sync 3 DAGs
[2026-09-17T01:19:24.681+0000] {logging_mixin.py:150} INFO - [2026-09-17T01:19:24.681+0000] {dag.py:3504} INFO - Setting next_dagrun for example_subdag_operator to 2022-01-01T00:00:00+00:00, run_after=2022-01-01T00:00:00+00:00
[2026-09-17T01:19:24.684+0000] {logging_mixin.py:150} INFO - [2026-09-17T01:19:24.683+0000] {dag.py:3504} INFO - Setting next_dagrun for example_subdag_operator.section-1 to None, run_after=None
[2026-09-17T01:19:24.684+0000] {logging_mixin.py:150} INFO - [2026-09-17T01:19:24.684+0000] {dag.py:3504} INFO - Setting next_dagrun for example_subdag_operator.section-2 to None, run_after=None
[2026-09-17T01:19:24.689+0000] {logging_mixin.py:150} INFO - [2026-09-17T01:19:24.689+0000] {dag.py:2742} INFO - Sync 2 DAGs
[2026-09-17T01:19:24.693+0000] {logging_mixin.py:150} INFO - [2026-09-17T01:19:24.693+0000] {dag.py:3504} INFO - Setting next_dagrun for example_subdag_operator.section-1 to None, run_after=None
[2026-09-17T01:19:24.693+0000] {logging_mixin.py:150} INFO - [2026-09-17T01:19:24.693+0000] {dag.py:3504} INFO - Setting next_dagrun for example_subdag_operator.section-2 to None, run_after=None
[2026-09-17T01:19:24.710+0000] {processor.py:179} INFO - Processing /home/vscode/.local/lib/python3.10/site-packages/airflow/example_dags/example_subdag_operator.py took 0.073 seconds
[2026-09-17T01:19:44.933+0000] {processor.py:157} INFO - Started process (PID=35131) to work on /home/vscode/.local/lib/python3.10/site-packages/airflow/example_dags/example_subdag_operator.py
[2026-09-17T01:19:44.934+0000] {processor.py:826} INFO - Processing file /home/vscode/.local/lib/python3.10/site-packages/airflow/example_dags/example_subdag_operator.py for tasks to queue
[2026-09-17T01:19:44.934+0000] {logging_mixin.py:150} INFO - [2026-09-17T01:19:44.934+0000] {dagbag.py:541} INFO - Filling up the DagBag from /home/vscode/.local/lib/python3.10/site-packages/airflow/example_dags/example_subdag_operator.py
[2026-09-17T01:19:44.952+0000] {processor.py:836} INFO - DAG(s) dict_keys(['example_subdag_operator.section-1', 'example_subdag_operator.section-2', 'example_subdag_operator']) retrieved from /home/vscode/.local/lib/python3.10/site-packages/airflow/example_dags/example_subdag_operator.py
[2026-09-17T01:19:44.963+0000] {logging_mixin.py:150} INFO - [2026-09-17T01:19:44.963+0000] {dag.py:2742} INFO - Sync 3 DAGs
[2026-09-17T01:19:44.977+0000] {logging_mixin.py:150} INFO - [2026-09-17T01:19:44.977+0000] {dag.py:3504} INFO - Setting next_dagrun for example_subdag_operator to 2022-01-01T00:00:00+00:00, run_after=2022-01-01T00:00:00+00:00
[2026-09-17T01:19:44.979+0000] {logging_mixin.py:150} INFO - [2026-09-17T01:19:44.979+0000] {dag.py:3504} INFO - Setting next_dagrun for example_subdag_operator.section-1 to None, run_after=None
[2026-09-17T01:19:44.980+0000] {logging_mixin.py:150} INFO - [2026-09-17T01:19:44.980+0000] {dag.py:3504} INFO - Setting next_dagrun for example_subdag_operator.section-2 to None, run_after=None
[2026-09-17T01:19:44.985+0000] {logging_mixin.py:150} INFO - [2026-09-17T01:19:44.985+0000] {dag.py:2742} INFO - Sync 2 DAGs
[2026-09-17T01:19:44.988+0000] {logging_mixin.py:150} INFO - [2026-09-17T01:19:44.988+0000] {dag.py:3504} INFO - Setting next_dagrun for example_subdag_operator.section-1 to None, run_after=None
[2026-09-17T01:19:44.988+0000] {logging_mixin.py:150} INFO - [2026-09-17T01:19:44.988+0000] {dag.py:3504} INFO - Setting next_dagrun for example_subdag_operator.section-2 to None, run_after=None
[2026-09-17T01:19:44.999+0000] {processor.py:179} INFO - Processing /home/vscode/.local/lib/python3.10/site-packages/airflow/example_dags/example_subdag_operator.py took 0.069 seconds
[2026-09-17T01:20:13.838+0000] {processor.py:157} INFO - Started process (PID=35436) to work on /home/vscode/.local/lib/python3.10/site-packages/airflow/example_dags/example_subdag_operator.py
[2026-09-17T01:20:13.839+0000] {processor.py:826} INFO - Processing file /home/vscode/.local/lib/python3.10/site-packages/airflow/example_dags/example_subdag_operator.py for tasks to queue
[2026-09-17T01:20:13.840+0000] {logging_mixin.py:150} INFO - [2026-09-17T01:20:13.839+0000] {dagbag.py:541} INFO - Filling up the DagBag from /home/vscode/.local/lib/python3.10/site-packages/airflow/example_dags/example_subdag_operator.py
[2026-09-17T01:20:13.855+0000] {processor.py:836} INFO - DAG(s) dict_keys(['example_subdag_operator.section-1', 'example_subdag_operator.section-2', 'example_subdag_operator']) retrieved from /home/vscode/.local/lib/python3.10/site-packages/airflow/example_dags/example_subdag_operator.py
[2026-09-17T01:20:13.867+0000] {logging_mixin.py:150} INFO - [2026-09-17T01:20:13.867+0000] {dag.py:2742} INFO - Sync 3 DAGs
[2026-09-17T01:20:13.884+0000] {logging_mixin.py:150} INFO - [2026-09-17T01:20:13.883+0000] {dag.py:3504} INFO - Setting next_dagrun for example_subdag_operator to 2022-01-01T00:00:00+00:00, run_after=2022-01-01T00:00:00+00:00
[2026-09-17T01:20:13.886+0000] {logging_mixin.py:150} INFO - [2026-09-17T01:20:13.886+0000] {dag.py:3504} INFO - Setting next_dagrun for example_subdag_operator.section-1 to None, run_after=None
[2026-09-17T01:20:13.887+0000] {logging_mixin.py:150} INFO - [2026-09-17T01:20:13.887+0000] {dag.py:3504} INFO - Setting next_dagrun for example_subdag_operator.section-2 to None, run_after=None
[2026-09-17T01:20:13.894+0000] {logging_mixin.py:150} INFO - [2026-09-17T01:20:13.894+0000] {dag.py:2742} INFO - Sync 2 DAGs
[2026-09-17T01:20:13.899+0000] {logging_mixin.py:150} INFO - [2026-09-17T01:20:13.899+0000] {dag.py:3504} INFO - Setting next_dagrun for example_subdag_operator.section-1 to None, run_after=None
[2026-09-17T01:20:13.899+0000] {logging_mixin.py:150} INFO - [2026-09-17T01:20:13.899+0000] {dag.py:3504} INFO - Setting next_dagrun for example_subdag_operator.section-2 to None, run_after=None
[2026-09-17T01:20:13.916+0000] {processor.py:179} INFO - Processing /home/vscode/.local/lib/python3.10/site-packages/airflow/example_dags/example_subdag_operator.py took 0.081 seconds
[2026-09-17T01:20:34.168+0000] {processor.py:157} INFO - Started process (PID=35594) to work on /home/vscode/.local/lib/python3.10/site-packages/airflow/example_dags/example_subdag_operator.py
[2026-09-17T01:20:34.169+0000] {processor.py:826} INFO - Processing file /home/vscode/.local/lib/python3.10/site-packages/airflow/example_dags/example_subdag_operator.py for tasks to queue
[2026-09-17T01:20:34.170+0000] {logging_mixin.py:150} INFO - [2026-09-17T01:20:34.169+0000] {dagbag.py:541} INFO - Filling up the DagBag from /home/vscode/.local/lib/python3.10/site-packages/airflow/example_dags/example_subdag_operator.py
[2026-09-17T01:20:34.193+0000] {processor.py:836} INFO - DAG(s) dict_keys(['example_subdag_operator.section-1', 'example_subdag_operator.section-2', 'example_subdag_operator']) retrieved from /home/vscode/.local/lib/python3.10/site-packages/airflow/example_dags/example_subdag_operator.py
[2026-09-17T01:20:34.230+0000] {logging_mixin.py:150} INFO - [2026-09-17T01:20:34.230+0000] {dag.py:2742} INFO - Sync 3 DAGs
[2026-09-17T01:20:34.252+0000] {logging_mixin.py:150} INFO - [2026-09-17T01:20:34.252+0000] {dag.py:3504} INFO - Setting next_dagrun for example_subdag_operator to 2022-01-01T00:00:00+00:00, run_after=2022-01-01T00:00:00+00:00
[2026-09-17T01:20:34.254+0000] {logging_mixin.py:150} INFO - [2026-09-17T01:20:34.254+0000] {dag.py:3504} INFO - Setting next_dagrun for example_subdag_operator.section-1 to None, run_after=None
[2026-09-17T01:20:34.255+0000] {logging_mixin.py:150} INFO - [2026-09-17T01:20:34.255+0000] {dag.py:3504} INFO - Setting next_dagrun for example_subdag_operator.section-2 to None, run_after=None
[2026-09-17T01:20:34.260+0000] {logging_mixin.py:150} INFO - [2026-09-17T01:20:34.259+0000] {dag.py:2742} INFO - Sync 2 DAGs
[2026-09-17T01:20:34.262+0000] {logging_mixin.py:150} INFO - [2026-09-17T01:20:34.262+0000] {dag.py:3504} INFO - Setting next_dagrun for example_subdag_operator.section-1 to None, run_after=None
[2026-09-17T01:20:34.263+0000] {logging_mixin.py:150} INFO - [2026-09-17T01:20:34.263+0000] {dag.py:3504} INFO - Setting next_dagrun for example_subdag_operator.section-2 to None, run_after=None
[2026-09-17T01:20:34.277+0000] {processor.py:179} INFO - Processing /home/vscode/.local/lib/python3.10/site-packages/airflow/example_dags/example_subdag_operator.py took 0.113 seconds
[2026-09-17T01:21:02.110+0000] {processor.py:157} INFO - Started process (PID=35945) to work on /home/vscode/.local/lib/python3.10/site-packages/airflow/example_dags/example_subdag_operator.py
[2026-09-17T01:21:02.111+0000] {processor.py:826} INFO - Processing file /home/vscode/.local/lib/python3.10/site-packages/airflow/example_dags/example_subdag_operator.py for tasks to queue
[2026-09-17T01:21:02.112+0000] {logging_mixin.py:150} INFO - [2026-09-17T01:21:02.111+0000] {dagbag.py:541} INFO - Filling up the DagBag from /home/vscode/.local/lib/python3.10/site-packages/airflow/example_dags/example_subdag_operator.py
[2026-09-17T01:21:02.130+0000] {processor.py:836} INFO - DAG(s) dict_keys(['example_subdag_operator.section-1', 'example_subdag_operator.section-2', 'example_subdag_operator']) retrieved from /home/vscode/.local/lib/python3.10/site-packages/airflow/example_dags/example_subdag_operator.py
[2026-09-17T01:21:02.146+0000] {logging_mixin.py:150} INFO - [2026-09-17T01:21:02.146+0000] {dag.py:2742} INFO - Sync 3 DAGs
[2026-09-17T01:21:02.172+0000] {logging_mixin.py:150} INFO - [2026-09-17T01:21:02.172+0000] {dag.py:3504} INFO - Setting next_dagrun for example_subdag_operator to 2022-01-01T00:00:00+00:00, run_after=2022-01-01T00:00:00+00:00
[2026-09-17T01:21:02.175+0000] {logging_mixin.py:150} INFO - [2026-09-17T01:21:02.175+0000] {dag.py:3504} INFO - Setting next_dagrun for example_subdag_operator.section-1 to None, run_after=None
[2026-09-17T01:21:02.176+0000] {logging_mixin.py:150} INFO - [2026-09-17T01:21:02.176+0000] {dag.py:3504} INFO - Setting next_dagrun for example_subdag_operator.section-2 to None, run_after=None
[2026-09-17T01:21:02.184+0000] {logging_mixin.py:150} INFO - [2026-09-17T01:21:02.184+0000] {dag.py:2742} INFO - Sync 2 DAGs
[2026-09-17T01:21:02.192+0000] {logging_mixin.py:150} INFO - [2026-09-17T01:21:02.191+0000] {dag.py:3504} INFO - Setting next_dagrun for example_subdag_operator.section-1 to None, run_after=None
[2026-09-17T01:21:02.192+0000] {logging_mixin.py:150} INFO - [2026-09-17T01:21:02.192+0000] {dag.py:3504} INFO - Setting next_dagrun for example_subdag_operator.section-2 to None, run_after=None
[2026-09-17T01:21:02.209+0000] {processor.py:179} INFO - Processing /home/vscode/.local/lib/python3.10/site-packages/airflow/example_dags/example_subdag_operator.py took 0.101 seconds
[2026-09-17T01:21:22.756+0000] {processor.py:157} INFO - Started process (PID=36246) to work on /home/vscode/.local/lib/python3.10/site-packages/airflow/example_dags/example_subdag_operator.py
[2026-09-17T01:21:22.757+0000] {processor.py:826} INFO - Processing file /home/vscode/.local/lib/python3.10/site-packages/airflow/example_dags/example_subdag_operator.py for tasks to queue
[2026-09-17T01:21:22.758+0000] {logging_mixin.py:150} INFO - [2026-09-17T01:21:22.758+0000] {dagbag.py:541} INFO - Filling up the DagBag from /home/vscode/.local/lib/python3.10/site-packages/airflow/example_dags/example_subdag_operator.py
[2026-09-17T01:21:22.778+0000] {processor.py:836} INFO - DAG(s) dict_keys(['example_subdag_operator.section-1', 'example_subdag_operator.section-2', 'example_subdag_operator']) retrieved from /home/vscode/.local/lib/python3.10/site-packages/airflow/example_dags/example_subdag_operator.py
[2026-09-17T01:21:22.798+0000] {logging_mixin.py:150} INFO - [2026-09-17T01:21:22.798+0000] {dag.py:2742} INFO - Sync 3 DAGs
[2026-09-17T01:21:22.820+0000] {logging_mixin.py:150} INFO - [2026-09-17T01:21:22.820+0000] {dag.py:3504} INFO - Setting next_dagrun for example_subdag_operator to 2022-01-01T00:00:00+00:00, run_after=2022-01-01T00:00:00+00:00
[2026-09-17T01:21:22.823+0000] {logging_mixin.py:150} INFO - [2026-09-17T01:21:22.823+0000] {dag.py:3504} INFO - Setting next_dagrun for example_subdag_operator.section-1 to None, run_after=None
[2026-09-17T01:21:22.824+0000] {logging_mixin.py:150} INFO - [2026-09-17T01:21:22.824+0000] {dag.py:3504} INFO - Setting next_dagrun for example_subdag_operator.section-2 to None, run_after=None
[2026-09-17T01:21:22.829+0000] {logging_mixin.py:150} INFO - [2026-09-17T01:21:22.829+0000] {dag.py:2742} INFO - Sync 2 DAGs
[2026-09-17T01:21:22.833+0000] {logging_mixin.py:150} INFO - [2026-09-17T01:21:22.833+0000] {dag.py:3504} INFO - Setting next_dagrun for example_subdag_operator.section-1 to None, run_after=None
[2026-09-17T01:21:22.833+0000] {logging_mixin.py:150} INFO - [2026-09-17T01:21:22.833+0000] {dag.py:3504} INFO - Setting next_dagrun for example_subdag_operator.section-2 to None, run_after=None
[2026-09-17T01:21:22.854+0000] {processor.py:179} INFO - Processing /home/vscode/.local/lib/python3.10/site-packages/airflow/example_dags/example_subdag_operator.py took 0.101 seconds
[2026-09-17T01:21:51.514+0000] {processor.py:157} INFO - Started process (PID=36622) to work on /home/vscode/.local/lib/python3.10/site-packages/airflow/example_dags/example_subdag_operator.py
[2026-09-17T01:21:51.515+0000] {processor.py:826} INFO - Processing file /home/vscode/.local/lib/python3.10/site-packages/airflow/example_dags/example_subdag_operator.py for tasks to queue
[2026-09-17T01:21:51.516+0000] {logging_mixin.py:150} INFO - [2026-09-17T01:21:51.515+0000] {dagbag.py:541} INFO - Filling up the DagBag from /home/vscode/.local/lib/python3.10/site-packages/airflow/example_dags/example_subdag_operator.py
[2026-09-17T01:21:51.533+0000] {processor.py:836} INFO - DAG(s) dict_keys(['example_subdag_operator.section-1', 'example_subdag_operator.section-2', 'example_subdag_operator']) retrieved from /home/vscode/.local/lib/python3.10/site-packages/airflow/example_dags/example_subdag_operator.py
[2026-09-17T01:21:51.546+0000] {logging_mixin.py:150} INFO - [2026-09-17T01:21:51.545+0000] {dag.py:2742} INFO - Sync 3 DAGs
[2026-09-17T01:21:51.560+0000] {logging_mixin.py:150} INFO - [2026-09-17T01:21:51.560+0000] {dag.py:3504} INFO - Setting next_dagrun for example_subdag_operator to 2022-01-01T00:00:00+00:00, run_after=2022-01-01T00:00:00+00:00
[2026-09-17T01:21:51.562+0000] {logging_mixin.py:150} INFO - [2026-09-17T01:21:51.562+0000] {dag.py:3504} INFO - Setting next_dagrun for example_subdag_operator.section-1 to None, run_after=None
[2026-09-17T01:21:51.563+0000] {logging_mixin.py:150} INFO - [2026-09-17T01:21:51.563+0000] {dag.py:3504} INFO - Setting next_dagrun for example_subdag_operator.section-2 to None, run_after=None
[2026-09-17T01:21:51.567+0000] {logging_mixin.py:150} INFO - [2026-09-17T01:21:51.567+0000] {dag.py:2742} INFO - Sync 2 DAGs
[2026-09-17T01:21:51.570+0000] {logging_mixin.py:150} INFO - [2026-09-17T01:21:51.570+0000] {dag.py:3504} INFO - Setting next_dagrun for example_subdag_operator.section-1 to None, run_after=None
[2026-09-17T01:21:51.570+0000] {logging_mixin.py:150} INFO - [2026-09-17T01:21:51.570+0000] {dag.py:3504} INFO - Setting next_dagrun for example_subdag_operator.section-2 to None, run_after=None
[2026-09-17T01:21:51.583+0000] {processor.py:179} INFO - Processing /home/vscode/.local/lib/python3.10/site-packages/airflow/example_dags/example_subdag_operator.py took 0.072 seconds
[2026-09-17T01:22:12.629+0000] {processor.py:157} INFO - Started process (PID=36868) to work on /home/vscode/.local/lib/python3.10/site-packages/airflow/example_dags/example_subdag_operator.py
[2026-09-17T01:22:12.630+0000] {processor.py:826} INFO - Processing file /home/vscode/.local/lib/python3.10/site-packages/airflow/example_dags/example_subdag_operator.py for tasks to queue
[2026-09-17T01:22:12.630+0000] {logging_mixin.py:150} INFO - [2026-09-17T01:22:12.630+0000] {dagbag.py:541} INFO - Filling up the DagBag from /home/vscode/.local/lib/python3.10/site-packages/airflow/example_dags/example_subdag_operator.py
[2026-09-17T01:22:12.653+0000] {processor.py:836} INFO - DAG(s) dict_keys(['example_subdag_operator.section-1', 'example_subdag_operator.section-2', 'example_subdag_operator']) retrieved from /home/vscode/.local/lib/python3.10/site-packages/airflow/example_dags/example_subdag_operator.py
[2026-09-17T01:22:12.667+0000] {logging_mixin.py:150} INFO - [2026-09-17T01:22:12.667+0000] {dag.py:2742} INFO - Sync 3 DAGs
[2026-09-17T01:22:12.682+0000] {logging_mixin.py:150} INFO - [2026-09-17T01:22:12.682+0000] {dag.py:3504} INFO - Setting next_dagrun for example_subdag_operator to 2022-01-01T00:00:00+00:00, run_after=2022-01-01T00:00:00+00:00
[2026-09-17T01:22:12.684+0000] {logging_mixin.py:150} INFO - [2026-09-17T01:22:12.684+0000] {dag.py:3504} INFO - Setting next_dagrun for example_subdag_operator.section-1 to None, run_after=None
[2026-09-17T01:22:12.685+0000] {logging_mixin.py:150} INFO - [2026-09-17T01:22:12.685+0000] {dag.py:3504} INFO - Setting next_dagrun for example_subdag_operator.section-2 to None, run_after=None
[2026-09-17T01:22:12.690+0000] {logging_mixin.py:150} INFO - [2026-09-17T01:22:12.690+0000] {dag.py:2742} INFO - Sync 2 DAGs
[2026-09-17T01:22:12.693+0000] {logging_mixin.py:150} INFO - [2026-09-17T01:22:12.693+0000] {dag.py:3504} INFO - Setting next_dagrun for example_subdag_operator.section-1 to None, run_after=None
[2026-09-17T01:22:12.694+0000] {logging_mixin.py:150} INFO - [2026-09-17T01:22:12.694+0000] {dag.py:3504} INFO - Setting next_dagrun for example_subdag_operator.section-2 to None, run_after=None
[2026-09-17T01:22:12.705+0000] {processor.py:179} INFO - Processing /home/vscode/.local/lib/python3.10/site-packages/airflow/example_dags/example_subdag_operator.py took 0.079 seconds
[2026-09-17T01:22:44.054+0000] {processor.py:157} INFO - Started process (PID=37262) to work on /home/vscode/.local/lib/python3.10/site-packages/airflow/example_dags/example_subdag_operator.py
[2026-09-17T01:22:44.055+0000] {processor.py:826} INFO - Processing file /home/vscode/.local/lib/python3.10/site-packages/airflow/example_dags/example_subdag_operator.py for tasks to queue
[2026-09-17T01:22:44.056+0000] {logging_mixin.py:150} INFO - [2026-09-17T01:22:44.055+0000] {dagbag.py:541} INFO - Filling up the DagBag from /home/vscode/.local/lib/python3.10/site-packages/airflow/example_dags/example_subdag_operator.py
[2026-09-17T01:22:44.072+0000] {processor.py:836} INFO - DAG(s) dict_keys(['example_subdag_operator.section-1', 'example_subdag_operator.section-2', 'example_subdag_operator']) retrieved from /home/vscode/.local/lib/python3.10/site-packages/airflow/example_dags/example_subdag_operator.py
[2026-09-17T01:22:44.084+0000] {logging_mixin.py:150} INFO - [2026-09-17T01:22:44.084+0000] {dag.py:2742} INFO - Sync 3 DAGs
[2026-09-17T01:22:44.099+0000] {logging_mixin.py:150} INFO - [2026-09-17T01:22:44.099+0000] {dag.py:3504} INFO - Setting next_dagrun for example_subdag_operator to 2022-01-01T00:00:00+00:00, run_after=2022-01-01T00:00:00+00:00
[2026-09-17T01:22:44.102+0000] {logging_mixin.py:150} INFO - [2026-09-17T01:22:44.101+0000] {dag.py:3504} INFO - Setting next_dagrun for example_subdag_operator.section-1 to None, run_after=None
[2026-09-17T01:22:44.102+0000] {logging_mixin.py:150} INFO - [2026-09-17T01:22:44.102+0000] {dag.py:3504} INFO - Setting next_dagrun for example_subdag_operator.section-2 to None, run_after=None
[2026-09-17T01:22:44.107+0000] {logging_mixin.py:150} INFO - [2026-09-17T01:22:44.106+0000] {dag.py:2742} INFO - Sync 2 DAGs
[2026-09-17T01:22:44.109+0000] {logging_mixin.py:150} INFO - [2026-09-17T01:22:44.109+0000] {dag.py:3504} INFO - Setting next_dagrun for example_subdag_operator.section-1 to None, run_after=None
[2026-09-17T01:22:44.110+0000] {logging_mixin.py:150} INFO - [2026-09-17T01:22:44.110+0000] {dag.py:3504} INFO - Setting next_dagrun for example_subdag_operator.section-2 to None, run_after=None
[2026-09-17T01:22:44.123+0000] {processor.py:179} INFO - Processing /home/vscode/.local/lib/python3.10/site-packages/airflow/example_dags/example_subdag_operator.py took 0.071 seconds
[2026-09-17T01:22:58.201+0000] {processor.py:157} INFO - Started process (PID=37384) to work on /home/vscode/.local/lib/python3.10/site-packages/airflow/example_dags/example_subdag_operator.py
[2026-09-17T01:22:58.201+0000] {processor.py:826} INFO - Processing file /home/vscode/.local/lib/python3.10/site-packages/airflow/example_dags/example_subdag_operator.py for tasks to queue
[2026-09-17T01:22:58.202+0000] {logging_mixin.py:150} INFO - [2026-09-17T01:22:58.202+0000] {dagbag.py:541} INFO - Filling up the DagBag from /home/vscode/.local/lib/python3.10/site-packages/airflow/example_dags/example_subdag_operator.py
[2026-09-17T01:22:58.226+0000] {processor.py:836} INFO - DAG(s) dict_keys(['example_subdag_operator.section-1', 'example_subdag_operator.section-2', 'example_subdag_operator']) retrieved from /home/vscode/.local/lib/python3.10/site-packages/airflow/example_dags/example_subdag_operator.py
[2026-09-17T01:22:58.239+0000] {logging_mixin.py:150} INFO - [2026-09-17T01:22:58.238+0000] {dag.py:2742} INFO - Sync 3 DAGs
[2026-09-17T01:22:58.253+0000] {logging_mixin.py:150} INFO - [2026-09-17T01:22:58.253+0000] {dag.py:3504} INFO - Setting next_dagrun for example_subdag_operator to 2022-01-01T00:00:00+00:00, run_after=2022-01-01T00:00:00+00:00
[2026-09-17T01:22:58.255+0000] {logging_mixin.py:150} INFO - [2026-09-17T01:22:58.255+0000] {dag.py:3504} INFO - Setting next_dagrun for example_subdag_operator.section-1 to None, run_after=None
[2026-09-17T01:22:58.256+0000] {logging_mixin.py:150} INFO - [2026-09-17T01:22:58.255+0000] {dag.py:3504} INFO - Setting next_dagrun for example_subdag_operator.section-2 to None, run_after=None
[2026-09-17T01:22:58.261+0000] {logging_mixin.py:150} INFO - [2026-09-17T01:22:58.260+0000] {dag.py:2742} INFO - Sync 2 DAGs
[2026-09-17T01:22:58.264+0000] {logging_mixin.py:150} INFO - [2026-09-17T01:22:58.263+0000] {dag.py:3504} INFO - Setting next_dagrun for example_subdag_operator.section-1 to None, run_after=None
[2026-09-17T01:22:58.264+0000] {logging_mixin.py:150} INFO - [2026-09-17T01:22:58.264+0000] {dag.py:3504} INFO - Setting next_dagrun for example_subdag_operator.section-2 to None, run_after=None
[2026-09-17T01:22:58.275+0000] {processor.py:179} INFO - Processing /home/vscode/.local/lib/python3.10/site-packages/airflow/example_dags/example_subdag_operator.py took 0.077 seconds
[2026-09-17T01:23:28.126+0000] {processor.py:157} INFO - Started process (PID=37689) to work on /home/vscode/.local/lib/python3.10/site-packages/airflow/example_dags/example_subdag_operator.py
[2026-09-17T01:23:28.127+0000] {processor.py:826} INFO - Processing file /home/vscode/.local/lib/python3.10/site-packages/airflow/example_dags/example_subdag_operator.py for tasks to queue
[2026-09-17T01:23:28.128+0000] {logging_mixin.py:150} INFO - [2026-09-17T01:23:28.127+0000] {dagbag.py:541} INFO - Filling up the DagBag from /home/vscode/.local/lib/python3.10/site-packages/airflow/example_dags/example_subdag_operator.py
[2026-09-17T01:23:28.144+0000] {processor.py:836} INFO - DAG(s) dict_keys(['example_subdag_operator.section-1', 'example_subdag_operator.section-2', 'example_subdag_operator']) retrieved from /home/vscode/.local/lib/python3.10/site-packages/airflow/example_dags/example_subdag_operator.py
[2026-09-17T01:23:28.155+0000] {logging_mixin.py:150} INFO - [2026-09-17T01:23:28.155+0000] {dag.py:2742} INFO - Sync 3 DAGs
[2026-09-17T01:23:28.171+0000] {logging_mixin.py:150} INFO - [2026-09-17T01:23:28.171+0000] {dag.py:3504} INFO - Setting next_dagrun for example_subdag_operator to 2022-01-01T00:00:00+00:00, run_after=2022-01-01T00:00:00+00:00
[2026-09-17T01:23:28.173+0000] {logging_mixin.py:150} INFO - [2026-09-17T01:23:28.173+0000] {dag.py:3504} INFO - Setting next_dagrun for example_subdag_operator.section-1 to None, run_after=None
[2026-09-17T01:23:28.173+0000] {logging_mixin.py:150} INFO - [2026-09-17T01:23:28.173+0000] {dag.py:3504} INFO - Setting next_dagrun for example_subdag_operator.section-2 to None, run_after=None
[2026-09-17T01:23:28.179+0000] {logging_mixin.py:150} INFO - [2026-09-17T01:23:28.178+0000] {dag.py:2742} INFO - Sync 2 DAGs
[2026-09-17T01:23:28.181+0000] {logging_mixin.py:150} INFO - [2026-09-17T01:23:28.181+0000] {dag.py:3504} INFO - Setting next_dagrun for example_subdag_operator.section-1 to None, run_after=None
[2026-09-17T01:23:28.182+0000] {logging_mixin.py:150} INFO - [2026-09-17T01:23:28.182+0000] {dag.py:3504} INFO - Setting next_dagrun for example_subdag_operator.section-2 to None, run_after=None
[2026-09-17T01:23:28.200+0000] {processor.py:179} INFO - Processing /home/vscode/.local/lib/python3.10/site-packages/airflow/example_dags/example_subdag_operator.py took 0.076 seconds
[2026-09-17T01:23:48.792+0000] {processor.py:157} INFO - Started process (PID=37846) to work on /home/vscode/.local/lib/python3.10/site-packages/airflow/example_dags/example_subdag_operator.py
[2026-09-17T01:23:48.793+0000] {processor.py:826} INFO - Processing file /home/vscode/.local/lib/python3.10/site-packages/airflow/example_dags/example_subdag_operator.py for tasks to queue
[2026-09-17T01:23:48.794+0000] {logging_mixin.py:150} INFO - [2026-09-17T01:23:48.793+0000] {dagbag.py:541} INFO - Filling up the DagBag from /home/vscode/.local/lib/python3.10/site-packages/airflow/example_dags/example_subdag_operator.py
[2026-09-17T01:23:48.812+0000] {processor.py:836} INFO - DAG(s) dict_keys(['example_subdag_operator.section-1', 'example_subdag_operator.section-2', 'example_subdag_operator']) retrieved from /home/vscode/.local/lib/python3.10/site-packages/airflow/example_dags/example_subdag_operator.py
[2026-09-17T01:23:48.823+0000] {logging_mixin.py:150} INFO - [2026-09-17T01:23:48.823+0000] {dag.py:2742} INFO - Sync 3 DAGs
[2026-09-17T01:23:48.837+0000] {logging_mixin.py:150} INFO - [2026-09-17T01:23:48.837+0000] {dag.py:3504} INFO - Setting next_dagrun for example_subdag_operator to 2022-01-01T00:00:00+00:00, run_after=2022-01-01T00:00:00+00:00
[2026-09-17T01:23:48.840+0000] {logging_mixin.py:150} INFO - [2026-09-17T01:23:48.840+0000] {dag.py:3504} INFO - Setting next_dagrun for example_subdag_operator.section-1 to None, run_after=None
[2026-09-17T01:23:48.840+0000] {logging_mixin.py:150} INFO - [2026-09-17T01:23:48.840+0000] {dag.py:3504} INFO - Setting next_dagrun for example_subdag_operator.section-2 to None, run_after=None
[2026-09-17T01:23:48.846+0000] {logging_mixin.py:150} INFO - [2026-09-17T01:23:48.846+0000] {dag.py:2742} INFO - Sync 2 DAGs
[2026-09-17T01:23:48.850+0000] {logging_mixin.py:150} INFO - [2026-09-17T01:23:48.850+0000] {dag.py:3504} INFO - Setting next_dagrun for example_subdag_operator.section-1 to None, run_after=None
[2026-09-17T01:23:48.850+0000] {logging_mixin.py:150} INFO - [2026-09-17T01:23:48.850+0000] {dag.py:3504} INFO - Setting next_dagrun for example_subdag_operator.section-2 to None, run_after=None
[2026-09-17T01:23:48.867+0000] {processor.py:179} INFO - Processing /home/vscode/.local/lib/python3.10/site-packages/airflow/example_dags/example_subdag_operator.py took 0.078 seconds
[2026-09-17T01:24:20.567+0000] {processor.py:157} INFO - Started process (PID=38275) to work on /home/vscode/.local/lib/python3.10/site-packages/airflow/example_dags/example_subdag_operator.py
[2026-09-17T01:24:20.568+0000] {processor.py:826} INFO - Processing file /home/vscode/.local/lib/python3.10/site-packages/airflow/example_dags/example_subdag_operator.py for tasks to queue
[2026-09-17T01:24:20.568+0000] {logging_mixin.py:150} INFO - [2026-09-17T01:24:20.568+0000] {dagbag.py:541} INFO - Filling up the DagBag from /home/vscode/.local/lib/python3.10/site-packages/airflow/example_dags/example_subdag_operator.py
[2026-09-17T01:24:20.585+0000] {processor.py:836} INFO - DAG(s) dict_keys(['example_subdag_operator.section-1', 'example_subdag_operator.section-2', 'example_subdag_operator']) retrieved from /home/vscode/.local/lib/python3.10/site-packages/airflow/example_dags/example_subdag_operator.py
[2026-09-17T01:24:20.600+0000] {logging_mixin.py:150} INFO - [2026-09-17T01:24:20.600+0000] {dag.py:2742} INFO - Sync 3 DAGs
[2026-09-17T01:24:20.616+0000] {logging_mixin.py:150} INFO - [2026-09-17T01:24:20.616+0000] {dag.py:3504} INFO - Setting next_dagrun for example_subdag_operator to 2022-01-01T00:00:00+00:00, run_after=2022-01-01T00:00:00+00:00
[2026-09-17T01:24:20.618+0000] {logging_mixin.py:150} INFO - [2026-09-17T01:24:20.618+0000] {dag.py:3504} INFO - Setting next_dagrun for example_subdag_operator.section-1 to None, run_after=None
[2026-09-17T01:24:20.619+0000] {logging_mixin.py:150} INFO - [2026-09-17T01:24:20.619+0000] {dag.py:3504} INFO - Setting next_dagrun for example_subdag_operator.section-2 to None, run_after=None
[2026-09-17T01:24:20.623+0000] {logging_mixin.py:150} INFO - [2026-09-17T01:24:20.623+0000] {dag.py:2742} INFO - Sync 2 DAGs
[2026-09-17T01:24:20.626+0000] {logging_mixin.py:150} INFO - [2026-09-17T01:24:20.626+0000] {dag.py:3504} INFO - Setting next_dagrun for example_subdag_operator.section-1 to None, run_after=None
[2026-09-17T01:24:20.626+0000] {logging_mixin.py:150} INFO - [2026-09-17T01:24:20.626+0000] {dag.py:3504} INFO - Setting next_dagrun for example_subdag_operator.section-2 to None, run_after=None
[2026-09-17T01:24:20.638+0000] {processor.py:179} INFO - Processing /home/vscode/.local/lib/python3.10/site-packages/airflow/example_dags/example_subdag_operator.py took 0.073 seconds
[2026-09-17T01:24:38.110+0000] {processor.py:157} INFO - Started process (PID=38555) to work on /home/vscode/.local/lib/python3.10/site-packages/airflow/example_dags/example_subdag_operator.py
[2026-09-17T01:24:38.112+0000] {processor.py:826} INFO - Processing file /home/vscode/.local/lib/python3.10/site-packages/airflow/example_dags/example_subdag_operator.py for tasks to queue
[2026-09-17T01:24:38.112+0000] {logging_mixin.py:150} INFO - [2026-09-17T01:24:38.112+0000] {dagbag.py:541} INFO - Filling up the DagBag from /home/vscode/.local/lib/python3.10/site-packages/airflow/example_dags/example_subdag_operator.py
[2026-09-17T01:24:38.137+0000] {processor.py:836} INFO - DAG(s) dict_keys(['example_subdag_operator.section-1', 'example_subdag_operator.section-2', 'example_subdag_operator']) retrieved from /home/vscode/.local/lib/python3.10/site-packages/airflow/example_dags/example_subdag_operator.py
[2026-09-17T01:24:38.156+0000] {logging_mixin.py:150} INFO - [2026-09-17T01:24:38.156+0000] {dag.py:2742} INFO - Sync 3 DAGs
[2026-09-17T01:24:38.177+0000] {logging_mixin.py:150} INFO - [2026-09-17T01:24:38.177+0000] {dag.py:3504} INFO - Setting next_dagrun for example_subdag_operator to 2022-01-01T00:00:00+00:00, run_after=2022-01-01T00:00:00+00:00
[2026-09-17T01:24:38.181+0000] {logging_mixin.py:150} INFO - [2026-09-17T01:24:38.181+0000] {dag.py:3504} INFO - Setting next_dagrun for example_subdag_operator.section-1 to None, run_after=None
[2026-09-17T01:24:38.182+0000] {logging_mixin.py:150} INFO - [2026-09-17T01:24:38.182+0000] {dag.py:3504} INFO - Setting next_dagrun for example_subdag_operator.section-2 to None, run_after=None
[2026-09-17T01:24:38.189+0000] {logging_mixin.py:150} INFO - [2026-09-17T01:24:38.189+0000] {dag.py:2742} INFO - Sync 2 DAGs
[2026-09-17T01:24:38.193+0000] {logging_mixin.py:150} INFO - [2026-09-17T01:24:38.193+0000] {dag.py:3504} INFO - Setting next_dagrun for example_subdag_operator.section-1 to None, run_after=None
[2026-09-17T01:24:38.194+0000] {logging_mixin.py:150} INFO - [2026-09-17T01:24:38.194+0000] {dag.py:3504} INFO - Setting next_dagrun for example_subdag_operator.section-2 to None, run_after=None
[2026-09-17T01:24:38.211+0000] {processor.py:179} INFO - Processing /home/vscode/.local/lib/python3.10/site-packages/airflow/example_dags/example_subdag_operator.py took 0.108 seconds
