[2026-09-17T00:55:22.405+0000] {processor.py:157} INFO - Started process (PID=21882) to work on /home/vscode/.local/lib/python3.10/site-packages/airflow/example_dags/example_time_delta_sensor_async.py
[2026-09-17T00:55:22.406+0000] {processor.py:826} INFO - Processing file /home/vscode/.local/lib/python3.10/site-packages/airflow/example_dags/example_time_delta_sensor_async.py for tasks to queue
[2026-09-17T00:55:22.407+0000] {logging_mixin.py:150} INFO - [2026-09-17T00:55:22.406+0000] {dagbag.py:541} INFO - Filling up the DagBag from /home/vscode/.local/lib/python3.10/site-packages/airflow/example_dags/example_time_delta_sensor_async.py
[2026-09-17T00:55:22.418+0000] {processor.py:836} INFO - DAG(s) dict_keys(['example_time_delta_sensor_async']) retrieved from /home/vscode/.local/lib/python3.10/site-packages/airflow/example_dags/example_time_delta_sensor_async.py
[2026-09-17T00:55:22.541+0000] {logging_mixin.py:150} INFO - [2026-09-17T00:55:22.540+0000] {manager.py:504} INFO - Created Permission View: can delete on DAG:example_time_delta_sensor_async
[2026-09-17T00:55:22.553+0000] {logging_mixin.py:150} INFO - [2026-09-17T00:55:22.553+0000] {manager.py:504} INFO - Created Permission View: can edit on DAG:example_time_delta_sensor_async
[2026-09-17T00:55:22.562+0000] {logging_mixin.py:150} INFO - [2026-09-17T00:55:22.562+0000] {manager.py:504} INFO - Created Permission View: can read on DAG:example_time_delta_sensor_async
[2026-09-17T00:55:22.576+0000] {logging_mixin.py:150} INFO - [2026-09-17T00:55:22.576+0000] {dag.py:2742} INFO - Sync 1 DAGs
[2026-09-17T00:55:22.591+0000] {logging_mixin.py:150} INFO - [2026-09-17T00:55:22.591+0000] {dag.py:2763} INFO - Creating ORM DAG for example_time_delta_sensor_async
[2026-09-17T00:55:22.600+0000] {logging_mixin.py:150} INFO - [2026-09-17T00:55:22.600+0000] {dag.py:3504} INFO - Setting next_dagrun for example_time_delta_sensor_async to None, run_after=None
[2026-09-17T00:55:22.623+0000] {processor.py:179} INFO - Processing /home/vscode/.local/lib/python3.10/site-packages/airflow/example_dags/example_time_delta_sensor_async.py took 0.221 seconds
[2026-09-17T00:55:53.119+0000] {processor.py:157} INFO - Started process (PID=22234) to work on /home/vscode/.local/lib/python3.10/site-packages/airflow/example_dags/example_time_delta_sensor_async.py
[2026-09-17T00:55:53.120+0000] {processor.py:826} INFO - Processing file /home/vscode/.local/lib/python3.10/site-packages/airflow/example_dags/example_time_delta_sensor_async.py for tasks to queue
[2026-09-17T00:55:53.121+0000] {logging_mixin.py:150} INFO - [2026-09-17T00:55:53.120+0000] {dagbag.py:541} INFO - Filling up the DagBag from /home/vscode/.local/lib/python3.10/site-packages/airflow/example_dags/example_time_delta_sensor_async.py
[2026-09-17T00:55:53.127+0000] {processor.py:836} INFO - DAG(s) dict_keys(['example_time_delta_sensor_async']) retrieved from /home/vscode/.local/lib/python3.10/site-packages/airflow/example_dags/example_time_delta_sensor_async.py
[2026-09-17T00:55:53.141+0000] {logging_mixin.py:150} INFO - [2026-09-17T00:55:53.141+0000] {dag.py:2742} INFO - Sync 1 DAGs
[2026-09-17T00:55:53.156+0000] {logging_mixin.py:150} INFO - [2026-09-17T00:55:53.156+0000] {dag.py:3504} INFO - Setting next_dagrun for example_time_delta_sensor_async to None, run_after=None
[2026-09-17T00:55:53.177+0000] {processor.py:179} INFO - Processing /home/vscode/.local/lib/python3.10/site-packages/airflow/example_dags/example_time_delta_sensor_async.py took 0.060 seconds
[2026-09-17T00:56:19.340+0000] {processor.py:157} INFO - Started process (PID=22443) to work on /home/vscode/.local/lib/python3.10/site-packages/airflow/example_dags/example_time_delta_sensor_async.py
[2026-09-17T00:56:19.344+0000] {processor.py:826} INFO - Processing file /home/vscode/.local/lib/python3.10/site-packages/airflow/example_dags/example_time_delta_sensor_async.py for tasks to queue
[2026-09-17T00:56:19.345+0000] {logging_mixin.py:150} INFO - [2026-09-17T00:56:19.344+0000] {dagbag.py:541} INFO - Filling up the DagBag from /home/vscode/.local/lib/python3.10/site-packages/airflow/example_dags/example_time_delta_sensor_async.py
[2026-09-17T00:56:19.355+0000] {processor.py:836} INFO - DAG(s) dict_keys(['example_time_delta_sensor_async']) retrieved from /home/vscode/.local/lib/python3.10/site-packages/airflow/example_dags/example_time_delta_sensor_async.py
[2026-09-17T00:56:19.384+0000] {logging_mixin.py:150} INFO - [2026-09-17T00:56:19.384+0000] {dag.py:2742} INFO - Sync 1 DAGs
[2026-09-17T00:56:19.433+0000] {logging_mixin.py:150} INFO - [2026-09-17T00:56:19.433+0000] {dag.py:3504} INFO - Setting next_dagrun for example_time_delta_sensor_async to None, run_after=None
[2026-09-17T00:56:19.482+0000] {processor.py:179} INFO - Processing /home/vscode/.local/lib/python3.10/site-packages/airflow/example_dags/example_time_delta_sensor_async.py took 0.150 seconds
[2026-09-17T00:56:40.960+0000] {processor.py:157} INFO - Started process (PID=22704) to work on /home/vscode/.local/lib/python3.10/site-packages/airflow/example_dags/example_time_delta_sensor_async.py
[2026-09-17T00:56:40.964+0000] {processor.py:826} INFO - Processing file /home/vscode/.local/lib/python3.10/site-packages/airflow/example_dags/example_time_delta_sensor_async.py for tasks to queue
[2026-09-17T00:56:40.966+0000] {logging_mixin.py:150} INFO - [2026-09-17T00:56:40.965+0000] {dagbag.py:541} INFO - Filling up the DagBag from /home/vscode/.local/lib/python3.10/site-packages/airflow/example_dags/example_time_delta_sensor_async.py
[2026-09-17T00:56:40.978+0000] {processor.py:836} INFO - DAG(s) dict_keys(['example_time_delta_sensor_async']) retrieved from /home/vscode/.local/lib/python3.10/site-packages/airflow/example_dags/example_time_delta_sensor_async.py
[2026-09-17T00:56:41.002+0000] {logging_mixin.py:150} INFO - [2026-09-17T00:56:41.002+0000] {dag.py:2742} INFO - Sync 1 DAGs
[2026-09-17T00:56:41.022+0000] {logging_mixin.py:150} INFO - [2026-09-17T00:56:41.021+0000] {dag.py:3504} INFO - Setting next_dagrun for example_time_delta_sensor_async to None, run_after=None
[2026-09-17T00:56:41.043+0000] {processor.py:179} INFO - Processing /home/vscode/.local/lib/python3.10/site-packages/airflow/example_dags/example_time_delta_sensor_async.py took 0.091 seconds
[2026-09-17T00:57:05.177+0000] {processor.py:157} INFO - Started process (PID=22886) to work on /home/vscode/.local/lib/python3.10/site-packages/airflow/example_dags/example_time_delta_sensor_async.py
[2026-09-17T00:57:05.178+0000] {processor.py:826} INFO - Processing file /home/vscode/.local/lib/python3.10/site-packages/airflow/example_dags/example_time_delta_sensor_async.py for tasks to queue
[2026-09-17T00:57:05.178+0000] {logging_mixin.py:150} INFO - [2026-09-17T00:57:05.178+0000] {dagbag.py:541} INFO - Filling up the DagBag from /home/vscode/.local/lib/python3.10/site-packages/airflow/example_dags/example_time_delta_sensor_async.py
[2026-09-17T00:57:05.183+0000] {processor.py:836} INFO - DAG(s) dict_keys(['example_time_delta_sensor_async']) retrieved from /home/vscode/.local/lib/python3.10/site-packages/airflow/example_dags/example_time_delta_sensor_async.py
[2026-09-17T00:57:05.196+0000] {logging_mixin.py:150} INFO - [2026-09-17T00:57:05.196+0000] {dag.py:2742} INFO - Sync 1 DAGs
[2026-09-17T00:57:05.210+0000] {logging_mixin.py:150} INFO - [2026-09-17T00:57:05.210+0000] {dag.py:3504} INFO - Setting next_dagrun for example_time_delta_sensor_async to None, run_after=None
[2026-09-17T00:57:05.226+0000] {processor.py:179} INFO - Processing /home/vscode/.local/lib/python3.10/site-packages/airflow/example_dags/example_time_delta_sensor_async.py took 0.052 seconds
[2026-09-17T00:57:33.401+0000] {processor.py:157} INFO - Started process (PID=23095) to work on /home/vscode/.local/lib/python3.10/site-packages/airflow/example_dags/example_time_delta_sensor_async.py
[2026-09-17T00:57:33.401+0000] {processor.py:826} INFO - Processing file /home/vscode/.local/lib/python3.10/site-packages/airflow/example_dags/example_time_delta_sensor_async.py for tasks to queue
[2026-09-17T00:57:33.402+0000] {logging_mixin.py:150} INFO - [2026-09-17T00:57:33.402+0000] {dagbag.py:541} INFO - Filling up the DagBag from /home/vscode/.local/lib/python3.10/site-packages/airflow/example_dags/example_time_delta_sensor_async.py
[2026-09-17T00:57:33.406+0000] {processor.py:836} INFO - DAG(s) dict_keys(['example_time_delta_sensor_async']) retrieved from /home/vscode/.local/lib/python3.10/site-packages/airflow/example_dags/example_time_delta_sensor_async.py
[2026-09-17T00:57:33.423+0000] {logging_mixin.py:150} INFO - [2026-09-17T00:57:33.422+0000] {dag.py:2742} INFO - Sync 1 DAGs
[2026-09-17T00:57:33.443+0000] {logging_mixin.py:150} INFO - [2026-09-17T00:57:33.443+0000] {dag.py:3504} INFO - Setting next_dagrun for example_time_delta_sensor_async to None, run_after=None
[2026-09-17T00:57:33.462+0000] {processor.py:179} INFO - Processing /home/vscode/.local/lib/python3.10/site-packages/airflow/example_dags/example_time_delta_sensor_async.py took 0.064 seconds
[2026-09-17T00:57:51.857+0000] {processor.py:157} INFO - Started process (PID=23243) to work on /home/vscode/.local/lib/python3.10/site-packages/airflow/example_dags/example_time_delta_sensor_async.py
[2026-09-17T00:57:51.858+0000] {processor.py:826} INFO - Processing file /home/vscode/.local/lib/python3.10/site-packages/airflow/example_dags/example_time_delta_sensor_async.py for tasks to queue
[2026-09-17T00:57:51.859+0000] {logging_mixin.py:150} INFO - [2026-09-17T00:57:51.858+0000] {dagbag.py:541} INFO - Filling up the DagBag from /home/vscode/.local/lib/python3.10/site-packages/airflow/example_dags/example_time_delta_sensor_async.py
[2026-09-17T00:57:51.862+0000] {processor.py:836} INFO - DAG(s) dict_keys(['example_time_delta_sensor_async']) retrieved from /home/vscode/.local/lib/python3.10/site-packages/airflow/example_dags/example_time_delta_sensor_async.py
[2026-09-17T00:57:51.875+0000] {logging_mixin.py:150} INFO - [2026-09-17T00:57:51.875+0000] {dag.py:2742} INFO - Sync 1 DAGs
[2026-09-17T00:57:51.893+0000] {logging_mixin.py:150} INFO - [2026-09-17T00:57:51.893+0000] {dag.py:3504} INFO - Setting next_dagrun for example_time_delta_sensor_async to None, run_after=None
[2026-09-17T00:57:51.917+0000] {processor.py:179} INFO - Processing /home/vscode/.local/lib/python3.10/site-packages/airflow/example_dags/example_time_delta_sensor_async.py took 0.062 seconds
[2026-09-17T00:58:09.672+0000] {processor.py:157} INFO - Started process (PID=23386) to work on /home/vscode/.local/lib/python3.10/site-packages/airflow/example_dags/example_time_delta_sensor_async.py
[2026-09-17T00:58:09.673+0000] {processor.py:826} INFO - Processing file /home/vscode/.local/lib/python3.10/site-packages/airflow/example_dags/example_time_delta_sensor_async.py for tasks to queue
[2026-09-17T00:58:09.674+0000] {logging_mixin.py:150} INFO - [2026-09-17T00:58:09.673+0000] {dagbag.py:541} INFO - Filling up the DagBag from /home/vscode/.local/lib/python3.10/site-packages/airflow/example_dags/example_time_delta_sensor_async.py
[2026-09-17T00:58:09.678+0000] {processor.py:836} INFO - DAG(s) dict_keys(['example_time_delta_sensor_async']) retrieved from /home/vscode/.local/lib/python3.10/site-packages/airflow/example_dags/example_time_delta_sensor_async.py
[2026-09-17T00:58:09.696+0000] {logging_mixin.py:150} INFO - [2026-09-17T00:58:09.696+0000] {dag.py:2742} INFO - Sync 1 DAGs
[2026-09-17T00:58:09.713+0000] {logging_mixin.py:150} INFO - [2026-09-17T00:58:09.713+0000] {dag.py:3504} INFO - Setting next_dagrun for example_time_delta_sensor_async to None, run_after=None
[2026-09-17T00:58:09.730+0000] {processor.py:179} INFO - Processing /home/vscode/.local/lib/python3.10/site-packages/airflow/example_dags/example_time_delta_sensor_async.py took 0.062 seconds
[2026-09-17T00:58:39.430+0000] {processor.py:157} INFO - Started process (PID=23702) to work on /home/vscode/.local/lib/python3.10/site-packages/airflow/example_dags/example_time_delta_sensor_async.py
[2026-09-17T00:58:39.431+0000] {processor.py:826} INFO - Processing file /home/vscode/.local/lib/python3.10/site-packages/airflow/example_dags/example_time_delta_sensor_async.py for tasks to queue
[2026-09-17T00:58:39.432+0000] {logging_mixin.py:150} INFO - [2026-09-17T00:58:39.431+0000] {dagbag.py:541} INFO - Filling up the DagBag from /home/vscode/.local/lib/python3.10/site-packages/airflow/example_dags/example_time_delta_sensor_async.py
[2026-09-17T00:58:39.435+0000] {processor.py:836} INFO - DAG(s) dict_keys(['example_time_delta_sensor_async']) retrieved from /home/vscode/.local/lib/python3.10/site-packages/airflow/example_dags/example_time_delta_sensor_async.py
[2026-09-17T00:58:39.448+0000] {logging_mixin.py:150} INFO - [2026-09-17T00:58:39.448+0000] {dag.py:2742} INFO - Sync 1 DAGs
[2026-09-17T00:58:39.463+0000] {logging_mixin.py:150} INFO - [2026-09-17T00:58:39.463+0000] {dag.py:3504} INFO - Setting next_dagrun for example_time_delta_sensor_async to None, run_after=None
[2026-09-17T00:58:39.479+0000] {processor.py:179} INFO - Processing /home/vscode/.local/lib/python3.10/site-packages/airflow/example_dags/example_time_delta_sensor_async.py took 0.051 seconds
[2026-09-17T00:58:47.035+0000] {processor.py:157} INFO - Started process (PID=23809) to work on /home/vscode/.local/lib/python3.10/site-packages/airflow/example_dags/example_time_delta_sensor_async.py
[2026-09-17T00:58:47.036+0000] {processor.py:826} INFO - Processing file /home/vscode/.local/lib/python3.10/site-packages/airflow/example_dags/example_time_delta_sensor_async.py for tasks to queue
[2026-09-17T00:58:47.037+0000] {logging_mixin.py:150} INFO - [2026-09-17T00:58:47.036+0000] {dagbag.py:541} INFO - Filling up the DagBag from /home/vscode/.local/lib/python3.10/site-packages/airflow/example_dags/example_time_delta_sensor_async.py
[2026-09-17T00:58:47.045+0000] {processor.py:836} INFO - DAG(s) dict_keys(['example_time_delta_sensor_async']) retrieved from /home/vscode/.local/lib/python3.10/site-packages/airflow/example_dags/example_time_delta_sensor_async.py
[2026-09-17T00:58:47.067+0000] {logging_mixin.py:150} INFO - [2026-09-17T00:58:47.067+0000] {dag.py:2742} INFO - Sync 1 DAGs
[2026-09-17T00:58:47.112+0000] {logging_mixin.py:150} INFO - [2026-09-17T00:58:47.112+0000] {dag.py:3504} INFO - Setting next_dagrun for example_time_delta_sensor_async to None, run_after=None
[2026-09-17T00:58:47.137+0000] {processor.py:179} INFO - Processing /home/vscode/.local/lib/python3.10/site-packages/airflow/example_dags/example_time_delta_sensor_async.py took 0.108 seconds
[2026-09-17T00:59:29.974+0000] {processor.py:157} INFO - Started process (PID=24341) to work on /home/vscode/.local/lib/python3.10/site-packages/airflow/example_dags/example_time_delta_sensor_async.py
[2026-09-17T00:59:29.974+0000] {processor.py:826} INFO - Processing file /home/vscode/.local/lib/python3.10/site-packages/airflow/example_dags/example_time_delta_sensor_async.py for tasks to queue
[2026-09-17T00:59:29.975+0000] {logging_mixin.py:150} INFO - [2026-09-17T00:59:29.975+0000] {dagbag.py:541} INFO - Filling up the DagBag from /home/vscode/.local/lib/python3.10/site-packages/airflow/example_dags/example_time_delta_sensor_async.py
[2026-09-17T00:59:29.979+0000] {processor.py:836} INFO - DAG(s) dict_keys(['example_time_delta_sensor_async']) retrieved from /home/vscode/.local/lib/python3.10/site-packages/airflow/example_dags/example_time_delta_sensor_async.py
[2026-09-17T00:59:29.998+0000] {logging_mixin.py:150} INFO - [2026-09-17T00:59:29.997+0000] {dag.py:2742} INFO - Sync 1 DAGs
[2026-09-17T00:59:30.013+0000] {logging_mixin.py:150} INFO - [2026-09-17T00:59:30.013+0000] {dag.py:3504} INFO - Setting next_dagrun for example_time_delta_sensor_async to None, run_after=None
[2026-09-17T00:59:30.030+0000] {processor.py:179} INFO - Processing /home/vscode/.local/lib/python3.10/site-packages/airflow/example_dags/example_time_delta_sensor_async.py took 0.059 seconds
[2026-09-17T00:59:40.707+0000] {processor.py:157} INFO - Started process (PID=24504) to work on /home/vscode/.local/lib/python3.10/site-packages/airflow/example_dags/example_time_delta_sensor_async.py
[2026-09-17T00:59:40.708+0000] {processor.py:826} INFO - Processing file /home/vscode/.local/lib/python3.10/site-packages/airflow/example_dags/example_time_delta_sensor_async.py for tasks to queue
[2026-09-17T00:59:40.709+0000] {logging_mixin.py:150} INFO - [2026-09-17T00:59:40.708+0000] {dagbag.py:541} INFO - Filling up the DagBag from /home/vscode/.local/lib/python3.10/site-packages/airflow/example_dags/example_time_delta_sensor_async.py
[2026-09-17T00:59:40.712+0000] {processor.py:836} INFO - DAG(s) dict_keys(['example_time_delta_sensor_async']) retrieved from /home/vscode/.local/lib/python3.10/site-packages/airflow/example_dags/example_time_delta_sensor_async.py
[2026-09-17T00:59:40.725+0000] {logging_mixin.py:150} INFO - [2026-09-17T00:59:40.725+0000] {dag.py:2742} INFO - Sync 1 DAGs
[2026-09-17T00:59:40.740+0000] {logging_mixin.py:150} INFO - [2026-09-17T00:59:40.740+0000] {dag.py:3504} INFO - Setting next_dagrun for example_time_delta_sensor_async to None, run_after=None
[2026-09-17T00:59:40.757+0000] {processor.py:179} INFO - Processing /home/vscode/.local/lib/python3.10/site-packages/airflow/example_dags/example_time_delta_sensor_async.py took 0.053 seconds
[2026-09-17T01:00:08.156+0000] {processor.py:157} INFO - Started process (PID=24918) to work on /home/vscode/.local/lib/python3.10/site-packages/airflow/example_dags/example_time_delta_sensor_async.py
[2026-09-17T01:00:08.157+0000] {processor.py:826} INFO - Processing file /home/vscode/.local/lib/python3.10/site-packages/airflow/example_dags/example_time_delta_sensor_async.py for tasks to queue
[2026-09-17T01:00:08.158+0000] {logging_mixin.py:150} INFO - [2026-09-17T01:00:08.157+0000] {dagbag.py:541} INFO - Filling up the DagBag from /home/vscode/.local/lib/python3.10/site-packages/airflow/example_dags/example_time_delta_sensor_async.py
[2026-09-17T01:00:08.163+0000] {processor.py:836} INFO - DAG(s) dict_keys(['example_time_delta_sensor_async']) retrieved from /home/vscode/.local/lib/python3.10/site-packages/airflow/example_dags/example_time_delta_sensor_async.py
[2026-09-17T01:00:08.176+0000] {logging_mixin.py:150} INFO - [2026-09-17T01:00:08.176+0000] {dag.py:2742} INFO - Sync 1 DAGs
[2026-09-17T01:00:08.197+0000] {logging_mixin.py:150} INFO - [2026-09-17T01:00:08.197+0000] {dag.py:3504} INFO - Setting next_dagrun for example_time_delta_sensor_async to None, run_after=None
[2026-09-17T01:00:08.215+0000] {processor.py:179} INFO - Processing /home/vscode/.local/lib/python3.10/site-packages/airflow/example_dags/example_time_delta_sensor_async.py took 0.062 seconds
[2026-09-17T01:00:30.438+0000] {processor.py:157} INFO - Started process (PID=25229) to work on /home/vscode/.local/lib/python3.10/site-packages/airflow/example_dags/example_time_delta_sensor_async.py
[2026-09-17T01:00:30.439+0000] {processor.py:826} INFO - Processing file /home/vscode/.local/lib/python3.10/site-packages/airflow/example_dags/example_time_delta_sensor_async.py for tasks to queue
[2026-09-17T01:00:30.440+0000] {logging_mixin.py:150} INFO - [2026-09-17T01:00:30.440+0000] {dagbag.py:541} INFO - Filling up the DagBag from /home/vscode/.local/lib/python3.10/site-packages/airflow/example_dags/example_time_delta_sensor_async.py
[2026-09-17T01:00:30.444+0000] {processor.py:836} INFO - DAG(s) dict_keys(['example_time_delta_sensor_async']) retrieved from /home/vscode/.local/lib/python3.10/site-packages/airflow/example_dags/example_time_delta_sensor_async.py
[2026-09-17T01:00:30.456+0000] {logging_mixin.py:150} INFO - [2026-09-17T01:00:30.456+0000] {dag.py:2742} INFO - Sync 1 DAGs
[2026-09-17T01:00:30.471+0000] {logging_mixin.py:150} INFO - [2026-09-17T01:00:30.470+0000] {dag.py:3504} INFO - Setting next_dagrun for example_time_delta_sensor_async to None, run_after=None
[2026-09-17T01:00:30.494+0000] {processor.py:179} INFO - Processing /home/vscode/.local/lib/python3.10/site-packages/airflow/example_dags/example_time_delta_sensor_async.py took 0.058 seconds
[2026-09-17T01:01:00.885+0000] {processor.py:157} INFO - Started process (PID=25516) to work on /home/vscode/.local/lib/python3.10/site-packages/airflow/example_dags/example_time_delta_sensor_async.py
[2026-09-17T01:01:00.886+0000] {processor.py:826} INFO - Processing file /home/vscode/.local/lib/python3.10/site-packages/airflow/example_dags/example_time_delta_sensor_async.py for tasks to queue
[2026-09-17T01:01:00.887+0000] {logging_mixin.py:150} INFO - [2026-09-17T01:01:00.887+0000] {dagbag.py:541} INFO - Filling up the DagBag from /home/vscode/.local/lib/python3.10/site-packages/airflow/example_dags/example_time_delta_sensor_async.py
[2026-09-17T01:01:00.894+0000] {processor.py:836} INFO - DAG(s) dict_keys(['example_time_delta_sensor_async']) retrieved from /home/vscode/.local/lib/python3.10/site-packages/airflow/example_dags/example_time_delta_sensor_async.py
[2026-09-17T01:01:00.914+0000] {logging_mixin.py:150} INFO - [2026-09-17T01:01:00.914+0000] {dag.py:2742} INFO - Sync 1 DAGs
[2026-09-17T01:01:00.942+0000] {logging_mixin.py:150} INFO - [2026-09-17T01:01:00.941+0000] {dag.py:3504} INFO - Setting next_dagrun for example_time_delta_sensor_async to None, run_after=None
[2026-09-17T01:01:00.959+0000] {processor.py:179} INFO - Processing /home/vscode/.local/lib/python3.10/site-packages/airflow/example_dags/example_time_delta_sensor_async.py took 0.078 seconds
[2026-09-17T01:01:20.802+0000] {processor.py:157} INFO - Started process (PID=25679) to work on /home/vscode/.local/lib/python3.10/site-packages/airflow/example_dags/example_time_delta_sensor_async.py
[2026-09-17T01:01:20.803+0000] {processor.py:826} INFO - Processing file /home/vscode/.local/lib/python3.10/site-packages/airflow/example_dags/example_time_delta_sensor_async.py for tasks to queue
[2026-09-17T01:01:20.804+0000] {logging_mixin.py:150} INFO - [2026-09-17T01:01:20.804+0000] {dagbag.py:541} INFO - Filling up the DagBag from /home/vscode/.local/lib/python3.10/site-packages/airflow/example_dags/example_time_delta_sensor_async.py
[2026-09-17T01:01:20.808+0000] {processor.py:836} INFO - DAG(s) dict_keys(['example_time_delta_sensor_async']) retrieved from /home/vscode/.local/lib/python3.10/site-packages/airflow/example_dags/example_time_delta_sensor_async.py
[2026-09-17T01:01:20.821+0000] {logging_mixin.py:150} INFO - [2026-09-17T01:01:20.821+0000] {dag.py:2742} INFO - Sync 1 DAGs
[2026-09-17T01:01:20.839+0000] {logging_mixin.py:150} INFO - [2026-09-17T01:01:20.838+0000] {dag.py:3504} INFO - Setting next_dagrun for example_time_delta_sensor_async to None, run_after=None
[2026-09-17T01:01:20.862+0000] {processor.py:179} INFO - Processing /home/vscode/.local/lib/python3.10/site-packages/airflow/example_dags/example_time_delta_sensor_async.py took 0.063 seconds
[2026-09-17T01:01:52.935+0000] {processor.py:157} INFO - Started process (PID=25944) to work on /home/vscode/.local/lib/python3.10/site-packages/airflow/example_dags/example_time_delta_sensor_async.py
[2026-09-17T01:01:52.936+0000] {processor.py:826} INFO - Processing file /home/vscode/.local/lib/python3.10/site-packages/airflow/example_dags/example_time_delta_sensor_async.py for tasks to queue
[2026-09-17T01:01:52.937+0000] {logging_mixin.py:150} INFO - [2026-09-17T01:01:52.936+0000] {dagbag.py:541} INFO - Filling up the DagBag from /home/vscode/.local/lib/python3.10/site-packages/airflow/example_dags/example_time_delta_sensor_async.py
[2026-09-17T01:01:52.940+0000] {processor.py:836} INFO - DAG(s) dict_keys(['example_time_delta_sensor_async']) retrieved from /home/vscode/.local/lib/python3.10/site-packages/airflow/example_dags/example_time_delta_sensor_async.py
[2026-09-17T01:01:52.956+0000] {logging_mixin.py:150} INFO - [2026-09-17T01:01:52.955+0000] {dag.py:2742} INFO - Sync 1 DAGs
[2026-09-17T01:01:52.970+0000] {logging_mixin.py:150} INFO - [2026-09-17T01:01:52.970+0000] {dag.py:3504} INFO - Setting next_dagrun for example_time_delta_sensor_async to None, run_after=None
[2026-09-17T01:01:52.988+0000] {processor.py:179} INFO - Processing /home/vscode/.local/lib/python3.10/site-packages/airflow/example_dags/example_time_delta_sensor_async.py took 0.056 seconds
[2026-09-17T01:02:06.292+0000] {processor.py:157} INFO - Started process (PID=26054) to work on /home/vscode/.local/lib/python3.10/site-packages/airflow/example_dags/example_time_delta_sensor_async.py
[2026-09-17T01:02:06.293+0000] {processor.py:826} INFO - Processing file /home/vscode/.local/lib/python3.10/site-packages/airflow/example_dags/example_time_delta_sensor_async.py for tasks to queue
[2026-09-17T01:02:06.296+0000] {logging_mixin.py:150} INFO - [2026-09-17T01:02:06.295+0000] {dagbag.py:541} INFO - Filling up the DagBag from /home/vscode/.local/lib/python3.10/site-packages/airflow/example_dags/example_time_delta_sensor_async.py
[2026-09-17T01:02:06.301+0000] {processor.py:836} INFO - DAG(s) dict_keys(['example_time_delta_sensor_async']) retrieved from /home/vscode/.local/lib/python3.10/site-packages/airflow/example_dags/example_time_delta_sensor_async.py
[2026-09-17T01:02:06.319+0000] {logging_mixin.py:150} INFO - [2026-09-17T01:02:06.319+0000] {dag.py:2742} INFO - Sync 1 DAGs
[2026-09-17T01:02:06.341+0000] {logging_mixin.py:150} INFO - [2026-09-17T01:02:06.340+0000] {dag.py:3504} INFO - Setting next_dagrun for example_time_delta_sensor_async to None, run_after=None
[2026-09-17T01:02:06.399+0000] {processor.py:179} INFO - Processing /home/vscode/.local/lib/python3.10/site-packages/airflow/example_dags/example_time_delta_sensor_async.py took 0.110 seconds
[2026-09-17T01:02:45.071+0000] {processor.py:157} INFO - Started process (PID=26395) to work on /home/vscode/.local/lib/python3.10/site-packages/airflow/example_dags/example_time_delta_sensor_async.py
[2026-09-17T01:02:45.073+0000] {processor.py:826} INFO - Processing file /home/vscode/.local/lib/python3.10/site-packages/airflow/example_dags/example_time_delta_sensor_async.py for tasks to queue
[2026-09-17T01:02:45.074+0000] {logging_mixin.py:150} INFO - [2026-09-17T01:02:45.073+0000] {dagbag.py:541} INFO - Filling up the DagBag from /home/vscode/.local/lib/python3.10/site-packages/airflow/example_dags/example_time_delta_sensor_async.py
[2026-09-17T01:02:45.080+0000] {processor.py:836} INFO - DAG(s) dict_keys(['example_time_delta_sensor_async']) retrieved from /home/vscode/.local/lib/python3.10/site-packages/airflow/example_dags/example_time_delta_sensor_async.py
[2026-09-17T01:02:45.097+0000] {logging_mixin.py:150} INFO - [2026-09-17T01:02:45.097+0000] {dag.py:2742} INFO - Sync 1 DAGs
[2026-09-17T01:02:45.115+0000] {logging_mixin.py:150} INFO - [2026-09-17T01:02:45.115+0000] {dag.py:3504} INFO - Setting next_dagrun for example_time_delta_sensor_async to None, run_after=None
[2026-09-17T01:02:45.135+0000] {processor.py:179} INFO - Processing /home/vscode/.local/lib/python3.10/site-packages/airflow/example_dags/example_time_delta_sensor_async.py took 0.067 seconds
[2026-09-17T01:02:50.294+0000] {processor.py:157} INFO - Started process (PID=26428) to work on /home/vscode/.local/lib/python3.10/site-packages/airflow/example_dags/example_time_delta_sensor_async.py
[2026-09-17T01:02:50.294+0000] {processor.py:826} INFO - Processing file /home/vscode/.local/lib/python3.10/site-packages/airflow/example_dags/example_time_delta_sensor_async.py for tasks to queue
[2026-09-17T01:02:50.295+0000] {logging_mixin.py:150} INFO - [2026-09-17T01:02:50.295+0000] {dagbag.py:541} INFO - Filling up the DagBag from /home/vscode/.local/lib/python3.10/site-packages/airflow/example_dags/example_time_delta_sensor_async.py
[2026-09-17T01:02:50.299+0000] {processor.py:836} INFO - DAG(s) dict_keys(['example_time_delta_sensor_async']) retrieved from /home/vscode/.local/lib/python3.10/site-packages/airflow/example_dags/example_time_delta_sensor_async.py
[2026-09-17T01:02:50.312+0000] {logging_mixin.py:150} INFO - [2026-09-17T01:02:50.312+0000] {dag.py:2742} INFO - Sync 1 DAGs
[2026-09-17T01:02:50.328+0000] {logging_mixin.py:150} INFO - [2026-09-17T01:02:50.328+0000] {dag.py:3504} INFO - Setting next_dagrun for example_time_delta_sensor_async to None, run_after=None
[2026-09-17T01:02:50.349+0000] {processor.py:179} INFO - Processing /home/vscode/.local/lib/python3.10/site-packages/airflow/example_dags/example_time_delta_sensor_async.py took 0.058 seconds
[2026-09-17T01:03:21.139+0000] {processor.py:157} INFO - Started process (PID=26695) to work on /home/vscode/.local/lib/python3.10/site-packages/airflow/example_dags/example_time_delta_sensor_async.py
[2026-09-17T01:03:21.139+0000] {processor.py:826} INFO - Processing file /home/vscode/.local/lib/python3.10/site-packages/airflow/example_dags/example_time_delta_sensor_async.py for tasks to queue
[2026-09-17T01:03:21.140+0000] {logging_mixin.py:150} INFO - [2026-09-17T01:03:21.140+0000] {dagbag.py:541} INFO - Filling up the DagBag from /home/vscode/.local/lib/python3.10/site-packages/airflow/example_dags/example_time_delta_sensor_async.py
[2026-09-17T01:03:21.144+0000] {processor.py:836} INFO - DAG(s) dict_keys(['example_time_delta_sensor_async']) retrieved from /home/vscode/.local/lib/python3.10/site-packages/airflow/example_dags/example_time_delta_sensor_async.py
[2026-09-17T01:03:21.157+0000] {logging_mixin.py:150} INFO - [2026-09-17T01:03:21.157+0000] {dag.py:2742} INFO - Sync 1 DAGs
[2026-09-17T01:03:21.171+0000] {logging_mixin.py:150} INFO - [2026-09-17T01:03:21.171+0000] {dag.py:3504} INFO - Setting next_dagrun for example_time_delta_sensor_async to None, run_after=None
[2026-09-17T01:03:21.189+0000] {processor.py:179} INFO - Processing /home/vscode/.local/lib/python3.10/site-packages/airflow/example_dags/example_time_delta_sensor_async.py took 0.053 seconds
[2026-09-17T01:03:39.005+0000] {processor.py:157} INFO - Started process (PID=26847) to work on /home/vscode/.local/lib/python3.10/site-packages/airflow/example_dags/example_time_delta_sensor_async.py
[2026-09-17T01:03:39.006+0000] {processor.py:826} INFO - Processing file /home/vscode/.local/lib/python3.10/site-packages/airflow/example_dags/example_time_delta_sensor_async.py for tasks to queue
[2026-09-17T01:03:39.007+0000] {logging_mixin.py:150} INFO - [2026-09-17T01:03:39.006+0000] {dagbag.py:541} INFO - Filling up the DagBag from /home/vscode/.local/lib/python3.10/site-packages/airflow/example_dags/example_time_delta_sensor_async.py
[2026-09-17T01:03:39.010+0000] {processor.py:836} INFO - DAG(s) dict_keys(['example_time_delta_sensor_async']) retrieved from /home/vscode/.local/lib/python3.10/site-packages/airflow/example_dags/example_time_delta_sensor_async.py
[2026-09-17T01:03:39.023+0000] {logging_mixin.py:150} INFO - [2026-09-17T01:03:39.023+0000] {dag.py:2742} INFO - Sync 1 DAGs
[2026-09-17T01:03:39.040+0000] {logging_mixin.py:150} INFO - [2026-09-17T01:03:39.039+0000] {dag.py:3504} INFO - Setting next_dagrun for example_time_delta_sensor_async to None, run_after=None
[2026-09-17T01:03:39.057+0000] {processor.py:179} INFO - Processing /home/vscode/.local/lib/python3.10/site-packages/airflow/example_dags/example_time_delta_sensor_async.py took 0.054 seconds
[2026-09-17T01:04:09.855+0000] {processor.py:157} INFO - Started process (PID=27108) to work on /home/vscode/.local/lib/python3.10/site-packages/airflow/example_dags/example_time_delta_sensor_async.py
[2026-09-17T01:04:09.856+0000] {processor.py:826} INFO - Processing file /home/vscode/.local/lib/python3.10/site-packages/airflow/example_dags/example_time_delta_sensor_async.py for tasks to queue
[2026-09-17T01:04:09.857+0000] {logging_mixin.py:150} INFO - [2026-09-17T01:04:09.857+0000] {dagbag.py:541} INFO - Filling up the DagBag from /home/vscode/.local/lib/python3.10/site-packages/airflow/example_dags/example_time_delta_sensor_async.py
[2026-09-17T01:04:09.860+0000] {processor.py:836} INFO - DAG(s) dict_keys(['example_time_delta_sensor_async']) retrieved from /home/vscode/.local/lib/python3.10/site-packages/airflow/example_dags/example_time_delta_sensor_async.py
[2026-09-17T01:04:09.873+0000] {logging_mixin.py:150} INFO - [2026-09-17T01:04:09.873+0000] {dag.py:2742} INFO - Sync 1 DAGs
[2026-09-17T01:04:09.889+0000] {logging_mixin.py:150} INFO - [2026-09-17T01:04:09.889+0000] {dag.py:3504} INFO - Setting next_dagrun for example_time_delta_sensor_async to None, run_after=None
[2026-09-17T01:04:09.907+0000] {processor.py:179} INFO - Processing /home/vscode/.local/lib/python3.10/site-packages/airflow/example_dags/example_time_delta_sensor_async.py took 0.054 seconds
[2026-09-17T01:04:15.197+0000] {processor.py:157} INFO - Started process (PID=27157) to work on /home/vscode/.local/lib/python3.10/site-packages/airflow/example_dags/example_time_delta_sensor_async.py
[2026-09-17T01:04:15.198+0000] {processor.py:826} INFO - Processing file /home/vscode/.local/lib/python3.10/site-packages/airflow/example_dags/example_time_delta_sensor_async.py for tasks to queue
[2026-09-17T01:04:15.199+0000] {logging_mixin.py:150} INFO - [2026-09-17T01:04:15.198+0000] {dagbag.py:541} INFO - Filling up the DagBag from /home/vscode/.local/lib/python3.10/site-packages/airflow/example_dags/example_time_delta_sensor_async.py
[2026-09-17T01:04:15.203+0000] {processor.py:836} INFO - DAG(s) dict_keys(['example_time_delta_sensor_async']) retrieved from /home/vscode/.local/lib/python3.10/site-packages/airflow/example_dags/example_time_delta_sensor_async.py
[2026-09-17T01:04:15.216+0000] {logging_mixin.py:150} INFO - [2026-09-17T01:04:15.216+0000] {dag.py:2742} INFO - Sync 1 DAGs
[2026-09-17T01:04:15.231+0000] {logging_mixin.py:150} INFO - [2026-09-17T01:04:15.231+0000] {dag.py:3504} INFO - Setting next_dagrun for example_time_delta_sensor_async to None, run_after=None
[2026-09-17T01:04:15.248+0000] {processor.py:179} INFO - Processing /home/vscode/.local/lib/python3.10/site-packages/airflow/example_dags/example_time_delta_sensor_async.py took 0.054 seconds
[2026-09-17T01:04:52.279+0000] {processor.py:157} INFO - Started process (PID=27460) to work on /home/vscode/.local/lib/python3.10/site-packages/airflow/example_dags/example_time_delta_sensor_async.py
[2026-09-17T01:04:52.280+0000] {processor.py:826} INFO - Processing file /home/vscode/.local/lib/python3.10/site-packages/airflow/example_dags/example_time_delta_sensor_async.py for tasks to queue
[2026-09-17T01:04:52.281+0000] {logging_mixin.py:150} INFO - [2026-09-17T01:04:52.280+0000] {dagbag.py:541} INFO - Filling up the DagBag from /home/vscode/.local/lib/python3.10/site-packages/airflow/example_dags/example_time_delta_sensor_async.py
[2026-09-17T01:04:52.285+0000] {processor.py:836} INFO - DAG(s) dict_keys(['example_time_delta_sensor_async']) retrieved from /home/vscode/.local/lib/python3.10/site-packages/airflow/example_dags/example_time_delta_sensor_async.py
[2026-09-17T01:04:52.298+0000] {logging_mixin.py:150} INFO - [2026-09-17T01:04:52.298+0000] {dag.py:2742} INFO - Sync 1 DAGs
[2026-09-17T01:04:52.316+0000] {logging_mixin.py:150} INFO - [2026-09-17T01:04:52.316+0000] {dag.py:3504} INFO - Setting next_dagrun for example_time_delta_sensor_async to None, run_after=None
[2026-09-17T01:04:52.337+0000] {processor.py:179} INFO - Processing /home/vscode/.local/lib/python3.10/site-packages/airflow/example_dags/example_time_delta_sensor_async.py took 0.060 seconds
[2026-09-17T01:04:59.095+0000] {processor.py:157} INFO - Started process (PID=27522) to work on /home/vscode/.local/lib/python3.10/site-packages/airflow/example_dags/example_time_delta_sensor_async.py
[2026-09-17T01:04:59.096+0000] {processor.py:826} INFO - Processing file /home/vscode/.local/lib/python3.10/site-packages/airflow/example_dags/example_time_delta_sensor_async.py for tasks to queue
[2026-09-17T01:04:59.097+0000] {logging_mixin.py:150} INFO - [2026-09-17T01:04:59.097+0000] {dagbag.py:541} INFO - Filling up the DagBag from /home/vscode/.local/lib/python3.10/site-packages/airflow/example_dags/example_time_delta_sensor_async.py
[2026-09-17T01:04:59.102+0000] {processor.py:836} INFO - DAG(s) dict_keys(['example_time_delta_sensor_async']) retrieved from /home/vscode/.local/lib/python3.10/site-packages/airflow/example_dags/example_time_delta_sensor_async.py
[2026-09-17T01:04:59.120+0000] {logging_mixin.py:150} INFO - [2026-09-17T01:04:59.119+0000] {dag.py:2742} INFO - Sync 1 DAGs
[2026-09-17T01:04:59.135+0000] {logging_mixin.py:150} INFO - [2026-09-17T01:04:59.135+0000] {dag.py:3504} INFO - Setting next_dagrun for example_time_delta_sensor_async to None, run_after=None
[2026-09-17T01:04:59.157+0000] {processor.py:179} INFO - Processing /home/vscode/.local/lib/python3.10/site-packages/airflow/example_dags/example_time_delta_sensor_async.py took 0.067 seconds
[2026-09-17T01:05:40.851+0000] {processor.py:157} INFO - Started process (PID=27869) to work on /home/vscode/.local/lib/python3.10/site-packages/airflow/example_dags/example_time_delta_sensor_async.py
[2026-09-17T01:05:40.852+0000] {processor.py:826} INFO - Processing file /home/vscode/.local/lib/python3.10/site-packages/airflow/example_dags/example_time_delta_sensor_async.py for tasks to queue
[2026-09-17T01:05:40.852+0000] {logging_mixin.py:150} INFO - [2026-09-17T01:05:40.852+0000] {dagbag.py:541} INFO - Filling up the DagBag from /home/vscode/.local/lib/python3.10/site-packages/airflow/example_dags/example_time_delta_sensor_async.py
[2026-09-17T01:05:40.856+0000] {processor.py:836} INFO - DAG(s) dict_keys(['example_time_delta_sensor_async']) retrieved from /home/vscode/.local/lib/python3.10/site-packages/airflow/example_dags/example_time_delta_sensor_async.py
[2026-09-17T01:05:40.870+0000] {logging_mixin.py:150} INFO - [2026-09-17T01:05:40.870+0000] {dag.py:2742} INFO - Sync 1 DAGs
[2026-09-17T01:05:40.888+0000] {logging_mixin.py:150} INFO - [2026-09-17T01:05:40.888+0000] {dag.py:3504} INFO - Setting next_dagrun for example_time_delta_sensor_async to None, run_after=None
[2026-09-17T01:05:40.911+0000] {processor.py:179} INFO - Processing /home/vscode/.local/lib/python3.10/site-packages/airflow/example_dags/example_time_delta_sensor_async.py took 0.062 seconds
[2026-09-17T01:05:46.392+0000] {processor.py:157} INFO - Started process (PID=27961) to work on /home/vscode/.local/lib/python3.10/site-packages/airflow/example_dags/example_time_delta_sensor_async.py
[2026-09-17T01:05:46.393+0000] {processor.py:826} INFO - Processing file /home/vscode/.local/lib/python3.10/site-packages/airflow/example_dags/example_time_delta_sensor_async.py for tasks to queue
[2026-09-17T01:05:46.393+0000] {logging_mixin.py:150} INFO - [2026-09-17T01:05:46.393+0000] {dagbag.py:541} INFO - Filling up the DagBag from /home/vscode/.local/lib/python3.10/site-packages/airflow/example_dags/example_time_delta_sensor_async.py
[2026-09-17T01:05:46.398+0000] {processor.py:836} INFO - DAG(s) dict_keys(['example_time_delta_sensor_async']) retrieved from /home/vscode/.local/lib/python3.10/site-packages/airflow/example_dags/example_time_delta_sensor_async.py
[2026-09-17T01:05:46.411+0000] {logging_mixin.py:150} INFO - [2026-09-17T01:05:46.411+0000] {dag.py:2742} INFO - Sync 1 DAGs
[2026-09-17T01:05:46.425+0000] {logging_mixin.py:150} INFO - [2026-09-17T01:05:46.425+0000] {dag.py:3504} INFO - Setting next_dagrun for example_time_delta_sensor_async to None, run_after=None
[2026-09-17T01:05:46.442+0000] {processor.py:179} INFO - Processing /home/vscode/.local/lib/python3.10/site-packages/airflow/example_dags/example_time_delta_sensor_async.py took 0.053 seconds
[2026-09-17T01:06:28.760+0000] {processor.py:157} INFO - Started process (PID=28312) to work on /home/vscode/.local/lib/python3.10/site-packages/airflow/example_dags/example_time_delta_sensor_async.py
[2026-09-17T01:06:28.763+0000] {processor.py:826} INFO - Processing file /home/vscode/.local/lib/python3.10/site-packages/airflow/example_dags/example_time_delta_sensor_async.py for tasks to queue
[2026-09-17T01:06:28.764+0000] {logging_mixin.py:150} INFO - [2026-09-17T01:06:28.764+0000] {dagbag.py:541} INFO - Filling up the DagBag from /home/vscode/.local/lib/python3.10/site-packages/airflow/example_dags/example_time_delta_sensor_async.py
[2026-09-17T01:06:28.769+0000] {processor.py:836} INFO - DAG(s) dict_keys(['example_time_delta_sensor_async']) retrieved from /home/vscode/.local/lib/python3.10/site-packages/airflow/example_dags/example_time_delta_sensor_async.py
[2026-09-17T01:06:28.792+0000] {logging_mixin.py:150} INFO - [2026-09-17T01:06:28.792+0000] {dag.py:2742} INFO - Sync 1 DAGs
[2026-09-17T01:06:28.816+0000] {logging_mixin.py:150} INFO - [2026-09-17T01:06:28.816+0000] {dag.py:3504} INFO - Setting next_dagrun for example_time_delta_sensor_async to None, run_after=None
[2026-09-17T01:06:28.857+0000] {processor.py:179} INFO - Processing /home/vscode/.local/lib/python3.10/site-packages/airflow/example_dags/example_time_delta_sensor_async.py took 0.100 seconds
[2026-09-17T01:06:37.794+0000] {processor.py:157} INFO - Started process (PID=28395) to work on /home/vscode/.local/lib/python3.10/site-packages/airflow/example_dags/example_time_delta_sensor_async.py
[2026-09-17T01:06:37.795+0000] {processor.py:826} INFO - Processing file /home/vscode/.local/lib/python3.10/site-packages/airflow/example_dags/example_time_delta_sensor_async.py for tasks to queue
[2026-09-17T01:06:37.796+0000] {logging_mixin.py:150} INFO - [2026-09-17T01:06:37.795+0000] {dagbag.py:541} INFO - Filling up the DagBag from /home/vscode/.local/lib/python3.10/site-packages/airflow/example_dags/example_time_delta_sensor_async.py
[2026-09-17T01:06:37.800+0000] {processor.py:836} INFO - DAG(s) dict_keys(['example_time_delta_sensor_async']) retrieved from /home/vscode/.local/lib/python3.10/site-packages/airflow/example_dags/example_time_delta_sensor_async.py
[2026-09-17T01:06:37.819+0000] {logging_mixin.py:150} INFO - [2026-09-17T01:06:37.819+0000] {dag.py:2742} INFO - Sync 1 DAGs
[2026-09-17T01:06:37.834+0000] {logging_mixin.py:150} INFO - [2026-09-17T01:06:37.834+0000] {dag.py:3504} INFO - Setting next_dagrun for example_time_delta_sensor_async to None, run_after=None
[2026-09-17T01:06:37.850+0000] {processor.py:179} INFO - Processing /home/vscode/.local/lib/python3.10/site-packages/airflow/example_dags/example_time_delta_sensor_async.py took 0.059 seconds
[2026-09-17T01:07:20.221+0000] {processor.py:157} INFO - Started process (PID=28757) to work on /home/vscode/.local/lib/python3.10/site-packages/airflow/example_dags/example_time_delta_sensor_async.py
[2026-09-17T01:07:20.221+0000] {processor.py:826} INFO - Processing file /home/vscode/.local/lib/python3.10/site-packages/airflow/example_dags/example_time_delta_sensor_async.py for tasks to queue
[2026-09-17T01:07:20.222+0000] {logging_mixin.py:150} INFO - [2026-09-17T01:07:20.222+0000] {dagbag.py:541} INFO - Filling up the DagBag from /home/vscode/.local/lib/python3.10/site-packages/airflow/example_dags/example_time_delta_sensor_async.py
[2026-09-17T01:07:20.226+0000] {processor.py:836} INFO - DAG(s) dict_keys(['example_time_delta_sensor_async']) retrieved from /home/vscode/.local/lib/python3.10/site-packages/airflow/example_dags/example_time_delta_sensor_async.py
[2026-09-17T01:07:20.239+0000] {logging_mixin.py:150} INFO - [2026-09-17T01:07:20.239+0000] {dag.py:2742} INFO - Sync 1 DAGs
[2026-09-17T01:07:20.253+0000] {logging_mixin.py:150} INFO - [2026-09-17T01:07:20.253+0000] {dag.py:3504} INFO - Setting next_dagrun for example_time_delta_sensor_async to None, run_after=None
[2026-09-17T01:07:20.283+0000] {processor.py:179} INFO - Processing /home/vscode/.local/lib/python3.10/site-packages/airflow/example_dags/example_time_delta_sensor_async.py took 0.065 seconds
[2026-09-17T01:07:26.176+0000] {processor.py:157} INFO - Started process (PID=28808) to work on /home/vscode/.local/lib/python3.10/site-packages/airflow/example_dags/example_time_delta_sensor_async.py
[2026-09-17T01:07:26.176+0000] {processor.py:826} INFO - Processing file /home/vscode/.local/lib/python3.10/site-packages/airflow/example_dags/example_time_delta_sensor_async.py for tasks to queue
[2026-09-17T01:07:26.177+0000] {logging_mixin.py:150} INFO - [2026-09-17T01:07:26.177+0000] {dagbag.py:541} INFO - Filling up the DagBag from /home/vscode/.local/lib/python3.10/site-packages/airflow/example_dags/example_time_delta_sensor_async.py
[2026-09-17T01:07:26.181+0000] {processor.py:836} INFO - DAG(s) dict_keys(['example_time_delta_sensor_async']) retrieved from /home/vscode/.local/lib/python3.10/site-packages/airflow/example_dags/example_time_delta_sensor_async.py
[2026-09-17T01:07:26.197+0000] {logging_mixin.py:150} INFO - [2026-09-17T01:07:26.197+0000] {dag.py:2742} INFO - Sync 1 DAGs
[2026-09-17T01:07:26.212+0000] {logging_mixin.py:150} INFO - [2026-09-17T01:07:26.212+0000] {dag.py:3504} INFO - Setting next_dagrun for example_time_delta_sensor_async to None, run_after=None
[2026-09-17T01:07:26.227+0000] {processor.py:179} INFO - Processing /home/vscode/.local/lib/python3.10/site-packages/airflow/example_dags/example_time_delta_sensor_async.py took 0.054 seconds
[2026-09-17T01:08:10.273+0000] {processor.py:157} INFO - Started process (PID=29177) to work on /home/vscode/.local/lib/python3.10/site-packages/airflow/example_dags/example_time_delta_sensor_async.py
[2026-09-17T01:08:10.274+0000] {processor.py:826} INFO - Processing file /home/vscode/.local/lib/python3.10/site-packages/airflow/example_dags/example_time_delta_sensor_async.py for tasks to queue
[2026-09-17T01:08:10.275+0000] {logging_mixin.py:150} INFO - [2026-09-17T01:08:10.274+0000] {dagbag.py:541} INFO - Filling up the DagBag from /home/vscode/.local/lib/python3.10/site-packages/airflow/example_dags/example_time_delta_sensor_async.py
[2026-09-17T01:08:10.278+0000] {processor.py:836} INFO - DAG(s) dict_keys(['example_time_delta_sensor_async']) retrieved from /home/vscode/.local/lib/python3.10/site-packages/airflow/example_dags/example_time_delta_sensor_async.py
[2026-09-17T01:08:10.295+0000] {logging_mixin.py:150} INFO - [2026-09-17T01:08:10.295+0000] {dag.py:2742} INFO - Sync 1 DAGs
[2026-09-17T01:08:10.310+0000] {logging_mixin.py:150} INFO - [2026-09-17T01:08:10.310+0000] {dag.py:3504} INFO - Setting next_dagrun for example_time_delta_sensor_async to None, run_after=None
[2026-09-17T01:08:10.326+0000] {processor.py:179} INFO - Processing /home/vscode/.local/lib/python3.10/site-packages/airflow/example_dags/example_time_delta_sensor_async.py took 0.055 seconds
[2026-09-17T01:08:16.441+0000] {processor.py:157} INFO - Started process (PID=29231) to work on /home/vscode/.local/lib/python3.10/site-packages/airflow/example_dags/example_time_delta_sensor_async.py
[2026-09-17T01:08:16.442+0000] {processor.py:826} INFO - Processing file /home/vscode/.local/lib/python3.10/site-packages/airflow/example_dags/example_time_delta_sensor_async.py for tasks to queue
[2026-09-17T01:08:16.443+0000] {logging_mixin.py:150} INFO - [2026-09-17T01:08:16.442+0000] {dagbag.py:541} INFO - Filling up the DagBag from /home/vscode/.local/lib/python3.10/site-packages/airflow/example_dags/example_time_delta_sensor_async.py
[2026-09-17T01:08:16.447+0000] {processor.py:836} INFO - DAG(s) dict_keys(['example_time_delta_sensor_async']) retrieved from /home/vscode/.local/lib/python3.10/site-packages/airflow/example_dags/example_time_delta_sensor_async.py
[2026-09-17T01:08:16.459+0000] {logging_mixin.py:150} INFO - [2026-09-17T01:08:16.459+0000] {dag.py:2742} INFO - Sync 1 DAGs
[2026-09-17T01:08:16.474+0000] {logging_mixin.py:150} INFO - [2026-09-17T01:08:16.473+0000] {dag.py:3504} INFO - Setting next_dagrun for example_time_delta_sensor_async to None, run_after=None
[2026-09-17T01:08:16.498+0000] {processor.py:179} INFO - Processing /home/vscode/.local/lib/python3.10/site-packages/airflow/example_dags/example_time_delta_sensor_async.py took 0.059 seconds
[2026-09-17T01:08:57.680+0000] {processor.py:157} INFO - Started process (PID=29578) to work on /home/vscode/.local/lib/python3.10/site-packages/airflow/example_dags/example_time_delta_sensor_async.py
[2026-09-17T01:08:57.682+0000] {processor.py:826} INFO - Processing file /home/vscode/.local/lib/python3.10/site-packages/airflow/example_dags/example_time_delta_sensor_async.py for tasks to queue
[2026-09-17T01:08:57.683+0000] {logging_mixin.py:150} INFO - [2026-09-17T01:08:57.682+0000] {dagbag.py:541} INFO - Filling up the DagBag from /home/vscode/.local/lib/python3.10/site-packages/airflow/example_dags/example_time_delta_sensor_async.py
[2026-09-17T01:08:57.689+0000] {processor.py:836} INFO - DAG(s) dict_keys(['example_time_delta_sensor_async']) retrieved from /home/vscode/.local/lib/python3.10/site-packages/airflow/example_dags/example_time_delta_sensor_async.py
[2026-09-17T01:08:57.708+0000] {logging_mixin.py:150} INFO - [2026-09-17T01:08:57.708+0000] {dag.py:2742} INFO - Sync 1 DAGs
[2026-09-17T01:08:57.727+0000] {logging_mixin.py:150} INFO - [2026-09-17T01:08:57.727+0000] {dag.py:3504} INFO - Setting next_dagrun for example_time_delta_sensor_async to None, run_after=None
[2026-09-17T01:08:57.751+0000] {processor.py:179} INFO - Processing /home/vscode/.local/lib/python3.10/site-packages/airflow/example_dags/example_time_delta_sensor_async.py took 0.074 seconds
[2026-09-17T01:09:05.073+0000] {processor.py:157} INFO - Started process (PID=29652) to work on /home/vscode/.local/lib/python3.10/site-packages/airflow/example_dags/example_time_delta_sensor_async.py
[2026-09-17T01:09:05.074+0000] {processor.py:826} INFO - Processing file /home/vscode/.local/lib/python3.10/site-packages/airflow/example_dags/example_time_delta_sensor_async.py for tasks to queue
[2026-09-17T01:09:05.075+0000] {logging_mixin.py:150} INFO - [2026-09-17T01:09:05.074+0000] {dagbag.py:541} INFO - Filling up the DagBag from /home/vscode/.local/lib/python3.10/site-packages/airflow/example_dags/example_time_delta_sensor_async.py
[2026-09-17T01:09:05.078+0000] {processor.py:836} INFO - DAG(s) dict_keys(['example_time_delta_sensor_async']) retrieved from /home/vscode/.local/lib/python3.10/site-packages/airflow/example_dags/example_time_delta_sensor_async.py
[2026-09-17T01:09:05.096+0000] {logging_mixin.py:150} INFO - [2026-09-17T01:09:05.096+0000] {dag.py:2742} INFO - Sync 1 DAGs
[2026-09-17T01:09:05.126+0000] {logging_mixin.py:150} INFO - [2026-09-17T01:09:05.126+0000] {dag.py:3504} INFO - Setting next_dagrun for example_time_delta_sensor_async to None, run_after=None
[2026-09-17T01:09:05.148+0000] {processor.py:179} INFO - Processing /home/vscode/.local/lib/python3.10/site-packages/airflow/example_dags/example_time_delta_sensor_async.py took 0.077 seconds
[2026-09-17T01:09:41.463+0000] {processor.py:157} INFO - Started process (PID=29948) to work on /home/vscode/.local/lib/python3.10/site-packages/airflow/example_dags/example_time_delta_sensor_async.py
[2026-09-17T01:09:41.463+0000] {processor.py:826} INFO - Processing file /home/vscode/.local/lib/python3.10/site-packages/airflow/example_dags/example_time_delta_sensor_async.py for tasks to queue
[2026-09-17T01:09:41.464+0000] {logging_mixin.py:150} INFO - [2026-09-17T01:09:41.464+0000] {dagbag.py:541} INFO - Filling up the DagBag from /home/vscode/.local/lib/python3.10/site-packages/airflow/example_dags/example_time_delta_sensor_async.py
[2026-09-17T01:09:41.469+0000] {processor.py:836} INFO - DAG(s) dict_keys(['example_time_delta_sensor_async']) retrieved from /home/vscode/.local/lib/python3.10/site-packages/airflow/example_dags/example_time_delta_sensor_async.py
[2026-09-17T01:09:41.497+0000] {logging_mixin.py:150} INFO - [2026-09-17T01:09:41.497+0000] {dag.py:2742} INFO - Sync 1 DAGs
[2026-09-17T01:09:41.514+0000] {logging_mixin.py:150} INFO - [2026-09-17T01:09:41.514+0000] {dag.py:3504} INFO - Setting next_dagrun for example_time_delta_sensor_async to None, run_after=None
[2026-09-17T01:09:41.534+0000] {processor.py:179} INFO - Processing /home/vscode/.local/lib/python3.10/site-packages/airflow/example_dags/example_time_delta_sensor_async.py took 0.075 seconds
[2026-09-17T01:09:46.700+0000] {processor.py:157} INFO - Started process (PID=29998) to work on /home/vscode/.local/lib/python3.10/site-packages/airflow/example_dags/example_time_delta_sensor_async.py
[2026-09-17T01:09:46.701+0000] {processor.py:826} INFO - Processing file /home/vscode/.local/lib/python3.10/site-packages/airflow/example_dags/example_time_delta_sensor_async.py for tasks to queue
[2026-09-17T01:09:46.702+0000] {logging_mixin.py:150} INFO - [2026-09-17T01:09:46.701+0000] {dagbag.py:541} INFO - Filling up the DagBag from /home/vscode/.local/lib/python3.10/site-packages/airflow/example_dags/example_time_delta_sensor_async.py
[2026-09-17T01:09:46.708+0000] {processor.py:836} INFO - DAG(s) dict_keys(['example_time_delta_sensor_async']) retrieved from /home/vscode/.local/lib/python3.10/site-packages/airflow/example_dags/example_time_delta_sensor_async.py
[2026-09-17T01:09:46.730+0000] {logging_mixin.py:150} INFO - [2026-09-17T01:09:46.730+0000] {dag.py:2742} INFO - Sync 1 DAGs
[2026-09-17T01:09:46.750+0000] {logging_mixin.py:150} INFO - [2026-09-17T01:09:46.750+0000] {dag.py:3504} INFO - Setting next_dagrun for example_time_delta_sensor_async to None, run_after=None
[2026-09-17T01:09:46.773+0000] {processor.py:179} INFO - Processing /home/vscode/.local/lib/python3.10/site-packages/airflow/example_dags/example_time_delta_sensor_async.py took 0.075 seconds
[2026-09-17T01:10:30.357+0000] {processor.py:157} INFO - Started process (PID=30373) to work on /home/vscode/.local/lib/python3.10/site-packages/airflow/example_dags/example_time_delta_sensor_async.py
[2026-09-17T01:10:30.358+0000] {processor.py:826} INFO - Processing file /home/vscode/.local/lib/python3.10/site-packages/airflow/example_dags/example_time_delta_sensor_async.py for tasks to queue
[2026-09-17T01:10:30.359+0000] {logging_mixin.py:150} INFO - [2026-09-17T01:10:30.358+0000] {dagbag.py:541} INFO - Filling up the DagBag from /home/vscode/.local/lib/python3.10/site-packages/airflow/example_dags/example_time_delta_sensor_async.py
[2026-09-17T01:10:30.362+0000] {processor.py:836} INFO - DAG(s) dict_keys(['example_time_delta_sensor_async']) retrieved from /home/vscode/.local/lib/python3.10/site-packages/airflow/example_dags/example_time_delta_sensor_async.py
[2026-09-17T01:10:30.375+0000] {logging_mixin.py:150} INFO - [2026-09-17T01:10:30.375+0000] {dag.py:2742} INFO - Sync 1 DAGs
[2026-09-17T01:10:30.392+0000] {logging_mixin.py:150} INFO - [2026-09-17T01:10:30.392+0000] {dag.py:3504} INFO - Setting next_dagrun for example_time_delta_sensor_async to None, run_after=None
[2026-09-17T01:10:30.411+0000] {processor.py:179} INFO - Processing /home/vscode/.local/lib/python3.10/site-packages/airflow/example_dags/example_time_delta_sensor_async.py took 0.056 seconds
[2026-09-17T01:10:32.857+0000] {processor.py:157} INFO - Started process (PID=30392) to work on /home/vscode/.local/lib/python3.10/site-packages/airflow/example_dags/example_time_delta_sensor_async.py
[2026-09-17T01:10:32.857+0000] {processor.py:826} INFO - Processing file /home/vscode/.local/lib/python3.10/site-packages/airflow/example_dags/example_time_delta_sensor_async.py for tasks to queue
[2026-09-17T01:10:32.858+0000] {logging_mixin.py:150} INFO - [2026-09-17T01:10:32.858+0000] {dagbag.py:541} INFO - Filling up the DagBag from /home/vscode/.local/lib/python3.10/site-packages/airflow/example_dags/example_time_delta_sensor_async.py
[2026-09-17T01:10:32.862+0000] {processor.py:836} INFO - DAG(s) dict_keys(['example_time_delta_sensor_async']) retrieved from /home/vscode/.local/lib/python3.10/site-packages/airflow/example_dags/example_time_delta_sensor_async.py
[2026-09-17T01:10:32.877+0000] {logging_mixin.py:150} INFO - [2026-09-17T01:10:32.877+0000] {dag.py:2742} INFO - Sync 1 DAGs
[2026-09-17T01:10:32.895+0000] {logging_mixin.py:150} INFO - [2026-09-17T01:10:32.895+0000] {dag.py:3504} INFO - Setting next_dagrun for example_time_delta_sensor_async to None, run_after=None
[2026-09-17T01:10:32.924+0000] {processor.py:179} INFO - Processing /home/vscode/.local/lib/python3.10/site-packages/airflow/example_dags/example_time_delta_sensor_async.py took 0.070 seconds
[2026-09-17T01:11:18.305+0000] {processor.py:157} INFO - Started process (PID=30826) to work on /home/vscode/.local/lib/python3.10/site-packages/airflow/example_dags/example_time_delta_sensor_async.py
[2026-09-17T01:11:18.306+0000] {processor.py:826} INFO - Processing file /home/vscode/.local/lib/python3.10/site-packages/airflow/example_dags/example_time_delta_sensor_async.py for tasks to queue
[2026-09-17T01:11:18.307+0000] {logging_mixin.py:150} INFO - [2026-09-17T01:11:18.306+0000] {dagbag.py:541} INFO - Filling up the DagBag from /home/vscode/.local/lib/python3.10/site-packages/airflow/example_dags/example_time_delta_sensor_async.py
[2026-09-17T01:11:18.312+0000] {processor.py:836} INFO - DAG(s) dict_keys(['example_time_delta_sensor_async']) retrieved from /home/vscode/.local/lib/python3.10/site-packages/airflow/example_dags/example_time_delta_sensor_async.py
[2026-09-17T01:11:18.329+0000] {logging_mixin.py:150} INFO - [2026-09-17T01:11:18.329+0000] {dag.py:2742} INFO - Sync 1 DAGs
[2026-09-17T01:11:18.349+0000] {logging_mixin.py:150} INFO - [2026-09-17T01:11:18.349+0000] {dag.py:3504} INFO - Setting next_dagrun for example_time_delta_sensor_async to None, run_after=None
[2026-09-17T01:11:18.366+0000] {processor.py:179} INFO - Processing /home/vscode/.local/lib/python3.10/site-packages/airflow/example_dags/example_time_delta_sensor_async.py took 0.063 seconds
[2026-09-17T01:11:24.443+0000] {processor.py:157} INFO - Started process (PID=30874) to work on /home/vscode/.local/lib/python3.10/site-packages/airflow/example_dags/example_time_delta_sensor_async.py
[2026-09-17T01:11:24.444+0000] {processor.py:826} INFO - Processing file /home/vscode/.local/lib/python3.10/site-packages/airflow/example_dags/example_time_delta_sensor_async.py for tasks to queue
[2026-09-17T01:11:24.444+0000] {logging_mixin.py:150} INFO - [2026-09-17T01:11:24.444+0000] {dagbag.py:541} INFO - Filling up the DagBag from /home/vscode/.local/lib/python3.10/site-packages/airflow/example_dags/example_time_delta_sensor_async.py
[2026-09-17T01:11:24.448+0000] {processor.py:836} INFO - DAG(s) dict_keys(['example_time_delta_sensor_async']) retrieved from /home/vscode/.local/lib/python3.10/site-packages/airflow/example_dags/example_time_delta_sensor_async.py
[2026-09-17T01:11:24.461+0000] {logging_mixin.py:150} INFO - [2026-09-17T01:11:24.461+0000] {dag.py:2742} INFO - Sync 1 DAGs
[2026-09-17T01:11:24.475+0000] {logging_mixin.py:150} INFO - [2026-09-17T01:11:24.475+0000] {dag.py:3504} INFO - Setting next_dagrun for example_time_delta_sensor_async to None, run_after=None
[2026-09-17T01:11:24.498+0000] {processor.py:179} INFO - Processing /home/vscode/.local/lib/python3.10/site-packages/airflow/example_dags/example_time_delta_sensor_async.py took 0.057 seconds
[2026-09-17T01:12:09.840+0000] {processor.py:157} INFO - Started process (PID=31260) to work on /home/vscode/.local/lib/python3.10/site-packages/airflow/example_dags/example_time_delta_sensor_async.py
[2026-09-17T01:12:09.840+0000] {processor.py:826} INFO - Processing file /home/vscode/.local/lib/python3.10/site-packages/airflow/example_dags/example_time_delta_sensor_async.py for tasks to queue
[2026-09-17T01:12:09.841+0000] {logging_mixin.py:150} INFO - [2026-09-17T01:12:09.841+0000] {dagbag.py:541} INFO - Filling up the DagBag from /home/vscode/.local/lib/python3.10/site-packages/airflow/example_dags/example_time_delta_sensor_async.py
[2026-09-17T01:12:09.845+0000] {processor.py:836} INFO - DAG(s) dict_keys(['example_time_delta_sensor_async']) retrieved from /home/vscode/.local/lib/python3.10/site-packages/airflow/example_dags/example_time_delta_sensor_async.py
[2026-09-17T01:12:09.857+0000] {logging_mixin.py:150} INFO - [2026-09-17T01:12:09.857+0000] {dag.py:2742} INFO - Sync 1 DAGs
[2026-09-17T01:12:09.871+0000] {logging_mixin.py:150} INFO - [2026-09-17T01:12:09.871+0000] {dag.py:3504} INFO - Setting next_dagrun for example_time_delta_sensor_async to None, run_after=None
[2026-09-17T01:12:09.892+0000] {processor.py:179} INFO - Processing /home/vscode/.local/lib/python3.10/site-packages/airflow/example_dags/example_time_delta_sensor_async.py took 0.054 seconds
[2026-09-17T01:12:12.780+0000] {processor.py:157} INFO - Started process (PID=31287) to work on /home/vscode/.local/lib/python3.10/site-packages/airflow/example_dags/example_time_delta_sensor_async.py
[2026-09-17T01:12:12.783+0000] {processor.py:826} INFO - Processing file /home/vscode/.local/lib/python3.10/site-packages/airflow/example_dags/example_time_delta_sensor_async.py for tasks to queue
[2026-09-17T01:12:12.784+0000] {logging_mixin.py:150} INFO - [2026-09-17T01:12:12.784+0000] {dagbag.py:541} INFO - Filling up the DagBag from /home/vscode/.local/lib/python3.10/site-packages/airflow/example_dags/example_time_delta_sensor_async.py
[2026-09-17T01:12:12.792+0000] {processor.py:836} INFO - DAG(s) dict_keys(['example_time_delta_sensor_async']) retrieved from /home/vscode/.local/lib/python3.10/site-packages/airflow/example_dags/example_time_delta_sensor_async.py
[2026-09-17T01:12:12.816+0000] {logging_mixin.py:150} INFO - [2026-09-17T01:12:12.815+0000] {dag.py:2742} INFO - Sync 1 DAGs
[2026-09-17T01:12:12.841+0000] {logging_mixin.py:150} INFO - [2026-09-17T01:12:12.840+0000] {dag.py:3504} INFO - Setting next_dagrun for example_time_delta_sensor_async to None, run_after=None
[2026-09-17T01:12:12.875+0000] {processor.py:179} INFO - Processing /home/vscode/.local/lib/python3.10/site-packages/airflow/example_dags/example_time_delta_sensor_async.py took 0.099 seconds
[2026-09-17T01:12:56.091+0000] {processor.py:157} INFO - Started process (PID=31655) to work on /home/vscode/.local/lib/python3.10/site-packages/airflow/example_dags/example_time_delta_sensor_async.py
[2026-09-17T01:12:56.091+0000] {processor.py:826} INFO - Processing file /home/vscode/.local/lib/python3.10/site-packages/airflow/example_dags/example_time_delta_sensor_async.py for tasks to queue
[2026-09-17T01:12:56.092+0000] {logging_mixin.py:150} INFO - [2026-09-17T01:12:56.092+0000] {dagbag.py:541} INFO - Filling up the DagBag from /home/vscode/.local/lib/python3.10/site-packages/airflow/example_dags/example_time_delta_sensor_async.py
[2026-09-17T01:12:56.096+0000] {processor.py:836} INFO - DAG(s) dict_keys(['example_time_delta_sensor_async']) retrieved from /home/vscode/.local/lib/python3.10/site-packages/airflow/example_dags/example_time_delta_sensor_async.py
[2026-09-17T01:12:56.109+0000] {logging_mixin.py:150} INFO - [2026-09-17T01:12:56.108+0000] {dag.py:2742} INFO - Sync 1 DAGs
[2026-09-17T01:12:56.126+0000] {logging_mixin.py:150} INFO - [2026-09-17T01:12:56.125+0000] {dag.py:3504} INFO - Setting next_dagrun for example_time_delta_sensor_async to None, run_after=None
[2026-09-17T01:12:56.148+0000] {processor.py:179} INFO - Processing /home/vscode/.local/lib/python3.10/site-packages/airflow/example_dags/example_time_delta_sensor_async.py took 0.060 seconds
[2026-09-17T01:13:00.554+0000] {processor.py:157} INFO - Started process (PID=31697) to work on /home/vscode/.local/lib/python3.10/site-packages/airflow/example_dags/example_time_delta_sensor_async.py
[2026-09-17T01:13:00.555+0000] {processor.py:826} INFO - Processing file /home/vscode/.local/lib/python3.10/site-packages/airflow/example_dags/example_time_delta_sensor_async.py for tasks to queue
[2026-09-17T01:13:00.555+0000] {logging_mixin.py:150} INFO - [2026-09-17T01:13:00.555+0000] {dagbag.py:541} INFO - Filling up the DagBag from /home/vscode/.local/lib/python3.10/site-packages/airflow/example_dags/example_time_delta_sensor_async.py
[2026-09-17T01:13:00.559+0000] {processor.py:836} INFO - DAG(s) dict_keys(['example_time_delta_sensor_async']) retrieved from /home/vscode/.local/lib/python3.10/site-packages/airflow/example_dags/example_time_delta_sensor_async.py
[2026-09-17T01:13:00.572+0000] {logging_mixin.py:150} INFO - [2026-09-17T01:13:00.572+0000] {dag.py:2742} INFO - Sync 1 DAGs
[2026-09-17T01:13:00.586+0000] {logging_mixin.py:150} INFO - [2026-09-17T01:13:00.586+0000] {dag.py:3504} INFO - Setting next_dagrun for example_time_delta_sensor_async to None, run_after=None
[2026-09-17T01:13:00.604+0000] {processor.py:179} INFO - Processing /home/vscode/.local/lib/python3.10/site-packages/airflow/example_dags/example_time_delta_sensor_async.py took 0.052 seconds
[2026-09-17T01:13:39.617+0000] {processor.py:157} INFO - Started process (PID=32023) to work on /home/vscode/.local/lib/python3.10/site-packages/airflow/example_dags/example_time_delta_sensor_async.py
[2026-09-17T01:13:39.618+0000] {processor.py:826} INFO - Processing file /home/vscode/.local/lib/python3.10/site-packages/airflow/example_dags/example_time_delta_sensor_async.py for tasks to queue
[2026-09-17T01:13:39.619+0000] {logging_mixin.py:150} INFO - [2026-09-17T01:13:39.618+0000] {dagbag.py:541} INFO - Filling up the DagBag from /home/vscode/.local/lib/python3.10/site-packages/airflow/example_dags/example_time_delta_sensor_async.py
[2026-09-17T01:13:39.623+0000] {processor.py:836} INFO - DAG(s) dict_keys(['example_time_delta_sensor_async']) retrieved from /home/vscode/.local/lib/python3.10/site-packages/airflow/example_dags/example_time_delta_sensor_async.py
[2026-09-17T01:13:39.637+0000] {logging_mixin.py:150} INFO - [2026-09-17T01:13:39.636+0000] {dag.py:2742} INFO - Sync 1 DAGs
[2026-09-17T01:13:39.652+0000] {logging_mixin.py:150} INFO - [2026-09-17T01:13:39.652+0000] {dag.py:3504} INFO - Setting next_dagrun for example_time_delta_sensor_async to None, run_after=None
[2026-09-17T01:13:39.668+0000] {processor.py:179} INFO - Processing /home/vscode/.local/lib/python3.10/site-packages/airflow/example_dags/example_time_delta_sensor_async.py took 0.057 seconds
[2026-09-17T01:13:50.631+0000] {processor.py:157} INFO - Started process (PID=32115) to work on /home/vscode/.local/lib/python3.10/site-packages/airflow/example_dags/example_time_delta_sensor_async.py
[2026-09-17T01:13:50.632+0000] {processor.py:826} INFO - Processing file /home/vscode/.local/lib/python3.10/site-packages/airflow/example_dags/example_time_delta_sensor_async.py for tasks to queue
[2026-09-17T01:13:50.632+0000] {logging_mixin.py:150} INFO - [2026-09-17T01:13:50.632+0000] {dagbag.py:541} INFO - Filling up the DagBag from /home/vscode/.local/lib/python3.10/site-packages/airflow/example_dags/example_time_delta_sensor_async.py
[2026-09-17T01:13:50.636+0000] {processor.py:836} INFO - DAG(s) dict_keys(['example_time_delta_sensor_async']) retrieved from /home/vscode/.local/lib/python3.10/site-packages/airflow/example_dags/example_time_delta_sensor_async.py
[2026-09-17T01:13:50.653+0000] {logging_mixin.py:150} INFO - [2026-09-17T01:13:50.652+0000] {dag.py:2742} INFO - Sync 1 DAGs
[2026-09-17T01:13:50.670+0000] {logging_mixin.py:150} INFO - [2026-09-17T01:13:50.670+0000] {dag.py:3504} INFO - Setting next_dagrun for example_time_delta_sensor_async to None, run_after=None
[2026-09-17T01:13:50.704+0000] {processor.py:179} INFO - Processing /home/vscode/.local/lib/python3.10/site-packages/airflow/example_dags/example_time_delta_sensor_async.py took 0.076 seconds
[2026-09-17T01:14:29.810+0000] {processor.py:157} INFO - Started process (PID=32451) to work on /home/vscode/.local/lib/python3.10/site-packages/airflow/example_dags/example_time_delta_sensor_async.py
[2026-09-17T01:14:29.811+0000] {processor.py:826} INFO - Processing file /home/vscode/.local/lib/python3.10/site-packages/airflow/example_dags/example_time_delta_sensor_async.py for tasks to queue
[2026-09-17T01:14:29.812+0000] {logging_mixin.py:150} INFO - [2026-09-17T01:14:29.812+0000] {dagbag.py:541} INFO - Filling up the DagBag from /home/vscode/.local/lib/python3.10/site-packages/airflow/example_dags/example_time_delta_sensor_async.py
[2026-09-17T01:14:29.817+0000] {processor.py:836} INFO - DAG(s) dict_keys(['example_time_delta_sensor_async']) retrieved from /home/vscode/.local/lib/python3.10/site-packages/airflow/example_dags/example_time_delta_sensor_async.py
[2026-09-17T01:14:29.830+0000] {logging_mixin.py:150} INFO - [2026-09-17T01:14:29.830+0000] {dag.py:2742} INFO - Sync 1 DAGs
[2026-09-17T01:14:29.844+0000] {logging_mixin.py:150} INFO - [2026-09-17T01:14:29.844+0000] {dag.py:3504} INFO - Setting next_dagrun for example_time_delta_sensor_async to None, run_after=None
[2026-09-17T01:14:29.860+0000] {processor.py:179} INFO - Processing /home/vscode/.local/lib/python3.10/site-packages/airflow/example_dags/example_time_delta_sensor_async.py took 0.053 seconds
[2026-09-17T01:14:41.001+0000] {processor.py:157} INFO - Started process (PID=32542) to work on /home/vscode/.local/lib/python3.10/site-packages/airflow/example_dags/example_time_delta_sensor_async.py
[2026-09-17T01:14:41.002+0000] {processor.py:826} INFO - Processing file /home/vscode/.local/lib/python3.10/site-packages/airflow/example_dags/example_time_delta_sensor_async.py for tasks to queue
[2026-09-17T01:14:41.003+0000] {logging_mixin.py:150} INFO - [2026-09-17T01:14:41.003+0000] {dagbag.py:541} INFO - Filling up the DagBag from /home/vscode/.local/lib/python3.10/site-packages/airflow/example_dags/example_time_delta_sensor_async.py
[2026-09-17T01:14:41.007+0000] {processor.py:836} INFO - DAG(s) dict_keys(['example_time_delta_sensor_async']) retrieved from /home/vscode/.local/lib/python3.10/site-packages/airflow/example_dags/example_time_delta_sensor_async.py
[2026-09-17T01:14:41.024+0000] {logging_mixin.py:150} INFO - [2026-09-17T01:14:41.024+0000] {dag.py:2742} INFO - Sync 1 DAGs
[2026-09-17T01:14:41.045+0000] {logging_mixin.py:150} INFO - [2026-09-17T01:14:41.045+0000] {dag.py:3504} INFO - Setting next_dagrun for example_time_delta_sensor_async to None, run_after=None
[2026-09-17T01:14:41.074+0000] {processor.py:179} INFO - Processing /home/vscode/.local/lib/python3.10/site-packages/airflow/example_dags/example_time_delta_sensor_async.py took 0.077 seconds
[2026-09-17T01:15:13.508+0000] {processor.py:157} INFO - Started process (PID=32823) to work on /home/vscode/.local/lib/python3.10/site-packages/airflow/example_dags/example_time_delta_sensor_async.py
[2026-09-17T01:15:13.509+0000] {processor.py:826} INFO - Processing file /home/vscode/.local/lib/python3.10/site-packages/airflow/example_dags/example_time_delta_sensor_async.py for tasks to queue
[2026-09-17T01:15:13.509+0000] {logging_mixin.py:150} INFO - [2026-09-17T01:15:13.509+0000] {dagbag.py:541} INFO - Filling up the DagBag from /home/vscode/.local/lib/python3.10/site-packages/airflow/example_dags/example_time_delta_sensor_async.py
[2026-09-17T01:15:13.513+0000] {processor.py:836} INFO - DAG(s) dict_keys(['example_time_delta_sensor_async']) retrieved from /home/vscode/.local/lib/python3.10/site-packages/airflow/example_dags/example_time_delta_sensor_async.py
[2026-09-17T01:15:13.526+0000] {logging_mixin.py:150} INFO - [2026-09-17T01:15:13.525+0000] {dag.py:2742} INFO - Sync 1 DAGs
[2026-09-17T01:15:13.540+0000] {logging_mixin.py:150} INFO - [2026-09-17T01:15:13.540+0000] {dag.py:3504} INFO - Setting next_dagrun for example_time_delta_sensor_async to None, run_after=None
[2026-09-17T01:15:13.556+0000] {processor.py:179} INFO - Processing /home/vscode/.local/lib/python3.10/site-packages/airflow/example_dags/example_time_delta_sensor_async.py took 0.051 seconds
[2026-09-17T01:15:32.357+0000] {processor.py:157} INFO - Started process (PID=32982) to work on /home/vscode/.local/lib/python3.10/site-packages/airflow/example_dags/example_time_delta_sensor_async.py
[2026-09-17T01:15:32.358+0000] {processor.py:826} INFO - Processing file /home/vscode/.local/lib/python3.10/site-packages/airflow/example_dags/example_time_delta_sensor_async.py for tasks to queue
[2026-09-17T01:15:32.359+0000] {logging_mixin.py:150} INFO - [2026-09-17T01:15:32.358+0000] {dagbag.py:541} INFO - Filling up the DagBag from /home/vscode/.local/lib/python3.10/site-packages/airflow/example_dags/example_time_delta_sensor_async.py
[2026-09-17T01:15:32.362+0000] {processor.py:836} INFO - DAG(s) dict_keys(['example_time_delta_sensor_async']) retrieved from /home/vscode/.local/lib/python3.10/site-packages/airflow/example_dags/example_time_delta_sensor_async.py
[2026-09-17T01:15:32.375+0000] {logging_mixin.py:150} INFO - [2026-09-17T01:15:32.374+0000] {dag.py:2742} INFO - Sync 1 DAGs
[2026-09-17T01:15:32.391+0000] {logging_mixin.py:150} INFO - [2026-09-17T01:15:32.391+0000] {dag.py:3504} INFO - Setting next_dagrun for example_time_delta_sensor_async to None, run_after=None
[2026-09-17T01:15:32.411+0000] {processor.py:179} INFO - Processing /home/vscode/.local/lib/python3.10/site-packages/airflow/example_dags/example_time_delta_sensor_async.py took 0.056 seconds
[2026-09-17T01:15:56.972+0000] {processor.py:157} INFO - Started process (PID=33222) to work on /home/vscode/.local/lib/python3.10/site-packages/airflow/example_dags/example_time_delta_sensor_async.py
[2026-09-17T01:15:56.972+0000] {processor.py:826} INFO - Processing file /home/vscode/.local/lib/python3.10/site-packages/airflow/example_dags/example_time_delta_sensor_async.py for tasks to queue
[2026-09-17T01:15:56.973+0000] {logging_mixin.py:150} INFO - [2026-09-17T01:15:56.973+0000] {dagbag.py:541} INFO - Filling up the DagBag from /home/vscode/.local/lib/python3.10/site-packages/airflow/example_dags/example_time_delta_sensor_async.py
[2026-09-17T01:15:56.977+0000] {processor.py:836} INFO - DAG(s) dict_keys(['example_time_delta_sensor_async']) retrieved from /home/vscode/.local/lib/python3.10/site-packages/airflow/example_dags/example_time_delta_sensor_async.py
[2026-09-17T01:15:56.992+0000] {logging_mixin.py:150} INFO - [2026-09-17T01:15:56.992+0000] {dag.py:2742} INFO - Sync 1 DAGs
[2026-09-17T01:15:57.008+0000] {logging_mixin.py:150} INFO - [2026-09-17T01:15:57.008+0000] {dag.py:3504} INFO - Setting next_dagrun for example_time_delta_sensor_async to None, run_after=None
[2026-09-17T01:15:57.028+0000] {processor.py:179} INFO - Processing /home/vscode/.local/lib/python3.10/site-packages/airflow/example_dags/example_time_delta_sensor_async.py took 0.059 seconds
[2026-09-17T01:16:08.324+0000] {processor.py:157} INFO - Started process (PID=33320) to work on /home/vscode/.local/lib/python3.10/site-packages/airflow/example_dags/example_time_delta_sensor_async.py
[2026-09-17T01:16:08.324+0000] {processor.py:826} INFO - Processing file /home/vscode/.local/lib/python3.10/site-packages/airflow/example_dags/example_time_delta_sensor_async.py for tasks to queue
[2026-09-17T01:16:08.325+0000] {logging_mixin.py:150} INFO - [2026-09-17T01:16:08.325+0000] {dagbag.py:541} INFO - Filling up the DagBag from /home/vscode/.local/lib/python3.10/site-packages/airflow/example_dags/example_time_delta_sensor_async.py
[2026-09-17T01:16:08.329+0000] {processor.py:836} INFO - DAG(s) dict_keys(['example_time_delta_sensor_async']) retrieved from /home/vscode/.local/lib/python3.10/site-packages/airflow/example_dags/example_time_delta_sensor_async.py
[2026-09-17T01:16:08.344+0000] {logging_mixin.py:150} INFO - [2026-09-17T01:16:08.344+0000] {dag.py:2742} INFO - Sync 1 DAGs
[2026-09-17T01:16:08.359+0000] {logging_mixin.py:150} INFO - [2026-09-17T01:16:08.358+0000] {dag.py:3504} INFO - Setting next_dagrun for example_time_delta_sensor_async to None, run_after=None
[2026-09-17T01:16:08.375+0000] {processor.py:179} INFO - Processing /home/vscode/.local/lib/python3.10/site-packages/airflow/example_dags/example_time_delta_sensor_async.py took 0.054 seconds
[2026-09-17T01:16:30.568+0000] {processor.py:157} INFO - Started process (PID=33516) to work on /home/vscode/.local/lib/python3.10/site-packages/airflow/example_dags/example_time_delta_sensor_async.py
[2026-09-17T01:16:30.569+0000] {processor.py:826} INFO - Processing file /home/vscode/.local/lib/python3.10/site-packages/airflow/example_dags/example_time_delta_sensor_async.py for tasks to queue
[2026-09-17T01:16:30.570+0000] {logging_mixin.py:150} INFO - [2026-09-17T01:16:30.569+0000] {dagbag.py:541} INFO - Filling up the DagBag from /home/vscode/.local/lib/python3.10/site-packages/airflow/example_dags/example_time_delta_sensor_async.py
[2026-09-17T01:16:30.573+0000] {processor.py:836} INFO - DAG(s) dict_keys(['example_time_delta_sensor_async']) retrieved from /home/vscode/.local/lib/python3.10/site-packages/airflow/example_dags/example_time_delta_sensor_async.py
[2026-09-17T01:16:30.588+0000] {logging_mixin.py:150} INFO - [2026-09-17T01:16:30.588+0000] {dag.py:2742} INFO - Sync 1 DAGs
[2026-09-17T01:16:30.605+0000] {logging_mixin.py:150} INFO - [2026-09-17T01:16:30.605+0000] {dag.py:3504} INFO - Setting next_dagrun for example_time_delta_sensor_async to None, run_after=None
[2026-09-17T01:16:30.621+0000] {processor.py:179} INFO - Processing /home/vscode/.local/lib/python3.10/site-packages/airflow/example_dags/example_time_delta_sensor_async.py took 0.055 seconds
[2026-09-17T01:16:58.249+0000] {processor.py:157} INFO - Started process (PID=33751) to work on /home/vscode/.local/lib/python3.10/site-packages/airflow/example_dags/example_time_delta_sensor_async.py
[2026-09-17T01:16:58.250+0000] {processor.py:826} INFO - Processing file /home/vscode/.local/lib/python3.10/site-packages/airflow/example_dags/example_time_delta_sensor_async.py for tasks to queue
[2026-09-17T01:16:58.251+0000] {logging_mixin.py:150} INFO - [2026-09-17T01:16:58.250+0000] {dagbag.py:541} INFO - Filling up the DagBag from /home/vscode/.local/lib/python3.10/site-packages/airflow/example_dags/example_time_delta_sensor_async.py
[2026-09-17T01:16:58.256+0000] {processor.py:836} INFO - DAG(s) dict_keys(['example_time_delta_sensor_async']) retrieved from /home/vscode/.local/lib/python3.10/site-packages/airflow/example_dags/example_time_delta_sensor_async.py
[2026-09-17T01:16:58.270+0000] {logging_mixin.py:150} INFO - [2026-09-17T01:16:58.270+0000] {dag.py:2742} INFO - Sync 1 DAGs
[2026-09-17T01:16:58.293+0000] {logging_mixin.py:150} INFO - [2026-09-17T01:16:58.293+0000] {dag.py:3504} INFO - Setting next_dagrun for example_time_delta_sensor_async to None, run_after=None
[2026-09-17T01:16:58.329+0000] {processor.py:179} INFO - Processing /home/vscode/.local/lib/python3.10/site-packages/airflow/example_dags/example_time_delta_sensor_async.py took 0.082 seconds
[2026-09-17T01:17:08.600+0000] {processor.py:157} INFO - Started process (PID=33840) to work on /home/vscode/.local/lib/python3.10/site-packages/airflow/example_dags/example_time_delta_sensor_async.py
[2026-09-17T01:17:08.601+0000] {processor.py:826} INFO - Processing file /home/vscode/.local/lib/python3.10/site-packages/airflow/example_dags/example_time_delta_sensor_async.py for tasks to queue
[2026-09-17T01:17:08.602+0000] {logging_mixin.py:150} INFO - [2026-09-17T01:17:08.602+0000] {dagbag.py:541} INFO - Filling up the DagBag from /home/vscode/.local/lib/python3.10/site-packages/airflow/example_dags/example_time_delta_sensor_async.py
[2026-09-17T01:17:08.607+0000] {processor.py:836} INFO - DAG(s) dict_keys(['example_time_delta_sensor_async']) retrieved from /home/vscode/.local/lib/python3.10/site-packages/airflow/example_dags/example_time_delta_sensor_async.py
[2026-09-17T01:17:08.625+0000] {logging_mixin.py:150} INFO - [2026-09-17T01:17:08.624+0000] {dag.py:2742} INFO - Sync 1 DAGs
[2026-09-17T01:17:08.656+0000] {logging_mixin.py:150} INFO - [2026-09-17T01:17:08.655+0000] {dag.py:3504} INFO - Setting next_dagrun for example_time_delta_sensor_async to None, run_after=None
[2026-09-17T01:17:08.686+0000] {processor.py:179} INFO - Processing /home/vscode/.local/lib/python3.10/site-packages/airflow/example_dags/example_time_delta_sensor_async.py took 0.089 seconds
[2026-09-17T01:17:47.710+0000] {processor.py:157} INFO - Started process (PID=34174) to work on /home/vscode/.local/lib/python3.10/site-packages/airflow/example_dags/example_time_delta_sensor_async.py
[2026-09-17T01:17:47.711+0000] {processor.py:826} INFO - Processing file /home/vscode/.local/lib/python3.10/site-packages/airflow/example_dags/example_time_delta_sensor_async.py for tasks to queue
[2026-09-17T01:17:47.711+0000] {logging_mixin.py:150} INFO - [2026-09-17T01:17:47.711+0000] {dagbag.py:541} INFO - Filling up the DagBag from /home/vscode/.local/lib/python3.10/site-packages/airflow/example_dags/example_time_delta_sensor_async.py
[2026-09-17T01:17:47.715+0000] {processor.py:836} INFO - DAG(s) dict_keys(['example_time_delta_sensor_async']) retrieved from /home/vscode/.local/lib/python3.10/site-packages/airflow/example_dags/example_time_delta_sensor_async.py
[2026-09-17T01:17:47.729+0000] {logging_mixin.py:150} INFO - [2026-09-17T01:17:47.729+0000] {dag.py:2742} INFO - Sync 1 DAGs
[2026-09-17T01:17:47.745+0000] {logging_mixin.py:150} INFO - [2026-09-17T01:17:47.744+0000] {dag.py:3504} INFO - Setting next_dagrun for example_time_delta_sensor_async to None, run_after=None
[2026-09-17T01:17:47.761+0000] {processor.py:179} INFO - Processing /home/vscode/.local/lib/python3.10/site-packages/airflow/example_dags/example_time_delta_sensor_async.py took 0.053 seconds
[2026-09-17T01:17:52.319+0000] {processor.py:157} INFO - Started process (PID=34206) to work on /home/vscode/.local/lib/python3.10/site-packages/airflow/example_dags/example_time_delta_sensor_async.py
[2026-09-17T01:17:52.319+0000] {processor.py:826} INFO - Processing file /home/vscode/.local/lib/python3.10/site-packages/airflow/example_dags/example_time_delta_sensor_async.py for tasks to queue
[2026-09-17T01:17:52.320+0000] {logging_mixin.py:150} INFO - [2026-09-17T01:17:52.320+0000] {dagbag.py:541} INFO - Filling up the DagBag from /home/vscode/.local/lib/python3.10/site-packages/airflow/example_dags/example_time_delta_sensor_async.py
[2026-09-17T01:17:52.324+0000] {processor.py:836} INFO - DAG(s) dict_keys(['example_time_delta_sensor_async']) retrieved from /home/vscode/.local/lib/python3.10/site-packages/airflow/example_dags/example_time_delta_sensor_async.py
[2026-09-17T01:17:52.338+0000] {logging_mixin.py:150} INFO - [2026-09-17T01:17:52.338+0000] {dag.py:2742} INFO - Sync 1 DAGs
[2026-09-17T01:17:52.355+0000] {logging_mixin.py:150} INFO - [2026-09-17T01:17:52.355+0000] {dag.py:3504} INFO - Setting next_dagrun for example_time_delta_sensor_async to None, run_after=None
[2026-09-17T01:17:52.371+0000] {processor.py:179} INFO - Processing /home/vscode/.local/lib/python3.10/site-packages/airflow/example_dags/example_time_delta_sensor_async.py took 0.055 seconds
[2026-09-17T01:18:32.947+0000] {processor.py:157} INFO - Started process (PID=34551) to work on /home/vscode/.local/lib/python3.10/site-packages/airflow/example_dags/example_time_delta_sensor_async.py
[2026-09-17T01:18:32.948+0000] {processor.py:826} INFO - Processing file /home/vscode/.local/lib/python3.10/site-packages/airflow/example_dags/example_time_delta_sensor_async.py for tasks to queue
[2026-09-17T01:18:32.949+0000] {logging_mixin.py:150} INFO - [2026-09-17T01:18:32.948+0000] {dagbag.py:541} INFO - Filling up the DagBag from /home/vscode/.local/lib/python3.10/site-packages/airflow/example_dags/example_time_delta_sensor_async.py
[2026-09-17T01:18:32.952+0000] {processor.py:836} INFO - DAG(s) dict_keys(['example_time_delta_sensor_async']) retrieved from /home/vscode/.local/lib/python3.10/site-packages/airflow/example_dags/example_time_delta_sensor_async.py
[2026-09-17T01:18:32.965+0000] {logging_mixin.py:150} INFO - [2026-09-17T01:18:32.965+0000] {dag.py:2742} INFO - Sync 1 DAGs
[2026-09-17T01:18:32.982+0000] {logging_mixin.py:150} INFO - [2026-09-17T01:18:32.982+0000] {dag.py:3504} INFO - Setting next_dagrun for example_time_delta_sensor_async to None, run_after=None
[2026-09-17T01:18:33.001+0000] {processor.py:179} INFO - Processing /home/vscode/.local/lib/python3.10/site-packages/airflow/example_dags/example_time_delta_sensor_async.py took 0.056 seconds
[2026-09-17T01:18:41.333+0000] {processor.py:157} INFO - Started process (PID=34623) to work on /home/vscode/.local/lib/python3.10/site-packages/airflow/example_dags/example_time_delta_sensor_async.py
[2026-09-17T01:18:41.334+0000] {processor.py:826} INFO - Processing file /home/vscode/.local/lib/python3.10/site-packages/airflow/example_dags/example_time_delta_sensor_async.py for tasks to queue
[2026-09-17T01:18:41.334+0000] {logging_mixin.py:150} INFO - [2026-09-17T01:18:41.334+0000] {dagbag.py:541} INFO - Filling up the DagBag from /home/vscode/.local/lib/python3.10/site-packages/airflow/example_dags/example_time_delta_sensor_async.py
[2026-09-17T01:18:41.338+0000] {processor.py:836} INFO - DAG(s) dict_keys(['example_time_delta_sensor_async']) retrieved from /home/vscode/.local/lib/python3.10/site-packages/airflow/example_dags/example_time_delta_sensor_async.py
[2026-09-17T01:18:41.351+0000] {logging_mixin.py:150} INFO - [2026-09-17T01:18:41.351+0000] {dag.py:2742} INFO - Sync 1 DAGs
[2026-09-17T01:18:41.365+0000] {logging_mixin.py:150} INFO - [2026-09-17T01:18:41.365+0000] {dag.py:3504} INFO - Setting next_dagrun for example_time_delta_sensor_async to None, run_after=None
[2026-09-17T01:18:41.388+0000] {processor.py:179} INFO - Processing /home/vscode/.local/lib/python3.10/site-packages/airflow/example_dags/example_time_delta_sensor_async.py took 0.058 seconds
[2026-09-17T01:19:22.152+0000] {processor.py:157} INFO - Started process (PID=34959) to work on /home/vscode/.local/lib/python3.10/site-packages/airflow/example_dags/example_time_delta_sensor_async.py
[2026-09-17T01:19:22.153+0000] {processor.py:826} INFO - Processing file /home/vscode/.local/lib/python3.10/site-packages/airflow/example_dags/example_time_delta_sensor_async.py for tasks to queue
[2026-09-17T01:19:22.154+0000] {logging_mixin.py:150} INFO - [2026-09-17T01:19:22.153+0000] {dagbag.py:541} INFO - Filling up the DagBag from /home/vscode/.local/lib/python3.10/site-packages/airflow/example_dags/example_time_delta_sensor_async.py
[2026-09-17T01:19:22.157+0000] {processor.py:836} INFO - DAG(s) dict_keys(['example_time_delta_sensor_async']) retrieved from /home/vscode/.local/lib/python3.10/site-packages/airflow/example_dags/example_time_delta_sensor_async.py
[2026-09-17T01:19:22.170+0000] {logging_mixin.py:150} INFO - [2026-09-17T01:19:22.170+0000] {dag.py:2742} INFO - Sync 1 DAGs
[2026-09-17T01:19:22.186+0000] {logging_mixin.py:150} INFO - [2026-09-17T01:19:22.186+0000] {dag.py:3504} INFO - Setting next_dagrun for example_time_delta_sensor_async to None, run_after=None
[2026-09-17T01:19:22.204+0000] {processor.py:179} INFO - Processing /home/vscode/.local/lib/python3.10/site-packages/airflow/example_dags/example_time_delta_sensor_async.py took 0.055 seconds
[2026-09-17T01:19:29.479+0000] {processor.py:157} INFO - Started process (PID=35006) to work on /home/vscode/.local/lib/python3.10/site-packages/airflow/example_dags/example_time_delta_sensor_async.py
[2026-09-17T01:19:29.479+0000] {processor.py:826} INFO - Processing file /home/vscode/.local/lib/python3.10/site-packages/airflow/example_dags/example_time_delta_sensor_async.py for tasks to queue
[2026-09-17T01:19:29.480+0000] {logging_mixin.py:150} INFO - [2026-09-17T01:19:29.480+0000] {dagbag.py:541} INFO - Filling up the DagBag from /home/vscode/.local/lib/python3.10/site-packages/airflow/example_dags/example_time_delta_sensor_async.py
[2026-09-17T01:19:29.485+0000] {processor.py:836} INFO - DAG(s) dict_keys(['example_time_delta_sensor_async']) retrieved from /home/vscode/.local/lib/python3.10/site-packages/airflow/example_dags/example_time_delta_sensor_async.py
[2026-09-17T01:19:29.501+0000] {logging_mixin.py:150} INFO - [2026-09-17T01:19:29.501+0000] {dag.py:2742} INFO - Sync 1 DAGs
[2026-09-17T01:19:29.525+0000] {logging_mixin.py:150} INFO - [2026-09-17T01:19:29.525+0000] {dag.py:3504} INFO - Setting next_dagrun for example_time_delta_sensor_async to None, run_after=None
[2026-09-17T01:19:29.555+0000] {processor.py:179} INFO - Processing /home/vscode/.local/lib/python3.10/site-packages/airflow/example_dags/example_time_delta_sensor_async.py took 0.079 seconds
[2026-09-17T01:20:11.226+0000] {processor.py:157} INFO - Started process (PID=35409) to work on /home/vscode/.local/lib/python3.10/site-packages/airflow/example_dags/example_time_delta_sensor_async.py
[2026-09-17T01:20:11.229+0000] {processor.py:826} INFO - Processing file /home/vscode/.local/lib/python3.10/site-packages/airflow/example_dags/example_time_delta_sensor_async.py for tasks to queue
[2026-09-17T01:20:11.230+0000] {logging_mixin.py:150} INFO - [2026-09-17T01:20:11.229+0000] {dagbag.py:541} INFO - Filling up the DagBag from /home/vscode/.local/lib/python3.10/site-packages/airflow/example_dags/example_time_delta_sensor_async.py
[2026-09-17T01:20:11.234+0000] {processor.py:836} INFO - DAG(s) dict_keys(['example_time_delta_sensor_async']) retrieved from /home/vscode/.local/lib/python3.10/site-packages/airflow/example_dags/example_time_delta_sensor_async.py
[2026-09-17T01:20:11.252+0000] {logging_mixin.py:150} INFO - [2026-09-17T01:20:11.252+0000] {dag.py:2742} INFO - Sync 1 DAGs
[2026-09-17T01:20:11.267+0000] {logging_mixin.py:150} INFO - [2026-09-17T01:20:11.266+0000] {dag.py:3504} INFO - Setting next_dagrun for example_time_delta_sensor_async to None, run_after=None
[2026-09-17T01:20:11.284+0000] {processor.py:179} INFO - Processing /home/vscode/.local/lib/python3.10/site-packages/airflow/example_dags/example_time_delta_sensor_async.py took 0.061 seconds
[2026-09-17T01:20:19.281+0000] {processor.py:157} INFO - Started process (PID=35474) to work on /home/vscode/.local/lib/python3.10/site-packages/airflow/example_dags/example_time_delta_sensor_async.py
[2026-09-17T01:20:19.281+0000] {processor.py:826} INFO - Processing file /home/vscode/.local/lib/python3.10/site-packages/airflow/example_dags/example_time_delta_sensor_async.py for tasks to queue
[2026-09-17T01:20:19.282+0000] {logging_mixin.py:150} INFO - [2026-09-17T01:20:19.282+0000] {dagbag.py:541} INFO - Filling up the DagBag from /home/vscode/.local/lib/python3.10/site-packages/airflow/example_dags/example_time_delta_sensor_async.py
[2026-09-17T01:20:19.287+0000] {processor.py:836} INFO - DAG(s) dict_keys(['example_time_delta_sensor_async']) retrieved from /home/vscode/.local/lib/python3.10/site-packages/airflow/example_dags/example_time_delta_sensor_async.py
[2026-09-17T01:20:19.300+0000] {logging_mixin.py:150} INFO - [2026-09-17T01:20:19.300+0000] {dag.py:2742} INFO - Sync 1 DAGs
[2026-09-17T01:20:19.316+0000] {logging_mixin.py:150} INFO - [2026-09-17T01:20:19.315+0000] {dag.py:3504} INFO - Setting next_dagrun for example_time_delta_sensor_async to None, run_after=None
[2026-09-17T01:20:19.334+0000] {processor.py:179} INFO - Processing /home/vscode/.local/lib/python3.10/site-packages/airflow/example_dags/example_time_delta_sensor_async.py took 0.056 seconds
[2026-09-17T01:20:58.704+0000] {processor.py:157} INFO - Started process (PID=35886) to work on /home/vscode/.local/lib/python3.10/site-packages/airflow/example_dags/example_time_delta_sensor_async.py
[2026-09-17T01:20:58.705+0000] {processor.py:826} INFO - Processing file /home/vscode/.local/lib/python3.10/site-packages/airflow/example_dags/example_time_delta_sensor_async.py for tasks to queue
[2026-09-17T01:20:58.706+0000] {logging_mixin.py:150} INFO - [2026-09-17T01:20:58.706+0000] {dagbag.py:541} INFO - Filling up the DagBag from /home/vscode/.local/lib/python3.10/site-packages/airflow/example_dags/example_time_delta_sensor_async.py
[2026-09-17T01:20:58.710+0000] {processor.py:836} INFO - DAG(s) dict_keys(['example_time_delta_sensor_async']) retrieved from /home/vscode/.local/lib/python3.10/site-packages/airflow/example_dags/example_time_delta_sensor_async.py
[2026-09-17T01:20:58.730+0000] {logging_mixin.py:150} INFO - [2026-09-17T01:20:58.730+0000] {dag.py:2742} INFO - Sync 1 DAGs
[2026-09-17T01:20:58.752+0000] {logging_mixin.py:150} INFO - [2026-09-17T01:20:58.752+0000] {dag.py:3504} INFO - Setting next_dagrun for example_time_delta_sensor_async to None, run_after=None
[2026-09-17T01:20:58.770+0000] {processor.py:179} INFO - Processing /home/vscode/.local/lib/python3.10/site-packages/airflow/example_dags/example_time_delta_sensor_async.py took 0.068 seconds
[2026-09-17T01:21:08.469+0000] {processor.py:157} INFO - Started process (PID=36131) to work on /home/vscode/.local/lib/python3.10/site-packages/airflow/example_dags/example_time_delta_sensor_async.py
[2026-09-17T01:21:08.470+0000] {processor.py:826} INFO - Processing file /home/vscode/.local/lib/python3.10/site-packages/airflow/example_dags/example_time_delta_sensor_async.py for tasks to queue
[2026-09-17T01:21:08.471+0000] {logging_mixin.py:150} INFO - [2026-09-17T01:21:08.471+0000] {dagbag.py:541} INFO - Filling up the DagBag from /home/vscode/.local/lib/python3.10/site-packages/airflow/example_dags/example_time_delta_sensor_async.py
[2026-09-17T01:21:08.475+0000] {processor.py:836} INFO - DAG(s) dict_keys(['example_time_delta_sensor_async']) retrieved from /home/vscode/.local/lib/python3.10/site-packages/airflow/example_dags/example_time_delta_sensor_async.py
[2026-09-17T01:21:08.492+0000] {logging_mixin.py:150} INFO - [2026-09-17T01:21:08.492+0000] {dag.py:2742} INFO - Sync 1 DAGs
[2026-09-17T01:21:08.513+0000] {logging_mixin.py:150} INFO - [2026-09-17T01:21:08.512+0000] {dag.py:3504} INFO - Setting next_dagrun for example_time_delta_sensor_async to None, run_after=None
[2026-09-17T01:21:08.536+0000] {processor.py:179} INFO - Processing /home/vscode/.local/lib/python3.10/site-packages/airflow/example_dags/example_time_delta_sensor_async.py took 0.070 seconds
[2026-09-17T01:21:48.840+0000] {processor.py:157} INFO - Started process (PID=36597) to work on /home/vscode/.local/lib/python3.10/site-packages/airflow/example_dags/example_time_delta_sensor_async.py
[2026-09-17T01:21:48.841+0000] {processor.py:826} INFO - Processing file /home/vscode/.local/lib/python3.10/site-packages/airflow/example_dags/example_time_delta_sensor_async.py for tasks to queue
[2026-09-17T01:21:48.842+0000] {logging_mixin.py:150} INFO - [2026-09-17T01:21:48.842+0000] {dagbag.py:541} INFO - Filling up the DagBag from /home/vscode/.local/lib/python3.10/site-packages/airflow/example_dags/example_time_delta_sensor_async.py
[2026-09-17T01:21:48.847+0000] {processor.py:836} INFO - DAG(s) dict_keys(['example_time_delta_sensor_async']) retrieved from /home/vscode/.local/lib/python3.10/site-packages/airflow/example_dags/example_time_delta_sensor_async.py
[2026-09-17T01:21:48.866+0000] {logging_mixin.py:150} INFO - [2026-09-17T01:21:48.866+0000] {dag.py:2742} INFO - Sync 1 DAGs
[2026-09-17T01:21:48.888+0000] {logging_mixin.py:150} INFO - [2026-09-17T01:21:48.887+0000] {dag.py:3504} INFO - Setting next_dagrun for example_time_delta_sensor_async to None, run_after=None
[2026-09-17T01:21:48.919+0000] {processor.py:179} INFO - Processing /home/vscode/.local/lib/python3.10/site-packages/airflow/example_dags/example_time_delta_sensor_async.py took 0.082 seconds
[2026-09-17T01:21:56.746+0000] {processor.py:157} INFO - Started process (PID=36663) to work on /home/vscode/.local/lib/python3.10/site-packages/airflow/example_dags/example_time_delta_sensor_async.py
[2026-09-17T01:21:56.747+0000] {processor.py:826} INFO - Processing file /home/vscode/.local/lib/python3.10/site-packages/airflow/example_dags/example_time_delta_sensor_async.py for tasks to queue
[2026-09-17T01:21:56.747+0000] {logging_mixin.py:150} INFO - [2026-09-17T01:21:56.747+0000] {dagbag.py:541} INFO - Filling up the DagBag from /home/vscode/.local/lib/python3.10/site-packages/airflow/example_dags/example_time_delta_sensor_async.py
[2026-09-17T01:21:56.751+0000] {processor.py:836} INFO - DAG(s) dict_keys(['example_time_delta_sensor_async']) retrieved from /home/vscode/.local/lib/python3.10/site-packages/airflow/example_dags/example_time_delta_sensor_async.py
[2026-09-17T01:21:56.764+0000] {logging_mixin.py:150} INFO - [2026-09-17T01:21:56.763+0000] {dag.py:2742} INFO - Sync 1 DAGs
[2026-09-17T01:21:56.778+0000] {logging_mixin.py:150} INFO - [2026-09-17T01:21:56.777+0000] {dag.py:3504} INFO - Setting next_dagrun for example_time_delta_sensor_async to None, run_after=None
[2026-09-17T01:21:56.801+0000] {processor.py:179} INFO - Processing /home/vscode/.local/lib/python3.10/site-packages/airflow/example_dags/example_time_delta_sensor_async.py took 0.058 seconds
[2026-09-17T01:22:40.168+0000] {processor.py:157} INFO - Started process (PID=37232) to work on /home/vscode/.local/lib/python3.10/site-packages/airflow/example_dags/example_time_delta_sensor_async.py
[2026-09-17T01:22:40.170+0000] {processor.py:826} INFO - Processing file /home/vscode/.local/lib/python3.10/site-packages/airflow/example_dags/example_time_delta_sensor_async.py for tasks to queue
[2026-09-17T01:22:40.170+0000] {logging_mixin.py:150} INFO - [2026-09-17T01:22:40.170+0000] {dagbag.py:541} INFO - Filling up the DagBag from /home/vscode/.local/lib/python3.10/site-packages/airflow/example_dags/example_time_delta_sensor_async.py
[2026-09-17T01:22:40.174+0000] {processor.py:836} INFO - DAG(s) dict_keys(['example_time_delta_sensor_async']) retrieved from /home/vscode/.local/lib/python3.10/site-packages/airflow/example_dags/example_time_delta_sensor_async.py
[2026-09-17T01:22:40.190+0000] {logging_mixin.py:150} INFO - [2026-09-17T01:22:40.190+0000] {dag.py:2742} INFO - Sync 1 DAGs
[2026-09-17T01:22:40.205+0000] {logging_mixin.py:150} INFO - [2026-09-17T01:22:40.205+0000] {dag.py:3504} INFO - Setting next_dagrun for example_time_delta_sensor_async to None, run_after=None
[2026-09-17T01:22:40.223+0000] {processor.py:179} INFO - Processing /home/vscode/.local/lib/python3.10/site-packages/airflow/example_dags/example_time_delta_sensor_async.py took 0.057 seconds
[2026-09-17T01:22:42.744+0000] {processor.py:157} INFO - Started process (PID=37258) to work on /home/vscode/.local/lib/python3.10/site-packages/airflow/example_dags/example_time_delta_sensor_async.py
[2026-09-17T01:22:42.745+0000] {processor.py:826} INFO - Processing file /home/vscode/.local/lib/python3.10/site-packages/airflow/example_dags/example_time_delta_sensor_async.py for tasks to queue
[2026-09-17T01:22:42.746+0000] {logging_mixin.py:150} INFO - [2026-09-17T01:22:42.745+0000] {dagbag.py:541} INFO - Filling up the DagBag from /home/vscode/.local/lib/python3.10/site-packages/airflow/example_dags/example_time_delta_sensor_async.py
[2026-09-17T01:22:42.749+0000] {processor.py:836} INFO - DAG(s) dict_keys(['example_time_delta_sensor_async']) retrieved from /home/vscode/.local/lib/python3.10/site-packages/airflow/example_dags/example_time_delta_sensor_async.py
[2026-09-17T01:22:42.762+0000] {logging_mixin.py:150} INFO - [2026-09-17T01:22:42.762+0000] {dag.py:2742} INFO - Sync 1 DAGs
[2026-09-17T01:22:42.776+0000] {logging_mixin.py:150} INFO - [2026-09-17T01:22:42.776+0000] {dag.py:3504} INFO - Setting next_dagrun for example_time_delta_sensor_async to None, run_after=None
[2026-09-17T01:22:42.795+0000] {processor.py:179} INFO - Processing /home/vscode/.local/lib/python3.10/site-packages/airflow/example_dags/example_time_delta_sensor_async.py took 0.053 seconds
[2026-09-17T01:23:25.249+0000] {processor.py:157} INFO - Started process (PID=37666) to work on /home/vscode/.local/lib/python3.10/site-packages/airflow/example_dags/example_time_delta_sensor_async.py
[2026-09-17T01:23:25.250+0000] {processor.py:826} INFO - Processing file /home/vscode/.local/lib/python3.10/site-packages/airflow/example_dags/example_time_delta_sensor_async.py for tasks to queue
[2026-09-17T01:23:25.251+0000] {logging_mixin.py:150} INFO - [2026-09-17T01:23:25.250+0000] {dagbag.py:541} INFO - Filling up the DagBag from /home/vscode/.local/lib/python3.10/site-packages/airflow/example_dags/example_time_delta_sensor_async.py
[2026-09-17T01:23:25.254+0000] {processor.py:836} INFO - DAG(s) dict_keys(['example_time_delta_sensor_async']) retrieved from /home/vscode/.local/lib/python3.10/site-packages/airflow/example_dags/example_time_delta_sensor_async.py
[2026-09-17T01:23:25.267+0000] {logging_mixin.py:150} INFO - [2026-09-17T01:23:25.267+0000] {dag.py:2742} INFO - Sync 1 DAGs
[2026-09-17T01:23:25.282+0000] {logging_mixin.py:150} INFO - [2026-09-17T01:23:25.282+0000] {dag.py:3504} INFO - Setting next_dagrun for example_time_delta_sensor_async to None, run_after=None
[2026-09-17T01:23:25.310+0000] {processor.py:179} INFO - Processing /home/vscode/.local/lib/python3.10/site-packages/airflow/example_dags/example_time_delta_sensor_async.py took 0.063 seconds
[2026-09-17T01:23:31.650+0000] {processor.py:157} INFO - Started process (PID=37723) to work on /home/vscode/.local/lib/python3.10/site-packages/airflow/example_dags/example_time_delta_sensor_async.py
[2026-09-17T01:23:31.651+0000] {processor.py:826} INFO - Processing file /home/vscode/.local/lib/python3.10/site-packages/airflow/example_dags/example_time_delta_sensor_async.py for tasks to queue
[2026-09-17T01:23:31.652+0000] {logging_mixin.py:150} INFO - [2026-09-17T01:23:31.652+0000] {dagbag.py:541} INFO - Filling up the DagBag from /home/vscode/.local/lib/python3.10/site-packages/airflow/example_dags/example_time_delta_sensor_async.py
[2026-09-17T01:23:31.656+0000] {processor.py:836} INFO - DAG(s) dict_keys(['example_time_delta_sensor_async']) retrieved from /home/vscode/.local/lib/python3.10/site-packages/airflow/example_dags/example_time_delta_sensor_async.py
[2026-09-17T01:23:31.674+0000] {logging_mixin.py:150} INFO - [2026-09-17T01:23:31.674+0000] {dag.py:2742} INFO - Sync 1 DAGs
[2026-09-17T01:23:31.691+0000] {logging_mixin.py:150} INFO - [2026-09-17T01:23:31.691+0000] {dag.py:3504} INFO - Setting next_dagrun for example_time_delta_sensor_async to None, run_after=None
[2026-09-17T01:23:31.712+0000] {processor.py:179} INFO - Processing /home/vscode/.local/lib/python3.10/site-packages/airflow/example_dags/example_time_delta_sensor_async.py took 0.065 seconds
[2026-09-17T01:24:00.036+0000] {processor.py:157} INFO - Started process (PID=37935) to work on /home/vscode/.local/lib/python3.10/site-packages/airflow/example_dags/example_time_delta_sensor_async.py
[2026-09-17T01:24:00.037+0000] {processor.py:826} INFO - Processing file /home/vscode/.local/lib/python3.10/site-packages/airflow/example_dags/example_time_delta_sensor_async.py for tasks to queue
[2026-09-17T01:24:00.038+0000] {logging_mixin.py:150} INFO - [2026-09-17T01:24:00.037+0000] {dagbag.py:541} INFO - Filling up the DagBag from /home/vscode/.local/lib/python3.10/site-packages/airflow/example_dags/example_time_delta_sensor_async.py
[2026-09-17T01:24:00.042+0000] {processor.py:836} INFO - DAG(s) dict_keys(['example_time_delta_sensor_async']) retrieved from /home/vscode/.local/lib/python3.10/site-packages/airflow/example_dags/example_time_delta_sensor_async.py
[2026-09-17T01:24:00.055+0000] {logging_mixin.py:150} INFO - [2026-09-17T01:24:00.055+0000] {dag.py:2742} INFO - Sync 1 DAGs
[2026-09-17T01:24:00.069+0000] {logging_mixin.py:150} INFO - [2026-09-17T01:24:00.069+0000] {dag.py:3504} INFO - Setting next_dagrun for example_time_delta_sensor_async to None, run_after=None
[2026-09-17T01:24:00.087+0000] {processor.py:179} INFO - Processing /home/vscode/.local/lib/python3.10/site-packages/airflow/example_dags/example_time_delta_sensor_async.py took 0.053 seconds
[2026-09-17T01:24:19.692+0000] {processor.py:157} INFO - Started process (PID=38267) to work on /home/vscode/.local/lib/python3.10/site-packages/airflow/example_dags/example_time_delta_sensor_async.py
[2026-09-17T01:24:19.693+0000] {processor.py:826} INFO - Processing file /home/vscode/.local/lib/python3.10/site-packages/airflow/example_dags/example_time_delta_sensor_async.py for tasks to queue
[2026-09-17T01:24:19.694+0000] {logging_mixin.py:150} INFO - [2026-09-17T01:24:19.694+0000] {dagbag.py:541} INFO - Filling up the DagBag from /home/vscode/.local/lib/python3.10/site-packages/airflow/example_dags/example_time_delta_sensor_async.py
[2026-09-17T01:24:19.699+0000] {processor.py:836} INFO - DAG(s) dict_keys(['example_time_delta_sensor_async']) retrieved from /home/vscode/.local/lib/python3.10/site-packages/airflow/example_dags/example_time_delta_sensor_async.py
[2026-09-17T01:24:19.712+0000] {logging_mixin.py:150} INFO - [2026-09-17T01:24:19.712+0000] {dag.py:2742} INFO - Sync 1 DAGs
[2026-09-17T01:24:19.726+0000] {logging_mixin.py:150} INFO - [2026-09-17T01:24:19.726+0000] {dag.py:3504} INFO - Setting next_dagrun for example_time_delta_sensor_async to None, run_after=None
[2026-09-17T01:24:19.743+0000] {processor.py:179} INFO - Processing /home/vscode/.local/lib/python3.10/site-packages/airflow/example_dags/example_time_delta_sensor_async.py took 0.054 seconds
