[2026-09-17T00:55:17.411+0000] {processor.py:157} INFO - Started process (PID=21855) to work on /home/vscode/.local/lib/python3.10/site-packages/airflow/example_dags/example_xcom.py
[2026-09-17T00:55:17.412+0000] {processor.py:826} INFO - Processing file /home/vscode/.local/lib/python3.10/site-packages/airflow/example_dags/example_xcom.py for tasks to queue
[2026-09-17T00:55:17.413+0000] {logging_mixin.py:150} INFO - [2026-09-17T00:55:17.412+0000] {dagbag.py:541} INFO - Filling up the DagBag from /home/vscode/.local/lib/python3.10/site-packages/airflow/example_dags/example_xcom.py
[2026-09-17T00:55:17.427+0000] {processor.py:836} INFO - DAG(s) dict_keys(['example_xcom']) retrieved from /home/vscode/.local/lib/python3.10/site-packages/airflow/example_dags/example_xcom.py
[2026-09-17T00:55:17.626+0000] {logging_mixin.py:150} INFO - [2026-09-17T00:55:17.626+0000] {manager.py:504} INFO - Created Permission View: can delete on DAG:example_xcom
[2026-09-17T00:55:17.648+0000] {logging_mixin.py:150} INFO - [2026-09-17T00:55:17.648+0000] {manager.py:504} INFO - Created Permission View: can edit on DAG:example_xcom
[2026-09-17T00:55:17.660+0000] {logging_mixin.py:150} INFO - [2026-09-17T00:55:17.660+0000] {manager.py:504} INFO - Created Permission View: can read on DAG:example_xcom
[2026-09-17T00:55:17.673+0000] {logging_mixin.py:150} INFO - [2026-09-17T00:55:17.673+0000] {dag.py:2742} INFO - Sync 1 DAGs
[2026-09-17T00:55:17.684+0000] {logging_mixin.py:150} INFO - [2026-09-17T00:55:17.684+0000] {dag.py:2763} INFO - Creating ORM DAG for example_xcom
[2026-09-17T00:55:17.694+0000] {logging_mixin.py:150} INFO - [2026-09-17T00:55:17.694+0000] {dag.py:3504} INFO - Setting next_dagrun for example_xcom to 2021-01-01T00:00:00+00:00, run_after=2021-01-01T00:00:00+00:00
[2026-09-17T00:55:17.718+0000] {processor.py:179} INFO - Processing /home/vscode/.local/lib/python3.10/site-packages/airflow/example_dags/example_xcom.py took 0.311 seconds
[2026-09-17T00:55:50.389+0000] {processor.py:157} INFO - Started process (PID=22211) to work on /home/vscode/.local/lib/python3.10/site-packages/airflow/example_dags/example_xcom.py
[2026-09-17T00:55:50.390+0000] {processor.py:826} INFO - Processing file /home/vscode/.local/lib/python3.10/site-packages/airflow/example_dags/example_xcom.py for tasks to queue
[2026-09-17T00:55:50.391+0000] {logging_mixin.py:150} INFO - [2026-09-17T00:55:50.391+0000] {dagbag.py:541} INFO - Filling up the DagBag from /home/vscode/.local/lib/python3.10/site-packages/airflow/example_dags/example_xcom.py
[2026-09-17T00:55:50.403+0000] {processor.py:836} INFO - DAG(s) dict_keys(['example_xcom']) retrieved from /home/vscode/.local/lib/python3.10/site-packages/airflow/example_dags/example_xcom.py
[2026-09-17T00:55:50.430+0000] {logging_mixin.py:150} INFO - [2026-09-17T00:55:50.430+0000] {dag.py:2742} INFO - Sync 1 DAGs
[2026-09-17T00:55:50.456+0000] {logging_mixin.py:150} INFO - [2026-09-17T00:55:50.456+0000] {dag.py:3504} INFO - Setting next_dagrun for example_xcom to 2021-01-01T00:00:00+00:00, run_after=2021-01-01T00:00:00+00:00
[2026-09-17T00:55:50.479+0000] {processor.py:179} INFO - Processing /home/vscode/.local/lib/python3.10/site-packages/airflow/example_dags/example_xcom.py took 0.093 seconds
[2026-09-17T00:56:15.301+0000] {processor.py:157} INFO - Started process (PID=22411) to work on /home/vscode/.local/lib/python3.10/site-packages/airflow/example_dags/example_xcom.py
[2026-09-17T00:56:15.303+0000] {processor.py:826} INFO - Processing file /home/vscode/.local/lib/python3.10/site-packages/airflow/example_dags/example_xcom.py for tasks to queue
[2026-09-17T00:56:15.305+0000] {logging_mixin.py:150} INFO - [2026-09-17T00:56:15.305+0000] {dagbag.py:541} INFO - Filling up the DagBag from /home/vscode/.local/lib/python3.10/site-packages/airflow/example_dags/example_xcom.py
[2026-09-17T00:56:15.336+0000] {processor.py:836} INFO - DAG(s) dict_keys(['example_xcom']) retrieved from /home/vscode/.local/lib/python3.10/site-packages/airflow/example_dags/example_xcom.py
[2026-09-17T00:56:15.363+0000] {logging_mixin.py:150} INFO - [2026-09-17T00:56:15.362+0000] {dag.py:2742} INFO - Sync 1 DAGs
[2026-09-17T00:56:15.388+0000] {logging_mixin.py:150} INFO - [2026-09-17T00:56:15.386+0000] {dag.py:3504} INFO - Setting next_dagrun for example_xcom to 2021-01-01T00:00:00+00:00, run_after=2021-01-01T00:00:00+00:00
[2026-09-17T00:56:15.431+0000] {processor.py:179} INFO - Processing /home/vscode/.local/lib/python3.10/site-packages/airflow/example_dags/example_xcom.py took 0.138 seconds
[2026-09-17T00:56:37.601+0000] {processor.py:157} INFO - Started process (PID=22675) to work on /home/vscode/.local/lib/python3.10/site-packages/airflow/example_dags/example_xcom.py
[2026-09-17T00:56:37.602+0000] {processor.py:826} INFO - Processing file /home/vscode/.local/lib/python3.10/site-packages/airflow/example_dags/example_xcom.py for tasks to queue
[2026-09-17T00:56:37.603+0000] {logging_mixin.py:150} INFO - [2026-09-17T00:56:37.603+0000] {dagbag.py:541} INFO - Filling up the DagBag from /home/vscode/.local/lib/python3.10/site-packages/airflow/example_dags/example_xcom.py
[2026-09-17T00:56:37.612+0000] {processor.py:836} INFO - DAG(s) dict_keys(['example_xcom']) retrieved from /home/vscode/.local/lib/python3.10/site-packages/airflow/example_dags/example_xcom.py
[2026-09-17T00:56:37.630+0000] {logging_mixin.py:150} INFO - [2026-09-17T00:56:37.630+0000] {dag.py:2742} INFO - Sync 1 DAGs
[2026-09-17T00:56:37.650+0000] {logging_mixin.py:150} INFO - [2026-09-17T00:56:37.650+0000] {dag.py:3504} INFO - Setting next_dagrun for example_xcom to 2021-01-01T00:00:00+00:00, run_after=2021-01-01T00:00:00+00:00
[2026-09-17T00:56:37.672+0000] {processor.py:179} INFO - Processing /home/vscode/.local/lib/python3.10/site-packages/airflow/example_dags/example_xcom.py took 0.074 seconds
[2026-09-17T00:56:59.932+0000] {processor.py:157} INFO - Started process (PID=22854) to work on /home/vscode/.local/lib/python3.10/site-packages/airflow/example_dags/example_xcom.py
[2026-09-17T00:56:59.934+0000] {processor.py:826} INFO - Processing file /home/vscode/.local/lib/python3.10/site-packages/airflow/example_dags/example_xcom.py for tasks to queue
[2026-09-17T00:56:59.935+0000] {logging_mixin.py:150} INFO - [2026-09-17T00:56:59.934+0000] {dagbag.py:541} INFO - Filling up the DagBag from /home/vscode/.local/lib/python3.10/site-packages/airflow/example_dags/example_xcom.py
[2026-09-17T00:56:59.950+0000] {processor.py:836} INFO - DAG(s) dict_keys(['example_xcom']) retrieved from /home/vscode/.local/lib/python3.10/site-packages/airflow/example_dags/example_xcom.py
[2026-09-17T00:56:59.971+0000] {logging_mixin.py:150} INFO - [2026-09-17T00:56:59.971+0000] {dag.py:2742} INFO - Sync 1 DAGs
[2026-09-17T00:57:00.010+0000] {logging_mixin.py:150} INFO - [2026-09-17T00:57:00.010+0000] {dag.py:3504} INFO - Setting next_dagrun for example_xcom to 2021-01-01T00:00:00+00:00, run_after=2021-01-01T00:00:00+00:00
[2026-09-17T00:57:00.065+0000] {processor.py:179} INFO - Processing /home/vscode/.local/lib/python3.10/site-packages/airflow/example_dags/example_xcom.py took 0.139 seconds
[2026-09-17T00:57:16.722+0000] {processor.py:157} INFO - Started process (PID=22968) to work on /home/vscode/.local/lib/python3.10/site-packages/airflow/example_dags/example_xcom.py
[2026-09-17T00:57:16.725+0000] {processor.py:826} INFO - Processing file /home/vscode/.local/lib/python3.10/site-packages/airflow/example_dags/example_xcom.py for tasks to queue
[2026-09-17T00:57:16.727+0000] {logging_mixin.py:150} INFO - [2026-09-17T00:57:16.727+0000] {dagbag.py:541} INFO - Filling up the DagBag from /home/vscode/.local/lib/python3.10/site-packages/airflow/example_dags/example_xcom.py
[2026-09-17T00:57:16.739+0000] {processor.py:836} INFO - DAG(s) dict_keys(['example_xcom']) retrieved from /home/vscode/.local/lib/python3.10/site-packages/airflow/example_dags/example_xcom.py
[2026-09-17T00:57:16.760+0000] {logging_mixin.py:150} INFO - [2026-09-17T00:57:16.760+0000] {dag.py:2742} INFO - Sync 1 DAGs
[2026-09-17T00:57:16.783+0000] {logging_mixin.py:150} INFO - [2026-09-17T00:57:16.783+0000] {dag.py:3504} INFO - Setting next_dagrun for example_xcom to 2021-01-01T00:00:00+00:00, run_after=2021-01-01T00:00:00+00:00
[2026-09-17T00:57:16.819+0000] {processor.py:179} INFO - Processing /home/vscode/.local/lib/python3.10/site-packages/airflow/example_dags/example_xcom.py took 0.101 seconds
[2026-09-17T00:57:47.963+0000] {processor.py:157} INFO - Started process (PID=23213) to work on /home/vscode/.local/lib/python3.10/site-packages/airflow/example_dags/example_xcom.py
[2026-09-17T00:57:47.964+0000] {processor.py:826} INFO - Processing file /home/vscode/.local/lib/python3.10/site-packages/airflow/example_dags/example_xcom.py for tasks to queue
[2026-09-17T00:57:47.965+0000] {logging_mixin.py:150} INFO - [2026-09-17T00:57:47.965+0000] {dagbag.py:541} INFO - Filling up the DagBag from /home/vscode/.local/lib/python3.10/site-packages/airflow/example_dags/example_xcom.py
[2026-09-17T00:57:47.974+0000] {processor.py:836} INFO - DAG(s) dict_keys(['example_xcom']) retrieved from /home/vscode/.local/lib/python3.10/site-packages/airflow/example_dags/example_xcom.py
[2026-09-17T00:57:47.994+0000] {logging_mixin.py:150} INFO - [2026-09-17T00:57:47.994+0000] {dag.py:2742} INFO - Sync 1 DAGs
[2026-09-17T00:57:48.018+0000] {logging_mixin.py:150} INFO - [2026-09-17T00:57:48.018+0000] {dag.py:3504} INFO - Setting next_dagrun for example_xcom to 2021-01-01T00:00:00+00:00, run_after=2021-01-01T00:00:00+00:00
[2026-09-17T00:57:48.053+0000] {processor.py:179} INFO - Processing /home/vscode/.local/lib/python3.10/site-packages/airflow/example_dags/example_xcom.py took 0.093 seconds
[2026-09-17T00:57:56.668+0000] {processor.py:157} INFO - Started process (PID=23276) to work on /home/vscode/.local/lib/python3.10/site-packages/airflow/example_dags/example_xcom.py
[2026-09-17T00:57:56.669+0000] {processor.py:826} INFO - Processing file /home/vscode/.local/lib/python3.10/site-packages/airflow/example_dags/example_xcom.py for tasks to queue
[2026-09-17T00:57:56.670+0000] {logging_mixin.py:150} INFO - [2026-09-17T00:57:56.669+0000] {dagbag.py:541} INFO - Filling up the DagBag from /home/vscode/.local/lib/python3.10/site-packages/airflow/example_dags/example_xcom.py
[2026-09-17T00:57:56.676+0000] {processor.py:836} INFO - DAG(s) dict_keys(['example_xcom']) retrieved from /home/vscode/.local/lib/python3.10/site-packages/airflow/example_dags/example_xcom.py
[2026-09-17T00:57:56.701+0000] {logging_mixin.py:150} INFO - [2026-09-17T00:57:56.701+0000] {dag.py:2742} INFO - Sync 1 DAGs
[2026-09-17T00:57:56.716+0000] {logging_mixin.py:150} INFO - [2026-09-17T00:57:56.716+0000] {dag.py:3504} INFO - Setting next_dagrun for example_xcom to 2021-01-01T00:00:00+00:00, run_after=2021-01-01T00:00:00+00:00
[2026-09-17T00:57:56.733+0000] {processor.py:179} INFO - Processing /home/vscode/.local/lib/python3.10/site-packages/airflow/example_dags/example_xcom.py took 0.067 seconds
[2026-09-17T00:58:24.297+0000] {processor.py:157} INFO - Started process (PID=23582) to work on /home/vscode/.local/lib/python3.10/site-packages/airflow/example_dags/example_xcom.py
[2026-09-17T00:58:24.298+0000] {processor.py:826} INFO - Processing file /home/vscode/.local/lib/python3.10/site-packages/airflow/example_dags/example_xcom.py for tasks to queue
[2026-09-17T00:58:24.301+0000] {logging_mixin.py:150} INFO - [2026-09-17T00:58:24.300+0000] {dagbag.py:541} INFO - Filling up the DagBag from /home/vscode/.local/lib/python3.10/site-packages/airflow/example_dags/example_xcom.py
[2026-09-17T00:58:24.315+0000] {processor.py:836} INFO - DAG(s) dict_keys(['example_xcom']) retrieved from /home/vscode/.local/lib/python3.10/site-packages/airflow/example_dags/example_xcom.py
[2026-09-17T00:58:24.333+0000] {logging_mixin.py:150} INFO - [2026-09-17T00:58:24.333+0000] {dag.py:2742} INFO - Sync 1 DAGs
[2026-09-17T00:58:24.347+0000] {logging_mixin.py:150} INFO - [2026-09-17T00:58:24.347+0000] {dag.py:3504} INFO - Setting next_dagrun for example_xcom to 2021-01-01T00:00:00+00:00, run_after=2021-01-01T00:00:00+00:00
[2026-09-17T00:58:24.364+0000] {processor.py:179} INFO - Processing /home/vscode/.local/lib/python3.10/site-packages/airflow/example_dags/example_xcom.py took 0.070 seconds
[2026-09-17T00:58:43.276+0000] {processor.py:157} INFO - Started process (PID=23742) to work on /home/vscode/.local/lib/python3.10/site-packages/airflow/example_dags/example_xcom.py
[2026-09-17T00:58:43.276+0000] {processor.py:826} INFO - Processing file /home/vscode/.local/lib/python3.10/site-packages/airflow/example_dags/example_xcom.py for tasks to queue
[2026-09-17T00:58:43.277+0000] {logging_mixin.py:150} INFO - [2026-09-17T00:58:43.277+0000] {dagbag.py:541} INFO - Filling up the DagBag from /home/vscode/.local/lib/python3.10/site-packages/airflow/example_dags/example_xcom.py
[2026-09-17T00:58:43.284+0000] {processor.py:836} INFO - DAG(s) dict_keys(['example_xcom']) retrieved from /home/vscode/.local/lib/python3.10/site-packages/airflow/example_dags/example_xcom.py
[2026-09-17T00:58:43.304+0000] {logging_mixin.py:150} INFO - [2026-09-17T00:58:43.304+0000] {dag.py:2742} INFO - Sync 1 DAGs
[2026-09-17T00:58:43.320+0000] {logging_mixin.py:150} INFO - [2026-09-17T00:58:43.320+0000] {dag.py:3504} INFO - Setting next_dagrun for example_xcom to 2021-01-01T00:00:00+00:00, run_after=2021-01-01T00:00:00+00:00
[2026-09-17T00:58:43.337+0000] {processor.py:179} INFO - Processing /home/vscode/.local/lib/python3.10/site-packages/airflow/example_dags/example_xcom.py took 0.063 seconds
[2026-09-17T00:59:12.632+0000] {processor.py:157} INFO - Started process (PID=24125) to work on /home/vscode/.local/lib/python3.10/site-packages/airflow/example_dags/example_xcom.py
[2026-09-17T00:59:12.633+0000] {processor.py:826} INFO - Processing file /home/vscode/.local/lib/python3.10/site-packages/airflow/example_dags/example_xcom.py for tasks to queue
[2026-09-17T00:59:12.634+0000] {logging_mixin.py:150} INFO - [2026-09-17T00:59:12.633+0000] {dagbag.py:541} INFO - Filling up the DagBag from /home/vscode/.local/lib/python3.10/site-packages/airflow/example_dags/example_xcom.py
[2026-09-17T00:59:12.640+0000] {processor.py:836} INFO - DAG(s) dict_keys(['example_xcom']) retrieved from /home/vscode/.local/lib/python3.10/site-packages/airflow/example_dags/example_xcom.py
[2026-09-17T00:59:12.652+0000] {logging_mixin.py:150} INFO - [2026-09-17T00:59:12.652+0000] {dag.py:2742} INFO - Sync 1 DAGs
[2026-09-17T00:59:12.667+0000] {logging_mixin.py:150} INFO - [2026-09-17T00:59:12.667+0000] {dag.py:3504} INFO - Setting next_dagrun for example_xcom to 2021-01-01T00:00:00+00:00, run_after=2021-01-01T00:00:00+00:00
[2026-09-17T00:59:12.684+0000] {processor.py:179} INFO - Processing /home/vscode/.local/lib/python3.10/site-packages/airflow/example_dags/example_xcom.py took 0.054 seconds
[2026-09-17T00:59:19.374+0000] {processor.py:157} INFO - Started process (PID=24180) to work on /home/vscode/.local/lib/python3.10/site-packages/airflow/example_dags/example_xcom.py
[2026-09-17T00:59:19.374+0000] {processor.py:826} INFO - Processing file /home/vscode/.local/lib/python3.10/site-packages/airflow/example_dags/example_xcom.py for tasks to queue
[2026-09-17T00:59:19.375+0000] {logging_mixin.py:150} INFO - [2026-09-17T00:59:19.375+0000] {dagbag.py:541} INFO - Filling up the DagBag from /home/vscode/.local/lib/python3.10/site-packages/airflow/example_dags/example_xcom.py
[2026-09-17T00:59:19.381+0000] {processor.py:836} INFO - DAG(s) dict_keys(['example_xcom']) retrieved from /home/vscode/.local/lib/python3.10/site-packages/airflow/example_dags/example_xcom.py
[2026-09-17T00:59:19.395+0000] {logging_mixin.py:150} INFO - [2026-09-17T00:59:19.395+0000] {dag.py:2742} INFO - Sync 1 DAGs
[2026-09-17T00:59:19.409+0000] {logging_mixin.py:150} INFO - [2026-09-17T00:59:19.409+0000] {dag.py:3504} INFO - Setting next_dagrun for example_xcom to 2021-01-01T00:00:00+00:00, run_after=2021-01-01T00:00:00+00:00
[2026-09-17T00:59:19.426+0000] {processor.py:179} INFO - Processing /home/vscode/.local/lib/python3.10/site-packages/airflow/example_dags/example_xcom.py took 0.055 seconds
[2026-09-17T00:59:45.824+0000] {processor.py:157} INFO - Started process (PID=24555) to work on /home/vscode/.local/lib/python3.10/site-packages/airflow/example_dags/example_xcom.py
[2026-09-17T00:59:45.825+0000] {processor.py:826} INFO - Processing file /home/vscode/.local/lib/python3.10/site-packages/airflow/example_dags/example_xcom.py for tasks to queue
[2026-09-17T00:59:45.826+0000] {logging_mixin.py:150} INFO - [2026-09-17T00:59:45.826+0000] {dagbag.py:541} INFO - Filling up the DagBag from /home/vscode/.local/lib/python3.10/site-packages/airflow/example_dags/example_xcom.py
[2026-09-17T00:59:45.832+0000] {processor.py:836} INFO - DAG(s) dict_keys(['example_xcom']) retrieved from /home/vscode/.local/lib/python3.10/site-packages/airflow/example_dags/example_xcom.py
[2026-09-17T00:59:45.845+0000] {logging_mixin.py:150} INFO - [2026-09-17T00:59:45.845+0000] {dag.py:2742} INFO - Sync 1 DAGs
[2026-09-17T00:59:45.859+0000] {logging_mixin.py:150} INFO - [2026-09-17T00:59:45.859+0000] {dag.py:3504} INFO - Setting next_dagrun for example_xcom to 2021-01-01T00:00:00+00:00, run_after=2021-01-01T00:00:00+00:00
[2026-09-17T00:59:45.878+0000] {processor.py:179} INFO - Processing /home/vscode/.local/lib/python3.10/site-packages/airflow/example_dags/example_xcom.py took 0.056 seconds
[2026-09-17T00:59:55.944+0000] {processor.py:157} INFO - Started process (PID=24730) to work on /home/vscode/.local/lib/python3.10/site-packages/airflow/example_dags/example_xcom.py
[2026-09-17T00:59:55.945+0000] {processor.py:826} INFO - Processing file /home/vscode/.local/lib/python3.10/site-packages/airflow/example_dags/example_xcom.py for tasks to queue
[2026-09-17T00:59:55.945+0000] {logging_mixin.py:150} INFO - [2026-09-17T00:59:55.945+0000] {dagbag.py:541} INFO - Filling up the DagBag from /home/vscode/.local/lib/python3.10/site-packages/airflow/example_dags/example_xcom.py
[2026-09-17T00:59:55.951+0000] {processor.py:836} INFO - DAG(s) dict_keys(['example_xcom']) retrieved from /home/vscode/.local/lib/python3.10/site-packages/airflow/example_dags/example_xcom.py
[2026-09-17T00:59:55.969+0000] {logging_mixin.py:150} INFO - [2026-09-17T00:59:55.969+0000] {dag.py:2742} INFO - Sync 1 DAGs
[2026-09-17T00:59:55.988+0000] {logging_mixin.py:150} INFO - [2026-09-17T00:59:55.988+0000] {dag.py:3504} INFO - Setting next_dagrun for example_xcom to 2021-01-01T00:00:00+00:00, run_after=2021-01-01T00:00:00+00:00
[2026-09-17T00:59:56.011+0000] {processor.py:179} INFO - Processing /home/vscode/.local/lib/python3.10/site-packages/airflow/example_dags/example_xcom.py took 0.069 seconds
[2026-09-17T01:00:22.898+0000] {processor.py:157} INFO - Started process (PID=25135) to work on /home/vscode/.local/lib/python3.10/site-packages/airflow/example_dags/example_xcom.py
[2026-09-17T01:00:22.899+0000] {processor.py:826} INFO - Processing file /home/vscode/.local/lib/python3.10/site-packages/airflow/example_dags/example_xcom.py for tasks to queue
[2026-09-17T01:00:22.901+0000] {logging_mixin.py:150} INFO - [2026-09-17T01:00:22.900+0000] {dagbag.py:541} INFO - Filling up the DagBag from /home/vscode/.local/lib/python3.10/site-packages/airflow/example_dags/example_xcom.py
[2026-09-17T01:00:22.911+0000] {processor.py:836} INFO - DAG(s) dict_keys(['example_xcom']) retrieved from /home/vscode/.local/lib/python3.10/site-packages/airflow/example_dags/example_xcom.py
[2026-09-17T01:00:22.937+0000] {logging_mixin.py:150} INFO - [2026-09-17T01:00:22.937+0000] {dag.py:2742} INFO - Sync 1 DAGs
[2026-09-17T01:00:22.958+0000] {logging_mixin.py:150} INFO - [2026-09-17T01:00:22.958+0000] {dag.py:3504} INFO - Setting next_dagrun for example_xcom to 2021-01-01T00:00:00+00:00, run_after=2021-01-01T00:00:00+00:00
[2026-09-17T01:00:22.979+0000] {processor.py:179} INFO - Processing /home/vscode/.local/lib/python3.10/site-packages/airflow/example_dags/example_xcom.py took 0.085 seconds
[2026-09-17T01:00:45.571+0000] {processor.py:157} INFO - Started process (PID=25386) to work on /home/vscode/.local/lib/python3.10/site-packages/airflow/example_dags/example_xcom.py
[2026-09-17T01:00:45.572+0000] {processor.py:826} INFO - Processing file /home/vscode/.local/lib/python3.10/site-packages/airflow/example_dags/example_xcom.py for tasks to queue
[2026-09-17T01:00:45.573+0000] {logging_mixin.py:150} INFO - [2026-09-17T01:00:45.572+0000] {dagbag.py:541} INFO - Filling up the DagBag from /home/vscode/.local/lib/python3.10/site-packages/airflow/example_dags/example_xcom.py
[2026-09-17T01:00:45.579+0000] {processor.py:836} INFO - DAG(s) dict_keys(['example_xcom']) retrieved from /home/vscode/.local/lib/python3.10/site-packages/airflow/example_dags/example_xcom.py
[2026-09-17T01:00:45.597+0000] {logging_mixin.py:150} INFO - [2026-09-17T01:00:45.597+0000] {dag.py:2742} INFO - Sync 1 DAGs
[2026-09-17T01:00:45.612+0000] {logging_mixin.py:150} INFO - [2026-09-17T01:00:45.612+0000] {dag.py:3504} INFO - Setting next_dagrun for example_xcom to 2021-01-01T00:00:00+00:00, run_after=2021-01-01T00:00:00+00:00
[2026-09-17T01:00:45.630+0000] {processor.py:179} INFO - Processing /home/vscode/.local/lib/python3.10/site-packages/airflow/example_dags/example_xcom.py took 0.061 seconds
[2026-09-17T01:00:58.489+0000] {processor.py:157} INFO - Started process (PID=25489) to work on /home/vscode/.local/lib/python3.10/site-packages/airflow/example_dags/example_xcom.py
[2026-09-17T01:00:58.490+0000] {processor.py:826} INFO - Processing file /home/vscode/.local/lib/python3.10/site-packages/airflow/example_dags/example_xcom.py for tasks to queue
[2026-09-17T01:00:58.490+0000] {logging_mixin.py:150} INFO - [2026-09-17T01:00:58.490+0000] {dagbag.py:541} INFO - Filling up the DagBag from /home/vscode/.local/lib/python3.10/site-packages/airflow/example_dags/example_xcom.py
[2026-09-17T01:00:58.502+0000] {processor.py:836} INFO - DAG(s) dict_keys(['example_xcom']) retrieved from /home/vscode/.local/lib/python3.10/site-packages/airflow/example_dags/example_xcom.py
[2026-09-17T01:00:58.524+0000] {logging_mixin.py:150} INFO - [2026-09-17T01:00:58.524+0000] {dag.py:2742} INFO - Sync 1 DAGs
[2026-09-17T01:00:58.540+0000] {logging_mixin.py:150} INFO - [2026-09-17T01:00:58.540+0000] {dag.py:3504} INFO - Setting next_dagrun for example_xcom to 2021-01-01T00:00:00+00:00, run_after=2021-01-01T00:00:00+00:00
[2026-09-17T01:00:58.565+0000] {processor.py:179} INFO - Processing /home/vscode/.local/lib/python3.10/site-packages/airflow/example_dags/example_xcom.py took 0.079 seconds
[2026-09-17T01:01:19.652+0000] {processor.py:157} INFO - Started process (PID=25670) to work on /home/vscode/.local/lib/python3.10/site-packages/airflow/example_dags/example_xcom.py
[2026-09-17T01:01:19.653+0000] {processor.py:826} INFO - Processing file /home/vscode/.local/lib/python3.10/site-packages/airflow/example_dags/example_xcom.py for tasks to queue
[2026-09-17T01:01:19.653+0000] {logging_mixin.py:150} INFO - [2026-09-17T01:01:19.653+0000] {dagbag.py:541} INFO - Filling up the DagBag from /home/vscode/.local/lib/python3.10/site-packages/airflow/example_dags/example_xcom.py
[2026-09-17T01:01:19.659+0000] {processor.py:836} INFO - DAG(s) dict_keys(['example_xcom']) retrieved from /home/vscode/.local/lib/python3.10/site-packages/airflow/example_dags/example_xcom.py
[2026-09-17T01:01:19.673+0000] {logging_mixin.py:150} INFO - [2026-09-17T01:01:19.673+0000] {dag.py:2742} INFO - Sync 1 DAGs
[2026-09-17T01:01:19.692+0000] {logging_mixin.py:150} INFO - [2026-09-17T01:01:19.692+0000] {dag.py:3504} INFO - Setting next_dagrun for example_xcom to 2021-01-01T00:00:00+00:00, run_after=2021-01-01T00:00:00+00:00
[2026-09-17T01:01:19.718+0000] {processor.py:179} INFO - Processing /home/vscode/.local/lib/python3.10/site-packages/airflow/example_dags/example_xcom.py took 0.068 seconds
[2026-09-17T01:01:32.880+0000] {processor.py:157} INFO - Started process (PID=25782) to work on /home/vscode/.local/lib/python3.10/site-packages/airflow/example_dags/example_xcom.py
[2026-09-17T01:01:32.881+0000] {processor.py:826} INFO - Processing file /home/vscode/.local/lib/python3.10/site-packages/airflow/example_dags/example_xcom.py for tasks to queue
[2026-09-17T01:01:32.881+0000] {logging_mixin.py:150} INFO - [2026-09-17T01:01:32.881+0000] {dagbag.py:541} INFO - Filling up the DagBag from /home/vscode/.local/lib/python3.10/site-packages/airflow/example_dags/example_xcom.py
[2026-09-17T01:01:32.888+0000] {processor.py:836} INFO - DAG(s) dict_keys(['example_xcom']) retrieved from /home/vscode/.local/lib/python3.10/site-packages/airflow/example_dags/example_xcom.py
[2026-09-17T01:01:32.904+0000] {logging_mixin.py:150} INFO - [2026-09-17T01:01:32.904+0000] {dag.py:2742} INFO - Sync 1 DAGs
[2026-09-17T01:01:32.935+0000] {logging_mixin.py:150} INFO - [2026-09-17T01:01:32.935+0000] {dag.py:3504} INFO - Setting next_dagrun for example_xcom to 2021-01-01T00:00:00+00:00, run_after=2021-01-01T00:00:00+00:00
[2026-09-17T01:01:32.959+0000] {processor.py:179} INFO - Processing /home/vscode/.local/lib/python3.10/site-packages/airflow/example_dags/example_xcom.py took 0.081 seconds
[2026-09-17T01:02:05.153+0000] {processor.py:157} INFO - Started process (PID=26040) to work on /home/vscode/.local/lib/python3.10/site-packages/airflow/example_dags/example_xcom.py
[2026-09-17T01:02:05.153+0000] {processor.py:826} INFO - Processing file /home/vscode/.local/lib/python3.10/site-packages/airflow/example_dags/example_xcom.py for tasks to queue
[2026-09-17T01:02:05.154+0000] {logging_mixin.py:150} INFO - [2026-09-17T01:02:05.154+0000] {dagbag.py:541} INFO - Filling up the DagBag from /home/vscode/.local/lib/python3.10/site-packages/airflow/example_dags/example_xcom.py
[2026-09-17T01:02:05.160+0000] {processor.py:836} INFO - DAG(s) dict_keys(['example_xcom']) retrieved from /home/vscode/.local/lib/python3.10/site-packages/airflow/example_dags/example_xcom.py
[2026-09-17T01:02:05.173+0000] {logging_mixin.py:150} INFO - [2026-09-17T01:02:05.173+0000] {dag.py:2742} INFO - Sync 1 DAGs
[2026-09-17T01:02:05.191+0000] {logging_mixin.py:150} INFO - [2026-09-17T01:02:05.191+0000] {dag.py:3504} INFO - Setting next_dagrun for example_xcom to 2021-01-01T00:00:00+00:00, run_after=2021-01-01T00:00:00+00:00
[2026-09-17T01:02:05.210+0000] {processor.py:179} INFO - Processing /home/vscode/.local/lib/python3.10/site-packages/airflow/example_dags/example_xcom.py took 0.060 seconds
[2026-09-17T01:02:08.440+0000] {processor.py:157} INFO - Started process (PID=26073) to work on /home/vscode/.local/lib/python3.10/site-packages/airflow/example_dags/example_xcom.py
[2026-09-17T01:02:08.441+0000] {processor.py:826} INFO - Processing file /home/vscode/.local/lib/python3.10/site-packages/airflow/example_dags/example_xcom.py for tasks to queue
[2026-09-17T01:02:08.442+0000] {logging_mixin.py:150} INFO - [2026-09-17T01:02:08.441+0000] {dagbag.py:541} INFO - Filling up the DagBag from /home/vscode/.local/lib/python3.10/site-packages/airflow/example_dags/example_xcom.py
[2026-09-17T01:02:08.448+0000] {processor.py:836} INFO - DAG(s) dict_keys(['example_xcom']) retrieved from /home/vscode/.local/lib/python3.10/site-packages/airflow/example_dags/example_xcom.py
[2026-09-17T01:02:08.460+0000] {logging_mixin.py:150} INFO - [2026-09-17T01:02:08.460+0000] {dag.py:2742} INFO - Sync 1 DAGs
[2026-09-17T01:02:08.474+0000] {logging_mixin.py:150} INFO - [2026-09-17T01:02:08.474+0000] {dag.py:3504} INFO - Setting next_dagrun for example_xcom to 2021-01-01T00:00:00+00:00, run_after=2021-01-01T00:00:00+00:00
[2026-09-17T01:02:08.492+0000] {processor.py:179} INFO - Processing /home/vscode/.local/lib/python3.10/site-packages/airflow/example_dags/example_xcom.py took 0.054 seconds
[2026-09-17T01:02:43.180+0000] {processor.py:157} INFO - Started process (PID=26377) to work on /home/vscode/.local/lib/python3.10/site-packages/airflow/example_dags/example_xcom.py
[2026-09-17T01:02:43.182+0000] {processor.py:826} INFO - Processing file /home/vscode/.local/lib/python3.10/site-packages/airflow/example_dags/example_xcom.py for tasks to queue
[2026-09-17T01:02:43.182+0000] {logging_mixin.py:150} INFO - [2026-09-17T01:02:43.182+0000] {dagbag.py:541} INFO - Filling up the DagBag from /home/vscode/.local/lib/python3.10/site-packages/airflow/example_dags/example_xcom.py
[2026-09-17T01:02:43.193+0000] {processor.py:836} INFO - DAG(s) dict_keys(['example_xcom']) retrieved from /home/vscode/.local/lib/python3.10/site-packages/airflow/example_dags/example_xcom.py
[2026-09-17T01:02:43.207+0000] {logging_mixin.py:150} INFO - [2026-09-17T01:02:43.207+0000] {dag.py:2742} INFO - Sync 1 DAGs
[2026-09-17T01:02:43.222+0000] {logging_mixin.py:150} INFO - [2026-09-17T01:02:43.222+0000] {dag.py:3504} INFO - Setting next_dagrun for example_xcom to 2021-01-01T00:00:00+00:00, run_after=2021-01-01T00:00:00+00:00
[2026-09-17T01:02:43.238+0000] {processor.py:179} INFO - Processing /home/vscode/.local/lib/python3.10/site-packages/airflow/example_dags/example_xcom.py took 0.061 seconds
[2026-09-17T01:02:49.432+0000] {processor.py:157} INFO - Started process (PID=26424) to work on /home/vscode/.local/lib/python3.10/site-packages/airflow/example_dags/example_xcom.py
[2026-09-17T01:02:49.432+0000] {processor.py:826} INFO - Processing file /home/vscode/.local/lib/python3.10/site-packages/airflow/example_dags/example_xcom.py for tasks to queue
[2026-09-17T01:02:49.433+0000] {logging_mixin.py:150} INFO - [2026-09-17T01:02:49.433+0000] {dagbag.py:541} INFO - Filling up the DagBag from /home/vscode/.local/lib/python3.10/site-packages/airflow/example_dags/example_xcom.py
[2026-09-17T01:02:49.439+0000] {processor.py:836} INFO - DAG(s) dict_keys(['example_xcom']) retrieved from /home/vscode/.local/lib/python3.10/site-packages/airflow/example_dags/example_xcom.py
[2026-09-17T01:02:49.453+0000] {logging_mixin.py:150} INFO - [2026-09-17T01:02:49.452+0000] {dag.py:2742} INFO - Sync 1 DAGs
[2026-09-17T01:02:49.467+0000] {logging_mixin.py:150} INFO - [2026-09-17T01:02:49.467+0000] {dag.py:3504} INFO - Setting next_dagrun for example_xcom to 2021-01-01T00:00:00+00:00, run_after=2021-01-01T00:00:00+00:00
[2026-09-17T01:02:49.485+0000] {processor.py:179} INFO - Processing /home/vscode/.local/lib/python3.10/site-packages/airflow/example_dags/example_xcom.py took 0.056 seconds
[2026-09-17T01:03:18.861+0000] {processor.py:157} INFO - Started process (PID=26682) to work on /home/vscode/.local/lib/python3.10/site-packages/airflow/example_dags/example_xcom.py
[2026-09-17T01:03:18.861+0000] {processor.py:826} INFO - Processing file /home/vscode/.local/lib/python3.10/site-packages/airflow/example_dags/example_xcom.py for tasks to queue
[2026-09-17T01:03:18.862+0000] {logging_mixin.py:150} INFO - [2026-09-17T01:03:18.862+0000] {dagbag.py:541} INFO - Filling up the DagBag from /home/vscode/.local/lib/python3.10/site-packages/airflow/example_dags/example_xcom.py
[2026-09-17T01:03:18.868+0000] {processor.py:836} INFO - DAG(s) dict_keys(['example_xcom']) retrieved from /home/vscode/.local/lib/python3.10/site-packages/airflow/example_dags/example_xcom.py
[2026-09-17T01:03:18.881+0000] {logging_mixin.py:150} INFO - [2026-09-17T01:03:18.881+0000] {dag.py:2742} INFO - Sync 1 DAGs
[2026-09-17T01:03:18.900+0000] {logging_mixin.py:150} INFO - [2026-09-17T01:03:18.900+0000] {dag.py:3504} INFO - Setting next_dagrun for example_xcom to 2021-01-01T00:00:00+00:00, run_after=2021-01-01T00:00:00+00:00
[2026-09-17T01:03:18.918+0000] {processor.py:179} INFO - Processing /home/vscode/.local/lib/python3.10/site-packages/airflow/example_dags/example_xcom.py took 0.059 seconds
[2026-09-17T01:03:22.411+0000] {processor.py:157} INFO - Started process (PID=26705) to work on /home/vscode/.local/lib/python3.10/site-packages/airflow/example_dags/example_xcom.py
[2026-09-17T01:03:22.412+0000] {processor.py:826} INFO - Processing file /home/vscode/.local/lib/python3.10/site-packages/airflow/example_dags/example_xcom.py for tasks to queue
[2026-09-17T01:03:22.412+0000] {logging_mixin.py:150} INFO - [2026-09-17T01:03:22.412+0000] {dagbag.py:541} INFO - Filling up the DagBag from /home/vscode/.local/lib/python3.10/site-packages/airflow/example_dags/example_xcom.py
[2026-09-17T01:03:22.419+0000] {processor.py:836} INFO - DAG(s) dict_keys(['example_xcom']) retrieved from /home/vscode/.local/lib/python3.10/site-packages/airflow/example_dags/example_xcom.py
[2026-09-17T01:03:22.432+0000] {logging_mixin.py:150} INFO - [2026-09-17T01:03:22.432+0000] {dag.py:2742} INFO - Sync 1 DAGs
[2026-09-17T01:03:22.446+0000] {logging_mixin.py:150} INFO - [2026-09-17T01:03:22.446+0000] {dag.py:3504} INFO - Setting next_dagrun for example_xcom to 2021-01-01T00:00:00+00:00, run_after=2021-01-01T00:00:00+00:00
[2026-09-17T01:03:22.473+0000] {processor.py:179} INFO - Processing /home/vscode/.local/lib/python3.10/site-packages/airflow/example_dags/example_xcom.py took 0.064 seconds
[2026-09-17T01:04:08.418+0000] {processor.py:157} INFO - Started process (PID=27098) to work on /home/vscode/.local/lib/python3.10/site-packages/airflow/example_dags/example_xcom.py
[2026-09-17T01:04:08.419+0000] {processor.py:826} INFO - Processing file /home/vscode/.local/lib/python3.10/site-packages/airflow/example_dags/example_xcom.py for tasks to queue
[2026-09-17T01:04:08.420+0000] {logging_mixin.py:150} INFO - [2026-09-17T01:04:08.420+0000] {dagbag.py:541} INFO - Filling up the DagBag from /home/vscode/.local/lib/python3.10/site-packages/airflow/example_dags/example_xcom.py
[2026-09-17T01:04:08.428+0000] {processor.py:836} INFO - DAG(s) dict_keys(['example_xcom']) retrieved from /home/vscode/.local/lib/python3.10/site-packages/airflow/example_dags/example_xcom.py
[2026-09-17T01:04:08.442+0000] {logging_mixin.py:150} INFO - [2026-09-17T01:04:08.442+0000] {dag.py:2742} INFO - Sync 1 DAGs
[2026-09-17T01:04:08.457+0000] {logging_mixin.py:150} INFO - [2026-09-17T01:04:08.457+0000] {dag.py:3504} INFO - Setting next_dagrun for example_xcom to 2021-01-01T00:00:00+00:00, run_after=2021-01-01T00:00:00+00:00
[2026-09-17T01:04:08.472+0000] {processor.py:179} INFO - Processing /home/vscode/.local/lib/python3.10/site-packages/airflow/example_dags/example_xcom.py took 0.057 seconds
[2026-09-17T01:04:12.804+0000] {processor.py:157} INFO - Started process (PID=27133) to work on /home/vscode/.local/lib/python3.10/site-packages/airflow/example_dags/example_xcom.py
[2026-09-17T01:04:12.804+0000] {processor.py:826} INFO - Processing file /home/vscode/.local/lib/python3.10/site-packages/airflow/example_dags/example_xcom.py for tasks to queue
[2026-09-17T01:04:12.805+0000] {logging_mixin.py:150} INFO - [2026-09-17T01:04:12.805+0000] {dagbag.py:541} INFO - Filling up the DagBag from /home/vscode/.local/lib/python3.10/site-packages/airflow/example_dags/example_xcom.py
[2026-09-17T01:04:12.811+0000] {processor.py:836} INFO - DAG(s) dict_keys(['example_xcom']) retrieved from /home/vscode/.local/lib/python3.10/site-packages/airflow/example_dags/example_xcom.py
[2026-09-17T01:04:12.830+0000] {logging_mixin.py:150} INFO - [2026-09-17T01:04:12.829+0000] {dag.py:2742} INFO - Sync 1 DAGs
[2026-09-17T01:04:12.872+0000] {logging_mixin.py:150} INFO - [2026-09-17T01:04:12.872+0000] {dag.py:3504} INFO - Setting next_dagrun for example_xcom to 2021-01-01T00:00:00+00:00, run_after=2021-01-01T00:00:00+00:00
[2026-09-17T01:04:12.910+0000] {processor.py:179} INFO - Processing /home/vscode/.local/lib/python3.10/site-packages/airflow/example_dags/example_xcom.py took 0.109 seconds
[2026-09-17T01:04:41.109+0000] {processor.py:157} INFO - Started process (PID=27369) to work on /home/vscode/.local/lib/python3.10/site-packages/airflow/example_dags/example_xcom.py
[2026-09-17T01:04:41.110+0000] {processor.py:826} INFO - Processing file /home/vscode/.local/lib/python3.10/site-packages/airflow/example_dags/example_xcom.py for tasks to queue
[2026-09-17T01:04:41.111+0000] {logging_mixin.py:150} INFO - [2026-09-17T01:04:41.110+0000] {dagbag.py:541} INFO - Filling up the DagBag from /home/vscode/.local/lib/python3.10/site-packages/airflow/example_dags/example_xcom.py
[2026-09-17T01:04:41.116+0000] {processor.py:836} INFO - DAG(s) dict_keys(['example_xcom']) retrieved from /home/vscode/.local/lib/python3.10/site-packages/airflow/example_dags/example_xcom.py
[2026-09-17T01:04:41.130+0000] {logging_mixin.py:150} INFO - [2026-09-17T01:04:41.130+0000] {dag.py:2742} INFO - Sync 1 DAGs
[2026-09-17T01:04:41.144+0000] {logging_mixin.py:150} INFO - [2026-09-17T01:04:41.144+0000] {dag.py:3504} INFO - Setting next_dagrun for example_xcom to 2021-01-01T00:00:00+00:00, run_after=2021-01-01T00:00:00+00:00
[2026-09-17T01:04:41.161+0000] {processor.py:179} INFO - Processing /home/vscode/.local/lib/python3.10/site-packages/airflow/example_dags/example_xcom.py took 0.054 seconds
[2026-09-17T01:04:48.815+0000] {processor.py:157} INFO - Started process (PID=27433) to work on /home/vscode/.local/lib/python3.10/site-packages/airflow/example_dags/example_xcom.py
[2026-09-17T01:04:48.816+0000] {processor.py:826} INFO - Processing file /home/vscode/.local/lib/python3.10/site-packages/airflow/example_dags/example_xcom.py for tasks to queue
[2026-09-17T01:04:48.816+0000] {logging_mixin.py:150} INFO - [2026-09-17T01:04:48.816+0000] {dagbag.py:541} INFO - Filling up the DagBag from /home/vscode/.local/lib/python3.10/site-packages/airflow/example_dags/example_xcom.py
[2026-09-17T01:04:48.822+0000] {processor.py:836} INFO - DAG(s) dict_keys(['example_xcom']) retrieved from /home/vscode/.local/lib/python3.10/site-packages/airflow/example_dags/example_xcom.py
[2026-09-17T01:04:48.837+0000] {logging_mixin.py:150} INFO - [2026-09-17T01:04:48.836+0000] {dag.py:2742} INFO - Sync 1 DAGs
[2026-09-17T01:04:48.851+0000] {logging_mixin.py:150} INFO - [2026-09-17T01:04:48.851+0000] {dag.py:3504} INFO - Setting next_dagrun for example_xcom to 2021-01-01T00:00:00+00:00, run_after=2021-01-01T00:00:00+00:00
[2026-09-17T01:04:48.873+0000] {processor.py:179} INFO - Processing /home/vscode/.local/lib/python3.10/site-packages/airflow/example_dags/example_xcom.py took 0.061 seconds
[2026-09-17T01:05:29.795+0000] {processor.py:157} INFO - Started process (PID=27777) to work on /home/vscode/.local/lib/python3.10/site-packages/airflow/example_dags/example_xcom.py
[2026-09-17T01:05:29.796+0000] {processor.py:826} INFO - Processing file /home/vscode/.local/lib/python3.10/site-packages/airflow/example_dags/example_xcom.py for tasks to queue
[2026-09-17T01:05:29.797+0000] {logging_mixin.py:150} INFO - [2026-09-17T01:05:29.797+0000] {dagbag.py:541} INFO - Filling up the DagBag from /home/vscode/.local/lib/python3.10/site-packages/airflow/example_dags/example_xcom.py
[2026-09-17T01:05:29.803+0000] {processor.py:836} INFO - DAG(s) dict_keys(['example_xcom']) retrieved from /home/vscode/.local/lib/python3.10/site-packages/airflow/example_dags/example_xcom.py
[2026-09-17T01:05:29.817+0000] {logging_mixin.py:150} INFO - [2026-09-17T01:05:29.817+0000] {dag.py:2742} INFO - Sync 1 DAGs
[2026-09-17T01:05:29.832+0000] {logging_mixin.py:150} INFO - [2026-09-17T01:05:29.832+0000] {dag.py:3504} INFO - Setting next_dagrun for example_xcom to 2021-01-01T00:00:00+00:00, run_after=2021-01-01T00:00:00+00:00
[2026-09-17T01:05:29.849+0000] {processor.py:179} INFO - Processing /home/vscode/.local/lib/python3.10/site-packages/airflow/example_dags/example_xcom.py took 0.057 seconds
[2026-09-17T01:05:38.721+0000] {processor.py:157} INFO - Started process (PID=27855) to work on /home/vscode/.local/lib/python3.10/site-packages/airflow/example_dags/example_xcom.py
[2026-09-17T01:05:38.722+0000] {processor.py:826} INFO - Processing file /home/vscode/.local/lib/python3.10/site-packages/airflow/example_dags/example_xcom.py for tasks to queue
[2026-09-17T01:05:38.722+0000] {logging_mixin.py:150} INFO - [2026-09-17T01:05:38.722+0000] {dagbag.py:541} INFO - Filling up the DagBag from /home/vscode/.local/lib/python3.10/site-packages/airflow/example_dags/example_xcom.py
[2026-09-17T01:05:38.729+0000] {processor.py:836} INFO - DAG(s) dict_keys(['example_xcom']) retrieved from /home/vscode/.local/lib/python3.10/site-packages/airflow/example_dags/example_xcom.py
[2026-09-17T01:05:38.743+0000] {logging_mixin.py:150} INFO - [2026-09-17T01:05:38.742+0000] {dag.py:2742} INFO - Sync 1 DAGs
[2026-09-17T01:05:38.757+0000] {logging_mixin.py:150} INFO - [2026-09-17T01:05:38.757+0000] {dag.py:3504} INFO - Setting next_dagrun for example_xcom to 2021-01-01T00:00:00+00:00, run_after=2021-01-01T00:00:00+00:00
[2026-09-17T01:05:38.773+0000] {processor.py:179} INFO - Processing /home/vscode/.local/lib/python3.10/site-packages/airflow/example_dags/example_xcom.py took 0.055 seconds
[2026-09-17T01:06:17.259+0000] {processor.py:157} INFO - Started process (PID=28220) to work on /home/vscode/.local/lib/python3.10/site-packages/airflow/example_dags/example_xcom.py
[2026-09-17T01:06:17.260+0000] {processor.py:826} INFO - Processing file /home/vscode/.local/lib/python3.10/site-packages/airflow/example_dags/example_xcom.py for tasks to queue
[2026-09-17T01:06:17.260+0000] {logging_mixin.py:150} INFO - [2026-09-17T01:06:17.260+0000] {dagbag.py:541} INFO - Filling up the DagBag from /home/vscode/.local/lib/python3.10/site-packages/airflow/example_dags/example_xcom.py
[2026-09-17T01:06:17.266+0000] {processor.py:836} INFO - DAG(s) dict_keys(['example_xcom']) retrieved from /home/vscode/.local/lib/python3.10/site-packages/airflow/example_dags/example_xcom.py
[2026-09-17T01:06:17.279+0000] {logging_mixin.py:150} INFO - [2026-09-17T01:06:17.279+0000] {dag.py:2742} INFO - Sync 1 DAGs
[2026-09-17T01:06:17.298+0000] {logging_mixin.py:150} INFO - [2026-09-17T01:06:17.298+0000] {dag.py:3504} INFO - Setting next_dagrun for example_xcom to 2021-01-01T00:00:00+00:00, run_after=2021-01-01T00:00:00+00:00
[2026-09-17T01:06:17.315+0000] {processor.py:179} INFO - Processing /home/vscode/.local/lib/python3.10/site-packages/airflow/example_dags/example_xcom.py took 0.058 seconds
[2026-09-17T01:06:25.878+0000] {processor.py:157} INFO - Started process (PID=28296) to work on /home/vscode/.local/lib/python3.10/site-packages/airflow/example_dags/example_xcom.py
[2026-09-17T01:06:25.879+0000] {processor.py:826} INFO - Processing file /home/vscode/.local/lib/python3.10/site-packages/airflow/example_dags/example_xcom.py for tasks to queue
[2026-09-17T01:06:25.879+0000] {logging_mixin.py:150} INFO - [2026-09-17T01:06:25.879+0000] {dagbag.py:541} INFO - Filling up the DagBag from /home/vscode/.local/lib/python3.10/site-packages/airflow/example_dags/example_xcom.py
[2026-09-17T01:06:25.887+0000] {processor.py:836} INFO - DAG(s) dict_keys(['example_xcom']) retrieved from /home/vscode/.local/lib/python3.10/site-packages/airflow/example_dags/example_xcom.py
[2026-09-17T01:06:25.905+0000] {logging_mixin.py:150} INFO - [2026-09-17T01:06:25.905+0000] {dag.py:2742} INFO - Sync 1 DAGs
[2026-09-17T01:06:25.920+0000] {logging_mixin.py:150} INFO - [2026-09-17T01:06:25.920+0000] {dag.py:3504} INFO - Setting next_dagrun for example_xcom to 2021-01-01T00:00:00+00:00, run_after=2021-01-01T00:00:00+00:00
[2026-09-17T01:06:25.940+0000] {processor.py:179} INFO - Processing /home/vscode/.local/lib/python3.10/site-packages/airflow/example_dags/example_xcom.py took 0.065 seconds
[2026-09-17T01:06:53.039+0000] {processor.py:157} INFO - Started process (PID=28522) to work on /home/vscode/.local/lib/python3.10/site-packages/airflow/example_dags/example_xcom.py
[2026-09-17T01:06:53.040+0000] {processor.py:826} INFO - Processing file /home/vscode/.local/lib/python3.10/site-packages/airflow/example_dags/example_xcom.py for tasks to queue
[2026-09-17T01:06:53.041+0000] {logging_mixin.py:150} INFO - [2026-09-17T01:06:53.041+0000] {dagbag.py:541} INFO - Filling up the DagBag from /home/vscode/.local/lib/python3.10/site-packages/airflow/example_dags/example_xcom.py
[2026-09-17T01:06:53.047+0000] {processor.py:836} INFO - DAG(s) dict_keys(['example_xcom']) retrieved from /home/vscode/.local/lib/python3.10/site-packages/airflow/example_dags/example_xcom.py
[2026-09-17T01:06:53.060+0000] {logging_mixin.py:150} INFO - [2026-09-17T01:06:53.059+0000] {dag.py:2742} INFO - Sync 1 DAGs
[2026-09-17T01:06:53.073+0000] {logging_mixin.py:150} INFO - [2026-09-17T01:06:53.073+0000] {dag.py:3504} INFO - Setting next_dagrun for example_xcom to 2021-01-01T00:00:00+00:00, run_after=2021-01-01T00:00:00+00:00
[2026-09-17T01:06:53.089+0000] {processor.py:179} INFO - Processing /home/vscode/.local/lib/python3.10/site-packages/airflow/example_dags/example_xcom.py took 0.052 seconds
[2026-09-17T01:06:59.646+0000] {processor.py:157} INFO - Started process (PID=28577) to work on /home/vscode/.local/lib/python3.10/site-packages/airflow/example_dags/example_xcom.py
[2026-09-17T01:06:59.647+0000] {processor.py:826} INFO - Processing file /home/vscode/.local/lib/python3.10/site-packages/airflow/example_dags/example_xcom.py for tasks to queue
[2026-09-17T01:06:59.648+0000] {logging_mixin.py:150} INFO - [2026-09-17T01:06:59.647+0000] {dagbag.py:541} INFO - Filling up the DagBag from /home/vscode/.local/lib/python3.10/site-packages/airflow/example_dags/example_xcom.py
[2026-09-17T01:06:59.654+0000] {processor.py:836} INFO - DAG(s) dict_keys(['example_xcom']) retrieved from /home/vscode/.local/lib/python3.10/site-packages/airflow/example_dags/example_xcom.py
[2026-09-17T01:06:59.669+0000] {logging_mixin.py:150} INFO - [2026-09-17T01:06:59.669+0000] {dag.py:2742} INFO - Sync 1 DAGs
[2026-09-17T01:06:59.687+0000] {logging_mixin.py:150} INFO - [2026-09-17T01:06:59.687+0000] {dag.py:3504} INFO - Setting next_dagrun for example_xcom to 2021-01-01T00:00:00+00:00, run_after=2021-01-01T00:00:00+00:00
[2026-09-17T01:06:59.715+0000] {processor.py:179} INFO - Processing /home/vscode/.local/lib/python3.10/site-packages/airflow/example_dags/example_xcom.py took 0.071 seconds
[2026-09-17T01:07:34.420+0000] {processor.py:157} INFO - Started process (PID=28875) to work on /home/vscode/.local/lib/python3.10/site-packages/airflow/example_dags/example_xcom.py
[2026-09-17T01:07:34.421+0000] {processor.py:826} INFO - Processing file /home/vscode/.local/lib/python3.10/site-packages/airflow/example_dags/example_xcom.py for tasks to queue
[2026-09-17T01:07:34.421+0000] {logging_mixin.py:150} INFO - [2026-09-17T01:07:34.421+0000] {dagbag.py:541} INFO - Filling up the DagBag from /home/vscode/.local/lib/python3.10/site-packages/airflow/example_dags/example_xcom.py
[2026-09-17T01:07:34.428+0000] {processor.py:836} INFO - DAG(s) dict_keys(['example_xcom']) retrieved from /home/vscode/.local/lib/python3.10/site-packages/airflow/example_dags/example_xcom.py
[2026-09-17T01:07:34.442+0000] {logging_mixin.py:150} INFO - [2026-09-17T01:07:34.441+0000] {dag.py:2742} INFO - Sync 1 DAGs
[2026-09-17T01:07:34.456+0000] {logging_mixin.py:150} INFO - [2026-09-17T01:07:34.456+0000] {dag.py:3504} INFO - Setting next_dagrun for example_xcom to 2021-01-01T00:00:00+00:00, run_after=2021-01-01T00:00:00+00:00
[2026-09-17T01:07:34.472+0000] {processor.py:179} INFO - Processing /home/vscode/.local/lib/python3.10/site-packages/airflow/example_dags/example_xcom.py took 0.055 seconds
[2026-09-17T01:07:38.300+0000] {processor.py:157} INFO - Started process (PID=28908) to work on /home/vscode/.local/lib/python3.10/site-packages/airflow/example_dags/example_xcom.py
[2026-09-17T01:07:38.301+0000] {processor.py:826} INFO - Processing file /home/vscode/.local/lib/python3.10/site-packages/airflow/example_dags/example_xcom.py for tasks to queue
[2026-09-17T01:07:38.302+0000] {logging_mixin.py:150} INFO - [2026-09-17T01:07:38.301+0000] {dagbag.py:541} INFO - Filling up the DagBag from /home/vscode/.local/lib/python3.10/site-packages/airflow/example_dags/example_xcom.py
[2026-09-17T01:07:38.308+0000] {processor.py:836} INFO - DAG(s) dict_keys(['example_xcom']) retrieved from /home/vscode/.local/lib/python3.10/site-packages/airflow/example_dags/example_xcom.py
[2026-09-17T01:07:38.321+0000] {logging_mixin.py:150} INFO - [2026-09-17T01:07:38.321+0000] {dag.py:2742} INFO - Sync 1 DAGs
[2026-09-17T01:07:38.339+0000] {logging_mixin.py:150} INFO - [2026-09-17T01:07:38.338+0000] {dag.py:3504} INFO - Setting next_dagrun for example_xcom to 2021-01-01T00:00:00+00:00, run_after=2021-01-01T00:00:00+00:00
[2026-09-17T01:07:38.361+0000] {processor.py:179} INFO - Processing /home/vscode/.local/lib/python3.10/site-packages/airflow/example_dags/example_xcom.py took 0.064 seconds
[2026-09-17T01:08:08.592+0000] {processor.py:157} INFO - Started process (PID=29159) to work on /home/vscode/.local/lib/python3.10/site-packages/airflow/example_dags/example_xcom.py
[2026-09-17T01:08:08.594+0000] {processor.py:826} INFO - Processing file /home/vscode/.local/lib/python3.10/site-packages/airflow/example_dags/example_xcom.py for tasks to queue
[2026-09-17T01:08:08.594+0000] {logging_mixin.py:150} INFO - [2026-09-17T01:08:08.594+0000] {dagbag.py:541} INFO - Filling up the DagBag from /home/vscode/.local/lib/python3.10/site-packages/airflow/example_dags/example_xcom.py
[2026-09-17T01:08:08.602+0000] {processor.py:836} INFO - DAG(s) dict_keys(['example_xcom']) retrieved from /home/vscode/.local/lib/python3.10/site-packages/airflow/example_dags/example_xcom.py
[2026-09-17T01:08:08.622+0000] {logging_mixin.py:150} INFO - [2026-09-17T01:08:08.622+0000] {dag.py:2742} INFO - Sync 1 DAGs
[2026-09-17T01:08:08.644+0000] {logging_mixin.py:150} INFO - [2026-09-17T01:08:08.644+0000] {dag.py:3504} INFO - Setting next_dagrun for example_xcom to 2021-01-01T00:00:00+00:00, run_after=2021-01-01T00:00:00+00:00
[2026-09-17T01:08:08.665+0000] {processor.py:179} INFO - Processing /home/vscode/.local/lib/python3.10/site-packages/airflow/example_dags/example_xcom.py took 0.076 seconds
[2026-09-17T01:08:14.180+0000] {processor.py:157} INFO - Started process (PID=29206) to work on /home/vscode/.local/lib/python3.10/site-packages/airflow/example_dags/example_xcom.py
[2026-09-17T01:08:14.181+0000] {processor.py:826} INFO - Processing file /home/vscode/.local/lib/python3.10/site-packages/airflow/example_dags/example_xcom.py for tasks to queue
[2026-09-17T01:08:14.181+0000] {logging_mixin.py:150} INFO - [2026-09-17T01:08:14.181+0000] {dagbag.py:541} INFO - Filling up the DagBag from /home/vscode/.local/lib/python3.10/site-packages/airflow/example_dags/example_xcom.py
[2026-09-17T01:08:14.189+0000] {processor.py:836} INFO - DAG(s) dict_keys(['example_xcom']) retrieved from /home/vscode/.local/lib/python3.10/site-packages/airflow/example_dags/example_xcom.py
[2026-09-17T01:08:14.206+0000] {logging_mixin.py:150} INFO - [2026-09-17T01:08:14.206+0000] {dag.py:2742} INFO - Sync 1 DAGs
[2026-09-17T01:08:14.221+0000] {logging_mixin.py:150} INFO - [2026-09-17T01:08:14.220+0000] {dag.py:3504} INFO - Setting next_dagrun for example_xcom to 2021-01-01T00:00:00+00:00, run_after=2021-01-01T00:00:00+00:00
[2026-09-17T01:08:14.243+0000] {processor.py:179} INFO - Processing /home/vscode/.local/lib/python3.10/site-packages/airflow/example_dags/example_xcom.py took 0.065 seconds
[2026-09-17T01:08:55.382+0000] {processor.py:157} INFO - Started process (PID=29566) to work on /home/vscode/.local/lib/python3.10/site-packages/airflow/example_dags/example_xcom.py
[2026-09-17T01:08:55.382+0000] {processor.py:826} INFO - Processing file /home/vscode/.local/lib/python3.10/site-packages/airflow/example_dags/example_xcom.py for tasks to queue
[2026-09-17T01:08:55.383+0000] {logging_mixin.py:150} INFO - [2026-09-17T01:08:55.383+0000] {dagbag.py:541} INFO - Filling up the DagBag from /home/vscode/.local/lib/python3.10/site-packages/airflow/example_dags/example_xcom.py
[2026-09-17T01:08:55.389+0000] {processor.py:836} INFO - DAG(s) dict_keys(['example_xcom']) retrieved from /home/vscode/.local/lib/python3.10/site-packages/airflow/example_dags/example_xcom.py
[2026-09-17T01:08:55.402+0000] {logging_mixin.py:150} INFO - [2026-09-17T01:08:55.402+0000] {dag.py:2742} INFO - Sync 1 DAGs
[2026-09-17T01:08:55.417+0000] {logging_mixin.py:150} INFO - [2026-09-17T01:08:55.417+0000] {dag.py:3504} INFO - Setting next_dagrun for example_xcom to 2021-01-01T00:00:00+00:00, run_after=2021-01-01T00:00:00+00:00
[2026-09-17T01:08:55.434+0000] {processor.py:179} INFO - Processing /home/vscode/.local/lib/python3.10/site-packages/airflow/example_dags/example_xcom.py took 0.055 seconds
[2026-09-17T01:09:01.966+0000] {processor.py:157} INFO - Started process (PID=29619) to work on /home/vscode/.local/lib/python3.10/site-packages/airflow/example_dags/example_xcom.py
[2026-09-17T01:09:01.967+0000] {processor.py:826} INFO - Processing file /home/vscode/.local/lib/python3.10/site-packages/airflow/example_dags/example_xcom.py for tasks to queue
[2026-09-17T01:09:01.968+0000] {logging_mixin.py:150} INFO - [2026-09-17T01:09:01.967+0000] {dagbag.py:541} INFO - Filling up the DagBag from /home/vscode/.local/lib/python3.10/site-packages/airflow/example_dags/example_xcom.py
[2026-09-17T01:09:01.976+0000] {processor.py:836} INFO - DAG(s) dict_keys(['example_xcom']) retrieved from /home/vscode/.local/lib/python3.10/site-packages/airflow/example_dags/example_xcom.py
[2026-09-17T01:09:01.999+0000] {logging_mixin.py:150} INFO - [2026-09-17T01:09:01.999+0000] {dag.py:2742} INFO - Sync 1 DAGs
[2026-09-17T01:09:02.017+0000] {logging_mixin.py:150} INFO - [2026-09-17T01:09:02.017+0000] {dag.py:3504} INFO - Setting next_dagrun for example_xcom to 2021-01-01T00:00:00+00:00, run_after=2021-01-01T00:00:00+00:00
[2026-09-17T01:09:02.038+0000] {processor.py:179} INFO - Processing /home/vscode/.local/lib/python3.10/site-packages/airflow/example_dags/example_xcom.py took 0.075 seconds
[2026-09-17T01:09:38.035+0000] {processor.py:157} INFO - Started process (PID=29932) to work on /home/vscode/.local/lib/python3.10/site-packages/airflow/example_dags/example_xcom.py
[2026-09-17T01:09:38.036+0000] {processor.py:826} INFO - Processing file /home/vscode/.local/lib/python3.10/site-packages/airflow/example_dags/example_xcom.py for tasks to queue
[2026-09-17T01:09:38.036+0000] {logging_mixin.py:150} INFO - [2026-09-17T01:09:38.036+0000] {dagbag.py:541} INFO - Filling up the DagBag from /home/vscode/.local/lib/python3.10/site-packages/airflow/example_dags/example_xcom.py
[2026-09-17T01:09:38.042+0000] {processor.py:836} INFO - DAG(s) dict_keys(['example_xcom']) retrieved from /home/vscode/.local/lib/python3.10/site-packages/airflow/example_dags/example_xcom.py
[2026-09-17T01:09:38.055+0000] {logging_mixin.py:150} INFO - [2026-09-17T01:09:38.055+0000] {dag.py:2742} INFO - Sync 1 DAGs
[2026-09-17T01:09:38.073+0000] {logging_mixin.py:150} INFO - [2026-09-17T01:09:38.073+0000] {dag.py:3504} INFO - Setting next_dagrun for example_xcom to 2021-01-01T00:00:00+00:00, run_after=2021-01-01T00:00:00+00:00
[2026-09-17T01:09:38.090+0000] {processor.py:179} INFO - Processing /home/vscode/.local/lib/python3.10/site-packages/airflow/example_dags/example_xcom.py took 0.057 seconds
[2026-09-17T01:09:42.598+0000] {processor.py:157} INFO - Started process (PID=29963) to work on /home/vscode/.local/lib/python3.10/site-packages/airflow/example_dags/example_xcom.py
[2026-09-17T01:09:42.599+0000] {processor.py:826} INFO - Processing file /home/vscode/.local/lib/python3.10/site-packages/airflow/example_dags/example_xcom.py for tasks to queue
[2026-09-17T01:09:42.600+0000] {logging_mixin.py:150} INFO - [2026-09-17T01:09:42.599+0000] {dagbag.py:541} INFO - Filling up the DagBag from /home/vscode/.local/lib/python3.10/site-packages/airflow/example_dags/example_xcom.py
[2026-09-17T01:09:42.608+0000] {processor.py:836} INFO - DAG(s) dict_keys(['example_xcom']) retrieved from /home/vscode/.local/lib/python3.10/site-packages/airflow/example_dags/example_xcom.py
[2026-09-17T01:09:42.623+0000] {logging_mixin.py:150} INFO - [2026-09-17T01:09:42.623+0000] {dag.py:2742} INFO - Sync 1 DAGs
[2026-09-17T01:09:42.640+0000] {logging_mixin.py:150} INFO - [2026-09-17T01:09:42.640+0000] {dag.py:3504} INFO - Setting next_dagrun for example_xcom to 2021-01-01T00:00:00+00:00, run_after=2021-01-01T00:00:00+00:00
[2026-09-17T01:09:42.658+0000] {processor.py:179} INFO - Processing /home/vscode/.local/lib/python3.10/site-packages/airflow/example_dags/example_xcom.py took 0.062 seconds
[2026-09-17T01:10:27.298+0000] {processor.py:157} INFO - Started process (PID=30348) to work on /home/vscode/.local/lib/python3.10/site-packages/airflow/example_dags/example_xcom.py
[2026-09-17T01:10:27.299+0000] {processor.py:826} INFO - Processing file /home/vscode/.local/lib/python3.10/site-packages/airflow/example_dags/example_xcom.py for tasks to queue
[2026-09-17T01:10:27.299+0000] {logging_mixin.py:150} INFO - [2026-09-17T01:10:27.299+0000] {dagbag.py:541} INFO - Filling up the DagBag from /home/vscode/.local/lib/python3.10/site-packages/airflow/example_dags/example_xcom.py
[2026-09-17T01:10:27.305+0000] {processor.py:836} INFO - DAG(s) dict_keys(['example_xcom']) retrieved from /home/vscode/.local/lib/python3.10/site-packages/airflow/example_dags/example_xcom.py
[2026-09-17T01:10:27.318+0000] {logging_mixin.py:150} INFO - [2026-09-17T01:10:27.318+0000] {dag.py:2742} INFO - Sync 1 DAGs
[2026-09-17T01:10:27.332+0000] {logging_mixin.py:150} INFO - [2026-09-17T01:10:27.332+0000] {dag.py:3504} INFO - Setting next_dagrun for example_xcom to 2021-01-01T00:00:00+00:00, run_after=2021-01-01T00:00:00+00:00
[2026-09-17T01:10:27.349+0000] {processor.py:179} INFO - Processing /home/vscode/.local/lib/python3.10/site-packages/airflow/example_dags/example_xcom.py took 0.054 seconds
[2026-09-17T01:10:28.302+0000] {processor.py:157} INFO - Started process (PID=30362) to work on /home/vscode/.local/lib/python3.10/site-packages/airflow/example_dags/example_xcom.py
[2026-09-17T01:10:28.303+0000] {processor.py:826} INFO - Processing file /home/vscode/.local/lib/python3.10/site-packages/airflow/example_dags/example_xcom.py for tasks to queue
[2026-09-17T01:10:28.304+0000] {logging_mixin.py:150} INFO - [2026-09-17T01:10:28.303+0000] {dagbag.py:541} INFO - Filling up the DagBag from /home/vscode/.local/lib/python3.10/site-packages/airflow/example_dags/example_xcom.py
[2026-09-17T01:10:28.310+0000] {processor.py:836} INFO - DAG(s) dict_keys(['example_xcom']) retrieved from /home/vscode/.local/lib/python3.10/site-packages/airflow/example_dags/example_xcom.py
[2026-09-17T01:10:28.325+0000] {logging_mixin.py:150} INFO - [2026-09-17T01:10:28.325+0000] {dag.py:2742} INFO - Sync 1 DAGs
[2026-09-17T01:10:28.342+0000] {logging_mixin.py:150} INFO - [2026-09-17T01:10:28.341+0000] {dag.py:3504} INFO - Setting next_dagrun for example_xcom to 2021-01-01T00:00:00+00:00, run_after=2021-01-01T00:00:00+00:00
[2026-09-17T01:10:28.359+0000] {processor.py:179} INFO - Processing /home/vscode/.local/lib/python3.10/site-packages/airflow/example_dags/example_xcom.py took 0.060 seconds
[2026-09-17T01:11:00.384+0000] {processor.py:157} INFO - Started process (PID=30667) to work on /home/vscode/.local/lib/python3.10/site-packages/airflow/example_dags/example_xcom.py
[2026-09-17T01:11:00.385+0000] {processor.py:826} INFO - Processing file /home/vscode/.local/lib/python3.10/site-packages/airflow/example_dags/example_xcom.py for tasks to queue
[2026-09-17T01:11:00.386+0000] {logging_mixin.py:150} INFO - [2026-09-17T01:11:00.385+0000] {dagbag.py:541} INFO - Filling up the DagBag from /home/vscode/.local/lib/python3.10/site-packages/airflow/example_dags/example_xcom.py
[2026-09-17T01:11:00.394+0000] {processor.py:836} INFO - DAG(s) dict_keys(['example_xcom']) retrieved from /home/vscode/.local/lib/python3.10/site-packages/airflow/example_dags/example_xcom.py
[2026-09-17T01:11:00.407+0000] {logging_mixin.py:150} INFO - [2026-09-17T01:11:00.407+0000] {dag.py:2742} INFO - Sync 1 DAGs
[2026-09-17T01:11:00.424+0000] {logging_mixin.py:150} INFO - [2026-09-17T01:11:00.423+0000] {dag.py:3504} INFO - Setting next_dagrun for example_xcom to 2021-01-01T00:00:00+00:00, run_after=2021-01-01T00:00:00+00:00
[2026-09-17T01:11:00.442+0000] {processor.py:179} INFO - Processing /home/vscode/.local/lib/python3.10/site-packages/airflow/example_dags/example_xcom.py took 0.061 seconds
[2026-09-17T01:11:03.893+0000] {processor.py:157} INFO - Started process (PID=30694) to work on /home/vscode/.local/lib/python3.10/site-packages/airflow/example_dags/example_xcom.py
[2026-09-17T01:11:03.894+0000] {processor.py:826} INFO - Processing file /home/vscode/.local/lib/python3.10/site-packages/airflow/example_dags/example_xcom.py for tasks to queue
[2026-09-17T01:11:03.895+0000] {logging_mixin.py:150} INFO - [2026-09-17T01:11:03.894+0000] {dagbag.py:541} INFO - Filling up the DagBag from /home/vscode/.local/lib/python3.10/site-packages/airflow/example_dags/example_xcom.py
[2026-09-17T01:11:03.903+0000] {processor.py:836} INFO - DAG(s) dict_keys(['example_xcom']) retrieved from /home/vscode/.local/lib/python3.10/site-packages/airflow/example_dags/example_xcom.py
[2026-09-17T01:11:03.917+0000] {logging_mixin.py:150} INFO - [2026-09-17T01:11:03.917+0000] {dag.py:2742} INFO - Sync 1 DAGs
[2026-09-17T01:11:03.932+0000] {logging_mixin.py:150} INFO - [2026-09-17T01:11:03.932+0000] {dag.py:3504} INFO - Setting next_dagrun for example_xcom to 2021-01-01T00:00:00+00:00, run_after=2021-01-01T00:00:00+00:00
[2026-09-17T01:11:03.949+0000] {processor.py:179} INFO - Processing /home/vscode/.local/lib/python3.10/site-packages/airflow/example_dags/example_xcom.py took 0.059 seconds
[2026-09-17T01:11:36.640+0000] {processor.py:157} INFO - Started process (PID=30974) to work on /home/vscode/.local/lib/python3.10/site-packages/airflow/example_dags/example_xcom.py
[2026-09-17T01:11:36.640+0000] {processor.py:826} INFO - Processing file /home/vscode/.local/lib/python3.10/site-packages/airflow/example_dags/example_xcom.py for tasks to queue
[2026-09-17T01:11:36.641+0000] {logging_mixin.py:150} INFO - [2026-09-17T01:11:36.641+0000] {dagbag.py:541} INFO - Filling up the DagBag from /home/vscode/.local/lib/python3.10/site-packages/airflow/example_dags/example_xcom.py
[2026-09-17T01:11:36.647+0000] {processor.py:836} INFO - DAG(s) dict_keys(['example_xcom']) retrieved from /home/vscode/.local/lib/python3.10/site-packages/airflow/example_dags/example_xcom.py
[2026-09-17T01:11:36.660+0000] {logging_mixin.py:150} INFO - [2026-09-17T01:11:36.660+0000] {dag.py:2742} INFO - Sync 1 DAGs
[2026-09-17T01:11:36.676+0000] {logging_mixin.py:150} INFO - [2026-09-17T01:11:36.676+0000] {dag.py:3504} INFO - Setting next_dagrun for example_xcom to 2021-01-01T00:00:00+00:00, run_after=2021-01-01T00:00:00+00:00
[2026-09-17T01:11:36.697+0000] {processor.py:179} INFO - Processing /home/vscode/.local/lib/python3.10/site-packages/airflow/example_dags/example_xcom.py took 0.060 seconds
[2026-09-17T01:11:50.020+0000] {processor.py:157} INFO - Started process (PID=31097) to work on /home/vscode/.local/lib/python3.10/site-packages/airflow/example_dags/example_xcom.py
[2026-09-17T01:11:50.021+0000] {processor.py:826} INFO - Processing file /home/vscode/.local/lib/python3.10/site-packages/airflow/example_dags/example_xcom.py for tasks to queue
[2026-09-17T01:11:50.022+0000] {logging_mixin.py:150} INFO - [2026-09-17T01:11:50.022+0000] {dagbag.py:541} INFO - Filling up the DagBag from /home/vscode/.local/lib/python3.10/site-packages/airflow/example_dags/example_xcom.py
[2026-09-17T01:11:50.036+0000] {processor.py:836} INFO - DAG(s) dict_keys(['example_xcom']) retrieved from /home/vscode/.local/lib/python3.10/site-packages/airflow/example_dags/example_xcom.py
[2026-09-17T01:11:50.064+0000] {logging_mixin.py:150} INFO - [2026-09-17T01:11:50.064+0000] {dag.py:2742} INFO - Sync 1 DAGs
[2026-09-17T01:11:50.085+0000] {logging_mixin.py:150} INFO - [2026-09-17T01:11:50.085+0000] {dag.py:3504} INFO - Setting next_dagrun for example_xcom to 2021-01-01T00:00:00+00:00, run_after=2021-01-01T00:00:00+00:00
[2026-09-17T01:11:50.111+0000] {processor.py:179} INFO - Processing /home/vscode/.local/lib/python3.10/site-packages/airflow/example_dags/example_xcom.py took 0.095 seconds
[2026-09-17T01:12:24.235+0000] {processor.py:157} INFO - Started process (PID=31378) to work on /home/vscode/.local/lib/python3.10/site-packages/airflow/example_dags/example_xcom.py
[2026-09-17T01:12:24.235+0000] {processor.py:826} INFO - Processing file /home/vscode/.local/lib/python3.10/site-packages/airflow/example_dags/example_xcom.py for tasks to queue
[2026-09-17T01:12:24.236+0000] {logging_mixin.py:150} INFO - [2026-09-17T01:12:24.236+0000] {dagbag.py:541} INFO - Filling up the DagBag from /home/vscode/.local/lib/python3.10/site-packages/airflow/example_dags/example_xcom.py
[2026-09-17T01:12:24.243+0000] {processor.py:836} INFO - DAG(s) dict_keys(['example_xcom']) retrieved from /home/vscode/.local/lib/python3.10/site-packages/airflow/example_dags/example_xcom.py
[2026-09-17T01:12:24.258+0000] {logging_mixin.py:150} INFO - [2026-09-17T01:12:24.258+0000] {dag.py:2742} INFO - Sync 1 DAGs
[2026-09-17T01:12:24.282+0000] {logging_mixin.py:150} INFO - [2026-09-17T01:12:24.280+0000] {dag.py:3504} INFO - Setting next_dagrun for example_xcom to 2021-01-01T00:00:00+00:00, run_after=2021-01-01T00:00:00+00:00
[2026-09-17T01:12:24.306+0000] {processor.py:179} INFO - Processing /home/vscode/.local/lib/python3.10/site-packages/airflow/example_dags/example_xcom.py took 0.074 seconds
[2026-09-17T01:12:25.636+0000] {processor.py:157} INFO - Started process (PID=31394) to work on /home/vscode/.local/lib/python3.10/site-packages/airflow/example_dags/example_xcom.py
[2026-09-17T01:12:25.637+0000] {processor.py:826} INFO - Processing file /home/vscode/.local/lib/python3.10/site-packages/airflow/example_dags/example_xcom.py for tasks to queue
[2026-09-17T01:12:25.638+0000] {logging_mixin.py:150} INFO - [2026-09-17T01:12:25.637+0000] {dagbag.py:541} INFO - Filling up the DagBag from /home/vscode/.local/lib/python3.10/site-packages/airflow/example_dags/example_xcom.py
[2026-09-17T01:12:25.647+0000] {processor.py:836} INFO - DAG(s) dict_keys(['example_xcom']) retrieved from /home/vscode/.local/lib/python3.10/site-packages/airflow/example_dags/example_xcom.py
[2026-09-17T01:12:25.667+0000] {logging_mixin.py:150} INFO - [2026-09-17T01:12:25.667+0000] {dag.py:2742} INFO - Sync 1 DAGs
[2026-09-17T01:12:25.689+0000] {logging_mixin.py:150} INFO - [2026-09-17T01:12:25.689+0000] {dag.py:3504} INFO - Setting next_dagrun for example_xcom to 2021-01-01T00:00:00+00:00, run_after=2021-01-01T00:00:00+00:00
[2026-09-17T01:12:25.713+0000] {processor.py:179} INFO - Processing /home/vscode/.local/lib/python3.10/site-packages/airflow/example_dags/example_xcom.py took 0.082 seconds
[2026-09-17T01:13:09.999+0000] {processor.py:157} INFO - Started process (PID=31774) to work on /home/vscode/.local/lib/python3.10/site-packages/airflow/example_dags/example_xcom.py
[2026-09-17T01:13:09.999+0000] {processor.py:826} INFO - Processing file /home/vscode/.local/lib/python3.10/site-packages/airflow/example_dags/example_xcom.py for tasks to queue
[2026-09-17T01:13:10.000+0000] {logging_mixin.py:150} INFO - [2026-09-17T01:13:10.000+0000] {dagbag.py:541} INFO - Filling up the DagBag from /home/vscode/.local/lib/python3.10/site-packages/airflow/example_dags/example_xcom.py
[2026-09-17T01:13:10.006+0000] {processor.py:836} INFO - DAG(s) dict_keys(['example_xcom']) retrieved from /home/vscode/.local/lib/python3.10/site-packages/airflow/example_dags/example_xcom.py
[2026-09-17T01:13:10.024+0000] {logging_mixin.py:150} INFO - [2026-09-17T01:13:10.024+0000] {dag.py:2742} INFO - Sync 1 DAGs
[2026-09-17T01:13:10.043+0000] {logging_mixin.py:150} INFO - [2026-09-17T01:13:10.043+0000] {dag.py:3504} INFO - Setting next_dagrun for example_xcom to 2021-01-01T00:00:00+00:00, run_after=2021-01-01T00:00:00+00:00
[2026-09-17T01:13:10.063+0000] {processor.py:179} INFO - Processing /home/vscode/.local/lib/python3.10/site-packages/airflow/example_dags/example_xcom.py took 0.067 seconds
[2026-09-17T01:13:13.127+0000] {processor.py:157} INFO - Started process (PID=31805) to work on /home/vscode/.local/lib/python3.10/site-packages/airflow/example_dags/example_xcom.py
[2026-09-17T01:13:13.128+0000] {processor.py:826} INFO - Processing file /home/vscode/.local/lib/python3.10/site-packages/airflow/example_dags/example_xcom.py for tasks to queue
[2026-09-17T01:13:13.129+0000] {logging_mixin.py:150} INFO - [2026-09-17T01:13:13.129+0000] {dagbag.py:541} INFO - Filling up the DagBag from /home/vscode/.local/lib/python3.10/site-packages/airflow/example_dags/example_xcom.py
[2026-09-17T01:13:13.139+0000] {processor.py:836} INFO - DAG(s) dict_keys(['example_xcom']) retrieved from /home/vscode/.local/lib/python3.10/site-packages/airflow/example_dags/example_xcom.py
[2026-09-17T01:13:13.153+0000] {logging_mixin.py:150} INFO - [2026-09-17T01:13:13.153+0000] {dag.py:2742} INFO - Sync 1 DAGs
[2026-09-17T01:13:13.167+0000] {logging_mixin.py:150} INFO - [2026-09-17T01:13:13.167+0000] {dag.py:3504} INFO - Setting next_dagrun for example_xcom to 2021-01-01T00:00:00+00:00, run_after=2021-01-01T00:00:00+00:00
[2026-09-17T01:13:13.186+0000] {processor.py:179} INFO - Processing /home/vscode/.local/lib/python3.10/site-packages/airflow/example_dags/example_xcom.py took 0.063 seconds
[2026-09-17T01:13:47.004+0000] {processor.py:157} INFO - Started process (PID=32092) to work on /home/vscode/.local/lib/python3.10/site-packages/airflow/example_dags/example_xcom.py
[2026-09-17T01:13:47.004+0000] {processor.py:826} INFO - Processing file /home/vscode/.local/lib/python3.10/site-packages/airflow/example_dags/example_xcom.py for tasks to queue
[2026-09-17T01:13:47.005+0000] {logging_mixin.py:150} INFO - [2026-09-17T01:13:47.005+0000] {dagbag.py:541} INFO - Filling up the DagBag from /home/vscode/.local/lib/python3.10/site-packages/airflow/example_dags/example_xcom.py
[2026-09-17T01:13:47.011+0000] {processor.py:836} INFO - DAG(s) dict_keys(['example_xcom']) retrieved from /home/vscode/.local/lib/python3.10/site-packages/airflow/example_dags/example_xcom.py
[2026-09-17T01:13:47.024+0000] {logging_mixin.py:150} INFO - [2026-09-17T01:13:47.024+0000] {dag.py:2742} INFO - Sync 1 DAGs
[2026-09-17T01:13:47.039+0000] {logging_mixin.py:150} INFO - [2026-09-17T01:13:47.039+0000] {dag.py:3504} INFO - Setting next_dagrun for example_xcom to 2021-01-01T00:00:00+00:00, run_after=2021-01-01T00:00:00+00:00
[2026-09-17T01:13:47.059+0000] {processor.py:179} INFO - Processing /home/vscode/.local/lib/python3.10/site-packages/airflow/example_dags/example_xcom.py took 0.059 seconds
[2026-09-17T01:13:54.712+0000] {processor.py:157} INFO - Started process (PID=32150) to work on /home/vscode/.local/lib/python3.10/site-packages/airflow/example_dags/example_xcom.py
[2026-09-17T01:13:54.723+0000] {processor.py:826} INFO - Processing file /home/vscode/.local/lib/python3.10/site-packages/airflow/example_dags/example_xcom.py for tasks to queue
[2026-09-17T01:13:54.724+0000] {logging_mixin.py:150} INFO - [2026-09-17T01:13:54.724+0000] {dagbag.py:541} INFO - Filling up the DagBag from /home/vscode/.local/lib/python3.10/site-packages/airflow/example_dags/example_xcom.py
[2026-09-17T01:13:54.771+0000] {processor.py:836} INFO - DAG(s) dict_keys(['example_xcom']) retrieved from /home/vscode/.local/lib/python3.10/site-packages/airflow/example_dags/example_xcom.py
[2026-09-17T01:13:54.850+0000] {logging_mixin.py:150} INFO - [2026-09-17T01:13:54.850+0000] {dag.py:2742} INFO - Sync 1 DAGs
[2026-09-17T01:13:54.885+0000] {logging_mixin.py:150} INFO - [2026-09-17T01:13:54.885+0000] {dag.py:3504} INFO - Setting next_dagrun for example_xcom to 2021-01-01T00:00:00+00:00, run_after=2021-01-01T00:00:00+00:00
[2026-09-17T01:13:54.984+0000] {processor.py:179} INFO - Processing /home/vscode/.local/lib/python3.10/site-packages/airflow/example_dags/example_xcom.py took 0.286 seconds
[2026-09-17T01:14:20.912+0000] {processor.py:157} INFO - Started process (PID=32379) to work on /home/vscode/.local/lib/python3.10/site-packages/airflow/example_dags/example_xcom.py
[2026-09-17T01:14:20.913+0000] {processor.py:826} INFO - Processing file /home/vscode/.local/lib/python3.10/site-packages/airflow/example_dags/example_xcom.py for tasks to queue
[2026-09-17T01:14:20.913+0000] {logging_mixin.py:150} INFO - [2026-09-17T01:14:20.913+0000] {dagbag.py:541} INFO - Filling up the DagBag from /home/vscode/.local/lib/python3.10/site-packages/airflow/example_dags/example_xcom.py
[2026-09-17T01:14:20.919+0000] {processor.py:836} INFO - DAG(s) dict_keys(['example_xcom']) retrieved from /home/vscode/.local/lib/python3.10/site-packages/airflow/example_dags/example_xcom.py
[2026-09-17T01:14:20.933+0000] {logging_mixin.py:150} INFO - [2026-09-17T01:14:20.933+0000] {dag.py:2742} INFO - Sync 1 DAGs
[2026-09-17T01:14:20.949+0000] {logging_mixin.py:150} INFO - [2026-09-17T01:14:20.949+0000] {dag.py:3504} INFO - Setting next_dagrun for example_xcom to 2021-01-01T00:00:00+00:00, run_after=2021-01-01T00:00:00+00:00
[2026-09-17T01:14:20.966+0000] {processor.py:179} INFO - Processing /home/vscode/.local/lib/python3.10/site-packages/airflow/example_dags/example_xcom.py took 0.057 seconds
[2026-09-17T01:14:27.530+0000] {processor.py:157} INFO - Started process (PID=32433) to work on /home/vscode/.local/lib/python3.10/site-packages/airflow/example_dags/example_xcom.py
[2026-09-17T01:14:27.531+0000] {processor.py:826} INFO - Processing file /home/vscode/.local/lib/python3.10/site-packages/airflow/example_dags/example_xcom.py for tasks to queue
[2026-09-17T01:14:27.532+0000] {logging_mixin.py:150} INFO - [2026-09-17T01:14:27.532+0000] {dagbag.py:541} INFO - Filling up the DagBag from /home/vscode/.local/lib/python3.10/site-packages/airflow/example_dags/example_xcom.py
[2026-09-17T01:14:27.538+0000] {processor.py:836} INFO - DAG(s) dict_keys(['example_xcom']) retrieved from /home/vscode/.local/lib/python3.10/site-packages/airflow/example_dags/example_xcom.py
[2026-09-17T01:14:27.552+0000] {logging_mixin.py:150} INFO - [2026-09-17T01:14:27.552+0000] {dag.py:2742} INFO - Sync 1 DAGs
[2026-09-17T01:14:27.568+0000] {logging_mixin.py:150} INFO - [2026-09-17T01:14:27.568+0000] {dag.py:3504} INFO - Setting next_dagrun for example_xcom to 2021-01-01T00:00:00+00:00, run_after=2021-01-01T00:00:00+00:00
[2026-09-17T01:14:27.588+0000] {processor.py:179} INFO - Processing /home/vscode/.local/lib/python3.10/site-packages/airflow/example_dags/example_xcom.py took 0.060 seconds
[2026-09-17T01:14:56.349+0000] {processor.py:157} INFO - Started process (PID=32672) to work on /home/vscode/.local/lib/python3.10/site-packages/airflow/example_dags/example_xcom.py
[2026-09-17T01:14:56.349+0000] {processor.py:826} INFO - Processing file /home/vscode/.local/lib/python3.10/site-packages/airflow/example_dags/example_xcom.py for tasks to queue
[2026-09-17T01:14:56.350+0000] {logging_mixin.py:150} INFO - [2026-09-17T01:14:56.350+0000] {dagbag.py:541} INFO - Filling up the DagBag from /home/vscode/.local/lib/python3.10/site-packages/airflow/example_dags/example_xcom.py
[2026-09-17T01:14:56.356+0000] {processor.py:836} INFO - DAG(s) dict_keys(['example_xcom']) retrieved from /home/vscode/.local/lib/python3.10/site-packages/airflow/example_dags/example_xcom.py
[2026-09-17T01:14:56.369+0000] {logging_mixin.py:150} INFO - [2026-09-17T01:14:56.369+0000] {dag.py:2742} INFO - Sync 1 DAGs
[2026-09-17T01:14:56.388+0000] {logging_mixin.py:150} INFO - [2026-09-17T01:14:56.388+0000] {dag.py:3504} INFO - Setting next_dagrun for example_xcom to 2021-01-01T00:00:00+00:00, run_after=2021-01-01T00:00:00+00:00
[2026-09-17T01:14:56.407+0000] {processor.py:179} INFO - Processing /home/vscode/.local/lib/python3.10/site-packages/airflow/example_dags/example_xcom.py took 0.060 seconds
[2026-09-17T01:15:11.422+0000] {processor.py:157} INFO - Started process (PID=32806) to work on /home/vscode/.local/lib/python3.10/site-packages/airflow/example_dags/example_xcom.py
[2026-09-17T01:15:11.422+0000] {processor.py:826} INFO - Processing file /home/vscode/.local/lib/python3.10/site-packages/airflow/example_dags/example_xcom.py for tasks to queue
[2026-09-17T01:15:11.423+0000] {logging_mixin.py:150} INFO - [2026-09-17T01:15:11.423+0000] {dagbag.py:541} INFO - Filling up the DagBag from /home/vscode/.local/lib/python3.10/site-packages/airflow/example_dags/example_xcom.py
[2026-09-17T01:15:11.429+0000] {processor.py:836} INFO - DAG(s) dict_keys(['example_xcom']) retrieved from /home/vscode/.local/lib/python3.10/site-packages/airflow/example_dags/example_xcom.py
[2026-09-17T01:15:11.442+0000] {logging_mixin.py:150} INFO - [2026-09-17T01:15:11.442+0000] {dag.py:2742} INFO - Sync 1 DAGs
[2026-09-17T01:15:11.456+0000] {logging_mixin.py:150} INFO - [2026-09-17T01:15:11.456+0000] {dag.py:3504} INFO - Setting next_dagrun for example_xcom to 2021-01-01T00:00:00+00:00, run_after=2021-01-01T00:00:00+00:00
[2026-09-17T01:15:11.472+0000] {processor.py:179} INFO - Processing /home/vscode/.local/lib/python3.10/site-packages/airflow/example_dags/example_xcom.py took 0.053 seconds
[2026-09-17T01:15:32.050+0000] {processor.py:157} INFO - Started process (PID=32981) to work on /home/vscode/.local/lib/python3.10/site-packages/airflow/example_dags/example_xcom.py
[2026-09-17T01:15:32.051+0000] {processor.py:826} INFO - Processing file /home/vscode/.local/lib/python3.10/site-packages/airflow/example_dags/example_xcom.py for tasks to queue
[2026-09-17T01:15:32.051+0000] {logging_mixin.py:150} INFO - [2026-09-17T01:15:32.051+0000] {dagbag.py:541} INFO - Filling up the DagBag from /home/vscode/.local/lib/python3.10/site-packages/airflow/example_dags/example_xcom.py
[2026-09-17T01:15:32.057+0000] {processor.py:836} INFO - DAG(s) dict_keys(['example_xcom']) retrieved from /home/vscode/.local/lib/python3.10/site-packages/airflow/example_dags/example_xcom.py
[2026-09-17T01:15:32.071+0000] {logging_mixin.py:150} INFO - [2026-09-17T01:15:32.071+0000] {dag.py:2742} INFO - Sync 1 DAGs
[2026-09-17T01:15:32.086+0000] {logging_mixin.py:150} INFO - [2026-09-17T01:15:32.086+0000] {dag.py:3504} INFO - Setting next_dagrun for example_xcom to 2021-01-01T00:00:00+00:00, run_after=2021-01-01T00:00:00+00:00
[2026-09-17T01:15:32.105+0000] {processor.py:179} INFO - Processing /home/vscode/.local/lib/python3.10/site-packages/airflow/example_dags/example_xcom.py took 0.058 seconds
[2026-09-17T01:15:54.702+0000] {processor.py:157} INFO - Started process (PID=33204) to work on /home/vscode/.local/lib/python3.10/site-packages/airflow/example_dags/example_xcom.py
[2026-09-17T01:15:54.703+0000] {processor.py:826} INFO - Processing file /home/vscode/.local/lib/python3.10/site-packages/airflow/example_dags/example_xcom.py for tasks to queue
[2026-09-17T01:15:54.704+0000] {logging_mixin.py:150} INFO - [2026-09-17T01:15:54.703+0000] {dagbag.py:541} INFO - Filling up the DagBag from /home/vscode/.local/lib/python3.10/site-packages/airflow/example_dags/example_xcom.py
[2026-09-17T01:15:54.710+0000] {processor.py:836} INFO - DAG(s) dict_keys(['example_xcom']) retrieved from /home/vscode/.local/lib/python3.10/site-packages/airflow/example_dags/example_xcom.py
[2026-09-17T01:15:54.726+0000] {logging_mixin.py:150} INFO - [2026-09-17T01:15:54.726+0000] {dag.py:2742} INFO - Sync 1 DAGs
[2026-09-17T01:15:54.744+0000] {logging_mixin.py:150} INFO - [2026-09-17T01:15:54.744+0000] {dag.py:3504} INFO - Setting next_dagrun for example_xcom to 2021-01-01T00:00:00+00:00, run_after=2021-01-01T00:00:00+00:00
[2026-09-17T01:15:54.761+0000] {processor.py:179} INFO - Processing /home/vscode/.local/lib/python3.10/site-packages/airflow/example_dags/example_xcom.py took 0.062 seconds
[2026-09-17T01:16:06.597+0000] {processor.py:157} INFO - Started process (PID=33299) to work on /home/vscode/.local/lib/python3.10/site-packages/airflow/example_dags/example_xcom.py
[2026-09-17T01:16:06.600+0000] {processor.py:826} INFO - Processing file /home/vscode/.local/lib/python3.10/site-packages/airflow/example_dags/example_xcom.py for tasks to queue
[2026-09-17T01:16:06.600+0000] {logging_mixin.py:150} INFO - [2026-09-17T01:16:06.600+0000] {dagbag.py:541} INFO - Filling up the DagBag from /home/vscode/.local/lib/python3.10/site-packages/airflow/example_dags/example_xcom.py
[2026-09-17T01:16:06.608+0000] {processor.py:836} INFO - DAG(s) dict_keys(['example_xcom']) retrieved from /home/vscode/.local/lib/python3.10/site-packages/airflow/example_dags/example_xcom.py
[2026-09-17T01:16:06.628+0000] {logging_mixin.py:150} INFO - [2026-09-17T01:16:06.627+0000] {dag.py:2742} INFO - Sync 1 DAGs
[2026-09-17T01:16:06.648+0000] {logging_mixin.py:150} INFO - [2026-09-17T01:16:06.647+0000] {dag.py:3504} INFO - Setting next_dagrun for example_xcom to 2021-01-01T00:00:00+00:00, run_after=2021-01-01T00:00:00+00:00
[2026-09-17T01:16:06.675+0000] {processor.py:179} INFO - Processing /home/vscode/.local/lib/python3.10/site-packages/airflow/example_dags/example_xcom.py took 0.081 seconds
[2026-09-17T01:16:28.980+0000] {processor.py:157} INFO - Started process (PID=33500) to work on /home/vscode/.local/lib/python3.10/site-packages/airflow/example_dags/example_xcom.py
[2026-09-17T01:16:28.981+0000] {processor.py:826} INFO - Processing file /home/vscode/.local/lib/python3.10/site-packages/airflow/example_dags/example_xcom.py for tasks to queue
[2026-09-17T01:16:28.982+0000] {logging_mixin.py:150} INFO - [2026-09-17T01:16:28.981+0000] {dagbag.py:541} INFO - Filling up the DagBag from /home/vscode/.local/lib/python3.10/site-packages/airflow/example_dags/example_xcom.py
[2026-09-17T01:16:28.990+0000] {processor.py:836} INFO - DAG(s) dict_keys(['example_xcom']) retrieved from /home/vscode/.local/lib/python3.10/site-packages/airflow/example_dags/example_xcom.py
[2026-09-17T01:16:29.007+0000] {logging_mixin.py:150} INFO - [2026-09-17T01:16:29.007+0000] {dag.py:2742} INFO - Sync 1 DAGs
[2026-09-17T01:16:29.028+0000] {logging_mixin.py:150} INFO - [2026-09-17T01:16:29.027+0000] {dag.py:3504} INFO - Setting next_dagrun for example_xcom to 2021-01-01T00:00:00+00:00, run_after=2021-01-01T00:00:00+00:00
[2026-09-17T01:16:29.056+0000] {processor.py:179} INFO - Processing /home/vscode/.local/lib/python3.10/site-packages/airflow/example_dags/example_xcom.py took 0.078 seconds
[2026-09-17T01:16:40.798+0000] {processor.py:157} INFO - Started process (PID=33599) to work on /home/vscode/.local/lib/python3.10/site-packages/airflow/example_dags/example_xcom.py
[2026-09-17T01:16:40.799+0000] {processor.py:826} INFO - Processing file /home/vscode/.local/lib/python3.10/site-packages/airflow/example_dags/example_xcom.py for tasks to queue
[2026-09-17T01:16:40.800+0000] {logging_mixin.py:150} INFO - [2026-09-17T01:16:40.799+0000] {dagbag.py:541} INFO - Filling up the DagBag from /home/vscode/.local/lib/python3.10/site-packages/airflow/example_dags/example_xcom.py
[2026-09-17T01:16:40.807+0000] {processor.py:836} INFO - DAG(s) dict_keys(['example_xcom']) retrieved from /home/vscode/.local/lib/python3.10/site-packages/airflow/example_dags/example_xcom.py
[2026-09-17T01:16:40.824+0000] {logging_mixin.py:150} INFO - [2026-09-17T01:16:40.823+0000] {dag.py:2742} INFO - Sync 1 DAGs
[2026-09-17T01:16:40.850+0000] {logging_mixin.py:150} INFO - [2026-09-17T01:16:40.850+0000] {dag.py:3504} INFO - Setting next_dagrun for example_xcom to 2021-01-01T00:00:00+00:00, run_after=2021-01-01T00:00:00+00:00
[2026-09-17T01:16:40.866+0000] {processor.py:179} INFO - Processing /home/vscode/.local/lib/python3.10/site-packages/airflow/example_dags/example_xcom.py took 0.071 seconds
[2026-09-17T01:17:05.190+0000] {processor.py:157} INFO - Started process (PID=33808) to work on /home/vscode/.local/lib/python3.10/site-packages/airflow/example_dags/example_xcom.py
[2026-09-17T01:17:05.190+0000] {processor.py:826} INFO - Processing file /home/vscode/.local/lib/python3.10/site-packages/airflow/example_dags/example_xcom.py for tasks to queue
[2026-09-17T01:17:05.191+0000] {logging_mixin.py:150} INFO - [2026-09-17T01:17:05.191+0000] {dagbag.py:541} INFO - Filling up the DagBag from /home/vscode/.local/lib/python3.10/site-packages/airflow/example_dags/example_xcom.py
[2026-09-17T01:17:05.199+0000] {processor.py:836} INFO - DAG(s) dict_keys(['example_xcom']) retrieved from /home/vscode/.local/lib/python3.10/site-packages/airflow/example_dags/example_xcom.py
[2026-09-17T01:17:05.213+0000] {logging_mixin.py:150} INFO - [2026-09-17T01:17:05.213+0000] {dag.py:2742} INFO - Sync 1 DAGs
[2026-09-17T01:17:05.236+0000] {logging_mixin.py:150} INFO - [2026-09-17T01:17:05.235+0000] {dag.py:3504} INFO - Setting next_dagrun for example_xcom to 2021-01-01T00:00:00+00:00, run_after=2021-01-01T00:00:00+00:00
[2026-09-17T01:17:05.261+0000] {processor.py:179} INFO - Processing /home/vscode/.local/lib/python3.10/site-packages/airflow/example_dags/example_xcom.py took 0.075 seconds
[2026-09-17T01:17:31.127+0000] {processor.py:157} INFO - Started process (PID=34031) to work on /home/vscode/.local/lib/python3.10/site-packages/airflow/example_dags/example_xcom.py
[2026-09-17T01:17:31.128+0000] {processor.py:826} INFO - Processing file /home/vscode/.local/lib/python3.10/site-packages/airflow/example_dags/example_xcom.py for tasks to queue
[2026-09-17T01:17:31.129+0000] {logging_mixin.py:150} INFO - [2026-09-17T01:17:31.129+0000] {dagbag.py:541} INFO - Filling up the DagBag from /home/vscode/.local/lib/python3.10/site-packages/airflow/example_dags/example_xcom.py
[2026-09-17T01:17:31.137+0000] {processor.py:836} INFO - DAG(s) dict_keys(['example_xcom']) retrieved from /home/vscode/.local/lib/python3.10/site-packages/airflow/example_dags/example_xcom.py
[2026-09-17T01:17:31.158+0000] {logging_mixin.py:150} INFO - [2026-09-17T01:17:31.158+0000] {dag.py:2742} INFO - Sync 1 DAGs
[2026-09-17T01:17:31.184+0000] {logging_mixin.py:150} INFO - [2026-09-17T01:17:31.184+0000] {dag.py:3504} INFO - Setting next_dagrun for example_xcom to 2021-01-01T00:00:00+00:00, run_after=2021-01-01T00:00:00+00:00
[2026-09-17T01:17:31.210+0000] {processor.py:179} INFO - Processing /home/vscode/.local/lib/python3.10/site-packages/airflow/example_dags/example_xcom.py took 0.085 seconds
[2026-09-17T01:17:48.703+0000] {processor.py:157} INFO - Started process (PID=34176) to work on /home/vscode/.local/lib/python3.10/site-packages/airflow/example_dags/example_xcom.py
[2026-09-17T01:17:48.704+0000] {processor.py:826} INFO - Processing file /home/vscode/.local/lib/python3.10/site-packages/airflow/example_dags/example_xcom.py for tasks to queue
[2026-09-17T01:17:48.704+0000] {logging_mixin.py:150} INFO - [2026-09-17T01:17:48.704+0000] {dagbag.py:541} INFO - Filling up the DagBag from /home/vscode/.local/lib/python3.10/site-packages/airflow/example_dags/example_xcom.py
[2026-09-17T01:17:48.710+0000] {processor.py:836} INFO - DAG(s) dict_keys(['example_xcom']) retrieved from /home/vscode/.local/lib/python3.10/site-packages/airflow/example_dags/example_xcom.py
[2026-09-17T01:17:48.724+0000] {logging_mixin.py:150} INFO - [2026-09-17T01:17:48.723+0000] {dag.py:2742} INFO - Sync 1 DAGs
[2026-09-17T01:17:48.738+0000] {logging_mixin.py:150} INFO - [2026-09-17T01:17:48.738+0000] {dag.py:3504} INFO - Setting next_dagrun for example_xcom to 2021-01-01T00:00:00+00:00, run_after=2021-01-01T00:00:00+00:00
[2026-09-17T01:17:48.754+0000] {processor.py:179} INFO - Processing /home/vscode/.local/lib/python3.10/site-packages/airflow/example_dags/example_xcom.py took 0.055 seconds
[2026-09-17T01:18:17.529+0000] {processor.py:157} INFO - Started process (PID=34421) to work on /home/vscode/.local/lib/python3.10/site-packages/airflow/example_dags/example_xcom.py
[2026-09-17T01:18:17.529+0000] {processor.py:826} INFO - Processing file /home/vscode/.local/lib/python3.10/site-packages/airflow/example_dags/example_xcom.py for tasks to queue
[2026-09-17T01:18:17.530+0000] {logging_mixin.py:150} INFO - [2026-09-17T01:18:17.530+0000] {dagbag.py:541} INFO - Filling up the DagBag from /home/vscode/.local/lib/python3.10/site-packages/airflow/example_dags/example_xcom.py
[2026-09-17T01:18:17.536+0000] {processor.py:836} INFO - DAG(s) dict_keys(['example_xcom']) retrieved from /home/vscode/.local/lib/python3.10/site-packages/airflow/example_dags/example_xcom.py
[2026-09-17T01:18:17.550+0000] {logging_mixin.py:150} INFO - [2026-09-17T01:18:17.550+0000] {dag.py:2742} INFO - Sync 1 DAGs
[2026-09-17T01:18:17.567+0000] {logging_mixin.py:150} INFO - [2026-09-17T01:18:17.567+0000] {dag.py:3504} INFO - Setting next_dagrun for example_xcom to 2021-01-01T00:00:00+00:00, run_after=2021-01-01T00:00:00+00:00
[2026-09-17T01:18:17.587+0000] {processor.py:179} INFO - Processing /home/vscode/.local/lib/python3.10/site-packages/airflow/example_dags/example_xcom.py took 0.059 seconds
[2026-09-17T01:18:23.628+0000] {processor.py:157} INFO - Started process (PID=34476) to work on /home/vscode/.local/lib/python3.10/site-packages/airflow/example_dags/example_xcom.py
[2026-09-17T01:18:23.629+0000] {processor.py:826} INFO - Processing file /home/vscode/.local/lib/python3.10/site-packages/airflow/example_dags/example_xcom.py for tasks to queue
[2026-09-17T01:18:23.630+0000] {logging_mixin.py:150} INFO - [2026-09-17T01:18:23.629+0000] {dagbag.py:541} INFO - Filling up the DagBag from /home/vscode/.local/lib/python3.10/site-packages/airflow/example_dags/example_xcom.py
[2026-09-17T01:18:23.636+0000] {processor.py:836} INFO - DAG(s) dict_keys(['example_xcom']) retrieved from /home/vscode/.local/lib/python3.10/site-packages/airflow/example_dags/example_xcom.py
[2026-09-17T01:18:23.649+0000] {logging_mixin.py:150} INFO - [2026-09-17T01:18:23.649+0000] {dag.py:2742} INFO - Sync 1 DAGs
[2026-09-17T01:18:23.663+0000] {logging_mixin.py:150} INFO - [2026-09-17T01:18:23.663+0000] {dag.py:3504} INFO - Setting next_dagrun for example_xcom to 2021-01-01T00:00:00+00:00, run_after=2021-01-01T00:00:00+00:00
[2026-09-17T01:18:23.678+0000] {processor.py:179} INFO - Processing /home/vscode/.local/lib/python3.10/site-packages/airflow/example_dags/example_xcom.py took 0.053 seconds
[2026-09-17T01:19:03.017+0000] {processor.py:157} INFO - Started process (PID=34806) to work on /home/vscode/.local/lib/python3.10/site-packages/airflow/example_dags/example_xcom.py
[2026-09-17T01:19:03.017+0000] {processor.py:826} INFO - Processing file /home/vscode/.local/lib/python3.10/site-packages/airflow/example_dags/example_xcom.py for tasks to queue
[2026-09-17T01:19:03.018+0000] {logging_mixin.py:150} INFO - [2026-09-17T01:19:03.018+0000] {dagbag.py:541} INFO - Filling up the DagBag from /home/vscode/.local/lib/python3.10/site-packages/airflow/example_dags/example_xcom.py
[2026-09-17T01:19:03.024+0000] {processor.py:836} INFO - DAG(s) dict_keys(['example_xcom']) retrieved from /home/vscode/.local/lib/python3.10/site-packages/airflow/example_dags/example_xcom.py
[2026-09-17T01:19:03.039+0000] {logging_mixin.py:150} INFO - [2026-09-17T01:19:03.039+0000] {dag.py:2742} INFO - Sync 1 DAGs
[2026-09-17T01:19:03.054+0000] {logging_mixin.py:150} INFO - [2026-09-17T01:19:03.054+0000] {dag.py:3504} INFO - Setting next_dagrun for example_xcom to 2021-01-01T00:00:00+00:00, run_after=2021-01-01T00:00:00+00:00
[2026-09-17T01:19:03.071+0000] {processor.py:179} INFO - Processing /home/vscode/.local/lib/python3.10/site-packages/airflow/example_dags/example_xcom.py took 0.057 seconds
[2026-09-17T01:19:10.953+0000] {processor.py:157} INFO - Started process (PID=34877) to work on /home/vscode/.local/lib/python3.10/site-packages/airflow/example_dags/example_xcom.py
[2026-09-17T01:19:10.954+0000] {processor.py:826} INFO - Processing file /home/vscode/.local/lib/python3.10/site-packages/airflow/example_dags/example_xcom.py for tasks to queue
[2026-09-17T01:19:10.955+0000] {logging_mixin.py:150} INFO - [2026-09-17T01:19:10.954+0000] {dagbag.py:541} INFO - Filling up the DagBag from /home/vscode/.local/lib/python3.10/site-packages/airflow/example_dags/example_xcom.py
[2026-09-17T01:19:10.961+0000] {processor.py:836} INFO - DAG(s) dict_keys(['example_xcom']) retrieved from /home/vscode/.local/lib/python3.10/site-packages/airflow/example_dags/example_xcom.py
[2026-09-17T01:19:10.975+0000] {logging_mixin.py:150} INFO - [2026-09-17T01:19:10.975+0000] {dag.py:2742} INFO - Sync 1 DAGs
[2026-09-17T01:19:10.990+0000] {logging_mixin.py:150} INFO - [2026-09-17T01:19:10.989+0000] {dag.py:3504} INFO - Setting next_dagrun for example_xcom to 2021-01-01T00:00:00+00:00, run_after=2021-01-01T00:00:00+00:00
[2026-09-17T01:19:11.010+0000] {processor.py:179} INFO - Processing /home/vscode/.local/lib/python3.10/site-packages/airflow/example_dags/example_xcom.py took 0.059 seconds
[2026-09-17T01:19:37.358+0000] {processor.py:157} INFO - Started process (PID=35066) to work on /home/vscode/.local/lib/python3.10/site-packages/airflow/example_dags/example_xcom.py
[2026-09-17T01:19:37.359+0000] {processor.py:826} INFO - Processing file /home/vscode/.local/lib/python3.10/site-packages/airflow/example_dags/example_xcom.py for tasks to queue
[2026-09-17T01:19:37.359+0000] {logging_mixin.py:150} INFO - [2026-09-17T01:19:37.359+0000] {dagbag.py:541} INFO - Filling up the DagBag from /home/vscode/.local/lib/python3.10/site-packages/airflow/example_dags/example_xcom.py
[2026-09-17T01:19:37.365+0000] {processor.py:836} INFO - DAG(s) dict_keys(['example_xcom']) retrieved from /home/vscode/.local/lib/python3.10/site-packages/airflow/example_dags/example_xcom.py
[2026-09-17T01:19:37.379+0000] {logging_mixin.py:150} INFO - [2026-09-17T01:19:37.379+0000] {dag.py:2742} INFO - Sync 1 DAGs
[2026-09-17T01:19:37.395+0000] {logging_mixin.py:150} INFO - [2026-09-17T01:19:37.395+0000] {dag.py:3504} INFO - Setting next_dagrun for example_xcom to 2021-01-01T00:00:00+00:00, run_after=2021-01-01T00:00:00+00:00
[2026-09-17T01:19:37.412+0000] {processor.py:179} INFO - Processing /home/vscode/.local/lib/python3.10/site-packages/airflow/example_dags/example_xcom.py took 0.057 seconds
[2026-09-17T01:19:59.802+0000] {processor.py:157} INFO - Started process (PID=35322) to work on /home/vscode/.local/lib/python3.10/site-packages/airflow/example_dags/example_xcom.py
[2026-09-17T01:19:59.803+0000] {processor.py:826} INFO - Processing file /home/vscode/.local/lib/python3.10/site-packages/airflow/example_dags/example_xcom.py for tasks to queue
[2026-09-17T01:19:59.803+0000] {logging_mixin.py:150} INFO - [2026-09-17T01:19:59.803+0000] {dagbag.py:541} INFO - Filling up the DagBag from /home/vscode/.local/lib/python3.10/site-packages/airflow/example_dags/example_xcom.py
[2026-09-17T01:19:59.811+0000] {processor.py:836} INFO - DAG(s) dict_keys(['example_xcom']) retrieved from /home/vscode/.local/lib/python3.10/site-packages/airflow/example_dags/example_xcom.py
[2026-09-17T01:19:59.826+0000] {logging_mixin.py:150} INFO - [2026-09-17T01:19:59.826+0000] {dag.py:2742} INFO - Sync 1 DAGs
[2026-09-17T01:19:59.841+0000] {logging_mixin.py:150} INFO - [2026-09-17T01:19:59.841+0000] {dag.py:3504} INFO - Setting next_dagrun for example_xcom to 2021-01-01T00:00:00+00:00, run_after=2021-01-01T00:00:00+00:00
[2026-09-17T01:19:59.858+0000] {processor.py:179} INFO - Processing /home/vscode/.local/lib/python3.10/site-packages/airflow/example_dags/example_xcom.py took 0.058 seconds
[2026-09-17T01:20:23.981+0000] {processor.py:157} INFO - Started process (PID=35517) to work on /home/vscode/.local/lib/python3.10/site-packages/airflow/example_dags/example_xcom.py
[2026-09-17T01:20:23.982+0000] {processor.py:826} INFO - Processing file /home/vscode/.local/lib/python3.10/site-packages/airflow/example_dags/example_xcom.py for tasks to queue
[2026-09-17T01:20:23.983+0000] {logging_mixin.py:150} INFO - [2026-09-17T01:20:23.982+0000] {dagbag.py:541} INFO - Filling up the DagBag from /home/vscode/.local/lib/python3.10/site-packages/airflow/example_dags/example_xcom.py
[2026-09-17T01:20:23.992+0000] {processor.py:836} INFO - DAG(s) dict_keys(['example_xcom']) retrieved from /home/vscode/.local/lib/python3.10/site-packages/airflow/example_dags/example_xcom.py
[2026-09-17T01:20:24.009+0000] {logging_mixin.py:150} INFO - [2026-09-17T01:20:24.009+0000] {dag.py:2742} INFO - Sync 1 DAGs
[2026-09-17T01:20:24.033+0000] {logging_mixin.py:150} INFO - [2026-09-17T01:20:24.033+0000] {dag.py:3504} INFO - Setting next_dagrun for example_xcom to 2021-01-01T00:00:00+00:00, run_after=2021-01-01T00:00:00+00:00
[2026-09-17T01:20:24.052+0000] {processor.py:179} INFO - Processing /home/vscode/.local/lib/python3.10/site-packages/airflow/example_dags/example_xcom.py took 0.074 seconds
[2026-09-17T01:20:47.904+0000] {processor.py:157} INFO - Started process (PID=35740) to work on /home/vscode/.local/lib/python3.10/site-packages/airflow/example_dags/example_xcom.py
[2026-09-17T01:20:47.905+0000] {processor.py:826} INFO - Processing file /home/vscode/.local/lib/python3.10/site-packages/airflow/example_dags/example_xcom.py for tasks to queue
[2026-09-17T01:20:47.906+0000] {logging_mixin.py:150} INFO - [2026-09-17T01:20:47.906+0000] {dagbag.py:541} INFO - Filling up the DagBag from /home/vscode/.local/lib/python3.10/site-packages/airflow/example_dags/example_xcom.py
[2026-09-17T01:20:47.917+0000] {processor.py:836} INFO - DAG(s) dict_keys(['example_xcom']) retrieved from /home/vscode/.local/lib/python3.10/site-packages/airflow/example_dags/example_xcom.py
[2026-09-17T01:20:47.946+0000] {logging_mixin.py:150} INFO - [2026-09-17T01:20:47.946+0000] {dag.py:2742} INFO - Sync 1 DAGs
[2026-09-17T01:20:47.976+0000] {logging_mixin.py:150} INFO - [2026-09-17T01:20:47.976+0000] {dag.py:3504} INFO - Setting next_dagrun for example_xcom to 2021-01-01T00:00:00+00:00, run_after=2021-01-01T00:00:00+00:00
[2026-09-17T01:20:48.025+0000] {processor.py:179} INFO - Processing /home/vscode/.local/lib/python3.10/site-packages/airflow/example_dags/example_xcom.py took 0.124 seconds
[2026-09-17T01:21:13.173+0000] {processor.py:157} INFO - Started process (PID=36175) to work on /home/vscode/.local/lib/python3.10/site-packages/airflow/example_dags/example_xcom.py
[2026-09-17T01:21:13.174+0000] {processor.py:826} INFO - Processing file /home/vscode/.local/lib/python3.10/site-packages/airflow/example_dags/example_xcom.py for tasks to queue
[2026-09-17T01:21:13.175+0000] {logging_mixin.py:150} INFO - [2026-09-17T01:21:13.174+0000] {dagbag.py:541} INFO - Filling up the DagBag from /home/vscode/.local/lib/python3.10/site-packages/airflow/example_dags/example_xcom.py
[2026-09-17T01:21:13.180+0000] {processor.py:836} INFO - DAG(s) dict_keys(['example_xcom']) retrieved from /home/vscode/.local/lib/python3.10/site-packages/airflow/example_dags/example_xcom.py
[2026-09-17T01:21:13.205+0000] {logging_mixin.py:150} INFO - [2026-09-17T01:21:13.205+0000] {dag.py:2742} INFO - Sync 1 DAGs
[2026-09-17T01:21:13.232+0000] {logging_mixin.py:150} INFO - [2026-09-17T01:21:13.231+0000] {dag.py:3504} INFO - Setting next_dagrun for example_xcom to 2021-01-01T00:00:00+00:00, run_after=2021-01-01T00:00:00+00:00
[2026-09-17T01:21:13.251+0000] {processor.py:179} INFO - Processing /home/vscode/.local/lib/python3.10/site-packages/airflow/example_dags/example_xcom.py took 0.080 seconds
[2026-09-17T01:21:35.301+0000] {processor.py:157} INFO - Started process (PID=36347) to work on /home/vscode/.local/lib/python3.10/site-packages/airflow/example_dags/example_xcom.py
[2026-09-17T01:21:35.302+0000] {processor.py:826} INFO - Processing file /home/vscode/.local/lib/python3.10/site-packages/airflow/example_dags/example_xcom.py for tasks to queue
[2026-09-17T01:21:35.303+0000] {logging_mixin.py:150} INFO - [2026-09-17T01:21:35.302+0000] {dagbag.py:541} INFO - Filling up the DagBag from /home/vscode/.local/lib/python3.10/site-packages/airflow/example_dags/example_xcom.py
[2026-09-17T01:21:35.310+0000] {processor.py:836} INFO - DAG(s) dict_keys(['example_xcom']) retrieved from /home/vscode/.local/lib/python3.10/site-packages/airflow/example_dags/example_xcom.py
[2026-09-17T01:21:35.326+0000] {logging_mixin.py:150} INFO - [2026-09-17T01:21:35.326+0000] {dag.py:2742} INFO - Sync 1 DAGs
[2026-09-17T01:21:35.341+0000] {logging_mixin.py:150} INFO - [2026-09-17T01:21:35.341+0000] {dag.py:3504} INFO - Setting next_dagrun for example_xcom to 2021-01-01T00:00:00+00:00, run_after=2021-01-01T00:00:00+00:00
[2026-09-17T01:21:35.357+0000] {processor.py:179} INFO - Processing /home/vscode/.local/lib/python3.10/site-packages/airflow/example_dags/example_xcom.py took 0.059 seconds
[2026-09-17T01:21:46.562+0000] {processor.py:157} INFO - Started process (PID=36579) to work on /home/vscode/.local/lib/python3.10/site-packages/airflow/example_dags/example_xcom.py
[2026-09-17T01:21:46.563+0000] {processor.py:826} INFO - Processing file /home/vscode/.local/lib/python3.10/site-packages/airflow/example_dags/example_xcom.py for tasks to queue
[2026-09-17T01:21:46.563+0000] {logging_mixin.py:150} INFO - [2026-09-17T01:21:46.563+0000] {dagbag.py:541} INFO - Filling up the DagBag from /home/vscode/.local/lib/python3.10/site-packages/airflow/example_dags/example_xcom.py
[2026-09-17T01:21:46.569+0000] {processor.py:836} INFO - DAG(s) dict_keys(['example_xcom']) retrieved from /home/vscode/.local/lib/python3.10/site-packages/airflow/example_dags/example_xcom.py
[2026-09-17T01:21:46.583+0000] {logging_mixin.py:150} INFO - [2026-09-17T01:21:46.583+0000] {dag.py:2742} INFO - Sync 1 DAGs
[2026-09-17T01:21:46.601+0000] {logging_mixin.py:150} INFO - [2026-09-17T01:21:46.600+0000] {dag.py:3504} INFO - Setting next_dagrun for example_xcom to 2021-01-01T00:00:00+00:00, run_after=2021-01-01T00:00:00+00:00
[2026-09-17T01:21:46.619+0000] {processor.py:179} INFO - Processing /home/vscode/.local/lib/python3.10/site-packages/airflow/example_dags/example_xcom.py took 0.059 seconds
[2026-09-17T01:22:09.186+0000] {processor.py:157} INFO - Started process (PID=36837) to work on /home/vscode/.local/lib/python3.10/site-packages/airflow/example_dags/example_xcom.py
[2026-09-17T01:22:09.186+0000] {processor.py:826} INFO - Processing file /home/vscode/.local/lib/python3.10/site-packages/airflow/example_dags/example_xcom.py for tasks to queue
[2026-09-17T01:22:09.187+0000] {logging_mixin.py:150} INFO - [2026-09-17T01:22:09.187+0000] {dagbag.py:541} INFO - Filling up the DagBag from /home/vscode/.local/lib/python3.10/site-packages/airflow/example_dags/example_xcom.py
[2026-09-17T01:22:09.193+0000] {processor.py:836} INFO - DAG(s) dict_keys(['example_xcom']) retrieved from /home/vscode/.local/lib/python3.10/site-packages/airflow/example_dags/example_xcom.py
[2026-09-17T01:22:09.209+0000] {logging_mixin.py:150} INFO - [2026-09-17T01:22:09.209+0000] {dag.py:2742} INFO - Sync 1 DAGs
[2026-09-17T01:22:09.231+0000] {logging_mixin.py:150} INFO - [2026-09-17T01:22:09.231+0000] {dag.py:3504} INFO - Setting next_dagrun for example_xcom to 2021-01-01T00:00:00+00:00, run_after=2021-01-01T00:00:00+00:00
[2026-09-17T01:22:09.266+0000] {processor.py:179} INFO - Processing /home/vscode/.local/lib/python3.10/site-packages/airflow/example_dags/example_xcom.py took 0.083 seconds
[2026-09-17T01:22:22.154+0000] {processor.py:157} INFO - Started process (PID=37098) to work on /home/vscode/.local/lib/python3.10/site-packages/airflow/example_dags/example_xcom.py
[2026-09-17T01:22:22.155+0000] {processor.py:826} INFO - Processing file /home/vscode/.local/lib/python3.10/site-packages/airflow/example_dags/example_xcom.py for tasks to queue
[2026-09-17T01:22:22.156+0000] {logging_mixin.py:150} INFO - [2026-09-17T01:22:22.155+0000] {dagbag.py:541} INFO - Filling up the DagBag from /home/vscode/.local/lib/python3.10/site-packages/airflow/example_dags/example_xcom.py
[2026-09-17T01:22:22.162+0000] {processor.py:836} INFO - DAG(s) dict_keys(['example_xcom']) retrieved from /home/vscode/.local/lib/python3.10/site-packages/airflow/example_dags/example_xcom.py
[2026-09-17T01:22:22.176+0000] {logging_mixin.py:150} INFO - [2026-09-17T01:22:22.176+0000] {dag.py:2742} INFO - Sync 1 DAGs
[2026-09-17T01:22:22.195+0000] {logging_mixin.py:150} INFO - [2026-09-17T01:22:22.195+0000] {dag.py:3504} INFO - Setting next_dagrun for example_xcom to 2021-01-01T00:00:00+00:00, run_after=2021-01-01T00:00:00+00:00
[2026-09-17T01:22:22.214+0000] {processor.py:179} INFO - Processing /home/vscode/.local/lib/python3.10/site-packages/airflow/example_dags/example_xcom.py took 0.063 seconds
[2026-09-17T01:22:54.185+0000] {processor.py:157} INFO - Started process (PID=37347) to work on /home/vscode/.local/lib/python3.10/site-packages/airflow/example_dags/example_xcom.py
[2026-09-17T01:22:54.186+0000] {processor.py:826} INFO - Processing file /home/vscode/.local/lib/python3.10/site-packages/airflow/example_dags/example_xcom.py for tasks to queue
[2026-09-17T01:22:54.186+0000] {logging_mixin.py:150} INFO - [2026-09-17T01:22:54.186+0000] {dagbag.py:541} INFO - Filling up the DagBag from /home/vscode/.local/lib/python3.10/site-packages/airflow/example_dags/example_xcom.py
[2026-09-17T01:22:54.194+0000] {processor.py:836} INFO - DAG(s) dict_keys(['example_xcom']) retrieved from /home/vscode/.local/lib/python3.10/site-packages/airflow/example_dags/example_xcom.py
[2026-09-17T01:22:54.209+0000] {logging_mixin.py:150} INFO - [2026-09-17T01:22:54.209+0000] {dag.py:2742} INFO - Sync 1 DAGs
[2026-09-17T01:22:54.225+0000] {logging_mixin.py:150} INFO - [2026-09-17T01:22:54.225+0000] {dag.py:3504} INFO - Setting next_dagrun for example_xcom to 2021-01-01T00:00:00+00:00, run_after=2021-01-01T00:00:00+00:00
[2026-09-17T01:22:54.242+0000] {processor.py:179} INFO - Processing /home/vscode/.local/lib/python3.10/site-packages/airflow/example_dags/example_xcom.py took 0.060 seconds
[2026-09-17T01:23:07.046+0000] {processor.py:157} INFO - Started process (PID=37452) to work on /home/vscode/.local/lib/python3.10/site-packages/airflow/example_dags/example_xcom.py
[2026-09-17T01:23:07.047+0000] {processor.py:826} INFO - Processing file /home/vscode/.local/lib/python3.10/site-packages/airflow/example_dags/example_xcom.py for tasks to queue
[2026-09-17T01:23:07.047+0000] {logging_mixin.py:150} INFO - [2026-09-17T01:23:07.047+0000] {dagbag.py:541} INFO - Filling up the DagBag from /home/vscode/.local/lib/python3.10/site-packages/airflow/example_dags/example_xcom.py
[2026-09-17T01:23:07.053+0000] {processor.py:836} INFO - DAG(s) dict_keys(['example_xcom']) retrieved from /home/vscode/.local/lib/python3.10/site-packages/airflow/example_dags/example_xcom.py
[2026-09-17T01:23:07.068+0000] {logging_mixin.py:150} INFO - [2026-09-17T01:23:07.068+0000] {dag.py:2742} INFO - Sync 1 DAGs
[2026-09-17T01:23:07.086+0000] {logging_mixin.py:150} INFO - [2026-09-17T01:23:07.086+0000] {dag.py:3504} INFO - Setting next_dagrun for example_xcom to 2021-01-01T00:00:00+00:00, run_after=2021-01-01T00:00:00+00:00
[2026-09-17T01:23:07.102+0000] {processor.py:179} INFO - Processing /home/vscode/.local/lib/python3.10/site-packages/airflow/example_dags/example_xcom.py took 0.058 seconds
[2026-09-17T01:23:28.219+0000] {processor.py:157} INFO - Started process (PID=37690) to work on /home/vscode/.local/lib/python3.10/site-packages/airflow/example_dags/example_xcom.py
[2026-09-17T01:23:28.220+0000] {processor.py:826} INFO - Processing file /home/vscode/.local/lib/python3.10/site-packages/airflow/example_dags/example_xcom.py for tasks to queue
[2026-09-17T01:23:28.221+0000] {logging_mixin.py:150} INFO - [2026-09-17T01:23:28.221+0000] {dagbag.py:541} INFO - Filling up the DagBag from /home/vscode/.local/lib/python3.10/site-packages/airflow/example_dags/example_xcom.py
[2026-09-17T01:23:28.230+0000] {processor.py:836} INFO - DAG(s) dict_keys(['example_xcom']) retrieved from /home/vscode/.local/lib/python3.10/site-packages/airflow/example_dags/example_xcom.py
[2026-09-17T01:23:28.247+0000] {logging_mixin.py:150} INFO - [2026-09-17T01:23:28.247+0000] {dag.py:2742} INFO - Sync 1 DAGs
[2026-09-17T01:23:28.263+0000] {logging_mixin.py:150} INFO - [2026-09-17T01:23:28.263+0000] {dag.py:3504} INFO - Setting next_dagrun for example_xcom to 2021-01-01T00:00:00+00:00, run_after=2021-01-01T00:00:00+00:00
[2026-09-17T01:23:28.279+0000] {processor.py:179} INFO - Processing /home/vscode/.local/lib/python3.10/site-packages/airflow/example_dags/example_xcom.py took 0.063 seconds
[2026-09-17T01:23:43.582+0000] {processor.py:157} INFO - Started process (PID=37812) to work on /home/vscode/.local/lib/python3.10/site-packages/airflow/example_dags/example_xcom.py
[2026-09-17T01:23:43.583+0000] {processor.py:826} INFO - Processing file /home/vscode/.local/lib/python3.10/site-packages/airflow/example_dags/example_xcom.py for tasks to queue
[2026-09-17T01:23:43.584+0000] {logging_mixin.py:150} INFO - [2026-09-17T01:23:43.584+0000] {dagbag.py:541} INFO - Filling up the DagBag from /home/vscode/.local/lib/python3.10/site-packages/airflow/example_dags/example_xcom.py
[2026-09-17T01:23:43.592+0000] {processor.py:836} INFO - DAG(s) dict_keys(['example_xcom']) retrieved from /home/vscode/.local/lib/python3.10/site-packages/airflow/example_dags/example_xcom.py
[2026-09-17T01:23:43.606+0000] {logging_mixin.py:150} INFO - [2026-09-17T01:23:43.606+0000] {dag.py:2742} INFO - Sync 1 DAGs
[2026-09-17T01:23:43.621+0000] {logging_mixin.py:150} INFO - [2026-09-17T01:23:43.621+0000] {dag.py:3504} INFO - Setting next_dagrun for example_xcom to 2021-01-01T00:00:00+00:00, run_after=2021-01-01T00:00:00+00:00
[2026-09-17T01:23:43.645+0000] {processor.py:179} INFO - Processing /home/vscode/.local/lib/python3.10/site-packages/airflow/example_dags/example_xcom.py took 0.065 seconds
[2026-09-17T01:24:03.076+0000] {processor.py:157} INFO - Started process (PID=37963) to work on /home/vscode/.local/lib/python3.10/site-packages/airflow/example_dags/example_xcom.py
[2026-09-17T01:24:03.077+0000] {processor.py:826} INFO - Processing file /home/vscode/.local/lib/python3.10/site-packages/airflow/example_dags/example_xcom.py for tasks to queue
[2026-09-17T01:24:03.078+0000] {logging_mixin.py:150} INFO - [2026-09-17T01:24:03.078+0000] {dagbag.py:541} INFO - Filling up the DagBag from /home/vscode/.local/lib/python3.10/site-packages/airflow/example_dags/example_xcom.py
[2026-09-17T01:24:03.085+0000] {processor.py:836} INFO - DAG(s) dict_keys(['example_xcom']) retrieved from /home/vscode/.local/lib/python3.10/site-packages/airflow/example_dags/example_xcom.py
[2026-09-17T01:24:03.100+0000] {logging_mixin.py:150} INFO - [2026-09-17T01:24:03.100+0000] {dag.py:2742} INFO - Sync 1 DAGs
[2026-09-17T01:24:03.114+0000] {logging_mixin.py:150} INFO - [2026-09-17T01:24:03.114+0000] {dag.py:3504} INFO - Setting next_dagrun for example_xcom to 2021-01-01T00:00:00+00:00, run_after=2021-01-01T00:00:00+00:00
[2026-09-17T01:24:03.134+0000] {processor.py:179} INFO - Processing /home/vscode/.local/lib/python3.10/site-packages/airflow/example_dags/example_xcom.py took 0.060 seconds
[2026-09-17T01:24:31.993+0000] {processor.py:157} INFO - Started process (PID=38501) to work on /home/vscode/.local/lib/python3.10/site-packages/airflow/example_dags/example_xcom.py
[2026-09-17T01:24:31.994+0000] {processor.py:826} INFO - Processing file /home/vscode/.local/lib/python3.10/site-packages/airflow/example_dags/example_xcom.py for tasks to queue
[2026-09-17T01:24:31.995+0000] {logging_mixin.py:150} INFO - [2026-09-17T01:24:31.994+0000] {dagbag.py:541} INFO - Filling up the DagBag from /home/vscode/.local/lib/python3.10/site-packages/airflow/example_dags/example_xcom.py
[2026-09-17T01:24:32.003+0000] {processor.py:836} INFO - DAG(s) dict_keys(['example_xcom']) retrieved from /home/vscode/.local/lib/python3.10/site-packages/airflow/example_dags/example_xcom.py
[2026-09-17T01:24:32.016+0000] {logging_mixin.py:150} INFO - [2026-09-17T01:24:32.016+0000] {dag.py:2742} INFO - Sync 1 DAGs
[2026-09-17T01:24:32.036+0000] {logging_mixin.py:150} INFO - [2026-09-17T01:24:32.036+0000] {dag.py:3504} INFO - Setting next_dagrun for example_xcom to 2021-01-01T00:00:00+00:00, run_after=2021-01-01T00:00:00+00:00
[2026-09-17T01:24:32.064+0000] {processor.py:179} INFO - Processing /home/vscode/.local/lib/python3.10/site-packages/airflow/example_dags/example_xcom.py took 0.074 seconds
