[2026-09-17T00:55:28.248+0000] {processor.py:157} INFO - Started process (PID=21930) to work on /home/vscode/.local/lib/python3.10/site-packages/airflow/example_dags/example_short_circuit_operator.py
[2026-09-17T00:55:28.249+0000] {processor.py:826} INFO - Processing file /home/vscode/.local/lib/python3.10/site-packages/airflow/example_dags/example_short_circuit_operator.py for tasks to queue
[2026-09-17T00:55:28.250+0000] {logging_mixin.py:150} INFO - [2026-09-17T00:55:28.250+0000] {dagbag.py:541} INFO - Filling up the DagBag from /home/vscode/.local/lib/python3.10/site-packages/airflow/example_dags/example_short_circuit_operator.py
[2026-09-17T00:55:28.260+0000] {processor.py:836} INFO - DAG(s) dict_keys(['example_short_circuit_operator']) retrieved from /home/vscode/.local/lib/python3.10/site-packages/airflow/example_dags/example_short_circuit_operator.py
[2026-09-17T00:55:28.376+0000] {logging_mixin.py:150} INFO - [2026-09-17T00:55:28.376+0000] {manager.py:504} INFO - Created Permission View: can delete on DAG:example_short_circuit_operator
[2026-09-17T00:55:28.387+0000] {logging_mixin.py:150} INFO - [2026-09-17T00:55:28.387+0000] {manager.py:504} INFO - Created Permission View: can edit on DAG:example_short_circuit_operator
[2026-09-17T00:55:28.395+0000] {logging_mixin.py:150} INFO - [2026-09-17T00:55:28.395+0000] {manager.py:504} INFO - Created Permission View: can read on DAG:example_short_circuit_operator
[2026-09-17T00:55:28.408+0000] {logging_mixin.py:150} INFO - [2026-09-17T00:55:28.408+0000] {dag.py:2742} INFO - Sync 1 DAGs
[2026-09-17T00:55:28.435+0000] {logging_mixin.py:150} INFO - [2026-09-17T00:55:28.435+0000] {dag.py:2763} INFO - Creating ORM DAG for example_short_circuit_operator
[2026-09-17T00:55:28.459+0000] {logging_mixin.py:150} INFO - [2026-09-17T00:55:28.458+0000] {dag.py:3504} INFO - Setting next_dagrun for example_short_circuit_operator to 2026-09-16T00:55:28.458679+00:00, run_after=2026-09-17T00:55:28.458679+00:00
[2026-09-17T00:55:28.511+0000] {processor.py:179} INFO - Processing /home/vscode/.local/lib/python3.10/site-packages/airflow/example_dags/example_short_circuit_operator.py took 0.266 seconds
[2026-09-17T00:55:59.450+0000] {processor.py:157} INFO - Started process (PID=22292) to work on /home/vscode/.local/lib/python3.10/site-packages/airflow/example_dags/example_short_circuit_operator.py
[2026-09-17T00:55:59.451+0000] {processor.py:826} INFO - Processing file /home/vscode/.local/lib/python3.10/site-packages/airflow/example_dags/example_short_circuit_operator.py for tasks to queue
[2026-09-17T00:55:59.452+0000] {logging_mixin.py:150} INFO - [2026-09-17T00:55:59.451+0000] {dagbag.py:541} INFO - Filling up the DagBag from /home/vscode/.local/lib/python3.10/site-packages/airflow/example_dags/example_short_circuit_operator.py
[2026-09-17T00:55:59.465+0000] {processor.py:836} INFO - DAG(s) dict_keys(['example_short_circuit_operator']) retrieved from /home/vscode/.local/lib/python3.10/site-packages/airflow/example_dags/example_short_circuit_operator.py
[2026-09-17T00:55:59.495+0000] {logging_mixin.py:150} INFO - [2026-09-17T00:55:59.495+0000] {dag.py:2742} INFO - Sync 1 DAGs
[2026-09-17T00:55:59.553+0000] {logging_mixin.py:150} INFO - [2026-09-17T00:55:59.553+0000] {dag.py:3504} INFO - Setting next_dagrun for example_short_circuit_operator to 2026-09-16T00:55:59.553132+00:00, run_after=2026-09-17T00:55:59.553132+00:00
[2026-09-17T00:55:59.588+0000] {processor.py:179} INFO - Processing /home/vscode/.local/lib/python3.10/site-packages/airflow/example_dags/example_short_circuit_operator.py took 0.142 seconds
[2026-09-17T00:56:25.725+0000] {processor.py:157} INFO - Started process (PID=22496) to work on /home/vscode/.local/lib/python3.10/site-packages/airflow/example_dags/example_short_circuit_operator.py
[2026-09-17T00:56:25.729+0000] {processor.py:826} INFO - Processing file /home/vscode/.local/lib/python3.10/site-packages/airflow/example_dags/example_short_circuit_operator.py for tasks to queue
[2026-09-17T00:56:25.730+0000] {logging_mixin.py:150} INFO - [2026-09-17T00:56:25.730+0000] {dagbag.py:541} INFO - Filling up the DagBag from /home/vscode/.local/lib/python3.10/site-packages/airflow/example_dags/example_short_circuit_operator.py
[2026-09-17T00:56:25.754+0000] {processor.py:836} INFO - DAG(s) dict_keys(['example_short_circuit_operator']) retrieved from /home/vscode/.local/lib/python3.10/site-packages/airflow/example_dags/example_short_circuit_operator.py
[2026-09-17T00:56:25.807+0000] {logging_mixin.py:150} INFO - [2026-09-17T00:56:25.807+0000] {dag.py:2742} INFO - Sync 1 DAGs
[2026-09-17T00:56:25.846+0000] {logging_mixin.py:150} INFO - [2026-09-17T00:56:25.846+0000] {dag.py:3504} INFO - Setting next_dagrun for example_short_circuit_operator to 2026-09-16T00:56:25.846111+00:00, run_after=2026-09-17T00:56:25.846111+00:00
[2026-09-17T00:56:25.895+0000] {processor.py:179} INFO - Processing /home/vscode/.local/lib/python3.10/site-packages/airflow/example_dags/example_short_circuit_operator.py took 0.175 seconds
[2026-09-17T00:56:47.778+0000] {processor.py:157} INFO - Started process (PID=22754) to work on /home/vscode/.local/lib/python3.10/site-packages/airflow/example_dags/example_short_circuit_operator.py
[2026-09-17T00:56:47.779+0000] {processor.py:826} INFO - Processing file /home/vscode/.local/lib/python3.10/site-packages/airflow/example_dags/example_short_circuit_operator.py for tasks to queue
[2026-09-17T00:56:47.779+0000] {logging_mixin.py:150} INFO - [2026-09-17T00:56:47.779+0000] {dagbag.py:541} INFO - Filling up the DagBag from /home/vscode/.local/lib/python3.10/site-packages/airflow/example_dags/example_short_circuit_operator.py
[2026-09-17T00:56:47.792+0000] {processor.py:836} INFO - DAG(s) dict_keys(['example_short_circuit_operator']) retrieved from /home/vscode/.local/lib/python3.10/site-packages/airflow/example_dags/example_short_circuit_operator.py
[2026-09-17T00:56:47.814+0000] {logging_mixin.py:150} INFO - [2026-09-17T00:56:47.814+0000] {dag.py:2742} INFO - Sync 1 DAGs
[2026-09-17T00:56:47.837+0000] {logging_mixin.py:150} INFO - [2026-09-17T00:56:47.836+0000] {dag.py:3504} INFO - Setting next_dagrun for example_short_circuit_operator to 2026-09-16T00:56:47.836192+00:00, run_after=2026-09-17T00:56:47.836192+00:00
[2026-09-17T00:56:47.860+0000] {processor.py:179} INFO - Processing /home/vscode/.local/lib/python3.10/site-packages/airflow/example_dags/example_short_circuit_operator.py took 0.086 seconds
[2026-09-17T00:57:14.246+0000] {processor.py:157} INFO - Started process (PID=22951) to work on /home/vscode/.local/lib/python3.10/site-packages/airflow/example_dags/example_short_circuit_operator.py
[2026-09-17T00:57:14.247+0000] {processor.py:826} INFO - Processing file /home/vscode/.local/lib/python3.10/site-packages/airflow/example_dags/example_short_circuit_operator.py for tasks to queue
[2026-09-17T00:57:14.248+0000] {logging_mixin.py:150} INFO - [2026-09-17T00:57:14.247+0000] {dagbag.py:541} INFO - Filling up the DagBag from /home/vscode/.local/lib/python3.10/site-packages/airflow/example_dags/example_short_circuit_operator.py
[2026-09-17T00:57:14.258+0000] {processor.py:836} INFO - DAG(s) dict_keys(['example_short_circuit_operator']) retrieved from /home/vscode/.local/lib/python3.10/site-packages/airflow/example_dags/example_short_circuit_operator.py
[2026-09-17T00:57:14.280+0000] {logging_mixin.py:150} INFO - [2026-09-17T00:57:14.280+0000] {dag.py:2742} INFO - Sync 1 DAGs
[2026-09-17T00:57:14.314+0000] {logging_mixin.py:150} INFO - [2026-09-17T00:57:14.314+0000] {dag.py:3504} INFO - Setting next_dagrun for example_short_circuit_operator to 2026-09-16T00:57:14.314318+00:00, run_after=2026-09-17T00:57:14.314318+00:00
[2026-09-17T00:57:14.366+0000] {processor.py:179} INFO - Processing /home/vscode/.local/lib/python3.10/site-packages/airflow/example_dags/example_short_circuit_operator.py took 0.124 seconds
[2026-09-17T00:57:39.706+0000] {processor.py:157} INFO - Started process (PID=23144) to work on /home/vscode/.local/lib/python3.10/site-packages/airflow/example_dags/example_short_circuit_operator.py
[2026-09-17T00:57:39.706+0000] {processor.py:826} INFO - Processing file /home/vscode/.local/lib/python3.10/site-packages/airflow/example_dags/example_short_circuit_operator.py for tasks to queue
[2026-09-17T00:57:39.707+0000] {logging_mixin.py:150} INFO - [2026-09-17T00:57:39.707+0000] {dagbag.py:541} INFO - Filling up the DagBag from /home/vscode/.local/lib/python3.10/site-packages/airflow/example_dags/example_short_circuit_operator.py
[2026-09-17T00:57:39.713+0000] {processor.py:836} INFO - DAG(s) dict_keys(['example_short_circuit_operator']) retrieved from /home/vscode/.local/lib/python3.10/site-packages/airflow/example_dags/example_short_circuit_operator.py
[2026-09-17T00:57:39.728+0000] {logging_mixin.py:150} INFO - [2026-09-17T00:57:39.727+0000] {dag.py:2742} INFO - Sync 1 DAGs
[2026-09-17T00:57:39.742+0000] {logging_mixin.py:150} INFO - [2026-09-17T00:57:39.742+0000] {dag.py:3504} INFO - Setting next_dagrun for example_short_circuit_operator to 2026-09-16T00:57:39.742272+00:00, run_after=2026-09-17T00:57:39.742272+00:00
[2026-09-17T00:57:39.759+0000] {processor.py:179} INFO - Processing /home/vscode/.local/lib/python3.10/site-packages/airflow/example_dags/example_short_circuit_operator.py took 0.056 seconds
[2026-09-17T00:57:57.014+0000] {processor.py:157} INFO - Started process (PID=23277) to work on /home/vscode/.local/lib/python3.10/site-packages/airflow/example_dags/example_short_circuit_operator.py
[2026-09-17T00:57:57.015+0000] {processor.py:826} INFO - Processing file /home/vscode/.local/lib/python3.10/site-packages/airflow/example_dags/example_short_circuit_operator.py for tasks to queue
[2026-09-17T00:57:57.015+0000] {logging_mixin.py:150} INFO - [2026-09-17T00:57:57.015+0000] {dagbag.py:541} INFO - Filling up the DagBag from /home/vscode/.local/lib/python3.10/site-packages/airflow/example_dags/example_short_circuit_operator.py
[2026-09-17T00:57:57.022+0000] {processor.py:836} INFO - DAG(s) dict_keys(['example_short_circuit_operator']) retrieved from /home/vscode/.local/lib/python3.10/site-packages/airflow/example_dags/example_short_circuit_operator.py
[2026-09-17T00:57:57.036+0000] {logging_mixin.py:150} INFO - [2026-09-17T00:57:57.036+0000] {dag.py:2742} INFO - Sync 1 DAGs
[2026-09-17T00:57:57.051+0000] {logging_mixin.py:150} INFO - [2026-09-17T00:57:57.050+0000] {dag.py:3504} INFO - Setting next_dagrun for example_short_circuit_operator to 2026-09-16T00:57:57.050774+00:00, run_after=2026-09-17T00:57:57.050774+00:00
[2026-09-17T00:57:57.067+0000] {processor.py:179} INFO - Processing /home/vscode/.local/lib/python3.10/site-packages/airflow/example_dags/example_short_circuit_operator.py took 0.055 seconds
[2026-09-17T00:58:29.228+0000] {processor.py:157} INFO - Started process (PID=23620) to work on /home/vscode/.local/lib/python3.10/site-packages/airflow/example_dags/example_short_circuit_operator.py
[2026-09-17T00:58:29.229+0000] {processor.py:826} INFO - Processing file /home/vscode/.local/lib/python3.10/site-packages/airflow/example_dags/example_short_circuit_operator.py for tasks to queue
[2026-09-17T00:58:29.230+0000] {logging_mixin.py:150} INFO - [2026-09-17T00:58:29.229+0000] {dagbag.py:541} INFO - Filling up the DagBag from /home/vscode/.local/lib/python3.10/site-packages/airflow/example_dags/example_short_circuit_operator.py
[2026-09-17T00:58:29.239+0000] {processor.py:836} INFO - DAG(s) dict_keys(['example_short_circuit_operator']) retrieved from /home/vscode/.local/lib/python3.10/site-packages/airflow/example_dags/example_short_circuit_operator.py
[2026-09-17T00:58:29.260+0000] {logging_mixin.py:150} INFO - [2026-09-17T00:58:29.260+0000] {dag.py:2742} INFO - Sync 1 DAGs
[2026-09-17T00:58:29.300+0000] {logging_mixin.py:150} INFO - [2026-09-17T00:58:29.300+0000] {dag.py:3504} INFO - Setting next_dagrun for example_short_circuit_operator to 2026-09-16T00:58:29.300173+00:00, run_after=2026-09-17T00:58:29.300173+00:00
[2026-09-17T00:58:29.333+0000] {processor.py:179} INFO - Processing /home/vscode/.local/lib/python3.10/site-packages/airflow/example_dags/example_short_circuit_operator.py took 0.109 seconds
[2026-09-17T00:58:45.709+0000] {processor.py:157} INFO - Started process (PID=23756) to work on /home/vscode/.local/lib/python3.10/site-packages/airflow/example_dags/example_short_circuit_operator.py
[2026-09-17T00:58:45.709+0000] {processor.py:826} INFO - Processing file /home/vscode/.local/lib/python3.10/site-packages/airflow/example_dags/example_short_circuit_operator.py for tasks to queue
[2026-09-17T00:58:45.710+0000] {logging_mixin.py:150} INFO - [2026-09-17T00:58:45.710+0000] {dagbag.py:541} INFO - Filling up the DagBag from /home/vscode/.local/lib/python3.10/site-packages/airflow/example_dags/example_short_circuit_operator.py
[2026-09-17T00:58:45.717+0000] {processor.py:836} INFO - DAG(s) dict_keys(['example_short_circuit_operator']) retrieved from /home/vscode/.local/lib/python3.10/site-packages/airflow/example_dags/example_short_circuit_operator.py
[2026-09-17T00:58:45.740+0000] {logging_mixin.py:150} INFO - [2026-09-17T00:58:45.739+0000] {dag.py:2742} INFO - Sync 1 DAGs
[2026-09-17T00:58:45.761+0000] {logging_mixin.py:150} INFO - [2026-09-17T00:58:45.761+0000] {dag.py:3504} INFO - Setting next_dagrun for example_short_circuit_operator to 2026-09-16T00:58:45.760980+00:00, run_after=2026-09-17T00:58:45.760980+00:00
[2026-09-17T00:58:45.785+0000] {processor.py:179} INFO - Processing /home/vscode/.local/lib/python3.10/site-packages/airflow/example_dags/example_short_circuit_operator.py took 0.079 seconds
[2026-09-17T00:59:24.227+0000] {processor.py:157} INFO - Started process (PID=24278) to work on /home/vscode/.local/lib/python3.10/site-packages/airflow/example_dags/example_short_circuit_operator.py
[2026-09-17T00:59:24.227+0000] {processor.py:826} INFO - Processing file /home/vscode/.local/lib/python3.10/site-packages/airflow/example_dags/example_short_circuit_operator.py for tasks to queue
[2026-09-17T00:59:24.228+0000] {logging_mixin.py:150} INFO - [2026-09-17T00:59:24.228+0000] {dagbag.py:541} INFO - Filling up the DagBag from /home/vscode/.local/lib/python3.10/site-packages/airflow/example_dags/example_short_circuit_operator.py
[2026-09-17T00:59:24.234+0000] {processor.py:836} INFO - DAG(s) dict_keys(['example_short_circuit_operator']) retrieved from /home/vscode/.local/lib/python3.10/site-packages/airflow/example_dags/example_short_circuit_operator.py
[2026-09-17T00:59:24.251+0000] {logging_mixin.py:150} INFO - [2026-09-17T00:59:24.251+0000] {dag.py:2742} INFO - Sync 1 DAGs
[2026-09-17T00:59:24.271+0000] {logging_mixin.py:150} INFO - [2026-09-17T00:59:24.271+0000] {dag.py:3504} INFO - Setting next_dagrun for example_short_circuit_operator to 2026-09-16T00:59:24.271108+00:00, run_after=2026-09-17T00:59:24.271108+00:00
[2026-09-17T00:59:24.298+0000] {processor.py:179} INFO - Processing /home/vscode/.local/lib/python3.10/site-packages/airflow/example_dags/example_short_circuit_operator.py took 0.074 seconds
[2026-09-17T00:59:35.580+0000] {processor.py:157} INFO - Started process (PID=24413) to work on /home/vscode/.local/lib/python3.10/site-packages/airflow/example_dags/example_short_circuit_operator.py
[2026-09-17T00:59:35.581+0000] {processor.py:826} INFO - Processing file /home/vscode/.local/lib/python3.10/site-packages/airflow/example_dags/example_short_circuit_operator.py for tasks to queue
[2026-09-17T00:59:35.581+0000] {logging_mixin.py:150} INFO - [2026-09-17T00:59:35.581+0000] {dagbag.py:541} INFO - Filling up the DagBag from /home/vscode/.local/lib/python3.10/site-packages/airflow/example_dags/example_short_circuit_operator.py
[2026-09-17T00:59:35.591+0000] {processor.py:836} INFO - DAG(s) dict_keys(['example_short_circuit_operator']) retrieved from /home/vscode/.local/lib/python3.10/site-packages/airflow/example_dags/example_short_circuit_operator.py
[2026-09-17T00:59:35.608+0000] {logging_mixin.py:150} INFO - [2026-09-17T00:59:35.608+0000] {dag.py:2742} INFO - Sync 1 DAGs
[2026-09-17T00:59:35.630+0000] {logging_mixin.py:150} INFO - [2026-09-17T00:59:35.630+0000] {dag.py:3504} INFO - Setting next_dagrun for example_short_circuit_operator to 2026-09-16T00:59:35.630245+00:00, run_after=2026-09-17T00:59:35.630245+00:00
[2026-09-17T00:59:35.652+0000] {processor.py:179} INFO - Processing /home/vscode/.local/lib/python3.10/site-packages/airflow/example_dags/example_short_circuit_operator.py took 0.074 seconds
[2026-09-17T01:00:15.076+0000] {processor.py:157} INFO - Started process (PID=24994) to work on /home/vscode/.local/lib/python3.10/site-packages/airflow/example_dags/example_short_circuit_operator.py
[2026-09-17T01:00:15.077+0000] {processor.py:826} INFO - Processing file /home/vscode/.local/lib/python3.10/site-packages/airflow/example_dags/example_short_circuit_operator.py for tasks to queue
[2026-09-17T01:00:15.080+0000] {logging_mixin.py:150} INFO - [2026-09-17T01:00:15.078+0000] {dagbag.py:541} INFO - Filling up the DagBag from /home/vscode/.local/lib/python3.10/site-packages/airflow/example_dags/example_short_circuit_operator.py
[2026-09-17T01:00:15.098+0000] {processor.py:836} INFO - DAG(s) dict_keys(['example_short_circuit_operator']) retrieved from /home/vscode/.local/lib/python3.10/site-packages/airflow/example_dags/example_short_circuit_operator.py
[2026-09-17T01:00:15.236+0000] {logging_mixin.py:150} INFO - [2026-09-17T01:00:15.236+0000] {dag.py:2742} INFO - Sync 1 DAGs
[2026-09-17T01:00:15.287+0000] {logging_mixin.py:150} INFO - [2026-09-17T01:00:15.286+0000] {dag.py:3504} INFO - Setting next_dagrun for example_short_circuit_operator to 2026-09-16T01:00:15.286569+00:00, run_after=2026-09-17T01:00:15.286569+00:00
[2026-09-17T01:00:15.346+0000] {processor.py:179} INFO - Processing /home/vscode/.local/lib/python3.10/site-packages/airflow/example_dags/example_short_circuit_operator.py took 0.274 seconds
[2026-09-17T01:00:28.218+0000] {processor.py:157} INFO - Started process (PID=25218) to work on /home/vscode/.local/lib/python3.10/site-packages/airflow/example_dags/example_short_circuit_operator.py
[2026-09-17T01:00:28.219+0000] {processor.py:826} INFO - Processing file /home/vscode/.local/lib/python3.10/site-packages/airflow/example_dags/example_short_circuit_operator.py for tasks to queue
[2026-09-17T01:00:28.220+0000] {logging_mixin.py:150} INFO - [2026-09-17T01:00:28.220+0000] {dagbag.py:541} INFO - Filling up the DagBag from /home/vscode/.local/lib/python3.10/site-packages/airflow/example_dags/example_short_circuit_operator.py
[2026-09-17T01:00:28.229+0000] {processor.py:836} INFO - DAG(s) dict_keys(['example_short_circuit_operator']) retrieved from /home/vscode/.local/lib/python3.10/site-packages/airflow/example_dags/example_short_circuit_operator.py
[2026-09-17T01:00:28.251+0000] {logging_mixin.py:150} INFO - [2026-09-17T01:00:28.251+0000] {dag.py:2742} INFO - Sync 1 DAGs
[2026-09-17T01:00:28.270+0000] {logging_mixin.py:150} INFO - [2026-09-17T01:00:28.270+0000] {dag.py:3504} INFO - Setting next_dagrun for example_short_circuit_operator to 2026-09-16T01:00:28.270687+00:00, run_after=2026-09-17T01:00:28.270687+00:00
[2026-09-17T01:00:28.303+0000] {processor.py:179} INFO - Processing /home/vscode/.local/lib/python3.10/site-packages/airflow/example_dags/example_short_circuit_operator.py took 0.088 seconds
[2026-09-17T01:01:05.498+0000] {processor.py:157} INFO - Started process (PID=25550) to work on /home/vscode/.local/lib/python3.10/site-packages/airflow/example_dags/example_short_circuit_operator.py
[2026-09-17T01:01:05.499+0000] {processor.py:826} INFO - Processing file /home/vscode/.local/lib/python3.10/site-packages/airflow/example_dags/example_short_circuit_operator.py for tasks to queue
[2026-09-17T01:01:05.500+0000] {logging_mixin.py:150} INFO - [2026-09-17T01:01:05.500+0000] {dagbag.py:541} INFO - Filling up the DagBag from /home/vscode/.local/lib/python3.10/site-packages/airflow/example_dags/example_short_circuit_operator.py
[2026-09-17T01:01:05.510+0000] {processor.py:836} INFO - DAG(s) dict_keys(['example_short_circuit_operator']) retrieved from /home/vscode/.local/lib/python3.10/site-packages/airflow/example_dags/example_short_circuit_operator.py
[2026-09-17T01:01:05.533+0000] {logging_mixin.py:150} INFO - [2026-09-17T01:01:05.533+0000] {dag.py:2742} INFO - Sync 1 DAGs
[2026-09-17T01:01:05.556+0000] {logging_mixin.py:150} INFO - [2026-09-17T01:01:05.555+0000] {dag.py:3504} INFO - Setting next_dagrun for example_short_circuit_operator to 2026-09-16T01:01:05.555609+00:00, run_after=2026-09-17T01:01:05.555609+00:00
[2026-09-17T01:01:05.587+0000] {processor.py:179} INFO - Processing /home/vscode/.local/lib/python3.10/site-packages/airflow/example_dags/example_short_circuit_operator.py took 0.093 seconds
[2026-09-17T01:01:20.852+0000] {processor.py:157} INFO - Started process (PID=25680) to work on /home/vscode/.local/lib/python3.10/site-packages/airflow/example_dags/example_short_circuit_operator.py
[2026-09-17T01:01:20.852+0000] {processor.py:826} INFO - Processing file /home/vscode/.local/lib/python3.10/site-packages/airflow/example_dags/example_short_circuit_operator.py for tasks to queue
[2026-09-17T01:01:20.853+0000] {logging_mixin.py:150} INFO - [2026-09-17T01:01:20.853+0000] {dagbag.py:541} INFO - Filling up the DagBag from /home/vscode/.local/lib/python3.10/site-packages/airflow/example_dags/example_short_circuit_operator.py
[2026-09-17T01:01:20.863+0000] {processor.py:836} INFO - DAG(s) dict_keys(['example_short_circuit_operator']) retrieved from /home/vscode/.local/lib/python3.10/site-packages/airflow/example_dags/example_short_circuit_operator.py
[2026-09-17T01:01:20.879+0000] {logging_mixin.py:150} INFO - [2026-09-17T01:01:20.879+0000] {dag.py:2742} INFO - Sync 1 DAGs
[2026-09-17T01:01:20.894+0000] {logging_mixin.py:150} INFO - [2026-09-17T01:01:20.894+0000] {dag.py:3504} INFO - Setting next_dagrun for example_short_circuit_operator to 2026-09-16T01:01:20.893955+00:00, run_after=2026-09-17T01:01:20.893955+00:00
[2026-09-17T01:01:20.918+0000] {processor.py:179} INFO - Processing /home/vscode/.local/lib/python3.10/site-packages/airflow/example_dags/example_short_circuit_operator.py took 0.070 seconds
[2026-09-17T01:01:53.034+0000] {processor.py:157} INFO - Started process (PID=25945) to work on /home/vscode/.local/lib/python3.10/site-packages/airflow/example_dags/example_short_circuit_operator.py
[2026-09-17T01:01:53.035+0000] {processor.py:826} INFO - Processing file /home/vscode/.local/lib/python3.10/site-packages/airflow/example_dags/example_short_circuit_operator.py for tasks to queue
[2026-09-17T01:01:53.035+0000] {logging_mixin.py:150} INFO - [2026-09-17T01:01:53.035+0000] {dagbag.py:541} INFO - Filling up the DagBag from /home/vscode/.local/lib/python3.10/site-packages/airflow/example_dags/example_short_circuit_operator.py
[2026-09-17T01:01:53.046+0000] {processor.py:836} INFO - DAG(s) dict_keys(['example_short_circuit_operator']) retrieved from /home/vscode/.local/lib/python3.10/site-packages/airflow/example_dags/example_short_circuit_operator.py
[2026-09-17T01:01:53.068+0000] {logging_mixin.py:150} INFO - [2026-09-17T01:01:53.067+0000] {dag.py:2742} INFO - Sync 1 DAGs
[2026-09-17T01:01:53.085+0000] {logging_mixin.py:150} INFO - [2026-09-17T01:01:53.085+0000] {dag.py:3504} INFO - Setting next_dagrun for example_short_circuit_operator to 2026-09-16T01:01:53.085545+00:00, run_after=2026-09-17T01:01:53.085545+00:00
[2026-09-17T01:01:53.108+0000] {processor.py:179} INFO - Processing /home/vscode/.local/lib/python3.10/site-packages/airflow/example_dags/example_short_circuit_operator.py took 0.078 seconds
[2026-09-17T01:02:12.901+0000] {processor.py:157} INFO - Started process (PID=26117) to work on /home/vscode/.local/lib/python3.10/site-packages/airflow/example_dags/example_short_circuit_operator.py
[2026-09-17T01:02:12.902+0000] {processor.py:826} INFO - Processing file /home/vscode/.local/lib/python3.10/site-packages/airflow/example_dags/example_short_circuit_operator.py for tasks to queue
[2026-09-17T01:02:12.903+0000] {logging_mixin.py:150} INFO - [2026-09-17T01:02:12.903+0000] {dagbag.py:541} INFO - Filling up the DagBag from /home/vscode/.local/lib/python3.10/site-packages/airflow/example_dags/example_short_circuit_operator.py
[2026-09-17T01:02:12.910+0000] {processor.py:836} INFO - DAG(s) dict_keys(['example_short_circuit_operator']) retrieved from /home/vscode/.local/lib/python3.10/site-packages/airflow/example_dags/example_short_circuit_operator.py
[2026-09-17T01:02:12.925+0000] {logging_mixin.py:150} INFO - [2026-09-17T01:02:12.925+0000] {dag.py:2742} INFO - Sync 1 DAGs
[2026-09-17T01:02:12.939+0000] {logging_mixin.py:150} INFO - [2026-09-17T01:02:12.939+0000] {dag.py:3504} INFO - Setting next_dagrun for example_short_circuit_operator to 2026-09-16T01:02:12.939348+00:00, run_after=2026-09-17T01:02:12.939348+00:00
[2026-09-17T01:02:12.956+0000] {processor.py:179} INFO - Processing /home/vscode/.local/lib/python3.10/site-packages/airflow/example_dags/example_short_circuit_operator.py took 0.057 seconds
[2026-09-17T01:02:36.980+0000] {processor.py:157} INFO - Started process (PID=26322) to work on /home/vscode/.local/lib/python3.10/site-packages/airflow/example_dags/example_short_circuit_operator.py
[2026-09-17T01:02:36.981+0000] {processor.py:826} INFO - Processing file /home/vscode/.local/lib/python3.10/site-packages/airflow/example_dags/example_short_circuit_operator.py for tasks to queue
[2026-09-17T01:02:36.982+0000] {logging_mixin.py:150} INFO - [2026-09-17T01:02:36.981+0000] {dagbag.py:541} INFO - Filling up the DagBag from /home/vscode/.local/lib/python3.10/site-packages/airflow/example_dags/example_short_circuit_operator.py
[2026-09-17T01:02:36.990+0000] {processor.py:836} INFO - DAG(s) dict_keys(['example_short_circuit_operator']) retrieved from /home/vscode/.local/lib/python3.10/site-packages/airflow/example_dags/example_short_circuit_operator.py
[2026-09-17T01:02:37.006+0000] {logging_mixin.py:150} INFO - [2026-09-17T01:02:37.006+0000] {dag.py:2742} INFO - Sync 1 DAGs
[2026-09-17T01:02:37.021+0000] {logging_mixin.py:150} INFO - [2026-09-17T01:02:37.021+0000] {dag.py:3504} INFO - Setting next_dagrun for example_short_circuit_operator to 2026-09-16T01:02:37.021480+00:00, run_after=2026-09-17T01:02:37.021480+00:00
[2026-09-17T01:02:37.041+0000] {processor.py:179} INFO - Processing /home/vscode/.local/lib/python3.10/site-packages/airflow/example_dags/example_short_circuit_operator.py took 0.064 seconds
[2026-09-17T01:03:06.857+0000] {processor.py:157} INFO - Started process (PID=26568) to work on /home/vscode/.local/lib/python3.10/site-packages/airflow/example_dags/example_short_circuit_operator.py
[2026-09-17T01:03:06.858+0000] {processor.py:826} INFO - Processing file /home/vscode/.local/lib/python3.10/site-packages/airflow/example_dags/example_short_circuit_operator.py for tasks to queue
[2026-09-17T01:03:06.859+0000] {logging_mixin.py:150} INFO - [2026-09-17T01:03:06.859+0000] {dagbag.py:541} INFO - Filling up the DagBag from /home/vscode/.local/lib/python3.10/site-packages/airflow/example_dags/example_short_circuit_operator.py
[2026-09-17T01:03:06.865+0000] {processor.py:836} INFO - DAG(s) dict_keys(['example_short_circuit_operator']) retrieved from /home/vscode/.local/lib/python3.10/site-packages/airflow/example_dags/example_short_circuit_operator.py
[2026-09-17T01:03:06.879+0000] {logging_mixin.py:150} INFO - [2026-09-17T01:03:06.879+0000] {dag.py:2742} INFO - Sync 1 DAGs
[2026-09-17T01:03:06.896+0000] {logging_mixin.py:150} INFO - [2026-09-17T01:03:06.896+0000] {dag.py:3504} INFO - Setting next_dagrun for example_short_circuit_operator to 2026-09-16T01:03:06.896547+00:00, run_after=2026-09-17T01:03:06.896547+00:00
[2026-09-17T01:03:06.922+0000] {processor.py:179} INFO - Processing /home/vscode/.local/lib/python3.10/site-packages/airflow/example_dags/example_short_circuit_operator.py took 0.068 seconds
[2026-09-17T01:03:25.834+0000] {processor.py:157} INFO - Started process (PID=26737) to work on /home/vscode/.local/lib/python3.10/site-packages/airflow/example_dags/example_short_circuit_operator.py
[2026-09-17T01:03:25.835+0000] {processor.py:826} INFO - Processing file /home/vscode/.local/lib/python3.10/site-packages/airflow/example_dags/example_short_circuit_operator.py for tasks to queue
[2026-09-17T01:03:25.835+0000] {logging_mixin.py:150} INFO - [2026-09-17T01:03:25.835+0000] {dagbag.py:541} INFO - Filling up the DagBag from /home/vscode/.local/lib/python3.10/site-packages/airflow/example_dags/example_short_circuit_operator.py
[2026-09-17T01:03:25.842+0000] {processor.py:836} INFO - DAG(s) dict_keys(['example_short_circuit_operator']) retrieved from /home/vscode/.local/lib/python3.10/site-packages/airflow/example_dags/example_short_circuit_operator.py
[2026-09-17T01:03:25.856+0000] {logging_mixin.py:150} INFO - [2026-09-17T01:03:25.856+0000] {dag.py:2742} INFO - Sync 1 DAGs
[2026-09-17T01:03:25.871+0000] {logging_mixin.py:150} INFO - [2026-09-17T01:03:25.870+0000] {dag.py:3504} INFO - Setting next_dagrun for example_short_circuit_operator to 2026-09-16T01:03:25.870723+00:00, run_after=2026-09-17T01:03:25.870723+00:00
[2026-09-17T01:03:25.893+0000] {processor.py:179} INFO - Processing /home/vscode/.local/lib/python3.10/site-packages/airflow/example_dags/example_short_circuit_operator.py took 0.061 seconds
[2026-09-17T01:03:56.724+0000] {processor.py:157} INFO - Started process (PID=27004) to work on /home/vscode/.local/lib/python3.10/site-packages/airflow/example_dags/example_short_circuit_operator.py
[2026-09-17T01:03:56.724+0000] {processor.py:826} INFO - Processing file /home/vscode/.local/lib/python3.10/site-packages/airflow/example_dags/example_short_circuit_operator.py for tasks to queue
[2026-09-17T01:03:56.725+0000] {logging_mixin.py:150} INFO - [2026-09-17T01:03:56.725+0000] {dagbag.py:541} INFO - Filling up the DagBag from /home/vscode/.local/lib/python3.10/site-packages/airflow/example_dags/example_short_circuit_operator.py
[2026-09-17T01:03:56.733+0000] {processor.py:836} INFO - DAG(s) dict_keys(['example_short_circuit_operator']) retrieved from /home/vscode/.local/lib/python3.10/site-packages/airflow/example_dags/example_short_circuit_operator.py
[2026-09-17T01:03:56.750+0000] {logging_mixin.py:150} INFO - [2026-09-17T01:03:56.749+0000] {dag.py:2742} INFO - Sync 1 DAGs
[2026-09-17T01:03:56.765+0000] {logging_mixin.py:150} INFO - [2026-09-17T01:03:56.764+0000] {dag.py:3504} INFO - Setting next_dagrun for example_short_circuit_operator to 2026-09-16T01:03:56.764763+00:00, run_after=2026-09-17T01:03:56.764763+00:00
[2026-09-17T01:03:56.782+0000] {processor.py:179} INFO - Processing /home/vscode/.local/lib/python3.10/site-packages/airflow/example_dags/example_short_circuit_operator.py took 0.063 seconds
[2026-09-17T01:04:17.482+0000] {processor.py:157} INFO - Started process (PID=27174) to work on /home/vscode/.local/lib/python3.10/site-packages/airflow/example_dags/example_short_circuit_operator.py
[2026-09-17T01:04:17.483+0000] {processor.py:826} INFO - Processing file /home/vscode/.local/lib/python3.10/site-packages/airflow/example_dags/example_short_circuit_operator.py for tasks to queue
[2026-09-17T01:04:17.483+0000] {logging_mixin.py:150} INFO - [2026-09-17T01:04:17.483+0000] {dagbag.py:541} INFO - Filling up the DagBag from /home/vscode/.local/lib/python3.10/site-packages/airflow/example_dags/example_short_circuit_operator.py
[2026-09-17T01:04:17.492+0000] {processor.py:836} INFO - DAG(s) dict_keys(['example_short_circuit_operator']) retrieved from /home/vscode/.local/lib/python3.10/site-packages/airflow/example_dags/example_short_circuit_operator.py
[2026-09-17T01:04:17.509+0000] {logging_mixin.py:150} INFO - [2026-09-17T01:04:17.509+0000] {dag.py:2742} INFO - Sync 1 DAGs
[2026-09-17T01:04:17.523+0000] {logging_mixin.py:150} INFO - [2026-09-17T01:04:17.523+0000] {dag.py:3504} INFO - Setting next_dagrun for example_short_circuit_operator to 2026-09-16T01:04:17.523417+00:00, run_after=2026-09-17T01:04:17.523417+00:00
[2026-09-17T01:04:17.540+0000] {processor.py:179} INFO - Processing /home/vscode/.local/lib/python3.10/site-packages/airflow/example_dags/example_short_circuit_operator.py took 0.061 seconds
[2026-09-17T01:04:45.648+0000] {processor.py:157} INFO - Started process (PID=27407) to work on /home/vscode/.local/lib/python3.10/site-packages/airflow/example_dags/example_short_circuit_operator.py
[2026-09-17T01:04:45.648+0000] {processor.py:826} INFO - Processing file /home/vscode/.local/lib/python3.10/site-packages/airflow/example_dags/example_short_circuit_operator.py for tasks to queue
[2026-09-17T01:04:45.649+0000] {logging_mixin.py:150} INFO - [2026-09-17T01:04:45.649+0000] {dagbag.py:541} INFO - Filling up the DagBag from /home/vscode/.local/lib/python3.10/site-packages/airflow/example_dags/example_short_circuit_operator.py
[2026-09-17T01:04:45.656+0000] {processor.py:836} INFO - DAG(s) dict_keys(['example_short_circuit_operator']) retrieved from /home/vscode/.local/lib/python3.10/site-packages/airflow/example_dags/example_short_circuit_operator.py
[2026-09-17T01:04:45.671+0000] {logging_mixin.py:150} INFO - [2026-09-17T01:04:45.671+0000] {dag.py:2742} INFO - Sync 1 DAGs
[2026-09-17T01:04:45.688+0000] {logging_mixin.py:150} INFO - [2026-09-17T01:04:45.687+0000] {dag.py:3504} INFO - Setting next_dagrun for example_short_circuit_operator to 2026-09-16T01:04:45.687720+00:00, run_after=2026-09-17T01:04:45.687720+00:00
[2026-09-17T01:04:45.709+0000] {processor.py:179} INFO - Processing /home/vscode/.local/lib/python3.10/site-packages/airflow/example_dags/example_short_circuit_operator.py took 0.064 seconds
[2026-09-17T01:05:07.761+0000] {processor.py:157} INFO - Started process (PID=27593) to work on /home/vscode/.local/lib/python3.10/site-packages/airflow/example_dags/example_short_circuit_operator.py
[2026-09-17T01:05:07.762+0000] {processor.py:826} INFO - Processing file /home/vscode/.local/lib/python3.10/site-packages/airflow/example_dags/example_short_circuit_operator.py for tasks to queue
[2026-09-17T01:05:07.763+0000] {logging_mixin.py:150} INFO - [2026-09-17T01:05:07.762+0000] {dagbag.py:541} INFO - Filling up the DagBag from /home/vscode/.local/lib/python3.10/site-packages/airflow/example_dags/example_short_circuit_operator.py
[2026-09-17T01:05:07.773+0000] {processor.py:836} INFO - DAG(s) dict_keys(['example_short_circuit_operator']) retrieved from /home/vscode/.local/lib/python3.10/site-packages/airflow/example_dags/example_short_circuit_operator.py
[2026-09-17T01:05:07.793+0000] {logging_mixin.py:150} INFO - [2026-09-17T01:05:07.793+0000] {dag.py:2742} INFO - Sync 1 DAGs
[2026-09-17T01:05:07.810+0000] {logging_mixin.py:150} INFO - [2026-09-17T01:05:07.810+0000] {dag.py:3504} INFO - Setting next_dagrun for example_short_circuit_operator to 2026-09-16T01:05:07.810255+00:00, run_after=2026-09-17T01:05:07.810255+00:00
[2026-09-17T01:05:07.838+0000] {processor.py:179} INFO - Processing /home/vscode/.local/lib/python3.10/site-packages/airflow/example_dags/example_short_circuit_operator.py took 0.080 seconds
[2026-09-17T01:05:34.940+0000] {processor.py:157} INFO - Started process (PID=27827) to work on /home/vscode/.local/lib/python3.10/site-packages/airflow/example_dags/example_short_circuit_operator.py
[2026-09-17T01:05:34.940+0000] {processor.py:826} INFO - Processing file /home/vscode/.local/lib/python3.10/site-packages/airflow/example_dags/example_short_circuit_operator.py for tasks to queue
[2026-09-17T01:05:34.941+0000] {logging_mixin.py:150} INFO - [2026-09-17T01:05:34.941+0000] {dagbag.py:541} INFO - Filling up the DagBag from /home/vscode/.local/lib/python3.10/site-packages/airflow/example_dags/example_short_circuit_operator.py
[2026-09-17T01:05:34.948+0000] {processor.py:836} INFO - DAG(s) dict_keys(['example_short_circuit_operator']) retrieved from /home/vscode/.local/lib/python3.10/site-packages/airflow/example_dags/example_short_circuit_operator.py
[2026-09-17T01:05:34.963+0000] {logging_mixin.py:150} INFO - [2026-09-17T01:05:34.962+0000] {dag.py:2742} INFO - Sync 1 DAGs
[2026-09-17T01:05:34.977+0000] {logging_mixin.py:150} INFO - [2026-09-17T01:05:34.976+0000] {dag.py:3504} INFO - Setting next_dagrun for example_short_circuit_operator to 2026-09-16T01:05:34.976762+00:00, run_after=2026-09-17T01:05:34.976762+00:00
[2026-09-17T01:05:34.995+0000] {processor.py:179} INFO - Processing /home/vscode/.local/lib/python3.10/site-packages/airflow/example_dags/example_short_circuit_operator.py took 0.058 seconds
[2026-09-17T01:05:58.120+0000] {processor.py:157} INFO - Started process (PID=28064) to work on /home/vscode/.local/lib/python3.10/site-packages/airflow/example_dags/example_short_circuit_operator.py
[2026-09-17T01:05:58.121+0000] {processor.py:826} INFO - Processing file /home/vscode/.local/lib/python3.10/site-packages/airflow/example_dags/example_short_circuit_operator.py for tasks to queue
[2026-09-17T01:05:58.121+0000] {logging_mixin.py:150} INFO - [2026-09-17T01:05:58.121+0000] {dagbag.py:541} INFO - Filling up the DagBag from /home/vscode/.local/lib/python3.10/site-packages/airflow/example_dags/example_short_circuit_operator.py
[2026-09-17T01:05:58.128+0000] {processor.py:836} INFO - DAG(s) dict_keys(['example_short_circuit_operator']) retrieved from /home/vscode/.local/lib/python3.10/site-packages/airflow/example_dags/example_short_circuit_operator.py
[2026-09-17T01:05:58.147+0000] {logging_mixin.py:150} INFO - [2026-09-17T01:05:58.146+0000] {dag.py:2742} INFO - Sync 1 DAGs
[2026-09-17T01:05:58.162+0000] {logging_mixin.py:150} INFO - [2026-09-17T01:05:58.162+0000] {dag.py:3504} INFO - Setting next_dagrun for example_short_circuit_operator to 2026-09-16T01:05:58.162099+00:00, run_after=2026-09-17T01:05:58.162099+00:00
[2026-09-17T01:05:58.179+0000] {processor.py:179} INFO - Processing /home/vscode/.local/lib/python3.10/site-packages/airflow/example_dags/example_short_circuit_operator.py took 0.062 seconds
[2026-09-17T01:06:22.417+0000] {processor.py:157} INFO - Started process (PID=28258) to work on /home/vscode/.local/lib/python3.10/site-packages/airflow/example_dags/example_short_circuit_operator.py
[2026-09-17T01:06:22.418+0000] {processor.py:826} INFO - Processing file /home/vscode/.local/lib/python3.10/site-packages/airflow/example_dags/example_short_circuit_operator.py for tasks to queue
[2026-09-17T01:06:22.419+0000] {logging_mixin.py:150} INFO - [2026-09-17T01:06:22.419+0000] {dagbag.py:541} INFO - Filling up the DagBag from /home/vscode/.local/lib/python3.10/site-packages/airflow/example_dags/example_short_circuit_operator.py
[2026-09-17T01:06:22.426+0000] {processor.py:836} INFO - DAG(s) dict_keys(['example_short_circuit_operator']) retrieved from /home/vscode/.local/lib/python3.10/site-packages/airflow/example_dags/example_short_circuit_operator.py
[2026-09-17T01:06:22.448+0000] {logging_mixin.py:150} INFO - [2026-09-17T01:06:22.448+0000] {dag.py:2742} INFO - Sync 1 DAGs
[2026-09-17T01:06:22.473+0000] {logging_mixin.py:150} INFO - [2026-09-17T01:06:22.473+0000] {dag.py:3504} INFO - Setting next_dagrun for example_short_circuit_operator to 2026-09-16T01:06:22.473191+00:00, run_after=2026-09-17T01:06:22.473191+00:00
[2026-09-17T01:06:22.499+0000] {processor.py:179} INFO - Processing /home/vscode/.local/lib/python3.10/site-packages/airflow/example_dags/example_short_circuit_operator.py took 0.085 seconds
[2026-09-17T01:06:46.679+0000] {processor.py:157} INFO - Started process (PID=28467) to work on /home/vscode/.local/lib/python3.10/site-packages/airflow/example_dags/example_short_circuit_operator.py
[2026-09-17T01:06:46.679+0000] {processor.py:826} INFO - Processing file /home/vscode/.local/lib/python3.10/site-packages/airflow/example_dags/example_short_circuit_operator.py for tasks to queue
[2026-09-17T01:06:46.680+0000] {logging_mixin.py:150} INFO - [2026-09-17T01:06:46.680+0000] {dagbag.py:541} INFO - Filling up the DagBag from /home/vscode/.local/lib/python3.10/site-packages/airflow/example_dags/example_short_circuit_operator.py
[2026-09-17T01:06:46.689+0000] {processor.py:836} INFO - DAG(s) dict_keys(['example_short_circuit_operator']) retrieved from /home/vscode/.local/lib/python3.10/site-packages/airflow/example_dags/example_short_circuit_operator.py
[2026-09-17T01:06:46.703+0000] {logging_mixin.py:150} INFO - [2026-09-17T01:06:46.703+0000] {dag.py:2742} INFO - Sync 1 DAGs
[2026-09-17T01:06:46.720+0000] {logging_mixin.py:150} INFO - [2026-09-17T01:06:46.720+0000] {dag.py:3504} INFO - Setting next_dagrun for example_short_circuit_operator to 2026-09-16T01:06:46.720570+00:00, run_after=2026-09-17T01:06:46.720570+00:00
[2026-09-17T01:06:46.738+0000] {processor.py:179} INFO - Processing /home/vscode/.local/lib/python3.10/site-packages/airflow/example_dags/example_short_circuit_operator.py took 0.062 seconds
[2026-09-17T01:07:13.612+0000] {processor.py:157} INFO - Started process (PID=28697) to work on /home/vscode/.local/lib/python3.10/site-packages/airflow/example_dags/example_short_circuit_operator.py
[2026-09-17T01:07:13.612+0000] {processor.py:826} INFO - Processing file /home/vscode/.local/lib/python3.10/site-packages/airflow/example_dags/example_short_circuit_operator.py for tasks to queue
[2026-09-17T01:07:13.613+0000] {logging_mixin.py:150} INFO - [2026-09-17T01:07:13.613+0000] {dagbag.py:541} INFO - Filling up the DagBag from /home/vscode/.local/lib/python3.10/site-packages/airflow/example_dags/example_short_circuit_operator.py
[2026-09-17T01:07:13.620+0000] {processor.py:836} INFO - DAG(s) dict_keys(['example_short_circuit_operator']) retrieved from /home/vscode/.local/lib/python3.10/site-packages/airflow/example_dags/example_short_circuit_operator.py
[2026-09-17T01:07:13.634+0000] {logging_mixin.py:150} INFO - [2026-09-17T01:07:13.634+0000] {dag.py:2742} INFO - Sync 1 DAGs
[2026-09-17T01:07:13.649+0000] {logging_mixin.py:150} INFO - [2026-09-17T01:07:13.649+0000] {dag.py:3504} INFO - Setting next_dagrun for example_short_circuit_operator to 2026-09-16T01:07:13.648875+00:00, run_after=2026-09-17T01:07:13.648875+00:00
[2026-09-17T01:07:13.665+0000] {processor.py:179} INFO - Processing /home/vscode/.local/lib/python3.10/site-packages/airflow/example_dags/example_short_circuit_operator.py took 0.055 seconds
[2026-09-17T01:07:38.422+0000] {processor.py:157} INFO - Started process (PID=28909) to work on /home/vscode/.local/lib/python3.10/site-packages/airflow/example_dags/example_short_circuit_operator.py
[2026-09-17T01:07:38.423+0000] {processor.py:826} INFO - Processing file /home/vscode/.local/lib/python3.10/site-packages/airflow/example_dags/example_short_circuit_operator.py for tasks to queue
[2026-09-17T01:07:38.424+0000] {logging_mixin.py:150} INFO - [2026-09-17T01:07:38.423+0000] {dagbag.py:541} INFO - Filling up the DagBag from /home/vscode/.local/lib/python3.10/site-packages/airflow/example_dags/example_short_circuit_operator.py
[2026-09-17T01:07:38.434+0000] {processor.py:836} INFO - DAG(s) dict_keys(['example_short_circuit_operator']) retrieved from /home/vscode/.local/lib/python3.10/site-packages/airflow/example_dags/example_short_circuit_operator.py
[2026-09-17T01:07:38.449+0000] {logging_mixin.py:150} INFO - [2026-09-17T01:07:38.449+0000] {dag.py:2742} INFO - Sync 1 DAGs
[2026-09-17T01:07:38.463+0000] {logging_mixin.py:150} INFO - [2026-09-17T01:07:38.463+0000] {dag.py:3504} INFO - Setting next_dagrun for example_short_circuit_operator to 2026-09-16T01:07:38.463443+00:00, run_after=2026-09-17T01:07:38.463443+00:00
[2026-09-17T01:07:38.480+0000] {processor.py:179} INFO - Processing /home/vscode/.local/lib/python3.10/site-packages/airflow/example_dags/example_short_circuit_operator.py took 0.061 seconds
[2026-09-17T01:08:01.745+0000] {processor.py:157} INFO - Started process (PID=29100) to work on /home/vscode/.local/lib/python3.10/site-packages/airflow/example_dags/example_short_circuit_operator.py
[2026-09-17T01:08:01.745+0000] {processor.py:826} INFO - Processing file /home/vscode/.local/lib/python3.10/site-packages/airflow/example_dags/example_short_circuit_operator.py for tasks to queue
[2026-09-17T01:08:01.746+0000] {logging_mixin.py:150} INFO - [2026-09-17T01:08:01.746+0000] {dagbag.py:541} INFO - Filling up the DagBag from /home/vscode/.local/lib/python3.10/site-packages/airflow/example_dags/example_short_circuit_operator.py
[2026-09-17T01:08:01.755+0000] {processor.py:836} INFO - DAG(s) dict_keys(['example_short_circuit_operator']) retrieved from /home/vscode/.local/lib/python3.10/site-packages/airflow/example_dags/example_short_circuit_operator.py
[2026-09-17T01:08:01.776+0000] {logging_mixin.py:150} INFO - [2026-09-17T01:08:01.776+0000] {dag.py:2742} INFO - Sync 1 DAGs
[2026-09-17T01:08:01.800+0000] {logging_mixin.py:150} INFO - [2026-09-17T01:08:01.799+0000] {dag.py:3504} INFO - Setting next_dagrun for example_short_circuit_operator to 2026-09-16T01:08:01.799544+00:00, run_after=2026-09-17T01:08:01.799544+00:00
[2026-09-17T01:08:01.836+0000] {processor.py:179} INFO - Processing /home/vscode/.local/lib/python3.10/site-packages/airflow/example_dags/example_short_circuit_operator.py took 0.094 seconds
[2026-09-17T01:08:26.857+0000] {processor.py:157} INFO - Started process (PID=29322) to work on /home/vscode/.local/lib/python3.10/site-packages/airflow/example_dags/example_short_circuit_operator.py
[2026-09-17T01:08:26.858+0000] {processor.py:826} INFO - Processing file /home/vscode/.local/lib/python3.10/site-packages/airflow/example_dags/example_short_circuit_operator.py for tasks to queue
[2026-09-17T01:08:26.859+0000] {logging_mixin.py:150} INFO - [2026-09-17T01:08:26.859+0000] {dagbag.py:541} INFO - Filling up the DagBag from /home/vscode/.local/lib/python3.10/site-packages/airflow/example_dags/example_short_circuit_operator.py
[2026-09-17T01:08:26.869+0000] {processor.py:836} INFO - DAG(s) dict_keys(['example_short_circuit_operator']) retrieved from /home/vscode/.local/lib/python3.10/site-packages/airflow/example_dags/example_short_circuit_operator.py
[2026-09-17T01:08:26.896+0000] {logging_mixin.py:150} INFO - [2026-09-17T01:08:26.896+0000] {dag.py:2742} INFO - Sync 1 DAGs
[2026-09-17T01:08:26.918+0000] {logging_mixin.py:150} INFO - [2026-09-17T01:08:26.918+0000] {dag.py:3504} INFO - Setting next_dagrun for example_short_circuit_operator to 2026-09-16T01:08:26.918031+00:00, run_after=2026-09-17T01:08:26.918031+00:00
[2026-09-17T01:08:26.939+0000] {processor.py:179} INFO - Processing /home/vscode/.local/lib/python3.10/site-packages/airflow/example_dags/example_short_circuit_operator.py took 0.085 seconds
[2026-09-17T01:08:50.353+0000] {processor.py:157} INFO - Started process (PID=29523) to work on /home/vscode/.local/lib/python3.10/site-packages/airflow/example_dags/example_short_circuit_operator.py
[2026-09-17T01:08:50.354+0000] {processor.py:826} INFO - Processing file /home/vscode/.local/lib/python3.10/site-packages/airflow/example_dags/example_short_circuit_operator.py for tasks to queue
[2026-09-17T01:08:50.355+0000] {logging_mixin.py:150} INFO - [2026-09-17T01:08:50.355+0000] {dagbag.py:541} INFO - Filling up the DagBag from /home/vscode/.local/lib/python3.10/site-packages/airflow/example_dags/example_short_circuit_operator.py
[2026-09-17T01:08:50.365+0000] {processor.py:836} INFO - DAG(s) dict_keys(['example_short_circuit_operator']) retrieved from /home/vscode/.local/lib/python3.10/site-packages/airflow/example_dags/example_short_circuit_operator.py
[2026-09-17T01:08:50.382+0000] {logging_mixin.py:150} INFO - [2026-09-17T01:08:50.382+0000] {dag.py:2742} INFO - Sync 1 DAGs
[2026-09-17T01:08:50.403+0000] {logging_mixin.py:150} INFO - [2026-09-17T01:08:50.403+0000] {dag.py:3504} INFO - Setting next_dagrun for example_short_circuit_operator to 2026-09-16T01:08:50.402951+00:00, run_after=2026-09-17T01:08:50.402951+00:00
[2026-09-17T01:08:50.420+0000] {processor.py:179} INFO - Processing /home/vscode/.local/lib/python3.10/site-packages/airflow/example_dags/example_short_circuit_operator.py took 0.069 seconds
[2026-09-17T01:09:12.824+0000] {processor.py:157} INFO - Started process (PID=29711) to work on /home/vscode/.local/lib/python3.10/site-packages/airflow/example_dags/example_short_circuit_operator.py
[2026-09-17T01:09:12.825+0000] {processor.py:826} INFO - Processing file /home/vscode/.local/lib/python3.10/site-packages/airflow/example_dags/example_short_circuit_operator.py for tasks to queue
[2026-09-17T01:09:12.826+0000] {logging_mixin.py:150} INFO - [2026-09-17T01:09:12.826+0000] {dagbag.py:541} INFO - Filling up the DagBag from /home/vscode/.local/lib/python3.10/site-packages/airflow/example_dags/example_short_circuit_operator.py
[2026-09-17T01:09:12.834+0000] {processor.py:836} INFO - DAG(s) dict_keys(['example_short_circuit_operator']) retrieved from /home/vscode/.local/lib/python3.10/site-packages/airflow/example_dags/example_short_circuit_operator.py
[2026-09-17T01:09:12.848+0000] {logging_mixin.py:150} INFO - [2026-09-17T01:09:12.848+0000] {dag.py:2742} INFO - Sync 1 DAGs
[2026-09-17T01:09:12.862+0000] {logging_mixin.py:150} INFO - [2026-09-17T01:09:12.862+0000] {dag.py:3504} INFO - Setting next_dagrun for example_short_circuit_operator to 2026-09-16T01:09:12.862459+00:00, run_after=2026-09-17T01:09:12.862459+00:00
[2026-09-17T01:09:12.879+0000] {processor.py:179} INFO - Processing /home/vscode/.local/lib/python3.10/site-packages/airflow/example_dags/example_short_circuit_operator.py took 0.058 seconds
[2026-09-17T01:09:43.368+0000] {processor.py:157} INFO - Started process (PID=29973) to work on /home/vscode/.local/lib/python3.10/site-packages/airflow/example_dags/example_short_circuit_operator.py
[2026-09-17T01:09:43.369+0000] {processor.py:826} INFO - Processing file /home/vscode/.local/lib/python3.10/site-packages/airflow/example_dags/example_short_circuit_operator.py for tasks to queue
[2026-09-17T01:09:43.370+0000] {logging_mixin.py:150} INFO - [2026-09-17T01:09:43.370+0000] {dagbag.py:541} INFO - Filling up the DagBag from /home/vscode/.local/lib/python3.10/site-packages/airflow/example_dags/example_short_circuit_operator.py
[2026-09-17T01:09:43.379+0000] {processor.py:836} INFO - DAG(s) dict_keys(['example_short_circuit_operator']) retrieved from /home/vscode/.local/lib/python3.10/site-packages/airflow/example_dags/example_short_circuit_operator.py
[2026-09-17T01:09:43.400+0000] {logging_mixin.py:150} INFO - [2026-09-17T01:09:43.400+0000] {dag.py:2742} INFO - Sync 1 DAGs
[2026-09-17T01:09:43.420+0000] {logging_mixin.py:150} INFO - [2026-09-17T01:09:43.419+0000] {dag.py:3504} INFO - Setting next_dagrun for example_short_circuit_operator to 2026-09-16T01:09:43.419833+00:00, run_after=2026-09-17T01:09:43.419833+00:00
[2026-09-17T01:09:43.437+0000] {processor.py:179} INFO - Processing /home/vscode/.local/lib/python3.10/site-packages/airflow/example_dags/example_short_circuit_operator.py took 0.071 seconds
[2026-09-17T01:10:00.745+0000] {processor.py:157} INFO - Started process (PID=30120) to work on /home/vscode/.local/lib/python3.10/site-packages/airflow/example_dags/example_short_circuit_operator.py
[2026-09-17T01:10:00.749+0000] {processor.py:826} INFO - Processing file /home/vscode/.local/lib/python3.10/site-packages/airflow/example_dags/example_short_circuit_operator.py for tasks to queue
[2026-09-17T01:10:00.749+0000] {logging_mixin.py:150} INFO - [2026-09-17T01:10:00.749+0000] {dagbag.py:541} INFO - Filling up the DagBag from /home/vscode/.local/lib/python3.10/site-packages/airflow/example_dags/example_short_circuit_operator.py
[2026-09-17T01:10:00.758+0000] {processor.py:836} INFO - DAG(s) dict_keys(['example_short_circuit_operator']) retrieved from /home/vscode/.local/lib/python3.10/site-packages/airflow/example_dags/example_short_circuit_operator.py
[2026-09-17T01:10:00.778+0000] {logging_mixin.py:150} INFO - [2026-09-17T01:10:00.778+0000] {dag.py:2742} INFO - Sync 1 DAGs
[2026-09-17T01:10:00.800+0000] {logging_mixin.py:150} INFO - [2026-09-17T01:10:00.800+0000] {dag.py:3504} INFO - Setting next_dagrun for example_short_circuit_operator to 2026-09-16T01:10:00.800190+00:00, run_after=2026-09-17T01:10:00.800190+00:00
[2026-09-17T01:10:00.817+0000] {processor.py:179} INFO - Processing /home/vscode/.local/lib/python3.10/site-packages/airflow/example_dags/example_short_circuit_operator.py took 0.075 seconds
[2026-09-17T01:10:32.936+0000] {processor.py:157} INFO - Started process (PID=30393) to work on /home/vscode/.local/lib/python3.10/site-packages/airflow/example_dags/example_short_circuit_operator.py
[2026-09-17T01:10:32.937+0000] {processor.py:826} INFO - Processing file /home/vscode/.local/lib/python3.10/site-packages/airflow/example_dags/example_short_circuit_operator.py for tasks to queue
[2026-09-17T01:10:32.938+0000] {logging_mixin.py:150} INFO - [2026-09-17T01:10:32.937+0000] {dagbag.py:541} INFO - Filling up the DagBag from /home/vscode/.local/lib/python3.10/site-packages/airflow/example_dags/example_short_circuit_operator.py
[2026-09-17T01:10:32.945+0000] {processor.py:836} INFO - DAG(s) dict_keys(['example_short_circuit_operator']) retrieved from /home/vscode/.local/lib/python3.10/site-packages/airflow/example_dags/example_short_circuit_operator.py
[2026-09-17T01:10:32.974+0000] {logging_mixin.py:150} INFO - [2026-09-17T01:10:32.974+0000] {dag.py:2742} INFO - Sync 1 DAGs
[2026-09-17T01:10:33.012+0000] {logging_mixin.py:150} INFO - [2026-09-17T01:10:33.012+0000] {dag.py:3504} INFO - Setting next_dagrun for example_short_circuit_operator to 2026-09-16T01:10:33.011964+00:00, run_after=2026-09-17T01:10:33.011964+00:00
[2026-09-17T01:10:33.035+0000] {processor.py:179} INFO - Processing /home/vscode/.local/lib/python3.10/site-packages/airflow/example_dags/example_short_circuit_operator.py took 0.103 seconds
[2026-09-17T01:10:48.582+0000] {processor.py:157} INFO - Started process (PID=30561) to work on /home/vscode/.local/lib/python3.10/site-packages/airflow/example_dags/example_short_circuit_operator.py
[2026-09-17T01:10:48.582+0000] {processor.py:826} INFO - Processing file /home/vscode/.local/lib/python3.10/site-packages/airflow/example_dags/example_short_circuit_operator.py for tasks to queue
[2026-09-17T01:10:48.583+0000] {logging_mixin.py:150} INFO - [2026-09-17T01:10:48.583+0000] {dagbag.py:541} INFO - Filling up the DagBag from /home/vscode/.local/lib/python3.10/site-packages/airflow/example_dags/example_short_circuit_operator.py
[2026-09-17T01:10:48.593+0000] {processor.py:836} INFO - DAG(s) dict_keys(['example_short_circuit_operator']) retrieved from /home/vscode/.local/lib/python3.10/site-packages/airflow/example_dags/example_short_circuit_operator.py
[2026-09-17T01:10:48.610+0000] {logging_mixin.py:150} INFO - [2026-09-17T01:10:48.610+0000] {dag.py:2742} INFO - Sync 1 DAGs
[2026-09-17T01:10:48.625+0000] {logging_mixin.py:150} INFO - [2026-09-17T01:10:48.624+0000] {dag.py:3504} INFO - Setting next_dagrun for example_short_circuit_operator to 2026-09-16T01:10:48.624743+00:00, run_after=2026-09-17T01:10:48.624743+00:00
[2026-09-17T01:10:48.646+0000] {processor.py:179} INFO - Processing /home/vscode/.local/lib/python3.10/site-packages/airflow/example_dags/example_short_circuit_operator.py took 0.067 seconds
[2026-09-17T01:11:19.997+0000] {processor.py:157} INFO - Started process (PID=30832) to work on /home/vscode/.local/lib/python3.10/site-packages/airflow/example_dags/example_short_circuit_operator.py
[2026-09-17T01:11:19.998+0000] {processor.py:826} INFO - Processing file /home/vscode/.local/lib/python3.10/site-packages/airflow/example_dags/example_short_circuit_operator.py for tasks to queue
[2026-09-17T01:11:19.998+0000] {logging_mixin.py:150} INFO - [2026-09-17T01:11:19.998+0000] {dagbag.py:541} INFO - Filling up the DagBag from /home/vscode/.local/lib/python3.10/site-packages/airflow/example_dags/example_short_circuit_operator.py
[2026-09-17T01:11:20.005+0000] {processor.py:836} INFO - DAG(s) dict_keys(['example_short_circuit_operator']) retrieved from /home/vscode/.local/lib/python3.10/site-packages/airflow/example_dags/example_short_circuit_operator.py
[2026-09-17T01:11:20.038+0000] {logging_mixin.py:150} INFO - [2026-09-17T01:11:20.038+0000] {dag.py:2742} INFO - Sync 1 DAGs
[2026-09-17T01:11:20.064+0000] {logging_mixin.py:150} INFO - [2026-09-17T01:11:20.064+0000] {dag.py:3504} INFO - Setting next_dagrun for example_short_circuit_operator to 2026-09-16T01:11:20.064167+00:00, run_after=2026-09-17T01:11:20.064167+00:00
[2026-09-17T01:11:20.105+0000] {processor.py:179} INFO - Processing /home/vscode/.local/lib/python3.10/site-packages/airflow/example_dags/example_short_circuit_operator.py took 0.111 seconds
[2026-09-17T01:11:40.074+0000] {processor.py:157} INFO - Started process (PID=31006) to work on /home/vscode/.local/lib/python3.10/site-packages/airflow/example_dags/example_short_circuit_operator.py
[2026-09-17T01:11:40.075+0000] {processor.py:826} INFO - Processing file /home/vscode/.local/lib/python3.10/site-packages/airflow/example_dags/example_short_circuit_operator.py for tasks to queue
[2026-09-17T01:11:40.076+0000] {logging_mixin.py:150} INFO - [2026-09-17T01:11:40.075+0000] {dagbag.py:541} INFO - Filling up the DagBag from /home/vscode/.local/lib/python3.10/site-packages/airflow/example_dags/example_short_circuit_operator.py
[2026-09-17T01:11:40.084+0000] {processor.py:836} INFO - DAG(s) dict_keys(['example_short_circuit_operator']) retrieved from /home/vscode/.local/lib/python3.10/site-packages/airflow/example_dags/example_short_circuit_operator.py
[2026-09-17T01:11:40.103+0000] {logging_mixin.py:150} INFO - [2026-09-17T01:11:40.102+0000] {dag.py:2742} INFO - Sync 1 DAGs
[2026-09-17T01:11:40.117+0000] {logging_mixin.py:150} INFO - [2026-09-17T01:11:40.117+0000] {dag.py:3504} INFO - Setting next_dagrun for example_short_circuit_operator to 2026-09-16T01:11:40.117504+00:00, run_after=2026-09-17T01:11:40.117504+00:00
[2026-09-17T01:11:40.134+0000] {processor.py:179} INFO - Processing /home/vscode/.local/lib/python3.10/site-packages/airflow/example_dags/example_short_circuit_operator.py took 0.062 seconds
[2026-09-17T01:12:12.825+0000] {processor.py:157} INFO - Started process (PID=31288) to work on /home/vscode/.local/lib/python3.10/site-packages/airflow/example_dags/example_short_circuit_operator.py
[2026-09-17T01:12:12.826+0000] {processor.py:826} INFO - Processing file /home/vscode/.local/lib/python3.10/site-packages/airflow/example_dags/example_short_circuit_operator.py for tasks to queue
[2026-09-17T01:12:12.827+0000] {logging_mixin.py:150} INFO - [2026-09-17T01:12:12.827+0000] {dagbag.py:541} INFO - Filling up the DagBag from /home/vscode/.local/lib/python3.10/site-packages/airflow/example_dags/example_short_circuit_operator.py
[2026-09-17T01:12:12.839+0000] {processor.py:836} INFO - DAG(s) dict_keys(['example_short_circuit_operator']) retrieved from /home/vscode/.local/lib/python3.10/site-packages/airflow/example_dags/example_short_circuit_operator.py
[2026-09-17T01:12:12.864+0000] {logging_mixin.py:150} INFO - [2026-09-17T01:12:12.863+0000] {dag.py:2742} INFO - Sync 1 DAGs
[2026-09-17T01:12:12.884+0000] {logging_mixin.py:150} INFO - [2026-09-17T01:12:12.884+0000] {dag.py:3504} INFO - Setting next_dagrun for example_short_circuit_operator to 2026-09-16T01:12:12.884221+00:00, run_after=2026-09-17T01:12:12.884221+00:00
[2026-09-17T01:12:12.906+0000] {processor.py:179} INFO - Processing /home/vscode/.local/lib/python3.10/site-packages/airflow/example_dags/example_short_circuit_operator.py took 0.084 seconds
[2026-09-17T01:12:28.191+0000] {processor.py:157} INFO - Started process (PID=31413) to work on /home/vscode/.local/lib/python3.10/site-packages/airflow/example_dags/example_short_circuit_operator.py
[2026-09-17T01:12:28.191+0000] {processor.py:826} INFO - Processing file /home/vscode/.local/lib/python3.10/site-packages/airflow/example_dags/example_short_circuit_operator.py for tasks to queue
[2026-09-17T01:12:28.192+0000] {logging_mixin.py:150} INFO - [2026-09-17T01:12:28.192+0000] {dagbag.py:541} INFO - Filling up the DagBag from /home/vscode/.local/lib/python3.10/site-packages/airflow/example_dags/example_short_circuit_operator.py
[2026-09-17T01:12:28.201+0000] {processor.py:836} INFO - DAG(s) dict_keys(['example_short_circuit_operator']) retrieved from /home/vscode/.local/lib/python3.10/site-packages/airflow/example_dags/example_short_circuit_operator.py
[2026-09-17T01:12:28.216+0000] {logging_mixin.py:150} INFO - [2026-09-17T01:12:28.216+0000] {dag.py:2742} INFO - Sync 1 DAGs
[2026-09-17T01:12:28.230+0000] {logging_mixin.py:150} INFO - [2026-09-17T01:12:28.230+0000] {dag.py:3504} INFO - Setting next_dagrun for example_short_circuit_operator to 2026-09-16T01:12:28.230275+00:00, run_after=2026-09-17T01:12:28.230275+00:00
[2026-09-17T01:12:28.248+0000] {processor.py:179} INFO - Processing /home/vscode/.local/lib/python3.10/site-packages/airflow/example_dags/example_short_circuit_operator.py took 0.061 seconds
[2026-09-17T01:12:59.480+0000] {processor.py:157} INFO - Started process (PID=31684) to work on /home/vscode/.local/lib/python3.10/site-packages/airflow/example_dags/example_short_circuit_operator.py
[2026-09-17T01:12:59.481+0000] {processor.py:826} INFO - Processing file /home/vscode/.local/lib/python3.10/site-packages/airflow/example_dags/example_short_circuit_operator.py for tasks to queue
[2026-09-17T01:12:59.481+0000] {logging_mixin.py:150} INFO - [2026-09-17T01:12:59.481+0000] {dagbag.py:541} INFO - Filling up the DagBag from /home/vscode/.local/lib/python3.10/site-packages/airflow/example_dags/example_short_circuit_operator.py
[2026-09-17T01:12:59.488+0000] {processor.py:836} INFO - DAG(s) dict_keys(['example_short_circuit_operator']) retrieved from /home/vscode/.local/lib/python3.10/site-packages/airflow/example_dags/example_short_circuit_operator.py
[2026-09-17T01:12:59.502+0000] {logging_mixin.py:150} INFO - [2026-09-17T01:12:59.502+0000] {dag.py:2742} INFO - Sync 1 DAGs
[2026-09-17T01:12:59.520+0000] {logging_mixin.py:150} INFO - [2026-09-17T01:12:59.520+0000] {dag.py:3504} INFO - Setting next_dagrun for example_short_circuit_operator to 2026-09-16T01:12:59.520088+00:00, run_after=2026-09-17T01:12:59.520088+00:00
[2026-09-17T01:12:59.542+0000] {processor.py:179} INFO - Processing /home/vscode/.local/lib/python3.10/site-packages/airflow/example_dags/example_short_circuit_operator.py took 0.064 seconds
[2026-09-17T01:13:16.011+0000] {processor.py:157} INFO - Started process (PID=31825) to work on /home/vscode/.local/lib/python3.10/site-packages/airflow/example_dags/example_short_circuit_operator.py
[2026-09-17T01:13:16.012+0000] {processor.py:826} INFO - Processing file /home/vscode/.local/lib/python3.10/site-packages/airflow/example_dags/example_short_circuit_operator.py for tasks to queue
[2026-09-17T01:13:16.012+0000] {logging_mixin.py:150} INFO - [2026-09-17T01:13:16.012+0000] {dagbag.py:541} INFO - Filling up the DagBag from /home/vscode/.local/lib/python3.10/site-packages/airflow/example_dags/example_short_circuit_operator.py
[2026-09-17T01:13:16.019+0000] {processor.py:836} INFO - DAG(s) dict_keys(['example_short_circuit_operator']) retrieved from /home/vscode/.local/lib/python3.10/site-packages/airflow/example_dags/example_short_circuit_operator.py
[2026-09-17T01:13:16.034+0000] {logging_mixin.py:150} INFO - [2026-09-17T01:13:16.034+0000] {dag.py:2742} INFO - Sync 1 DAGs
[2026-09-17T01:13:16.049+0000] {logging_mixin.py:150} INFO - [2026-09-17T01:13:16.049+0000] {dag.py:3504} INFO - Setting next_dagrun for example_short_circuit_operator to 2026-09-16T01:13:16.049261+00:00, run_after=2026-09-17T01:13:16.049261+00:00
[2026-09-17T01:13:16.067+0000] {processor.py:179} INFO - Processing /home/vscode/.local/lib/python3.10/site-packages/airflow/example_dags/example_short_circuit_operator.py took 0.059 seconds
[2026-09-17T01:13:43.031+0000] {processor.py:157} INFO - Started process (PID=32051) to work on /home/vscode/.local/lib/python3.10/site-packages/airflow/example_dags/example_short_circuit_operator.py
[2026-09-17T01:13:43.032+0000] {processor.py:826} INFO - Processing file /home/vscode/.local/lib/python3.10/site-packages/airflow/example_dags/example_short_circuit_operator.py for tasks to queue
[2026-09-17T01:13:43.033+0000] {logging_mixin.py:150} INFO - [2026-09-17T01:13:43.032+0000] {dagbag.py:541} INFO - Filling up the DagBag from /home/vscode/.local/lib/python3.10/site-packages/airflow/example_dags/example_short_circuit_operator.py
[2026-09-17T01:13:43.040+0000] {processor.py:836} INFO - DAG(s) dict_keys(['example_short_circuit_operator']) retrieved from /home/vscode/.local/lib/python3.10/site-packages/airflow/example_dags/example_short_circuit_operator.py
[2026-09-17T01:13:43.054+0000] {logging_mixin.py:150} INFO - [2026-09-17T01:13:43.054+0000] {dag.py:2742} INFO - Sync 1 DAGs
[2026-09-17T01:13:43.069+0000] {logging_mixin.py:150} INFO - [2026-09-17T01:13:43.069+0000] {dag.py:3504} INFO - Setting next_dagrun for example_short_circuit_operator to 2026-09-16T01:13:43.069433+00:00, run_after=2026-09-17T01:13:43.069433+00:00
[2026-09-17T01:13:43.088+0000] {processor.py:179} INFO - Processing /home/vscode/.local/lib/python3.10/site-packages/airflow/example_dags/example_short_circuit_operator.py took 0.059 seconds
[2026-09-17T01:14:05.774+0000] {processor.py:157} INFO - Started process (PID=32245) to work on /home/vscode/.local/lib/python3.10/site-packages/airflow/example_dags/example_short_circuit_operator.py
[2026-09-17T01:14:05.774+0000] {processor.py:826} INFO - Processing file /home/vscode/.local/lib/python3.10/site-packages/airflow/example_dags/example_short_circuit_operator.py for tasks to queue
[2026-09-17T01:14:05.775+0000] {logging_mixin.py:150} INFO - [2026-09-17T01:14:05.775+0000] {dagbag.py:541} INFO - Filling up the DagBag from /home/vscode/.local/lib/python3.10/site-packages/airflow/example_dags/example_short_circuit_operator.py
[2026-09-17T01:14:05.782+0000] {processor.py:836} INFO - DAG(s) dict_keys(['example_short_circuit_operator']) retrieved from /home/vscode/.local/lib/python3.10/site-packages/airflow/example_dags/example_short_circuit_operator.py
[2026-09-17T01:14:05.807+0000] {logging_mixin.py:150} INFO - [2026-09-17T01:14:05.807+0000] {dag.py:2742} INFO - Sync 1 DAGs
[2026-09-17T01:14:05.825+0000] {logging_mixin.py:150} INFO - [2026-09-17T01:14:05.824+0000] {dag.py:3504} INFO - Setting next_dagrun for example_short_circuit_operator to 2026-09-16T01:14:05.824741+00:00, run_after=2026-09-17T01:14:05.824741+00:00
[2026-09-17T01:14:05.841+0000] {processor.py:179} INFO - Processing /home/vscode/.local/lib/python3.10/site-packages/airflow/example_dags/example_short_circuit_operator.py took 0.070 seconds
[2026-09-17T01:14:33.358+0000] {processor.py:157} INFO - Started process (PID=32478) to work on /home/vscode/.local/lib/python3.10/site-packages/airflow/example_dags/example_short_circuit_operator.py
[2026-09-17T01:14:33.358+0000] {processor.py:826} INFO - Processing file /home/vscode/.local/lib/python3.10/site-packages/airflow/example_dags/example_short_circuit_operator.py for tasks to queue
[2026-09-17T01:14:33.359+0000] {logging_mixin.py:150} INFO - [2026-09-17T01:14:33.359+0000] {dagbag.py:541} INFO - Filling up the DagBag from /home/vscode/.local/lib/python3.10/site-packages/airflow/example_dags/example_short_circuit_operator.py
[2026-09-17T01:14:33.365+0000] {processor.py:836} INFO - DAG(s) dict_keys(['example_short_circuit_operator']) retrieved from /home/vscode/.local/lib/python3.10/site-packages/airflow/example_dags/example_short_circuit_operator.py
[2026-09-17T01:14:33.379+0000] {logging_mixin.py:150} INFO - [2026-09-17T01:14:33.379+0000] {dag.py:2742} INFO - Sync 1 DAGs
[2026-09-17T01:14:33.397+0000] {logging_mixin.py:150} INFO - [2026-09-17T01:14:33.397+0000] {dag.py:3504} INFO - Setting next_dagrun for example_short_circuit_operator to 2026-09-16T01:14:33.397377+00:00, run_after=2026-09-17T01:14:33.397377+00:00
[2026-09-17T01:14:33.416+0000] {processor.py:179} INFO - Processing /home/vscode/.local/lib/python3.10/site-packages/airflow/example_dags/example_short_circuit_operator.py took 0.061 seconds
[2026-09-17T01:14:58.043+0000] {processor.py:157} INFO - Started process (PID=32701) to work on /home/vscode/.local/lib/python3.10/site-packages/airflow/example_dags/example_short_circuit_operator.py
[2026-09-17T01:14:58.044+0000] {processor.py:826} INFO - Processing file /home/vscode/.local/lib/python3.10/site-packages/airflow/example_dags/example_short_circuit_operator.py for tasks to queue
[2026-09-17T01:14:58.044+0000] {logging_mixin.py:150} INFO - [2026-09-17T01:14:58.044+0000] {dagbag.py:541} INFO - Filling up the DagBag from /home/vscode/.local/lib/python3.10/site-packages/airflow/example_dags/example_short_circuit_operator.py
[2026-09-17T01:14:58.051+0000] {processor.py:836} INFO - DAG(s) dict_keys(['example_short_circuit_operator']) retrieved from /home/vscode/.local/lib/python3.10/site-packages/airflow/example_dags/example_short_circuit_operator.py
[2026-09-17T01:14:58.074+0000] {logging_mixin.py:150} INFO - [2026-09-17T01:14:58.073+0000] {dag.py:2742} INFO - Sync 1 DAGs
[2026-09-17T01:14:58.104+0000] {logging_mixin.py:150} INFO - [2026-09-17T01:14:58.103+0000] {dag.py:3504} INFO - Setting next_dagrun for example_short_circuit_operator to 2026-09-16T01:14:58.103593+00:00, run_after=2026-09-17T01:14:58.103593+00:00
[2026-09-17T01:14:58.121+0000] {processor.py:179} INFO - Processing /home/vscode/.local/lib/python3.10/site-packages/airflow/example_dags/example_short_circuit_operator.py took 0.081 seconds
[2026-09-17T01:15:16.935+0000] {processor.py:157} INFO - Started process (PID=32852) to work on /home/vscode/.local/lib/python3.10/site-packages/airflow/example_dags/example_short_circuit_operator.py
[2026-09-17T01:15:16.936+0000] {processor.py:826} INFO - Processing file /home/vscode/.local/lib/python3.10/site-packages/airflow/example_dags/example_short_circuit_operator.py for tasks to queue
[2026-09-17T01:15:16.937+0000] {logging_mixin.py:150} INFO - [2026-09-17T01:15:16.937+0000] {dagbag.py:541} INFO - Filling up the DagBag from /home/vscode/.local/lib/python3.10/site-packages/airflow/example_dags/example_short_circuit_operator.py
[2026-09-17T01:15:16.947+0000] {processor.py:836} INFO - DAG(s) dict_keys(['example_short_circuit_operator']) retrieved from /home/vscode/.local/lib/python3.10/site-packages/airflow/example_dags/example_short_circuit_operator.py
[2026-09-17T01:15:16.969+0000] {logging_mixin.py:150} INFO - [2026-09-17T01:15:16.969+0000] {dag.py:2742} INFO - Sync 1 DAGs
[2026-09-17T01:15:16.992+0000] {logging_mixin.py:150} INFO - [2026-09-17T01:15:16.992+0000] {dag.py:3504} INFO - Setting next_dagrun for example_short_circuit_operator to 2026-09-16T01:15:16.992226+00:00, run_after=2026-09-17T01:15:16.992226+00:00
[2026-09-17T01:15:17.011+0000] {processor.py:179} INFO - Processing /home/vscode/.local/lib/python3.10/site-packages/airflow/example_dags/example_short_circuit_operator.py took 0.079 seconds
[2026-09-17T01:15:35.782+0000] {processor.py:157} INFO - Started process (PID=33010) to work on /home/vscode/.local/lib/python3.10/site-packages/airflow/example_dags/example_short_circuit_operator.py
[2026-09-17T01:15:35.783+0000] {processor.py:826} INFO - Processing file /home/vscode/.local/lib/python3.10/site-packages/airflow/example_dags/example_short_circuit_operator.py for tasks to queue
[2026-09-17T01:15:35.784+0000] {logging_mixin.py:150} INFO - [2026-09-17T01:15:35.783+0000] {dagbag.py:541} INFO - Filling up the DagBag from /home/vscode/.local/lib/python3.10/site-packages/airflow/example_dags/example_short_circuit_operator.py
[2026-09-17T01:15:35.796+0000] {processor.py:836} INFO - DAG(s) dict_keys(['example_short_circuit_operator']) retrieved from /home/vscode/.local/lib/python3.10/site-packages/airflow/example_dags/example_short_circuit_operator.py
[2026-09-17T01:15:35.817+0000] {logging_mixin.py:150} INFO - [2026-09-17T01:15:35.817+0000] {dag.py:2742} INFO - Sync 1 DAGs
[2026-09-17T01:15:35.837+0000] {logging_mixin.py:150} INFO - [2026-09-17T01:15:35.837+0000] {dag.py:3504} INFO - Setting next_dagrun for example_short_circuit_operator to 2026-09-16T01:15:35.837502+00:00, run_after=2026-09-17T01:15:35.837502+00:00
[2026-09-17T01:15:35.854+0000] {processor.py:179} INFO - Processing /home/vscode/.local/lib/python3.10/site-packages/airflow/example_dags/example_short_circuit_operator.py took 0.077 seconds
[2026-09-17T01:16:00.004+0000] {processor.py:157} INFO - Started process (PID=33249) to work on /home/vscode/.local/lib/python3.10/site-packages/airflow/example_dags/example_short_circuit_operator.py
[2026-09-17T01:16:00.005+0000] {processor.py:826} INFO - Processing file /home/vscode/.local/lib/python3.10/site-packages/airflow/example_dags/example_short_circuit_operator.py for tasks to queue
[2026-09-17T01:16:00.006+0000] {logging_mixin.py:150} INFO - [2026-09-17T01:16:00.005+0000] {dagbag.py:541} INFO - Filling up the DagBag from /home/vscode/.local/lib/python3.10/site-packages/airflow/example_dags/example_short_circuit_operator.py
[2026-09-17T01:16:00.016+0000] {processor.py:836} INFO - DAG(s) dict_keys(['example_short_circuit_operator']) retrieved from /home/vscode/.local/lib/python3.10/site-packages/airflow/example_dags/example_short_circuit_operator.py
[2026-09-17T01:16:00.039+0000] {logging_mixin.py:150} INFO - [2026-09-17T01:16:00.039+0000] {dag.py:2742} INFO - Sync 1 DAGs
[2026-09-17T01:16:00.058+0000] {logging_mixin.py:150} INFO - [2026-09-17T01:16:00.058+0000] {dag.py:3504} INFO - Setting next_dagrun for example_short_circuit_operator to 2026-09-16T01:16:00.058504+00:00, run_after=2026-09-17T01:16:00.058504+00:00
[2026-09-17T01:16:00.076+0000] {processor.py:179} INFO - Processing /home/vscode/.local/lib/python3.10/site-packages/airflow/example_dags/example_short_circuit_operator.py took 0.075 seconds
[2026-09-17T01:16:27.181+0000] {processor.py:157} INFO - Started process (PID=33482) to work on /home/vscode/.local/lib/python3.10/site-packages/airflow/example_dags/example_short_circuit_operator.py
[2026-09-17T01:16:27.182+0000] {processor.py:826} INFO - Processing file /home/vscode/.local/lib/python3.10/site-packages/airflow/example_dags/example_short_circuit_operator.py for tasks to queue
[2026-09-17T01:16:27.183+0000] {logging_mixin.py:150} INFO - [2026-09-17T01:16:27.183+0000] {dagbag.py:541} INFO - Filling up the DagBag from /home/vscode/.local/lib/python3.10/site-packages/airflow/example_dags/example_short_circuit_operator.py
[2026-09-17T01:16:27.192+0000] {processor.py:836} INFO - DAG(s) dict_keys(['example_short_circuit_operator']) retrieved from /home/vscode/.local/lib/python3.10/site-packages/airflow/example_dags/example_short_circuit_operator.py
[2026-09-17T01:16:27.208+0000] {logging_mixin.py:150} INFO - [2026-09-17T01:16:27.208+0000] {dag.py:2742} INFO - Sync 1 DAGs
[2026-09-17T01:16:27.228+0000] {logging_mixin.py:150} INFO - [2026-09-17T01:16:27.228+0000] {dag.py:3504} INFO - Setting next_dagrun for example_short_circuit_operator to 2026-09-16T01:16:27.228358+00:00, run_after=2026-09-17T01:16:27.228358+00:00
[2026-09-17T01:16:27.247+0000] {processor.py:179} INFO - Processing /home/vscode/.local/lib/python3.10/site-packages/airflow/example_dags/example_short_circuit_operator.py took 0.068 seconds
[2026-09-17T01:16:51.763+0000] {processor.py:157} INFO - Started process (PID=33692) to work on /home/vscode/.local/lib/python3.10/site-packages/airflow/example_dags/example_short_circuit_operator.py
[2026-09-17T01:16:51.764+0000] {processor.py:826} INFO - Processing file /home/vscode/.local/lib/python3.10/site-packages/airflow/example_dags/example_short_circuit_operator.py for tasks to queue
[2026-09-17T01:16:51.765+0000] {logging_mixin.py:150} INFO - [2026-09-17T01:16:51.765+0000] {dagbag.py:541} INFO - Filling up the DagBag from /home/vscode/.local/lib/python3.10/site-packages/airflow/example_dags/example_short_circuit_operator.py
[2026-09-17T01:16:51.771+0000] {processor.py:836} INFO - DAG(s) dict_keys(['example_short_circuit_operator']) retrieved from /home/vscode/.local/lib/python3.10/site-packages/airflow/example_dags/example_short_circuit_operator.py
[2026-09-17T01:16:51.786+0000] {logging_mixin.py:150} INFO - [2026-09-17T01:16:51.786+0000] {dag.py:2742} INFO - Sync 1 DAGs
[2026-09-17T01:16:51.801+0000] {logging_mixin.py:150} INFO - [2026-09-17T01:16:51.801+0000] {dag.py:3504} INFO - Setting next_dagrun for example_short_circuit_operator to 2026-09-16T01:16:51.801102+00:00, run_after=2026-09-17T01:16:51.801102+00:00
[2026-09-17T01:16:51.820+0000] {processor.py:179} INFO - Processing /home/vscode/.local/lib/python3.10/site-packages/airflow/example_dags/example_short_circuit_operator.py took 0.060 seconds
[2026-09-17T01:17:16.600+0000] {processor.py:157} INFO - Started process (PID=33907) to work on /home/vscode/.local/lib/python3.10/site-packages/airflow/example_dags/example_short_circuit_operator.py
[2026-09-17T01:17:16.601+0000] {processor.py:826} INFO - Processing file /home/vscode/.local/lib/python3.10/site-packages/airflow/example_dags/example_short_circuit_operator.py for tasks to queue
[2026-09-17T01:17:16.602+0000] {logging_mixin.py:150} INFO - [2026-09-17T01:17:16.601+0000] {dagbag.py:541} INFO - Filling up the DagBag from /home/vscode/.local/lib/python3.10/site-packages/airflow/example_dags/example_short_circuit_operator.py
[2026-09-17T01:17:16.608+0000] {processor.py:836} INFO - DAG(s) dict_keys(['example_short_circuit_operator']) retrieved from /home/vscode/.local/lib/python3.10/site-packages/airflow/example_dags/example_short_circuit_operator.py
[2026-09-17T01:17:16.625+0000] {logging_mixin.py:150} INFO - [2026-09-17T01:17:16.625+0000] {dag.py:2742} INFO - Sync 1 DAGs
[2026-09-17T01:17:16.647+0000] {logging_mixin.py:150} INFO - [2026-09-17T01:17:16.647+0000] {dag.py:3504} INFO - Setting next_dagrun for example_short_circuit_operator to 2026-09-16T01:17:16.646759+00:00, run_after=2026-09-17T01:17:16.646759+00:00
[2026-09-17T01:17:16.668+0000] {processor.py:179} INFO - Processing /home/vscode/.local/lib/python3.10/site-packages/airflow/example_dags/example_short_circuit_operator.py took 0.072 seconds
[2026-09-17T01:17:35.531+0000] {processor.py:157} INFO - Started process (PID=34065) to work on /home/vscode/.local/lib/python3.10/site-packages/airflow/example_dags/example_short_circuit_operator.py
[2026-09-17T01:17:35.532+0000] {processor.py:826} INFO - Processing file /home/vscode/.local/lib/python3.10/site-packages/airflow/example_dags/example_short_circuit_operator.py for tasks to queue
[2026-09-17T01:17:35.533+0000] {logging_mixin.py:150} INFO - [2026-09-17T01:17:35.533+0000] {dagbag.py:541} INFO - Filling up the DagBag from /home/vscode/.local/lib/python3.10/site-packages/airflow/example_dags/example_short_circuit_operator.py
[2026-09-17T01:17:35.540+0000] {processor.py:836} INFO - DAG(s) dict_keys(['example_short_circuit_operator']) retrieved from /home/vscode/.local/lib/python3.10/site-packages/airflow/example_dags/example_short_circuit_operator.py
[2026-09-17T01:17:35.553+0000] {logging_mixin.py:150} INFO - [2026-09-17T01:17:35.553+0000] {dag.py:2742} INFO - Sync 1 DAGs
[2026-09-17T01:17:35.569+0000] {logging_mixin.py:150} INFO - [2026-09-17T01:17:35.569+0000] {dag.py:3504} INFO - Setting next_dagrun for example_short_circuit_operator to 2026-09-16T01:17:35.569209+00:00, run_after=2026-09-17T01:17:35.569209+00:00
[2026-09-17T01:17:35.587+0000] {processor.py:179} INFO - Processing /home/vscode/.local/lib/python3.10/site-packages/airflow/example_dags/example_short_circuit_operator.py took 0.058 seconds
[2026-09-17T01:18:05.522+0000] {processor.py:157} INFO - Started process (PID=34314) to work on /home/vscode/.local/lib/python3.10/site-packages/airflow/example_dags/example_short_circuit_operator.py
[2026-09-17T01:18:05.524+0000] {processor.py:826} INFO - Processing file /home/vscode/.local/lib/python3.10/site-packages/airflow/example_dags/example_short_circuit_operator.py for tasks to queue
[2026-09-17T01:18:05.526+0000] {logging_mixin.py:150} INFO - [2026-09-17T01:18:05.525+0000] {dagbag.py:541} INFO - Filling up the DagBag from /home/vscode/.local/lib/python3.10/site-packages/airflow/example_dags/example_short_circuit_operator.py
[2026-09-17T01:18:05.541+0000] {processor.py:836} INFO - DAG(s) dict_keys(['example_short_circuit_operator']) retrieved from /home/vscode/.local/lib/python3.10/site-packages/airflow/example_dags/example_short_circuit_operator.py
[2026-09-17T01:18:05.558+0000] {logging_mixin.py:150} INFO - [2026-09-17T01:18:05.558+0000] {dag.py:2742} INFO - Sync 1 DAGs
[2026-09-17T01:18:05.572+0000] {logging_mixin.py:150} INFO - [2026-09-17T01:18:05.572+0000] {dag.py:3504} INFO - Setting next_dagrun for example_short_circuit_operator to 2026-09-16T01:18:05.572515+00:00, run_after=2026-09-17T01:18:05.572515+00:00
[2026-09-17T01:18:05.592+0000] {processor.py:179} INFO - Processing /home/vscode/.local/lib/python3.10/site-packages/airflow/example_dags/example_short_circuit_operator.py took 0.077 seconds
[2026-09-17T01:18:27.620+0000] {processor.py:157} INFO - Started process (PID=34505) to work on /home/vscode/.local/lib/python3.10/site-packages/airflow/example_dags/example_short_circuit_operator.py
[2026-09-17T01:18:27.621+0000] {processor.py:826} INFO - Processing file /home/vscode/.local/lib/python3.10/site-packages/airflow/example_dags/example_short_circuit_operator.py for tasks to queue
[2026-09-17T01:18:27.622+0000] {logging_mixin.py:150} INFO - [2026-09-17T01:18:27.622+0000] {dagbag.py:541} INFO - Filling up the DagBag from /home/vscode/.local/lib/python3.10/site-packages/airflow/example_dags/example_short_circuit_operator.py
[2026-09-17T01:18:27.629+0000] {processor.py:836} INFO - DAG(s) dict_keys(['example_short_circuit_operator']) retrieved from /home/vscode/.local/lib/python3.10/site-packages/airflow/example_dags/example_short_circuit_operator.py
[2026-09-17T01:18:27.649+0000] {logging_mixin.py:150} INFO - [2026-09-17T01:18:27.648+0000] {dag.py:2742} INFO - Sync 1 DAGs
[2026-09-17T01:18:27.664+0000] {logging_mixin.py:150} INFO - [2026-09-17T01:18:27.664+0000] {dag.py:3504} INFO - Setting next_dagrun for example_short_circuit_operator to 2026-09-16T01:18:27.663921+00:00, run_after=2026-09-17T01:18:27.663921+00:00
[2026-09-17T01:18:27.686+0000] {processor.py:179} INFO - Processing /home/vscode/.local/lib/python3.10/site-packages/airflow/example_dags/example_short_circuit_operator.py took 0.068 seconds
[2026-09-17T01:18:50.775+0000] {processor.py:157} INFO - Started process (PID=34708) to work on /home/vscode/.local/lib/python3.10/site-packages/airflow/example_dags/example_short_circuit_operator.py
[2026-09-17T01:18:50.776+0000] {processor.py:826} INFO - Processing file /home/vscode/.local/lib/python3.10/site-packages/airflow/example_dags/example_short_circuit_operator.py for tasks to queue
[2026-09-17T01:18:50.777+0000] {logging_mixin.py:150} INFO - [2026-09-17T01:18:50.776+0000] {dagbag.py:541} INFO - Filling up the DagBag from /home/vscode/.local/lib/python3.10/site-packages/airflow/example_dags/example_short_circuit_operator.py
[2026-09-17T01:18:50.787+0000] {processor.py:836} INFO - DAG(s) dict_keys(['example_short_circuit_operator']) retrieved from /home/vscode/.local/lib/python3.10/site-packages/airflow/example_dags/example_short_circuit_operator.py
[2026-09-17T01:18:50.816+0000] {logging_mixin.py:150} INFO - [2026-09-17T01:18:50.814+0000] {dag.py:2742} INFO - Sync 1 DAGs
[2026-09-17T01:18:50.835+0000] {logging_mixin.py:150} INFO - [2026-09-17T01:18:50.835+0000] {dag.py:3504} INFO - Setting next_dagrun for example_short_circuit_operator to 2026-09-16T01:18:50.835062+00:00, run_after=2026-09-17T01:18:50.835062+00:00
[2026-09-17T01:18:50.859+0000] {processor.py:179} INFO - Processing /home/vscode/.local/lib/python3.10/site-packages/airflow/example_dags/example_short_circuit_operator.py took 0.087 seconds
[2026-09-17T01:19:15.188+0000] {processor.py:157} INFO - Started process (PID=34902) to work on /home/vscode/.local/lib/python3.10/site-packages/airflow/example_dags/example_short_circuit_operator.py
[2026-09-17T01:19:15.189+0000] {processor.py:826} INFO - Processing file /home/vscode/.local/lib/python3.10/site-packages/airflow/example_dags/example_short_circuit_operator.py for tasks to queue
[2026-09-17T01:19:15.190+0000] {logging_mixin.py:150} INFO - [2026-09-17T01:19:15.189+0000] {dagbag.py:541} INFO - Filling up the DagBag from /home/vscode/.local/lib/python3.10/site-packages/airflow/example_dags/example_short_circuit_operator.py
[2026-09-17T01:19:15.198+0000] {processor.py:836} INFO - DAG(s) dict_keys(['example_short_circuit_operator']) retrieved from /home/vscode/.local/lib/python3.10/site-packages/airflow/example_dags/example_short_circuit_operator.py
[2026-09-17T01:19:15.213+0000] {logging_mixin.py:150} INFO - [2026-09-17T01:19:15.213+0000] {dag.py:2742} INFO - Sync 1 DAGs
[2026-09-17T01:19:15.228+0000] {logging_mixin.py:150} INFO - [2026-09-17T01:19:15.228+0000] {dag.py:3504} INFO - Setting next_dagrun for example_short_circuit_operator to 2026-09-16T01:19:15.228162+00:00, run_after=2026-09-17T01:19:15.228162+00:00
[2026-09-17T01:19:15.245+0000] {processor.py:179} INFO - Processing /home/vscode/.local/lib/python3.10/site-packages/airflow/example_dags/example_short_circuit_operator.py took 0.060 seconds
[2026-09-17T01:19:41.206+0000] {processor.py:157} INFO - Started process (PID=35102) to work on /home/vscode/.local/lib/python3.10/site-packages/airflow/example_dags/example_short_circuit_operator.py
[2026-09-17T01:19:41.207+0000] {processor.py:826} INFO - Processing file /home/vscode/.local/lib/python3.10/site-packages/airflow/example_dags/example_short_circuit_operator.py for tasks to queue
[2026-09-17T01:19:41.207+0000] {logging_mixin.py:150} INFO - [2026-09-17T01:19:41.207+0000] {dagbag.py:541} INFO - Filling up the DagBag from /home/vscode/.local/lib/python3.10/site-packages/airflow/example_dags/example_short_circuit_operator.py
[2026-09-17T01:19:41.214+0000] {processor.py:836} INFO - DAG(s) dict_keys(['example_short_circuit_operator']) retrieved from /home/vscode/.local/lib/python3.10/site-packages/airflow/example_dags/example_short_circuit_operator.py
[2026-09-17T01:19:41.230+0000] {logging_mixin.py:150} INFO - [2026-09-17T01:19:41.230+0000] {dag.py:2742} INFO - Sync 1 DAGs
[2026-09-17T01:19:41.246+0000] {logging_mixin.py:150} INFO - [2026-09-17T01:19:41.246+0000] {dag.py:3504} INFO - Setting next_dagrun for example_short_circuit_operator to 2026-09-16T01:19:41.246026+00:00, run_after=2026-09-17T01:19:41.246026+00:00
[2026-09-17T01:19:41.263+0000] {processor.py:179} INFO - Processing /home/vscode/.local/lib/python3.10/site-packages/airflow/example_dags/example_short_circuit_operator.py took 0.060 seconds
[2026-09-17T01:20:03.630+0000] {processor.py:157} INFO - Started process (PID=35352) to work on /home/vscode/.local/lib/python3.10/site-packages/airflow/example_dags/example_short_circuit_operator.py
[2026-09-17T01:20:03.631+0000] {processor.py:826} INFO - Processing file /home/vscode/.local/lib/python3.10/site-packages/airflow/example_dags/example_short_circuit_operator.py for tasks to queue
[2026-09-17T01:20:03.631+0000] {logging_mixin.py:150} INFO - [2026-09-17T01:20:03.631+0000] {dagbag.py:541} INFO - Filling up the DagBag from /home/vscode/.local/lib/python3.10/site-packages/airflow/example_dags/example_short_circuit_operator.py
[2026-09-17T01:20:03.638+0000] {processor.py:836} INFO - DAG(s) dict_keys(['example_short_circuit_operator']) retrieved from /home/vscode/.local/lib/python3.10/site-packages/airflow/example_dags/example_short_circuit_operator.py
[2026-09-17T01:20:03.652+0000] {logging_mixin.py:150} INFO - [2026-09-17T01:20:03.652+0000] {dag.py:2742} INFO - Sync 1 DAGs
[2026-09-17T01:20:03.667+0000] {logging_mixin.py:150} INFO - [2026-09-17T01:20:03.667+0000] {dag.py:3504} INFO - Setting next_dagrun for example_short_circuit_operator to 2026-09-16T01:20:03.667122+00:00, run_after=2026-09-17T01:20:03.667122+00:00
[2026-09-17T01:20:03.683+0000] {processor.py:179} INFO - Processing /home/vscode/.local/lib/python3.10/site-packages/airflow/example_dags/example_short_circuit_operator.py took 0.056 seconds
[2026-09-17T01:20:27.819+0000] {processor.py:157} INFO - Started process (PID=35545) to work on /home/vscode/.local/lib/python3.10/site-packages/airflow/example_dags/example_short_circuit_operator.py
[2026-09-17T01:20:27.820+0000] {processor.py:826} INFO - Processing file /home/vscode/.local/lib/python3.10/site-packages/airflow/example_dags/example_short_circuit_operator.py for tasks to queue
[2026-09-17T01:20:27.820+0000] {logging_mixin.py:150} INFO - [2026-09-17T01:20:27.820+0000] {dagbag.py:541} INFO - Filling up the DagBag from /home/vscode/.local/lib/python3.10/site-packages/airflow/example_dags/example_short_circuit_operator.py
[2026-09-17T01:20:27.827+0000] {processor.py:836} INFO - DAG(s) dict_keys(['example_short_circuit_operator']) retrieved from /home/vscode/.local/lib/python3.10/site-packages/airflow/example_dags/example_short_circuit_operator.py
[2026-09-17T01:20:27.844+0000] {logging_mixin.py:150} INFO - [2026-09-17T01:20:27.844+0000] {dag.py:2742} INFO - Sync 1 DAGs
[2026-09-17T01:20:27.859+0000] {logging_mixin.py:150} INFO - [2026-09-17T01:20:27.859+0000] {dag.py:3504} INFO - Setting next_dagrun for example_short_circuit_operator to 2026-09-16T01:20:27.859128+00:00, run_after=2026-09-17T01:20:27.859128+00:00
[2026-09-17T01:20:27.875+0000] {processor.py:179} INFO - Processing /home/vscode/.local/lib/python3.10/site-packages/airflow/example_dags/example_short_circuit_operator.py took 0.059 seconds
[2026-09-17T01:20:51.898+0000] {processor.py:157} INFO - Started process (PID=35782) to work on /home/vscode/.local/lib/python3.10/site-packages/airflow/example_dags/example_short_circuit_operator.py
[2026-09-17T01:20:51.900+0000] {processor.py:826} INFO - Processing file /home/vscode/.local/lib/python3.10/site-packages/airflow/example_dags/example_short_circuit_operator.py for tasks to queue
[2026-09-17T01:20:51.901+0000] {logging_mixin.py:150} INFO - [2026-09-17T01:20:51.901+0000] {dagbag.py:541} INFO - Filling up the DagBag from /home/vscode/.local/lib/python3.10/site-packages/airflow/example_dags/example_short_circuit_operator.py
[2026-09-17T01:20:51.912+0000] {processor.py:836} INFO - DAG(s) dict_keys(['example_short_circuit_operator']) retrieved from /home/vscode/.local/lib/python3.10/site-packages/airflow/example_dags/example_short_circuit_operator.py
[2026-09-17T01:20:51.936+0000] {logging_mixin.py:150} INFO - [2026-09-17T01:20:51.936+0000] {dag.py:2742} INFO - Sync 1 DAGs
[2026-09-17T01:20:51.955+0000] {logging_mixin.py:150} INFO - [2026-09-17T01:20:51.955+0000] {dag.py:3504} INFO - Setting next_dagrun for example_short_circuit_operator to 2026-09-16T01:20:51.955114+00:00, run_after=2026-09-17T01:20:51.955114+00:00
[2026-09-17T01:20:51.972+0000] {processor.py:179} INFO - Processing /home/vscode/.local/lib/python3.10/site-packages/airflow/example_dags/example_short_circuit_operator.py took 0.078 seconds
[2026-09-17T01:21:18.323+0000] {processor.py:157} INFO - Started process (PID=36209) to work on /home/vscode/.local/lib/python3.10/site-packages/airflow/example_dags/example_short_circuit_operator.py
[2026-09-17T01:21:18.324+0000] {processor.py:826} INFO - Processing file /home/vscode/.local/lib/python3.10/site-packages/airflow/example_dags/example_short_circuit_operator.py for tasks to queue
[2026-09-17T01:21:18.324+0000] {logging_mixin.py:150} INFO - [2026-09-17T01:21:18.324+0000] {dagbag.py:541} INFO - Filling up the DagBag from /home/vscode/.local/lib/python3.10/site-packages/airflow/example_dags/example_short_circuit_operator.py
[2026-09-17T01:21:18.331+0000] {processor.py:836} INFO - DAG(s) dict_keys(['example_short_circuit_operator']) retrieved from /home/vscode/.local/lib/python3.10/site-packages/airflow/example_dags/example_short_circuit_operator.py
[2026-09-17T01:21:18.346+0000] {logging_mixin.py:150} INFO - [2026-09-17T01:21:18.346+0000] {dag.py:2742} INFO - Sync 1 DAGs
[2026-09-17T01:21:18.361+0000] {logging_mixin.py:150} INFO - [2026-09-17T01:21:18.361+0000] {dag.py:3504} INFO - Setting next_dagrun for example_short_circuit_operator to 2026-09-16T01:21:18.361112+00:00, run_after=2026-09-17T01:21:18.361112+00:00
[2026-09-17T01:21:18.378+0000] {processor.py:179} INFO - Processing /home/vscode/.local/lib/python3.10/site-packages/airflow/example_dags/example_short_circuit_operator.py took 0.057 seconds
[2026-09-17T01:21:39.307+0000] {processor.py:157} INFO - Started process (PID=36477) to work on /home/vscode/.local/lib/python3.10/site-packages/airflow/example_dags/example_short_circuit_operator.py
[2026-09-17T01:21:39.308+0000] {processor.py:826} INFO - Processing file /home/vscode/.local/lib/python3.10/site-packages/airflow/example_dags/example_short_circuit_operator.py for tasks to queue
[2026-09-17T01:21:39.309+0000] {logging_mixin.py:150} INFO - [2026-09-17T01:21:39.308+0000] {dagbag.py:541} INFO - Filling up the DagBag from /home/vscode/.local/lib/python3.10/site-packages/airflow/example_dags/example_short_circuit_operator.py
[2026-09-17T01:21:39.315+0000] {processor.py:836} INFO - DAG(s) dict_keys(['example_short_circuit_operator']) retrieved from /home/vscode/.local/lib/python3.10/site-packages/airflow/example_dags/example_short_circuit_operator.py
[2026-09-17T01:21:39.330+0000] {logging_mixin.py:150} INFO - [2026-09-17T01:21:39.330+0000] {dag.py:2742} INFO - Sync 1 DAGs
[2026-09-17T01:21:39.347+0000] {logging_mixin.py:150} INFO - [2026-09-17T01:21:39.347+0000] {dag.py:3504} INFO - Setting next_dagrun for example_short_circuit_operator to 2026-09-16T01:21:39.347137+00:00, run_after=2026-09-17T01:21:39.347137+00:00
[2026-09-17T01:21:39.363+0000] {processor.py:179} INFO - Processing /home/vscode/.local/lib/python3.10/site-packages/airflow/example_dags/example_short_circuit_operator.py took 0.058 seconds
[2026-09-17T01:22:06.849+0000] {processor.py:157} INFO - Started process (PID=36774) to work on /home/vscode/.local/lib/python3.10/site-packages/airflow/example_dags/example_short_circuit_operator.py
[2026-09-17T01:22:06.850+0000] {processor.py:826} INFO - Processing file /home/vscode/.local/lib/python3.10/site-packages/airflow/example_dags/example_short_circuit_operator.py for tasks to queue
[2026-09-17T01:22:06.850+0000] {logging_mixin.py:150} INFO - [2026-09-17T01:22:06.850+0000] {dagbag.py:541} INFO - Filling up the DagBag from /home/vscode/.local/lib/python3.10/site-packages/airflow/example_dags/example_short_circuit_operator.py
[2026-09-17T01:22:06.857+0000] {processor.py:836} INFO - DAG(s) dict_keys(['example_short_circuit_operator']) retrieved from /home/vscode/.local/lib/python3.10/site-packages/airflow/example_dags/example_short_circuit_operator.py
[2026-09-17T01:22:06.890+0000] {logging_mixin.py:150} INFO - [2026-09-17T01:22:06.890+0000] {dag.py:2742} INFO - Sync 1 DAGs
[2026-09-17T01:22:06.926+0000] {logging_mixin.py:150} INFO - [2026-09-17T01:22:06.926+0000] {dag.py:3504} INFO - Setting next_dagrun for example_short_circuit_operator to 2026-09-16T01:22:06.925902+00:00, run_after=2026-09-17T01:22:06.925902+00:00
[2026-09-17T01:22:06.952+0000] {processor.py:179} INFO - Processing /home/vscode/.local/lib/python3.10/site-packages/airflow/example_dags/example_short_circuit_operator.py took 0.106 seconds
[2026-09-17T01:22:29.538+0000] {processor.py:157} INFO - Started process (PID=37152) to work on /home/vscode/.local/lib/python3.10/site-packages/airflow/example_dags/example_short_circuit_operator.py
[2026-09-17T01:22:29.538+0000] {processor.py:826} INFO - Processing file /home/vscode/.local/lib/python3.10/site-packages/airflow/example_dags/example_short_circuit_operator.py for tasks to queue
[2026-09-17T01:22:29.539+0000] {logging_mixin.py:150} INFO - [2026-09-17T01:22:29.539+0000] {dagbag.py:541} INFO - Filling up the DagBag from /home/vscode/.local/lib/python3.10/site-packages/airflow/example_dags/example_short_circuit_operator.py
[2026-09-17T01:22:29.547+0000] {processor.py:836} INFO - DAG(s) dict_keys(['example_short_circuit_operator']) retrieved from /home/vscode/.local/lib/python3.10/site-packages/airflow/example_dags/example_short_circuit_operator.py
[2026-09-17T01:22:29.565+0000] {logging_mixin.py:150} INFO - [2026-09-17T01:22:29.565+0000] {dag.py:2742} INFO - Sync 1 DAGs
[2026-09-17T01:22:29.580+0000] {logging_mixin.py:150} INFO - [2026-09-17T01:22:29.580+0000] {dag.py:3504} INFO - Setting next_dagrun for example_short_circuit_operator to 2026-09-16T01:22:29.579865+00:00, run_after=2026-09-17T01:22:29.579865+00:00
[2026-09-17T01:22:29.602+0000] {processor.py:179} INFO - Processing /home/vscode/.local/lib/python3.10/site-packages/airflow/example_dags/example_short_circuit_operator.py took 0.067 seconds
[2026-09-17T01:22:55.779+0000] {processor.py:157} INFO - Started process (PID=37365) to work on /home/vscode/.local/lib/python3.10/site-packages/airflow/example_dags/example_short_circuit_operator.py
[2026-09-17T01:22:55.780+0000] {processor.py:826} INFO - Processing file /home/vscode/.local/lib/python3.10/site-packages/airflow/example_dags/example_short_circuit_operator.py for tasks to queue
[2026-09-17T01:22:55.781+0000] {logging_mixin.py:150} INFO - [2026-09-17T01:22:55.780+0000] {dagbag.py:541} INFO - Filling up the DagBag from /home/vscode/.local/lib/python3.10/site-packages/airflow/example_dags/example_short_circuit_operator.py
[2026-09-17T01:22:55.791+0000] {processor.py:836} INFO - DAG(s) dict_keys(['example_short_circuit_operator']) retrieved from /home/vscode/.local/lib/python3.10/site-packages/airflow/example_dags/example_short_circuit_operator.py
[2026-09-17T01:22:55.808+0000] {logging_mixin.py:150} INFO - [2026-09-17T01:22:55.808+0000] {dag.py:2742} INFO - Sync 1 DAGs
[2026-09-17T01:22:55.823+0000] {logging_mixin.py:150} INFO - [2026-09-17T01:22:55.823+0000] {dag.py:3504} INFO - Setting next_dagrun for example_short_circuit_operator to 2026-09-16T01:22:55.823214+00:00, run_after=2026-09-17T01:22:55.823214+00:00
[2026-09-17T01:22:55.840+0000] {processor.py:179} INFO - Processing /home/vscode/.local/lib/python3.10/site-packages/airflow/example_dags/example_short_circuit_operator.py took 0.063 seconds
[2026-09-17T01:23:16.778+0000] {processor.py:157} INFO - Started process (PID=37581) to work on /home/vscode/.local/lib/python3.10/site-packages/airflow/example_dags/example_short_circuit_operator.py
[2026-09-17T01:23:16.778+0000] {processor.py:826} INFO - Processing file /home/vscode/.local/lib/python3.10/site-packages/airflow/example_dags/example_short_circuit_operator.py for tasks to queue
[2026-09-17T01:23:16.779+0000] {logging_mixin.py:150} INFO - [2026-09-17T01:23:16.779+0000] {dagbag.py:541} INFO - Filling up the DagBag from /home/vscode/.local/lib/python3.10/site-packages/airflow/example_dags/example_short_circuit_operator.py
[2026-09-17T01:23:16.791+0000] {processor.py:836} INFO - DAG(s) dict_keys(['example_short_circuit_operator']) retrieved from /home/vscode/.local/lib/python3.10/site-packages/airflow/example_dags/example_short_circuit_operator.py
[2026-09-17T01:23:16.809+0000] {logging_mixin.py:150} INFO - [2026-09-17T01:23:16.809+0000] {dag.py:2742} INFO - Sync 1 DAGs
[2026-09-17T01:23:16.826+0000] {logging_mixin.py:150} INFO - [2026-09-17T01:23:16.826+0000] {dag.py:3504} INFO - Setting next_dagrun for example_short_circuit_operator to 2026-09-16T01:23:16.826525+00:00, run_after=2026-09-17T01:23:16.826525+00:00
[2026-09-17T01:23:16.844+0000] {processor.py:179} INFO - Processing /home/vscode/.local/lib/python3.10/site-packages/airflow/example_dags/example_short_circuit_operator.py took 0.068 seconds
[2026-09-17T01:23:45.708+0000] {processor.py:157} INFO - Started process (PID=37830) to work on /home/vscode/.local/lib/python3.10/site-packages/airflow/example_dags/example_short_circuit_operator.py
[2026-09-17T01:23:45.709+0000] {processor.py:826} INFO - Processing file /home/vscode/.local/lib/python3.10/site-packages/airflow/example_dags/example_short_circuit_operator.py for tasks to queue
[2026-09-17T01:23:45.710+0000] {logging_mixin.py:150} INFO - [2026-09-17T01:23:45.710+0000] {dagbag.py:541} INFO - Filling up the DagBag from /home/vscode/.local/lib/python3.10/site-packages/airflow/example_dags/example_short_circuit_operator.py
[2026-09-17T01:23:45.716+0000] {processor.py:836} INFO - DAG(s) dict_keys(['example_short_circuit_operator']) retrieved from /home/vscode/.local/lib/python3.10/site-packages/airflow/example_dags/example_short_circuit_operator.py
[2026-09-17T01:23:45.730+0000] {logging_mixin.py:150} INFO - [2026-09-17T01:23:45.730+0000] {dag.py:2742} INFO - Sync 1 DAGs
[2026-09-17T01:23:45.746+0000] {logging_mixin.py:150} INFO - [2026-09-17T01:23:45.745+0000] {dag.py:3504} INFO - Setting next_dagrun for example_short_circuit_operator to 2026-09-16T01:23:45.745760+00:00, run_after=2026-09-17T01:23:45.745760+00:00
[2026-09-17T01:23:45.763+0000] {processor.py:179} INFO - Processing /home/vscode/.local/lib/python3.10/site-packages/airflow/example_dags/example_short_circuit_operator.py took 0.057 seconds
[2026-09-17T01:24:06.419+0000] {processor.py:157} INFO - Started process (PID=37990) to work on /home/vscode/.local/lib/python3.10/site-packages/airflow/example_dags/example_short_circuit_operator.py
[2026-09-17T01:24:06.421+0000] {processor.py:826} INFO - Processing file /home/vscode/.local/lib/python3.10/site-packages/airflow/example_dags/example_short_circuit_operator.py for tasks to queue
[2026-09-17T01:24:06.424+0000] {logging_mixin.py:150} INFO - [2026-09-17T01:24:06.424+0000] {dagbag.py:541} INFO - Filling up the DagBag from /home/vscode/.local/lib/python3.10/site-packages/airflow/example_dags/example_short_circuit_operator.py
[2026-09-17T01:24:06.447+0000] {processor.py:836} INFO - DAG(s) dict_keys(['example_short_circuit_operator']) retrieved from /home/vscode/.local/lib/python3.10/site-packages/airflow/example_dags/example_short_circuit_operator.py
[2026-09-17T01:24:06.471+0000] {logging_mixin.py:150} INFO - [2026-09-17T01:24:06.471+0000] {dag.py:2742} INFO - Sync 1 DAGs
[2026-09-17T01:24:06.486+0000] {logging_mixin.py:150} INFO - [2026-09-17T01:24:06.486+0000] {dag.py:3504} INFO - Setting next_dagrun for example_short_circuit_operator to 2026-09-16T01:24:06.486322+00:00, run_after=2026-09-17T01:24:06.486322+00:00
[2026-09-17T01:24:06.523+0000] {processor.py:179} INFO - Processing /home/vscode/.local/lib/python3.10/site-packages/airflow/example_dags/example_short_circuit_operator.py took 0.110 seconds
[2026-09-17T01:24:37.132+0000] {processor.py:157} INFO - Started process (PID=38546) to work on /home/vscode/.local/lib/python3.10/site-packages/airflow/example_dags/example_short_circuit_operator.py
[2026-09-17T01:24:37.133+0000] {processor.py:826} INFO - Processing file /home/vscode/.local/lib/python3.10/site-packages/airflow/example_dags/example_short_circuit_operator.py for tasks to queue
[2026-09-17T01:24:37.133+0000] {logging_mixin.py:150} INFO - [2026-09-17T01:24:37.133+0000] {dagbag.py:541} INFO - Filling up the DagBag from /home/vscode/.local/lib/python3.10/site-packages/airflow/example_dags/example_short_circuit_operator.py
[2026-09-17T01:24:37.143+0000] {processor.py:836} INFO - DAG(s) dict_keys(['example_short_circuit_operator']) retrieved from /home/vscode/.local/lib/python3.10/site-packages/airflow/example_dags/example_short_circuit_operator.py
[2026-09-17T01:24:37.158+0000] {logging_mixin.py:150} INFO - [2026-09-17T01:24:37.158+0000] {dag.py:2742} INFO - Sync 1 DAGs
[2026-09-17T01:24:37.173+0000] {logging_mixin.py:150} INFO - [2026-09-17T01:24:37.173+0000] {dag.py:3504} INFO - Setting next_dagrun for example_short_circuit_operator to 2026-09-16T01:24:37.173206+00:00, run_after=2026-09-17T01:24:37.173206+00:00
[2026-09-17T01:24:37.192+0000] {processor.py:179} INFO - Processing /home/vscode/.local/lib/python3.10/site-packages/airflow/example_dags/example_short_circuit_operator.py took 0.063 seconds
