[2026-09-17T00:55:55.377+0000] {processor.py:157} INFO - Started process (PID=22250) to work on /home/vscode/.local/lib/python3.10/site-packages/airflow/example_dags/example_branch_operator_decorator.py
[2026-09-17T00:55:55.378+0000] {processor.py:826} INFO - Processing file /home/vscode/.local/lib/python3.10/site-packages/airflow/example_dags/example_branch_operator_decorator.py for tasks to queue
[2026-09-17T00:55:55.379+0000] {logging_mixin.py:150} INFO - [2026-09-17T00:55:55.378+0000] {dagbag.py:541} INFO - Filling up the DagBag from /home/vscode/.local/lib/python3.10/site-packages/airflow/example_dags/example_branch_operator_decorator.py
[2026-09-17T00:55:55.387+0000] {processor.py:836} INFO - DAG(s) dict_keys(['example_branch_python_operator_decorator']) retrieved from /home/vscode/.local/lib/python3.10/site-packages/airflow/example_dags/example_branch_operator_decorator.py
[2026-09-17T00:55:55.510+0000] {logging_mixin.py:150} INFO - [2026-09-17T00:55:55.509+0000] {manager.py:504} INFO - Created Permission View: can delete on DAG:example_branch_python_operator_decorator
[2026-09-17T00:55:55.523+0000] {logging_mixin.py:150} INFO - [2026-09-17T00:55:55.523+0000] {manager.py:504} INFO - Created Permission View: can edit on DAG:example_branch_python_operator_decorator
[2026-09-17T00:55:55.531+0000] {logging_mixin.py:150} INFO - [2026-09-17T00:55:55.531+0000] {manager.py:504} INFO - Created Permission View: can read on DAG:example_branch_python_operator_decorator
[2026-09-17T00:55:55.540+0000] {logging_mixin.py:150} INFO - [2026-09-17T00:55:55.540+0000] {dag.py:2742} INFO - Sync 1 DAGs
[2026-09-17T00:55:55.548+0000] {logging_mixin.py:150} INFO - [2026-09-17T00:55:55.548+0000] {dag.py:2763} INFO - Creating ORM DAG for example_branch_python_operator_decorator
[2026-09-17T00:55:55.558+0000] {logging_mixin.py:150} INFO - [2026-09-17T00:55:55.558+0000] {dag.py:3504} INFO - Setting next_dagrun for example_branch_python_operator_decorator to 2026-09-16T00:00:00+00:00, run_after=2026-09-17T00:00:00+00:00
[2026-09-17T00:55:55.577+0000] {processor.py:179} INFO - Processing /home/vscode/.local/lib/python3.10/site-packages/airflow/example_dags/example_branch_operator_decorator.py took 0.202 seconds
[2026-09-17T00:56:20.735+0000] {processor.py:157} INFO - Started process (PID=22459) to work on /home/vscode/.local/lib/python3.10/site-packages/airflow/example_dags/example_branch_operator_decorator.py
[2026-09-17T00:56:20.736+0000] {processor.py:826} INFO - Processing file /home/vscode/.local/lib/python3.10/site-packages/airflow/example_dags/example_branch_operator_decorator.py for tasks to queue
[2026-09-17T00:56:20.737+0000] {logging_mixin.py:150} INFO - [2026-09-17T00:56:20.737+0000] {dagbag.py:541} INFO - Filling up the DagBag from /home/vscode/.local/lib/python3.10/site-packages/airflow/example_dags/example_branch_operator_decorator.py
[2026-09-17T00:56:20.749+0000] {processor.py:836} INFO - DAG(s) dict_keys(['example_branch_python_operator_decorator']) retrieved from /home/vscode/.local/lib/python3.10/site-packages/airflow/example_dags/example_branch_operator_decorator.py
[2026-09-17T00:56:20.759+0000] {logging_mixin.py:150} INFO - [2026-09-17T00:56:20.758+0000] {dag.py:2742} INFO - Sync 1 DAGs
[2026-09-17T00:56:20.777+0000] {logging_mixin.py:150} INFO - [2026-09-17T00:56:20.777+0000] {dag.py:3504} INFO - Setting next_dagrun for example_branch_python_operator_decorator to 2026-09-16T00:00:00+00:00, run_after=2026-09-17T00:00:00+00:00
[2026-09-17T00:56:20.794+0000] {processor.py:179} INFO - Processing /home/vscode/.local/lib/python3.10/site-packages/airflow/example_dags/example_branch_operator_decorator.py took 0.062 seconds
[2026-09-17T00:56:46.484+0000] {processor.py:157} INFO - Started process (PID=22737) to work on /home/vscode/.local/lib/python3.10/site-packages/airflow/example_dags/example_branch_operator_decorator.py
[2026-09-17T00:56:46.485+0000] {processor.py:826} INFO - Processing file /home/vscode/.local/lib/python3.10/site-packages/airflow/example_dags/example_branch_operator_decorator.py for tasks to queue
[2026-09-17T00:56:46.485+0000] {logging_mixin.py:150} INFO - [2026-09-17T00:56:46.485+0000] {dagbag.py:541} INFO - Filling up the DagBag from /home/vscode/.local/lib/python3.10/site-packages/airflow/example_dags/example_branch_operator_decorator.py
[2026-09-17T00:56:46.497+0000] {processor.py:836} INFO - DAG(s) dict_keys(['example_branch_python_operator_decorator']) retrieved from /home/vscode/.local/lib/python3.10/site-packages/airflow/example_dags/example_branch_operator_decorator.py
[2026-09-17T00:56:46.517+0000] {logging_mixin.py:150} INFO - [2026-09-17T00:56:46.517+0000] {dag.py:2742} INFO - Sync 1 DAGs
[2026-09-17T00:56:46.540+0000] {logging_mixin.py:150} INFO - [2026-09-17T00:56:46.540+0000] {dag.py:3504} INFO - Setting next_dagrun for example_branch_python_operator_decorator to 2026-09-16T00:00:00+00:00, run_after=2026-09-17T00:00:00+00:00
[2026-09-17T00:56:46.561+0000] {processor.py:179} INFO - Processing /home/vscode/.local/lib/python3.10/site-packages/airflow/example_dags/example_branch_operator_decorator.py took 0.081 seconds
[2026-09-17T00:57:20.830+0000] {processor.py:157} INFO - Started process (PID=23004) to work on /home/vscode/.local/lib/python3.10/site-packages/airflow/example_dags/example_branch_operator_decorator.py
[2026-09-17T00:57:20.839+0000] {processor.py:826} INFO - Processing file /home/vscode/.local/lib/python3.10/site-packages/airflow/example_dags/example_branch_operator_decorator.py for tasks to queue
[2026-09-17T00:57:20.844+0000] {logging_mixin.py:150} INFO - [2026-09-17T00:57:20.840+0000] {dagbag.py:541} INFO - Filling up the DagBag from /home/vscode/.local/lib/python3.10/site-packages/airflow/example_dags/example_branch_operator_decorator.py
[2026-09-17T00:57:20.861+0000] {processor.py:836} INFO - DAG(s) dict_keys(['example_branch_python_operator_decorator']) retrieved from /home/vscode/.local/lib/python3.10/site-packages/airflow/example_dags/example_branch_operator_decorator.py
[2026-09-17T00:57:20.942+0000] {logging_mixin.py:150} INFO - [2026-09-17T00:57:20.942+0000] {dag.py:2742} INFO - Sync 1 DAGs
[2026-09-17T00:57:20.958+0000] {logging_mixin.py:150} INFO - [2026-09-17T00:57:20.958+0000] {dag.py:3504} INFO - Setting next_dagrun for example_branch_python_operator_decorator to 2026-09-16T00:00:00+00:00, run_after=2026-09-17T00:00:00+00:00
[2026-09-17T00:57:20.976+0000] {processor.py:179} INFO - Processing /home/vscode/.local/lib/python3.10/site-packages/airflow/example_dags/example_branch_operator_decorator.py took 0.152 seconds
[2026-09-17T00:57:42.428+0000] {processor.py:157} INFO - Started process (PID=23168) to work on /home/vscode/.local/lib/python3.10/site-packages/airflow/example_dags/example_branch_operator_decorator.py
[2026-09-17T00:57:42.428+0000] {processor.py:826} INFO - Processing file /home/vscode/.local/lib/python3.10/site-packages/airflow/example_dags/example_branch_operator_decorator.py for tasks to queue
[2026-09-17T00:57:42.429+0000] {logging_mixin.py:150} INFO - [2026-09-17T00:57:42.429+0000] {dagbag.py:541} INFO - Filling up the DagBag from /home/vscode/.local/lib/python3.10/site-packages/airflow/example_dags/example_branch_operator_decorator.py
[2026-09-17T00:57:42.440+0000] {processor.py:836} INFO - DAG(s) dict_keys(['example_branch_python_operator_decorator']) retrieved from /home/vscode/.local/lib/python3.10/site-packages/airflow/example_dags/example_branch_operator_decorator.py
[2026-09-17T00:57:42.462+0000] {logging_mixin.py:150} INFO - [2026-09-17T00:57:42.462+0000] {dag.py:2742} INFO - Sync 1 DAGs
[2026-09-17T00:57:42.487+0000] {logging_mixin.py:150} INFO - [2026-09-17T00:57:42.486+0000] {dag.py:3504} INFO - Setting next_dagrun for example_branch_python_operator_decorator to 2026-09-16T00:00:00+00:00, run_after=2026-09-17T00:00:00+00:00
[2026-09-17T00:57:42.515+0000] {processor.py:179} INFO - Processing /home/vscode/.local/lib/python3.10/site-packages/airflow/example_dags/example_branch_operator_decorator.py took 0.091 seconds
[2026-09-17T00:58:12.916+0000] {processor.py:157} INFO - Started process (PID=23409) to work on /home/vscode/.local/lib/python3.10/site-packages/airflow/example_dags/example_branch_operator_decorator.py
[2026-09-17T00:58:12.917+0000] {processor.py:826} INFO - Processing file /home/vscode/.local/lib/python3.10/site-packages/airflow/example_dags/example_branch_operator_decorator.py for tasks to queue
[2026-09-17T00:58:12.918+0000] {logging_mixin.py:150} INFO - [2026-09-17T00:58:12.917+0000] {dagbag.py:541} INFO - Filling up the DagBag from /home/vscode/.local/lib/python3.10/site-packages/airflow/example_dags/example_branch_operator_decorator.py
[2026-09-17T00:58:12.936+0000] {processor.py:836} INFO - DAG(s) dict_keys(['example_branch_python_operator_decorator']) retrieved from /home/vscode/.local/lib/python3.10/site-packages/airflow/example_dags/example_branch_operator_decorator.py
[2026-09-17T00:58:12.963+0000] {logging_mixin.py:150} INFO - [2026-09-17T00:58:12.963+0000] {dag.py:2742} INFO - Sync 1 DAGs
[2026-09-17T00:58:12.990+0000] {logging_mixin.py:150} INFO - [2026-09-17T00:58:12.990+0000] {dag.py:3504} INFO - Setting next_dagrun for example_branch_python_operator_decorator to 2026-09-16T00:00:00+00:00, run_after=2026-09-17T00:00:00+00:00
[2026-09-17T00:58:13.021+0000] {processor.py:179} INFO - Processing /home/vscode/.local/lib/python3.10/site-packages/airflow/example_dags/example_branch_operator_decorator.py took 0.113 seconds
[2026-09-17T00:58:31.994+0000] {processor.py:157} INFO - Started process (PID=23649) to work on /home/vscode/.local/lib/python3.10/site-packages/airflow/example_dags/example_branch_operator_decorator.py
[2026-09-17T00:58:31.995+0000] {processor.py:826} INFO - Processing file /home/vscode/.local/lib/python3.10/site-packages/airflow/example_dags/example_branch_operator_decorator.py for tasks to queue
[2026-09-17T00:58:31.996+0000] {logging_mixin.py:150} INFO - [2026-09-17T00:58:31.996+0000] {dagbag.py:541} INFO - Filling up the DagBag from /home/vscode/.local/lib/python3.10/site-packages/airflow/example_dags/example_branch_operator_decorator.py
[2026-09-17T00:58:32.006+0000] {processor.py:836} INFO - DAG(s) dict_keys(['example_branch_python_operator_decorator']) retrieved from /home/vscode/.local/lib/python3.10/site-packages/airflow/example_dags/example_branch_operator_decorator.py
[2026-09-17T00:58:32.020+0000] {logging_mixin.py:150} INFO - [2026-09-17T00:58:32.020+0000] {dag.py:2742} INFO - Sync 1 DAGs
[2026-09-17T00:58:32.043+0000] {logging_mixin.py:150} INFO - [2026-09-17T00:58:32.042+0000] {dag.py:3504} INFO - Setting next_dagrun for example_branch_python_operator_decorator to 2026-09-16T00:00:00+00:00, run_after=2026-09-17T00:00:00+00:00
[2026-09-17T00:58:32.068+0000] {processor.py:179} INFO - Processing /home/vscode/.local/lib/python3.10/site-packages/airflow/example_dags/example_branch_operator_decorator.py took 0.077 seconds
[2026-09-17T00:59:07.479+0000] {processor.py:157} INFO - Started process (PID=24085) to work on /home/vscode/.local/lib/python3.10/site-packages/airflow/example_dags/example_branch_operator_decorator.py
[2026-09-17T00:59:07.480+0000] {processor.py:826} INFO - Processing file /home/vscode/.local/lib/python3.10/site-packages/airflow/example_dags/example_branch_operator_decorator.py for tasks to queue
[2026-09-17T00:59:07.481+0000] {logging_mixin.py:150} INFO - [2026-09-17T00:59:07.481+0000] {dagbag.py:541} INFO - Filling up the DagBag from /home/vscode/.local/lib/python3.10/site-packages/airflow/example_dags/example_branch_operator_decorator.py
[2026-09-17T00:59:07.490+0000] {processor.py:836} INFO - DAG(s) dict_keys(['example_branch_python_operator_decorator']) retrieved from /home/vscode/.local/lib/python3.10/site-packages/airflow/example_dags/example_branch_operator_decorator.py
[2026-09-17T00:59:07.508+0000] {logging_mixin.py:150} INFO - [2026-09-17T00:59:07.507+0000] {dag.py:2742} INFO - Sync 1 DAGs
[2026-09-17T00:59:07.530+0000] {logging_mixin.py:150} INFO - [2026-09-17T00:59:07.530+0000] {dag.py:3504} INFO - Setting next_dagrun for example_branch_python_operator_decorator to 2026-09-16T00:00:00+00:00, run_after=2026-09-17T00:00:00+00:00
[2026-09-17T00:59:07.551+0000] {processor.py:179} INFO - Processing /home/vscode/.local/lib/python3.10/site-packages/airflow/example_dags/example_branch_operator_decorator.py took 0.077 seconds
[2026-09-17T00:59:20.762+0000] {processor.py:157} INFO - Started process (PID=24191) to work on /home/vscode/.local/lib/python3.10/site-packages/airflow/example_dags/example_branch_operator_decorator.py
[2026-09-17T00:59:20.763+0000] {processor.py:826} INFO - Processing file /home/vscode/.local/lib/python3.10/site-packages/airflow/example_dags/example_branch_operator_decorator.py for tasks to queue
[2026-09-17T00:59:20.764+0000] {logging_mixin.py:150} INFO - [2026-09-17T00:59:20.763+0000] {dagbag.py:541} INFO - Filling up the DagBag from /home/vscode/.local/lib/python3.10/site-packages/airflow/example_dags/example_branch_operator_decorator.py
[2026-09-17T00:59:20.772+0000] {processor.py:836} INFO - DAG(s) dict_keys(['example_branch_python_operator_decorator']) retrieved from /home/vscode/.local/lib/python3.10/site-packages/airflow/example_dags/example_branch_operator_decorator.py
[2026-09-17T00:59:20.789+0000] {logging_mixin.py:150} INFO - [2026-09-17T00:59:20.789+0000] {dag.py:2742} INFO - Sync 1 DAGs
[2026-09-17T00:59:20.804+0000] {logging_mixin.py:150} INFO - [2026-09-17T00:59:20.804+0000] {dag.py:3504} INFO - Setting next_dagrun for example_branch_python_operator_decorator to 2026-09-16T00:00:00+00:00, run_after=2026-09-17T00:00:00+00:00
[2026-09-17T00:59:20.820+0000] {processor.py:179} INFO - Processing /home/vscode/.local/lib/python3.10/site-packages/airflow/example_dags/example_branch_operator_decorator.py took 0.061 seconds
[2026-09-17T00:59:59.951+0000] {processor.py:157} INFO - Started process (PID=24798) to work on /home/vscode/.local/lib/python3.10/site-packages/airflow/example_dags/example_branch_operator_decorator.py
[2026-09-17T00:59:59.952+0000] {processor.py:826} INFO - Processing file /home/vscode/.local/lib/python3.10/site-packages/airflow/example_dags/example_branch_operator_decorator.py for tasks to queue
[2026-09-17T00:59:59.953+0000] {logging_mixin.py:150} INFO - [2026-09-17T00:59:59.953+0000] {dagbag.py:541} INFO - Filling up the DagBag from /home/vscode/.local/lib/python3.10/site-packages/airflow/example_dags/example_branch_operator_decorator.py
[2026-09-17T00:59:59.966+0000] {processor.py:836} INFO - DAG(s) dict_keys(['example_branch_python_operator_decorator']) retrieved from /home/vscode/.local/lib/python3.10/site-packages/airflow/example_dags/example_branch_operator_decorator.py
[2026-09-17T01:00:00.032+0000] {logging_mixin.py:150} INFO - [2026-09-17T01:00:00.032+0000] {dag.py:2742} INFO - Sync 1 DAGs
[2026-09-17T01:00:00.057+0000] {logging_mixin.py:150} INFO - [2026-09-17T01:00:00.057+0000] {dag.py:3504} INFO - Setting next_dagrun for example_branch_python_operator_decorator to 2026-09-16T00:00:00+00:00, run_after=2026-09-17T00:00:00+00:00
[2026-09-17T01:00:00.079+0000] {processor.py:179} INFO - Processing /home/vscode/.local/lib/python3.10/site-packages/airflow/example_dags/example_branch_operator_decorator.py took 0.132 seconds
[2026-09-17T01:00:13.107+0000] {processor.py:157} INFO - Started process (PID=24981) to work on /home/vscode/.local/lib/python3.10/site-packages/airflow/example_dags/example_branch_operator_decorator.py
[2026-09-17T01:00:13.108+0000] {processor.py:826} INFO - Processing file /home/vscode/.local/lib/python3.10/site-packages/airflow/example_dags/example_branch_operator_decorator.py for tasks to queue
[2026-09-17T01:00:13.109+0000] {logging_mixin.py:150} INFO - [2026-09-17T01:00:13.109+0000] {dagbag.py:541} INFO - Filling up the DagBag from /home/vscode/.local/lib/python3.10/site-packages/airflow/example_dags/example_branch_operator_decorator.py
[2026-09-17T01:00:13.122+0000] {processor.py:836} INFO - DAG(s) dict_keys(['example_branch_python_operator_decorator']) retrieved from /home/vscode/.local/lib/python3.10/site-packages/airflow/example_dags/example_branch_operator_decorator.py
[2026-09-17T01:00:13.138+0000] {logging_mixin.py:150} INFO - [2026-09-17T01:00:13.138+0000] {dag.py:2742} INFO - Sync 1 DAGs
[2026-09-17T01:00:13.154+0000] {logging_mixin.py:150} INFO - [2026-09-17T01:00:13.154+0000] {dag.py:3504} INFO - Setting next_dagrun for example_branch_python_operator_decorator to 2026-09-16T00:00:00+00:00, run_after=2026-09-17T00:00:00+00:00
[2026-09-17T01:00:13.169+0000] {processor.py:179} INFO - Processing /home/vscode/.local/lib/python3.10/site-packages/airflow/example_dags/example_branch_operator_decorator.py took 0.066 seconds
[2026-09-17T01:00:50.162+0000] {processor.py:157} INFO - Started process (PID=25424) to work on /home/vscode/.local/lib/python3.10/site-packages/airflow/example_dags/example_branch_operator_decorator.py
[2026-09-17T01:00:50.164+0000] {processor.py:826} INFO - Processing file /home/vscode/.local/lib/python3.10/site-packages/airflow/example_dags/example_branch_operator_decorator.py for tasks to queue
[2026-09-17T01:00:50.165+0000] {logging_mixin.py:150} INFO - [2026-09-17T01:00:50.164+0000] {dagbag.py:541} INFO - Filling up the DagBag from /home/vscode/.local/lib/python3.10/site-packages/airflow/example_dags/example_branch_operator_decorator.py
[2026-09-17T01:00:50.191+0000] {processor.py:836} INFO - DAG(s) dict_keys(['example_branch_python_operator_decorator']) retrieved from /home/vscode/.local/lib/python3.10/site-packages/airflow/example_dags/example_branch_operator_decorator.py
[2026-09-17T01:00:50.221+0000] {logging_mixin.py:150} INFO - [2026-09-17T01:00:50.221+0000] {dag.py:2742} INFO - Sync 1 DAGs
[2026-09-17T01:00:50.237+0000] {logging_mixin.py:150} INFO - [2026-09-17T01:00:50.237+0000] {dag.py:3504} INFO - Setting next_dagrun for example_branch_python_operator_decorator to 2026-09-16T00:00:00+00:00, run_after=2026-09-17T00:00:00+00:00
[2026-09-17T01:00:50.253+0000] {processor.py:179} INFO - Processing /home/vscode/.local/lib/python3.10/site-packages/airflow/example_dags/example_branch_operator_decorator.py took 0.096 seconds
[2026-09-17T01:01:07.104+0000] {processor.py:157} INFO - Started process (PID=25569) to work on /home/vscode/.local/lib/python3.10/site-packages/airflow/example_dags/example_branch_operator_decorator.py
[2026-09-17T01:01:07.109+0000] {processor.py:826} INFO - Processing file /home/vscode/.local/lib/python3.10/site-packages/airflow/example_dags/example_branch_operator_decorator.py for tasks to queue
[2026-09-17T01:01:07.110+0000] {logging_mixin.py:150} INFO - [2026-09-17T01:01:07.109+0000] {dagbag.py:541} INFO - Filling up the DagBag from /home/vscode/.local/lib/python3.10/site-packages/airflow/example_dags/example_branch_operator_decorator.py
[2026-09-17T01:01:07.125+0000] {processor.py:836} INFO - DAG(s) dict_keys(['example_branch_python_operator_decorator']) retrieved from /home/vscode/.local/lib/python3.10/site-packages/airflow/example_dags/example_branch_operator_decorator.py
[2026-09-17T01:01:07.154+0000] {logging_mixin.py:150} INFO - [2026-09-17T01:01:07.154+0000] {dag.py:2742} INFO - Sync 1 DAGs
[2026-09-17T01:01:07.172+0000] {logging_mixin.py:150} INFO - [2026-09-17T01:01:07.171+0000] {dag.py:3504} INFO - Setting next_dagrun for example_branch_python_operator_decorator to 2026-09-16T00:00:00+00:00, run_after=2026-09-17T00:00:00+00:00
[2026-09-17T01:01:07.190+0000] {processor.py:179} INFO - Processing /home/vscode/.local/lib/python3.10/site-packages/airflow/example_dags/example_branch_operator_decorator.py took 0.097 seconds
[2026-09-17T01:01:40.460+0000] {processor.py:157} INFO - Started process (PID=25840) to work on /home/vscode/.local/lib/python3.10/site-packages/airflow/example_dags/example_branch_operator_decorator.py
[2026-09-17T01:01:40.460+0000] {processor.py:826} INFO - Processing file /home/vscode/.local/lib/python3.10/site-packages/airflow/example_dags/example_branch_operator_decorator.py for tasks to queue
[2026-09-17T01:01:40.461+0000] {logging_mixin.py:150} INFO - [2026-09-17T01:01:40.461+0000] {dagbag.py:541} INFO - Filling up the DagBag from /home/vscode/.local/lib/python3.10/site-packages/airflow/example_dags/example_branch_operator_decorator.py
[2026-09-17T01:01:40.469+0000] {processor.py:836} INFO - DAG(s) dict_keys(['example_branch_python_operator_decorator']) retrieved from /home/vscode/.local/lib/python3.10/site-packages/airflow/example_dags/example_branch_operator_decorator.py
[2026-09-17T01:01:40.485+0000] {logging_mixin.py:150} INFO - [2026-09-17T01:01:40.485+0000] {dag.py:2742} INFO - Sync 1 DAGs
[2026-09-17T01:01:40.505+0000] {logging_mixin.py:150} INFO - [2026-09-17T01:01:40.505+0000] {dag.py:3504} INFO - Setting next_dagrun for example_branch_python_operator_decorator to 2026-09-16T00:00:00+00:00, run_after=2026-09-17T00:00:00+00:00
[2026-09-17T01:01:40.521+0000] {processor.py:179} INFO - Processing /home/vscode/.local/lib/python3.10/site-packages/airflow/example_dags/example_branch_operator_decorator.py took 0.064 seconds
[2026-09-17T01:01:59.767+0000] {processor.py:157} INFO - Started process (PID=25999) to work on /home/vscode/.local/lib/python3.10/site-packages/airflow/example_dags/example_branch_operator_decorator.py
[2026-09-17T01:01:59.768+0000] {processor.py:826} INFO - Processing file /home/vscode/.local/lib/python3.10/site-packages/airflow/example_dags/example_branch_operator_decorator.py for tasks to queue
[2026-09-17T01:01:59.768+0000] {logging_mixin.py:150} INFO - [2026-09-17T01:01:59.768+0000] {dagbag.py:541} INFO - Filling up the DagBag from /home/vscode/.local/lib/python3.10/site-packages/airflow/example_dags/example_branch_operator_decorator.py
[2026-09-17T01:01:59.776+0000] {processor.py:836} INFO - DAG(s) dict_keys(['example_branch_python_operator_decorator']) retrieved from /home/vscode/.local/lib/python3.10/site-packages/airflow/example_dags/example_branch_operator_decorator.py
[2026-09-17T01:01:59.796+0000] {logging_mixin.py:150} INFO - [2026-09-17T01:01:59.796+0000] {dag.py:2742} INFO - Sync 1 DAGs
[2026-09-17T01:01:59.815+0000] {logging_mixin.py:150} INFO - [2026-09-17T01:01:59.815+0000] {dag.py:3504} INFO - Setting next_dagrun for example_branch_python_operator_decorator to 2026-09-16T00:00:00+00:00, run_after=2026-09-17T00:00:00+00:00
[2026-09-17T01:01:59.832+0000] {processor.py:179} INFO - Processing /home/vscode/.local/lib/python3.10/site-packages/airflow/example_dags/example_branch_operator_decorator.py took 0.067 seconds
[2026-09-17T01:02:24.560+0000] {processor.py:157} INFO - Started process (PID=26216) to work on /home/vscode/.local/lib/python3.10/site-packages/airflow/example_dags/example_branch_operator_decorator.py
[2026-09-17T01:02:24.561+0000] {processor.py:826} INFO - Processing file /home/vscode/.local/lib/python3.10/site-packages/airflow/example_dags/example_branch_operator_decorator.py for tasks to queue
[2026-09-17T01:02:24.561+0000] {logging_mixin.py:150} INFO - [2026-09-17T01:02:24.561+0000] {dagbag.py:541} INFO - Filling up the DagBag from /home/vscode/.local/lib/python3.10/site-packages/airflow/example_dags/example_branch_operator_decorator.py
[2026-09-17T01:02:24.569+0000] {processor.py:836} INFO - DAG(s) dict_keys(['example_branch_python_operator_decorator']) retrieved from /home/vscode/.local/lib/python3.10/site-packages/airflow/example_dags/example_branch_operator_decorator.py
[2026-09-17T01:02:24.587+0000] {logging_mixin.py:150} INFO - [2026-09-17T01:02:24.587+0000] {dag.py:2742} INFO - Sync 1 DAGs
[2026-09-17T01:02:24.608+0000] {logging_mixin.py:150} INFO - [2026-09-17T01:02:24.608+0000] {dag.py:3504} INFO - Setting next_dagrun for example_branch_python_operator_decorator to 2026-09-16T00:00:00+00:00, run_after=2026-09-17T00:00:00+00:00
[2026-09-17T01:02:24.624+0000] {processor.py:179} INFO - Processing /home/vscode/.local/lib/python3.10/site-packages/airflow/example_dags/example_branch_operator_decorator.py took 0.067 seconds
[2026-09-17T01:02:52.645+0000] {processor.py:157} INFO - Started process (PID=26457) to work on /home/vscode/.local/lib/python3.10/site-packages/airflow/example_dags/example_branch_operator_decorator.py
[2026-09-17T01:02:52.646+0000] {processor.py:826} INFO - Processing file /home/vscode/.local/lib/python3.10/site-packages/airflow/example_dags/example_branch_operator_decorator.py for tasks to queue
[2026-09-17T01:02:52.647+0000] {logging_mixin.py:150} INFO - [2026-09-17T01:02:52.646+0000] {dagbag.py:541} INFO - Filling up the DagBag from /home/vscode/.local/lib/python3.10/site-packages/airflow/example_dags/example_branch_operator_decorator.py
[2026-09-17T01:02:52.655+0000] {processor.py:836} INFO - DAG(s) dict_keys(['example_branch_python_operator_decorator']) retrieved from /home/vscode/.local/lib/python3.10/site-packages/airflow/example_dags/example_branch_operator_decorator.py
[2026-09-17T01:02:52.669+0000] {logging_mixin.py:150} INFO - [2026-09-17T01:02:52.669+0000] {dag.py:2742} INFO - Sync 1 DAGs
[2026-09-17T01:02:52.693+0000] {logging_mixin.py:150} INFO - [2026-09-17T01:02:52.693+0000] {dag.py:3504} INFO - Setting next_dagrun for example_branch_python_operator_decorator to 2026-09-16T00:00:00+00:00, run_after=2026-09-17T00:00:00+00:00
[2026-09-17T01:02:52.715+0000] {processor.py:179} INFO - Processing /home/vscode/.local/lib/python3.10/site-packages/airflow/example_dags/example_branch_operator_decorator.py took 0.072 seconds
[2026-09-17T01:03:12.131+0000] {processor.py:157} INFO - Started process (PID=26614) to work on /home/vscode/.local/lib/python3.10/site-packages/airflow/example_dags/example_branch_operator_decorator.py
[2026-09-17T01:03:12.132+0000] {processor.py:826} INFO - Processing file /home/vscode/.local/lib/python3.10/site-packages/airflow/example_dags/example_branch_operator_decorator.py for tasks to queue
[2026-09-17T01:03:12.133+0000] {logging_mixin.py:150} INFO - [2026-09-17T01:03:12.133+0000] {dagbag.py:541} INFO - Filling up the DagBag from /home/vscode/.local/lib/python3.10/site-packages/airflow/example_dags/example_branch_operator_decorator.py
[2026-09-17T01:03:12.144+0000] {processor.py:836} INFO - DAG(s) dict_keys(['example_branch_python_operator_decorator']) retrieved from /home/vscode/.local/lib/python3.10/site-packages/airflow/example_dags/example_branch_operator_decorator.py
[2026-09-17T01:03:12.158+0000] {logging_mixin.py:150} INFO - [2026-09-17T01:03:12.158+0000] {dag.py:2742} INFO - Sync 1 DAGs
[2026-09-17T01:03:12.174+0000] {logging_mixin.py:150} INFO - [2026-09-17T01:03:12.174+0000] {dag.py:3504} INFO - Setting next_dagrun for example_branch_python_operator_decorator to 2026-09-16T00:00:00+00:00, run_after=2026-09-17T00:00:00+00:00
[2026-09-17T01:03:12.193+0000] {processor.py:179} INFO - Processing /home/vscode/.local/lib/python3.10/site-packages/airflow/example_dags/example_branch_operator_decorator.py took 0.065 seconds
[2026-09-17T01:03:42.989+0000] {processor.py:157} INFO - Started process (PID=26884) to work on /home/vscode/.local/lib/python3.10/site-packages/airflow/example_dags/example_branch_operator_decorator.py
[2026-09-17T01:03:42.990+0000] {processor.py:826} INFO - Processing file /home/vscode/.local/lib/python3.10/site-packages/airflow/example_dags/example_branch_operator_decorator.py for tasks to queue
[2026-09-17T01:03:42.991+0000] {logging_mixin.py:150} INFO - [2026-09-17T01:03:42.991+0000] {dagbag.py:541} INFO - Filling up the DagBag from /home/vscode/.local/lib/python3.10/site-packages/airflow/example_dags/example_branch_operator_decorator.py
[2026-09-17T01:03:43.003+0000] {processor.py:836} INFO - DAG(s) dict_keys(['example_branch_python_operator_decorator']) retrieved from /home/vscode/.local/lib/python3.10/site-packages/airflow/example_dags/example_branch_operator_decorator.py
[2026-09-17T01:03:43.022+0000] {logging_mixin.py:150} INFO - [2026-09-17T01:03:43.022+0000] {dag.py:2742} INFO - Sync 1 DAGs
[2026-09-17T01:03:43.039+0000] {logging_mixin.py:150} INFO - [2026-09-17T01:03:43.039+0000] {dag.py:3504} INFO - Setting next_dagrun for example_branch_python_operator_decorator to 2026-09-16T00:00:00+00:00, run_after=2026-09-17T00:00:00+00:00
[2026-09-17T01:03:43.058+0000] {processor.py:179} INFO - Processing /home/vscode/.local/lib/python3.10/site-packages/airflow/example_dags/example_branch_operator_decorator.py took 0.073 seconds
[2026-09-17T01:04:00.145+0000] {processor.py:157} INFO - Started process (PID=27022) to work on /home/vscode/.local/lib/python3.10/site-packages/airflow/example_dags/example_branch_operator_decorator.py
[2026-09-17T01:04:00.145+0000] {processor.py:826} INFO - Processing file /home/vscode/.local/lib/python3.10/site-packages/airflow/example_dags/example_branch_operator_decorator.py for tasks to queue
[2026-09-17T01:04:00.146+0000] {logging_mixin.py:150} INFO - [2026-09-17T01:04:00.146+0000] {dagbag.py:541} INFO - Filling up the DagBag from /home/vscode/.local/lib/python3.10/site-packages/airflow/example_dags/example_branch_operator_decorator.py
[2026-09-17T01:04:00.155+0000] {processor.py:836} INFO - DAG(s) dict_keys(['example_branch_python_operator_decorator']) retrieved from /home/vscode/.local/lib/python3.10/site-packages/airflow/example_dags/example_branch_operator_decorator.py
[2026-09-17T01:04:00.171+0000] {logging_mixin.py:150} INFO - [2026-09-17T01:04:00.171+0000] {dag.py:2742} INFO - Sync 1 DAGs
[2026-09-17T01:04:00.191+0000] {logging_mixin.py:150} INFO - [2026-09-17T01:04:00.190+0000] {dag.py:3504} INFO - Setting next_dagrun for example_branch_python_operator_decorator to 2026-09-16T00:00:00+00:00, run_after=2026-09-17T00:00:00+00:00
[2026-09-17T01:04:00.214+0000] {processor.py:179} INFO - Processing /home/vscode/.local/lib/python3.10/site-packages/airflow/example_dags/example_branch_operator_decorator.py took 0.072 seconds
[2026-09-17T01:04:33.448+0000] {processor.py:157} INFO - Started process (PID=27305) to work on /home/vscode/.local/lib/python3.10/site-packages/airflow/example_dags/example_branch_operator_decorator.py
[2026-09-17T01:04:33.449+0000] {processor.py:826} INFO - Processing file /home/vscode/.local/lib/python3.10/site-packages/airflow/example_dags/example_branch_operator_decorator.py for tasks to queue
[2026-09-17T01:04:33.449+0000] {logging_mixin.py:150} INFO - [2026-09-17T01:04:33.449+0000] {dagbag.py:541} INFO - Filling up the DagBag from /home/vscode/.local/lib/python3.10/site-packages/airflow/example_dags/example_branch_operator_decorator.py
[2026-09-17T01:04:33.457+0000] {processor.py:836} INFO - DAG(s) dict_keys(['example_branch_python_operator_decorator']) retrieved from /home/vscode/.local/lib/python3.10/site-packages/airflow/example_dags/example_branch_operator_decorator.py
[2026-09-17T01:04:33.472+0000] {logging_mixin.py:150} INFO - [2026-09-17T01:04:33.471+0000] {dag.py:2742} INFO - Sync 1 DAGs
[2026-09-17T01:04:33.489+0000] {logging_mixin.py:150} INFO - [2026-09-17T01:04:33.489+0000] {dag.py:3504} INFO - Setting next_dagrun for example_branch_python_operator_decorator to 2026-09-16T00:00:00+00:00, run_after=2026-09-17T00:00:00+00:00
[2026-09-17T01:04:33.517+0000] {processor.py:179} INFO - Processing /home/vscode/.local/lib/python3.10/site-packages/airflow/example_dags/example_branch_operator_decorator.py took 0.072 seconds
[2026-09-17T01:04:53.998+0000] {processor.py:157} INFO - Started process (PID=27477) to work on /home/vscode/.local/lib/python3.10/site-packages/airflow/example_dags/example_branch_operator_decorator.py
[2026-09-17T01:04:53.999+0000] {processor.py:826} INFO - Processing file /home/vscode/.local/lib/python3.10/site-packages/airflow/example_dags/example_branch_operator_decorator.py for tasks to queue
[2026-09-17T01:04:54.000+0000] {logging_mixin.py:150} INFO - [2026-09-17T01:04:53.999+0000] {dagbag.py:541} INFO - Filling up the DagBag from /home/vscode/.local/lib/python3.10/site-packages/airflow/example_dags/example_branch_operator_decorator.py
[2026-09-17T01:04:54.009+0000] {processor.py:836} INFO - DAG(s) dict_keys(['example_branch_python_operator_decorator']) retrieved from /home/vscode/.local/lib/python3.10/site-packages/airflow/example_dags/example_branch_operator_decorator.py
[2026-09-17T01:04:54.025+0000] {logging_mixin.py:150} INFO - [2026-09-17T01:04:54.025+0000] {dag.py:2742} INFO - Sync 1 DAGs
[2026-09-17T01:04:54.042+0000] {logging_mixin.py:150} INFO - [2026-09-17T01:04:54.042+0000] {dag.py:3504} INFO - Setting next_dagrun for example_branch_python_operator_decorator to 2026-09-16T00:00:00+00:00, run_after=2026-09-17T00:00:00+00:00
[2026-09-17T01:04:54.062+0000] {processor.py:179} INFO - Processing /home/vscode/.local/lib/python3.10/site-packages/airflow/example_dags/example_branch_operator_decorator.py took 0.067 seconds
[2026-09-17T01:05:22.910+0000] {processor.py:157} INFO - Started process (PID=27720) to work on /home/vscode/.local/lib/python3.10/site-packages/airflow/example_dags/example_branch_operator_decorator.py
[2026-09-17T01:05:22.911+0000] {processor.py:826} INFO - Processing file /home/vscode/.local/lib/python3.10/site-packages/airflow/example_dags/example_branch_operator_decorator.py for tasks to queue
[2026-09-17T01:05:22.912+0000] {logging_mixin.py:150} INFO - [2026-09-17T01:05:22.911+0000] {dagbag.py:541} INFO - Filling up the DagBag from /home/vscode/.local/lib/python3.10/site-packages/airflow/example_dags/example_branch_operator_decorator.py
[2026-09-17T01:05:22.920+0000] {processor.py:836} INFO - DAG(s) dict_keys(['example_branch_python_operator_decorator']) retrieved from /home/vscode/.local/lib/python3.10/site-packages/airflow/example_dags/example_branch_operator_decorator.py
[2026-09-17T01:05:22.933+0000] {logging_mixin.py:150} INFO - [2026-09-17T01:05:22.933+0000] {dag.py:2742} INFO - Sync 1 DAGs
[2026-09-17T01:05:22.950+0000] {logging_mixin.py:150} INFO - [2026-09-17T01:05:22.950+0000] {dag.py:3504} INFO - Setting next_dagrun for example_branch_python_operator_decorator to 2026-09-16T00:00:00+00:00, run_after=2026-09-17T00:00:00+00:00
[2026-09-17T01:05:22.970+0000] {processor.py:179} INFO - Processing /home/vscode/.local/lib/python3.10/site-packages/airflow/example_dags/example_branch_operator_decorator.py took 0.062 seconds
[2026-09-17T01:05:42.026+0000] {processor.py:157} INFO - Started process (PID=27899) to work on /home/vscode/.local/lib/python3.10/site-packages/airflow/example_dags/example_branch_operator_decorator.py
[2026-09-17T01:05:42.026+0000] {processor.py:826} INFO - Processing file /home/vscode/.local/lib/python3.10/site-packages/airflow/example_dags/example_branch_operator_decorator.py for tasks to queue
[2026-09-17T01:05:42.027+0000] {logging_mixin.py:150} INFO - [2026-09-17T01:05:42.027+0000] {dagbag.py:541} INFO - Filling up the DagBag from /home/vscode/.local/lib/python3.10/site-packages/airflow/example_dags/example_branch_operator_decorator.py
[2026-09-17T01:05:42.035+0000] {processor.py:836} INFO - DAG(s) dict_keys(['example_branch_python_operator_decorator']) retrieved from /home/vscode/.local/lib/python3.10/site-packages/airflow/example_dags/example_branch_operator_decorator.py
[2026-09-17T01:05:42.050+0000] {logging_mixin.py:150} INFO - [2026-09-17T01:05:42.050+0000] {dag.py:2742} INFO - Sync 1 DAGs
[2026-09-17T01:05:42.065+0000] {logging_mixin.py:150} INFO - [2026-09-17T01:05:42.065+0000] {dag.py:3504} INFO - Setting next_dagrun for example_branch_python_operator_decorator to 2026-09-16T00:00:00+00:00, run_after=2026-09-17T00:00:00+00:00
[2026-09-17T01:05:42.081+0000] {processor.py:179} INFO - Processing /home/vscode/.local/lib/python3.10/site-packages/airflow/example_dags/example_branch_operator_decorator.py took 0.059 seconds
[2026-09-17T01:06:09.041+0000] {processor.py:157} INFO - Started process (PID=28154) to work on /home/vscode/.local/lib/python3.10/site-packages/airflow/example_dags/example_branch_operator_decorator.py
[2026-09-17T01:06:09.042+0000] {processor.py:826} INFO - Processing file /home/vscode/.local/lib/python3.10/site-packages/airflow/example_dags/example_branch_operator_decorator.py for tasks to queue
[2026-09-17T01:06:09.043+0000] {logging_mixin.py:150} INFO - [2026-09-17T01:06:09.042+0000] {dagbag.py:541} INFO - Filling up the DagBag from /home/vscode/.local/lib/python3.10/site-packages/airflow/example_dags/example_branch_operator_decorator.py
[2026-09-17T01:06:09.051+0000] {processor.py:836} INFO - DAG(s) dict_keys(['example_branch_python_operator_decorator']) retrieved from /home/vscode/.local/lib/python3.10/site-packages/airflow/example_dags/example_branch_operator_decorator.py
[2026-09-17T01:06:09.065+0000] {logging_mixin.py:150} INFO - [2026-09-17T01:06:09.064+0000] {dag.py:2742} INFO - Sync 1 DAGs
[2026-09-17T01:06:09.080+0000] {logging_mixin.py:150} INFO - [2026-09-17T01:06:09.080+0000] {dag.py:3504} INFO - Setting next_dagrun for example_branch_python_operator_decorator to 2026-09-16T00:00:00+00:00, run_after=2026-09-17T00:00:00+00:00
[2026-09-17T01:06:09.101+0000] {processor.py:179} INFO - Processing /home/vscode/.local/lib/python3.10/site-packages/airflow/example_dags/example_branch_operator_decorator.py took 0.062 seconds
[2026-09-17T01:06:30.297+0000] {processor.py:157} INFO - Started process (PID=28327) to work on /home/vscode/.local/lib/python3.10/site-packages/airflow/example_dags/example_branch_operator_decorator.py
[2026-09-17T01:06:30.297+0000] {processor.py:826} INFO - Processing file /home/vscode/.local/lib/python3.10/site-packages/airflow/example_dags/example_branch_operator_decorator.py for tasks to queue
[2026-09-17T01:06:30.298+0000] {logging_mixin.py:150} INFO - [2026-09-17T01:06:30.298+0000] {dagbag.py:541} INFO - Filling up the DagBag from /home/vscode/.local/lib/python3.10/site-packages/airflow/example_dags/example_branch_operator_decorator.py
[2026-09-17T01:06:30.321+0000] {processor.py:836} INFO - DAG(s) dict_keys(['example_branch_python_operator_decorator']) retrieved from /home/vscode/.local/lib/python3.10/site-packages/airflow/example_dags/example_branch_operator_decorator.py
[2026-09-17T01:06:30.346+0000] {logging_mixin.py:150} INFO - [2026-09-17T01:06:30.346+0000] {dag.py:2742} INFO - Sync 1 DAGs
[2026-09-17T01:06:30.371+0000] {logging_mixin.py:150} INFO - [2026-09-17T01:06:30.371+0000] {dag.py:3504} INFO - Setting next_dagrun for example_branch_python_operator_decorator to 2026-09-16T00:00:00+00:00, run_after=2026-09-17T00:00:00+00:00
[2026-09-17T01:06:30.398+0000] {processor.py:179} INFO - Processing /home/vscode/.local/lib/python3.10/site-packages/airflow/example_dags/example_branch_operator_decorator.py took 0.107 seconds
[2026-09-17T01:07:02.176+0000] {processor.py:157} INFO - Started process (PID=28596) to work on /home/vscode/.local/lib/python3.10/site-packages/airflow/example_dags/example_branch_operator_decorator.py
[2026-09-17T01:07:02.177+0000] {processor.py:826} INFO - Processing file /home/vscode/.local/lib/python3.10/site-packages/airflow/example_dags/example_branch_operator_decorator.py for tasks to queue
[2026-09-17T01:07:02.178+0000] {logging_mixin.py:150} INFO - [2026-09-17T01:07:02.177+0000] {dagbag.py:541} INFO - Filling up the DagBag from /home/vscode/.local/lib/python3.10/site-packages/airflow/example_dags/example_branch_operator_decorator.py
[2026-09-17T01:07:02.188+0000] {processor.py:836} INFO - DAG(s) dict_keys(['example_branch_python_operator_decorator']) retrieved from /home/vscode/.local/lib/python3.10/site-packages/airflow/example_dags/example_branch_operator_decorator.py
[2026-09-17T01:07:02.207+0000] {logging_mixin.py:150} INFO - [2026-09-17T01:07:02.207+0000] {dag.py:2742} INFO - Sync 1 DAGs
[2026-09-17T01:07:02.222+0000] {logging_mixin.py:150} INFO - [2026-09-17T01:07:02.222+0000] {dag.py:3504} INFO - Setting next_dagrun for example_branch_python_operator_decorator to 2026-09-16T00:00:00+00:00, run_after=2026-09-17T00:00:00+00:00
[2026-09-17T01:07:02.239+0000] {processor.py:179} INFO - Processing /home/vscode/.local/lib/python3.10/site-packages/airflow/example_dags/example_branch_operator_decorator.py took 0.065 seconds
[2026-09-17T01:07:22.325+0000] {processor.py:157} INFO - Started process (PID=28769) to work on /home/vscode/.local/lib/python3.10/site-packages/airflow/example_dags/example_branch_operator_decorator.py
[2026-09-17T01:07:22.326+0000] {processor.py:826} INFO - Processing file /home/vscode/.local/lib/python3.10/site-packages/airflow/example_dags/example_branch_operator_decorator.py for tasks to queue
[2026-09-17T01:07:22.327+0000] {logging_mixin.py:150} INFO - [2026-09-17T01:07:22.326+0000] {dagbag.py:541} INFO - Filling up the DagBag from /home/vscode/.local/lib/python3.10/site-packages/airflow/example_dags/example_branch_operator_decorator.py
[2026-09-17T01:07:22.335+0000] {processor.py:836} INFO - DAG(s) dict_keys(['example_branch_python_operator_decorator']) retrieved from /home/vscode/.local/lib/python3.10/site-packages/airflow/example_dags/example_branch_operator_decorator.py
[2026-09-17T01:07:22.349+0000] {logging_mixin.py:150} INFO - [2026-09-17T01:07:22.349+0000] {dag.py:2742} INFO - Sync 1 DAGs
[2026-09-17T01:07:22.364+0000] {logging_mixin.py:150} INFO - [2026-09-17T01:07:22.364+0000] {dag.py:3504} INFO - Setting next_dagrun for example_branch_python_operator_decorator to 2026-09-16T00:00:00+00:00, run_after=2026-09-17T00:00:00+00:00
[2026-09-17T01:07:22.383+0000] {processor.py:179} INFO - Processing /home/vscode/.local/lib/python3.10/site-packages/airflow/example_dags/example_branch_operator_decorator.py took 0.060 seconds
[2026-09-17T01:07:48.481+0000] {processor.py:157} INFO - Started process (PID=28991) to work on /home/vscode/.local/lib/python3.10/site-packages/airflow/example_dags/example_branch_operator_decorator.py
[2026-09-17T01:07:48.483+0000] {processor.py:826} INFO - Processing file /home/vscode/.local/lib/python3.10/site-packages/airflow/example_dags/example_branch_operator_decorator.py for tasks to queue
[2026-09-17T01:07:48.483+0000] {logging_mixin.py:150} INFO - [2026-09-17T01:07:48.483+0000] {dagbag.py:541} INFO - Filling up the DagBag from /home/vscode/.local/lib/python3.10/site-packages/airflow/example_dags/example_branch_operator_decorator.py
[2026-09-17T01:07:48.495+0000] {processor.py:836} INFO - DAG(s) dict_keys(['example_branch_python_operator_decorator']) retrieved from /home/vscode/.local/lib/python3.10/site-packages/airflow/example_dags/example_branch_operator_decorator.py
[2026-09-17T01:07:48.517+0000] {logging_mixin.py:150} INFO - [2026-09-17T01:07:48.516+0000] {dag.py:2742} INFO - Sync 1 DAGs
[2026-09-17T01:07:48.550+0000] {logging_mixin.py:150} INFO - [2026-09-17T01:07:48.550+0000] {dag.py:3504} INFO - Setting next_dagrun for example_branch_python_operator_decorator to 2026-09-16T00:00:00+00:00, run_after=2026-09-17T00:00:00+00:00
[2026-09-17T01:07:48.579+0000] {processor.py:179} INFO - Processing /home/vscode/.local/lib/python3.10/site-packages/airflow/example_dags/example_branch_operator_decorator.py took 0.100 seconds
[2026-09-17T01:08:11.933+0000] {processor.py:157} INFO - Started process (PID=29190) to work on /home/vscode/.local/lib/python3.10/site-packages/airflow/example_dags/example_branch_operator_decorator.py
[2026-09-17T01:08:11.934+0000] {processor.py:826} INFO - Processing file /home/vscode/.local/lib/python3.10/site-packages/airflow/example_dags/example_branch_operator_decorator.py for tasks to queue
[2026-09-17T01:08:11.935+0000] {logging_mixin.py:150} INFO - [2026-09-17T01:08:11.934+0000] {dagbag.py:541} INFO - Filling up the DagBag from /home/vscode/.local/lib/python3.10/site-packages/airflow/example_dags/example_branch_operator_decorator.py
[2026-09-17T01:08:11.943+0000] {processor.py:836} INFO - DAG(s) dict_keys(['example_branch_python_operator_decorator']) retrieved from /home/vscode/.local/lib/python3.10/site-packages/airflow/example_dags/example_branch_operator_decorator.py
[2026-09-17T01:08:11.957+0000] {logging_mixin.py:150} INFO - [2026-09-17T01:08:11.957+0000] {dag.py:2742} INFO - Sync 1 DAGs
[2026-09-17T01:08:11.973+0000] {logging_mixin.py:150} INFO - [2026-09-17T01:08:11.973+0000] {dag.py:3504} INFO - Setting next_dagrun for example_branch_python_operator_decorator to 2026-09-16T00:00:00+00:00, run_after=2026-09-17T00:00:00+00:00
[2026-09-17T01:08:11.995+0000] {processor.py:179} INFO - Processing /home/vscode/.local/lib/python3.10/site-packages/airflow/example_dags/example_branch_operator_decorator.py took 0.065 seconds
[2026-09-17T01:08:38.452+0000] {processor.py:157} INFO - Started process (PID=29416) to work on /home/vscode/.local/lib/python3.10/site-packages/airflow/example_dags/example_branch_operator_decorator.py
[2026-09-17T01:08:38.453+0000] {processor.py:826} INFO - Processing file /home/vscode/.local/lib/python3.10/site-packages/airflow/example_dags/example_branch_operator_decorator.py for tasks to queue
[2026-09-17T01:08:38.454+0000] {logging_mixin.py:150} INFO - [2026-09-17T01:08:38.453+0000] {dagbag.py:541} INFO - Filling up the DagBag from /home/vscode/.local/lib/python3.10/site-packages/airflow/example_dags/example_branch_operator_decorator.py
[2026-09-17T01:08:38.461+0000] {processor.py:836} INFO - DAG(s) dict_keys(['example_branch_python_operator_decorator']) retrieved from /home/vscode/.local/lib/python3.10/site-packages/airflow/example_dags/example_branch_operator_decorator.py
[2026-09-17T01:08:38.475+0000] {logging_mixin.py:150} INFO - [2026-09-17T01:08:38.475+0000] {dag.py:2742} INFO - Sync 1 DAGs
[2026-09-17T01:08:38.493+0000] {logging_mixin.py:150} INFO - [2026-09-17T01:08:38.493+0000] {dag.py:3504} INFO - Setting next_dagrun for example_branch_python_operator_decorator to 2026-09-16T00:00:00+00:00, run_after=2026-09-17T00:00:00+00:00
[2026-09-17T01:08:38.509+0000] {processor.py:179} INFO - Processing /home/vscode/.local/lib/python3.10/site-packages/airflow/example_dags/example_branch_operator_decorator.py took 0.059 seconds
[2026-09-17T01:08:59.979+0000] {processor.py:157} INFO - Started process (PID=29608) to work on /home/vscode/.local/lib/python3.10/site-packages/airflow/example_dags/example_branch_operator_decorator.py
[2026-09-17T01:08:59.980+0000] {processor.py:826} INFO - Processing file /home/vscode/.local/lib/python3.10/site-packages/airflow/example_dags/example_branch_operator_decorator.py for tasks to queue
[2026-09-17T01:08:59.980+0000] {logging_mixin.py:150} INFO - [2026-09-17T01:08:59.980+0000] {dagbag.py:541} INFO - Filling up the DagBag from /home/vscode/.local/lib/python3.10/site-packages/airflow/example_dags/example_branch_operator_decorator.py
[2026-09-17T01:08:59.993+0000] {processor.py:836} INFO - DAG(s) dict_keys(['example_branch_python_operator_decorator']) retrieved from /home/vscode/.local/lib/python3.10/site-packages/airflow/example_dags/example_branch_operator_decorator.py
[2026-09-17T01:09:00.010+0000] {logging_mixin.py:150} INFO - [2026-09-17T01:09:00.010+0000] {dag.py:2742} INFO - Sync 1 DAGs
[2026-09-17T01:09:00.029+0000] {logging_mixin.py:150} INFO - [2026-09-17T01:09:00.029+0000] {dag.py:3504} INFO - Setting next_dagrun for example_branch_python_operator_decorator to 2026-09-16T00:00:00+00:00, run_after=2026-09-17T00:00:00+00:00
[2026-09-17T01:09:00.046+0000] {processor.py:179} INFO - Processing /home/vscode/.local/lib/python3.10/site-packages/airflow/example_dags/example_branch_operator_decorator.py took 0.070 seconds
[2026-09-17T01:09:31.157+0000] {processor.py:157} INFO - Started process (PID=29862) to work on /home/vscode/.local/lib/python3.10/site-packages/airflow/example_dags/example_branch_operator_decorator.py
[2026-09-17T01:09:31.158+0000] {processor.py:826} INFO - Processing file /home/vscode/.local/lib/python3.10/site-packages/airflow/example_dags/example_branch_operator_decorator.py for tasks to queue
[2026-09-17T01:09:31.159+0000] {logging_mixin.py:150} INFO - [2026-09-17T01:09:31.159+0000] {dagbag.py:541} INFO - Filling up the DagBag from /home/vscode/.local/lib/python3.10/site-packages/airflow/example_dags/example_branch_operator_decorator.py
[2026-09-17T01:09:31.167+0000] {processor.py:836} INFO - DAG(s) dict_keys(['example_branch_python_operator_decorator']) retrieved from /home/vscode/.local/lib/python3.10/site-packages/airflow/example_dags/example_branch_operator_decorator.py
[2026-09-17T01:09:31.191+0000] {logging_mixin.py:150} INFO - [2026-09-17T01:09:31.190+0000] {dag.py:2742} INFO - Sync 1 DAGs
[2026-09-17T01:09:31.216+0000] {logging_mixin.py:150} INFO - [2026-09-17T01:09:31.216+0000] {dag.py:3504} INFO - Setting next_dagrun for example_branch_python_operator_decorator to 2026-09-16T00:00:00+00:00, run_after=2026-09-17T00:00:00+00:00
[2026-09-17T01:09:31.265+0000] {processor.py:179} INFO - Processing /home/vscode/.local/lib/python3.10/site-packages/airflow/example_dags/example_branch_operator_decorator.py took 0.110 seconds
[2026-09-17T01:09:48.171+0000] {processor.py:157} INFO - Started process (PID=30016) to work on /home/vscode/.local/lib/python3.10/site-packages/airflow/example_dags/example_branch_operator_decorator.py
[2026-09-17T01:09:48.171+0000] {processor.py:826} INFO - Processing file /home/vscode/.local/lib/python3.10/site-packages/airflow/example_dags/example_branch_operator_decorator.py for tasks to queue
[2026-09-17T01:09:48.172+0000] {logging_mixin.py:150} INFO - [2026-09-17T01:09:48.172+0000] {dagbag.py:541} INFO - Filling up the DagBag from /home/vscode/.local/lib/python3.10/site-packages/airflow/example_dags/example_branch_operator_decorator.py
[2026-09-17T01:09:48.180+0000] {processor.py:836} INFO - DAG(s) dict_keys(['example_branch_python_operator_decorator']) retrieved from /home/vscode/.local/lib/python3.10/site-packages/airflow/example_dags/example_branch_operator_decorator.py
[2026-09-17T01:09:48.199+0000] {logging_mixin.py:150} INFO - [2026-09-17T01:09:48.199+0000] {dag.py:2742} INFO - Sync 1 DAGs
[2026-09-17T01:09:48.215+0000] {logging_mixin.py:150} INFO - [2026-09-17T01:09:48.215+0000] {dag.py:3504} INFO - Setting next_dagrun for example_branch_python_operator_decorator to 2026-09-16T00:00:00+00:00, run_after=2026-09-17T00:00:00+00:00
[2026-09-17T01:09:48.233+0000] {processor.py:179} INFO - Processing /home/vscode/.local/lib/python3.10/site-packages/airflow/example_dags/example_branch_operator_decorator.py took 0.065 seconds
[2026-09-17T01:10:18.933+0000] {processor.py:157} INFO - Started process (PID=30276) to work on /home/vscode/.local/lib/python3.10/site-packages/airflow/example_dags/example_branch_operator_decorator.py
[2026-09-17T01:10:18.934+0000] {processor.py:826} INFO - Processing file /home/vscode/.local/lib/python3.10/site-packages/airflow/example_dags/example_branch_operator_decorator.py for tasks to queue
[2026-09-17T01:10:18.935+0000] {logging_mixin.py:150} INFO - [2026-09-17T01:10:18.935+0000] {dagbag.py:541} INFO - Filling up the DagBag from /home/vscode/.local/lib/python3.10/site-packages/airflow/example_dags/example_branch_operator_decorator.py
[2026-09-17T01:10:18.945+0000] {processor.py:836} INFO - DAG(s) dict_keys(['example_branch_python_operator_decorator']) retrieved from /home/vscode/.local/lib/python3.10/site-packages/airflow/example_dags/example_branch_operator_decorator.py
[2026-09-17T01:10:18.961+0000] {logging_mixin.py:150} INFO - [2026-09-17T01:10:18.961+0000] {dag.py:2742} INFO - Sync 1 DAGs
[2026-09-17T01:10:18.977+0000] {logging_mixin.py:150} INFO - [2026-09-17T01:10:18.976+0000] {dag.py:3504} INFO - Setting next_dagrun for example_branch_python_operator_decorator to 2026-09-16T00:00:00+00:00, run_after=2026-09-17T00:00:00+00:00
[2026-09-17T01:10:18.994+0000] {processor.py:179} INFO - Processing /home/vscode/.local/lib/python3.10/site-packages/airflow/example_dags/example_branch_operator_decorator.py took 0.064 seconds
[2026-09-17T01:10:33.885+0000] {processor.py:157} INFO - Started process (PID=30397) to work on /home/vscode/.local/lib/python3.10/site-packages/airflow/example_dags/example_branch_operator_decorator.py
[2026-09-17T01:10:33.885+0000] {processor.py:826} INFO - Processing file /home/vscode/.local/lib/python3.10/site-packages/airflow/example_dags/example_branch_operator_decorator.py for tasks to queue
[2026-09-17T01:10:33.886+0000] {logging_mixin.py:150} INFO - [2026-09-17T01:10:33.886+0000] {dagbag.py:541} INFO - Filling up the DagBag from /home/vscode/.local/lib/python3.10/site-packages/airflow/example_dags/example_branch_operator_decorator.py
[2026-09-17T01:10:33.896+0000] {processor.py:836} INFO - DAG(s) dict_keys(['example_branch_python_operator_decorator']) retrieved from /home/vscode/.local/lib/python3.10/site-packages/airflow/example_dags/example_branch_operator_decorator.py
[2026-09-17T01:10:33.912+0000] {logging_mixin.py:150} INFO - [2026-09-17T01:10:33.912+0000] {dag.py:2742} INFO - Sync 1 DAGs
[2026-09-17T01:10:33.931+0000] {logging_mixin.py:150} INFO - [2026-09-17T01:10:33.931+0000] {dag.py:3504} INFO - Setting next_dagrun for example_branch_python_operator_decorator to 2026-09-16T00:00:00+00:00, run_after=2026-09-17T00:00:00+00:00
[2026-09-17T01:10:33.947+0000] {processor.py:179} INFO - Processing /home/vscode/.local/lib/python3.10/site-packages/airflow/example_dags/example_branch_operator_decorator.py took 0.065 seconds
[2026-09-17T01:11:09.298+0000] {processor.py:157} INFO - Started process (PID=30741) to work on /home/vscode/.local/lib/python3.10/site-packages/airflow/example_dags/example_branch_operator_decorator.py
[2026-09-17T01:11:09.300+0000] {processor.py:826} INFO - Processing file /home/vscode/.local/lib/python3.10/site-packages/airflow/example_dags/example_branch_operator_decorator.py for tasks to queue
[2026-09-17T01:11:09.301+0000] {logging_mixin.py:150} INFO - [2026-09-17T01:11:09.301+0000] {dagbag.py:541} INFO - Filling up the DagBag from /home/vscode/.local/lib/python3.10/site-packages/airflow/example_dags/example_branch_operator_decorator.py
[2026-09-17T01:11:09.318+0000] {processor.py:836} INFO - DAG(s) dict_keys(['example_branch_python_operator_decorator']) retrieved from /home/vscode/.local/lib/python3.10/site-packages/airflow/example_dags/example_branch_operator_decorator.py
[2026-09-17T01:11:09.340+0000] {logging_mixin.py:150} INFO - [2026-09-17T01:11:09.340+0000] {dag.py:2742} INFO - Sync 1 DAGs
[2026-09-17T01:11:09.384+0000] {logging_mixin.py:150} INFO - [2026-09-17T01:11:09.384+0000] {dag.py:3504} INFO - Setting next_dagrun for example_branch_python_operator_decorator to 2026-09-16T00:00:00+00:00, run_after=2026-09-17T00:00:00+00:00
[2026-09-17T01:11:09.404+0000] {processor.py:179} INFO - Processing /home/vscode/.local/lib/python3.10/site-packages/airflow/example_dags/example_branch_operator_decorator.py took 0.115 seconds
[2026-09-17T01:11:26.353+0000] {processor.py:157} INFO - Started process (PID=30887) to work on /home/vscode/.local/lib/python3.10/site-packages/airflow/example_dags/example_branch_operator_decorator.py
[2026-09-17T01:11:26.354+0000] {processor.py:826} INFO - Processing file /home/vscode/.local/lib/python3.10/site-packages/airflow/example_dags/example_branch_operator_decorator.py for tasks to queue
[2026-09-17T01:11:26.355+0000] {logging_mixin.py:150} INFO - [2026-09-17T01:11:26.354+0000] {dagbag.py:541} INFO - Filling up the DagBag from /home/vscode/.local/lib/python3.10/site-packages/airflow/example_dags/example_branch_operator_decorator.py
[2026-09-17T01:11:26.367+0000] {processor.py:836} INFO - DAG(s) dict_keys(['example_branch_python_operator_decorator']) retrieved from /home/vscode/.local/lib/python3.10/site-packages/airflow/example_dags/example_branch_operator_decorator.py
[2026-09-17T01:11:26.391+0000] {logging_mixin.py:150} INFO - [2026-09-17T01:11:26.391+0000] {dag.py:2742} INFO - Sync 1 DAGs
[2026-09-17T01:11:26.416+0000] {logging_mixin.py:150} INFO - [2026-09-17T01:11:26.415+0000] {dag.py:3504} INFO - Setting next_dagrun for example_branch_python_operator_decorator to 2026-09-16T00:00:00+00:00, run_after=2026-09-17T00:00:00+00:00
[2026-09-17T01:11:26.441+0000] {processor.py:179} INFO - Processing /home/vscode/.local/lib/python3.10/site-packages/airflow/example_dags/example_branch_operator_decorator.py took 0.092 seconds
[2026-09-17T01:11:59.703+0000] {processor.py:157} INFO - Started process (PID=31172) to work on /home/vscode/.local/lib/python3.10/site-packages/airflow/example_dags/example_branch_operator_decorator.py
[2026-09-17T01:11:59.704+0000] {processor.py:826} INFO - Processing file /home/vscode/.local/lib/python3.10/site-packages/airflow/example_dags/example_branch_operator_decorator.py for tasks to queue
[2026-09-17T01:11:59.705+0000] {logging_mixin.py:150} INFO - [2026-09-17T01:11:59.705+0000] {dagbag.py:541} INFO - Filling up the DagBag from /home/vscode/.local/lib/python3.10/site-packages/airflow/example_dags/example_branch_operator_decorator.py
[2026-09-17T01:11:59.713+0000] {processor.py:836} INFO - DAG(s) dict_keys(['example_branch_python_operator_decorator']) retrieved from /home/vscode/.local/lib/python3.10/site-packages/airflow/example_dags/example_branch_operator_decorator.py
[2026-09-17T01:11:59.728+0000] {logging_mixin.py:150} INFO - [2026-09-17T01:11:59.728+0000] {dag.py:2742} INFO - Sync 1 DAGs
[2026-09-17T01:11:59.743+0000] {logging_mixin.py:150} INFO - [2026-09-17T01:11:59.743+0000] {dag.py:3504} INFO - Setting next_dagrun for example_branch_python_operator_decorator to 2026-09-16T00:00:00+00:00, run_after=2026-09-17T00:00:00+00:00
[2026-09-17T01:11:59.759+0000] {processor.py:179} INFO - Processing /home/vscode/.local/lib/python3.10/site-packages/airflow/example_dags/example_branch_operator_decorator.py took 0.062 seconds
[2026-09-17T01:12:15.264+0000] {processor.py:157} INFO - Started process (PID=31306) to work on /home/vscode/.local/lib/python3.10/site-packages/airflow/example_dags/example_branch_operator_decorator.py
[2026-09-17T01:12:15.265+0000] {processor.py:826} INFO - Processing file /home/vscode/.local/lib/python3.10/site-packages/airflow/example_dags/example_branch_operator_decorator.py for tasks to queue
[2026-09-17T01:12:15.266+0000] {logging_mixin.py:150} INFO - [2026-09-17T01:12:15.265+0000] {dagbag.py:541} INFO - Filling up the DagBag from /home/vscode/.local/lib/python3.10/site-packages/airflow/example_dags/example_branch_operator_decorator.py
[2026-09-17T01:12:15.274+0000] {processor.py:836} INFO - DAG(s) dict_keys(['example_branch_python_operator_decorator']) retrieved from /home/vscode/.local/lib/python3.10/site-packages/airflow/example_dags/example_branch_operator_decorator.py
[2026-09-17T01:12:15.291+0000] {logging_mixin.py:150} INFO - [2026-09-17T01:12:15.291+0000] {dag.py:2742} INFO - Sync 1 DAGs
[2026-09-17T01:12:15.309+0000] {logging_mixin.py:150} INFO - [2026-09-17T01:12:15.309+0000] {dag.py:3504} INFO - Setting next_dagrun for example_branch_python_operator_decorator to 2026-09-16T00:00:00+00:00, run_after=2026-09-17T00:00:00+00:00
[2026-09-17T01:12:15.326+0000] {processor.py:179} INFO - Processing /home/vscode/.local/lib/python3.10/site-packages/airflow/example_dags/example_branch_operator_decorator.py took 0.064 seconds
[2026-09-17T01:12:47.814+0000] {processor.py:157} INFO - Started process (PID=31588) to work on /home/vscode/.local/lib/python3.10/site-packages/airflow/example_dags/example_branch_operator_decorator.py
[2026-09-17T01:12:47.815+0000] {processor.py:826} INFO - Processing file /home/vscode/.local/lib/python3.10/site-packages/airflow/example_dags/example_branch_operator_decorator.py for tasks to queue
[2026-09-17T01:12:47.816+0000] {logging_mixin.py:150} INFO - [2026-09-17T01:12:47.815+0000] {dagbag.py:541} INFO - Filling up the DagBag from /home/vscode/.local/lib/python3.10/site-packages/airflow/example_dags/example_branch_operator_decorator.py
[2026-09-17T01:12:47.827+0000] {processor.py:836} INFO - DAG(s) dict_keys(['example_branch_python_operator_decorator']) retrieved from /home/vscode/.local/lib/python3.10/site-packages/airflow/example_dags/example_branch_operator_decorator.py
[2026-09-17T01:12:47.880+0000] {logging_mixin.py:150} INFO - [2026-09-17T01:12:47.880+0000] {dag.py:2742} INFO - Sync 1 DAGs
[2026-09-17T01:12:47.899+0000] {logging_mixin.py:150} INFO - [2026-09-17T01:12:47.898+0000] {dag.py:3504} INFO - Setting next_dagrun for example_branch_python_operator_decorator to 2026-09-16T00:00:00+00:00, run_after=2026-09-17T00:00:00+00:00
[2026-09-17T01:12:47.921+0000] {processor.py:179} INFO - Processing /home/vscode/.local/lib/python3.10/site-packages/airflow/example_dags/example_branch_operator_decorator.py took 0.113 seconds
[2026-09-17T01:13:02.956+0000] {processor.py:157} INFO - Started process (PID=31716) to work on /home/vscode/.local/lib/python3.10/site-packages/airflow/example_dags/example_branch_operator_decorator.py
[2026-09-17T01:13:02.957+0000] {processor.py:826} INFO - Processing file /home/vscode/.local/lib/python3.10/site-packages/airflow/example_dags/example_branch_operator_decorator.py for tasks to queue
[2026-09-17T01:13:02.957+0000] {logging_mixin.py:150} INFO - [2026-09-17T01:13:02.957+0000] {dagbag.py:541} INFO - Filling up the DagBag from /home/vscode/.local/lib/python3.10/site-packages/airflow/example_dags/example_branch_operator_decorator.py
[2026-09-17T01:13:02.979+0000] {processor.py:836} INFO - DAG(s) dict_keys(['example_branch_python_operator_decorator']) retrieved from /home/vscode/.local/lib/python3.10/site-packages/airflow/example_dags/example_branch_operator_decorator.py
[2026-09-17T01:13:03.003+0000] {logging_mixin.py:150} INFO - [2026-09-17T01:13:03.003+0000] {dag.py:2742} INFO - Sync 1 DAGs
[2026-09-17T01:13:03.028+0000] {logging_mixin.py:150} INFO - [2026-09-17T01:13:03.028+0000] {dag.py:3504} INFO - Setting next_dagrun for example_branch_python_operator_decorator to 2026-09-16T00:00:00+00:00, run_after=2026-09-17T00:00:00+00:00
[2026-09-17T01:13:03.044+0000] {processor.py:179} INFO - Processing /home/vscode/.local/lib/python3.10/site-packages/airflow/example_dags/example_branch_operator_decorator.py took 0.092 seconds
[2026-09-17T01:13:33.901+0000] {processor.py:157} INFO - Started process (PID=31970) to work on /home/vscode/.local/lib/python3.10/site-packages/airflow/example_dags/example_branch_operator_decorator.py
[2026-09-17T01:13:33.903+0000] {processor.py:826} INFO - Processing file /home/vscode/.local/lib/python3.10/site-packages/airflow/example_dags/example_branch_operator_decorator.py for tasks to queue
[2026-09-17T01:13:33.904+0000] {logging_mixin.py:150} INFO - [2026-09-17T01:13:33.903+0000] {dagbag.py:541} INFO - Filling up the DagBag from /home/vscode/.local/lib/python3.10/site-packages/airflow/example_dags/example_branch_operator_decorator.py
[2026-09-17T01:13:33.917+0000] {processor.py:836} INFO - DAG(s) dict_keys(['example_branch_python_operator_decorator']) retrieved from /home/vscode/.local/lib/python3.10/site-packages/airflow/example_dags/example_branch_operator_decorator.py
[2026-09-17T01:13:33.941+0000] {logging_mixin.py:150} INFO - [2026-09-17T01:13:33.941+0000] {dag.py:2742} INFO - Sync 1 DAGs
[2026-09-17T01:13:33.966+0000] {logging_mixin.py:150} INFO - [2026-09-17T01:13:33.966+0000] {dag.py:3504} INFO - Setting next_dagrun for example_branch_python_operator_decorator to 2026-09-16T00:00:00+00:00, run_after=2026-09-17T00:00:00+00:00
[2026-09-17T01:13:33.989+0000] {processor.py:179} INFO - Processing /home/vscode/.local/lib/python3.10/site-packages/airflow/example_dags/example_branch_operator_decorator.py took 0.091 seconds
[2026-09-17T01:13:54.052+0000] {processor.py:157} INFO - Started process (PID=32142) to work on /home/vscode/.local/lib/python3.10/site-packages/airflow/example_dags/example_branch_operator_decorator.py
[2026-09-17T01:13:54.053+0000] {processor.py:826} INFO - Processing file /home/vscode/.local/lib/python3.10/site-packages/airflow/example_dags/example_branch_operator_decorator.py for tasks to queue
[2026-09-17T01:13:54.054+0000] {logging_mixin.py:150} INFO - [2026-09-17T01:13:54.054+0000] {dagbag.py:541} INFO - Filling up the DagBag from /home/vscode/.local/lib/python3.10/site-packages/airflow/example_dags/example_branch_operator_decorator.py
[2026-09-17T01:13:54.062+0000] {processor.py:836} INFO - DAG(s) dict_keys(['example_branch_python_operator_decorator']) retrieved from /home/vscode/.local/lib/python3.10/site-packages/airflow/example_dags/example_branch_operator_decorator.py
[2026-09-17T01:13:54.076+0000] {logging_mixin.py:150} INFO - [2026-09-17T01:13:54.076+0000] {dag.py:2742} INFO - Sync 1 DAGs
[2026-09-17T01:13:54.096+0000] {logging_mixin.py:150} INFO - [2026-09-17T01:13:54.096+0000] {dag.py:3504} INFO - Setting next_dagrun for example_branch_python_operator_decorator to 2026-09-16T00:00:00+00:00, run_after=2026-09-17T00:00:00+00:00
[2026-09-17T01:13:54.114+0000] {processor.py:179} INFO - Processing /home/vscode/.local/lib/python3.10/site-packages/airflow/example_dags/example_branch_operator_decorator.py took 0.064 seconds
[2026-09-17T01:14:20.381+0000] {processor.py:157} INFO - Started process (PID=32375) to work on /home/vscode/.local/lib/python3.10/site-packages/airflow/example_dags/example_branch_operator_decorator.py
[2026-09-17T01:14:20.382+0000] {processor.py:826} INFO - Processing file /home/vscode/.local/lib/python3.10/site-packages/airflow/example_dags/example_branch_operator_decorator.py for tasks to queue
[2026-09-17T01:14:20.383+0000] {logging_mixin.py:150} INFO - [2026-09-17T01:14:20.382+0000] {dagbag.py:541} INFO - Filling up the DagBag from /home/vscode/.local/lib/python3.10/site-packages/airflow/example_dags/example_branch_operator_decorator.py
[2026-09-17T01:14:20.393+0000] {processor.py:836} INFO - DAG(s) dict_keys(['example_branch_python_operator_decorator']) retrieved from /home/vscode/.local/lib/python3.10/site-packages/airflow/example_dags/example_branch_operator_decorator.py
[2026-09-17T01:14:20.409+0000] {logging_mixin.py:150} INFO - [2026-09-17T01:14:20.409+0000] {dag.py:2742} INFO - Sync 1 DAGs
[2026-09-17T01:14:20.425+0000] {logging_mixin.py:150} INFO - [2026-09-17T01:14:20.424+0000] {dag.py:3504} INFO - Setting next_dagrun for example_branch_python_operator_decorator to 2026-09-16T00:00:00+00:00, run_after=2026-09-17T00:00:00+00:00
[2026-09-17T01:14:20.441+0000] {processor.py:179} INFO - Processing /home/vscode/.local/lib/python3.10/site-packages/airflow/example_dags/example_branch_operator_decorator.py took 0.063 seconds
[2026-09-17T01:14:44.434+0000] {processor.py:157} INFO - Started process (PID=32569) to work on /home/vscode/.local/lib/python3.10/site-packages/airflow/example_dags/example_branch_operator_decorator.py
[2026-09-17T01:14:44.435+0000] {processor.py:826} INFO - Processing file /home/vscode/.local/lib/python3.10/site-packages/airflow/example_dags/example_branch_operator_decorator.py for tasks to queue
[2026-09-17T01:14:44.436+0000] {logging_mixin.py:150} INFO - [2026-09-17T01:14:44.435+0000] {dagbag.py:541} INFO - Filling up the DagBag from /home/vscode/.local/lib/python3.10/site-packages/airflow/example_dags/example_branch_operator_decorator.py
[2026-09-17T01:14:44.444+0000] {processor.py:836} INFO - DAG(s) dict_keys(['example_branch_python_operator_decorator']) retrieved from /home/vscode/.local/lib/python3.10/site-packages/airflow/example_dags/example_branch_operator_decorator.py
[2026-09-17T01:14:44.458+0000] {logging_mixin.py:150} INFO - [2026-09-17T01:14:44.458+0000] {dag.py:2742} INFO - Sync 1 DAGs
[2026-09-17T01:14:44.474+0000] {logging_mixin.py:150} INFO - [2026-09-17T01:14:44.474+0000] {dag.py:3504} INFO - Setting next_dagrun for example_branch_python_operator_decorator to 2026-09-16T00:00:00+00:00, run_after=2026-09-17T00:00:00+00:00
[2026-09-17T01:14:44.493+0000] {processor.py:179} INFO - Processing /home/vscode/.local/lib/python3.10/site-packages/airflow/example_dags/example_branch_operator_decorator.py took 0.061 seconds
[2026-09-17T01:15:07.214+0000] {processor.py:157} INFO - Started process (PID=32768) to work on /home/vscode/.local/lib/python3.10/site-packages/airflow/example_dags/example_branch_operator_decorator.py
[2026-09-17T01:15:07.214+0000] {processor.py:826} INFO - Processing file /home/vscode/.local/lib/python3.10/site-packages/airflow/example_dags/example_branch_operator_decorator.py for tasks to queue
[2026-09-17T01:15:07.215+0000] {logging_mixin.py:150} INFO - [2026-09-17T01:15:07.215+0000] {dagbag.py:541} INFO - Filling up the DagBag from /home/vscode/.local/lib/python3.10/site-packages/airflow/example_dags/example_branch_operator_decorator.py
[2026-09-17T01:15:07.223+0000] {processor.py:836} INFO - DAG(s) dict_keys(['example_branch_python_operator_decorator']) retrieved from /home/vscode/.local/lib/python3.10/site-packages/airflow/example_dags/example_branch_operator_decorator.py
[2026-09-17T01:15:07.238+0000] {logging_mixin.py:150} INFO - [2026-09-17T01:15:07.238+0000] {dag.py:2742} INFO - Sync 1 DAGs
[2026-09-17T01:15:07.254+0000] {logging_mixin.py:150} INFO - [2026-09-17T01:15:07.254+0000] {dag.py:3504} INFO - Setting next_dagrun for example_branch_python_operator_decorator to 2026-09-16T00:00:00+00:00, run_after=2026-09-17T00:00:00+00:00
[2026-09-17T01:15:07.270+0000] {processor.py:179} INFO - Processing /home/vscode/.local/lib/python3.10/site-packages/airflow/example_dags/example_branch_operator_decorator.py took 0.059 seconds
[2026-09-17T01:15:37.509+0000] {processor.py:157} INFO - Started process (PID=33015) to work on /home/vscode/.local/lib/python3.10/site-packages/airflow/example_dags/example_branch_operator_decorator.py
[2026-09-17T01:15:37.510+0000] {processor.py:826} INFO - Processing file /home/vscode/.local/lib/python3.10/site-packages/airflow/example_dags/example_branch_operator_decorator.py for tasks to queue
[2026-09-17T01:15:37.511+0000] {logging_mixin.py:150} INFO - [2026-09-17T01:15:37.510+0000] {dagbag.py:541} INFO - Filling up the DagBag from /home/vscode/.local/lib/python3.10/site-packages/airflow/example_dags/example_branch_operator_decorator.py
[2026-09-17T01:15:37.530+0000] {processor.py:836} INFO - DAG(s) dict_keys(['example_branch_python_operator_decorator']) retrieved from /home/vscode/.local/lib/python3.10/site-packages/airflow/example_dags/example_branch_operator_decorator.py
[2026-09-17T01:15:37.552+0000] {logging_mixin.py:150} INFO - [2026-09-17T01:15:37.551+0000] {dag.py:2742} INFO - Sync 1 DAGs
[2026-09-17T01:15:37.573+0000] {logging_mixin.py:150} INFO - [2026-09-17T01:15:37.573+0000] {dag.py:3504} INFO - Setting next_dagrun for example_branch_python_operator_decorator to 2026-09-16T00:00:00+00:00, run_after=2026-09-17T00:00:00+00:00
[2026-09-17T01:15:37.598+0000] {processor.py:179} INFO - Processing /home/vscode/.local/lib/python3.10/site-packages/airflow/example_dags/example_branch_operator_decorator.py took 0.092 seconds
[2026-09-17T01:15:52.245+0000] {processor.py:157} INFO - Started process (PID=33191) to work on /home/vscode/.local/lib/python3.10/site-packages/airflow/example_dags/example_branch_operator_decorator.py
[2026-09-17T01:15:52.246+0000] {processor.py:826} INFO - Processing file /home/vscode/.local/lib/python3.10/site-packages/airflow/example_dags/example_branch_operator_decorator.py for tasks to queue
[2026-09-17T01:15:52.246+0000] {logging_mixin.py:150} INFO - [2026-09-17T01:15:52.246+0000] {dagbag.py:541} INFO - Filling up the DagBag from /home/vscode/.local/lib/python3.10/site-packages/airflow/example_dags/example_branch_operator_decorator.py
[2026-09-17T01:15:52.254+0000] {processor.py:836} INFO - DAG(s) dict_keys(['example_branch_python_operator_decorator']) retrieved from /home/vscode/.local/lib/python3.10/site-packages/airflow/example_dags/example_branch_operator_decorator.py
[2026-09-17T01:15:52.269+0000] {logging_mixin.py:150} INFO - [2026-09-17T01:15:52.268+0000] {dag.py:2742} INFO - Sync 1 DAGs
[2026-09-17T01:15:52.289+0000] {logging_mixin.py:150} INFO - [2026-09-17T01:15:52.289+0000] {dag.py:3504} INFO - Setting next_dagrun for example_branch_python_operator_decorator to 2026-09-16T00:00:00+00:00, run_after=2026-09-17T00:00:00+00:00
[2026-09-17T01:15:52.319+0000] {processor.py:179} INFO - Processing /home/vscode/.local/lib/python3.10/site-packages/airflow/example_dags/example_branch_operator_decorator.py took 0.076 seconds
[2026-09-17T01:16:28.908+0000] {processor.py:157} INFO - Started process (PID=33499) to work on /home/vscode/.local/lib/python3.10/site-packages/airflow/example_dags/example_branch_operator_decorator.py
[2026-09-17T01:16:28.909+0000] {processor.py:826} INFO - Processing file /home/vscode/.local/lib/python3.10/site-packages/airflow/example_dags/example_branch_operator_decorator.py for tasks to queue
[2026-09-17T01:16:28.910+0000] {logging_mixin.py:150} INFO - [2026-09-17T01:16:28.909+0000] {dagbag.py:541} INFO - Filling up the DagBag from /home/vscode/.local/lib/python3.10/site-packages/airflow/example_dags/example_branch_operator_decorator.py
[2026-09-17T01:16:28.918+0000] {processor.py:836} INFO - DAG(s) dict_keys(['example_branch_python_operator_decorator']) retrieved from /home/vscode/.local/lib/python3.10/site-packages/airflow/example_dags/example_branch_operator_decorator.py
[2026-09-17T01:16:28.933+0000] {logging_mixin.py:150} INFO - [2026-09-17T01:16:28.933+0000] {dag.py:2742} INFO - Sync 1 DAGs
[2026-09-17T01:16:28.949+0000] {logging_mixin.py:150} INFO - [2026-09-17T01:16:28.949+0000] {dag.py:3504} INFO - Setting next_dagrun for example_branch_python_operator_decorator to 2026-09-16T00:00:00+00:00, run_after=2026-09-17T00:00:00+00:00
[2026-09-17T01:16:28.969+0000] {processor.py:179} INFO - Processing /home/vscode/.local/lib/python3.10/site-packages/airflow/example_dags/example_branch_operator_decorator.py took 0.063 seconds
[2026-09-17T01:16:43.124+0000] {processor.py:157} INFO - Started process (PID=33624) to work on /home/vscode/.local/lib/python3.10/site-packages/airflow/example_dags/example_branch_operator_decorator.py
[2026-09-17T01:16:43.125+0000] {processor.py:826} INFO - Processing file /home/vscode/.local/lib/python3.10/site-packages/airflow/example_dags/example_branch_operator_decorator.py for tasks to queue
[2026-09-17T01:16:43.125+0000] {logging_mixin.py:150} INFO - [2026-09-17T01:16:43.125+0000] {dagbag.py:541} INFO - Filling up the DagBag from /home/vscode/.local/lib/python3.10/site-packages/airflow/example_dags/example_branch_operator_decorator.py
[2026-09-17T01:16:43.133+0000] {processor.py:836} INFO - DAG(s) dict_keys(['example_branch_python_operator_decorator']) retrieved from /home/vscode/.local/lib/python3.10/site-packages/airflow/example_dags/example_branch_operator_decorator.py
[2026-09-17T01:16:43.148+0000] {logging_mixin.py:150} INFO - [2026-09-17T01:16:43.147+0000] {dag.py:2742} INFO - Sync 1 DAGs
[2026-09-17T01:16:43.163+0000] {logging_mixin.py:150} INFO - [2026-09-17T01:16:43.163+0000] {dag.py:3504} INFO - Setting next_dagrun for example_branch_python_operator_decorator to 2026-09-16T00:00:00+00:00, run_after=2026-09-17T00:00:00+00:00
[2026-09-17T01:16:43.180+0000] {processor.py:179} INFO - Processing /home/vscode/.local/lib/python3.10/site-packages/airflow/example_dags/example_branch_operator_decorator.py took 0.059 seconds
[2026-09-17T01:17:18.877+0000] {processor.py:157} INFO - Started process (PID=33929) to work on /home/vscode/.local/lib/python3.10/site-packages/airflow/example_dags/example_branch_operator_decorator.py
[2026-09-17T01:17:18.877+0000] {processor.py:826} INFO - Processing file /home/vscode/.local/lib/python3.10/site-packages/airflow/example_dags/example_branch_operator_decorator.py for tasks to queue
[2026-09-17T01:17:18.878+0000] {logging_mixin.py:150} INFO - [2026-09-17T01:17:18.878+0000] {dagbag.py:541} INFO - Filling up the DagBag from /home/vscode/.local/lib/python3.10/site-packages/airflow/example_dags/example_branch_operator_decorator.py
[2026-09-17T01:17:18.890+0000] {processor.py:836} INFO - DAG(s) dict_keys(['example_branch_python_operator_decorator']) retrieved from /home/vscode/.local/lib/python3.10/site-packages/airflow/example_dags/example_branch_operator_decorator.py
[2026-09-17T01:17:18.905+0000] {logging_mixin.py:150} INFO - [2026-09-17T01:17:18.905+0000] {dag.py:2742} INFO - Sync 1 DAGs
[2026-09-17T01:17:18.925+0000] {logging_mixin.py:150} INFO - [2026-09-17T01:17:18.925+0000] {dag.py:3504} INFO - Setting next_dagrun for example_branch_python_operator_decorator to 2026-09-16T00:00:00+00:00, run_after=2026-09-17T00:00:00+00:00
[2026-09-17T01:17:18.952+0000] {processor.py:179} INFO - Processing /home/vscode/.local/lib/python3.10/site-packages/airflow/example_dags/example_branch_operator_decorator.py took 0.077 seconds
[2026-09-17T01:17:28.115+0000] {processor.py:157} INFO - Started process (PID=33998) to work on /home/vscode/.local/lib/python3.10/site-packages/airflow/example_dags/example_branch_operator_decorator.py
[2026-09-17T01:17:28.115+0000] {processor.py:826} INFO - Processing file /home/vscode/.local/lib/python3.10/site-packages/airflow/example_dags/example_branch_operator_decorator.py for tasks to queue
[2026-09-17T01:17:28.116+0000] {logging_mixin.py:150} INFO - [2026-09-17T01:17:28.116+0000] {dagbag.py:541} INFO - Filling up the DagBag from /home/vscode/.local/lib/python3.10/site-packages/airflow/example_dags/example_branch_operator_decorator.py
[2026-09-17T01:17:28.124+0000] {processor.py:836} INFO - DAG(s) dict_keys(['example_branch_python_operator_decorator']) retrieved from /home/vscode/.local/lib/python3.10/site-packages/airflow/example_dags/example_branch_operator_decorator.py
[2026-09-17T01:17:28.140+0000] {logging_mixin.py:150} INFO - [2026-09-17T01:17:28.140+0000] {dag.py:2742} INFO - Sync 1 DAGs
[2026-09-17T01:17:28.156+0000] {logging_mixin.py:150} INFO - [2026-09-17T01:17:28.156+0000] {dag.py:3504} INFO - Setting next_dagrun for example_branch_python_operator_decorator to 2026-09-16T00:00:00+00:00, run_after=2026-09-17T00:00:00+00:00
[2026-09-17T01:17:28.173+0000] {processor.py:179} INFO - Processing /home/vscode/.local/lib/python3.10/site-packages/airflow/example_dags/example_branch_operator_decorator.py took 0.061 seconds
[2026-09-17T01:18:07.241+0000] {processor.py:157} INFO - Started process (PID=34331) to work on /home/vscode/.local/lib/python3.10/site-packages/airflow/example_dags/example_branch_operator_decorator.py
[2026-09-17T01:18:07.242+0000] {processor.py:826} INFO - Processing file /home/vscode/.local/lib/python3.10/site-packages/airflow/example_dags/example_branch_operator_decorator.py for tasks to queue
[2026-09-17T01:18:07.242+0000] {logging_mixin.py:150} INFO - [2026-09-17T01:18:07.242+0000] {dagbag.py:541} INFO - Filling up the DagBag from /home/vscode/.local/lib/python3.10/site-packages/airflow/example_dags/example_branch_operator_decorator.py
[2026-09-17T01:18:07.251+0000] {processor.py:836} INFO - DAG(s) dict_keys(['example_branch_python_operator_decorator']) retrieved from /home/vscode/.local/lib/python3.10/site-packages/airflow/example_dags/example_branch_operator_decorator.py
[2026-09-17T01:18:07.265+0000] {logging_mixin.py:150} INFO - [2026-09-17T01:18:07.265+0000] {dag.py:2742} INFO - Sync 1 DAGs
[2026-09-17T01:18:07.281+0000] {logging_mixin.py:150} INFO - [2026-09-17T01:18:07.281+0000] {dag.py:3504} INFO - Setting next_dagrun for example_branch_python_operator_decorator to 2026-09-16T00:00:00+00:00, run_after=2026-09-17T00:00:00+00:00
[2026-09-17T01:18:07.301+0000] {processor.py:179} INFO - Processing /home/vscode/.local/lib/python3.10/site-packages/airflow/example_dags/example_branch_operator_decorator.py took 0.063 seconds
[2026-09-17T01:18:19.695+0000] {processor.py:157} INFO - Started process (PID=34438) to work on /home/vscode/.local/lib/python3.10/site-packages/airflow/example_dags/example_branch_operator_decorator.py
[2026-09-17T01:18:19.696+0000] {processor.py:826} INFO - Processing file /home/vscode/.local/lib/python3.10/site-packages/airflow/example_dags/example_branch_operator_decorator.py for tasks to queue
[2026-09-17T01:18:19.697+0000] {logging_mixin.py:150} INFO - [2026-09-17T01:18:19.696+0000] {dagbag.py:541} INFO - Filling up the DagBag from /home/vscode/.local/lib/python3.10/site-packages/airflow/example_dags/example_branch_operator_decorator.py
[2026-09-17T01:18:19.706+0000] {processor.py:836} INFO - DAG(s) dict_keys(['example_branch_python_operator_decorator']) retrieved from /home/vscode/.local/lib/python3.10/site-packages/airflow/example_dags/example_branch_operator_decorator.py
[2026-09-17T01:18:19.723+0000] {logging_mixin.py:150} INFO - [2026-09-17T01:18:19.723+0000] {dag.py:2742} INFO - Sync 1 DAGs
[2026-09-17T01:18:19.739+0000] {logging_mixin.py:150} INFO - [2026-09-17T01:18:19.739+0000] {dag.py:3504} INFO - Setting next_dagrun for example_branch_python_operator_decorator to 2026-09-16T00:00:00+00:00, run_after=2026-09-17T00:00:00+00:00
[2026-09-17T01:18:19.755+0000] {processor.py:179} INFO - Processing /home/vscode/.local/lib/python3.10/site-packages/airflow/example_dags/example_branch_operator_decorator.py took 0.064 seconds
[2026-09-17T01:18:52.882+0000] {processor.py:157} INFO - Started process (PID=34722) to work on /home/vscode/.local/lib/python3.10/site-packages/airflow/example_dags/example_branch_operator_decorator.py
[2026-09-17T01:18:52.883+0000] {processor.py:826} INFO - Processing file /home/vscode/.local/lib/python3.10/site-packages/airflow/example_dags/example_branch_operator_decorator.py for tasks to queue
[2026-09-17T01:18:52.884+0000] {logging_mixin.py:150} INFO - [2026-09-17T01:18:52.883+0000] {dagbag.py:541} INFO - Filling up the DagBag from /home/vscode/.local/lib/python3.10/site-packages/airflow/example_dags/example_branch_operator_decorator.py
[2026-09-17T01:18:52.893+0000] {processor.py:836} INFO - DAG(s) dict_keys(['example_branch_python_operator_decorator']) retrieved from /home/vscode/.local/lib/python3.10/site-packages/airflow/example_dags/example_branch_operator_decorator.py
[2026-09-17T01:18:52.909+0000] {logging_mixin.py:150} INFO - [2026-09-17T01:18:52.909+0000] {dag.py:2742} INFO - Sync 1 DAGs
[2026-09-17T01:18:52.925+0000] {logging_mixin.py:150} INFO - [2026-09-17T01:18:52.925+0000] {dag.py:3504} INFO - Setting next_dagrun for example_branch_python_operator_decorator to 2026-09-16T00:00:00+00:00, run_after=2026-09-17T00:00:00+00:00
[2026-09-17T01:18:52.947+0000] {processor.py:179} INFO - Processing /home/vscode/.local/lib/python3.10/site-packages/airflow/example_dags/example_branch_operator_decorator.py took 0.069 seconds
[2026-09-17T01:19:07.200+0000] {processor.py:157} INFO - Started process (PID=34836) to work on /home/vscode/.local/lib/python3.10/site-packages/airflow/example_dags/example_branch_operator_decorator.py
[2026-09-17T01:19:07.201+0000] {processor.py:826} INFO - Processing file /home/vscode/.local/lib/python3.10/site-packages/airflow/example_dags/example_branch_operator_decorator.py for tasks to queue
[2026-09-17T01:19:07.202+0000] {logging_mixin.py:150} INFO - [2026-09-17T01:19:07.201+0000] {dagbag.py:541} INFO - Filling up the DagBag from /home/vscode/.local/lib/python3.10/site-packages/airflow/example_dags/example_branch_operator_decorator.py
[2026-09-17T01:19:07.209+0000] {processor.py:836} INFO - DAG(s) dict_keys(['example_branch_python_operator_decorator']) retrieved from /home/vscode/.local/lib/python3.10/site-packages/airflow/example_dags/example_branch_operator_decorator.py
[2026-09-17T01:19:07.224+0000] {logging_mixin.py:150} INFO - [2026-09-17T01:19:07.224+0000] {dag.py:2742} INFO - Sync 1 DAGs
[2026-09-17T01:19:07.239+0000] {logging_mixin.py:150} INFO - [2026-09-17T01:19:07.239+0000] {dag.py:3504} INFO - Setting next_dagrun for example_branch_python_operator_decorator to 2026-09-16T00:00:00+00:00, run_after=2026-09-17T00:00:00+00:00
[2026-09-17T01:19:07.255+0000] {processor.py:179} INFO - Processing /home/vscode/.local/lib/python3.10/site-packages/airflow/example_dags/example_branch_operator_decorator.py took 0.058 seconds
[2026-09-17T01:19:43.415+0000] {processor.py:157} INFO - Started process (PID=35121) to work on /home/vscode/.local/lib/python3.10/site-packages/airflow/example_dags/example_branch_operator_decorator.py
[2026-09-17T01:19:43.416+0000] {processor.py:826} INFO - Processing file /home/vscode/.local/lib/python3.10/site-packages/airflow/example_dags/example_branch_operator_decorator.py for tasks to queue
[2026-09-17T01:19:43.417+0000] {logging_mixin.py:150} INFO - [2026-09-17T01:19:43.416+0000] {dagbag.py:541} INFO - Filling up the DagBag from /home/vscode/.local/lib/python3.10/site-packages/airflow/example_dags/example_branch_operator_decorator.py
[2026-09-17T01:19:43.425+0000] {processor.py:836} INFO - DAG(s) dict_keys(['example_branch_python_operator_decorator']) retrieved from /home/vscode/.local/lib/python3.10/site-packages/airflow/example_dags/example_branch_operator_decorator.py
[2026-09-17T01:19:43.440+0000] {logging_mixin.py:150} INFO - [2026-09-17T01:19:43.440+0000] {dag.py:2742} INFO - Sync 1 DAGs
[2026-09-17T01:19:43.466+0000] {logging_mixin.py:150} INFO - [2026-09-17T01:19:43.466+0000] {dag.py:3504} INFO - Setting next_dagrun for example_branch_python_operator_decorator to 2026-09-16T00:00:00+00:00, run_after=2026-09-17T00:00:00+00:00
[2026-09-17T01:19:43.514+0000] {processor.py:179} INFO - Processing /home/vscode/.local/lib/python3.10/site-packages/airflow/example_dags/example_branch_operator_decorator.py took 0.102 seconds
[2026-09-17T01:19:54.488+0000] {processor.py:157} INFO - Started process (PID=35244) to work on /home/vscode/.local/lib/python3.10/site-packages/airflow/example_dags/example_branch_operator_decorator.py
[2026-09-17T01:19:54.489+0000] {processor.py:826} INFO - Processing file /home/vscode/.local/lib/python3.10/site-packages/airflow/example_dags/example_branch_operator_decorator.py for tasks to queue
[2026-09-17T01:19:54.490+0000] {logging_mixin.py:150} INFO - [2026-09-17T01:19:54.490+0000] {dagbag.py:541} INFO - Filling up the DagBag from /home/vscode/.local/lib/python3.10/site-packages/airflow/example_dags/example_branch_operator_decorator.py
[2026-09-17T01:19:54.505+0000] {processor.py:836} INFO - DAG(s) dict_keys(['example_branch_python_operator_decorator']) retrieved from /home/vscode/.local/lib/python3.10/site-packages/airflow/example_dags/example_branch_operator_decorator.py
[2026-09-17T01:19:54.525+0000] {logging_mixin.py:150} INFO - [2026-09-17T01:19:54.525+0000] {dag.py:2742} INFO - Sync 1 DAGs
[2026-09-17T01:19:54.541+0000] {logging_mixin.py:150} INFO - [2026-09-17T01:19:54.541+0000] {dag.py:3504} INFO - Setting next_dagrun for example_branch_python_operator_decorator to 2026-09-16T00:00:00+00:00, run_after=2026-09-17T00:00:00+00:00
[2026-09-17T01:19:54.557+0000] {processor.py:179} INFO - Processing /home/vscode/.local/lib/python3.10/site-packages/airflow/example_dags/example_branch_operator_decorator.py took 0.072 seconds
[2026-09-17T01:20:30.088+0000] {processor.py:157} INFO - Started process (PID=35557) to work on /home/vscode/.local/lib/python3.10/site-packages/airflow/example_dags/example_branch_operator_decorator.py
[2026-09-17T01:20:30.089+0000] {processor.py:826} INFO - Processing file /home/vscode/.local/lib/python3.10/site-packages/airflow/example_dags/example_branch_operator_decorator.py for tasks to queue
[2026-09-17T01:20:30.090+0000] {logging_mixin.py:150} INFO - [2026-09-17T01:20:30.089+0000] {dagbag.py:541} INFO - Filling up the DagBag from /home/vscode/.local/lib/python3.10/site-packages/airflow/example_dags/example_branch_operator_decorator.py
[2026-09-17T01:20:30.097+0000] {processor.py:836} INFO - DAG(s) dict_keys(['example_branch_python_operator_decorator']) retrieved from /home/vscode/.local/lib/python3.10/site-packages/airflow/example_dags/example_branch_operator_decorator.py
[2026-09-17T01:20:30.117+0000] {logging_mixin.py:150} INFO - [2026-09-17T01:20:30.117+0000] {dag.py:2742} INFO - Sync 1 DAGs
[2026-09-17T01:20:30.149+0000] {logging_mixin.py:150} INFO - [2026-09-17T01:20:30.149+0000] {dag.py:3504} INFO - Setting next_dagrun for example_branch_python_operator_decorator to 2026-09-16T00:00:00+00:00, run_after=2026-09-17T00:00:00+00:00
[2026-09-17T01:20:30.194+0000] {processor.py:179} INFO - Processing /home/vscode/.local/lib/python3.10/site-packages/airflow/example_dags/example_branch_operator_decorator.py took 0.109 seconds
[2026-09-17T01:20:43.158+0000] {processor.py:157} INFO - Started process (PID=35681) to work on /home/vscode/.local/lib/python3.10/site-packages/airflow/example_dags/example_branch_operator_decorator.py
[2026-09-17T01:20:43.159+0000] {processor.py:826} INFO - Processing file /home/vscode/.local/lib/python3.10/site-packages/airflow/example_dags/example_branch_operator_decorator.py for tasks to queue
[2026-09-17T01:20:43.159+0000] {logging_mixin.py:150} INFO - [2026-09-17T01:20:43.159+0000] {dagbag.py:541} INFO - Filling up the DagBag from /home/vscode/.local/lib/python3.10/site-packages/airflow/example_dags/example_branch_operator_decorator.py
[2026-09-17T01:20:43.167+0000] {processor.py:836} INFO - DAG(s) dict_keys(['example_branch_python_operator_decorator']) retrieved from /home/vscode/.local/lib/python3.10/site-packages/airflow/example_dags/example_branch_operator_decorator.py
[2026-09-17T01:20:43.182+0000] {logging_mixin.py:150} INFO - [2026-09-17T01:20:43.182+0000] {dag.py:2742} INFO - Sync 1 DAGs
[2026-09-17T01:20:43.200+0000] {logging_mixin.py:150} INFO - [2026-09-17T01:20:43.199+0000] {dag.py:3504} INFO - Setting next_dagrun for example_branch_python_operator_decorator to 2026-09-16T00:00:00+00:00, run_after=2026-09-17T00:00:00+00:00
[2026-09-17T01:20:43.223+0000] {processor.py:179} INFO - Processing /home/vscode/.local/lib/python3.10/site-packages/airflow/example_dags/example_branch_operator_decorator.py took 0.068 seconds
[2026-09-17T01:21:20.600+0000] {processor.py:157} INFO - Started process (PID=36228) to work on /home/vscode/.local/lib/python3.10/site-packages/airflow/example_dags/example_branch_operator_decorator.py
[2026-09-17T01:21:20.601+0000] {processor.py:826} INFO - Processing file /home/vscode/.local/lib/python3.10/site-packages/airflow/example_dags/example_branch_operator_decorator.py for tasks to queue
[2026-09-17T01:21:20.602+0000] {logging_mixin.py:150} INFO - [2026-09-17T01:21:20.602+0000] {dagbag.py:541} INFO - Filling up the DagBag from /home/vscode/.local/lib/python3.10/site-packages/airflow/example_dags/example_branch_operator_decorator.py
[2026-09-17T01:21:20.610+0000] {processor.py:836} INFO - DAG(s) dict_keys(['example_branch_python_operator_decorator']) retrieved from /home/vscode/.local/lib/python3.10/site-packages/airflow/example_dags/example_branch_operator_decorator.py
[2026-09-17T01:21:20.624+0000] {logging_mixin.py:150} INFO - [2026-09-17T01:21:20.624+0000] {dag.py:2742} INFO - Sync 1 DAGs
[2026-09-17T01:21:20.642+0000] {logging_mixin.py:150} INFO - [2026-09-17T01:21:20.642+0000] {dag.py:3504} INFO - Setting next_dagrun for example_branch_python_operator_decorator to 2026-09-16T00:00:00+00:00, run_after=2026-09-17T00:00:00+00:00
[2026-09-17T01:21:20.659+0000] {processor.py:179} INFO - Processing /home/vscode/.local/lib/python3.10/site-packages/airflow/example_dags/example_branch_operator_decorator.py took 0.061 seconds
[2026-09-17T01:21:31.477+0000] {processor.py:157} INFO - Started process (PID=36316) to work on /home/vscode/.local/lib/python3.10/site-packages/airflow/example_dags/example_branch_operator_decorator.py
[2026-09-17T01:21:31.478+0000] {processor.py:826} INFO - Processing file /home/vscode/.local/lib/python3.10/site-packages/airflow/example_dags/example_branch_operator_decorator.py for tasks to queue
[2026-09-17T01:21:31.479+0000] {logging_mixin.py:150} INFO - [2026-09-17T01:21:31.478+0000] {dagbag.py:541} INFO - Filling up the DagBag from /home/vscode/.local/lib/python3.10/site-packages/airflow/example_dags/example_branch_operator_decorator.py
[2026-09-17T01:21:31.494+0000] {processor.py:836} INFO - DAG(s) dict_keys(['example_branch_python_operator_decorator']) retrieved from /home/vscode/.local/lib/python3.10/site-packages/airflow/example_dags/example_branch_operator_decorator.py
[2026-09-17T01:21:31.530+0000] {logging_mixin.py:150} INFO - [2026-09-17T01:21:31.530+0000] {dag.py:2742} INFO - Sync 1 DAGs
[2026-09-17T01:21:31.586+0000] {logging_mixin.py:150} INFO - [2026-09-17T01:21:31.585+0000] {dag.py:3504} INFO - Setting next_dagrun for example_branch_python_operator_decorator to 2026-09-16T00:00:00+00:00, run_after=2026-09-17T00:00:00+00:00
[2026-09-17T01:21:31.608+0000] {processor.py:179} INFO - Processing /home/vscode/.local/lib/python3.10/site-packages/airflow/example_dags/example_branch_operator_decorator.py took 0.135 seconds
[2026-09-17T01:22:09.270+0000] {processor.py:157} INFO - Started process (PID=36838) to work on /home/vscode/.local/lib/python3.10/site-packages/airflow/example_dags/example_branch_operator_decorator.py
[2026-09-17T01:22:09.273+0000] {processor.py:826} INFO - Processing file /home/vscode/.local/lib/python3.10/site-packages/airflow/example_dags/example_branch_operator_decorator.py for tasks to queue
[2026-09-17T01:22:09.274+0000] {logging_mixin.py:150} INFO - [2026-09-17T01:22:09.274+0000] {dagbag.py:541} INFO - Filling up the DagBag from /home/vscode/.local/lib/python3.10/site-packages/airflow/example_dags/example_branch_operator_decorator.py
[2026-09-17T01:22:09.297+0000] {processor.py:836} INFO - DAG(s) dict_keys(['example_branch_python_operator_decorator']) retrieved from /home/vscode/.local/lib/python3.10/site-packages/airflow/example_dags/example_branch_operator_decorator.py
[2026-09-17T01:22:09.326+0000] {logging_mixin.py:150} INFO - [2026-09-17T01:22:09.326+0000] {dag.py:2742} INFO - Sync 1 DAGs
[2026-09-17T01:22:09.351+0000] {logging_mixin.py:150} INFO - [2026-09-17T01:22:09.351+0000] {dag.py:3504} INFO - Setting next_dagrun for example_branch_python_operator_decorator to 2026-09-16T00:00:00+00:00, run_after=2026-09-17T00:00:00+00:00
[2026-09-17T01:22:09.384+0000] {processor.py:179} INFO - Processing /home/vscode/.local/lib/python3.10/site-packages/airflow/example_dags/example_branch_operator_decorator.py took 0.121 seconds
[2026-09-17T01:22:22.227+0000] {processor.py:157} INFO - Started process (PID=37099) to work on /home/vscode/.local/lib/python3.10/site-packages/airflow/example_dags/example_branch_operator_decorator.py
[2026-09-17T01:22:22.227+0000] {processor.py:826} INFO - Processing file /home/vscode/.local/lib/python3.10/site-packages/airflow/example_dags/example_branch_operator_decorator.py for tasks to queue
[2026-09-17T01:22:22.228+0000] {logging_mixin.py:150} INFO - [2026-09-17T01:22:22.228+0000] {dagbag.py:541} INFO - Filling up the DagBag from /home/vscode/.local/lib/python3.10/site-packages/airflow/example_dags/example_branch_operator_decorator.py
[2026-09-17T01:22:22.236+0000] {processor.py:836} INFO - DAG(s) dict_keys(['example_branch_python_operator_decorator']) retrieved from /home/vscode/.local/lib/python3.10/site-packages/airflow/example_dags/example_branch_operator_decorator.py
[2026-09-17T01:22:22.252+0000] {logging_mixin.py:150} INFO - [2026-09-17T01:22:22.252+0000] {dag.py:2742} INFO - Sync 1 DAGs
[2026-09-17T01:22:22.274+0000] {logging_mixin.py:150} INFO - [2026-09-17T01:22:22.274+0000] {dag.py:3504} INFO - Setting next_dagrun for example_branch_python_operator_decorator to 2026-09-16T00:00:00+00:00, run_after=2026-09-17T00:00:00+00:00
[2026-09-17T01:22:22.296+0000] {processor.py:179} INFO - Processing /home/vscode/.local/lib/python3.10/site-packages/airflow/example_dags/example_branch_operator_decorator.py took 0.072 seconds
[2026-09-17T01:22:58.068+0000] {processor.py:157} INFO - Started process (PID=37383) to work on /home/vscode/.local/lib/python3.10/site-packages/airflow/example_dags/example_branch_operator_decorator.py
[2026-09-17T01:22:58.069+0000] {processor.py:826} INFO - Processing file /home/vscode/.local/lib/python3.10/site-packages/airflow/example_dags/example_branch_operator_decorator.py for tasks to queue
[2026-09-17T01:22:58.069+0000] {logging_mixin.py:150} INFO - [2026-09-17T01:22:58.069+0000] {dagbag.py:541} INFO - Filling up the DagBag from /home/vscode/.local/lib/python3.10/site-packages/airflow/example_dags/example_branch_operator_decorator.py
[2026-09-17T01:22:58.077+0000] {processor.py:836} INFO - DAG(s) dict_keys(['example_branch_python_operator_decorator']) retrieved from /home/vscode/.local/lib/python3.10/site-packages/airflow/example_dags/example_branch_operator_decorator.py
[2026-09-17T01:22:58.093+0000] {logging_mixin.py:150} INFO - [2026-09-17T01:22:58.093+0000] {dag.py:2742} INFO - Sync 1 DAGs
[2026-09-17T01:22:58.111+0000] {logging_mixin.py:150} INFO - [2026-09-17T01:22:58.111+0000] {dag.py:3504} INFO - Setting next_dagrun for example_branch_python_operator_decorator to 2026-09-16T00:00:00+00:00, run_after=2026-09-17T00:00:00+00:00
[2026-09-17T01:22:58.128+0000] {processor.py:179} INFO - Processing /home/vscode/.local/lib/python3.10/site-packages/airflow/example_dags/example_branch_operator_decorator.py took 0.063 seconds
[2026-09-17T01:23:07.372+0000] {processor.py:157} INFO - Started process (PID=37453) to work on /home/vscode/.local/lib/python3.10/site-packages/airflow/example_dags/example_branch_operator_decorator.py
[2026-09-17T01:23:07.373+0000] {processor.py:826} INFO - Processing file /home/vscode/.local/lib/python3.10/site-packages/airflow/example_dags/example_branch_operator_decorator.py for tasks to queue
[2026-09-17T01:23:07.374+0000] {logging_mixin.py:150} INFO - [2026-09-17T01:23:07.374+0000] {dagbag.py:541} INFO - Filling up the DagBag from /home/vscode/.local/lib/python3.10/site-packages/airflow/example_dags/example_branch_operator_decorator.py
[2026-09-17T01:23:07.388+0000] {processor.py:836} INFO - DAG(s) dict_keys(['example_branch_python_operator_decorator']) retrieved from /home/vscode/.local/lib/python3.10/site-packages/airflow/example_dags/example_branch_operator_decorator.py
[2026-09-17T01:23:07.409+0000] {logging_mixin.py:150} INFO - [2026-09-17T01:23:07.409+0000] {dag.py:2742} INFO - Sync 1 DAGs
[2026-09-17T01:23:07.428+0000] {logging_mixin.py:150} INFO - [2026-09-17T01:23:07.428+0000] {dag.py:3504} INFO - Setting next_dagrun for example_branch_python_operator_decorator to 2026-09-16T00:00:00+00:00, run_after=2026-09-17T00:00:00+00:00
[2026-09-17T01:23:07.445+0000] {processor.py:179} INFO - Processing /home/vscode/.local/lib/python3.10/site-packages/airflow/example_dags/example_branch_operator_decorator.py took 0.079 seconds
[2026-09-17T01:23:47.469+0000] {processor.py:157} INFO - Started process (PID=37842) to work on /home/vscode/.local/lib/python3.10/site-packages/airflow/example_dags/example_branch_operator_decorator.py
[2026-09-17T01:23:47.470+0000] {processor.py:826} INFO - Processing file /home/vscode/.local/lib/python3.10/site-packages/airflow/example_dags/example_branch_operator_decorator.py for tasks to queue
[2026-09-17T01:23:47.471+0000] {logging_mixin.py:150} INFO - [2026-09-17T01:23:47.470+0000] {dagbag.py:541} INFO - Filling up the DagBag from /home/vscode/.local/lib/python3.10/site-packages/airflow/example_dags/example_branch_operator_decorator.py
[2026-09-17T01:23:47.479+0000] {processor.py:836} INFO - DAG(s) dict_keys(['example_branch_python_operator_decorator']) retrieved from /home/vscode/.local/lib/python3.10/site-packages/airflow/example_dags/example_branch_operator_decorator.py
[2026-09-17T01:23:47.498+0000] {logging_mixin.py:150} INFO - [2026-09-17T01:23:47.498+0000] {dag.py:2742} INFO - Sync 1 DAGs
[2026-09-17T01:23:47.520+0000] {logging_mixin.py:150} INFO - [2026-09-17T01:23:47.520+0000] {dag.py:3504} INFO - Setting next_dagrun for example_branch_python_operator_decorator to 2026-09-16T00:00:00+00:00, run_after=2026-09-17T00:00:00+00:00
[2026-09-17T01:23:47.538+0000] {processor.py:179} INFO - Processing /home/vscode/.local/lib/python3.10/site-packages/airflow/example_dags/example_branch_operator_decorator.py took 0.071 seconds
[2026-09-17T01:23:57.398+0000] {processor.py:157} INFO - Started process (PID=37915) to work on /home/vscode/.local/lib/python3.10/site-packages/airflow/example_dags/example_branch_operator_decorator.py
[2026-09-17T01:23:57.399+0000] {processor.py:826} INFO - Processing file /home/vscode/.local/lib/python3.10/site-packages/airflow/example_dags/example_branch_operator_decorator.py for tasks to queue
[2026-09-17T01:23:57.399+0000] {logging_mixin.py:150} INFO - [2026-09-17T01:23:57.399+0000] {dagbag.py:541} INFO - Filling up the DagBag from /home/vscode/.local/lib/python3.10/site-packages/airflow/example_dags/example_branch_operator_decorator.py
[2026-09-17T01:23:57.409+0000] {processor.py:836} INFO - DAG(s) dict_keys(['example_branch_python_operator_decorator']) retrieved from /home/vscode/.local/lib/python3.10/site-packages/airflow/example_dags/example_branch_operator_decorator.py
[2026-09-17T01:23:57.425+0000] {logging_mixin.py:150} INFO - [2026-09-17T01:23:57.425+0000] {dag.py:2742} INFO - Sync 1 DAGs
[2026-09-17T01:23:57.442+0000] {logging_mixin.py:150} INFO - [2026-09-17T01:23:57.442+0000] {dag.py:3504} INFO - Setting next_dagrun for example_branch_python_operator_decorator to 2026-09-16T00:00:00+00:00, run_after=2026-09-17T00:00:00+00:00
[2026-09-17T01:23:57.459+0000] {processor.py:179} INFO - Processing /home/vscode/.local/lib/python3.10/site-packages/airflow/example_dags/example_branch_operator_decorator.py took 0.063 seconds
[2026-09-17T01:24:39.034+0000] {processor.py:157} INFO - Started process (PID=38576) to work on /home/vscode/.local/lib/python3.10/site-packages/airflow/example_dags/example_branch_operator_decorator.py
[2026-09-17T01:24:39.035+0000] {processor.py:826} INFO - Processing file /home/vscode/.local/lib/python3.10/site-packages/airflow/example_dags/example_branch_operator_decorator.py for tasks to queue
[2026-09-17T01:24:39.036+0000] {logging_mixin.py:150} INFO - [2026-09-17T01:24:39.035+0000] {dagbag.py:541} INFO - Filling up the DagBag from /home/vscode/.local/lib/python3.10/site-packages/airflow/example_dags/example_branch_operator_decorator.py
[2026-09-17T01:24:39.049+0000] {processor.py:836} INFO - DAG(s) dict_keys(['example_branch_python_operator_decorator']) retrieved from /home/vscode/.local/lib/python3.10/site-packages/airflow/example_dags/example_branch_operator_decorator.py
[2026-09-17T01:24:39.241+0000] {logging_mixin.py:150} INFO - [2026-09-17T01:24:39.241+0000] {manager.py:504} INFO - Created Permission View: can delete on DAG:example_branch_python_operator_decorator
[2026-09-17T01:24:39.257+0000] {logging_mixin.py:150} INFO - [2026-09-17T01:24:39.257+0000] {manager.py:504} INFO - Created Permission View: can edit on DAG:example_branch_python_operator_decorator
[2026-09-17T01:24:39.274+0000] {logging_mixin.py:150} INFO - [2026-09-17T01:24:39.274+0000] {manager.py:504} INFO - Created Permission View: can read on DAG:example_branch_python_operator_decorator
[2026-09-17T01:24:39.287+0000] {logging_mixin.py:150} INFO - [2026-09-17T01:24:39.287+0000] {dag.py:2742} INFO - Sync 1 DAGs
[2026-09-17T01:24:39.298+0000] {logging_mixin.py:150} INFO - [2026-09-17T01:24:39.298+0000] {dag.py:2763} INFO - Creating ORM DAG for example_branch_python_operator_decorator
[2026-09-17T01:24:39.310+0000] {logging_mixin.py:150} INFO - [2026-09-17T01:24:39.309+0000] {dag.py:3504} INFO - Setting next_dagrun for example_branch_python_operator_decorator to 2026-09-16T00:00:00+00:00, run_after=2026-09-17T00:00:00+00:00
[2026-09-17T01:24:39.343+0000] {processor.py:179} INFO - Processing /home/vscode/.local/lib/python3.10/site-packages/airflow/example_dags/example_branch_operator_decorator.py took 0.312 seconds
