[2026-09-17T00:55:56.723+0000] {processor.py:157} INFO - Started process (PID=22266) to work on /home/vscode/.local/lib/python3.10/site-packages/airflow/example_dags/example_branch_python_dop_operator_3.py
[2026-09-17T00:55:56.724+0000] {processor.py:826} INFO - Processing file /home/vscode/.local/lib/python3.10/site-packages/airflow/example_dags/example_branch_python_dop_operator_3.py for tasks to queue
[2026-09-17T00:55:56.724+0000] {logging_mixin.py:150} INFO - [2026-09-17T00:55:56.724+0000] {dagbag.py:541} INFO - Filling up the DagBag from /home/vscode/.local/lib/python3.10/site-packages/airflow/example_dags/example_branch_python_dop_operator_3.py
[2026-09-17T00:55:56.733+0000] {processor.py:836} INFO - DAG(s) dict_keys(['example_branch_dop_operator_v3']) retrieved from /home/vscode/.local/lib/python3.10/site-packages/airflow/example_dags/example_branch_python_dop_operator_3.py
[2026-09-17T00:55:56.819+0000] {logging_mixin.py:150} INFO - [2026-09-17T00:55:56.819+0000] {manager.py:504} INFO - Created Permission View: can delete on DAG:example_branch_dop_operator_v3
[2026-09-17T00:55:56.828+0000] {logging_mixin.py:150} INFO - [2026-09-17T00:55:56.828+0000] {manager.py:504} INFO - Created Permission View: can edit on DAG:example_branch_dop_operator_v3
[2026-09-17T00:55:56.836+0000] {logging_mixin.py:150} INFO - [2026-09-17T00:55:56.836+0000] {manager.py:504} INFO - Created Permission View: can read on DAG:example_branch_dop_operator_v3
[2026-09-17T00:55:56.844+0000] {logging_mixin.py:150} INFO - [2026-09-17T00:55:56.844+0000] {dag.py:2742} INFO - Sync 1 DAGs
[2026-09-17T00:55:56.851+0000] {logging_mixin.py:150} INFO - [2026-09-17T00:55:56.851+0000] {dag.py:2763} INFO - Creating ORM DAG for example_branch_dop_operator_v3
[2026-09-17T00:55:56.860+0000] {logging_mixin.py:150} INFO - [2026-09-17T00:55:56.860+0000] {dag.py:3504} INFO - Setting next_dagrun for example_branch_dop_operator_v3 to 2026-09-17T00:54:00+00:00, run_after=2026-09-17T00:55:00+00:00
[2026-09-17T00:55:56.878+0000] {processor.py:179} INFO - Processing /home/vscode/.local/lib/python3.10/site-packages/airflow/example_dags/example_branch_python_dop_operator_3.py took 0.158 seconds
[2026-09-17T00:56:21.112+0000] {processor.py:157} INFO - Started process (PID=22462) to work on /home/vscode/.local/lib/python3.10/site-packages/airflow/example_dags/example_branch_python_dop_operator_3.py
[2026-09-17T00:56:21.113+0000] {processor.py:826} INFO - Processing file /home/vscode/.local/lib/python3.10/site-packages/airflow/example_dags/example_branch_python_dop_operator_3.py for tasks to queue
[2026-09-17T00:56:21.114+0000] {logging_mixin.py:150} INFO - [2026-09-17T00:56:21.113+0000] {dagbag.py:541} INFO - Filling up the DagBag from /home/vscode/.local/lib/python3.10/site-packages/airflow/example_dags/example_branch_python_dop_operator_3.py
[2026-09-17T00:56:21.124+0000] {processor.py:836} INFO - DAG(s) dict_keys(['example_branch_dop_operator_v3']) retrieved from /home/vscode/.local/lib/python3.10/site-packages/airflow/example_dags/example_branch_python_dop_operator_3.py
[2026-09-17T00:56:21.133+0000] {logging_mixin.py:150} INFO - [2026-09-17T00:56:21.133+0000] {dag.py:2742} INFO - Sync 1 DAGs
[2026-09-17T00:56:21.152+0000] {logging_mixin.py:150} INFO - [2026-09-17T00:56:21.152+0000] {dag.py:3504} INFO - Setting next_dagrun for example_branch_dop_operator_v3 to 2026-09-17T00:55:00+00:00, run_after=2026-09-17T00:56:00+00:00
[2026-09-17T00:56:21.169+0000] {processor.py:179} INFO - Processing /home/vscode/.local/lib/python3.10/site-packages/airflow/example_dags/example_branch_python_dop_operator_3.py took 0.059 seconds
[2026-09-17T00:56:47.644+0000] {processor.py:157} INFO - Started process (PID=22753) to work on /home/vscode/.local/lib/python3.10/site-packages/airflow/example_dags/example_branch_python_dop_operator_3.py
[2026-09-17T00:56:47.645+0000] {processor.py:826} INFO - Processing file /home/vscode/.local/lib/python3.10/site-packages/airflow/example_dags/example_branch_python_dop_operator_3.py for tasks to queue
[2026-09-17T00:56:47.646+0000] {logging_mixin.py:150} INFO - [2026-09-17T00:56:47.645+0000] {dagbag.py:541} INFO - Filling up the DagBag from /home/vscode/.local/lib/python3.10/site-packages/airflow/example_dags/example_branch_python_dop_operator_3.py
[2026-09-17T00:56:47.656+0000] {processor.py:836} INFO - DAG(s) dict_keys(['example_branch_dop_operator_v3']) retrieved from /home/vscode/.local/lib/python3.10/site-packages/airflow/example_dags/example_branch_python_dop_operator_3.py
[2026-09-17T00:56:47.674+0000] {logging_mixin.py:150} INFO - [2026-09-17T00:56:47.674+0000] {dag.py:2742} INFO - Sync 1 DAGs
[2026-09-17T00:56:47.701+0000] {logging_mixin.py:150} INFO - [2026-09-17T00:56:47.701+0000] {dag.py:3504} INFO - Setting next_dagrun for example_branch_dop_operator_v3 to 2026-09-17T00:55:00+00:00, run_after=2026-09-17T00:56:00+00:00
[2026-09-17T00:56:47.722+0000] {processor.py:179} INFO - Processing /home/vscode/.local/lib/python3.10/site-packages/airflow/example_dags/example_branch_python_dop_operator_3.py took 0.081 seconds
[2026-09-17T00:57:22.068+0000] {processor.py:157} INFO - Started process (PID=23013) to work on /home/vscode/.local/lib/python3.10/site-packages/airflow/example_dags/example_branch_python_dop_operator_3.py
[2026-09-17T00:57:22.069+0000] {processor.py:826} INFO - Processing file /home/vscode/.local/lib/python3.10/site-packages/airflow/example_dags/example_branch_python_dop_operator_3.py for tasks to queue
[2026-09-17T00:57:22.072+0000] {logging_mixin.py:150} INFO - [2026-09-17T00:57:22.072+0000] {dagbag.py:541} INFO - Filling up the DagBag from /home/vscode/.local/lib/python3.10/site-packages/airflow/example_dags/example_branch_python_dop_operator_3.py
[2026-09-17T00:57:22.091+0000] {processor.py:836} INFO - DAG(s) dict_keys(['example_branch_dop_operator_v3']) retrieved from /home/vscode/.local/lib/python3.10/site-packages/airflow/example_dags/example_branch_python_dop_operator_3.py
[2026-09-17T00:57:22.111+0000] {logging_mixin.py:150} INFO - [2026-09-17T00:57:22.111+0000] {dag.py:2742} INFO - Sync 1 DAGs
[2026-09-17T00:57:22.143+0000] {logging_mixin.py:150} INFO - [2026-09-17T00:57:22.143+0000] {dag.py:3504} INFO - Setting next_dagrun for example_branch_dop_operator_v3 to 2026-09-17T00:56:00+00:00, run_after=2026-09-17T00:57:00+00:00
[2026-09-17T00:57:22.212+0000] {processor.py:179} INFO - Processing /home/vscode/.local/lib/python3.10/site-packages/airflow/example_dags/example_branch_python_dop_operator_3.py took 0.151 seconds
[2026-09-17T00:57:43.595+0000] {processor.py:157} INFO - Started process (PID=23177) to work on /home/vscode/.local/lib/python3.10/site-packages/airflow/example_dags/example_branch_python_dop_operator_3.py
[2026-09-17T00:57:43.596+0000] {processor.py:826} INFO - Processing file /home/vscode/.local/lib/python3.10/site-packages/airflow/example_dags/example_branch_python_dop_operator_3.py for tasks to queue
[2026-09-17T00:57:43.597+0000] {logging_mixin.py:150} INFO - [2026-09-17T00:57:43.597+0000] {dagbag.py:541} INFO - Filling up the DagBag from /home/vscode/.local/lib/python3.10/site-packages/airflow/example_dags/example_branch_python_dop_operator_3.py
[2026-09-17T00:57:43.607+0000] {processor.py:836} INFO - DAG(s) dict_keys(['example_branch_dop_operator_v3']) retrieved from /home/vscode/.local/lib/python3.10/site-packages/airflow/example_dags/example_branch_python_dop_operator_3.py
[2026-09-17T00:57:43.627+0000] {logging_mixin.py:150} INFO - [2026-09-17T00:57:43.626+0000] {dag.py:2742} INFO - Sync 1 DAGs
[2026-09-17T00:57:43.657+0000] {logging_mixin.py:150} INFO - [2026-09-17T00:57:43.656+0000] {dag.py:3504} INFO - Setting next_dagrun for example_branch_dop_operator_v3 to 2026-09-17T00:56:00+00:00, run_after=2026-09-17T00:57:00+00:00
[2026-09-17T00:57:43.681+0000] {processor.py:179} INFO - Processing /home/vscode/.local/lib/python3.10/site-packages/airflow/example_dags/example_branch_python_dop_operator_3.py took 0.089 seconds
[2026-09-17T00:58:14.162+0000] {processor.py:157} INFO - Started process (PID=23419) to work on /home/vscode/.local/lib/python3.10/site-packages/airflow/example_dags/example_branch_python_dop_operator_3.py
[2026-09-17T00:58:14.163+0000] {processor.py:826} INFO - Processing file /home/vscode/.local/lib/python3.10/site-packages/airflow/example_dags/example_branch_python_dop_operator_3.py for tasks to queue
[2026-09-17T00:58:14.164+0000] {logging_mixin.py:150} INFO - [2026-09-17T00:58:14.164+0000] {dagbag.py:541} INFO - Filling up the DagBag from /home/vscode/.local/lib/python3.10/site-packages/airflow/example_dags/example_branch_python_dop_operator_3.py
[2026-09-17T00:58:14.173+0000] {processor.py:836} INFO - DAG(s) dict_keys(['example_branch_dop_operator_v3']) retrieved from /home/vscode/.local/lib/python3.10/site-packages/airflow/example_dags/example_branch_python_dop_operator_3.py
[2026-09-17T00:58:14.191+0000] {logging_mixin.py:150} INFO - [2026-09-17T00:58:14.191+0000] {dag.py:2742} INFO - Sync 1 DAGs
[2026-09-17T00:58:14.220+0000] {logging_mixin.py:150} INFO - [2026-09-17T00:58:14.219+0000] {dag.py:3504} INFO - Setting next_dagrun for example_branch_dop_operator_v3 to 2026-09-17T00:57:00+00:00, run_after=2026-09-17T00:58:00+00:00
[2026-09-17T00:58:14.254+0000] {processor.py:179} INFO - Processing /home/vscode/.local/lib/python3.10/site-packages/airflow/example_dags/example_branch_python_dop_operator_3.py took 0.095 seconds
[2026-09-17T00:58:33.144+0000] {processor.py:157} INFO - Started process (PID=23658) to work on /home/vscode/.local/lib/python3.10/site-packages/airflow/example_dags/example_branch_python_dop_operator_3.py
[2026-09-17T00:58:33.145+0000] {processor.py:826} INFO - Processing file /home/vscode/.local/lib/python3.10/site-packages/airflow/example_dags/example_branch_python_dop_operator_3.py for tasks to queue
[2026-09-17T00:58:33.146+0000] {logging_mixin.py:150} INFO - [2026-09-17T00:58:33.145+0000] {dagbag.py:541} INFO - Filling up the DagBag from /home/vscode/.local/lib/python3.10/site-packages/airflow/example_dags/example_branch_python_dop_operator_3.py
[2026-09-17T00:58:33.155+0000] {processor.py:836} INFO - DAG(s) dict_keys(['example_branch_dop_operator_v3']) retrieved from /home/vscode/.local/lib/python3.10/site-packages/airflow/example_dags/example_branch_python_dop_operator_3.py
[2026-09-17T00:58:33.169+0000] {logging_mixin.py:150} INFO - [2026-09-17T00:58:33.169+0000] {dag.py:2742} INFO - Sync 1 DAGs
[2026-09-17T00:58:33.196+0000] {logging_mixin.py:150} INFO - [2026-09-17T00:58:33.196+0000] {dag.py:3504} INFO - Setting next_dagrun for example_branch_dop_operator_v3 to 2026-09-17T00:57:00+00:00, run_after=2026-09-17T00:58:00+00:00
[2026-09-17T00:58:33.218+0000] {processor.py:179} INFO - Processing /home/vscode/.local/lib/python3.10/site-packages/airflow/example_dags/example_branch_python_dop_operator_3.py took 0.077 seconds
[2026-09-17T00:59:07.929+0000] {processor.py:157} INFO - Started process (PID=24086) to work on /home/vscode/.local/lib/python3.10/site-packages/airflow/example_dags/example_branch_python_dop_operator_3.py
[2026-09-17T00:59:07.930+0000] {processor.py:826} INFO - Processing file /home/vscode/.local/lib/python3.10/site-packages/airflow/example_dags/example_branch_python_dop_operator_3.py for tasks to queue
[2026-09-17T00:59:07.931+0000] {logging_mixin.py:150} INFO - [2026-09-17T00:59:07.930+0000] {dagbag.py:541} INFO - Filling up the DagBag from /home/vscode/.local/lib/python3.10/site-packages/airflow/example_dags/example_branch_python_dop_operator_3.py
[2026-09-17T00:59:07.938+0000] {processor.py:836} INFO - DAG(s) dict_keys(['example_branch_dop_operator_v3']) retrieved from /home/vscode/.local/lib/python3.10/site-packages/airflow/example_dags/example_branch_python_dop_operator_3.py
[2026-09-17T00:59:07.957+0000] {logging_mixin.py:150} INFO - [2026-09-17T00:59:07.957+0000] {dag.py:2742} INFO - Sync 1 DAGs
[2026-09-17T00:59:07.984+0000] {logging_mixin.py:150} INFO - [2026-09-17T00:59:07.984+0000] {dag.py:3504} INFO - Setting next_dagrun for example_branch_dop_operator_v3 to 2026-09-17T00:58:00+00:00, run_after=2026-09-17T00:59:00+00:00
[2026-09-17T00:59:08.007+0000] {processor.py:179} INFO - Processing /home/vscode/.local/lib/python3.10/site-packages/airflow/example_dags/example_branch_python_dop_operator_3.py took 0.080 seconds
[2026-09-17T00:59:21.951+0000] {processor.py:157} INFO - Started process (PID=24235) to work on /home/vscode/.local/lib/python3.10/site-packages/airflow/example_dags/example_branch_python_dop_operator_3.py
[2026-09-17T00:59:21.955+0000] {processor.py:826} INFO - Processing file /home/vscode/.local/lib/python3.10/site-packages/airflow/example_dags/example_branch_python_dop_operator_3.py for tasks to queue
[2026-09-17T00:59:21.955+0000] {logging_mixin.py:150} INFO - [2026-09-17T00:59:21.955+0000] {dagbag.py:541} INFO - Filling up the DagBag from /home/vscode/.local/lib/python3.10/site-packages/airflow/example_dags/example_branch_python_dop_operator_3.py
[2026-09-17T00:59:21.972+0000] {processor.py:836} INFO - DAG(s) dict_keys(['example_branch_dop_operator_v3']) retrieved from /home/vscode/.local/lib/python3.10/site-packages/airflow/example_dags/example_branch_python_dop_operator_3.py
[2026-09-17T00:59:22.010+0000] {logging_mixin.py:150} INFO - [2026-09-17T00:59:22.010+0000] {dag.py:2742} INFO - Sync 1 DAGs
[2026-09-17T00:59:22.074+0000] {logging_mixin.py:150} INFO - [2026-09-17T00:59:22.073+0000] {dag.py:3504} INFO - Setting next_dagrun for example_branch_dop_operator_v3 to 2026-09-17T00:58:00+00:00, run_after=2026-09-17T00:59:00+00:00
[2026-09-17T00:59:22.121+0000] {processor.py:179} INFO - Processing /home/vscode/.local/lib/python3.10/site-packages/airflow/example_dags/example_branch_python_dop_operator_3.py took 0.183 seconds
[2026-09-17T01:00:01.201+0000] {processor.py:157} INFO - Started process (PID=24813) to work on /home/vscode/.local/lib/python3.10/site-packages/airflow/example_dags/example_branch_python_dop_operator_3.py
[2026-09-17T01:00:01.201+0000] {processor.py:826} INFO - Processing file /home/vscode/.local/lib/python3.10/site-packages/airflow/example_dags/example_branch_python_dop_operator_3.py for tasks to queue
[2026-09-17T01:00:01.202+0000] {logging_mixin.py:150} INFO - [2026-09-17T01:00:01.202+0000] {dagbag.py:541} INFO - Filling up the DagBag from /home/vscode/.local/lib/python3.10/site-packages/airflow/example_dags/example_branch_python_dop_operator_3.py
[2026-09-17T01:00:01.209+0000] {processor.py:836} INFO - DAG(s) dict_keys(['example_branch_dop_operator_v3']) retrieved from /home/vscode/.local/lib/python3.10/site-packages/airflow/example_dags/example_branch_python_dop_operator_3.py
[2026-09-17T01:00:01.222+0000] {logging_mixin.py:150} INFO - [2026-09-17T01:00:01.222+0000] {dag.py:2742} INFO - Sync 1 DAGs
[2026-09-17T01:00:01.240+0000] {logging_mixin.py:150} INFO - [2026-09-17T01:00:01.240+0000] {dag.py:3504} INFO - Setting next_dagrun for example_branch_dop_operator_v3 to 2026-09-17T00:59:00+00:00, run_after=2026-09-17T01:00:00+00:00
[2026-09-17T01:00:01.256+0000] {processor.py:179} INFO - Processing /home/vscode/.local/lib/python3.10/site-packages/airflow/example_dags/example_branch_python_dop_operator_3.py took 0.058 seconds
[2026-09-17T01:00:14.238+0000] {processor.py:157} INFO - Started process (PID=24985) to work on /home/vscode/.local/lib/python3.10/site-packages/airflow/example_dags/example_branch_python_dop_operator_3.py
[2026-09-17T01:00:14.239+0000] {processor.py:826} INFO - Processing file /home/vscode/.local/lib/python3.10/site-packages/airflow/example_dags/example_branch_python_dop_operator_3.py for tasks to queue
[2026-09-17T01:00:14.240+0000] {logging_mixin.py:150} INFO - [2026-09-17T01:00:14.239+0000] {dagbag.py:541} INFO - Filling up the DagBag from /home/vscode/.local/lib/python3.10/site-packages/airflow/example_dags/example_branch_python_dop_operator_3.py
[2026-09-17T01:00:14.249+0000] {processor.py:836} INFO - DAG(s) dict_keys(['example_branch_dop_operator_v3']) retrieved from /home/vscode/.local/lib/python3.10/site-packages/airflow/example_dags/example_branch_python_dop_operator_3.py
[2026-09-17T01:00:14.265+0000] {logging_mixin.py:150} INFO - [2026-09-17T01:00:14.265+0000] {dag.py:2742} INFO - Sync 1 DAGs
[2026-09-17T01:00:14.295+0000] {logging_mixin.py:150} INFO - [2026-09-17T01:00:14.295+0000] {dag.py:3504} INFO - Setting next_dagrun for example_branch_dop_operator_v3 to 2026-09-17T00:59:00+00:00, run_after=2026-09-17T01:00:00+00:00
[2026-09-17T01:00:14.332+0000] {processor.py:179} INFO - Processing /home/vscode/.local/lib/python3.10/site-packages/airflow/example_dags/example_branch_python_dop_operator_3.py took 0.096 seconds
[2026-09-17T01:00:51.303+0000] {processor.py:157} INFO - Started process (PID=25433) to work on /home/vscode/.local/lib/python3.10/site-packages/airflow/example_dags/example_branch_python_dop_operator_3.py
[2026-09-17T01:00:51.304+0000] {processor.py:826} INFO - Processing file /home/vscode/.local/lib/python3.10/site-packages/airflow/example_dags/example_branch_python_dop_operator_3.py for tasks to queue
[2026-09-17T01:00:51.304+0000] {logging_mixin.py:150} INFO - [2026-09-17T01:00:51.304+0000] {dagbag.py:541} INFO - Filling up the DagBag from /home/vscode/.local/lib/python3.10/site-packages/airflow/example_dags/example_branch_python_dop_operator_3.py
[2026-09-17T01:00:51.313+0000] {processor.py:836} INFO - DAG(s) dict_keys(['example_branch_dop_operator_v3']) retrieved from /home/vscode/.local/lib/python3.10/site-packages/airflow/example_dags/example_branch_python_dop_operator_3.py
[2026-09-17T01:00:51.327+0000] {logging_mixin.py:150} INFO - [2026-09-17T01:00:51.327+0000] {dag.py:2742} INFO - Sync 1 DAGs
[2026-09-17T01:00:51.345+0000] {logging_mixin.py:150} INFO - [2026-09-17T01:00:51.345+0000] {dag.py:3504} INFO - Setting next_dagrun for example_branch_dop_operator_v3 to 2026-09-17T00:59:00+00:00, run_after=2026-09-17T01:00:00+00:00
[2026-09-17T01:00:51.363+0000] {processor.py:179} INFO - Processing /home/vscode/.local/lib/python3.10/site-packages/airflow/example_dags/example_branch_python_dop_operator_3.py took 0.062 seconds
[2026-09-17T01:01:07.562+0000] {processor.py:157} INFO - Started process (PID=25570) to work on /home/vscode/.local/lib/python3.10/site-packages/airflow/example_dags/example_branch_python_dop_operator_3.py
[2026-09-17T01:01:07.562+0000] {processor.py:826} INFO - Processing file /home/vscode/.local/lib/python3.10/site-packages/airflow/example_dags/example_branch_python_dop_operator_3.py for tasks to queue
[2026-09-17T01:01:07.563+0000] {logging_mixin.py:150} INFO - [2026-09-17T01:01:07.563+0000] {dagbag.py:541} INFO - Filling up the DagBag from /home/vscode/.local/lib/python3.10/site-packages/airflow/example_dags/example_branch_python_dop_operator_3.py
[2026-09-17T01:01:07.570+0000] {processor.py:836} INFO - DAG(s) dict_keys(['example_branch_dop_operator_v3']) retrieved from /home/vscode/.local/lib/python3.10/site-packages/airflow/example_dags/example_branch_python_dop_operator_3.py
[2026-09-17T01:01:07.583+0000] {logging_mixin.py:150} INFO - [2026-09-17T01:01:07.583+0000] {dag.py:2742} INFO - Sync 1 DAGs
[2026-09-17T01:01:07.602+0000] {logging_mixin.py:150} INFO - [2026-09-17T01:01:07.602+0000] {dag.py:3504} INFO - Setting next_dagrun for example_branch_dop_operator_v3 to 2026-09-17T01:00:00+00:00, run_after=2026-09-17T01:01:00+00:00
[2026-09-17T01:01:07.621+0000] {processor.py:179} INFO - Processing /home/vscode/.local/lib/python3.10/site-packages/airflow/example_dags/example_branch_python_dop_operator_3.py took 0.062 seconds
[2026-09-17T01:01:40.843+0000] {processor.py:157} INFO - Started process (PID=25842) to work on /home/vscode/.local/lib/python3.10/site-packages/airflow/example_dags/example_branch_python_dop_operator_3.py
[2026-09-17T01:01:40.843+0000] {processor.py:826} INFO - Processing file /home/vscode/.local/lib/python3.10/site-packages/airflow/example_dags/example_branch_python_dop_operator_3.py for tasks to queue
[2026-09-17T01:01:40.844+0000] {logging_mixin.py:150} INFO - [2026-09-17T01:01:40.844+0000] {dagbag.py:541} INFO - Filling up the DagBag from /home/vscode/.local/lib/python3.10/site-packages/airflow/example_dags/example_branch_python_dop_operator_3.py
[2026-09-17T01:01:40.851+0000] {processor.py:836} INFO - DAG(s) dict_keys(['example_branch_dop_operator_v3']) retrieved from /home/vscode/.local/lib/python3.10/site-packages/airflow/example_dags/example_branch_python_dop_operator_3.py
[2026-09-17T01:01:40.864+0000] {logging_mixin.py:150} INFO - [2026-09-17T01:01:40.864+0000] {dag.py:2742} INFO - Sync 1 DAGs
[2026-09-17T01:01:40.882+0000] {logging_mixin.py:150} INFO - [2026-09-17T01:01:40.882+0000] {dag.py:3504} INFO - Setting next_dagrun for example_branch_dop_operator_v3 to 2026-09-17T01:00:00+00:00, run_after=2026-09-17T01:01:00+00:00
[2026-09-17T01:01:40.927+0000] {processor.py:179} INFO - Processing /home/vscode/.local/lib/python3.10/site-packages/airflow/example_dags/example_branch_python_dop_operator_3.py took 0.087 seconds
[2026-09-17T01:02:00.905+0000] {processor.py:157} INFO - Started process (PID=26003) to work on /home/vscode/.local/lib/python3.10/site-packages/airflow/example_dags/example_branch_python_dop_operator_3.py
[2026-09-17T01:02:00.906+0000] {processor.py:826} INFO - Processing file /home/vscode/.local/lib/python3.10/site-packages/airflow/example_dags/example_branch_python_dop_operator_3.py for tasks to queue
[2026-09-17T01:02:00.907+0000] {logging_mixin.py:150} INFO - [2026-09-17T01:02:00.906+0000] {dagbag.py:541} INFO - Filling up the DagBag from /home/vscode/.local/lib/python3.10/site-packages/airflow/example_dags/example_branch_python_dop_operator_3.py
[2026-09-17T01:02:00.914+0000] {processor.py:836} INFO - DAG(s) dict_keys(['example_branch_dop_operator_v3']) retrieved from /home/vscode/.local/lib/python3.10/site-packages/airflow/example_dags/example_branch_python_dop_operator_3.py
[2026-09-17T01:02:00.927+0000] {logging_mixin.py:150} INFO - [2026-09-17T01:02:00.927+0000] {dag.py:2742} INFO - Sync 1 DAGs
[2026-09-17T01:02:00.945+0000] {logging_mixin.py:150} INFO - [2026-09-17T01:02:00.945+0000] {dag.py:3504} INFO - Setting next_dagrun for example_branch_dop_operator_v3 to 2026-09-17T01:01:00+00:00, run_after=2026-09-17T01:02:00+00:00
[2026-09-17T01:02:00.962+0000] {processor.py:179} INFO - Processing /home/vscode/.local/lib/python3.10/site-packages/airflow/example_dags/example_branch_python_dop_operator_3.py took 0.060 seconds
[2026-09-17T01:02:25.710+0000] {processor.py:157} INFO - Started process (PID=26219) to work on /home/vscode/.local/lib/python3.10/site-packages/airflow/example_dags/example_branch_python_dop_operator_3.py
[2026-09-17T01:02:25.710+0000] {processor.py:826} INFO - Processing file /home/vscode/.local/lib/python3.10/site-packages/airflow/example_dags/example_branch_python_dop_operator_3.py for tasks to queue
[2026-09-17T01:02:25.711+0000] {logging_mixin.py:150} INFO - [2026-09-17T01:02:25.711+0000] {dagbag.py:541} INFO - Filling up the DagBag from /home/vscode/.local/lib/python3.10/site-packages/airflow/example_dags/example_branch_python_dop_operator_3.py
[2026-09-17T01:02:25.718+0000] {processor.py:836} INFO - DAG(s) dict_keys(['example_branch_dop_operator_v3']) retrieved from /home/vscode/.local/lib/python3.10/site-packages/airflow/example_dags/example_branch_python_dop_operator_3.py
[2026-09-17T01:02:25.733+0000] {logging_mixin.py:150} INFO - [2026-09-17T01:02:25.732+0000] {dag.py:2742} INFO - Sync 1 DAGs
[2026-09-17T01:02:25.751+0000] {logging_mixin.py:150} INFO - [2026-09-17T01:02:25.751+0000] {dag.py:3504} INFO - Setting next_dagrun for example_branch_dop_operator_v3 to 2026-09-17T01:01:00+00:00, run_after=2026-09-17T01:02:00+00:00
[2026-09-17T01:02:25.769+0000] {processor.py:179} INFO - Processing /home/vscode/.local/lib/python3.10/site-packages/airflow/example_dags/example_branch_python_dop_operator_3.py took 0.062 seconds
[2026-09-17T01:02:53.785+0000] {processor.py:157} INFO - Started process (PID=26466) to work on /home/vscode/.local/lib/python3.10/site-packages/airflow/example_dags/example_branch_python_dop_operator_3.py
[2026-09-17T01:02:53.786+0000] {processor.py:826} INFO - Processing file /home/vscode/.local/lib/python3.10/site-packages/airflow/example_dags/example_branch_python_dop_operator_3.py for tasks to queue
[2026-09-17T01:02:53.786+0000] {logging_mixin.py:150} INFO - [2026-09-17T01:02:53.786+0000] {dagbag.py:541} INFO - Filling up the DagBag from /home/vscode/.local/lib/python3.10/site-packages/airflow/example_dags/example_branch_python_dop_operator_3.py
[2026-09-17T01:02:53.795+0000] {processor.py:836} INFO - DAG(s) dict_keys(['example_branch_dop_operator_v3']) retrieved from /home/vscode/.local/lib/python3.10/site-packages/airflow/example_dags/example_branch_python_dop_operator_3.py
[2026-09-17T01:02:53.810+0000] {logging_mixin.py:150} INFO - [2026-09-17T01:02:53.809+0000] {dag.py:2742} INFO - Sync 1 DAGs
[2026-09-17T01:02:53.839+0000] {logging_mixin.py:150} INFO - [2026-09-17T01:02:53.839+0000] {dag.py:3504} INFO - Setting next_dagrun for example_branch_dop_operator_v3 to 2026-09-17T01:01:00+00:00, run_after=2026-09-17T01:02:00+00:00
[2026-09-17T01:02:53.859+0000] {processor.py:179} INFO - Processing /home/vscode/.local/lib/python3.10/site-packages/airflow/example_dags/example_branch_python_dop_operator_3.py took 0.079 seconds
[2026-09-17T01:03:13.270+0000] {processor.py:157} INFO - Started process (PID=26634) to work on /home/vscode/.local/lib/python3.10/site-packages/airflow/example_dags/example_branch_python_dop_operator_3.py
[2026-09-17T01:03:13.271+0000] {processor.py:826} INFO - Processing file /home/vscode/.local/lib/python3.10/site-packages/airflow/example_dags/example_branch_python_dop_operator_3.py for tasks to queue
[2026-09-17T01:03:13.272+0000] {logging_mixin.py:150} INFO - [2026-09-17T01:03:13.272+0000] {dagbag.py:541} INFO - Filling up the DagBag from /home/vscode/.local/lib/python3.10/site-packages/airflow/example_dags/example_branch_python_dop_operator_3.py
[2026-09-17T01:03:13.282+0000] {processor.py:836} INFO - DAG(s) dict_keys(['example_branch_dop_operator_v3']) retrieved from /home/vscode/.local/lib/python3.10/site-packages/airflow/example_dags/example_branch_python_dop_operator_3.py
[2026-09-17T01:03:13.297+0000] {logging_mixin.py:150} INFO - [2026-09-17T01:03:13.297+0000] {dag.py:2742} INFO - Sync 1 DAGs
[2026-09-17T01:03:13.316+0000] {logging_mixin.py:150} INFO - [2026-09-17T01:03:13.316+0000] {dag.py:3504} INFO - Setting next_dagrun for example_branch_dop_operator_v3 to 2026-09-17T01:02:00+00:00, run_after=2026-09-17T01:03:00+00:00
[2026-09-17T01:03:13.334+0000] {processor.py:179} INFO - Processing /home/vscode/.local/lib/python3.10/site-packages/airflow/example_dags/example_branch_python_dop_operator_3.py took 0.067 seconds
[2026-09-17T01:03:43.747+0000] {processor.py:157} INFO - Started process (PID=26892) to work on /home/vscode/.local/lib/python3.10/site-packages/airflow/example_dags/example_branch_python_dop_operator_3.py
[2026-09-17T01:03:43.748+0000] {processor.py:826} INFO - Processing file /home/vscode/.local/lib/python3.10/site-packages/airflow/example_dags/example_branch_python_dop_operator_3.py for tasks to queue
[2026-09-17T01:03:43.749+0000] {logging_mixin.py:150} INFO - [2026-09-17T01:03:43.748+0000] {dagbag.py:541} INFO - Filling up the DagBag from /home/vscode/.local/lib/python3.10/site-packages/airflow/example_dags/example_branch_python_dop_operator_3.py
[2026-09-17T01:03:43.755+0000] {processor.py:836} INFO - DAG(s) dict_keys(['example_branch_dop_operator_v3']) retrieved from /home/vscode/.local/lib/python3.10/site-packages/airflow/example_dags/example_branch_python_dop_operator_3.py
[2026-09-17T01:03:43.768+0000] {logging_mixin.py:150} INFO - [2026-09-17T01:03:43.768+0000] {dag.py:2742} INFO - Sync 1 DAGs
[2026-09-17T01:03:43.789+0000] {logging_mixin.py:150} INFO - [2026-09-17T01:03:43.789+0000] {dag.py:3504} INFO - Setting next_dagrun for example_branch_dop_operator_v3 to 2026-09-17T01:02:00+00:00, run_after=2026-09-17T01:03:00+00:00
[2026-09-17T01:03:43.811+0000] {processor.py:179} INFO - Processing /home/vscode/.local/lib/python3.10/site-packages/airflow/example_dags/example_branch_python_dop_operator_3.py took 0.067 seconds
[2026-09-17T01:04:01.290+0000] {processor.py:157} INFO - Started process (PID=27036) to work on /home/vscode/.local/lib/python3.10/site-packages/airflow/example_dags/example_branch_python_dop_operator_3.py
[2026-09-17T01:04:01.291+0000] {processor.py:826} INFO - Processing file /home/vscode/.local/lib/python3.10/site-packages/airflow/example_dags/example_branch_python_dop_operator_3.py for tasks to queue
[2026-09-17T01:04:01.292+0000] {logging_mixin.py:150} INFO - [2026-09-17T01:04:01.292+0000] {dagbag.py:541} INFO - Filling up the DagBag from /home/vscode/.local/lib/python3.10/site-packages/airflow/example_dags/example_branch_python_dop_operator_3.py
[2026-09-17T01:04:01.299+0000] {processor.py:836} INFO - DAG(s) dict_keys(['example_branch_dop_operator_v3']) retrieved from /home/vscode/.local/lib/python3.10/site-packages/airflow/example_dags/example_branch_python_dop_operator_3.py
[2026-09-17T01:04:01.312+0000] {logging_mixin.py:150} INFO - [2026-09-17T01:04:01.312+0000] {dag.py:2742} INFO - Sync 1 DAGs
[2026-09-17T01:04:01.330+0000] {logging_mixin.py:150} INFO - [2026-09-17T01:04:01.330+0000] {dag.py:3504} INFO - Setting next_dagrun for example_branch_dop_operator_v3 to 2026-09-17T01:03:00+00:00, run_after=2026-09-17T01:04:00+00:00
[2026-09-17T01:04:01.351+0000] {processor.py:179} INFO - Processing /home/vscode/.local/lib/python3.10/site-packages/airflow/example_dags/example_branch_python_dop_operator_3.py took 0.064 seconds
[2026-09-17T01:04:34.597+0000] {processor.py:157} INFO - Started process (PID=27314) to work on /home/vscode/.local/lib/python3.10/site-packages/airflow/example_dags/example_branch_python_dop_operator_3.py
[2026-09-17T01:04:34.598+0000] {processor.py:826} INFO - Processing file /home/vscode/.local/lib/python3.10/site-packages/airflow/example_dags/example_branch_python_dop_operator_3.py for tasks to queue
[2026-09-17T01:04:34.598+0000] {logging_mixin.py:150} INFO - [2026-09-17T01:04:34.598+0000] {dagbag.py:541} INFO - Filling up the DagBag from /home/vscode/.local/lib/python3.10/site-packages/airflow/example_dags/example_branch_python_dop_operator_3.py
[2026-09-17T01:04:34.605+0000] {processor.py:836} INFO - DAG(s) dict_keys(['example_branch_dop_operator_v3']) retrieved from /home/vscode/.local/lib/python3.10/site-packages/airflow/example_dags/example_branch_python_dop_operator_3.py
[2026-09-17T01:04:34.617+0000] {logging_mixin.py:150} INFO - [2026-09-17T01:04:34.617+0000] {dag.py:2742} INFO - Sync 1 DAGs
[2026-09-17T01:04:34.641+0000] {logging_mixin.py:150} INFO - [2026-09-17T01:04:34.641+0000] {dag.py:3504} INFO - Setting next_dagrun for example_branch_dop_operator_v3 to 2026-09-17T01:03:00+00:00, run_after=2026-09-17T01:04:00+00:00
[2026-09-17T01:04:34.657+0000] {processor.py:179} INFO - Processing /home/vscode/.local/lib/python3.10/site-packages/airflow/example_dags/example_branch_python_dop_operator_3.py took 0.062 seconds
[2026-09-17T01:04:55.159+0000] {processor.py:157} INFO - Started process (PID=27486) to work on /home/vscode/.local/lib/python3.10/site-packages/airflow/example_dags/example_branch_python_dop_operator_3.py
[2026-09-17T01:04:55.160+0000] {processor.py:826} INFO - Processing file /home/vscode/.local/lib/python3.10/site-packages/airflow/example_dags/example_branch_python_dop_operator_3.py for tasks to queue
[2026-09-17T01:04:55.161+0000] {logging_mixin.py:150} INFO - [2026-09-17T01:04:55.160+0000] {dagbag.py:541} INFO - Filling up the DagBag from /home/vscode/.local/lib/python3.10/site-packages/airflow/example_dags/example_branch_python_dop_operator_3.py
[2026-09-17T01:04:55.168+0000] {processor.py:836} INFO - DAG(s) dict_keys(['example_branch_dop_operator_v3']) retrieved from /home/vscode/.local/lib/python3.10/site-packages/airflow/example_dags/example_branch_python_dop_operator_3.py
[2026-09-17T01:04:55.180+0000] {logging_mixin.py:150} INFO - [2026-09-17T01:04:55.180+0000] {dag.py:2742} INFO - Sync 1 DAGs
[2026-09-17T01:04:55.204+0000] {logging_mixin.py:150} INFO - [2026-09-17T01:04:55.204+0000] {dag.py:3504} INFO - Setting next_dagrun for example_branch_dop_operator_v3 to 2026-09-17T01:03:00+00:00, run_after=2026-09-17T01:04:00+00:00
[2026-09-17T01:04:55.226+0000] {processor.py:179} INFO - Processing /home/vscode/.local/lib/python3.10/site-packages/airflow/example_dags/example_branch_python_dop_operator_3.py took 0.069 seconds
[2026-09-17T01:05:24.048+0000] {processor.py:157} INFO - Started process (PID=27729) to work on /home/vscode/.local/lib/python3.10/site-packages/airflow/example_dags/example_branch_python_dop_operator_3.py
[2026-09-17T01:05:24.049+0000] {processor.py:826} INFO - Processing file /home/vscode/.local/lib/python3.10/site-packages/airflow/example_dags/example_branch_python_dop_operator_3.py for tasks to queue
[2026-09-17T01:05:24.050+0000] {logging_mixin.py:150} INFO - [2026-09-17T01:05:24.049+0000] {dagbag.py:541} INFO - Filling up the DagBag from /home/vscode/.local/lib/python3.10/site-packages/airflow/example_dags/example_branch_python_dop_operator_3.py
[2026-09-17T01:05:24.056+0000] {processor.py:836} INFO - DAG(s) dict_keys(['example_branch_dop_operator_v3']) retrieved from /home/vscode/.local/lib/python3.10/site-packages/airflow/example_dags/example_branch_python_dop_operator_3.py
[2026-09-17T01:05:24.070+0000] {logging_mixin.py:150} INFO - [2026-09-17T01:05:24.070+0000] {dag.py:2742} INFO - Sync 1 DAGs
[2026-09-17T01:05:24.091+0000] {logging_mixin.py:150} INFO - [2026-09-17T01:05:24.091+0000] {dag.py:3504} INFO - Setting next_dagrun for example_branch_dop_operator_v3 to 2026-09-17T01:04:00+00:00, run_after=2026-09-17T01:05:00+00:00
[2026-09-17T01:05:24.111+0000] {processor.py:179} INFO - Processing /home/vscode/.local/lib/python3.10/site-packages/airflow/example_dags/example_branch_python_dop_operator_3.py took 0.065 seconds
[2026-09-17T01:05:43.177+0000] {processor.py:157} INFO - Started process (PID=27929) to work on /home/vscode/.local/lib/python3.10/site-packages/airflow/example_dags/example_branch_python_dop_operator_3.py
[2026-09-17T01:05:43.179+0000] {processor.py:826} INFO - Processing file /home/vscode/.local/lib/python3.10/site-packages/airflow/example_dags/example_branch_python_dop_operator_3.py for tasks to queue
[2026-09-17T01:05:43.180+0000] {logging_mixin.py:150} INFO - [2026-09-17T01:05:43.180+0000] {dagbag.py:541} INFO - Filling up the DagBag from /home/vscode/.local/lib/python3.10/site-packages/airflow/example_dags/example_branch_python_dop_operator_3.py
[2026-09-17T01:05:43.211+0000] {processor.py:836} INFO - DAG(s) dict_keys(['example_branch_dop_operator_v3']) retrieved from /home/vscode/.local/lib/python3.10/site-packages/airflow/example_dags/example_branch_python_dop_operator_3.py
[2026-09-17T01:05:43.243+0000] {logging_mixin.py:150} INFO - [2026-09-17T01:05:43.243+0000] {dag.py:2742} INFO - Sync 1 DAGs
[2026-09-17T01:05:43.276+0000] {logging_mixin.py:150} INFO - [2026-09-17T01:05:43.275+0000] {dag.py:3504} INFO - Setting next_dagrun for example_branch_dop_operator_v3 to 2026-09-17T01:04:00+00:00, run_after=2026-09-17T01:05:00+00:00
[2026-09-17T01:05:43.295+0000] {processor.py:179} INFO - Processing /home/vscode/.local/lib/python3.10/site-packages/airflow/example_dags/example_branch_python_dop_operator_3.py took 0.122 seconds
[2026-09-17T01:06:10.179+0000] {processor.py:157} INFO - Started process (PID=28158) to work on /home/vscode/.local/lib/python3.10/site-packages/airflow/example_dags/example_branch_python_dop_operator_3.py
[2026-09-17T01:06:10.180+0000] {processor.py:826} INFO - Processing file /home/vscode/.local/lib/python3.10/site-packages/airflow/example_dags/example_branch_python_dop_operator_3.py for tasks to queue
[2026-09-17T01:06:10.181+0000] {logging_mixin.py:150} INFO - [2026-09-17T01:06:10.181+0000] {dagbag.py:541} INFO - Filling up the DagBag from /home/vscode/.local/lib/python3.10/site-packages/airflow/example_dags/example_branch_python_dop_operator_3.py
[2026-09-17T01:06:10.190+0000] {processor.py:836} INFO - DAG(s) dict_keys(['example_branch_dop_operator_v3']) retrieved from /home/vscode/.local/lib/python3.10/site-packages/airflow/example_dags/example_branch_python_dop_operator_3.py
[2026-09-17T01:06:10.206+0000] {logging_mixin.py:150} INFO - [2026-09-17T01:06:10.206+0000] {dag.py:2742} INFO - Sync 1 DAGs
[2026-09-17T01:06:10.224+0000] {logging_mixin.py:150} INFO - [2026-09-17T01:06:10.224+0000] {dag.py:3504} INFO - Setting next_dagrun for example_branch_dop_operator_v3 to 2026-09-17T01:05:00+00:00, run_after=2026-09-17T01:06:00+00:00
[2026-09-17T01:06:10.240+0000] {processor.py:179} INFO - Processing /home/vscode/.local/lib/python3.10/site-packages/airflow/example_dags/example_branch_python_dop_operator_3.py took 0.063 seconds
[2026-09-17T01:06:31.537+0000] {processor.py:157} INFO - Started process (PID=28343) to work on /home/vscode/.local/lib/python3.10/site-packages/airflow/example_dags/example_branch_python_dop_operator_3.py
[2026-09-17T01:06:31.538+0000] {processor.py:826} INFO - Processing file /home/vscode/.local/lib/python3.10/site-packages/airflow/example_dags/example_branch_python_dop_operator_3.py for tasks to queue
[2026-09-17T01:06:31.538+0000] {logging_mixin.py:150} INFO - [2026-09-17T01:06:31.538+0000] {dagbag.py:541} INFO - Filling up the DagBag from /home/vscode/.local/lib/python3.10/site-packages/airflow/example_dags/example_branch_python_dop_operator_3.py
[2026-09-17T01:06:31.545+0000] {processor.py:836} INFO - DAG(s) dict_keys(['example_branch_dop_operator_v3']) retrieved from /home/vscode/.local/lib/python3.10/site-packages/airflow/example_dags/example_branch_python_dop_operator_3.py
[2026-09-17T01:06:31.558+0000] {logging_mixin.py:150} INFO - [2026-09-17T01:06:31.558+0000] {dag.py:2742} INFO - Sync 1 DAGs
[2026-09-17T01:06:31.576+0000] {logging_mixin.py:150} INFO - [2026-09-17T01:06:31.576+0000] {dag.py:3504} INFO - Setting next_dagrun for example_branch_dop_operator_v3 to 2026-09-17T01:05:00+00:00, run_after=2026-09-17T01:06:00+00:00
[2026-09-17T01:06:31.607+0000] {processor.py:179} INFO - Processing /home/vscode/.local/lib/python3.10/site-packages/airflow/example_dags/example_branch_python_dop_operator_3.py took 0.072 seconds
[2026-09-17T01:07:03.318+0000] {processor.py:157} INFO - Started process (PID=28605) to work on /home/vscode/.local/lib/python3.10/site-packages/airflow/example_dags/example_branch_python_dop_operator_3.py
[2026-09-17T01:07:03.318+0000] {processor.py:826} INFO - Processing file /home/vscode/.local/lib/python3.10/site-packages/airflow/example_dags/example_branch_python_dop_operator_3.py for tasks to queue
[2026-09-17T01:07:03.319+0000] {logging_mixin.py:150} INFO - [2026-09-17T01:07:03.319+0000] {dagbag.py:541} INFO - Filling up the DagBag from /home/vscode/.local/lib/python3.10/site-packages/airflow/example_dags/example_branch_python_dop_operator_3.py
[2026-09-17T01:07:03.326+0000] {processor.py:836} INFO - DAG(s) dict_keys(['example_branch_dop_operator_v3']) retrieved from /home/vscode/.local/lib/python3.10/site-packages/airflow/example_dags/example_branch_python_dop_operator_3.py
[2026-09-17T01:07:03.339+0000] {logging_mixin.py:150} INFO - [2026-09-17T01:07:03.339+0000] {dag.py:2742} INFO - Sync 1 DAGs
[2026-09-17T01:07:03.356+0000] {logging_mixin.py:150} INFO - [2026-09-17T01:07:03.356+0000] {dag.py:3504} INFO - Setting next_dagrun for example_branch_dop_operator_v3 to 2026-09-17T01:06:00+00:00, run_after=2026-09-17T01:07:00+00:00
[2026-09-17T01:07:03.375+0000] {processor.py:179} INFO - Processing /home/vscode/.local/lib/python3.10/site-packages/airflow/example_dags/example_branch_python_dop_operator_3.py took 0.060 seconds
[2026-09-17T01:07:23.085+0000] {processor.py:157} INFO - Started process (PID=28772) to work on /home/vscode/.local/lib/python3.10/site-packages/airflow/example_dags/example_branch_python_dop_operator_3.py
[2026-09-17T01:07:23.086+0000] {processor.py:826} INFO - Processing file /home/vscode/.local/lib/python3.10/site-packages/airflow/example_dags/example_branch_python_dop_operator_3.py for tasks to queue
[2026-09-17T01:07:23.087+0000] {logging_mixin.py:150} INFO - [2026-09-17T01:07:23.087+0000] {dagbag.py:541} INFO - Filling up the DagBag from /home/vscode/.local/lib/python3.10/site-packages/airflow/example_dags/example_branch_python_dop_operator_3.py
[2026-09-17T01:07:23.096+0000] {processor.py:836} INFO - DAG(s) dict_keys(['example_branch_dop_operator_v3']) retrieved from /home/vscode/.local/lib/python3.10/site-packages/airflow/example_dags/example_branch_python_dop_operator_3.py
[2026-09-17T01:07:23.110+0000] {logging_mixin.py:150} INFO - [2026-09-17T01:07:23.110+0000] {dag.py:2742} INFO - Sync 1 DAGs
[2026-09-17T01:07:23.128+0000] {logging_mixin.py:150} INFO - [2026-09-17T01:07:23.128+0000] {dag.py:3504} INFO - Setting next_dagrun for example_branch_dop_operator_v3 to 2026-09-17T01:06:00+00:00, run_after=2026-09-17T01:07:00+00:00
[2026-09-17T01:07:23.144+0000] {processor.py:179} INFO - Processing /home/vscode/.local/lib/python3.10/site-packages/airflow/example_dags/example_branch_python_dop_operator_3.py took 0.064 seconds
[2026-09-17T01:07:49.726+0000] {processor.py:157} INFO - Started process (PID=29002) to work on /home/vscode/.local/lib/python3.10/site-packages/airflow/example_dags/example_branch_python_dop_operator_3.py
[2026-09-17T01:07:49.726+0000] {processor.py:826} INFO - Processing file /home/vscode/.local/lib/python3.10/site-packages/airflow/example_dags/example_branch_python_dop_operator_3.py for tasks to queue
[2026-09-17T01:07:49.727+0000] {logging_mixin.py:150} INFO - [2026-09-17T01:07:49.727+0000] {dagbag.py:541} INFO - Filling up the DagBag from /home/vscode/.local/lib/python3.10/site-packages/airflow/example_dags/example_branch_python_dop_operator_3.py
[2026-09-17T01:07:49.734+0000] {processor.py:836} INFO - DAG(s) dict_keys(['example_branch_dop_operator_v3']) retrieved from /home/vscode/.local/lib/python3.10/site-packages/airflow/example_dags/example_branch_python_dop_operator_3.py
[2026-09-17T01:07:49.747+0000] {logging_mixin.py:150} INFO - [2026-09-17T01:07:49.747+0000] {dag.py:2742} INFO - Sync 1 DAGs
[2026-09-17T01:07:49.776+0000] {logging_mixin.py:150} INFO - [2026-09-17T01:07:49.776+0000] {dag.py:3504} INFO - Setting next_dagrun for example_branch_dop_operator_v3 to 2026-09-17T01:06:00+00:00, run_after=2026-09-17T01:07:00+00:00
[2026-09-17T01:07:49.802+0000] {processor.py:179} INFO - Processing /home/vscode/.local/lib/python3.10/site-packages/airflow/example_dags/example_branch_python_dop_operator_3.py took 0.079 seconds
[2026-09-17T01:08:13.098+0000] {processor.py:157} INFO - Started process (PID=29193) to work on /home/vscode/.local/lib/python3.10/site-packages/airflow/example_dags/example_branch_python_dop_operator_3.py
[2026-09-17T01:08:13.099+0000] {processor.py:826} INFO - Processing file /home/vscode/.local/lib/python3.10/site-packages/airflow/example_dags/example_branch_python_dop_operator_3.py for tasks to queue
[2026-09-17T01:08:13.100+0000] {logging_mixin.py:150} INFO - [2026-09-17T01:08:13.099+0000] {dagbag.py:541} INFO - Filling up the DagBag from /home/vscode/.local/lib/python3.10/site-packages/airflow/example_dags/example_branch_python_dop_operator_3.py
[2026-09-17T01:08:13.110+0000] {processor.py:836} INFO - DAG(s) dict_keys(['example_branch_dop_operator_v3']) retrieved from /home/vscode/.local/lib/python3.10/site-packages/airflow/example_dags/example_branch_python_dop_operator_3.py
[2026-09-17T01:08:13.130+0000] {logging_mixin.py:150} INFO - [2026-09-17T01:08:13.129+0000] {dag.py:2742} INFO - Sync 1 DAGs
[2026-09-17T01:08:13.155+0000] {logging_mixin.py:150} INFO - [2026-09-17T01:08:13.154+0000] {dag.py:3504} INFO - Setting next_dagrun for example_branch_dop_operator_v3 to 2026-09-17T01:07:00+00:00, run_after=2026-09-17T01:08:00+00:00
[2026-09-17T01:08:13.173+0000] {processor.py:179} INFO - Processing /home/vscode/.local/lib/python3.10/site-packages/airflow/example_dags/example_branch_python_dop_operator_3.py took 0.078 seconds
[2026-09-17T01:08:39.592+0000] {processor.py:157} INFO - Started process (PID=29430) to work on /home/vscode/.local/lib/python3.10/site-packages/airflow/example_dags/example_branch_python_dop_operator_3.py
[2026-09-17T01:08:39.593+0000] {processor.py:826} INFO - Processing file /home/vscode/.local/lib/python3.10/site-packages/airflow/example_dags/example_branch_python_dop_operator_3.py for tasks to queue
[2026-09-17T01:08:39.594+0000] {logging_mixin.py:150} INFO - [2026-09-17T01:08:39.594+0000] {dagbag.py:541} INFO - Filling up the DagBag from /home/vscode/.local/lib/python3.10/site-packages/airflow/example_dags/example_branch_python_dop_operator_3.py
[2026-09-17T01:08:39.603+0000] {processor.py:836} INFO - DAG(s) dict_keys(['example_branch_dop_operator_v3']) retrieved from /home/vscode/.local/lib/python3.10/site-packages/airflow/example_dags/example_branch_python_dop_operator_3.py
[2026-09-17T01:08:39.617+0000] {logging_mixin.py:150} INFO - [2026-09-17T01:08:39.617+0000] {dag.py:2742} INFO - Sync 1 DAGs
[2026-09-17T01:08:39.636+0000] {logging_mixin.py:150} INFO - [2026-09-17T01:08:39.635+0000] {dag.py:3504} INFO - Setting next_dagrun for example_branch_dop_operator_v3 to 2026-09-17T01:07:00+00:00, run_after=2026-09-17T01:08:00+00:00
[2026-09-17T01:08:39.651+0000] {processor.py:179} INFO - Processing /home/vscode/.local/lib/python3.10/site-packages/airflow/example_dags/example_branch_python_dop_operator_3.py took 0.062 seconds
[2026-09-17T01:09:00.545+0000] {processor.py:157} INFO - Started process (PID=29610) to work on /home/vscode/.local/lib/python3.10/site-packages/airflow/example_dags/example_branch_python_dop_operator_3.py
[2026-09-17T01:09:00.546+0000] {processor.py:826} INFO - Processing file /home/vscode/.local/lib/python3.10/site-packages/airflow/example_dags/example_branch_python_dop_operator_3.py for tasks to queue
[2026-09-17T01:09:00.546+0000] {logging_mixin.py:150} INFO - [2026-09-17T01:09:00.546+0000] {dagbag.py:541} INFO - Filling up the DagBag from /home/vscode/.local/lib/python3.10/site-packages/airflow/example_dags/example_branch_python_dop_operator_3.py
[2026-09-17T01:09:00.554+0000] {processor.py:836} INFO - DAG(s) dict_keys(['example_branch_dop_operator_v3']) retrieved from /home/vscode/.local/lib/python3.10/site-packages/airflow/example_dags/example_branch_python_dop_operator_3.py
[2026-09-17T01:09:00.567+0000] {logging_mixin.py:150} INFO - [2026-09-17T01:09:00.567+0000] {dag.py:2742} INFO - Sync 1 DAGs
[2026-09-17T01:09:00.587+0000] {logging_mixin.py:150} INFO - [2026-09-17T01:09:00.586+0000] {dag.py:3504} INFO - Setting next_dagrun for example_branch_dop_operator_v3 to 2026-09-17T01:08:00+00:00, run_after=2026-09-17T01:09:00+00:00
[2026-09-17T01:09:00.604+0000] {processor.py:179} INFO - Processing /home/vscode/.local/lib/python3.10/site-packages/airflow/example_dags/example_branch_python_dop_operator_3.py took 0.062 seconds
[2026-09-17T01:09:31.739+0000] {processor.py:157} INFO - Started process (PID=29870) to work on /home/vscode/.local/lib/python3.10/site-packages/airflow/example_dags/example_branch_python_dop_operator_3.py
[2026-09-17T01:09:31.740+0000] {processor.py:826} INFO - Processing file /home/vscode/.local/lib/python3.10/site-packages/airflow/example_dags/example_branch_python_dop_operator_3.py for tasks to queue
[2026-09-17T01:09:31.741+0000] {logging_mixin.py:150} INFO - [2026-09-17T01:09:31.740+0000] {dagbag.py:541} INFO - Filling up the DagBag from /home/vscode/.local/lib/python3.10/site-packages/airflow/example_dags/example_branch_python_dop_operator_3.py
[2026-09-17T01:09:31.749+0000] {processor.py:836} INFO - DAG(s) dict_keys(['example_branch_dop_operator_v3']) retrieved from /home/vscode/.local/lib/python3.10/site-packages/airflow/example_dags/example_branch_python_dop_operator_3.py
[2026-09-17T01:09:31.763+0000] {logging_mixin.py:150} INFO - [2026-09-17T01:09:31.763+0000] {dag.py:2742} INFO - Sync 1 DAGs
[2026-09-17T01:09:31.781+0000] {logging_mixin.py:150} INFO - [2026-09-17T01:09:31.781+0000] {dag.py:3504} INFO - Setting next_dagrun for example_branch_dop_operator_v3 to 2026-09-17T01:08:00+00:00, run_after=2026-09-17T01:09:00+00:00
[2026-09-17T01:09:31.801+0000] {processor.py:179} INFO - Processing /home/vscode/.local/lib/python3.10/site-packages/airflow/example_dags/example_branch_python_dop_operator_3.py took 0.064 seconds
[2026-09-17T01:09:48.509+0000] {processor.py:157} INFO - Started process (PID=30017) to work on /home/vscode/.local/lib/python3.10/site-packages/airflow/example_dags/example_branch_python_dop_operator_3.py
[2026-09-17T01:09:48.510+0000] {processor.py:826} INFO - Processing file /home/vscode/.local/lib/python3.10/site-packages/airflow/example_dags/example_branch_python_dop_operator_3.py for tasks to queue
[2026-09-17T01:09:48.511+0000] {logging_mixin.py:150} INFO - [2026-09-17T01:09:48.510+0000] {dagbag.py:541} INFO - Filling up the DagBag from /home/vscode/.local/lib/python3.10/site-packages/airflow/example_dags/example_branch_python_dop_operator_3.py
[2026-09-17T01:09:48.519+0000] {processor.py:836} INFO - DAG(s) dict_keys(['example_branch_dop_operator_v3']) retrieved from /home/vscode/.local/lib/python3.10/site-packages/airflow/example_dags/example_branch_python_dop_operator_3.py
[2026-09-17T01:09:48.539+0000] {logging_mixin.py:150} INFO - [2026-09-17T01:09:48.538+0000] {dag.py:2742} INFO - Sync 1 DAGs
[2026-09-17T01:09:48.566+0000] {logging_mixin.py:150} INFO - [2026-09-17T01:09:48.566+0000] {dag.py:3504} INFO - Setting next_dagrun for example_branch_dop_operator_v3 to 2026-09-17T01:08:00+00:00, run_after=2026-09-17T01:09:00+00:00
[2026-09-17T01:09:48.592+0000] {processor.py:179} INFO - Processing /home/vscode/.local/lib/python3.10/site-packages/airflow/example_dags/example_branch_python_dop_operator_3.py took 0.085 seconds
[2026-09-17T01:10:20.069+0000] {processor.py:157} INFO - Started process (PID=30286) to work on /home/vscode/.local/lib/python3.10/site-packages/airflow/example_dags/example_branch_python_dop_operator_3.py
[2026-09-17T01:10:20.070+0000] {processor.py:826} INFO - Processing file /home/vscode/.local/lib/python3.10/site-packages/airflow/example_dags/example_branch_python_dop_operator_3.py for tasks to queue
[2026-09-17T01:10:20.070+0000] {logging_mixin.py:150} INFO - [2026-09-17T01:10:20.070+0000] {dagbag.py:541} INFO - Filling up the DagBag from /home/vscode/.local/lib/python3.10/site-packages/airflow/example_dags/example_branch_python_dop_operator_3.py
[2026-09-17T01:10:20.077+0000] {processor.py:836} INFO - DAG(s) dict_keys(['example_branch_dop_operator_v3']) retrieved from /home/vscode/.local/lib/python3.10/site-packages/airflow/example_dags/example_branch_python_dop_operator_3.py
[2026-09-17T01:10:20.093+0000] {logging_mixin.py:150} INFO - [2026-09-17T01:10:20.093+0000] {dag.py:2742} INFO - Sync 1 DAGs
[2026-09-17T01:10:20.112+0000] {logging_mixin.py:150} INFO - [2026-09-17T01:10:20.112+0000] {dag.py:3504} INFO - Setting next_dagrun for example_branch_dop_operator_v3 to 2026-09-17T01:09:00+00:00, run_after=2026-09-17T01:10:00+00:00
[2026-09-17T01:10:20.129+0000] {processor.py:179} INFO - Processing /home/vscode/.local/lib/python3.10/site-packages/airflow/example_dags/example_branch_python_dop_operator_3.py took 0.064 seconds
[2026-09-17T01:10:35.040+0000] {processor.py:157} INFO - Started process (PID=30407) to work on /home/vscode/.local/lib/python3.10/site-packages/airflow/example_dags/example_branch_python_dop_operator_3.py
[2026-09-17T01:10:35.040+0000] {processor.py:826} INFO - Processing file /home/vscode/.local/lib/python3.10/site-packages/airflow/example_dags/example_branch_python_dop_operator_3.py for tasks to queue
[2026-09-17T01:10:35.041+0000] {logging_mixin.py:150} INFO - [2026-09-17T01:10:35.041+0000] {dagbag.py:541} INFO - Filling up the DagBag from /home/vscode/.local/lib/python3.10/site-packages/airflow/example_dags/example_branch_python_dop_operator_3.py
[2026-09-17T01:10:35.048+0000] {processor.py:836} INFO - DAG(s) dict_keys(['example_branch_dop_operator_v3']) retrieved from /home/vscode/.local/lib/python3.10/site-packages/airflow/example_dags/example_branch_python_dop_operator_3.py
[2026-09-17T01:10:35.060+0000] {logging_mixin.py:150} INFO - [2026-09-17T01:10:35.060+0000] {dag.py:2742} INFO - Sync 1 DAGs
[2026-09-17T01:10:35.078+0000] {logging_mixin.py:150} INFO - [2026-09-17T01:10:35.078+0000] {dag.py:3504} INFO - Setting next_dagrun for example_branch_dop_operator_v3 to 2026-09-17T01:09:00+00:00, run_after=2026-09-17T01:10:00+00:00
[2026-09-17T01:10:35.097+0000] {processor.py:179} INFO - Processing /home/vscode/.local/lib/python3.10/site-packages/airflow/example_dags/example_branch_python_dop_operator_3.py took 0.059 seconds
[2026-09-17T01:11:09.600+0000] {processor.py:157} INFO - Started process (PID=30743) to work on /home/vscode/.local/lib/python3.10/site-packages/airflow/example_dags/example_branch_python_dop_operator_3.py
[2026-09-17T01:11:09.603+0000] {processor.py:826} INFO - Processing file /home/vscode/.local/lib/python3.10/site-packages/airflow/example_dags/example_branch_python_dop_operator_3.py for tasks to queue
[2026-09-17T01:11:09.603+0000] {logging_mixin.py:150} INFO - [2026-09-17T01:11:09.603+0000] {dagbag.py:541} INFO - Filling up the DagBag from /home/vscode/.local/lib/python3.10/site-packages/airflow/example_dags/example_branch_python_dop_operator_3.py
[2026-09-17T01:11:09.617+0000] {processor.py:836} INFO - DAG(s) dict_keys(['example_branch_dop_operator_v3']) retrieved from /home/vscode/.local/lib/python3.10/site-packages/airflow/example_dags/example_branch_python_dop_operator_3.py
[2026-09-17T01:11:09.637+0000] {logging_mixin.py:150} INFO - [2026-09-17T01:11:09.637+0000] {dag.py:2742} INFO - Sync 1 DAGs
[2026-09-17T01:11:09.663+0000] {logging_mixin.py:150} INFO - [2026-09-17T01:11:09.663+0000] {dag.py:3504} INFO - Setting next_dagrun for example_branch_dop_operator_v3 to 2026-09-17T01:10:00+00:00, run_after=2026-09-17T01:11:00+00:00
[2026-09-17T01:11:09.695+0000] {processor.py:179} INFO - Processing /home/vscode/.local/lib/python3.10/site-packages/airflow/example_dags/example_branch_python_dop_operator_3.py took 0.101 seconds
[2026-09-17T01:11:27.520+0000] {processor.py:157} INFO - Started process (PID=30895) to work on /home/vscode/.local/lib/python3.10/site-packages/airflow/example_dags/example_branch_python_dop_operator_3.py
[2026-09-17T01:11:27.521+0000] {processor.py:826} INFO - Processing file /home/vscode/.local/lib/python3.10/site-packages/airflow/example_dags/example_branch_python_dop_operator_3.py for tasks to queue
[2026-09-17T01:11:27.522+0000] {logging_mixin.py:150} INFO - [2026-09-17T01:11:27.521+0000] {dagbag.py:541} INFO - Filling up the DagBag from /home/vscode/.local/lib/python3.10/site-packages/airflow/example_dags/example_branch_python_dop_operator_3.py
[2026-09-17T01:11:27.529+0000] {processor.py:836} INFO - DAG(s) dict_keys(['example_branch_dop_operator_v3']) retrieved from /home/vscode/.local/lib/python3.10/site-packages/airflow/example_dags/example_branch_python_dop_operator_3.py
[2026-09-17T01:11:27.543+0000] {logging_mixin.py:150} INFO - [2026-09-17T01:11:27.543+0000] {dag.py:2742} INFO - Sync 1 DAGs
[2026-09-17T01:11:27.564+0000] {logging_mixin.py:150} INFO - [2026-09-17T01:11:27.564+0000] {dag.py:3504} INFO - Setting next_dagrun for example_branch_dop_operator_v3 to 2026-09-17T01:10:00+00:00, run_after=2026-09-17T01:11:00+00:00
[2026-09-17T01:11:27.580+0000] {processor.py:179} INFO - Processing /home/vscode/.local/lib/python3.10/site-packages/airflow/example_dags/example_branch_python_dop_operator_3.py took 0.062 seconds
[2026-09-17T01:12:00.834+0000] {processor.py:157} INFO - Started process (PID=31181) to work on /home/vscode/.local/lib/python3.10/site-packages/airflow/example_dags/example_branch_python_dop_operator_3.py
[2026-09-17T01:12:00.834+0000] {processor.py:826} INFO - Processing file /home/vscode/.local/lib/python3.10/site-packages/airflow/example_dags/example_branch_python_dop_operator_3.py for tasks to queue
[2026-09-17T01:12:00.835+0000] {logging_mixin.py:150} INFO - [2026-09-17T01:12:00.835+0000] {dagbag.py:541} INFO - Filling up the DagBag from /home/vscode/.local/lib/python3.10/site-packages/airflow/example_dags/example_branch_python_dop_operator_3.py
[2026-09-17T01:12:00.844+0000] {processor.py:836} INFO - DAG(s) dict_keys(['example_branch_dop_operator_v3']) retrieved from /home/vscode/.local/lib/python3.10/site-packages/airflow/example_dags/example_branch_python_dop_operator_3.py
[2026-09-17T01:12:00.865+0000] {logging_mixin.py:150} INFO - [2026-09-17T01:12:00.865+0000] {dag.py:2742} INFO - Sync 1 DAGs
[2026-09-17T01:12:00.897+0000] {logging_mixin.py:150} INFO - [2026-09-17T01:12:00.897+0000] {dag.py:3504} INFO - Setting next_dagrun for example_branch_dop_operator_v3 to 2026-09-17T01:11:00+00:00, run_after=2026-09-17T01:12:00+00:00
[2026-09-17T01:12:00.938+0000] {processor.py:179} INFO - Processing /home/vscode/.local/lib/python3.10/site-packages/airflow/example_dags/example_branch_python_dop_operator_3.py took 0.106 seconds
[2026-09-17T01:12:15.483+0000] {processor.py:157} INFO - Started process (PID=31307) to work on /home/vscode/.local/lib/python3.10/site-packages/airflow/example_dags/example_branch_python_dop_operator_3.py
[2026-09-17T01:12:15.484+0000] {processor.py:826} INFO - Processing file /home/vscode/.local/lib/python3.10/site-packages/airflow/example_dags/example_branch_python_dop_operator_3.py for tasks to queue
[2026-09-17T01:12:15.484+0000] {logging_mixin.py:150} INFO - [2026-09-17T01:12:15.484+0000] {dagbag.py:541} INFO - Filling up the DagBag from /home/vscode/.local/lib/python3.10/site-packages/airflow/example_dags/example_branch_python_dop_operator_3.py
[2026-09-17T01:12:15.494+0000] {processor.py:836} INFO - DAG(s) dict_keys(['example_branch_dop_operator_v3']) retrieved from /home/vscode/.local/lib/python3.10/site-packages/airflow/example_dags/example_branch_python_dop_operator_3.py
[2026-09-17T01:12:15.520+0000] {logging_mixin.py:150} INFO - [2026-09-17T01:12:15.520+0000] {dag.py:2742} INFO - Sync 1 DAGs
[2026-09-17T01:12:15.548+0000] {logging_mixin.py:150} INFO - [2026-09-17T01:12:15.548+0000] {dag.py:3504} INFO - Setting next_dagrun for example_branch_dop_operator_v3 to 2026-09-17T01:11:00+00:00, run_after=2026-09-17T01:12:00+00:00
[2026-09-17T01:12:15.574+0000] {processor.py:179} INFO - Processing /home/vscode/.local/lib/python3.10/site-packages/airflow/example_dags/example_branch_python_dop_operator_3.py took 0.094 seconds
[2026-09-17T01:12:49.056+0000] {processor.py:157} INFO - Started process (PID=31594) to work on /home/vscode/.local/lib/python3.10/site-packages/airflow/example_dags/example_branch_python_dop_operator_3.py
[2026-09-17T01:12:49.056+0000] {processor.py:826} INFO - Processing file /home/vscode/.local/lib/python3.10/site-packages/airflow/example_dags/example_branch_python_dop_operator_3.py for tasks to queue
[2026-09-17T01:12:49.057+0000] {logging_mixin.py:150} INFO - [2026-09-17T01:12:49.057+0000] {dagbag.py:541} INFO - Filling up the DagBag from /home/vscode/.local/lib/python3.10/site-packages/airflow/example_dags/example_branch_python_dop_operator_3.py
[2026-09-17T01:12:49.064+0000] {processor.py:836} INFO - DAG(s) dict_keys(['example_branch_dop_operator_v3']) retrieved from /home/vscode/.local/lib/python3.10/site-packages/airflow/example_dags/example_branch_python_dop_operator_3.py
[2026-09-17T01:12:49.077+0000] {logging_mixin.py:150} INFO - [2026-09-17T01:12:49.077+0000] {dag.py:2742} INFO - Sync 1 DAGs
[2026-09-17T01:12:49.097+0000] {logging_mixin.py:150} INFO - [2026-09-17T01:12:49.097+0000] {dag.py:3504} INFO - Setting next_dagrun for example_branch_dop_operator_v3 to 2026-09-17T01:11:00+00:00, run_after=2026-09-17T01:12:00+00:00
[2026-09-17T01:12:49.118+0000] {processor.py:179} INFO - Processing /home/vscode/.local/lib/python3.10/site-packages/airflow/example_dags/example_branch_python_dop_operator_3.py took 0.065 seconds
[2026-09-17T01:13:03.413+0000] {processor.py:157} INFO - Started process (PID=31718) to work on /home/vscode/.local/lib/python3.10/site-packages/airflow/example_dags/example_branch_python_dop_operator_3.py
[2026-09-17T01:13:03.414+0000] {processor.py:826} INFO - Processing file /home/vscode/.local/lib/python3.10/site-packages/airflow/example_dags/example_branch_python_dop_operator_3.py for tasks to queue
[2026-09-17T01:13:03.415+0000] {logging_mixin.py:150} INFO - [2026-09-17T01:13:03.414+0000] {dagbag.py:541} INFO - Filling up the DagBag from /home/vscode/.local/lib/python3.10/site-packages/airflow/example_dags/example_branch_python_dop_operator_3.py
[2026-09-17T01:13:03.423+0000] {processor.py:836} INFO - DAG(s) dict_keys(['example_branch_dop_operator_v3']) retrieved from /home/vscode/.local/lib/python3.10/site-packages/airflow/example_dags/example_branch_python_dop_operator_3.py
[2026-09-17T01:13:03.436+0000] {logging_mixin.py:150} INFO - [2026-09-17T01:13:03.436+0000] {dag.py:2742} INFO - Sync 1 DAGs
[2026-09-17T01:13:03.455+0000] {logging_mixin.py:150} INFO - [2026-09-17T01:13:03.455+0000] {dag.py:3504} INFO - Setting next_dagrun for example_branch_dop_operator_v3 to 2026-09-17T01:12:00+00:00, run_after=2026-09-17T01:13:00+00:00
[2026-09-17T01:13:03.482+0000] {processor.py:179} INFO - Processing /home/vscode/.local/lib/python3.10/site-packages/airflow/example_dags/example_branch_python_dop_operator_3.py took 0.072 seconds
[2026-09-17T01:13:34.461+0000] {processor.py:157} INFO - Started process (PID=31979) to work on /home/vscode/.local/lib/python3.10/site-packages/airflow/example_dags/example_branch_python_dop_operator_3.py
[2026-09-17T01:13:34.461+0000] {processor.py:826} INFO - Processing file /home/vscode/.local/lib/python3.10/site-packages/airflow/example_dags/example_branch_python_dop_operator_3.py for tasks to queue
[2026-09-17T01:13:34.462+0000] {logging_mixin.py:150} INFO - [2026-09-17T01:13:34.462+0000] {dagbag.py:541} INFO - Filling up the DagBag from /home/vscode/.local/lib/python3.10/site-packages/airflow/example_dags/example_branch_python_dop_operator_3.py
[2026-09-17T01:13:34.469+0000] {processor.py:836} INFO - DAG(s) dict_keys(['example_branch_dop_operator_v3']) retrieved from /home/vscode/.local/lib/python3.10/site-packages/airflow/example_dags/example_branch_python_dop_operator_3.py
[2026-09-17T01:13:34.488+0000] {logging_mixin.py:150} INFO - [2026-09-17T01:13:34.488+0000] {dag.py:2742} INFO - Sync 1 DAGs
[2026-09-17T01:13:34.526+0000] {logging_mixin.py:150} INFO - [2026-09-17T01:13:34.526+0000] {dag.py:3504} INFO - Setting next_dagrun for example_branch_dop_operator_v3 to 2026-09-17T01:12:00+00:00, run_after=2026-09-17T01:13:00+00:00
[2026-09-17T01:13:34.550+0000] {processor.py:179} INFO - Processing /home/vscode/.local/lib/python3.10/site-packages/airflow/example_dags/example_branch_python_dop_operator_3.py took 0.092 seconds
[2026-09-17T01:13:54.656+0000] {processor.py:157} INFO - Started process (PID=32149) to work on /home/vscode/.local/lib/python3.10/site-packages/airflow/example_dags/example_branch_python_dop_operator_3.py
[2026-09-17T01:13:54.661+0000] {processor.py:826} INFO - Processing file /home/vscode/.local/lib/python3.10/site-packages/airflow/example_dags/example_branch_python_dop_operator_3.py for tasks to queue
[2026-09-17T01:13:54.663+0000] {logging_mixin.py:150} INFO - [2026-09-17T01:13:54.662+0000] {dagbag.py:541} INFO - Filling up the DagBag from /home/vscode/.local/lib/python3.10/site-packages/airflow/example_dags/example_branch_python_dop_operator_3.py
[2026-09-17T01:13:54.693+0000] {processor.py:836} INFO - DAG(s) dict_keys(['example_branch_dop_operator_v3']) retrieved from /home/vscode/.local/lib/python3.10/site-packages/airflow/example_dags/example_branch_python_dop_operator_3.py
[2026-09-17T01:13:54.711+0000] {logging_mixin.py:150} INFO - [2026-09-17T01:13:54.711+0000] {dag.py:2742} INFO - Sync 1 DAGs
[2026-09-17T01:13:54.737+0000] {logging_mixin.py:150} INFO - [2026-09-17T01:13:54.737+0000] {dag.py:3504} INFO - Setting next_dagrun for example_branch_dop_operator_v3 to 2026-09-17T01:12:00+00:00, run_after=2026-09-17T01:13:00+00:00
[2026-09-17T01:13:54.797+0000] {processor.py:179} INFO - Processing /home/vscode/.local/lib/python3.10/site-packages/airflow/example_dags/example_branch_python_dop_operator_3.py took 0.150 seconds
[2026-09-17T01:14:20.679+0000] {processor.py:157} INFO - Started process (PID=32378) to work on /home/vscode/.local/lib/python3.10/site-packages/airflow/example_dags/example_branch_python_dop_operator_3.py
[2026-09-17T01:14:20.680+0000] {processor.py:826} INFO - Processing file /home/vscode/.local/lib/python3.10/site-packages/airflow/example_dags/example_branch_python_dop_operator_3.py for tasks to queue
[2026-09-17T01:14:20.681+0000] {logging_mixin.py:150} INFO - [2026-09-17T01:14:20.681+0000] {dagbag.py:541} INFO - Filling up the DagBag from /home/vscode/.local/lib/python3.10/site-packages/airflow/example_dags/example_branch_python_dop_operator_3.py
[2026-09-17T01:14:20.690+0000] {processor.py:836} INFO - DAG(s) dict_keys(['example_branch_dop_operator_v3']) retrieved from /home/vscode/.local/lib/python3.10/site-packages/airflow/example_dags/example_branch_python_dop_operator_3.py
[2026-09-17T01:14:20.708+0000] {logging_mixin.py:150} INFO - [2026-09-17T01:14:20.708+0000] {dag.py:2742} INFO - Sync 1 DAGs
[2026-09-17T01:14:20.728+0000] {logging_mixin.py:150} INFO - [2026-09-17T01:14:20.728+0000] {dag.py:3504} INFO - Setting next_dagrun for example_branch_dop_operator_v3 to 2026-09-17T01:13:00+00:00, run_after=2026-09-17T01:14:00+00:00
[2026-09-17T01:14:20.745+0000] {processor.py:179} INFO - Processing /home/vscode/.local/lib/python3.10/site-packages/airflow/example_dags/example_branch_python_dop_operator_3.py took 0.068 seconds
[2026-09-17T01:14:45.567+0000] {processor.py:157} INFO - Started process (PID=32579) to work on /home/vscode/.local/lib/python3.10/site-packages/airflow/example_dags/example_branch_python_dop_operator_3.py
[2026-09-17T01:14:45.568+0000] {processor.py:826} INFO - Processing file /home/vscode/.local/lib/python3.10/site-packages/airflow/example_dags/example_branch_python_dop_operator_3.py for tasks to queue
[2026-09-17T01:14:45.569+0000] {logging_mixin.py:150} INFO - [2026-09-17T01:14:45.568+0000] {dagbag.py:541} INFO - Filling up the DagBag from /home/vscode/.local/lib/python3.10/site-packages/airflow/example_dags/example_branch_python_dop_operator_3.py
[2026-09-17T01:14:45.575+0000] {processor.py:836} INFO - DAG(s) dict_keys(['example_branch_dop_operator_v3']) retrieved from /home/vscode/.local/lib/python3.10/site-packages/airflow/example_dags/example_branch_python_dop_operator_3.py
[2026-09-17T01:14:45.591+0000] {logging_mixin.py:150} INFO - [2026-09-17T01:14:45.591+0000] {dag.py:2742} INFO - Sync 1 DAGs
[2026-09-17T01:14:45.612+0000] {logging_mixin.py:150} INFO - [2026-09-17T01:14:45.612+0000] {dag.py:3504} INFO - Setting next_dagrun for example_branch_dop_operator_v3 to 2026-09-17T01:13:00+00:00, run_after=2026-09-17T01:14:00+00:00
[2026-09-17T01:14:45.629+0000] {processor.py:179} INFO - Processing /home/vscode/.local/lib/python3.10/site-packages/airflow/example_dags/example_branch_python_dop_operator_3.py took 0.064 seconds
[2026-09-17T01:15:07.746+0000] {processor.py:157} INFO - Started process (PID=32776) to work on /home/vscode/.local/lib/python3.10/site-packages/airflow/example_dags/example_branch_python_dop_operator_3.py
[2026-09-17T01:15:07.747+0000] {processor.py:826} INFO - Processing file /home/vscode/.local/lib/python3.10/site-packages/airflow/example_dags/example_branch_python_dop_operator_3.py for tasks to queue
[2026-09-17T01:15:07.747+0000] {logging_mixin.py:150} INFO - [2026-09-17T01:15:07.747+0000] {dagbag.py:541} INFO - Filling up the DagBag from /home/vscode/.local/lib/python3.10/site-packages/airflow/example_dags/example_branch_python_dop_operator_3.py
[2026-09-17T01:15:07.754+0000] {processor.py:836} INFO - DAG(s) dict_keys(['example_branch_dop_operator_v3']) retrieved from /home/vscode/.local/lib/python3.10/site-packages/airflow/example_dags/example_branch_python_dop_operator_3.py
[2026-09-17T01:15:07.767+0000] {logging_mixin.py:150} INFO - [2026-09-17T01:15:07.767+0000] {dag.py:2742} INFO - Sync 1 DAGs
[2026-09-17T01:15:07.787+0000] {logging_mixin.py:150} INFO - [2026-09-17T01:15:07.787+0000] {dag.py:3504} INFO - Setting next_dagrun for example_branch_dop_operator_v3 to 2026-09-17T01:14:00+00:00, run_after=2026-09-17T01:15:00+00:00
[2026-09-17T01:15:07.807+0000] {processor.py:179} INFO - Processing /home/vscode/.local/lib/python3.10/site-packages/airflow/example_dags/example_branch_python_dop_operator_3.py took 0.064 seconds
[2026-09-17T01:15:38.661+0000] {processor.py:157} INFO - Started process (PID=33031) to work on /home/vscode/.local/lib/python3.10/site-packages/airflow/example_dags/example_branch_python_dop_operator_3.py
[2026-09-17T01:15:38.662+0000] {processor.py:826} INFO - Processing file /home/vscode/.local/lib/python3.10/site-packages/airflow/example_dags/example_branch_python_dop_operator_3.py for tasks to queue
[2026-09-17T01:15:38.663+0000] {logging_mixin.py:150} INFO - [2026-09-17T01:15:38.662+0000] {dagbag.py:541} INFO - Filling up the DagBag from /home/vscode/.local/lib/python3.10/site-packages/airflow/example_dags/example_branch_python_dop_operator_3.py
[2026-09-17T01:15:38.669+0000] {processor.py:836} INFO - DAG(s) dict_keys(['example_branch_dop_operator_v3']) retrieved from /home/vscode/.local/lib/python3.10/site-packages/airflow/example_dags/example_branch_python_dop_operator_3.py
[2026-09-17T01:15:38.686+0000] {logging_mixin.py:150} INFO - [2026-09-17T01:15:38.686+0000] {dag.py:2742} INFO - Sync 1 DAGs
[2026-09-17T01:15:38.708+0000] {logging_mixin.py:150} INFO - [2026-09-17T01:15:38.708+0000] {dag.py:3504} INFO - Setting next_dagrun for example_branch_dop_operator_v3 to 2026-09-17T01:14:00+00:00, run_after=2026-09-17T01:15:00+00:00
[2026-09-17T01:15:38.724+0000] {processor.py:179} INFO - Processing /home/vscode/.local/lib/python3.10/site-packages/airflow/example_dags/example_branch_python_dop_operator_3.py took 0.067 seconds
[2026-09-17T01:15:53.383+0000] {processor.py:157} INFO - Started process (PID=33194) to work on /home/vscode/.local/lib/python3.10/site-packages/airflow/example_dags/example_branch_python_dop_operator_3.py
[2026-09-17T01:15:53.384+0000] {processor.py:826} INFO - Processing file /home/vscode/.local/lib/python3.10/site-packages/airflow/example_dags/example_branch_python_dop_operator_3.py for tasks to queue
[2026-09-17T01:15:53.384+0000] {logging_mixin.py:150} INFO - [2026-09-17T01:15:53.384+0000] {dagbag.py:541} INFO - Filling up the DagBag from /home/vscode/.local/lib/python3.10/site-packages/airflow/example_dags/example_branch_python_dop_operator_3.py
[2026-09-17T01:15:53.393+0000] {processor.py:836} INFO - DAG(s) dict_keys(['example_branch_dop_operator_v3']) retrieved from /home/vscode/.local/lib/python3.10/site-packages/airflow/example_dags/example_branch_python_dop_operator_3.py
[2026-09-17T01:15:53.408+0000] {logging_mixin.py:150} INFO - [2026-09-17T01:15:53.408+0000] {dag.py:2742} INFO - Sync 1 DAGs
[2026-09-17T01:15:53.426+0000] {logging_mixin.py:150} INFO - [2026-09-17T01:15:53.426+0000] {dag.py:3504} INFO - Setting next_dagrun for example_branch_dop_operator_v3 to 2026-09-17T01:14:00+00:00, run_after=2026-09-17T01:15:00+00:00
[2026-09-17T01:15:53.444+0000] {processor.py:179} INFO - Processing /home/vscode/.local/lib/python3.10/site-packages/airflow/example_dags/example_branch_python_dop_operator_3.py took 0.064 seconds
[2026-09-17T01:16:29.420+0000] {processor.py:157} INFO - Started process (PID=33502) to work on /home/vscode/.local/lib/python3.10/site-packages/airflow/example_dags/example_branch_python_dop_operator_3.py
[2026-09-17T01:16:29.423+0000] {processor.py:826} INFO - Processing file /home/vscode/.local/lib/python3.10/site-packages/airflow/example_dags/example_branch_python_dop_operator_3.py for tasks to queue
[2026-09-17T01:16:29.427+0000] {logging_mixin.py:150} INFO - [2026-09-17T01:16:29.427+0000] {dagbag.py:541} INFO - Filling up the DagBag from /home/vscode/.local/lib/python3.10/site-packages/airflow/example_dags/example_branch_python_dop_operator_3.py
[2026-09-17T01:16:29.439+0000] {processor.py:836} INFO - DAG(s) dict_keys(['example_branch_dop_operator_v3']) retrieved from /home/vscode/.local/lib/python3.10/site-packages/airflow/example_dags/example_branch_python_dop_operator_3.py
[2026-09-17T01:16:29.459+0000] {logging_mixin.py:150} INFO - [2026-09-17T01:16:29.459+0000] {dag.py:2742} INFO - Sync 1 DAGs
[2026-09-17T01:16:29.497+0000] {logging_mixin.py:150} INFO - [2026-09-17T01:16:29.497+0000] {dag.py:3504} INFO - Setting next_dagrun for example_branch_dop_operator_v3 to 2026-09-17T01:15:00+00:00, run_after=2026-09-17T01:16:00+00:00
[2026-09-17T01:16:29.519+0000] {processor.py:179} INFO - Processing /home/vscode/.local/lib/python3.10/site-packages/airflow/example_dags/example_branch_python_dop_operator_3.py took 0.103 seconds
[2026-09-17T01:16:44.264+0000] {processor.py:157} INFO - Started process (PID=33628) to work on /home/vscode/.local/lib/python3.10/site-packages/airflow/example_dags/example_branch_python_dop_operator_3.py
[2026-09-17T01:16:44.265+0000] {processor.py:826} INFO - Processing file /home/vscode/.local/lib/python3.10/site-packages/airflow/example_dags/example_branch_python_dop_operator_3.py for tasks to queue
[2026-09-17T01:16:44.265+0000] {logging_mixin.py:150} INFO - [2026-09-17T01:16:44.265+0000] {dagbag.py:541} INFO - Filling up the DagBag from /home/vscode/.local/lib/python3.10/site-packages/airflow/example_dags/example_branch_python_dop_operator_3.py
[2026-09-17T01:16:44.272+0000] {processor.py:836} INFO - DAG(s) dict_keys(['example_branch_dop_operator_v3']) retrieved from /home/vscode/.local/lib/python3.10/site-packages/airflow/example_dags/example_branch_python_dop_operator_3.py
[2026-09-17T01:16:44.285+0000] {logging_mixin.py:150} INFO - [2026-09-17T01:16:44.285+0000] {dag.py:2742} INFO - Sync 1 DAGs
[2026-09-17T01:16:44.307+0000] {logging_mixin.py:150} INFO - [2026-09-17T01:16:44.307+0000] {dag.py:3504} INFO - Setting next_dagrun for example_branch_dop_operator_v3 to 2026-09-17T01:15:00+00:00, run_after=2026-09-17T01:16:00+00:00
[2026-09-17T01:16:44.334+0000] {processor.py:179} INFO - Processing /home/vscode/.local/lib/python3.10/site-packages/airflow/example_dags/example_branch_python_dop_operator_3.py took 0.072 seconds
[2026-09-17T01:17:20.024+0000] {processor.py:157} INFO - Started process (PID=33933) to work on /home/vscode/.local/lib/python3.10/site-packages/airflow/example_dags/example_branch_python_dop_operator_3.py
[2026-09-17T01:17:20.025+0000] {processor.py:826} INFO - Processing file /home/vscode/.local/lib/python3.10/site-packages/airflow/example_dags/example_branch_python_dop_operator_3.py for tasks to queue
[2026-09-17T01:17:20.026+0000] {logging_mixin.py:150} INFO - [2026-09-17T01:17:20.025+0000] {dagbag.py:541} INFO - Filling up the DagBag from /home/vscode/.local/lib/python3.10/site-packages/airflow/example_dags/example_branch_python_dop_operator_3.py
[2026-09-17T01:17:20.035+0000] {processor.py:836} INFO - DAG(s) dict_keys(['example_branch_dop_operator_v3']) retrieved from /home/vscode/.local/lib/python3.10/site-packages/airflow/example_dags/example_branch_python_dop_operator_3.py
[2026-09-17T01:17:20.078+0000] {logging_mixin.py:150} INFO - [2026-09-17T01:17:20.077+0000] {dag.py:2742} INFO - Sync 1 DAGs
[2026-09-17T01:17:20.157+0000] {logging_mixin.py:150} INFO - [2026-09-17T01:17:20.156+0000] {dag.py:3504} INFO - Setting next_dagrun for example_branch_dop_operator_v3 to 2026-09-17T01:16:00+00:00, run_after=2026-09-17T01:17:00+00:00
[2026-09-17T01:17:20.192+0000] {processor.py:179} INFO - Processing /home/vscode/.local/lib/python3.10/site-packages/airflow/example_dags/example_branch_python_dop_operator_3.py took 0.171 seconds
[2026-09-17T01:17:29.252+0000] {processor.py:157} INFO - Started process (PID=34018) to work on /home/vscode/.local/lib/python3.10/site-packages/airflow/example_dags/example_branch_python_dop_operator_3.py
[2026-09-17T01:17:29.253+0000] {processor.py:826} INFO - Processing file /home/vscode/.local/lib/python3.10/site-packages/airflow/example_dags/example_branch_python_dop_operator_3.py for tasks to queue
[2026-09-17T01:17:29.254+0000] {logging_mixin.py:150} INFO - [2026-09-17T01:17:29.254+0000] {dagbag.py:541} INFO - Filling up the DagBag from /home/vscode/.local/lib/python3.10/site-packages/airflow/example_dags/example_branch_python_dop_operator_3.py
[2026-09-17T01:17:29.261+0000] {processor.py:836} INFO - DAG(s) dict_keys(['example_branch_dop_operator_v3']) retrieved from /home/vscode/.local/lib/python3.10/site-packages/airflow/example_dags/example_branch_python_dop_operator_3.py
[2026-09-17T01:17:29.274+0000] {logging_mixin.py:150} INFO - [2026-09-17T01:17:29.274+0000] {dag.py:2742} INFO - Sync 1 DAGs
[2026-09-17T01:17:29.297+0000] {logging_mixin.py:150} INFO - [2026-09-17T01:17:29.297+0000] {dag.py:3504} INFO - Setting next_dagrun for example_branch_dop_operator_v3 to 2026-09-17T01:16:00+00:00, run_after=2026-09-17T01:17:00+00:00
[2026-09-17T01:17:29.314+0000] {processor.py:179} INFO - Processing /home/vscode/.local/lib/python3.10/site-packages/airflow/example_dags/example_branch_python_dop_operator_3.py took 0.064 seconds
[2026-09-17T01:18:07.988+0000] {processor.py:157} INFO - Started process (PID=34336) to work on /home/vscode/.local/lib/python3.10/site-packages/airflow/example_dags/example_branch_python_dop_operator_3.py
[2026-09-17T01:18:07.989+0000] {processor.py:826} INFO - Processing file /home/vscode/.local/lib/python3.10/site-packages/airflow/example_dags/example_branch_python_dop_operator_3.py for tasks to queue
[2026-09-17T01:18:07.990+0000] {logging_mixin.py:150} INFO - [2026-09-17T01:18:07.989+0000] {dagbag.py:541} INFO - Filling up the DagBag from /home/vscode/.local/lib/python3.10/site-packages/airflow/example_dags/example_branch_python_dop_operator_3.py
[2026-09-17T01:18:08.005+0000] {processor.py:836} INFO - DAG(s) dict_keys(['example_branch_dop_operator_v3']) retrieved from /home/vscode/.local/lib/python3.10/site-packages/airflow/example_dags/example_branch_python_dop_operator_3.py
[2026-09-17T01:18:08.022+0000] {logging_mixin.py:150} INFO - [2026-09-17T01:18:08.022+0000] {dag.py:2742} INFO - Sync 1 DAGs
[2026-09-17T01:18:08.041+0000] {logging_mixin.py:150} INFO - [2026-09-17T01:18:08.041+0000] {dag.py:3504} INFO - Setting next_dagrun for example_branch_dop_operator_v3 to 2026-09-17T01:17:00+00:00, run_after=2026-09-17T01:18:00+00:00
[2026-09-17T01:18:08.059+0000] {processor.py:179} INFO - Processing /home/vscode/.local/lib/python3.10/site-packages/airflow/example_dags/example_branch_python_dop_operator_3.py took 0.074 seconds
[2026-09-17T01:18:20.831+0000] {processor.py:157} INFO - Started process (PID=34453) to work on /home/vscode/.local/lib/python3.10/site-packages/airflow/example_dags/example_branch_python_dop_operator_3.py
[2026-09-17T01:18:20.832+0000] {processor.py:826} INFO - Processing file /home/vscode/.local/lib/python3.10/site-packages/airflow/example_dags/example_branch_python_dop_operator_3.py for tasks to queue
[2026-09-17T01:18:20.833+0000] {logging_mixin.py:150} INFO - [2026-09-17T01:18:20.832+0000] {dagbag.py:541} INFO - Filling up the DagBag from /home/vscode/.local/lib/python3.10/site-packages/airflow/example_dags/example_branch_python_dop_operator_3.py
[2026-09-17T01:18:20.841+0000] {processor.py:836} INFO - DAG(s) dict_keys(['example_branch_dop_operator_v3']) retrieved from /home/vscode/.local/lib/python3.10/site-packages/airflow/example_dags/example_branch_python_dop_operator_3.py
[2026-09-17T01:18:20.854+0000] {logging_mixin.py:150} INFO - [2026-09-17T01:18:20.854+0000] {dag.py:2742} INFO - Sync 1 DAGs
[2026-09-17T01:18:20.871+0000] {logging_mixin.py:150} INFO - [2026-09-17T01:18:20.871+0000] {dag.py:3504} INFO - Setting next_dagrun for example_branch_dop_operator_v3 to 2026-09-17T01:17:00+00:00, run_after=2026-09-17T01:18:00+00:00
[2026-09-17T01:18:20.892+0000] {processor.py:179} INFO - Processing /home/vscode/.local/lib/python3.10/site-packages/airflow/example_dags/example_branch_python_dop_operator_3.py took 0.063 seconds
[2026-09-17T01:18:53.401+0000] {processor.py:157} INFO - Started process (PID=34724) to work on /home/vscode/.local/lib/python3.10/site-packages/airflow/example_dags/example_branch_python_dop_operator_3.py
[2026-09-17T01:18:53.401+0000] {processor.py:826} INFO - Processing file /home/vscode/.local/lib/python3.10/site-packages/airflow/example_dags/example_branch_python_dop_operator_3.py for tasks to queue
[2026-09-17T01:18:53.402+0000] {logging_mixin.py:150} INFO - [2026-09-17T01:18:53.402+0000] {dagbag.py:541} INFO - Filling up the DagBag from /home/vscode/.local/lib/python3.10/site-packages/airflow/example_dags/example_branch_python_dop_operator_3.py
[2026-09-17T01:18:53.409+0000] {processor.py:836} INFO - DAG(s) dict_keys(['example_branch_dop_operator_v3']) retrieved from /home/vscode/.local/lib/python3.10/site-packages/airflow/example_dags/example_branch_python_dop_operator_3.py
[2026-09-17T01:18:53.423+0000] {logging_mixin.py:150} INFO - [2026-09-17T01:18:53.422+0000] {dag.py:2742} INFO - Sync 1 DAGs
[2026-09-17T01:18:53.443+0000] {logging_mixin.py:150} INFO - [2026-09-17T01:18:53.443+0000] {dag.py:3504} INFO - Setting next_dagrun for example_branch_dop_operator_v3 to 2026-09-17T01:17:00+00:00, run_after=2026-09-17T01:18:00+00:00
[2026-09-17T01:18:53.463+0000] {processor.py:179} INFO - Processing /home/vscode/.local/lib/python3.10/site-packages/airflow/example_dags/example_branch_python_dop_operator_3.py took 0.065 seconds
[2026-09-17T01:19:07.916+0000] {processor.py:157} INFO - Started process (PID=34843) to work on /home/vscode/.local/lib/python3.10/site-packages/airflow/example_dags/example_branch_python_dop_operator_3.py
[2026-09-17T01:19:07.917+0000] {processor.py:826} INFO - Processing file /home/vscode/.local/lib/python3.10/site-packages/airflow/example_dags/example_branch_python_dop_operator_3.py for tasks to queue
[2026-09-17T01:19:07.918+0000] {logging_mixin.py:150} INFO - [2026-09-17T01:19:07.918+0000] {dagbag.py:541} INFO - Filling up the DagBag from /home/vscode/.local/lib/python3.10/site-packages/airflow/example_dags/example_branch_python_dop_operator_3.py
[2026-09-17T01:19:07.926+0000] {processor.py:836} INFO - DAG(s) dict_keys(['example_branch_dop_operator_v3']) retrieved from /home/vscode/.local/lib/python3.10/site-packages/airflow/example_dags/example_branch_python_dop_operator_3.py
[2026-09-17T01:19:07.940+0000] {logging_mixin.py:150} INFO - [2026-09-17T01:19:07.940+0000] {dag.py:2742} INFO - Sync 1 DAGs
[2026-09-17T01:19:07.960+0000] {logging_mixin.py:150} INFO - [2026-09-17T01:19:07.960+0000] {dag.py:3504} INFO - Setting next_dagrun for example_branch_dop_operator_v3 to 2026-09-17T01:18:00+00:00, run_after=2026-09-17T01:19:00+00:00
[2026-09-17T01:19:07.977+0000] {processor.py:179} INFO - Processing /home/vscode/.local/lib/python3.10/site-packages/airflow/example_dags/example_branch_python_dop_operator_3.py took 0.064 seconds
[2026-09-17T01:19:44.004+0000] {processor.py:157} INFO - Started process (PID=35122) to work on /home/vscode/.local/lib/python3.10/site-packages/airflow/example_dags/example_branch_python_dop_operator_3.py
[2026-09-17T01:19:44.004+0000] {processor.py:826} INFO - Processing file /home/vscode/.local/lib/python3.10/site-packages/airflow/example_dags/example_branch_python_dop_operator_3.py for tasks to queue
[2026-09-17T01:19:44.005+0000] {logging_mixin.py:150} INFO - [2026-09-17T01:19:44.005+0000] {dagbag.py:541} INFO - Filling up the DagBag from /home/vscode/.local/lib/python3.10/site-packages/airflow/example_dags/example_branch_python_dop_operator_3.py
[2026-09-17T01:19:44.012+0000] {processor.py:836} INFO - DAG(s) dict_keys(['example_branch_dop_operator_v3']) retrieved from /home/vscode/.local/lib/python3.10/site-packages/airflow/example_dags/example_branch_python_dop_operator_3.py
[2026-09-17T01:19:44.026+0000] {logging_mixin.py:150} INFO - [2026-09-17T01:19:44.026+0000] {dag.py:2742} INFO - Sync 1 DAGs
[2026-09-17T01:19:44.044+0000] {logging_mixin.py:150} INFO - [2026-09-17T01:19:44.044+0000] {dag.py:3504} INFO - Setting next_dagrun for example_branch_dop_operator_v3 to 2026-09-17T01:18:00+00:00, run_after=2026-09-17T01:19:00+00:00
[2026-09-17T01:19:44.060+0000] {processor.py:179} INFO - Processing /home/vscode/.local/lib/python3.10/site-packages/airflow/example_dags/example_branch_python_dop_operator_3.py took 0.059 seconds
[2026-09-17T01:19:55.244+0000] {processor.py:157} INFO - Started process (PID=35252) to work on /home/vscode/.local/lib/python3.10/site-packages/airflow/example_dags/example_branch_python_dop_operator_3.py
[2026-09-17T01:19:55.244+0000] {processor.py:826} INFO - Processing file /home/vscode/.local/lib/python3.10/site-packages/airflow/example_dags/example_branch_python_dop_operator_3.py for tasks to queue
[2026-09-17T01:19:55.245+0000] {logging_mixin.py:150} INFO - [2026-09-17T01:19:55.245+0000] {dagbag.py:541} INFO - Filling up the DagBag from /home/vscode/.local/lib/python3.10/site-packages/airflow/example_dags/example_branch_python_dop_operator_3.py
[2026-09-17T01:19:55.251+0000] {processor.py:836} INFO - DAG(s) dict_keys(['example_branch_dop_operator_v3']) retrieved from /home/vscode/.local/lib/python3.10/site-packages/airflow/example_dags/example_branch_python_dop_operator_3.py
[2026-09-17T01:19:55.264+0000] {logging_mixin.py:150} INFO - [2026-09-17T01:19:55.264+0000] {dag.py:2742} INFO - Sync 1 DAGs
[2026-09-17T01:19:55.285+0000] {logging_mixin.py:150} INFO - [2026-09-17T01:19:55.284+0000] {dag.py:3504} INFO - Setting next_dagrun for example_branch_dop_operator_v3 to 2026-09-17T01:18:00+00:00, run_after=2026-09-17T01:19:00+00:00
[2026-09-17T01:19:55.302+0000] {processor.py:179} INFO - Processing /home/vscode/.local/lib/python3.10/site-packages/airflow/example_dags/example_branch_python_dop_operator_3.py took 0.061 seconds
[2026-09-17T01:20:31.338+0000] {processor.py:157} INFO - Started process (PID=35573) to work on /home/vscode/.local/lib/python3.10/site-packages/airflow/example_dags/example_branch_python_dop_operator_3.py
[2026-09-17T01:20:31.341+0000] {processor.py:826} INFO - Processing file /home/vscode/.local/lib/python3.10/site-packages/airflow/example_dags/example_branch_python_dop_operator_3.py for tasks to queue
[2026-09-17T01:20:31.342+0000] {logging_mixin.py:150} INFO - [2026-09-17T01:20:31.341+0000] {dagbag.py:541} INFO - Filling up the DagBag from /home/vscode/.local/lib/python3.10/site-packages/airflow/example_dags/example_branch_python_dop_operator_3.py
[2026-09-17T01:20:31.362+0000] {processor.py:836} INFO - DAG(s) dict_keys(['example_branch_dop_operator_v3']) retrieved from /home/vscode/.local/lib/python3.10/site-packages/airflow/example_dags/example_branch_python_dop_operator_3.py
[2026-09-17T01:20:31.381+0000] {logging_mixin.py:150} INFO - [2026-09-17T01:20:31.381+0000] {dag.py:2742} INFO - Sync 1 DAGs
[2026-09-17T01:20:31.412+0000] {logging_mixin.py:150} INFO - [2026-09-17T01:20:31.412+0000] {dag.py:3504} INFO - Setting next_dagrun for example_branch_dop_operator_v3 to 2026-09-17T01:19:00+00:00, run_after=2026-09-17T01:20:00+00:00
[2026-09-17T01:20:31.441+0000] {processor.py:179} INFO - Processing /home/vscode/.local/lib/python3.10/site-packages/airflow/example_dags/example_branch_python_dop_operator_3.py took 0.107 seconds
[2026-09-17T01:20:44.301+0000] {processor.py:157} INFO - Started process (PID=35711) to work on /home/vscode/.local/lib/python3.10/site-packages/airflow/example_dags/example_branch_python_dop_operator_3.py
[2026-09-17T01:20:44.302+0000] {processor.py:826} INFO - Processing file /home/vscode/.local/lib/python3.10/site-packages/airflow/example_dags/example_branch_python_dop_operator_3.py for tasks to queue
[2026-09-17T01:20:44.302+0000] {logging_mixin.py:150} INFO - [2026-09-17T01:20:44.302+0000] {dagbag.py:541} INFO - Filling up the DagBag from /home/vscode/.local/lib/python3.10/site-packages/airflow/example_dags/example_branch_python_dop_operator_3.py
[2026-09-17T01:20:44.310+0000] {processor.py:836} INFO - DAG(s) dict_keys(['example_branch_dop_operator_v3']) retrieved from /home/vscode/.local/lib/python3.10/site-packages/airflow/example_dags/example_branch_python_dop_operator_3.py
[2026-09-17T01:20:44.322+0000] {logging_mixin.py:150} INFO - [2026-09-17T01:20:44.322+0000] {dag.py:2742} INFO - Sync 1 DAGs
[2026-09-17T01:20:44.340+0000] {logging_mixin.py:150} INFO - [2026-09-17T01:20:44.340+0000] {dag.py:3504} INFO - Setting next_dagrun for example_branch_dop_operator_v3 to 2026-09-17T01:19:00+00:00, run_after=2026-09-17T01:20:00+00:00
[2026-09-17T01:20:44.359+0000] {processor.py:179} INFO - Processing /home/vscode/.local/lib/python3.10/site-packages/airflow/example_dags/example_branch_python_dop_operator_3.py took 0.062 seconds
[2026-09-17T01:21:21.743+0000] {processor.py:157} INFO - Started process (PID=36237) to work on /home/vscode/.local/lib/python3.10/site-packages/airflow/example_dags/example_branch_python_dop_operator_3.py
[2026-09-17T01:21:21.744+0000] {processor.py:826} INFO - Processing file /home/vscode/.local/lib/python3.10/site-packages/airflow/example_dags/example_branch_python_dop_operator_3.py for tasks to queue
[2026-09-17T01:21:21.745+0000] {logging_mixin.py:150} INFO - [2026-09-17T01:21:21.745+0000] {dagbag.py:541} INFO - Filling up the DagBag from /home/vscode/.local/lib/python3.10/site-packages/airflow/example_dags/example_branch_python_dop_operator_3.py
[2026-09-17T01:21:21.752+0000] {processor.py:836} INFO - DAG(s) dict_keys(['example_branch_dop_operator_v3']) retrieved from /home/vscode/.local/lib/python3.10/site-packages/airflow/example_dags/example_branch_python_dop_operator_3.py
[2026-09-17T01:21:21.765+0000] {logging_mixin.py:150} INFO - [2026-09-17T01:21:21.765+0000] {dag.py:2742} INFO - Sync 1 DAGs
[2026-09-17T01:21:21.784+0000] {logging_mixin.py:150} INFO - [2026-09-17T01:21:21.784+0000] {dag.py:3504} INFO - Setting next_dagrun for example_branch_dop_operator_v3 to 2026-09-17T01:20:00+00:00, run_after=2026-09-17T01:21:00+00:00
[2026-09-17T01:21:21.804+0000] {processor.py:179} INFO - Processing /home/vscode/.local/lib/python3.10/site-packages/airflow/example_dags/example_branch_python_dop_operator_3.py took 0.063 seconds
[2026-09-17T01:21:32.715+0000] {processor.py:157} INFO - Started process (PID=36326) to work on /home/vscode/.local/lib/python3.10/site-packages/airflow/example_dags/example_branch_python_dop_operator_3.py
[2026-09-17T01:21:32.715+0000] {processor.py:826} INFO - Processing file /home/vscode/.local/lib/python3.10/site-packages/airflow/example_dags/example_branch_python_dop_operator_3.py for tasks to queue
[2026-09-17T01:21:32.716+0000] {logging_mixin.py:150} INFO - [2026-09-17T01:21:32.716+0000] {dagbag.py:541} INFO - Filling up the DagBag from /home/vscode/.local/lib/python3.10/site-packages/airflow/example_dags/example_branch_python_dop_operator_3.py
[2026-09-17T01:21:32.723+0000] {processor.py:836} INFO - DAG(s) dict_keys(['example_branch_dop_operator_v3']) retrieved from /home/vscode/.local/lib/python3.10/site-packages/airflow/example_dags/example_branch_python_dop_operator_3.py
[2026-09-17T01:21:32.737+0000] {logging_mixin.py:150} INFO - [2026-09-17T01:21:32.736+0000] {dag.py:2742} INFO - Sync 1 DAGs
[2026-09-17T01:21:32.759+0000] {logging_mixin.py:150} INFO - [2026-09-17T01:21:32.759+0000] {dag.py:3504} INFO - Setting next_dagrun for example_branch_dop_operator_v3 to 2026-09-17T01:20:00+00:00, run_after=2026-09-17T01:21:00+00:00
[2026-09-17T01:21:32.780+0000] {processor.py:179} INFO - Processing /home/vscode/.local/lib/python3.10/site-packages/airflow/example_dags/example_branch_python_dop_operator_3.py took 0.069 seconds
[2026-09-17T01:22:09.704+0000] {processor.py:157} INFO - Started process (PID=36841) to work on /home/vscode/.local/lib/python3.10/site-packages/airflow/example_dags/example_branch_python_dop_operator_3.py
[2026-09-17T01:22:09.705+0000] {processor.py:826} INFO - Processing file /home/vscode/.local/lib/python3.10/site-packages/airflow/example_dags/example_branch_python_dop_operator_3.py for tasks to queue
[2026-09-17T01:22:09.706+0000] {logging_mixin.py:150} INFO - [2026-09-17T01:22:09.705+0000] {dagbag.py:541} INFO - Filling up the DagBag from /home/vscode/.local/lib/python3.10/site-packages/airflow/example_dags/example_branch_python_dop_operator_3.py
[2026-09-17T01:22:09.713+0000] {processor.py:836} INFO - DAG(s) dict_keys(['example_branch_dop_operator_v3']) retrieved from /home/vscode/.local/lib/python3.10/site-packages/airflow/example_dags/example_branch_python_dop_operator_3.py
[2026-09-17T01:22:09.725+0000] {logging_mixin.py:150} INFO - [2026-09-17T01:22:09.725+0000] {dag.py:2742} INFO - Sync 1 DAGs
[2026-09-17T01:22:09.744+0000] {logging_mixin.py:150} INFO - [2026-09-17T01:22:09.744+0000] {dag.py:3504} INFO - Setting next_dagrun for example_branch_dop_operator_v3 to 2026-09-17T01:21:00+00:00, run_after=2026-09-17T01:22:00+00:00
[2026-09-17T01:22:09.761+0000] {processor.py:179} INFO - Processing /home/vscode/.local/lib/python3.10/site-packages/airflow/example_dags/example_branch_python_dop_operator_3.py took 0.059 seconds
[2026-09-17T01:22:23.377+0000] {processor.py:157} INFO - Started process (PID=37108) to work on /home/vscode/.local/lib/python3.10/site-packages/airflow/example_dags/example_branch_python_dop_operator_3.py
[2026-09-17T01:22:23.378+0000] {processor.py:826} INFO - Processing file /home/vscode/.local/lib/python3.10/site-packages/airflow/example_dags/example_branch_python_dop_operator_3.py for tasks to queue
[2026-09-17T01:22:23.379+0000] {logging_mixin.py:150} INFO - [2026-09-17T01:22:23.378+0000] {dagbag.py:541} INFO - Filling up the DagBag from /home/vscode/.local/lib/python3.10/site-packages/airflow/example_dags/example_branch_python_dop_operator_3.py
[2026-09-17T01:22:23.388+0000] {processor.py:836} INFO - DAG(s) dict_keys(['example_branch_dop_operator_v3']) retrieved from /home/vscode/.local/lib/python3.10/site-packages/airflow/example_dags/example_branch_python_dop_operator_3.py
[2026-09-17T01:22:23.420+0000] {logging_mixin.py:150} INFO - [2026-09-17T01:22:23.420+0000] {dag.py:2742} INFO - Sync 1 DAGs
[2026-09-17T01:22:23.442+0000] {logging_mixin.py:150} INFO - [2026-09-17T01:22:23.442+0000] {dag.py:3504} INFO - Setting next_dagrun for example_branch_dop_operator_v3 to 2026-09-17T01:21:00+00:00, run_after=2026-09-17T01:22:00+00:00
[2026-09-17T01:22:23.458+0000] {processor.py:179} INFO - Processing /home/vscode/.local/lib/python3.10/site-packages/airflow/example_dags/example_branch_python_dop_operator_3.py took 0.084 seconds
[2026-09-17T01:22:59.202+0000] {processor.py:157} INFO - Started process (PID=37392) to work on /home/vscode/.local/lib/python3.10/site-packages/airflow/example_dags/example_branch_python_dop_operator_3.py
[2026-09-17T01:22:59.202+0000] {processor.py:826} INFO - Processing file /home/vscode/.local/lib/python3.10/site-packages/airflow/example_dags/example_branch_python_dop_operator_3.py for tasks to queue
[2026-09-17T01:22:59.203+0000] {logging_mixin.py:150} INFO - [2026-09-17T01:22:59.203+0000] {dagbag.py:541} INFO - Filling up the DagBag from /home/vscode/.local/lib/python3.10/site-packages/airflow/example_dags/example_branch_python_dop_operator_3.py
[2026-09-17T01:22:59.210+0000] {processor.py:836} INFO - DAG(s) dict_keys(['example_branch_dop_operator_v3']) retrieved from /home/vscode/.local/lib/python3.10/site-packages/airflow/example_dags/example_branch_python_dop_operator_3.py
[2026-09-17T01:22:59.224+0000] {logging_mixin.py:150} INFO - [2026-09-17T01:22:59.224+0000] {dag.py:2742} INFO - Sync 1 DAGs
[2026-09-17T01:22:59.252+0000] {logging_mixin.py:150} INFO - [2026-09-17T01:22:59.252+0000] {dag.py:3504} INFO - Setting next_dagrun for example_branch_dop_operator_v3 to 2026-09-17T01:21:00+00:00, run_after=2026-09-17T01:22:00+00:00
[2026-09-17T01:22:59.273+0000] {processor.py:179} INFO - Processing /home/vscode/.local/lib/python3.10/site-packages/airflow/example_dags/example_branch_python_dop_operator_3.py took 0.074 seconds
[2026-09-17T01:23:08.500+0000] {processor.py:157} INFO - Started process (PID=37462) to work on /home/vscode/.local/lib/python3.10/site-packages/airflow/example_dags/example_branch_python_dop_operator_3.py
[2026-09-17T01:23:08.500+0000] {processor.py:826} INFO - Processing file /home/vscode/.local/lib/python3.10/site-packages/airflow/example_dags/example_branch_python_dop_operator_3.py for tasks to queue
[2026-09-17T01:23:08.501+0000] {logging_mixin.py:150} INFO - [2026-09-17T01:23:08.501+0000] {dagbag.py:541} INFO - Filling up the DagBag from /home/vscode/.local/lib/python3.10/site-packages/airflow/example_dags/example_branch_python_dop_operator_3.py
[2026-09-17T01:23:08.508+0000] {processor.py:836} INFO - DAG(s) dict_keys(['example_branch_dop_operator_v3']) retrieved from /home/vscode/.local/lib/python3.10/site-packages/airflow/example_dags/example_branch_python_dop_operator_3.py
[2026-09-17T01:23:08.521+0000] {logging_mixin.py:150} INFO - [2026-09-17T01:23:08.521+0000] {dag.py:2742} INFO - Sync 1 DAGs
[2026-09-17T01:23:08.540+0000] {logging_mixin.py:150} INFO - [2026-09-17T01:23:08.540+0000] {dag.py:3504} INFO - Setting next_dagrun for example_branch_dop_operator_v3 to 2026-09-17T01:22:00+00:00, run_after=2026-09-17T01:23:00+00:00
[2026-09-17T01:23:08.560+0000] {processor.py:179} INFO - Processing /home/vscode/.local/lib/python3.10/site-packages/airflow/example_dags/example_branch_python_dop_operator_3.py took 0.063 seconds
[2026-09-17T01:23:48.616+0000] {processor.py:157} INFO - Started process (PID=37845) to work on /home/vscode/.local/lib/python3.10/site-packages/airflow/example_dags/example_branch_python_dop_operator_3.py
[2026-09-17T01:23:48.617+0000] {processor.py:826} INFO - Processing file /home/vscode/.local/lib/python3.10/site-packages/airflow/example_dags/example_branch_python_dop_operator_3.py for tasks to queue
[2026-09-17T01:23:48.618+0000] {logging_mixin.py:150} INFO - [2026-09-17T01:23:48.617+0000] {dagbag.py:541} INFO - Filling up the DagBag from /home/vscode/.local/lib/python3.10/site-packages/airflow/example_dags/example_branch_python_dop_operator_3.py
[2026-09-17T01:23:48.625+0000] {processor.py:836} INFO - DAG(s) dict_keys(['example_branch_dop_operator_v3']) retrieved from /home/vscode/.local/lib/python3.10/site-packages/airflow/example_dags/example_branch_python_dop_operator_3.py
[2026-09-17T01:23:48.638+0000] {logging_mixin.py:150} INFO - [2026-09-17T01:23:48.638+0000] {dag.py:2742} INFO - Sync 1 DAGs
[2026-09-17T01:23:48.657+0000] {logging_mixin.py:150} INFO - [2026-09-17T01:23:48.657+0000] {dag.py:3504} INFO - Setting next_dagrun for example_branch_dop_operator_v3 to 2026-09-17T01:22:00+00:00, run_after=2026-09-17T01:23:00+00:00
[2026-09-17T01:23:48.673+0000] {processor.py:179} INFO - Processing /home/vscode/.local/lib/python3.10/site-packages/airflow/example_dags/example_branch_python_dop_operator_3.py took 0.059 seconds
[2026-09-17T01:23:57.937+0000] {processor.py:157} INFO - Started process (PID=37924) to work on /home/vscode/.local/lib/python3.10/site-packages/airflow/example_dags/example_branch_python_dop_operator_3.py
[2026-09-17T01:23:57.938+0000] {processor.py:826} INFO - Processing file /home/vscode/.local/lib/python3.10/site-packages/airflow/example_dags/example_branch_python_dop_operator_3.py for tasks to queue
[2026-09-17T01:23:57.938+0000] {logging_mixin.py:150} INFO - [2026-09-17T01:23:57.938+0000] {dagbag.py:541} INFO - Filling up the DagBag from /home/vscode/.local/lib/python3.10/site-packages/airflow/example_dags/example_branch_python_dop_operator_3.py
[2026-09-17T01:23:57.945+0000] {processor.py:836} INFO - DAG(s) dict_keys(['example_branch_dop_operator_v3']) retrieved from /home/vscode/.local/lib/python3.10/site-packages/airflow/example_dags/example_branch_python_dop_operator_3.py
[2026-09-17T01:23:57.958+0000] {logging_mixin.py:150} INFO - [2026-09-17T01:23:57.958+0000] {dag.py:2742} INFO - Sync 1 DAGs
[2026-09-17T01:23:57.975+0000] {logging_mixin.py:150} INFO - [2026-09-17T01:23:57.975+0000] {dag.py:3504} INFO - Setting next_dagrun for example_branch_dop_operator_v3 to 2026-09-17T01:22:00+00:00, run_after=2026-09-17T01:23:00+00:00
[2026-09-17T01:23:58.001+0000] {processor.py:179} INFO - Processing /home/vscode/.local/lib/python3.10/site-packages/airflow/example_dags/example_branch_python_dop_operator_3.py took 0.068 seconds
