[2026-09-17T00:55:47.621+0000] {processor.py:157} INFO - Started process (PID=22163) to work on /home/vscode/.local/lib/python3.10/site-packages/airflow/example_dags/example_latest_only_with_trigger.py
[2026-09-17T00:55:47.622+0000] {processor.py:826} INFO - Processing file /home/vscode/.local/lib/python3.10/site-packages/airflow/example_dags/example_latest_only_with_trigger.py for tasks to queue
[2026-09-17T00:55:47.623+0000] {logging_mixin.py:150} INFO - [2026-09-17T00:55:47.623+0000] {dagbag.py:541} INFO - Filling up the DagBag from /home/vscode/.local/lib/python3.10/site-packages/airflow/example_dags/example_latest_only_with_trigger.py
[2026-09-17T00:55:47.631+0000] {processor.py:836} INFO - DAG(s) dict_keys(['latest_only_with_trigger']) retrieved from /home/vscode/.local/lib/python3.10/site-packages/airflow/example_dags/example_latest_only_with_trigger.py
[2026-09-17T00:55:47.793+0000] {logging_mixin.py:150} INFO - [2026-09-17T00:55:47.793+0000] {manager.py:504} INFO - Created Permission View: can delete on DAG:latest_only_with_trigger
[2026-09-17T00:55:47.806+0000] {logging_mixin.py:150} INFO - [2026-09-17T00:55:47.806+0000] {manager.py:504} INFO - Created Permission View: can edit on DAG:latest_only_with_trigger
[2026-09-17T00:55:47.818+0000] {logging_mixin.py:150} INFO - [2026-09-17T00:55:47.818+0000] {manager.py:504} INFO - Created Permission View: can read on DAG:latest_only_with_trigger
[2026-09-17T00:55:47.832+0000] {logging_mixin.py:150} INFO - [2026-09-17T00:55:47.832+0000] {dag.py:2742} INFO - Sync 1 DAGs
[2026-09-17T00:55:47.845+0000] {logging_mixin.py:150} INFO - [2026-09-17T00:55:47.844+0000] {dag.py:2763} INFO - Creating ORM DAG for latest_only_with_trigger
[2026-09-17T00:55:47.865+0000] {logging_mixin.py:150} INFO - [2026-09-17T00:55:47.864+0000] {dag.py:3504} INFO - Setting next_dagrun for latest_only_with_trigger to 2026-09-16T20:55:47.864460+00:00, run_after=2026-09-17T00:55:47.864460+00:00
[2026-09-17T00:55:47.902+0000] {processor.py:179} INFO - Processing /home/vscode/.local/lib/python3.10/site-packages/airflow/example_dags/example_latest_only_with_trigger.py took 0.285 seconds
[2026-09-17T00:56:14.033+0000] {processor.py:157} INFO - Started process (PID=22404) to work on /home/vscode/.local/lib/python3.10/site-packages/airflow/example_dags/example_latest_only_with_trigger.py
[2026-09-17T00:56:14.034+0000] {processor.py:826} INFO - Processing file /home/vscode/.local/lib/python3.10/site-packages/airflow/example_dags/example_latest_only_with_trigger.py for tasks to queue
[2026-09-17T00:56:14.035+0000] {logging_mixin.py:150} INFO - [2026-09-17T00:56:14.034+0000] {dagbag.py:541} INFO - Filling up the DagBag from /home/vscode/.local/lib/python3.10/site-packages/airflow/example_dags/example_latest_only_with_trigger.py
[2026-09-17T00:56:14.041+0000] {processor.py:836} INFO - DAG(s) dict_keys(['latest_only_with_trigger']) retrieved from /home/vscode/.local/lib/python3.10/site-packages/airflow/example_dags/example_latest_only_with_trigger.py
[2026-09-17T00:56:14.051+0000] {logging_mixin.py:150} INFO - [2026-09-17T00:56:14.050+0000] {dag.py:2742} INFO - Sync 1 DAGs
[2026-09-17T00:56:14.072+0000] {logging_mixin.py:150} INFO - [2026-09-17T00:56:14.072+0000] {dag.py:3504} INFO - Setting next_dagrun for latest_only_with_trigger to 2026-09-16T20:56:14.071818+00:00, run_after=2026-09-17T00:56:14.071818+00:00
[2026-09-17T00:56:14.094+0000] {processor.py:179} INFO - Processing /home/vscode/.local/lib/python3.10/site-packages/airflow/example_dags/example_latest_only_with_trigger.py took 0.064 seconds
[2026-09-17T00:56:39.707+0000] {processor.py:157} INFO - Started process (PID=22693) to work on /home/vscode/.local/lib/python3.10/site-packages/airflow/example_dags/example_latest_only_with_trigger.py
[2026-09-17T00:56:39.707+0000] {processor.py:826} INFO - Processing file /home/vscode/.local/lib/python3.10/site-packages/airflow/example_dags/example_latest_only_with_trigger.py for tasks to queue
[2026-09-17T00:56:39.708+0000] {logging_mixin.py:150} INFO - [2026-09-17T00:56:39.708+0000] {dagbag.py:541} INFO - Filling up the DagBag from /home/vscode/.local/lib/python3.10/site-packages/airflow/example_dags/example_latest_only_with_trigger.py
[2026-09-17T00:56:39.715+0000] {processor.py:836} INFO - DAG(s) dict_keys(['latest_only_with_trigger']) retrieved from /home/vscode/.local/lib/python3.10/site-packages/airflow/example_dags/example_latest_only_with_trigger.py
[2026-09-17T00:56:39.734+0000] {logging_mixin.py:150} INFO - [2026-09-17T00:56:39.734+0000] {dag.py:2742} INFO - Sync 1 DAGs
[2026-09-17T00:56:39.755+0000] {logging_mixin.py:150} INFO - [2026-09-17T00:56:39.755+0000] {dag.py:3504} INFO - Setting next_dagrun for latest_only_with_trigger to 2026-09-16T20:56:39.755273+00:00, run_after=2026-09-17T00:56:39.755273+00:00
[2026-09-17T00:56:39.777+0000] {processor.py:179} INFO - Processing /home/vscode/.local/lib/python3.10/site-packages/airflow/example_dags/example_latest_only_with_trigger.py took 0.074 seconds
[2026-09-17T00:57:03.997+0000] {processor.py:157} INFO - Started process (PID=22877) to work on /home/vscode/.local/lib/python3.10/site-packages/airflow/example_dags/example_latest_only_with_trigger.py
[2026-09-17T00:57:04.000+0000] {processor.py:826} INFO - Processing file /home/vscode/.local/lib/python3.10/site-packages/airflow/example_dags/example_latest_only_with_trigger.py for tasks to queue
[2026-09-17T00:57:04.003+0000] {logging_mixin.py:150} INFO - [2026-09-17T00:57:04.003+0000] {dagbag.py:541} INFO - Filling up the DagBag from /home/vscode/.local/lib/python3.10/site-packages/airflow/example_dags/example_latest_only_with_trigger.py
[2026-09-17T00:57:04.017+0000] {processor.py:836} INFO - DAG(s) dict_keys(['latest_only_with_trigger']) retrieved from /home/vscode/.local/lib/python3.10/site-packages/airflow/example_dags/example_latest_only_with_trigger.py
[2026-09-17T00:57:04.043+0000] {logging_mixin.py:150} INFO - [2026-09-17T00:57:04.043+0000] {dag.py:2742} INFO - Sync 1 DAGs
[2026-09-17T00:57:04.068+0000] {logging_mixin.py:150} INFO - [2026-09-17T00:57:04.068+0000] {dag.py:3504} INFO - Setting next_dagrun for latest_only_with_trigger to 2026-09-16T20:57:04.068252+00:00, run_after=2026-09-17T00:57:04.068252+00:00
[2026-09-17T00:57:04.094+0000] {processor.py:179} INFO - Processing /home/vscode/.local/lib/python3.10/site-packages/airflow/example_dags/example_latest_only_with_trigger.py took 0.103 seconds
[2026-09-17T00:57:28.574+0000] {processor.py:157} INFO - Started process (PID=23057) to work on /home/vscode/.local/lib/python3.10/site-packages/airflow/example_dags/example_latest_only_with_trigger.py
[2026-09-17T00:57:28.575+0000] {processor.py:826} INFO - Processing file /home/vscode/.local/lib/python3.10/site-packages/airflow/example_dags/example_latest_only_with_trigger.py for tasks to queue
[2026-09-17T00:57:28.575+0000] {logging_mixin.py:150} INFO - [2026-09-17T00:57:28.575+0000] {dagbag.py:541} INFO - Filling up the DagBag from /home/vscode/.local/lib/python3.10/site-packages/airflow/example_dags/example_latest_only_with_trigger.py
[2026-09-17T00:57:28.580+0000] {processor.py:836} INFO - DAG(s) dict_keys(['latest_only_with_trigger']) retrieved from /home/vscode/.local/lib/python3.10/site-packages/airflow/example_dags/example_latest_only_with_trigger.py
[2026-09-17T00:57:28.593+0000] {logging_mixin.py:150} INFO - [2026-09-17T00:57:28.593+0000] {dag.py:2742} INFO - Sync 1 DAGs
[2026-09-17T00:57:28.608+0000] {logging_mixin.py:150} INFO - [2026-09-17T00:57:28.608+0000] {dag.py:3504} INFO - Setting next_dagrun for latest_only_with_trigger to 2026-09-16T20:57:28.607928+00:00, run_after=2026-09-17T00:57:28.607928+00:00
[2026-09-17T00:57:28.625+0000] {processor.py:179} INFO - Processing /home/vscode/.local/lib/python3.10/site-packages/airflow/example_dags/example_latest_only_with_trigger.py took 0.054 seconds
[2026-09-17T00:58:00.973+0000] {processor.py:157} INFO - Started process (PID=23312) to work on /home/vscode/.local/lib/python3.10/site-packages/airflow/example_dags/example_latest_only_with_trigger.py
[2026-09-17T00:58:00.973+0000] {processor.py:826} INFO - Processing file /home/vscode/.local/lib/python3.10/site-packages/airflow/example_dags/example_latest_only_with_trigger.py for tasks to queue
[2026-09-17T00:58:00.974+0000] {logging_mixin.py:150} INFO - [2026-09-17T00:58:00.974+0000] {dagbag.py:541} INFO - Filling up the DagBag from /home/vscode/.local/lib/python3.10/site-packages/airflow/example_dags/example_latest_only_with_trigger.py
[2026-09-17T00:58:00.979+0000] {processor.py:836} INFO - DAG(s) dict_keys(['latest_only_with_trigger']) retrieved from /home/vscode/.local/lib/python3.10/site-packages/airflow/example_dags/example_latest_only_with_trigger.py
[2026-09-17T00:58:00.996+0000] {logging_mixin.py:150} INFO - [2026-09-17T00:58:00.995+0000] {dag.py:2742} INFO - Sync 1 DAGs
[2026-09-17T00:58:01.019+0000] {logging_mixin.py:150} INFO - [2026-09-17T00:58:01.018+0000] {dag.py:3504} INFO - Setting next_dagrun for latest_only_with_trigger to 2026-09-16T20:58:01.018178+00:00, run_after=2026-09-17T00:58:01.018178+00:00
[2026-09-17T00:58:01.047+0000] {processor.py:179} INFO - Processing /home/vscode/.local/lib/python3.10/site-packages/airflow/example_dags/example_latest_only_with_trigger.py took 0.078 seconds
[2026-09-17T00:58:18.828+0000] {processor.py:157} INFO - Started process (PID=23480) to work on /home/vscode/.local/lib/python3.10/site-packages/airflow/example_dags/example_latest_only_with_trigger.py
[2026-09-17T00:58:18.828+0000] {processor.py:826} INFO - Processing file /home/vscode/.local/lib/python3.10/site-packages/airflow/example_dags/example_latest_only_with_trigger.py for tasks to queue
[2026-09-17T00:58:18.829+0000] {logging_mixin.py:150} INFO - [2026-09-17T00:58:18.829+0000] {dagbag.py:541} INFO - Filling up the DagBag from /home/vscode/.local/lib/python3.10/site-packages/airflow/example_dags/example_latest_only_with_trigger.py
[2026-09-17T00:58:18.834+0000] {processor.py:836} INFO - DAG(s) dict_keys(['latest_only_with_trigger']) retrieved from /home/vscode/.local/lib/python3.10/site-packages/airflow/example_dags/example_latest_only_with_trigger.py
[2026-09-17T00:58:18.849+0000] {logging_mixin.py:150} INFO - [2026-09-17T00:58:18.849+0000] {dag.py:2742} INFO - Sync 1 DAGs
[2026-09-17T00:58:18.868+0000] {logging_mixin.py:150} INFO - [2026-09-17T00:58:18.868+0000] {dag.py:3504} INFO - Setting next_dagrun for latest_only_with_trigger to 2026-09-16T20:58:18.868105+00:00, run_after=2026-09-17T00:58:18.868105+00:00
[2026-09-17T00:58:18.890+0000] {processor.py:179} INFO - Processing /home/vscode/.local/lib/python3.10/site-packages/airflow/example_dags/example_latest_only_with_trigger.py took 0.065 seconds
[2026-09-17T00:58:51.901+0000] {processor.py:157} INFO - Started process (PID=23887) to work on /home/vscode/.local/lib/python3.10/site-packages/airflow/example_dags/example_latest_only_with_trigger.py
[2026-09-17T00:58:51.902+0000] {processor.py:826} INFO - Processing file /home/vscode/.local/lib/python3.10/site-packages/airflow/example_dags/example_latest_only_with_trigger.py for tasks to queue
[2026-09-17T00:58:51.903+0000] {logging_mixin.py:150} INFO - [2026-09-17T00:58:51.902+0000] {dagbag.py:541} INFO - Filling up the DagBag from /home/vscode/.local/lib/python3.10/site-packages/airflow/example_dags/example_latest_only_with_trigger.py
[2026-09-17T00:58:51.911+0000] {processor.py:836} INFO - DAG(s) dict_keys(['latest_only_with_trigger']) retrieved from /home/vscode/.local/lib/python3.10/site-packages/airflow/example_dags/example_latest_only_with_trigger.py
[2026-09-17T00:58:51.930+0000] {logging_mixin.py:150} INFO - [2026-09-17T00:58:51.930+0000] {dag.py:2742} INFO - Sync 1 DAGs
[2026-09-17T00:58:51.952+0000] {logging_mixin.py:150} INFO - [2026-09-17T00:58:51.951+0000] {dag.py:3504} INFO - Setting next_dagrun for latest_only_with_trigger to 2026-09-16T20:58:51.951581+00:00, run_after=2026-09-17T00:58:51.951581+00:00
[2026-09-17T00:58:51.979+0000] {processor.py:179} INFO - Processing /home/vscode/.local/lib/python3.10/site-packages/airflow/example_dags/example_latest_only_with_trigger.py took 0.081 seconds
[2026-09-17T00:59:07.412+0000] {processor.py:157} INFO - Started process (PID=24084) to work on /home/vscode/.local/lib/python3.10/site-packages/airflow/example_dags/example_latest_only_with_trigger.py
[2026-09-17T00:59:07.413+0000] {processor.py:826} INFO - Processing file /home/vscode/.local/lib/python3.10/site-packages/airflow/example_dags/example_latest_only_with_trigger.py for tasks to queue
[2026-09-17T00:59:07.414+0000] {logging_mixin.py:150} INFO - [2026-09-17T00:59:07.414+0000] {dagbag.py:541} INFO - Filling up the DagBag from /home/vscode/.local/lib/python3.10/site-packages/airflow/example_dags/example_latest_only_with_trigger.py
[2026-09-17T00:59:07.419+0000] {processor.py:836} INFO - DAG(s) dict_keys(['latest_only_with_trigger']) retrieved from /home/vscode/.local/lib/python3.10/site-packages/airflow/example_dags/example_latest_only_with_trigger.py
[2026-09-17T00:59:07.432+0000] {logging_mixin.py:150} INFO - [2026-09-17T00:59:07.432+0000] {dag.py:2742} INFO - Sync 1 DAGs
[2026-09-17T00:59:07.447+0000] {logging_mixin.py:150} INFO - [2026-09-17T00:59:07.447+0000] {dag.py:3504} INFO - Setting next_dagrun for latest_only_with_trigger to 2026-09-16T20:59:07.447704+00:00, run_after=2026-09-17T00:59:07.447704+00:00
[2026-09-17T00:59:07.468+0000] {processor.py:179} INFO - Processing /home/vscode/.local/lib/python3.10/site-packages/airflow/example_dags/example_latest_only_with_trigger.py took 0.058 seconds
[2026-09-17T00:59:46.920+0000] {processor.py:157} INFO - Started process (PID=24563) to work on /home/vscode/.local/lib/python3.10/site-packages/airflow/example_dags/example_latest_only_with_trigger.py
[2026-09-17T00:59:46.920+0000] {processor.py:826} INFO - Processing file /home/vscode/.local/lib/python3.10/site-packages/airflow/example_dags/example_latest_only_with_trigger.py for tasks to queue
[2026-09-17T00:59:46.921+0000] {logging_mixin.py:150} INFO - [2026-09-17T00:59:46.921+0000] {dagbag.py:541} INFO - Filling up the DagBag from /home/vscode/.local/lib/python3.10/site-packages/airflow/example_dags/example_latest_only_with_trigger.py
[2026-09-17T00:59:46.926+0000] {processor.py:836} INFO - DAG(s) dict_keys(['latest_only_with_trigger']) retrieved from /home/vscode/.local/lib/python3.10/site-packages/airflow/example_dags/example_latest_only_with_trigger.py
[2026-09-17T00:59:46.939+0000] {logging_mixin.py:150} INFO - [2026-09-17T00:59:46.939+0000] {dag.py:2742} INFO - Sync 1 DAGs
[2026-09-17T00:59:46.957+0000] {logging_mixin.py:150} INFO - [2026-09-17T00:59:46.957+0000] {dag.py:3504} INFO - Setting next_dagrun for latest_only_with_trigger to 2026-09-16T20:59:46.957314+00:00, run_after=2026-09-17T00:59:46.957314+00:00
[2026-09-17T00:59:46.980+0000] {processor.py:179} INFO - Processing /home/vscode/.local/lib/python3.10/site-packages/airflow/example_dags/example_latest_only_with_trigger.py took 0.062 seconds
[2026-09-17T00:59:59.122+0000] {processor.py:157} INFO - Started process (PID=24784) to work on /home/vscode/.local/lib/python3.10/site-packages/airflow/example_dags/example_latest_only_with_trigger.py
[2026-09-17T00:59:59.123+0000] {processor.py:826} INFO - Processing file /home/vscode/.local/lib/python3.10/site-packages/airflow/example_dags/example_latest_only_with_trigger.py for tasks to queue
[2026-09-17T00:59:59.123+0000] {logging_mixin.py:150} INFO - [2026-09-17T00:59:59.123+0000] {dagbag.py:541} INFO - Filling up the DagBag from /home/vscode/.local/lib/python3.10/site-packages/airflow/example_dags/example_latest_only_with_trigger.py
[2026-09-17T00:59:59.129+0000] {processor.py:836} INFO - DAG(s) dict_keys(['latest_only_with_trigger']) retrieved from /home/vscode/.local/lib/python3.10/site-packages/airflow/example_dags/example_latest_only_with_trigger.py
[2026-09-17T00:59:59.146+0000] {logging_mixin.py:150} INFO - [2026-09-17T00:59:59.145+0000] {dag.py:2742} INFO - Sync 1 DAGs
[2026-09-17T00:59:59.160+0000] {logging_mixin.py:150} INFO - [2026-09-17T00:59:59.160+0000] {dag.py:3504} INFO - Setting next_dagrun for latest_only_with_trigger to 2026-09-16T20:59:59.160112+00:00, run_after=2026-09-17T00:59:59.160112+00:00
[2026-09-17T00:59:59.179+0000] {processor.py:179} INFO - Processing /home/vscode/.local/lib/python3.10/site-packages/airflow/example_dags/example_latest_only_with_trigger.py took 0.060 seconds
[2026-09-17T01:00:38.628+0000] {processor.py:157} INFO - Started process (PID=25297) to work on /home/vscode/.local/lib/python3.10/site-packages/airflow/example_dags/example_latest_only_with_trigger.py
[2026-09-17T01:00:38.629+0000] {processor.py:826} INFO - Processing file /home/vscode/.local/lib/python3.10/site-packages/airflow/example_dags/example_latest_only_with_trigger.py for tasks to queue
[2026-09-17T01:00:38.630+0000] {logging_mixin.py:150} INFO - [2026-09-17T01:00:38.629+0000] {dagbag.py:541} INFO - Filling up the DagBag from /home/vscode/.local/lib/python3.10/site-packages/airflow/example_dags/example_latest_only_with_trigger.py
[2026-09-17T01:00:38.635+0000] {processor.py:836} INFO - DAG(s) dict_keys(['latest_only_with_trigger']) retrieved from /home/vscode/.local/lib/python3.10/site-packages/airflow/example_dags/example_latest_only_with_trigger.py
[2026-09-17T01:00:38.647+0000] {logging_mixin.py:150} INFO - [2026-09-17T01:00:38.647+0000] {dag.py:2742} INFO - Sync 1 DAGs
[2026-09-17T01:00:38.662+0000] {logging_mixin.py:150} INFO - [2026-09-17T01:00:38.662+0000] {dag.py:3504} INFO - Setting next_dagrun for latest_only_with_trigger to 2026-09-16T21:00:38.662329+00:00, run_after=2026-09-17T01:00:38.662329+00:00
[2026-09-17T01:00:38.681+0000] {processor.py:179} INFO - Processing /home/vscode/.local/lib/python3.10/site-packages/airflow/example_dags/example_latest_only_with_trigger.py took 0.055 seconds
[2026-09-17T01:00:52.762+0000] {processor.py:157} INFO - Started process (PID=25444) to work on /home/vscode/.local/lib/python3.10/site-packages/airflow/example_dags/example_latest_only_with_trigger.py
[2026-09-17T01:00:52.762+0000] {processor.py:826} INFO - Processing file /home/vscode/.local/lib/python3.10/site-packages/airflow/example_dags/example_latest_only_with_trigger.py for tasks to queue
[2026-09-17T01:00:52.763+0000] {logging_mixin.py:150} INFO - [2026-09-17T01:00:52.763+0000] {dagbag.py:541} INFO - Filling up the DagBag from /home/vscode/.local/lib/python3.10/site-packages/airflow/example_dags/example_latest_only_with_trigger.py
[2026-09-17T01:00:52.768+0000] {processor.py:836} INFO - DAG(s) dict_keys(['latest_only_with_trigger']) retrieved from /home/vscode/.local/lib/python3.10/site-packages/airflow/example_dags/example_latest_only_with_trigger.py
[2026-09-17T01:00:52.781+0000] {logging_mixin.py:150} INFO - [2026-09-17T01:00:52.780+0000] {dag.py:2742} INFO - Sync 1 DAGs
[2026-09-17T01:00:52.799+0000] {logging_mixin.py:150} INFO - [2026-09-17T01:00:52.798+0000] {dag.py:3504} INFO - Setting next_dagrun for latest_only_with_trigger to 2026-09-16T21:00:52.798773+00:00, run_after=2026-09-17T01:00:52.798773+00:00
[2026-09-17T01:00:52.816+0000] {processor.py:179} INFO - Processing /home/vscode/.local/lib/python3.10/site-packages/airflow/example_dags/example_latest_only_with_trigger.py took 0.057 seconds
[2026-09-17T01:01:27.658+0000] {processor.py:157} INFO - Started process (PID=25736) to work on /home/vscode/.local/lib/python3.10/site-packages/airflow/example_dags/example_latest_only_with_trigger.py
[2026-09-17T01:01:27.659+0000] {processor.py:826} INFO - Processing file /home/vscode/.local/lib/python3.10/site-packages/airflow/example_dags/example_latest_only_with_trigger.py for tasks to queue
[2026-09-17T01:01:27.660+0000] {logging_mixin.py:150} INFO - [2026-09-17T01:01:27.660+0000] {dagbag.py:541} INFO - Filling up the DagBag from /home/vscode/.local/lib/python3.10/site-packages/airflow/example_dags/example_latest_only_with_trigger.py
[2026-09-17T01:01:27.666+0000] {processor.py:836} INFO - DAG(s) dict_keys(['latest_only_with_trigger']) retrieved from /home/vscode/.local/lib/python3.10/site-packages/airflow/example_dags/example_latest_only_with_trigger.py
[2026-09-17T01:01:27.684+0000] {logging_mixin.py:150} INFO - [2026-09-17T01:01:27.684+0000] {dag.py:2742} INFO - Sync 1 DAGs
[2026-09-17T01:01:27.707+0000] {logging_mixin.py:150} INFO - [2026-09-17T01:01:27.706+0000] {dag.py:3504} INFO - Setting next_dagrun for latest_only_with_trigger to 2026-09-16T21:01:27.706684+00:00, run_after=2026-09-17T01:01:27.706684+00:00
[2026-09-17T01:01:27.778+0000] {processor.py:179} INFO - Processing /home/vscode/.local/lib/python3.10/site-packages/airflow/example_dags/example_latest_only_with_trigger.py took 0.122 seconds
[2026-09-17T01:01:44.330+0000] {processor.py:157} INFO - Started process (PID=25865) to work on /home/vscode/.local/lib/python3.10/site-packages/airflow/example_dags/example_latest_only_with_trigger.py
[2026-09-17T01:01:44.330+0000] {processor.py:826} INFO - Processing file /home/vscode/.local/lib/python3.10/site-packages/airflow/example_dags/example_latest_only_with_trigger.py for tasks to queue
[2026-09-17T01:01:44.331+0000] {logging_mixin.py:150} INFO - [2026-09-17T01:01:44.331+0000] {dagbag.py:541} INFO - Filling up the DagBag from /home/vscode/.local/lib/python3.10/site-packages/airflow/example_dags/example_latest_only_with_trigger.py
[2026-09-17T01:01:44.336+0000] {processor.py:836} INFO - DAG(s) dict_keys(['latest_only_with_trigger']) retrieved from /home/vscode/.local/lib/python3.10/site-packages/airflow/example_dags/example_latest_only_with_trigger.py
[2026-09-17T01:01:44.353+0000] {logging_mixin.py:150} INFO - [2026-09-17T01:01:44.353+0000] {dag.py:2742} INFO - Sync 1 DAGs
[2026-09-17T01:01:44.371+0000] {logging_mixin.py:150} INFO - [2026-09-17T01:01:44.371+0000] {dag.py:3504} INFO - Setting next_dagrun for latest_only_with_trigger to 2026-09-16T21:01:44.371219+00:00, run_after=2026-09-17T01:01:44.371219+00:00
[2026-09-17T01:01:44.390+0000] {processor.py:179} INFO - Processing /home/vscode/.local/lib/python3.10/site-packages/airflow/example_dags/example_latest_only_with_trigger.py took 0.063 seconds
[2026-09-17T01:02:13.779+0000] {processor.py:157} INFO - Started process (PID=26124) to work on /home/vscode/.local/lib/python3.10/site-packages/airflow/example_dags/example_latest_only_with_trigger.py
[2026-09-17T01:02:13.780+0000] {processor.py:826} INFO - Processing file /home/vscode/.local/lib/python3.10/site-packages/airflow/example_dags/example_latest_only_with_trigger.py for tasks to queue
[2026-09-17T01:02:13.781+0000] {logging_mixin.py:150} INFO - [2026-09-17T01:02:13.781+0000] {dagbag.py:541} INFO - Filling up the DagBag from /home/vscode/.local/lib/python3.10/site-packages/airflow/example_dags/example_latest_only_with_trigger.py
[2026-09-17T01:02:13.788+0000] {processor.py:836} INFO - DAG(s) dict_keys(['latest_only_with_trigger']) retrieved from /home/vscode/.local/lib/python3.10/site-packages/airflow/example_dags/example_latest_only_with_trigger.py
[2026-09-17T01:02:13.804+0000] {logging_mixin.py:150} INFO - [2026-09-17T01:02:13.804+0000] {dag.py:2742} INFO - Sync 1 DAGs
[2026-09-17T01:02:13.819+0000] {logging_mixin.py:150} INFO - [2026-09-17T01:02:13.819+0000] {dag.py:3504} INFO - Setting next_dagrun for latest_only_with_trigger to 2026-09-16T21:02:13.818791+00:00, run_after=2026-09-17T01:02:13.818791+00:00
[2026-09-17T01:02:13.840+0000] {processor.py:179} INFO - Processing /home/vscode/.local/lib/python3.10/site-packages/airflow/example_dags/example_latest_only_with_trigger.py took 0.063 seconds
[2026-09-17T01:02:37.054+0000] {processor.py:157} INFO - Started process (PID=26323) to work on /home/vscode/.local/lib/python3.10/site-packages/airflow/example_dags/example_latest_only_with_trigger.py
[2026-09-17T01:02:37.055+0000] {processor.py:826} INFO - Processing file /home/vscode/.local/lib/python3.10/site-packages/airflow/example_dags/example_latest_only_with_trigger.py for tasks to queue
[2026-09-17T01:02:37.056+0000] {logging_mixin.py:150} INFO - [2026-09-17T01:02:37.056+0000] {dagbag.py:541} INFO - Filling up the DagBag from /home/vscode/.local/lib/python3.10/site-packages/airflow/example_dags/example_latest_only_with_trigger.py
[2026-09-17T01:02:37.063+0000] {processor.py:836} INFO - DAG(s) dict_keys(['latest_only_with_trigger']) retrieved from /home/vscode/.local/lib/python3.10/site-packages/airflow/example_dags/example_latest_only_with_trigger.py
[2026-09-17T01:02:37.088+0000] {logging_mixin.py:150} INFO - [2026-09-17T01:02:37.088+0000] {dag.py:2742} INFO - Sync 1 DAGs
[2026-09-17T01:02:37.121+0000] {logging_mixin.py:150} INFO - [2026-09-17T01:02:37.120+0000] {dag.py:3504} INFO - Setting next_dagrun for latest_only_with_trigger to 2026-09-16T21:02:37.120547+00:00, run_after=2026-09-17T01:02:37.120547+00:00
[2026-09-17T01:02:37.153+0000] {processor.py:179} INFO - Processing /home/vscode/.local/lib/python3.10/site-packages/airflow/example_dags/example_latest_only_with_trigger.py took 0.102 seconds
[2026-09-17T01:02:58.437+0000] {processor.py:157} INFO - Started process (PID=26504) to work on /home/vscode/.local/lib/python3.10/site-packages/airflow/example_dags/example_latest_only_with_trigger.py
[2026-09-17T01:02:58.438+0000] {processor.py:826} INFO - Processing file /home/vscode/.local/lib/python3.10/site-packages/airflow/example_dags/example_latest_only_with_trigger.py for tasks to queue
[2026-09-17T01:02:58.438+0000] {logging_mixin.py:150} INFO - [2026-09-17T01:02:58.438+0000] {dagbag.py:541} INFO - Filling up the DagBag from /home/vscode/.local/lib/python3.10/site-packages/airflow/example_dags/example_latest_only_with_trigger.py
[2026-09-17T01:02:58.444+0000] {processor.py:836} INFO - DAG(s) dict_keys(['latest_only_with_trigger']) retrieved from /home/vscode/.local/lib/python3.10/site-packages/airflow/example_dags/example_latest_only_with_trigger.py
[2026-09-17T01:02:58.458+0000] {logging_mixin.py:150} INFO - [2026-09-17T01:02:58.458+0000] {dag.py:2742} INFO - Sync 1 DAGs
[2026-09-17T01:02:58.476+0000] {logging_mixin.py:150} INFO - [2026-09-17T01:02:58.475+0000] {dag.py:3504} INFO - Setting next_dagrun for latest_only_with_trigger to 2026-09-16T21:02:58.475826+00:00, run_after=2026-09-17T01:02:58.475826+00:00
[2026-09-17T01:02:58.497+0000] {processor.py:179} INFO - Processing /home/vscode/.local/lib/python3.10/site-packages/airflow/example_dags/example_latest_only_with_trigger.py took 0.063 seconds
[2026-09-17T01:03:30.891+0000] {processor.py:157} INFO - Started process (PID=26776) to work on /home/vscode/.local/lib/python3.10/site-packages/airflow/example_dags/example_latest_only_with_trigger.py
[2026-09-17T01:03:30.892+0000] {processor.py:826} INFO - Processing file /home/vscode/.local/lib/python3.10/site-packages/airflow/example_dags/example_latest_only_with_trigger.py for tasks to queue
[2026-09-17T01:03:30.893+0000] {logging_mixin.py:150} INFO - [2026-09-17T01:03:30.893+0000] {dagbag.py:541} INFO - Filling up the DagBag from /home/vscode/.local/lib/python3.10/site-packages/airflow/example_dags/example_latest_only_with_trigger.py
[2026-09-17T01:03:30.900+0000] {processor.py:836} INFO - DAG(s) dict_keys(['latest_only_with_trigger']) retrieved from /home/vscode/.local/lib/python3.10/site-packages/airflow/example_dags/example_latest_only_with_trigger.py
[2026-09-17T01:03:30.914+0000] {logging_mixin.py:150} INFO - [2026-09-17T01:03:30.913+0000] {dag.py:2742} INFO - Sync 1 DAGs
[2026-09-17T01:03:30.929+0000] {logging_mixin.py:150} INFO - [2026-09-17T01:03:30.928+0000] {dag.py:3504} INFO - Setting next_dagrun for latest_only_with_trigger to 2026-09-16T21:03:30.928783+00:00, run_after=2026-09-17T01:03:30.928783+00:00
[2026-09-17T01:03:30.945+0000] {processor.py:179} INFO - Processing /home/vscode/.local/lib/python3.10/site-packages/airflow/example_dags/example_latest_only_with_trigger.py took 0.057 seconds
[2026-09-17T01:03:46.883+0000] {processor.py:157} INFO - Started process (PID=26918) to work on /home/vscode/.local/lib/python3.10/site-packages/airflow/example_dags/example_latest_only_with_trigger.py
[2026-09-17T01:03:46.884+0000] {processor.py:826} INFO - Processing file /home/vscode/.local/lib/python3.10/site-packages/airflow/example_dags/example_latest_only_with_trigger.py for tasks to queue
[2026-09-17T01:03:46.885+0000] {logging_mixin.py:150} INFO - [2026-09-17T01:03:46.884+0000] {dagbag.py:541} INFO - Filling up the DagBag from /home/vscode/.local/lib/python3.10/site-packages/airflow/example_dags/example_latest_only_with_trigger.py
[2026-09-17T01:03:46.891+0000] {processor.py:836} INFO - DAG(s) dict_keys(['latest_only_with_trigger']) retrieved from /home/vscode/.local/lib/python3.10/site-packages/airflow/example_dags/example_latest_only_with_trigger.py
[2026-09-17T01:03:46.907+0000] {logging_mixin.py:150} INFO - [2026-09-17T01:03:46.907+0000] {dag.py:2742} INFO - Sync 1 DAGs
[2026-09-17T01:03:46.922+0000] {logging_mixin.py:150} INFO - [2026-09-17T01:03:46.922+0000] {dag.py:3504} INFO - Setting next_dagrun for latest_only_with_trigger to 2026-09-16T21:03:46.922573+00:00, run_after=2026-09-17T01:03:46.922573+00:00
[2026-09-17T01:03:46.939+0000] {processor.py:179} INFO - Processing /home/vscode/.local/lib/python3.10/site-packages/airflow/example_dags/example_latest_only_with_trigger.py took 0.059 seconds
[2026-09-17T01:04:19.710+0000] {processor.py:157} INFO - Started process (PID=27195) to work on /home/vscode/.local/lib/python3.10/site-packages/airflow/example_dags/example_latest_only_with_trigger.py
[2026-09-17T01:04:19.711+0000] {processor.py:826} INFO - Processing file /home/vscode/.local/lib/python3.10/site-packages/airflow/example_dags/example_latest_only_with_trigger.py for tasks to queue
[2026-09-17T01:04:19.712+0000] {logging_mixin.py:150} INFO - [2026-09-17T01:04:19.711+0000] {dagbag.py:541} INFO - Filling up the DagBag from /home/vscode/.local/lib/python3.10/site-packages/airflow/example_dags/example_latest_only_with_trigger.py
[2026-09-17T01:04:19.717+0000] {processor.py:836} INFO - DAG(s) dict_keys(['latest_only_with_trigger']) retrieved from /home/vscode/.local/lib/python3.10/site-packages/airflow/example_dags/example_latest_only_with_trigger.py
[2026-09-17T01:04:19.730+0000] {logging_mixin.py:150} INFO - [2026-09-17T01:04:19.730+0000] {dag.py:2742} INFO - Sync 1 DAGs
[2026-09-17T01:04:19.744+0000] {logging_mixin.py:150} INFO - [2026-09-17T01:04:19.744+0000] {dag.py:3504} INFO - Setting next_dagrun for latest_only_with_trigger to 2026-09-16T21:04:19.744419+00:00, run_after=2026-09-17T01:04:19.744419+00:00
[2026-09-17T01:04:19.761+0000] {processor.py:179} INFO - Processing /home/vscode/.local/lib/python3.10/site-packages/airflow/example_dags/example_latest_only_with_trigger.py took 0.053 seconds
[2026-09-17T01:04:40.952+0000] {processor.py:157} INFO - Started process (PID=27368) to work on /home/vscode/.local/lib/python3.10/site-packages/airflow/example_dags/example_latest_only_with_trigger.py
[2026-09-17T01:04:40.952+0000] {processor.py:826} INFO - Processing file /home/vscode/.local/lib/python3.10/site-packages/airflow/example_dags/example_latest_only_with_trigger.py for tasks to queue
[2026-09-17T01:04:40.953+0000] {logging_mixin.py:150} INFO - [2026-09-17T01:04:40.953+0000] {dagbag.py:541} INFO - Filling up the DagBag from /home/vscode/.local/lib/python3.10/site-packages/airflow/example_dags/example_latest_only_with_trigger.py
[2026-09-17T01:04:40.958+0000] {processor.py:836} INFO - DAG(s) dict_keys(['latest_only_with_trigger']) retrieved from /home/vscode/.local/lib/python3.10/site-packages/airflow/example_dags/example_latest_only_with_trigger.py
[2026-09-17T01:04:40.971+0000] {logging_mixin.py:150} INFO - [2026-09-17T01:04:40.971+0000] {dag.py:2742} INFO - Sync 1 DAGs
[2026-09-17T01:04:40.990+0000] {logging_mixin.py:150} INFO - [2026-09-17T01:04:40.990+0000] {dag.py:3504} INFO - Setting next_dagrun for latest_only_with_trigger to 2026-09-16T21:04:40.989804+00:00, run_after=2026-09-17T01:04:40.989804+00:00
[2026-09-17T01:04:41.035+0000] {processor.py:179} INFO - Processing /home/vscode/.local/lib/python3.10/site-packages/airflow/example_dags/example_latest_only_with_trigger.py took 0.086 seconds
[2026-09-17T01:05:08.886+0000] {processor.py:157} INFO - Started process (PID=27604) to work on /home/vscode/.local/lib/python3.10/site-packages/airflow/example_dags/example_latest_only_with_trigger.py
[2026-09-17T01:05:08.887+0000] {processor.py:826} INFO - Processing file /home/vscode/.local/lib/python3.10/site-packages/airflow/example_dags/example_latest_only_with_trigger.py for tasks to queue
[2026-09-17T01:05:08.888+0000] {logging_mixin.py:150} INFO - [2026-09-17T01:05:08.887+0000] {dagbag.py:541} INFO - Filling up the DagBag from /home/vscode/.local/lib/python3.10/site-packages/airflow/example_dags/example_latest_only_with_trigger.py
[2026-09-17T01:05:08.902+0000] {processor.py:836} INFO - DAG(s) dict_keys(['latest_only_with_trigger']) retrieved from /home/vscode/.local/lib/python3.10/site-packages/airflow/example_dags/example_latest_only_with_trigger.py
[2026-09-17T01:05:08.921+0000] {logging_mixin.py:150} INFO - [2026-09-17T01:05:08.921+0000] {dag.py:2742} INFO - Sync 1 DAGs
[2026-09-17T01:05:08.945+0000] {logging_mixin.py:150} INFO - [2026-09-17T01:05:08.945+0000] {dag.py:3504} INFO - Setting next_dagrun for latest_only_with_trigger to 2026-09-16T21:05:08.945202+00:00, run_after=2026-09-17T01:05:08.945202+00:00
[2026-09-17T01:05:08.970+0000] {processor.py:179} INFO - Processing /home/vscode/.local/lib/python3.10/site-packages/airflow/example_dags/example_latest_only_with_trigger.py took 0.091 seconds
[2026-09-17T01:05:29.429+0000] {processor.py:157} INFO - Started process (PID=27775) to work on /home/vscode/.local/lib/python3.10/site-packages/airflow/example_dags/example_latest_only_with_trigger.py
[2026-09-17T01:05:29.430+0000] {processor.py:826} INFO - Processing file /home/vscode/.local/lib/python3.10/site-packages/airflow/example_dags/example_latest_only_with_trigger.py for tasks to queue
[2026-09-17T01:05:29.431+0000] {logging_mixin.py:150} INFO - [2026-09-17T01:05:29.431+0000] {dagbag.py:541} INFO - Filling up the DagBag from /home/vscode/.local/lib/python3.10/site-packages/airflow/example_dags/example_latest_only_with_trigger.py
[2026-09-17T01:05:29.436+0000] {processor.py:836} INFO - DAG(s) dict_keys(['latest_only_with_trigger']) retrieved from /home/vscode/.local/lib/python3.10/site-packages/airflow/example_dags/example_latest_only_with_trigger.py
[2026-09-17T01:05:29.449+0000] {logging_mixin.py:150} INFO - [2026-09-17T01:05:29.449+0000] {dag.py:2742} INFO - Sync 1 DAGs
[2026-09-17T01:05:29.463+0000] {logging_mixin.py:150} INFO - [2026-09-17T01:05:29.463+0000] {dag.py:3504} INFO - Setting next_dagrun for latest_only_with_trigger to 2026-09-16T21:05:29.463268+00:00, run_after=2026-09-17T01:05:29.463268+00:00
[2026-09-17T01:05:29.480+0000] {processor.py:179} INFO - Processing /home/vscode/.local/lib/python3.10/site-packages/airflow/example_dags/example_latest_only_with_trigger.py took 0.053 seconds
[2026-09-17T01:05:56.680+0000] {processor.py:157} INFO - Started process (PID=28048) to work on /home/vscode/.local/lib/python3.10/site-packages/airflow/example_dags/example_latest_only_with_trigger.py
[2026-09-17T01:05:56.681+0000] {processor.py:826} INFO - Processing file /home/vscode/.local/lib/python3.10/site-packages/airflow/example_dags/example_latest_only_with_trigger.py for tasks to queue
[2026-09-17T01:05:56.681+0000] {logging_mixin.py:150} INFO - [2026-09-17T01:05:56.681+0000] {dagbag.py:541} INFO - Filling up the DagBag from /home/vscode/.local/lib/python3.10/site-packages/airflow/example_dags/example_latest_only_with_trigger.py
[2026-09-17T01:05:56.687+0000] {processor.py:836} INFO - DAG(s) dict_keys(['latest_only_with_trigger']) retrieved from /home/vscode/.local/lib/python3.10/site-packages/airflow/example_dags/example_latest_only_with_trigger.py
[2026-09-17T01:05:56.703+0000] {logging_mixin.py:150} INFO - [2026-09-17T01:05:56.702+0000] {dag.py:2742} INFO - Sync 1 DAGs
[2026-09-17T01:05:56.717+0000] {logging_mixin.py:150} INFO - [2026-09-17T01:05:56.717+0000] {dag.py:3504} INFO - Setting next_dagrun for latest_only_with_trigger to 2026-09-16T21:05:56.717292+00:00, run_after=2026-09-17T01:05:56.717292+00:00
[2026-09-17T01:05:56.734+0000] {processor.py:179} INFO - Processing /home/vscode/.local/lib/python3.10/site-packages/airflow/example_dags/example_latest_only_with_trigger.py took 0.056 seconds
[2026-09-17T01:06:18.737+0000] {processor.py:157} INFO - Started process (PID=28225) to work on /home/vscode/.local/lib/python3.10/site-packages/airflow/example_dags/example_latest_only_with_trigger.py
[2026-09-17T01:06:18.738+0000] {processor.py:826} INFO - Processing file /home/vscode/.local/lib/python3.10/site-packages/airflow/example_dags/example_latest_only_with_trigger.py for tasks to queue
[2026-09-17T01:06:18.738+0000] {logging_mixin.py:150} INFO - [2026-09-17T01:06:18.738+0000] {dagbag.py:541} INFO - Filling up the DagBag from /home/vscode/.local/lib/python3.10/site-packages/airflow/example_dags/example_latest_only_with_trigger.py
[2026-09-17T01:06:18.746+0000] {processor.py:836} INFO - DAG(s) dict_keys(['latest_only_with_trigger']) retrieved from /home/vscode/.local/lib/python3.10/site-packages/airflow/example_dags/example_latest_only_with_trigger.py
[2026-09-17T01:06:18.764+0000] {logging_mixin.py:150} INFO - [2026-09-17T01:06:18.764+0000] {dag.py:2742} INFO - Sync 1 DAGs
[2026-09-17T01:06:18.787+0000] {logging_mixin.py:150} INFO - [2026-09-17T01:06:18.786+0000] {dag.py:3504} INFO - Setting next_dagrun for latest_only_with_trigger to 2026-09-16T21:06:18.786666+00:00, run_after=2026-09-17T01:06:18.786666+00:00
[2026-09-17T01:06:18.811+0000] {processor.py:179} INFO - Processing /home/vscode/.local/lib/python3.10/site-packages/airflow/example_dags/example_latest_only_with_trigger.py took 0.078 seconds
[2026-09-17T01:06:47.911+0000] {processor.py:157} INFO - Started process (PID=28477) to work on /home/vscode/.local/lib/python3.10/site-packages/airflow/example_dags/example_latest_only_with_trigger.py
[2026-09-17T01:06:47.912+0000] {processor.py:826} INFO - Processing file /home/vscode/.local/lib/python3.10/site-packages/airflow/example_dags/example_latest_only_with_trigger.py for tasks to queue
[2026-09-17T01:06:47.912+0000] {logging_mixin.py:150} INFO - [2026-09-17T01:06:47.912+0000] {dagbag.py:541} INFO - Filling up the DagBag from /home/vscode/.local/lib/python3.10/site-packages/airflow/example_dags/example_latest_only_with_trigger.py
[2026-09-17T01:06:47.918+0000] {processor.py:836} INFO - DAG(s) dict_keys(['latest_only_with_trigger']) retrieved from /home/vscode/.local/lib/python3.10/site-packages/airflow/example_dags/example_latest_only_with_trigger.py
[2026-09-17T01:06:47.931+0000] {logging_mixin.py:150} INFO - [2026-09-17T01:06:47.931+0000] {dag.py:2742} INFO - Sync 1 DAGs
[2026-09-17T01:06:47.951+0000] {logging_mixin.py:150} INFO - [2026-09-17T01:06:47.951+0000] {dag.py:3504} INFO - Setting next_dagrun for latest_only_with_trigger to 2026-09-16T21:06:47.951420+00:00, run_after=2026-09-17T01:06:47.951420+00:00
[2026-09-17T01:06:47.972+0000] {processor.py:179} INFO - Processing /home/vscode/.local/lib/python3.10/site-packages/airflow/example_dags/example_latest_only_with_trigger.py took 0.064 seconds
[2026-09-17T01:07:08.796+0000] {processor.py:157} INFO - Started process (PID=28652) to work on /home/vscode/.local/lib/python3.10/site-packages/airflow/example_dags/example_latest_only_with_trigger.py
[2026-09-17T01:07:08.797+0000] {processor.py:826} INFO - Processing file /home/vscode/.local/lib/python3.10/site-packages/airflow/example_dags/example_latest_only_with_trigger.py for tasks to queue
[2026-09-17T01:07:08.798+0000] {logging_mixin.py:150} INFO - [2026-09-17T01:07:08.798+0000] {dagbag.py:541} INFO - Filling up the DagBag from /home/vscode/.local/lib/python3.10/site-packages/airflow/example_dags/example_latest_only_with_trigger.py
[2026-09-17T01:07:08.803+0000] {processor.py:836} INFO - DAG(s) dict_keys(['latest_only_with_trigger']) retrieved from /home/vscode/.local/lib/python3.10/site-packages/airflow/example_dags/example_latest_only_with_trigger.py
[2026-09-17T01:07:08.819+0000] {logging_mixin.py:150} INFO - [2026-09-17T01:07:08.819+0000] {dag.py:2742} INFO - Sync 1 DAGs
[2026-09-17T01:07:08.835+0000] {logging_mixin.py:150} INFO - [2026-09-17T01:07:08.834+0000] {dag.py:3504} INFO - Setting next_dagrun for latest_only_with_trigger to 2026-09-16T21:07:08.834825+00:00, run_after=2026-09-17T01:07:08.834825+00:00
[2026-09-17T01:07:08.852+0000] {processor.py:179} INFO - Processing /home/vscode/.local/lib/python3.10/site-packages/airflow/example_dags/example_latest_only_with_trigger.py took 0.058 seconds
[2026-09-17T01:07:35.437+0000] {processor.py:157} INFO - Started process (PID=28877) to work on /home/vscode/.local/lib/python3.10/site-packages/airflow/example_dags/example_latest_only_with_trigger.py
[2026-09-17T01:07:35.437+0000] {processor.py:826} INFO - Processing file /home/vscode/.local/lib/python3.10/site-packages/airflow/example_dags/example_latest_only_with_trigger.py for tasks to queue
[2026-09-17T01:07:35.438+0000] {logging_mixin.py:150} INFO - [2026-09-17T01:07:35.438+0000] {dagbag.py:541} INFO - Filling up the DagBag from /home/vscode/.local/lib/python3.10/site-packages/airflow/example_dags/example_latest_only_with_trigger.py
[2026-09-17T01:07:35.443+0000] {processor.py:836} INFO - DAG(s) dict_keys(['latest_only_with_trigger']) retrieved from /home/vscode/.local/lib/python3.10/site-packages/airflow/example_dags/example_latest_only_with_trigger.py
[2026-09-17T01:07:35.456+0000] {logging_mixin.py:150} INFO - [2026-09-17T01:07:35.455+0000] {dag.py:2742} INFO - Sync 1 DAGs
[2026-09-17T01:07:35.469+0000] {logging_mixin.py:150} INFO - [2026-09-17T01:07:35.469+0000] {dag.py:3504} INFO - Setting next_dagrun for latest_only_with_trigger to 2026-09-16T21:07:35.469731+00:00, run_after=2026-09-17T01:07:35.469731+00:00
[2026-09-17T01:07:35.487+0000] {processor.py:179} INFO - Processing /home/vscode/.local/lib/python3.10/site-packages/airflow/example_dags/example_latest_only_with_trigger.py took 0.053 seconds
[2026-09-17T01:08:01.131+0000] {processor.py:157} INFO - Started process (PID=29091) to work on /home/vscode/.local/lib/python3.10/site-packages/airflow/example_dags/example_latest_only_with_trigger.py
[2026-09-17T01:08:01.131+0000] {processor.py:826} INFO - Processing file /home/vscode/.local/lib/python3.10/site-packages/airflow/example_dags/example_latest_only_with_trigger.py for tasks to queue
[2026-09-17T01:08:01.132+0000] {logging_mixin.py:150} INFO - [2026-09-17T01:08:01.132+0000] {dagbag.py:541} INFO - Filling up the DagBag from /home/vscode/.local/lib/python3.10/site-packages/airflow/example_dags/example_latest_only_with_trigger.py
[2026-09-17T01:08:01.137+0000] {processor.py:836} INFO - DAG(s) dict_keys(['latest_only_with_trigger']) retrieved from /home/vscode/.local/lib/python3.10/site-packages/airflow/example_dags/example_latest_only_with_trigger.py
[2026-09-17T01:08:01.152+0000] {logging_mixin.py:150} INFO - [2026-09-17T01:08:01.152+0000] {dag.py:2742} INFO - Sync 1 DAGs
[2026-09-17T01:08:01.171+0000] {logging_mixin.py:150} INFO - [2026-09-17T01:08:01.171+0000] {dag.py:3504} INFO - Setting next_dagrun for latest_only_with_trigger to 2026-09-16T21:08:01.171074+00:00, run_after=2026-09-17T01:08:01.171074+00:00
[2026-09-17T01:08:01.201+0000] {processor.py:179} INFO - Processing /home/vscode/.local/lib/python3.10/site-packages/airflow/example_dags/example_latest_only_with_trigger.py took 0.072 seconds
[2026-09-17T01:08:25.876+0000] {processor.py:157} INFO - Started process (PID=29307) to work on /home/vscode/.local/lib/python3.10/site-packages/airflow/example_dags/example_latest_only_with_trigger.py
[2026-09-17T01:08:25.877+0000] {processor.py:826} INFO - Processing file /home/vscode/.local/lib/python3.10/site-packages/airflow/example_dags/example_latest_only_with_trigger.py for tasks to queue
[2026-09-17T01:08:25.878+0000] {logging_mixin.py:150} INFO - [2026-09-17T01:08:25.877+0000] {dagbag.py:541} INFO - Filling up the DagBag from /home/vscode/.local/lib/python3.10/site-packages/airflow/example_dags/example_latest_only_with_trigger.py
[2026-09-17T01:08:25.884+0000] {processor.py:836} INFO - DAG(s) dict_keys(['latest_only_with_trigger']) retrieved from /home/vscode/.local/lib/python3.10/site-packages/airflow/example_dags/example_latest_only_with_trigger.py
[2026-09-17T01:08:25.901+0000] {logging_mixin.py:150} INFO - [2026-09-17T01:08:25.901+0000] {dag.py:2742} INFO - Sync 1 DAGs
[2026-09-17T01:08:25.918+0000] {logging_mixin.py:150} INFO - [2026-09-17T01:08:25.918+0000] {dag.py:3504} INFO - Setting next_dagrun for latest_only_with_trigger to 2026-09-16T21:08:25.917944+00:00, run_after=2026-09-17T01:08:25.917944+00:00
[2026-09-17T01:08:25.935+0000] {processor.py:179} INFO - Processing /home/vscode/.local/lib/python3.10/site-packages/airflow/example_dags/example_latest_only_with_trigger.py took 0.062 seconds
[2026-09-17T01:08:47.436+0000] {processor.py:157} INFO - Started process (PID=29497) to work on /home/vscode/.local/lib/python3.10/site-packages/airflow/example_dags/example_latest_only_with_trigger.py
[2026-09-17T01:08:47.437+0000] {processor.py:826} INFO - Processing file /home/vscode/.local/lib/python3.10/site-packages/airflow/example_dags/example_latest_only_with_trigger.py for tasks to queue
[2026-09-17T01:08:47.438+0000] {logging_mixin.py:150} INFO - [2026-09-17T01:08:47.438+0000] {dagbag.py:541} INFO - Filling up the DagBag from /home/vscode/.local/lib/python3.10/site-packages/airflow/example_dags/example_latest_only_with_trigger.py
[2026-09-17T01:08:47.443+0000] {processor.py:836} INFO - DAG(s) dict_keys(['latest_only_with_trigger']) retrieved from /home/vscode/.local/lib/python3.10/site-packages/airflow/example_dags/example_latest_only_with_trigger.py
[2026-09-17T01:08:47.456+0000] {logging_mixin.py:150} INFO - [2026-09-17T01:08:47.455+0000] {dag.py:2742} INFO - Sync 1 DAGs
[2026-09-17T01:08:47.472+0000] {logging_mixin.py:150} INFO - [2026-09-17T01:08:47.471+0000] {dag.py:3504} INFO - Setting next_dagrun for latest_only_with_trigger to 2026-09-16T21:08:47.471805+00:00, run_after=2026-09-17T01:08:47.471805+00:00
[2026-09-17T01:08:47.496+0000] {processor.py:179} INFO - Processing /home/vscode/.local/lib/python3.10/site-packages/airflow/example_dags/example_latest_only_with_trigger.py took 0.062 seconds
[2026-09-17T01:09:15.232+0000] {processor.py:157} INFO - Started process (PID=29735) to work on /home/vscode/.local/lib/python3.10/site-packages/airflow/example_dags/example_latest_only_with_trigger.py
[2026-09-17T01:09:15.233+0000] {processor.py:826} INFO - Processing file /home/vscode/.local/lib/python3.10/site-packages/airflow/example_dags/example_latest_only_with_trigger.py for tasks to queue
[2026-09-17T01:09:15.234+0000] {logging_mixin.py:150} INFO - [2026-09-17T01:09:15.233+0000] {dagbag.py:541} INFO - Filling up the DagBag from /home/vscode/.local/lib/python3.10/site-packages/airflow/example_dags/example_latest_only_with_trigger.py
[2026-09-17T01:09:15.240+0000] {processor.py:836} INFO - DAG(s) dict_keys(['latest_only_with_trigger']) retrieved from /home/vscode/.local/lib/python3.10/site-packages/airflow/example_dags/example_latest_only_with_trigger.py
[2026-09-17T01:09:15.254+0000] {logging_mixin.py:150} INFO - [2026-09-17T01:09:15.253+0000] {dag.py:2742} INFO - Sync 1 DAGs
[2026-09-17T01:09:15.267+0000] {logging_mixin.py:150} INFO - [2026-09-17T01:09:15.267+0000] {dag.py:3504} INFO - Setting next_dagrun for latest_only_with_trigger to 2026-09-16T21:09:15.267624+00:00, run_after=2026-09-17T01:09:15.267624+00:00
[2026-09-17T01:09:15.285+0000] {processor.py:179} INFO - Processing /home/vscode/.local/lib/python3.10/site-packages/airflow/example_dags/example_latest_only_with_trigger.py took 0.056 seconds
[2026-09-17T01:09:35.644+0000] {processor.py:157} INFO - Started process (PID=29907) to work on /home/vscode/.local/lib/python3.10/site-packages/airflow/example_dags/example_latest_only_with_trigger.py
[2026-09-17T01:09:35.645+0000] {processor.py:826} INFO - Processing file /home/vscode/.local/lib/python3.10/site-packages/airflow/example_dags/example_latest_only_with_trigger.py for tasks to queue
[2026-09-17T01:09:35.646+0000] {logging_mixin.py:150} INFO - [2026-09-17T01:09:35.645+0000] {dagbag.py:541} INFO - Filling up the DagBag from /home/vscode/.local/lib/python3.10/site-packages/airflow/example_dags/example_latest_only_with_trigger.py
[2026-09-17T01:09:35.651+0000] {processor.py:836} INFO - DAG(s) dict_keys(['latest_only_with_trigger']) retrieved from /home/vscode/.local/lib/python3.10/site-packages/airflow/example_dags/example_latest_only_with_trigger.py
[2026-09-17T01:09:35.667+0000] {logging_mixin.py:150} INFO - [2026-09-17T01:09:35.666+0000] {dag.py:2742} INFO - Sync 1 DAGs
[2026-09-17T01:09:35.688+0000] {logging_mixin.py:150} INFO - [2026-09-17T01:09:35.687+0000] {dag.py:3504} INFO - Setting next_dagrun for latest_only_with_trigger to 2026-09-16T21:09:35.687719+00:00, run_after=2026-09-17T01:09:35.687719+00:00
[2026-09-17T01:09:35.715+0000] {processor.py:179} INFO - Processing /home/vscode/.local/lib/python3.10/site-packages/airflow/example_dags/example_latest_only_with_trigger.py took 0.073 seconds
[2026-09-17T01:10:05.893+0000] {processor.py:157} INFO - Started process (PID=30168) to work on /home/vscode/.local/lib/python3.10/site-packages/airflow/example_dags/example_latest_only_with_trigger.py
[2026-09-17T01:10:05.894+0000] {processor.py:826} INFO - Processing file /home/vscode/.local/lib/python3.10/site-packages/airflow/example_dags/example_latest_only_with_trigger.py for tasks to queue
[2026-09-17T01:10:05.895+0000] {logging_mixin.py:150} INFO - [2026-09-17T01:10:05.894+0000] {dagbag.py:541} INFO - Filling up the DagBag from /home/vscode/.local/lib/python3.10/site-packages/airflow/example_dags/example_latest_only_with_trigger.py
[2026-09-17T01:10:05.900+0000] {processor.py:836} INFO - DAG(s) dict_keys(['latest_only_with_trigger']) retrieved from /home/vscode/.local/lib/python3.10/site-packages/airflow/example_dags/example_latest_only_with_trigger.py
[2026-09-17T01:10:05.914+0000] {logging_mixin.py:150} INFO - [2026-09-17T01:10:05.913+0000] {dag.py:2742} INFO - Sync 1 DAGs
[2026-09-17T01:10:05.930+0000] {logging_mixin.py:150} INFO - [2026-09-17T01:10:05.930+0000] {dag.py:3504} INFO - Setting next_dagrun for latest_only_with_trigger to 2026-09-16T21:10:05.930483+00:00, run_after=2026-09-17T01:10:05.930483+00:00
[2026-09-17T01:10:05.955+0000] {processor.py:179} INFO - Processing /home/vscode/.local/lib/python3.10/site-packages/airflow/example_dags/example_latest_only_with_trigger.py took 0.065 seconds
[2026-09-17T01:10:19.946+0000] {processor.py:157} INFO - Started process (PID=30284) to work on /home/vscode/.local/lib/python3.10/site-packages/airflow/example_dags/example_latest_only_with_trigger.py
[2026-09-17T01:10:19.947+0000] {processor.py:826} INFO - Processing file /home/vscode/.local/lib/python3.10/site-packages/airflow/example_dags/example_latest_only_with_trigger.py for tasks to queue
[2026-09-17T01:10:19.947+0000] {logging_mixin.py:150} INFO - [2026-09-17T01:10:19.947+0000] {dagbag.py:541} INFO - Filling up the DagBag from /home/vscode/.local/lib/python3.10/site-packages/airflow/example_dags/example_latest_only_with_trigger.py
[2026-09-17T01:10:19.953+0000] {processor.py:836} INFO - DAG(s) dict_keys(['latest_only_with_trigger']) retrieved from /home/vscode/.local/lib/python3.10/site-packages/airflow/example_dags/example_latest_only_with_trigger.py
[2026-09-17T01:10:19.966+0000] {logging_mixin.py:150} INFO - [2026-09-17T01:10:19.965+0000] {dag.py:2742} INFO - Sync 1 DAGs
[2026-09-17T01:10:19.980+0000] {logging_mixin.py:150} INFO - [2026-09-17T01:10:19.980+0000] {dag.py:3504} INFO - Setting next_dagrun for latest_only_with_trigger to 2026-09-16T21:10:19.980581+00:00, run_after=2026-09-17T01:10:19.980581+00:00
[2026-09-17T01:10:20.001+0000] {processor.py:179} INFO - Processing /home/vscode/.local/lib/python3.10/site-packages/airflow/example_dags/example_latest_only_with_trigger.py took 0.057 seconds
[2026-09-17T01:10:55.458+0000] {processor.py:157} INFO - Started process (PID=30624) to work on /home/vscode/.local/lib/python3.10/site-packages/airflow/example_dags/example_latest_only_with_trigger.py
[2026-09-17T01:10:55.459+0000] {processor.py:826} INFO - Processing file /home/vscode/.local/lib/python3.10/site-packages/airflow/example_dags/example_latest_only_with_trigger.py for tasks to queue
[2026-09-17T01:10:55.459+0000] {logging_mixin.py:150} INFO - [2026-09-17T01:10:55.459+0000] {dagbag.py:541} INFO - Filling up the DagBag from /home/vscode/.local/lib/python3.10/site-packages/airflow/example_dags/example_latest_only_with_trigger.py
[2026-09-17T01:10:55.465+0000] {processor.py:836} INFO - DAG(s) dict_keys(['latest_only_with_trigger']) retrieved from /home/vscode/.local/lib/python3.10/site-packages/airflow/example_dags/example_latest_only_with_trigger.py
[2026-09-17T01:10:55.478+0000] {logging_mixin.py:150} INFO - [2026-09-17T01:10:55.478+0000] {dag.py:2742} INFO - Sync 1 DAGs
[2026-09-17T01:10:55.498+0000] {logging_mixin.py:150} INFO - [2026-09-17T01:10:55.497+0000] {dag.py:3504} INFO - Setting next_dagrun for latest_only_with_trigger to 2026-09-16T21:10:55.497716+00:00, run_after=2026-09-17T01:10:55.497716+00:00
[2026-09-17T01:10:55.514+0000] {processor.py:179} INFO - Processing /home/vscode/.local/lib/python3.10/site-packages/airflow/example_dags/example_latest_only_with_trigger.py took 0.060 seconds
[2026-09-17T01:11:12.018+0000] {processor.py:157} INFO - Started process (PID=30767) to work on /home/vscode/.local/lib/python3.10/site-packages/airflow/example_dags/example_latest_only_with_trigger.py
[2026-09-17T01:11:12.019+0000] {processor.py:826} INFO - Processing file /home/vscode/.local/lib/python3.10/site-packages/airflow/example_dags/example_latest_only_with_trigger.py for tasks to queue
[2026-09-17T01:11:12.020+0000] {logging_mixin.py:150} INFO - [2026-09-17T01:11:12.019+0000] {dagbag.py:541} INFO - Filling up the DagBag from /home/vscode/.local/lib/python3.10/site-packages/airflow/example_dags/example_latest_only_with_trigger.py
[2026-09-17T01:11:12.027+0000] {processor.py:836} INFO - DAG(s) dict_keys(['latest_only_with_trigger']) retrieved from /home/vscode/.local/lib/python3.10/site-packages/airflow/example_dags/example_latest_only_with_trigger.py
[2026-09-17T01:11:12.046+0000] {logging_mixin.py:150} INFO - [2026-09-17T01:11:12.046+0000] {dag.py:2742} INFO - Sync 1 DAGs
[2026-09-17T01:11:12.067+0000] {logging_mixin.py:150} INFO - [2026-09-17T01:11:12.067+0000] {dag.py:3504} INFO - Setting next_dagrun for latest_only_with_trigger to 2026-09-16T21:11:12.067486+00:00, run_after=2026-09-17T01:11:12.067486+00:00
[2026-09-17T01:11:12.087+0000] {processor.py:179} INFO - Processing /home/vscode/.local/lib/python3.10/site-packages/airflow/example_dags/example_latest_only_with_trigger.py took 0.074 seconds
[2026-09-17T01:11:44.969+0000] {processor.py:157} INFO - Started process (PID=31047) to work on /home/vscode/.local/lib/python3.10/site-packages/airflow/example_dags/example_latest_only_with_trigger.py
[2026-09-17T01:11:44.970+0000] {processor.py:826} INFO - Processing file /home/vscode/.local/lib/python3.10/site-packages/airflow/example_dags/example_latest_only_with_trigger.py for tasks to queue
[2026-09-17T01:11:44.971+0000] {logging_mixin.py:150} INFO - [2026-09-17T01:11:44.970+0000] {dagbag.py:541} INFO - Filling up the DagBag from /home/vscode/.local/lib/python3.10/site-packages/airflow/example_dags/example_latest_only_with_trigger.py
[2026-09-17T01:11:44.976+0000] {processor.py:836} INFO - DAG(s) dict_keys(['latest_only_with_trigger']) retrieved from /home/vscode/.local/lib/python3.10/site-packages/airflow/example_dags/example_latest_only_with_trigger.py
[2026-09-17T01:11:44.995+0000] {logging_mixin.py:150} INFO - [2026-09-17T01:11:44.994+0000] {dag.py:2742} INFO - Sync 1 DAGs
[2026-09-17T01:11:45.011+0000] {logging_mixin.py:150} INFO - [2026-09-17T01:11:45.011+0000] {dag.py:3504} INFO - Setting next_dagrun for latest_only_with_trigger to 2026-09-16T21:11:45.011660+00:00, run_after=2026-09-17T01:11:45.011660+00:00
[2026-09-17T01:11:45.028+0000] {processor.py:179} INFO - Processing /home/vscode/.local/lib/python3.10/site-packages/airflow/example_dags/example_latest_only_with_trigger.py took 0.062 seconds
[2026-09-17T01:12:01.279+0000] {processor.py:157} INFO - Started process (PID=31189) to work on /home/vscode/.local/lib/python3.10/site-packages/airflow/example_dags/example_latest_only_with_trigger.py
[2026-09-17T01:12:01.280+0000] {processor.py:826} INFO - Processing file /home/vscode/.local/lib/python3.10/site-packages/airflow/example_dags/example_latest_only_with_trigger.py for tasks to queue
[2026-09-17T01:12:01.281+0000] {logging_mixin.py:150} INFO - [2026-09-17T01:12:01.280+0000] {dagbag.py:541} INFO - Filling up the DagBag from /home/vscode/.local/lib/python3.10/site-packages/airflow/example_dags/example_latest_only_with_trigger.py
[2026-09-17T01:12:01.288+0000] {processor.py:836} INFO - DAG(s) dict_keys(['latest_only_with_trigger']) retrieved from /home/vscode/.local/lib/python3.10/site-packages/airflow/example_dags/example_latest_only_with_trigger.py
[2026-09-17T01:12:01.303+0000] {logging_mixin.py:150} INFO - [2026-09-17T01:12:01.303+0000] {dag.py:2742} INFO - Sync 1 DAGs
[2026-09-17T01:12:01.319+0000] {logging_mixin.py:150} INFO - [2026-09-17T01:12:01.318+0000] {dag.py:3504} INFO - Setting next_dagrun for latest_only_with_trigger to 2026-09-16T21:12:01.318680+00:00, run_after=2026-09-17T01:12:01.318680+00:00
[2026-09-17T01:12:01.335+0000] {processor.py:179} INFO - Processing /home/vscode/.local/lib/python3.10/site-packages/airflow/example_dags/example_latest_only_with_trigger.py took 0.059 seconds
[2026-09-17T01:12:35.414+0000] {processor.py:157} INFO - Started process (PID=31482) to work on /home/vscode/.local/lib/python3.10/site-packages/airflow/example_dags/example_latest_only_with_trigger.py
[2026-09-17T01:12:35.415+0000] {processor.py:826} INFO - Processing file /home/vscode/.local/lib/python3.10/site-packages/airflow/example_dags/example_latest_only_with_trigger.py for tasks to queue
[2026-09-17T01:12:35.415+0000] {logging_mixin.py:150} INFO - [2026-09-17T01:12:35.415+0000] {dagbag.py:541} INFO - Filling up the DagBag from /home/vscode/.local/lib/python3.10/site-packages/airflow/example_dags/example_latest_only_with_trigger.py
[2026-09-17T01:12:35.421+0000] {processor.py:836} INFO - DAG(s) dict_keys(['latest_only_with_trigger']) retrieved from /home/vscode/.local/lib/python3.10/site-packages/airflow/example_dags/example_latest_only_with_trigger.py
[2026-09-17T01:12:35.434+0000] {logging_mixin.py:150} INFO - [2026-09-17T01:12:35.433+0000] {dag.py:2742} INFO - Sync 1 DAGs
[2026-09-17T01:12:35.448+0000] {logging_mixin.py:150} INFO - [2026-09-17T01:12:35.448+0000] {dag.py:3504} INFO - Setting next_dagrun for latest_only_with_trigger to 2026-09-16T21:12:35.448212+00:00, run_after=2026-09-17T01:12:35.448212+00:00
[2026-09-17T01:12:35.465+0000] {processor.py:179} INFO - Processing /home/vscode/.local/lib/python3.10/site-packages/airflow/example_dags/example_latest_only_with_trigger.py took 0.054 seconds
[2026-09-17T01:12:50.135+0000] {processor.py:157} INFO - Started process (PID=31608) to work on /home/vscode/.local/lib/python3.10/site-packages/airflow/example_dags/example_latest_only_with_trigger.py
[2026-09-17T01:12:50.135+0000] {processor.py:826} INFO - Processing file /home/vscode/.local/lib/python3.10/site-packages/airflow/example_dags/example_latest_only_with_trigger.py for tasks to queue
[2026-09-17T01:12:50.136+0000] {logging_mixin.py:150} INFO - [2026-09-17T01:12:50.136+0000] {dagbag.py:541} INFO - Filling up the DagBag from /home/vscode/.local/lib/python3.10/site-packages/airflow/example_dags/example_latest_only_with_trigger.py
[2026-09-17T01:12:50.141+0000] {processor.py:836} INFO - DAG(s) dict_keys(['latest_only_with_trigger']) retrieved from /home/vscode/.local/lib/python3.10/site-packages/airflow/example_dags/example_latest_only_with_trigger.py
[2026-09-17T01:12:50.154+0000] {logging_mixin.py:150} INFO - [2026-09-17T01:12:50.154+0000] {dag.py:2742} INFO - Sync 1 DAGs
[2026-09-17T01:12:50.171+0000] {logging_mixin.py:150} INFO - [2026-09-17T01:12:50.170+0000] {dag.py:3504} INFO - Setting next_dagrun for latest_only_with_trigger to 2026-09-16T21:12:50.170667+00:00, run_after=2026-09-17T01:12:50.170667+00:00
[2026-09-17T01:12:50.192+0000] {processor.py:179} INFO - Processing /home/vscode/.local/lib/python3.10/site-packages/airflow/example_dags/example_latest_only_with_trigger.py took 0.059 seconds
[2026-09-17T01:13:20.953+0000] {processor.py:157} INFO - Started process (PID=31871) to work on /home/vscode/.local/lib/python3.10/site-packages/airflow/example_dags/example_latest_only_with_trigger.py
[2026-09-17T01:13:20.954+0000] {processor.py:826} INFO - Processing file /home/vscode/.local/lib/python3.10/site-packages/airflow/example_dags/example_latest_only_with_trigger.py for tasks to queue
[2026-09-17T01:13:20.955+0000] {logging_mixin.py:150} INFO - [2026-09-17T01:13:20.955+0000] {dagbag.py:541} INFO - Filling up the DagBag from /home/vscode/.local/lib/python3.10/site-packages/airflow/example_dags/example_latest_only_with_trigger.py
[2026-09-17T01:13:20.960+0000] {processor.py:836} INFO - DAG(s) dict_keys(['latest_only_with_trigger']) retrieved from /home/vscode/.local/lib/python3.10/site-packages/airflow/example_dags/example_latest_only_with_trigger.py
[2026-09-17T01:13:20.972+0000] {logging_mixin.py:150} INFO - [2026-09-17T01:13:20.972+0000] {dag.py:2742} INFO - Sync 1 DAGs
[2026-09-17T01:13:20.988+0000] {logging_mixin.py:150} INFO - [2026-09-17T01:13:20.988+0000] {dag.py:3504} INFO - Setting next_dagrun for latest_only_with_trigger to 2026-09-16T21:13:20.988488+00:00, run_after=2026-09-17T01:13:20.988488+00:00
[2026-09-17T01:13:21.007+0000] {processor.py:179} INFO - Processing /home/vscode/.local/lib/python3.10/site-packages/airflow/example_dags/example_latest_only_with_trigger.py took 0.056 seconds
[2026-09-17T01:13:41.445+0000] {processor.py:157} INFO - Started process (PID=32040) to work on /home/vscode/.local/lib/python3.10/site-packages/airflow/example_dags/example_latest_only_with_trigger.py
[2026-09-17T01:13:41.445+0000] {processor.py:826} INFO - Processing file /home/vscode/.local/lib/python3.10/site-packages/airflow/example_dags/example_latest_only_with_trigger.py for tasks to queue
[2026-09-17T01:13:41.446+0000] {logging_mixin.py:150} INFO - [2026-09-17T01:13:41.446+0000] {dagbag.py:541} INFO - Filling up the DagBag from /home/vscode/.local/lib/python3.10/site-packages/airflow/example_dags/example_latest_only_with_trigger.py
[2026-09-17T01:13:41.451+0000] {processor.py:836} INFO - DAG(s) dict_keys(['latest_only_with_trigger']) retrieved from /home/vscode/.local/lib/python3.10/site-packages/airflow/example_dags/example_latest_only_with_trigger.py
[2026-09-17T01:13:41.464+0000] {logging_mixin.py:150} INFO - [2026-09-17T01:13:41.464+0000] {dag.py:2742} INFO - Sync 1 DAGs
[2026-09-17T01:13:41.478+0000] {logging_mixin.py:150} INFO - [2026-09-17T01:13:41.478+0000] {dag.py:3504} INFO - Setting next_dagrun for latest_only_with_trigger to 2026-09-16T21:13:41.478531+00:00, run_after=2026-09-17T01:13:41.478531+00:00
[2026-09-17T01:13:41.511+0000] {processor.py:179} INFO - Processing /home/vscode/.local/lib/python3.10/site-packages/airflow/example_dags/example_latest_only_with_trigger.py took 0.069 seconds
[2026-09-17T01:14:07.251+0000] {processor.py:157} INFO - Started process (PID=32255) to work on /home/vscode/.local/lib/python3.10/site-packages/airflow/example_dags/example_latest_only_with_trigger.py
[2026-09-17T01:14:07.251+0000] {processor.py:826} INFO - Processing file /home/vscode/.local/lib/python3.10/site-packages/airflow/example_dags/example_latest_only_with_trigger.py for tasks to queue
[2026-09-17T01:14:07.252+0000] {logging_mixin.py:150} INFO - [2026-09-17T01:14:07.252+0000] {dagbag.py:541} INFO - Filling up the DagBag from /home/vscode/.local/lib/python3.10/site-packages/airflow/example_dags/example_latest_only_with_trigger.py
[2026-09-17T01:14:07.257+0000] {processor.py:836} INFO - DAG(s) dict_keys(['latest_only_with_trigger']) retrieved from /home/vscode/.local/lib/python3.10/site-packages/airflow/example_dags/example_latest_only_with_trigger.py
[2026-09-17T01:14:07.270+0000] {logging_mixin.py:150} INFO - [2026-09-17T01:14:07.270+0000] {dag.py:2742} INFO - Sync 1 DAGs
[2026-09-17T01:14:07.286+0000] {logging_mixin.py:150} INFO - [2026-09-17T01:14:07.286+0000] {dag.py:3504} INFO - Setting next_dagrun for latest_only_with_trigger to 2026-09-16T21:14:07.286048+00:00, run_after=2026-09-17T01:14:07.286048+00:00
[2026-09-17T01:14:07.305+0000] {processor.py:179} INFO - Processing /home/vscode/.local/lib/python3.10/site-packages/airflow/example_dags/example_latest_only_with_trigger.py took 0.057 seconds
[2026-09-17T01:14:29.888+0000] {processor.py:157} INFO - Started process (PID=32452) to work on /home/vscode/.local/lib/python3.10/site-packages/airflow/example_dags/example_latest_only_with_trigger.py
[2026-09-17T01:14:29.889+0000] {processor.py:826} INFO - Processing file /home/vscode/.local/lib/python3.10/site-packages/airflow/example_dags/example_latest_only_with_trigger.py for tasks to queue
[2026-09-17T01:14:29.890+0000] {logging_mixin.py:150} INFO - [2026-09-17T01:14:29.890+0000] {dagbag.py:541} INFO - Filling up the DagBag from /home/vscode/.local/lib/python3.10/site-packages/airflow/example_dags/example_latest_only_with_trigger.py
[2026-09-17T01:14:29.898+0000] {processor.py:836} INFO - DAG(s) dict_keys(['latest_only_with_trigger']) retrieved from /home/vscode/.local/lib/python3.10/site-packages/airflow/example_dags/example_latest_only_with_trigger.py
[2026-09-17T01:14:29.925+0000] {logging_mixin.py:150} INFO - [2026-09-17T01:14:29.925+0000] {dag.py:2742} INFO - Sync 1 DAGs
[2026-09-17T01:14:29.959+0000] {logging_mixin.py:150} INFO - [2026-09-17T01:14:29.958+0000] {dag.py:3504} INFO - Setting next_dagrun for latest_only_with_trigger to 2026-09-16T21:14:29.958669+00:00, run_after=2026-09-17T01:14:29.958669+00:00
[2026-09-17T01:14:29.976+0000] {processor.py:179} INFO - Processing /home/vscode/.local/lib/python3.10/site-packages/airflow/example_dags/example_latest_only_with_trigger.py took 0.091 seconds
[2026-09-17T01:14:56.231+0000] {processor.py:157} INFO - Started process (PID=32671) to work on /home/vscode/.local/lib/python3.10/site-packages/airflow/example_dags/example_latest_only_with_trigger.py
[2026-09-17T01:14:56.231+0000] {processor.py:826} INFO - Processing file /home/vscode/.local/lib/python3.10/site-packages/airflow/example_dags/example_latest_only_with_trigger.py for tasks to queue
[2026-09-17T01:14:56.232+0000] {logging_mixin.py:150} INFO - [2026-09-17T01:14:56.232+0000] {dagbag.py:541} INFO - Filling up the DagBag from /home/vscode/.local/lib/python3.10/site-packages/airflow/example_dags/example_latest_only_with_trigger.py
[2026-09-17T01:14:56.237+0000] {processor.py:836} INFO - DAG(s) dict_keys(['latest_only_with_trigger']) retrieved from /home/vscode/.local/lib/python3.10/site-packages/airflow/example_dags/example_latest_only_with_trigger.py
[2026-09-17T01:14:56.250+0000] {logging_mixin.py:150} INFO - [2026-09-17T01:14:56.250+0000] {dag.py:2742} INFO - Sync 1 DAGs
[2026-09-17T01:14:56.264+0000] {logging_mixin.py:150} INFO - [2026-09-17T01:14:56.264+0000] {dag.py:3504} INFO - Setting next_dagrun for latest_only_with_trigger to 2026-09-16T21:14:56.264702+00:00, run_after=2026-09-17T01:14:56.264702+00:00
[2026-09-17T01:14:56.281+0000] {processor.py:179} INFO - Processing /home/vscode/.local/lib/python3.10/site-packages/airflow/example_dags/example_latest_only_with_trigger.py took 0.053 seconds
[2026-09-17T01:15:23.212+0000] {processor.py:157} INFO - Started process (PID=32902) to work on /home/vscode/.local/lib/python3.10/site-packages/airflow/example_dags/example_latest_only_with_trigger.py
[2026-09-17T01:15:23.213+0000] {processor.py:826} INFO - Processing file /home/vscode/.local/lib/python3.10/site-packages/airflow/example_dags/example_latest_only_with_trigger.py for tasks to queue
[2026-09-17T01:15:23.214+0000] {logging_mixin.py:150} INFO - [2026-09-17T01:15:23.214+0000] {dagbag.py:541} INFO - Filling up the DagBag from /home/vscode/.local/lib/python3.10/site-packages/airflow/example_dags/example_latest_only_with_trigger.py
[2026-09-17T01:15:23.220+0000] {processor.py:836} INFO - DAG(s) dict_keys(['latest_only_with_trigger']) retrieved from /home/vscode/.local/lib/python3.10/site-packages/airflow/example_dags/example_latest_only_with_trigger.py
[2026-09-17T01:15:23.233+0000] {logging_mixin.py:150} INFO - [2026-09-17T01:15:23.233+0000] {dag.py:2742} INFO - Sync 1 DAGs
[2026-09-17T01:15:23.252+0000] {logging_mixin.py:150} INFO - [2026-09-17T01:15:23.252+0000] {dag.py:3504} INFO - Setting next_dagrun for latest_only_with_trigger to 2026-09-16T21:15:23.252171+00:00, run_after=2026-09-17T01:15:23.252171+00:00
[2026-09-17T01:15:23.268+0000] {processor.py:179} INFO - Processing /home/vscode/.local/lib/python3.10/site-packages/airflow/example_dags/example_latest_only_with_trigger.py took 0.059 seconds
[2026-09-17T01:15:46.572+0000] {processor.py:157} INFO - Started process (PID=33133) to work on /home/vscode/.local/lib/python3.10/site-packages/airflow/example_dags/example_latest_only_with_trigger.py
[2026-09-17T01:15:46.573+0000] {processor.py:826} INFO - Processing file /home/vscode/.local/lib/python3.10/site-packages/airflow/example_dags/example_latest_only_with_trigger.py for tasks to queue
[2026-09-17T01:15:46.574+0000] {logging_mixin.py:150} INFO - [2026-09-17T01:15:46.573+0000] {dagbag.py:541} INFO - Filling up the DagBag from /home/vscode/.local/lib/python3.10/site-packages/airflow/example_dags/example_latest_only_with_trigger.py
[2026-09-17T01:15:46.581+0000] {processor.py:836} INFO - DAG(s) dict_keys(['latest_only_with_trigger']) retrieved from /home/vscode/.local/lib/python3.10/site-packages/airflow/example_dags/example_latest_only_with_trigger.py
[2026-09-17T01:15:46.601+0000] {logging_mixin.py:150} INFO - [2026-09-17T01:15:46.601+0000] {dag.py:2742} INFO - Sync 1 DAGs
[2026-09-17T01:15:46.622+0000] {logging_mixin.py:150} INFO - [2026-09-17T01:15:46.622+0000] {dag.py:3504} INFO - Setting next_dagrun for latest_only_with_trigger to 2026-09-16T21:15:46.622370+00:00, run_after=2026-09-17T01:15:46.622370+00:00
[2026-09-17T01:15:46.640+0000] {processor.py:179} INFO - Processing /home/vscode/.local/lib/python3.10/site-packages/airflow/example_dags/example_latest_only_with_trigger.py took 0.072 seconds
[2026-09-17T01:16:15.744+0000] {processor.py:157} INFO - Started process (PID=33384) to work on /home/vscode/.local/lib/python3.10/site-packages/airflow/example_dags/example_latest_only_with_trigger.py
[2026-09-17T01:16:15.745+0000] {processor.py:826} INFO - Processing file /home/vscode/.local/lib/python3.10/site-packages/airflow/example_dags/example_latest_only_with_trigger.py for tasks to queue
[2026-09-17T01:16:15.745+0000] {logging_mixin.py:150} INFO - [2026-09-17T01:16:15.745+0000] {dagbag.py:541} INFO - Filling up the DagBag from /home/vscode/.local/lib/python3.10/site-packages/airflow/example_dags/example_latest_only_with_trigger.py
[2026-09-17T01:16:15.751+0000] {processor.py:836} INFO - DAG(s) dict_keys(['latest_only_with_trigger']) retrieved from /home/vscode/.local/lib/python3.10/site-packages/airflow/example_dags/example_latest_only_with_trigger.py
[2026-09-17T01:16:15.764+0000] {logging_mixin.py:150} INFO - [2026-09-17T01:16:15.764+0000] {dag.py:2742} INFO - Sync 1 DAGs
[2026-09-17T01:16:15.779+0000] {logging_mixin.py:150} INFO - [2026-09-17T01:16:15.779+0000] {dag.py:3504} INFO - Setting next_dagrun for latest_only_with_trigger to 2026-09-16T21:16:15.779080+00:00, run_after=2026-09-17T01:16:15.779080+00:00
[2026-09-17T01:16:15.799+0000] {processor.py:179} INFO - Processing /home/vscode/.local/lib/python3.10/site-packages/airflow/example_dags/example_latest_only_with_trigger.py took 0.058 seconds
[2026-09-17T01:16:36.628+0000] {processor.py:157} INFO - Started process (PID=33563) to work on /home/vscode/.local/lib/python3.10/site-packages/airflow/example_dags/example_latest_only_with_trigger.py
[2026-09-17T01:16:36.628+0000] {processor.py:826} INFO - Processing file /home/vscode/.local/lib/python3.10/site-packages/airflow/example_dags/example_latest_only_with_trigger.py for tasks to queue
[2026-09-17T01:16:36.629+0000] {logging_mixin.py:150} INFO - [2026-09-17T01:16:36.629+0000] {dagbag.py:541} INFO - Filling up the DagBag from /home/vscode/.local/lib/python3.10/site-packages/airflow/example_dags/example_latest_only_with_trigger.py
[2026-09-17T01:16:36.634+0000] {processor.py:836} INFO - DAG(s) dict_keys(['latest_only_with_trigger']) retrieved from /home/vscode/.local/lib/python3.10/site-packages/airflow/example_dags/example_latest_only_with_trigger.py
[2026-09-17T01:16:36.650+0000] {logging_mixin.py:150} INFO - [2026-09-17T01:16:36.650+0000] {dag.py:2742} INFO - Sync 1 DAGs
[2026-09-17T01:16:36.665+0000] {logging_mixin.py:150} INFO - [2026-09-17T01:16:36.665+0000] {dag.py:3504} INFO - Setting next_dagrun for latest_only_with_trigger to 2026-09-16T21:16:36.665184+00:00, run_after=2026-09-17T01:16:36.665184+00:00
[2026-09-17T01:16:36.681+0000] {processor.py:179} INFO - Processing /home/vscode/.local/lib/python3.10/site-packages/airflow/example_dags/example_latest_only_with_trigger.py took 0.056 seconds
[2026-09-17T01:17:05.120+0000] {processor.py:157} INFO - Started process (PID=33807) to work on /home/vscode/.local/lib/python3.10/site-packages/airflow/example_dags/example_latest_only_with_trigger.py
[2026-09-17T01:17:05.121+0000] {processor.py:826} INFO - Processing file /home/vscode/.local/lib/python3.10/site-packages/airflow/example_dags/example_latest_only_with_trigger.py for tasks to queue
[2026-09-17T01:17:05.122+0000] {logging_mixin.py:150} INFO - [2026-09-17T01:17:05.121+0000] {dagbag.py:541} INFO - Filling up the DagBag from /home/vscode/.local/lib/python3.10/site-packages/airflow/example_dags/example_latest_only_with_trigger.py
[2026-09-17T01:17:05.127+0000] {processor.py:836} INFO - DAG(s) dict_keys(['latest_only_with_trigger']) retrieved from /home/vscode/.local/lib/python3.10/site-packages/airflow/example_dags/example_latest_only_with_trigger.py
[2026-09-17T01:17:05.140+0000] {logging_mixin.py:150} INFO - [2026-09-17T01:17:05.140+0000] {dag.py:2742} INFO - Sync 1 DAGs
[2026-09-17T01:17:05.154+0000] {logging_mixin.py:150} INFO - [2026-09-17T01:17:05.154+0000] {dag.py:3504} INFO - Setting next_dagrun for latest_only_with_trigger to 2026-09-16T21:17:05.154325+00:00, run_after=2026-09-17T01:17:05.154325+00:00
[2026-09-17T01:17:05.172+0000] {processor.py:179} INFO - Processing /home/vscode/.local/lib/python3.10/site-packages/airflow/example_dags/example_latest_only_with_trigger.py took 0.054 seconds
[2026-09-17T01:17:22.042+0000] {processor.py:157} INFO - Started process (PID=33952) to work on /home/vscode/.local/lib/python3.10/site-packages/airflow/example_dags/example_latest_only_with_trigger.py
[2026-09-17T01:17:22.043+0000] {processor.py:826} INFO - Processing file /home/vscode/.local/lib/python3.10/site-packages/airflow/example_dags/example_latest_only_with_trigger.py for tasks to queue
[2026-09-17T01:17:22.044+0000] {logging_mixin.py:150} INFO - [2026-09-17T01:17:22.044+0000] {dagbag.py:541} INFO - Filling up the DagBag from /home/vscode/.local/lib/python3.10/site-packages/airflow/example_dags/example_latest_only_with_trigger.py
[2026-09-17T01:17:22.049+0000] {processor.py:836} INFO - DAG(s) dict_keys(['latest_only_with_trigger']) retrieved from /home/vscode/.local/lib/python3.10/site-packages/airflow/example_dags/example_latest_only_with_trigger.py
[2026-09-17T01:17:22.061+0000] {logging_mixin.py:150} INFO - [2026-09-17T01:17:22.061+0000] {dag.py:2742} INFO - Sync 1 DAGs
[2026-09-17T01:17:22.076+0000] {logging_mixin.py:150} INFO - [2026-09-17T01:17:22.076+0000] {dag.py:3504} INFO - Setting next_dagrun for latest_only_with_trigger to 2026-09-16T21:17:22.075593+00:00, run_after=2026-09-17T01:17:22.075593+00:00
[2026-09-17T01:17:22.095+0000] {processor.py:179} INFO - Processing /home/vscode/.local/lib/python3.10/site-packages/airflow/example_dags/example_latest_only_with_trigger.py took 0.055 seconds
[2026-09-17T01:17:55.121+0000] {processor.py:157} INFO - Started process (PID=34231) to work on /home/vscode/.local/lib/python3.10/site-packages/airflow/example_dags/example_latest_only_with_trigger.py
[2026-09-17T01:17:55.122+0000] {processor.py:826} INFO - Processing file /home/vscode/.local/lib/python3.10/site-packages/airflow/example_dags/example_latest_only_with_trigger.py for tasks to queue
[2026-09-17T01:17:55.123+0000] {logging_mixin.py:150} INFO - [2026-09-17T01:17:55.122+0000] {dagbag.py:541} INFO - Filling up the DagBag from /home/vscode/.local/lib/python3.10/site-packages/airflow/example_dags/example_latest_only_with_trigger.py
[2026-09-17T01:17:55.128+0000] {processor.py:836} INFO - DAG(s) dict_keys(['latest_only_with_trigger']) retrieved from /home/vscode/.local/lib/python3.10/site-packages/airflow/example_dags/example_latest_only_with_trigger.py
[2026-09-17T01:17:55.140+0000] {logging_mixin.py:150} INFO - [2026-09-17T01:17:55.140+0000] {dag.py:2742} INFO - Sync 1 DAGs
[2026-09-17T01:17:55.154+0000] {logging_mixin.py:150} INFO - [2026-09-17T01:17:55.154+0000] {dag.py:3504} INFO - Setting next_dagrun for latest_only_with_trigger to 2026-09-16T21:17:55.154400+00:00, run_after=2026-09-17T01:17:55.154400+00:00
[2026-09-17T01:17:55.170+0000] {processor.py:179} INFO - Processing /home/vscode/.local/lib/python3.10/site-packages/airflow/example_dags/example_latest_only_with_trigger.py took 0.051 seconds
[2026-09-17T01:18:13.303+0000] {processor.py:157} INFO - Started process (PID=34385) to work on /home/vscode/.local/lib/python3.10/site-packages/airflow/example_dags/example_latest_only_with_trigger.py
[2026-09-17T01:18:13.304+0000] {processor.py:826} INFO - Processing file /home/vscode/.local/lib/python3.10/site-packages/airflow/example_dags/example_latest_only_with_trigger.py for tasks to queue
[2026-09-17T01:18:13.304+0000] {logging_mixin.py:150} INFO - [2026-09-17T01:18:13.304+0000] {dagbag.py:541} INFO - Filling up the DagBag from /home/vscode/.local/lib/python3.10/site-packages/airflow/example_dags/example_latest_only_with_trigger.py
[2026-09-17T01:18:13.309+0000] {processor.py:836} INFO - DAG(s) dict_keys(['latest_only_with_trigger']) retrieved from /home/vscode/.local/lib/python3.10/site-packages/airflow/example_dags/example_latest_only_with_trigger.py
[2026-09-17T01:18:13.324+0000] {logging_mixin.py:150} INFO - [2026-09-17T01:18:13.324+0000] {dag.py:2742} INFO - Sync 1 DAGs
[2026-09-17T01:18:13.339+0000] {logging_mixin.py:150} INFO - [2026-09-17T01:18:13.339+0000] {dag.py:3504} INFO - Setting next_dagrun for latest_only_with_trigger to 2026-09-16T21:18:13.339082+00:00, run_after=2026-09-17T01:18:13.339082+00:00
[2026-09-17T01:18:13.355+0000] {processor.py:179} INFO - Processing /home/vscode/.local/lib/python3.10/site-packages/airflow/example_dags/example_latest_only_with_trigger.py took 0.055 seconds
[2026-09-17T01:18:39.406+0000] {processor.py:157} INFO - Started process (PID=34607) to work on /home/vscode/.local/lib/python3.10/site-packages/airflow/example_dags/example_latest_only_with_trigger.py
[2026-09-17T01:18:39.406+0000] {processor.py:826} INFO - Processing file /home/vscode/.local/lib/python3.10/site-packages/airflow/example_dags/example_latest_only_with_trigger.py for tasks to queue
[2026-09-17T01:18:39.407+0000] {logging_mixin.py:150} INFO - [2026-09-17T01:18:39.407+0000] {dagbag.py:541} INFO - Filling up the DagBag from /home/vscode/.local/lib/python3.10/site-packages/airflow/example_dags/example_latest_only_with_trigger.py
[2026-09-17T01:18:39.413+0000] {processor.py:836} INFO - DAG(s) dict_keys(['latest_only_with_trigger']) retrieved from /home/vscode/.local/lib/python3.10/site-packages/airflow/example_dags/example_latest_only_with_trigger.py
[2026-09-17T01:18:39.429+0000] {logging_mixin.py:150} INFO - [2026-09-17T01:18:39.429+0000] {dag.py:2742} INFO - Sync 1 DAGs
[2026-09-17T01:18:39.450+0000] {logging_mixin.py:150} INFO - [2026-09-17T01:18:39.450+0000] {dag.py:3504} INFO - Setting next_dagrun for latest_only_with_trigger to 2026-09-16T21:18:39.450059+00:00, run_after=2026-09-17T01:18:39.450059+00:00
[2026-09-17T01:18:39.476+0000] {processor.py:179} INFO - Processing /home/vscode/.local/lib/python3.10/site-packages/airflow/example_dags/example_latest_only_with_trigger.py took 0.072 seconds
[2026-09-17T01:19:00.910+0000] {processor.py:157} INFO - Started process (PID=34793) to work on /home/vscode/.local/lib/python3.10/site-packages/airflow/example_dags/example_latest_only_with_trigger.py
[2026-09-17T01:19:00.912+0000] {processor.py:826} INFO - Processing file /home/vscode/.local/lib/python3.10/site-packages/airflow/example_dags/example_latest_only_with_trigger.py for tasks to queue
[2026-09-17T01:19:00.913+0000] {logging_mixin.py:150} INFO - [2026-09-17T01:19:00.912+0000] {dagbag.py:541} INFO - Filling up the DagBag from /home/vscode/.local/lib/python3.10/site-packages/airflow/example_dags/example_latest_only_with_trigger.py
[2026-09-17T01:19:00.921+0000] {processor.py:836} INFO - DAG(s) dict_keys(['latest_only_with_trigger']) retrieved from /home/vscode/.local/lib/python3.10/site-packages/airflow/example_dags/example_latest_only_with_trigger.py
[2026-09-17T01:19:00.936+0000] {logging_mixin.py:150} INFO - [2026-09-17T01:19:00.936+0000] {dag.py:2742} INFO - Sync 1 DAGs
[2026-09-17T01:19:00.951+0000] {logging_mixin.py:150} INFO - [2026-09-17T01:19:00.951+0000] {dag.py:3504} INFO - Setting next_dagrun for latest_only_with_trigger to 2026-09-16T21:19:00.950979+00:00, run_after=2026-09-17T01:19:00.950979+00:00
[2026-09-17T01:19:00.967+0000] {processor.py:179} INFO - Processing /home/vscode/.local/lib/python3.10/site-packages/airflow/example_dags/example_latest_only_with_trigger.py took 0.061 seconds
[2026-09-17T01:19:29.196+0000] {processor.py:157} INFO - Started process (PID=35004) to work on /home/vscode/.local/lib/python3.10/site-packages/airflow/example_dags/example_latest_only_with_trigger.py
[2026-09-17T01:19:29.196+0000] {processor.py:826} INFO - Processing file /home/vscode/.local/lib/python3.10/site-packages/airflow/example_dags/example_latest_only_with_trigger.py for tasks to queue
[2026-09-17T01:19:29.197+0000] {logging_mixin.py:150} INFO - [2026-09-17T01:19:29.197+0000] {dagbag.py:541} INFO - Filling up the DagBag from /home/vscode/.local/lib/python3.10/site-packages/airflow/example_dags/example_latest_only_with_trigger.py
[2026-09-17T01:19:29.202+0000] {processor.py:836} INFO - DAG(s) dict_keys(['latest_only_with_trigger']) retrieved from /home/vscode/.local/lib/python3.10/site-packages/airflow/example_dags/example_latest_only_with_trigger.py
[2026-09-17T01:19:29.216+0000] {logging_mixin.py:150} INFO - [2026-09-17T01:19:29.216+0000] {dag.py:2742} INFO - Sync 1 DAGs
[2026-09-17T01:19:29.230+0000] {logging_mixin.py:150} INFO - [2026-09-17T01:19:29.230+0000] {dag.py:3504} INFO - Setting next_dagrun for latest_only_with_trigger to 2026-09-16T21:19:29.230656+00:00, run_after=2026-09-17T01:19:29.230656+00:00
[2026-09-17T01:19:29.249+0000] {processor.py:179} INFO - Processing /home/vscode/.local/lib/python3.10/site-packages/airflow/example_dags/example_latest_only_with_trigger.py took 0.056 seconds
[2026-09-17T01:19:48.358+0000] {processor.py:157} INFO - Started process (PID=35147) to work on /home/vscode/.local/lib/python3.10/site-packages/airflow/example_dags/example_latest_only_with_trigger.py
[2026-09-17T01:19:48.359+0000] {processor.py:826} INFO - Processing file /home/vscode/.local/lib/python3.10/site-packages/airflow/example_dags/example_latest_only_with_trigger.py for tasks to queue
[2026-09-17T01:19:48.360+0000] {logging_mixin.py:150} INFO - [2026-09-17T01:19:48.359+0000] {dagbag.py:541} INFO - Filling up the DagBag from /home/vscode/.local/lib/python3.10/site-packages/airflow/example_dags/example_latest_only_with_trigger.py
[2026-09-17T01:19:48.366+0000] {processor.py:836} INFO - DAG(s) dict_keys(['latest_only_with_trigger']) retrieved from /home/vscode/.local/lib/python3.10/site-packages/airflow/example_dags/example_latest_only_with_trigger.py
[2026-09-17T01:19:48.387+0000] {logging_mixin.py:150} INFO - [2026-09-17T01:19:48.387+0000] {dag.py:2742} INFO - Sync 1 DAGs
[2026-09-17T01:19:48.411+0000] {logging_mixin.py:150} INFO - [2026-09-17T01:19:48.411+0000] {dag.py:3504} INFO - Setting next_dagrun for latest_only_with_trigger to 2026-09-16T21:19:48.410891+00:00, run_after=2026-09-17T01:19:48.410891+00:00
[2026-09-17T01:19:48.431+0000] {processor.py:179} INFO - Processing /home/vscode/.local/lib/python3.10/site-packages/airflow/example_dags/example_latest_only_with_trigger.py took 0.076 seconds
[2026-09-17T01:20:17.536+0000] {processor.py:157} INFO - Started process (PID=35459) to work on /home/vscode/.local/lib/python3.10/site-packages/airflow/example_dags/example_latest_only_with_trigger.py
[2026-09-17T01:20:17.537+0000] {processor.py:826} INFO - Processing file /home/vscode/.local/lib/python3.10/site-packages/airflow/example_dags/example_latest_only_with_trigger.py for tasks to queue
[2026-09-17T01:20:17.537+0000] {logging_mixin.py:150} INFO - [2026-09-17T01:20:17.537+0000] {dagbag.py:541} INFO - Filling up the DagBag from /home/vscode/.local/lib/python3.10/site-packages/airflow/example_dags/example_latest_only_with_trigger.py
[2026-09-17T01:20:17.544+0000] {processor.py:836} INFO - DAG(s) dict_keys(['latest_only_with_trigger']) retrieved from /home/vscode/.local/lib/python3.10/site-packages/airflow/example_dags/example_latest_only_with_trigger.py
[2026-09-17T01:20:17.562+0000] {logging_mixin.py:150} INFO - [2026-09-17T01:20:17.562+0000] {dag.py:2742} INFO - Sync 1 DAGs
[2026-09-17T01:20:17.582+0000] {logging_mixin.py:150} INFO - [2026-09-17T01:20:17.582+0000] {dag.py:3504} INFO - Setting next_dagrun for latest_only_with_trigger to 2026-09-16T21:20:17.582161+00:00, run_after=2026-09-17T01:20:17.582161+00:00
[2026-09-17T01:20:17.630+0000] {processor.py:179} INFO - Processing /home/vscode/.local/lib/python3.10/site-packages/airflow/example_dags/example_latest_only_with_trigger.py took 0.098 seconds
[2026-09-17T01:20:37.605+0000] {processor.py:157} INFO - Started process (PID=35616) to work on /home/vscode/.local/lib/python3.10/site-packages/airflow/example_dags/example_latest_only_with_trigger.py
[2026-09-17T01:20:37.607+0000] {processor.py:826} INFO - Processing file /home/vscode/.local/lib/python3.10/site-packages/airflow/example_dags/example_latest_only_with_trigger.py for tasks to queue
[2026-09-17T01:20:37.607+0000] {logging_mixin.py:150} INFO - [2026-09-17T01:20:37.607+0000] {dagbag.py:541} INFO - Filling up the DagBag from /home/vscode/.local/lib/python3.10/site-packages/airflow/example_dags/example_latest_only_with_trigger.py
[2026-09-17T01:20:37.614+0000] {processor.py:836} INFO - DAG(s) dict_keys(['latest_only_with_trigger']) retrieved from /home/vscode/.local/lib/python3.10/site-packages/airflow/example_dags/example_latest_only_with_trigger.py
[2026-09-17T01:20:37.629+0000] {logging_mixin.py:150} INFO - [2026-09-17T01:20:37.629+0000] {dag.py:2742} INFO - Sync 1 DAGs
[2026-09-17T01:20:37.643+0000] {logging_mixin.py:150} INFO - [2026-09-17T01:20:37.643+0000] {dag.py:3504} INFO - Setting next_dagrun for latest_only_with_trigger to 2026-09-16T21:20:37.643582+00:00, run_after=2026-09-17T01:20:37.643582+00:00
[2026-09-17T01:20:37.681+0000] {processor.py:179} INFO - Processing /home/vscode/.local/lib/python3.10/site-packages/airflow/example_dags/example_latest_only_with_trigger.py took 0.079 seconds
[2026-09-17T01:21:06.046+0000] {processor.py:157} INFO - Started process (PID=36067) to work on /home/vscode/.local/lib/python3.10/site-packages/airflow/example_dags/example_latest_only_with_trigger.py
[2026-09-17T01:21:06.047+0000] {processor.py:826} INFO - Processing file /home/vscode/.local/lib/python3.10/site-packages/airflow/example_dags/example_latest_only_with_trigger.py for tasks to queue
[2026-09-17T01:21:06.048+0000] {logging_mixin.py:150} INFO - [2026-09-17T01:21:06.047+0000] {dagbag.py:541} INFO - Filling up the DagBag from /home/vscode/.local/lib/python3.10/site-packages/airflow/example_dags/example_latest_only_with_trigger.py
[2026-09-17T01:21:06.060+0000] {processor.py:836} INFO - DAG(s) dict_keys(['latest_only_with_trigger']) retrieved from /home/vscode/.local/lib/python3.10/site-packages/airflow/example_dags/example_latest_only_with_trigger.py
[2026-09-17T01:21:06.096+0000] {logging_mixin.py:150} INFO - [2026-09-17T01:21:06.096+0000] {dag.py:2742} INFO - Sync 1 DAGs
[2026-09-17T01:21:06.120+0000] {logging_mixin.py:150} INFO - [2026-09-17T01:21:06.120+0000] {dag.py:3504} INFO - Setting next_dagrun for latest_only_with_trigger to 2026-09-16T21:21:06.120507+00:00, run_after=2026-09-17T01:21:06.120507+00:00
[2026-09-17T01:21:06.145+0000] {processor.py:179} INFO - Processing /home/vscode/.local/lib/python3.10/site-packages/airflow/example_dags/example_latest_only_with_trigger.py took 0.102 seconds
[2026-09-17T01:21:25.308+0000] {processor.py:157} INFO - Started process (PID=36267) to work on /home/vscode/.local/lib/python3.10/site-packages/airflow/example_dags/example_latest_only_with_trigger.py
[2026-09-17T01:21:25.309+0000] {processor.py:826} INFO - Processing file /home/vscode/.local/lib/python3.10/site-packages/airflow/example_dags/example_latest_only_with_trigger.py for tasks to queue
[2026-09-17T01:21:25.310+0000] {logging_mixin.py:150} INFO - [2026-09-17T01:21:25.309+0000] {dagbag.py:541} INFO - Filling up the DagBag from /home/vscode/.local/lib/python3.10/site-packages/airflow/example_dags/example_latest_only_with_trigger.py
[2026-09-17T01:21:25.315+0000] {processor.py:836} INFO - DAG(s) dict_keys(['latest_only_with_trigger']) retrieved from /home/vscode/.local/lib/python3.10/site-packages/airflow/example_dags/example_latest_only_with_trigger.py
[2026-09-17T01:21:25.328+0000] {logging_mixin.py:150} INFO - [2026-09-17T01:21:25.328+0000] {dag.py:2742} INFO - Sync 1 DAGs
[2026-09-17T01:21:25.343+0000] {logging_mixin.py:150} INFO - [2026-09-17T01:21:25.343+0000] {dag.py:3504} INFO - Setting next_dagrun for latest_only_with_trigger to 2026-09-16T21:21:25.342874+00:00, run_after=2026-09-17T01:21:25.342874+00:00
[2026-09-17T01:21:25.359+0000] {processor.py:179} INFO - Processing /home/vscode/.local/lib/python3.10/site-packages/airflow/example_dags/example_latest_only_with_trigger.py took 0.053 seconds
[2026-09-17T01:21:55.061+0000] {processor.py:157} INFO - Started process (PID=36646) to work on /home/vscode/.local/lib/python3.10/site-packages/airflow/example_dags/example_latest_only_with_trigger.py
[2026-09-17T01:21:55.062+0000] {processor.py:826} INFO - Processing file /home/vscode/.local/lib/python3.10/site-packages/airflow/example_dags/example_latest_only_with_trigger.py for tasks to queue
[2026-09-17T01:21:55.062+0000] {logging_mixin.py:150} INFO - [2026-09-17T01:21:55.062+0000] {dagbag.py:541} INFO - Filling up the DagBag from /home/vscode/.local/lib/python3.10/site-packages/airflow/example_dags/example_latest_only_with_trigger.py
[2026-09-17T01:21:55.067+0000] {processor.py:836} INFO - DAG(s) dict_keys(['latest_only_with_trigger']) retrieved from /home/vscode/.local/lib/python3.10/site-packages/airflow/example_dags/example_latest_only_with_trigger.py
[2026-09-17T01:21:55.082+0000] {logging_mixin.py:150} INFO - [2026-09-17T01:21:55.082+0000] {dag.py:2742} INFO - Sync 1 DAGs
[2026-09-17T01:21:55.101+0000] {logging_mixin.py:150} INFO - [2026-09-17T01:21:55.101+0000] {dag.py:3504} INFO - Setting next_dagrun for latest_only_with_trigger to 2026-09-16T21:21:55.101153+00:00, run_after=2026-09-17T01:21:55.101153+00:00
[2026-09-17T01:21:55.117+0000] {processor.py:179} INFO - Processing /home/vscode/.local/lib/python3.10/site-packages/airflow/example_dags/example_latest_only_with_trigger.py took 0.058 seconds
[2026-09-17T01:22:15.825+0000] {processor.py:157} INFO - Started process (PID=36946) to work on /home/vscode/.local/lib/python3.10/site-packages/airflow/example_dags/example_latest_only_with_trigger.py
[2026-09-17T01:22:15.826+0000] {processor.py:826} INFO - Processing file /home/vscode/.local/lib/python3.10/site-packages/airflow/example_dags/example_latest_only_with_trigger.py for tasks to queue
[2026-09-17T01:22:15.826+0000] {logging_mixin.py:150} INFO - [2026-09-17T01:22:15.826+0000] {dagbag.py:541} INFO - Filling up the DagBag from /home/vscode/.local/lib/python3.10/site-packages/airflow/example_dags/example_latest_only_with_trigger.py
[2026-09-17T01:22:15.832+0000] {processor.py:836} INFO - DAG(s) dict_keys(['latest_only_with_trigger']) retrieved from /home/vscode/.local/lib/python3.10/site-packages/airflow/example_dags/example_latest_only_with_trigger.py
[2026-09-17T01:22:15.845+0000] {logging_mixin.py:150} INFO - [2026-09-17T01:22:15.844+0000] {dag.py:2742} INFO - Sync 1 DAGs
[2026-09-17T01:22:15.868+0000] {logging_mixin.py:150} INFO - [2026-09-17T01:22:15.868+0000] {dag.py:3504} INFO - Setting next_dagrun for latest_only_with_trigger to 2026-09-16T21:22:15.868029+00:00, run_after=2026-09-17T01:22:15.868029+00:00
[2026-09-17T01:22:15.906+0000] {processor.py:179} INFO - Processing /home/vscode/.local/lib/python3.10/site-packages/airflow/example_dags/example_latest_only_with_trigger.py took 0.083 seconds
[2026-09-17T01:22:46.456+0000] {processor.py:157} INFO - Started process (PID=37282) to work on /home/vscode/.local/lib/python3.10/site-packages/airflow/example_dags/example_latest_only_with_trigger.py
[2026-09-17T01:22:46.457+0000] {processor.py:826} INFO - Processing file /home/vscode/.local/lib/python3.10/site-packages/airflow/example_dags/example_latest_only_with_trigger.py for tasks to queue
[2026-09-17T01:22:46.458+0000] {logging_mixin.py:150} INFO - [2026-09-17T01:22:46.458+0000] {dagbag.py:541} INFO - Filling up the DagBag from /home/vscode/.local/lib/python3.10/site-packages/airflow/example_dags/example_latest_only_with_trigger.py
[2026-09-17T01:22:46.463+0000] {processor.py:836} INFO - DAG(s) dict_keys(['latest_only_with_trigger']) retrieved from /home/vscode/.local/lib/python3.10/site-packages/airflow/example_dags/example_latest_only_with_trigger.py
[2026-09-17T01:22:46.475+0000] {logging_mixin.py:150} INFO - [2026-09-17T01:22:46.475+0000] {dag.py:2742} INFO - Sync 1 DAGs
[2026-09-17T01:22:46.493+0000] {logging_mixin.py:150} INFO - [2026-09-17T01:22:46.493+0000] {dag.py:3504} INFO - Setting next_dagrun for latest_only_with_trigger to 2026-09-16T21:22:46.493262+00:00, run_after=2026-09-17T01:22:46.493262+00:00
[2026-09-17T01:22:46.511+0000] {processor.py:179} INFO - Processing /home/vscode/.local/lib/python3.10/site-packages/airflow/example_dags/example_latest_only_with_trigger.py took 0.057 seconds
[2026-09-17T01:23:01.053+0000] {processor.py:157} INFO - Started process (PID=37399) to work on /home/vscode/.local/lib/python3.10/site-packages/airflow/example_dags/example_latest_only_with_trigger.py
[2026-09-17T01:23:01.053+0000] {processor.py:826} INFO - Processing file /home/vscode/.local/lib/python3.10/site-packages/airflow/example_dags/example_latest_only_with_trigger.py for tasks to queue
[2026-09-17T01:23:01.054+0000] {logging_mixin.py:150} INFO - [2026-09-17T01:23:01.054+0000] {dagbag.py:541} INFO - Filling up the DagBag from /home/vscode/.local/lib/python3.10/site-packages/airflow/example_dags/example_latest_only_with_trigger.py
[2026-09-17T01:23:01.059+0000] {processor.py:836} INFO - DAG(s) dict_keys(['latest_only_with_trigger']) retrieved from /home/vscode/.local/lib/python3.10/site-packages/airflow/example_dags/example_latest_only_with_trigger.py
[2026-09-17T01:23:01.071+0000] {logging_mixin.py:150} INFO - [2026-09-17T01:23:01.071+0000] {dag.py:2742} INFO - Sync 1 DAGs
[2026-09-17T01:23:01.087+0000] {logging_mixin.py:150} INFO - [2026-09-17T01:23:01.087+0000] {dag.py:3504} INFO - Setting next_dagrun for latest_only_with_trigger to 2026-09-16T21:23:01.087078+00:00, run_after=2026-09-17T01:23:01.087078+00:00
[2026-09-17T01:23:01.107+0000] {processor.py:179} INFO - Processing /home/vscode/.local/lib/python3.10/site-packages/airflow/example_dags/example_latest_only_with_trigger.py took 0.057 seconds
[2026-09-17T01:23:32.126+0000] {processor.py:157} INFO - Started process (PID=37725) to work on /home/vscode/.local/lib/python3.10/site-packages/airflow/example_dags/example_latest_only_with_trigger.py
[2026-09-17T01:23:32.126+0000] {processor.py:826} INFO - Processing file /home/vscode/.local/lib/python3.10/site-packages/airflow/example_dags/example_latest_only_with_trigger.py for tasks to queue
[2026-09-17T01:23:32.127+0000] {logging_mixin.py:150} INFO - [2026-09-17T01:23:32.127+0000] {dagbag.py:541} INFO - Filling up the DagBag from /home/vscode/.local/lib/python3.10/site-packages/airflow/example_dags/example_latest_only_with_trigger.py
[2026-09-17T01:23:32.132+0000] {processor.py:836} INFO - DAG(s) dict_keys(['latest_only_with_trigger']) retrieved from /home/vscode/.local/lib/python3.10/site-packages/airflow/example_dags/example_latest_only_with_trigger.py
[2026-09-17T01:23:32.145+0000] {logging_mixin.py:150} INFO - [2026-09-17T01:23:32.145+0000] {dag.py:2742} INFO - Sync 1 DAGs
[2026-09-17T01:23:32.160+0000] {logging_mixin.py:150} INFO - [2026-09-17T01:23:32.160+0000] {dag.py:3504} INFO - Setting next_dagrun for latest_only_with_trigger to 2026-09-16T21:23:32.160303+00:00, run_after=2026-09-17T01:23:32.160303+00:00
[2026-09-17T01:23:32.177+0000] {processor.py:179} INFO - Processing /home/vscode/.local/lib/python3.10/site-packages/airflow/example_dags/example_latest_only_with_trigger.py took 0.054 seconds
[2026-09-17T01:23:52.221+0000] {processor.py:157} INFO - Started process (PID=37880) to work on /home/vscode/.local/lib/python3.10/site-packages/airflow/example_dags/example_latest_only_with_trigger.py
[2026-09-17T01:23:52.221+0000] {processor.py:826} INFO - Processing file /home/vscode/.local/lib/python3.10/site-packages/airflow/example_dags/example_latest_only_with_trigger.py for tasks to queue
[2026-09-17T01:23:52.222+0000] {logging_mixin.py:150} INFO - [2026-09-17T01:23:52.222+0000] {dagbag.py:541} INFO - Filling up the DagBag from /home/vscode/.local/lib/python3.10/site-packages/airflow/example_dags/example_latest_only_with_trigger.py
[2026-09-17T01:23:52.228+0000] {processor.py:836} INFO - DAG(s) dict_keys(['latest_only_with_trigger']) retrieved from /home/vscode/.local/lib/python3.10/site-packages/airflow/example_dags/example_latest_only_with_trigger.py
[2026-09-17T01:23:52.241+0000] {logging_mixin.py:150} INFO - [2026-09-17T01:23:52.241+0000] {dag.py:2742} INFO - Sync 1 DAGs
[2026-09-17T01:23:52.256+0000] {logging_mixin.py:150} INFO - [2026-09-17T01:23:52.255+0000] {dag.py:3504} INFO - Setting next_dagrun for latest_only_with_trigger to 2026-09-16T21:23:52.255774+00:00, run_after=2026-09-17T01:23:52.255774+00:00
[2026-09-17T01:23:52.272+0000] {processor.py:179} INFO - Processing /home/vscode/.local/lib/python3.10/site-packages/airflow/example_dags/example_latest_only_with_trigger.py took 0.054 seconds
[2026-09-17T01:24:24.605+0000] {processor.py:157} INFO - Started process (PID=38332) to work on /home/vscode/.local/lib/python3.10/site-packages/airflow/example_dags/example_latest_only_with_trigger.py
[2026-09-17T01:24:24.609+0000] {processor.py:826} INFO - Processing file /home/vscode/.local/lib/python3.10/site-packages/airflow/example_dags/example_latest_only_with_trigger.py for tasks to queue
[2026-09-17T01:24:24.609+0000] {logging_mixin.py:150} INFO - [2026-09-17T01:24:24.609+0000] {dagbag.py:541} INFO - Filling up the DagBag from /home/vscode/.local/lib/python3.10/site-packages/airflow/example_dags/example_latest_only_with_trigger.py
[2026-09-17T01:24:24.627+0000] {processor.py:836} INFO - DAG(s) dict_keys(['latest_only_with_trigger']) retrieved from /home/vscode/.local/lib/python3.10/site-packages/airflow/example_dags/example_latest_only_with_trigger.py
[2026-09-17T01:24:24.685+0000] {logging_mixin.py:150} INFO - [2026-09-17T01:24:24.683+0000] {dag.py:2742} INFO - Sync 1 DAGs
[2026-09-17T01:24:24.737+0000] {logging_mixin.py:150} INFO - [2026-09-17T01:24:24.737+0000] {dag.py:3504} INFO - Setting next_dagrun for latest_only_with_trigger to 2026-09-16T21:24:24.736476+00:00, run_after=2026-09-17T01:24:24.736476+00:00
[2026-09-17T01:24:24.797+0000] {processor.py:179} INFO - Processing /home/vscode/.local/lib/python3.10/site-packages/airflow/example_dags/example_latest_only_with_trigger.py took 0.198 seconds
