[2026-09-17T00:55:29.619+0000] {processor.py:157} INFO - Started process (PID=21938) to work on /home/vscode/.local/lib/python3.10/site-packages/airflow/example_dags/example_short_circuit_decorator.py
[2026-09-17T00:55:29.620+0000] {processor.py:826} INFO - Processing file /home/vscode/.local/lib/python3.10/site-packages/airflow/example_dags/example_short_circuit_decorator.py for tasks to queue
[2026-09-17T00:55:29.623+0000] {logging_mixin.py:150} INFO - [2026-09-17T00:55:29.621+0000] {dagbag.py:541} INFO - Filling up the DagBag from /home/vscode/.local/lib/python3.10/site-packages/airflow/example_dags/example_short_circuit_decorator.py
[2026-09-17T00:55:29.648+0000] {processor.py:836} INFO - DAG(s) dict_keys(['example_short_circuit_decorator']) retrieved from /home/vscode/.local/lib/python3.10/site-packages/airflow/example_dags/example_short_circuit_decorator.py
[2026-09-17T00:55:29.801+0000] {logging_mixin.py:150} INFO - [2026-09-17T00:55:29.800+0000] {manager.py:504} INFO - Created Permission View: can delete on DAG:example_short_circuit_decorator
[2026-09-17T00:55:29.815+0000] {logging_mixin.py:150} INFO - [2026-09-17T00:55:29.815+0000] {manager.py:504} INFO - Created Permission View: can edit on DAG:example_short_circuit_decorator
[2026-09-17T00:55:29.827+0000] {logging_mixin.py:150} INFO - [2026-09-17T00:55:29.826+0000] {manager.py:504} INFO - Created Permission View: can read on DAG:example_short_circuit_decorator
[2026-09-17T00:55:29.858+0000] {logging_mixin.py:150} INFO - [2026-09-17T00:55:29.857+0000] {dag.py:2742} INFO - Sync 1 DAGs
[2026-09-17T00:55:29.876+0000] {logging_mixin.py:150} INFO - [2026-09-17T00:55:29.875+0000] {dag.py:2763} INFO - Creating ORM DAG for example_short_circuit_decorator
[2026-09-17T00:55:29.892+0000] {logging_mixin.py:150} INFO - [2026-09-17T00:55:29.892+0000] {dag.py:3504} INFO - Setting next_dagrun for example_short_circuit_decorator to 2026-09-16T00:55:29.892199+00:00, run_after=2026-09-17T00:55:29.892199+00:00
[2026-09-17T00:55:29.926+0000] {processor.py:179} INFO - Processing /home/vscode/.local/lib/python3.10/site-packages/airflow/example_dags/example_short_circuit_decorator.py took 0.316 seconds
[2026-09-17T00:56:00.704+0000] {processor.py:157} INFO - Started process (PID=22300) to work on /home/vscode/.local/lib/python3.10/site-packages/airflow/example_dags/example_short_circuit_decorator.py
[2026-09-17T00:56:00.705+0000] {processor.py:826} INFO - Processing file /home/vscode/.local/lib/python3.10/site-packages/airflow/example_dags/example_short_circuit_decorator.py for tasks to queue
[2026-09-17T00:56:00.706+0000] {logging_mixin.py:150} INFO - [2026-09-17T00:56:00.706+0000] {dagbag.py:541} INFO - Filling up the DagBag from /home/vscode/.local/lib/python3.10/site-packages/airflow/example_dags/example_short_circuit_decorator.py
[2026-09-17T00:56:00.718+0000] {processor.py:836} INFO - DAG(s) dict_keys(['example_short_circuit_decorator']) retrieved from /home/vscode/.local/lib/python3.10/site-packages/airflow/example_dags/example_short_circuit_decorator.py
[2026-09-17T00:56:00.748+0000] {logging_mixin.py:150} INFO - [2026-09-17T00:56:00.747+0000] {dag.py:2742} INFO - Sync 1 DAGs
[2026-09-17T00:56:00.783+0000] {logging_mixin.py:150} INFO - [2026-09-17T00:56:00.783+0000] {dag.py:3504} INFO - Setting next_dagrun for example_short_circuit_decorator to 2026-09-16T00:56:00.782914+00:00, run_after=2026-09-17T00:56:00.782914+00:00
[2026-09-17T00:56:00.828+0000] {processor.py:179} INFO - Processing /home/vscode/.local/lib/python3.10/site-packages/airflow/example_dags/example_short_circuit_decorator.py took 0.127 seconds
[2026-09-17T00:56:26.966+0000] {processor.py:157} INFO - Started process (PID=22507) to work on /home/vscode/.local/lib/python3.10/site-packages/airflow/example_dags/example_short_circuit_decorator.py
[2026-09-17T00:56:26.967+0000] {processor.py:826} INFO - Processing file /home/vscode/.local/lib/python3.10/site-packages/airflow/example_dags/example_short_circuit_decorator.py for tasks to queue
[2026-09-17T00:56:26.968+0000] {logging_mixin.py:150} INFO - [2026-09-17T00:56:26.968+0000] {dagbag.py:541} INFO - Filling up the DagBag from /home/vscode/.local/lib/python3.10/site-packages/airflow/example_dags/example_short_circuit_decorator.py
[2026-09-17T00:56:26.980+0000] {processor.py:836} INFO - DAG(s) dict_keys(['example_short_circuit_decorator']) retrieved from /home/vscode/.local/lib/python3.10/site-packages/airflow/example_dags/example_short_circuit_decorator.py
[2026-09-17T00:56:26.996+0000] {logging_mixin.py:150} INFO - [2026-09-17T00:56:26.996+0000] {dag.py:2742} INFO - Sync 1 DAGs
[2026-09-17T00:56:27.011+0000] {logging_mixin.py:150} INFO - [2026-09-17T00:56:27.011+0000] {dag.py:3504} INFO - Setting next_dagrun for example_short_circuit_decorator to 2026-09-16T00:56:27.011627+00:00, run_after=2026-09-17T00:56:27.011627+00:00
[2026-09-17T00:56:27.030+0000] {processor.py:179} INFO - Processing /home/vscode/.local/lib/python3.10/site-packages/airflow/example_dags/example_short_circuit_decorator.py took 0.068 seconds
[2026-09-17T00:56:48.124+0000] {processor.py:157} INFO - Started process (PID=22757) to work on /home/vscode/.local/lib/python3.10/site-packages/airflow/example_dags/example_short_circuit_decorator.py
[2026-09-17T00:56:48.131+0000] {processor.py:826} INFO - Processing file /home/vscode/.local/lib/python3.10/site-packages/airflow/example_dags/example_short_circuit_decorator.py for tasks to queue
[2026-09-17T00:56:48.132+0000] {logging_mixin.py:150} INFO - [2026-09-17T00:56:48.131+0000] {dagbag.py:541} INFO - Filling up the DagBag from /home/vscode/.local/lib/python3.10/site-packages/airflow/example_dags/example_short_circuit_decorator.py
[2026-09-17T00:56:48.143+0000] {processor.py:836} INFO - DAG(s) dict_keys(['example_short_circuit_decorator']) retrieved from /home/vscode/.local/lib/python3.10/site-packages/airflow/example_dags/example_short_circuit_decorator.py
[2026-09-17T00:56:48.169+0000] {logging_mixin.py:150} INFO - [2026-09-17T00:56:48.169+0000] {dag.py:2742} INFO - Sync 1 DAGs
[2026-09-17T00:56:48.199+0000] {logging_mixin.py:150} INFO - [2026-09-17T00:56:48.198+0000] {dag.py:3504} INFO - Setting next_dagrun for example_short_circuit_decorator to 2026-09-16T00:56:48.198669+00:00, run_after=2026-09-17T00:56:48.198669+00:00
[2026-09-17T00:56:48.234+0000] {processor.py:179} INFO - Processing /home/vscode/.local/lib/python3.10/site-packages/airflow/example_dags/example_short_circuit_decorator.py took 0.118 seconds
[2026-09-17T00:57:15.541+0000] {processor.py:157} INFO - Started process (PID=22966) to work on /home/vscode/.local/lib/python3.10/site-packages/airflow/example_dags/example_short_circuit_decorator.py
[2026-09-17T00:57:15.542+0000] {processor.py:826} INFO - Processing file /home/vscode/.local/lib/python3.10/site-packages/airflow/example_dags/example_short_circuit_decorator.py for tasks to queue
[2026-09-17T00:57:15.543+0000] {logging_mixin.py:150} INFO - [2026-09-17T00:57:15.543+0000] {dagbag.py:541} INFO - Filling up the DagBag from /home/vscode/.local/lib/python3.10/site-packages/airflow/example_dags/example_short_circuit_decorator.py
[2026-09-17T00:57:15.562+0000] {processor.py:836} INFO - DAG(s) dict_keys(['example_short_circuit_decorator']) retrieved from /home/vscode/.local/lib/python3.10/site-packages/airflow/example_dags/example_short_circuit_decorator.py
[2026-09-17T00:57:15.622+0000] {logging_mixin.py:150} INFO - [2026-09-17T00:57:15.622+0000] {dag.py:2742} INFO - Sync 1 DAGs
[2026-09-17T00:57:15.638+0000] {logging_mixin.py:150} INFO - [2026-09-17T00:57:15.638+0000] {dag.py:3504} INFO - Setting next_dagrun for example_short_circuit_decorator to 2026-09-16T00:57:15.638561+00:00, run_after=2026-09-17T00:57:15.638561+00:00
[2026-09-17T00:57:15.659+0000] {processor.py:179} INFO - Processing /home/vscode/.local/lib/python3.10/site-packages/airflow/example_dags/example_short_circuit_decorator.py took 0.121 seconds
[2026-09-17T00:57:40.274+0000] {processor.py:157} INFO - Started process (PID=23147) to work on /home/vscode/.local/lib/python3.10/site-packages/airflow/example_dags/example_short_circuit_decorator.py
[2026-09-17T00:57:40.276+0000] {processor.py:826} INFO - Processing file /home/vscode/.local/lib/python3.10/site-packages/airflow/example_dags/example_short_circuit_decorator.py for tasks to queue
[2026-09-17T00:57:40.277+0000] {logging_mixin.py:150} INFO - [2026-09-17T00:57:40.276+0000] {dagbag.py:541} INFO - Filling up the DagBag from /home/vscode/.local/lib/python3.10/site-packages/airflow/example_dags/example_short_circuit_decorator.py
[2026-09-17T00:57:40.287+0000] {processor.py:836} INFO - DAG(s) dict_keys(['example_short_circuit_decorator']) retrieved from /home/vscode/.local/lib/python3.10/site-packages/airflow/example_dags/example_short_circuit_decorator.py
[2026-09-17T00:57:40.327+0000] {logging_mixin.py:150} INFO - [2026-09-17T00:57:40.326+0000] {dag.py:2742} INFO - Sync 1 DAGs
[2026-09-17T00:57:40.349+0000] {logging_mixin.py:150} INFO - [2026-09-17T00:57:40.348+0000] {dag.py:3504} INFO - Setting next_dagrun for example_short_circuit_decorator to 2026-09-16T00:57:40.348680+00:00, run_after=2026-09-17T00:57:40.348680+00:00
[2026-09-17T00:57:40.374+0000] {processor.py:179} INFO - Processing /home/vscode/.local/lib/python3.10/site-packages/airflow/example_dags/example_short_circuit_decorator.py took 0.103 seconds
[2026-09-17T00:57:58.153+0000] {processor.py:157} INFO - Started process (PID=23286) to work on /home/vscode/.local/lib/python3.10/site-packages/airflow/example_dags/example_short_circuit_decorator.py
[2026-09-17T00:57:58.153+0000] {processor.py:826} INFO - Processing file /home/vscode/.local/lib/python3.10/site-packages/airflow/example_dags/example_short_circuit_decorator.py for tasks to queue
[2026-09-17T00:57:58.154+0000] {logging_mixin.py:150} INFO - [2026-09-17T00:57:58.154+0000] {dagbag.py:541} INFO - Filling up the DagBag from /home/vscode/.local/lib/python3.10/site-packages/airflow/example_dags/example_short_circuit_decorator.py
[2026-09-17T00:57:58.163+0000] {processor.py:836} INFO - DAG(s) dict_keys(['example_short_circuit_decorator']) retrieved from /home/vscode/.local/lib/python3.10/site-packages/airflow/example_dags/example_short_circuit_decorator.py
[2026-09-17T00:57:58.178+0000] {logging_mixin.py:150} INFO - [2026-09-17T00:57:58.178+0000] {dag.py:2742} INFO - Sync 1 DAGs
[2026-09-17T00:57:58.199+0000] {logging_mixin.py:150} INFO - [2026-09-17T00:57:58.199+0000] {dag.py:3504} INFO - Setting next_dagrun for example_short_circuit_decorator to 2026-09-16T00:57:58.199045+00:00, run_after=2026-09-17T00:57:58.199045+00:00
[2026-09-17T00:57:58.216+0000] {processor.py:179} INFO - Processing /home/vscode/.local/lib/python3.10/site-packages/airflow/example_dags/example_short_circuit_decorator.py took 0.066 seconds
[2026-09-17T00:58:30.470+0000] {processor.py:157} INFO - Started process (PID=23635) to work on /home/vscode/.local/lib/python3.10/site-packages/airflow/example_dags/example_short_circuit_decorator.py
[2026-09-17T00:58:30.471+0000] {processor.py:826} INFO - Processing file /home/vscode/.local/lib/python3.10/site-packages/airflow/example_dags/example_short_circuit_decorator.py for tasks to queue
[2026-09-17T00:58:30.472+0000] {logging_mixin.py:150} INFO - [2026-09-17T00:58:30.472+0000] {dagbag.py:541} INFO - Filling up the DagBag from /home/vscode/.local/lib/python3.10/site-packages/airflow/example_dags/example_short_circuit_decorator.py
[2026-09-17T00:58:30.485+0000] {processor.py:836} INFO - DAG(s) dict_keys(['example_short_circuit_decorator']) retrieved from /home/vscode/.local/lib/python3.10/site-packages/airflow/example_dags/example_short_circuit_decorator.py
[2026-09-17T00:58:30.510+0000] {logging_mixin.py:150} INFO - [2026-09-17T00:58:30.510+0000] {dag.py:2742} INFO - Sync 1 DAGs
[2026-09-17T00:58:30.531+0000] {logging_mixin.py:150} INFO - [2026-09-17T00:58:30.531+0000] {dag.py:3504} INFO - Setting next_dagrun for example_short_circuit_decorator to 2026-09-16T00:58:30.530934+00:00, run_after=2026-09-17T00:58:30.530934+00:00
[2026-09-17T00:58:30.553+0000] {processor.py:179} INFO - Processing /home/vscode/.local/lib/python3.10/site-packages/airflow/example_dags/example_short_circuit_decorator.py took 0.086 seconds
[2026-09-17T00:58:46.876+0000] {processor.py:157} INFO - Started process (PID=23800) to work on /home/vscode/.local/lib/python3.10/site-packages/airflow/example_dags/example_short_circuit_decorator.py
[2026-09-17T00:58:46.880+0000] {processor.py:826} INFO - Processing file /home/vscode/.local/lib/python3.10/site-packages/airflow/example_dags/example_short_circuit_decorator.py for tasks to queue
[2026-09-17T00:58:46.881+0000] {logging_mixin.py:150} INFO - [2026-09-17T00:58:46.881+0000] {dagbag.py:541} INFO - Filling up the DagBag from /home/vscode/.local/lib/python3.10/site-packages/airflow/example_dags/example_short_circuit_decorator.py
[2026-09-17T00:58:46.902+0000] {processor.py:836} INFO - DAG(s) dict_keys(['example_short_circuit_decorator']) retrieved from /home/vscode/.local/lib/python3.10/site-packages/airflow/example_dags/example_short_circuit_decorator.py
[2026-09-17T00:58:46.927+0000] {logging_mixin.py:150} INFO - [2026-09-17T00:58:46.927+0000] {dag.py:2742} INFO - Sync 1 DAGs
[2026-09-17T00:58:46.949+0000] {logging_mixin.py:150} INFO - [2026-09-17T00:58:46.949+0000] {dag.py:3504} INFO - Setting next_dagrun for example_short_circuit_decorator to 2026-09-16T00:58:46.949436+00:00, run_after=2026-09-17T00:58:46.949436+00:00
[2026-09-17T00:58:47.002+0000] {processor.py:179} INFO - Processing /home/vscode/.local/lib/python3.10/site-packages/airflow/example_dags/example_short_circuit_decorator.py took 0.132 seconds
[2026-09-17T00:59:25.379+0000] {processor.py:157} INFO - Started process (PID=24281) to work on /home/vscode/.local/lib/python3.10/site-packages/airflow/example_dags/example_short_circuit_decorator.py
[2026-09-17T00:59:25.379+0000] {processor.py:826} INFO - Processing file /home/vscode/.local/lib/python3.10/site-packages/airflow/example_dags/example_short_circuit_decorator.py for tasks to queue
[2026-09-17T00:59:25.380+0000] {logging_mixin.py:150} INFO - [2026-09-17T00:59:25.380+0000] {dagbag.py:541} INFO - Filling up the DagBag from /home/vscode/.local/lib/python3.10/site-packages/airflow/example_dags/example_short_circuit_decorator.py
[2026-09-17T00:59:25.391+0000] {processor.py:836} INFO - DAG(s) dict_keys(['example_short_circuit_decorator']) retrieved from /home/vscode/.local/lib/python3.10/site-packages/airflow/example_dags/example_short_circuit_decorator.py
[2026-09-17T00:59:25.419+0000] {logging_mixin.py:150} INFO - [2026-09-17T00:59:25.419+0000] {dag.py:2742} INFO - Sync 1 DAGs
[2026-09-17T00:59:25.440+0000] {logging_mixin.py:150} INFO - [2026-09-17T00:59:25.440+0000] {dag.py:3504} INFO - Setting next_dagrun for example_short_circuit_decorator to 2026-09-16T00:59:25.440112+00:00, run_after=2026-09-17T00:59:25.440112+00:00
[2026-09-17T00:59:25.459+0000] {processor.py:179} INFO - Processing /home/vscode/.local/lib/python3.10/site-packages/airflow/example_dags/example_short_circuit_decorator.py took 0.082 seconds
[2026-09-17T00:59:36.717+0000] {processor.py:157} INFO - Started process (PID=24448) to work on /home/vscode/.local/lib/python3.10/site-packages/airflow/example_dags/example_short_circuit_decorator.py
[2026-09-17T00:59:36.718+0000] {processor.py:826} INFO - Processing file /home/vscode/.local/lib/python3.10/site-packages/airflow/example_dags/example_short_circuit_decorator.py for tasks to queue
[2026-09-17T00:59:36.719+0000] {logging_mixin.py:150} INFO - [2026-09-17T00:59:36.718+0000] {dagbag.py:541} INFO - Filling up the DagBag from /home/vscode/.local/lib/python3.10/site-packages/airflow/example_dags/example_short_circuit_decorator.py
[2026-09-17T00:59:36.726+0000] {processor.py:836} INFO - DAG(s) dict_keys(['example_short_circuit_decorator']) retrieved from /home/vscode/.local/lib/python3.10/site-packages/airflow/example_dags/example_short_circuit_decorator.py
[2026-09-17T00:59:36.740+0000] {logging_mixin.py:150} INFO - [2026-09-17T00:59:36.740+0000] {dag.py:2742} INFO - Sync 1 DAGs
[2026-09-17T00:59:36.758+0000] {logging_mixin.py:150} INFO - [2026-09-17T00:59:36.758+0000] {dag.py:3504} INFO - Setting next_dagrun for example_short_circuit_decorator to 2026-09-16T00:59:36.758341+00:00, run_after=2026-09-17T00:59:36.758341+00:00
[2026-09-17T00:59:36.785+0000] {processor.py:179} INFO - Processing /home/vscode/.local/lib/python3.10/site-packages/airflow/example_dags/example_short_circuit_decorator.py took 0.070 seconds
[2026-09-17T01:00:15.513+0000] {processor.py:157} INFO - Started process (PID=25014) to work on /home/vscode/.local/lib/python3.10/site-packages/airflow/example_dags/example_short_circuit_decorator.py
[2026-09-17T01:00:15.514+0000] {processor.py:826} INFO - Processing file /home/vscode/.local/lib/python3.10/site-packages/airflow/example_dags/example_short_circuit_decorator.py for tasks to queue
[2026-09-17T01:00:15.515+0000] {logging_mixin.py:150} INFO - [2026-09-17T01:00:15.514+0000] {dagbag.py:541} INFO - Filling up the DagBag from /home/vscode/.local/lib/python3.10/site-packages/airflow/example_dags/example_short_circuit_decorator.py
[2026-09-17T01:00:15.526+0000] {processor.py:836} INFO - DAG(s) dict_keys(['example_short_circuit_decorator']) retrieved from /home/vscode/.local/lib/python3.10/site-packages/airflow/example_dags/example_short_circuit_decorator.py
[2026-09-17T01:00:15.544+0000] {logging_mixin.py:150} INFO - [2026-09-17T01:00:15.544+0000] {dag.py:2742} INFO - Sync 1 DAGs
[2026-09-17T01:00:15.559+0000] {logging_mixin.py:150} INFO - [2026-09-17T01:00:15.559+0000] {dag.py:3504} INFO - Setting next_dagrun for example_short_circuit_decorator to 2026-09-16T01:00:15.559384+00:00, run_after=2026-09-17T01:00:15.559384+00:00
[2026-09-17T01:00:15.577+0000] {processor.py:179} INFO - Processing /home/vscode/.local/lib/python3.10/site-packages/airflow/example_dags/example_short_circuit_decorator.py took 0.067 seconds
[2026-09-17T01:00:29.367+0000] {processor.py:157} INFO - Started process (PID=25227) to work on /home/vscode/.local/lib/python3.10/site-packages/airflow/example_dags/example_short_circuit_decorator.py
[2026-09-17T01:00:29.368+0000] {processor.py:826} INFO - Processing file /home/vscode/.local/lib/python3.10/site-packages/airflow/example_dags/example_short_circuit_decorator.py for tasks to queue
[2026-09-17T01:00:29.369+0000] {logging_mixin.py:150} INFO - [2026-09-17T01:00:29.368+0000] {dagbag.py:541} INFO - Filling up the DagBag from /home/vscode/.local/lib/python3.10/site-packages/airflow/example_dags/example_short_circuit_decorator.py
[2026-09-17T01:00:29.376+0000] {processor.py:836} INFO - DAG(s) dict_keys(['example_short_circuit_decorator']) retrieved from /home/vscode/.local/lib/python3.10/site-packages/airflow/example_dags/example_short_circuit_decorator.py
[2026-09-17T01:00:29.397+0000] {logging_mixin.py:150} INFO - [2026-09-17T01:00:29.397+0000] {dag.py:2742} INFO - Sync 1 DAGs
[2026-09-17T01:00:29.419+0000] {logging_mixin.py:150} INFO - [2026-09-17T01:00:29.419+0000] {dag.py:3504} INFO - Setting next_dagrun for example_short_circuit_decorator to 2026-09-16T01:00:29.419309+00:00, run_after=2026-09-17T01:00:29.419309+00:00
[2026-09-17T01:00:29.437+0000] {processor.py:179} INFO - Processing /home/vscode/.local/lib/python3.10/site-packages/airflow/example_dags/example_short_circuit_decorator.py took 0.072 seconds
[2026-09-17T01:01:05.847+0000] {processor.py:157} INFO - Started process (PID=25553) to work on /home/vscode/.local/lib/python3.10/site-packages/airflow/example_dags/example_short_circuit_decorator.py
[2026-09-17T01:01:05.847+0000] {processor.py:826} INFO - Processing file /home/vscode/.local/lib/python3.10/site-packages/airflow/example_dags/example_short_circuit_decorator.py for tasks to queue
[2026-09-17T01:01:05.848+0000] {logging_mixin.py:150} INFO - [2026-09-17T01:01:05.848+0000] {dagbag.py:541} INFO - Filling up the DagBag from /home/vscode/.local/lib/python3.10/site-packages/airflow/example_dags/example_short_circuit_decorator.py
[2026-09-17T01:01:05.856+0000] {processor.py:836} INFO - DAG(s) dict_keys(['example_short_circuit_decorator']) retrieved from /home/vscode/.local/lib/python3.10/site-packages/airflow/example_dags/example_short_circuit_decorator.py
[2026-09-17T01:01:05.869+0000] {logging_mixin.py:150} INFO - [2026-09-17T01:01:05.869+0000] {dag.py:2742} INFO - Sync 1 DAGs
[2026-09-17T01:01:05.888+0000] {logging_mixin.py:150} INFO - [2026-09-17T01:01:05.888+0000] {dag.py:3504} INFO - Setting next_dagrun for example_short_circuit_decorator to 2026-09-16T01:01:05.887975+00:00, run_after=2026-09-17T01:01:05.887975+00:00
[2026-09-17T01:01:05.916+0000] {processor.py:179} INFO - Processing /home/vscode/.local/lib/python3.10/site-packages/airflow/example_dags/example_short_circuit_decorator.py took 0.072 seconds
[2026-09-17T01:01:21.994+0000] {processor.py:157} INFO - Started process (PID=25695) to work on /home/vscode/.local/lib/python3.10/site-packages/airflow/example_dags/example_short_circuit_decorator.py
[2026-09-17T01:01:21.995+0000] {processor.py:826} INFO - Processing file /home/vscode/.local/lib/python3.10/site-packages/airflow/example_dags/example_short_circuit_decorator.py for tasks to queue
[2026-09-17T01:01:21.995+0000] {logging_mixin.py:150} INFO - [2026-09-17T01:01:21.995+0000] {dagbag.py:541} INFO - Filling up the DagBag from /home/vscode/.local/lib/python3.10/site-packages/airflow/example_dags/example_short_circuit_decorator.py
[2026-09-17T01:01:22.007+0000] {processor.py:836} INFO - DAG(s) dict_keys(['example_short_circuit_decorator']) retrieved from /home/vscode/.local/lib/python3.10/site-packages/airflow/example_dags/example_short_circuit_decorator.py
[2026-09-17T01:01:22.030+0000] {logging_mixin.py:150} INFO - [2026-09-17T01:01:22.029+0000] {dag.py:2742} INFO - Sync 1 DAGs
[2026-09-17T01:01:22.048+0000] {logging_mixin.py:150} INFO - [2026-09-17T01:01:22.048+0000] {dag.py:3504} INFO - Setting next_dagrun for example_short_circuit_decorator to 2026-09-16T01:01:22.048192+00:00, run_after=2026-09-17T01:01:22.048192+00:00
[2026-09-17T01:01:22.070+0000] {processor.py:179} INFO - Processing /home/vscode/.local/lib/python3.10/site-packages/airflow/example_dags/example_short_circuit_decorator.py took 0.079 seconds
[2026-09-17T01:01:53.522+0000] {processor.py:157} INFO - Started process (PID=25952) to work on /home/vscode/.local/lib/python3.10/site-packages/airflow/example_dags/example_short_circuit_decorator.py
[2026-09-17T01:01:53.523+0000] {processor.py:826} INFO - Processing file /home/vscode/.local/lib/python3.10/site-packages/airflow/example_dags/example_short_circuit_decorator.py for tasks to queue
[2026-09-17T01:01:53.524+0000] {logging_mixin.py:150} INFO - [2026-09-17T01:01:53.523+0000] {dagbag.py:541} INFO - Filling up the DagBag from /home/vscode/.local/lib/python3.10/site-packages/airflow/example_dags/example_short_circuit_decorator.py
[2026-09-17T01:01:53.536+0000] {processor.py:836} INFO - DAG(s) dict_keys(['example_short_circuit_decorator']) retrieved from /home/vscode/.local/lib/python3.10/site-packages/airflow/example_dags/example_short_circuit_decorator.py
[2026-09-17T01:01:53.572+0000] {logging_mixin.py:150} INFO - [2026-09-17T01:01:53.572+0000] {dag.py:2742} INFO - Sync 1 DAGs
[2026-09-17T01:01:53.594+0000] {logging_mixin.py:150} INFO - [2026-09-17T01:01:53.594+0000] {dag.py:3504} INFO - Setting next_dagrun for example_short_circuit_decorator to 2026-09-16T01:01:53.594468+00:00, run_after=2026-09-17T01:01:53.594468+00:00
[2026-09-17T01:01:53.622+0000] {processor.py:179} INFO - Processing /home/vscode/.local/lib/python3.10/site-packages/airflow/example_dags/example_short_circuit_decorator.py took 0.105 seconds
[2026-09-17T01:02:14.040+0000] {processor.py:157} INFO - Started process (PID=26126) to work on /home/vscode/.local/lib/python3.10/site-packages/airflow/example_dags/example_short_circuit_decorator.py
[2026-09-17T01:02:14.041+0000] {processor.py:826} INFO - Processing file /home/vscode/.local/lib/python3.10/site-packages/airflow/example_dags/example_short_circuit_decorator.py for tasks to queue
[2026-09-17T01:02:14.041+0000] {logging_mixin.py:150} INFO - [2026-09-17T01:02:14.041+0000] {dagbag.py:541} INFO - Filling up the DagBag from /home/vscode/.local/lib/python3.10/site-packages/airflow/example_dags/example_short_circuit_decorator.py
[2026-09-17T01:02:14.049+0000] {processor.py:836} INFO - DAG(s) dict_keys(['example_short_circuit_decorator']) retrieved from /home/vscode/.local/lib/python3.10/site-packages/airflow/example_dags/example_short_circuit_decorator.py
[2026-09-17T01:02:14.063+0000] {logging_mixin.py:150} INFO - [2026-09-17T01:02:14.063+0000] {dag.py:2742} INFO - Sync 1 DAGs
[2026-09-17T01:02:14.077+0000] {logging_mixin.py:150} INFO - [2026-09-17T01:02:14.077+0000] {dag.py:3504} INFO - Setting next_dagrun for example_short_circuit_decorator to 2026-09-16T01:02:14.077205+00:00, run_after=2026-09-17T01:02:14.077205+00:00
[2026-09-17T01:02:14.097+0000] {processor.py:179} INFO - Processing /home/vscode/.local/lib/python3.10/site-packages/airflow/example_dags/example_short_circuit_decorator.py took 0.060 seconds
[2026-09-17T01:02:38.143+0000] {processor.py:157} INFO - Started process (PID=26325) to work on /home/vscode/.local/lib/python3.10/site-packages/airflow/example_dags/example_short_circuit_decorator.py
[2026-09-17T01:02:38.144+0000] {processor.py:826} INFO - Processing file /home/vscode/.local/lib/python3.10/site-packages/airflow/example_dags/example_short_circuit_decorator.py for tasks to queue
[2026-09-17T01:02:38.144+0000] {logging_mixin.py:150} INFO - [2026-09-17T01:02:38.144+0000] {dagbag.py:541} INFO - Filling up the DagBag from /home/vscode/.local/lib/python3.10/site-packages/airflow/example_dags/example_short_circuit_decorator.py
[2026-09-17T01:02:38.152+0000] {processor.py:836} INFO - DAG(s) dict_keys(['example_short_circuit_decorator']) retrieved from /home/vscode/.local/lib/python3.10/site-packages/airflow/example_dags/example_short_circuit_decorator.py
[2026-09-17T01:02:38.166+0000] {logging_mixin.py:150} INFO - [2026-09-17T01:02:38.166+0000] {dag.py:2742} INFO - Sync 1 DAGs
[2026-09-17T01:02:38.180+0000] {logging_mixin.py:150} INFO - [2026-09-17T01:02:38.180+0000] {dag.py:3504} INFO - Setting next_dagrun for example_short_circuit_decorator to 2026-09-16T01:02:38.180536+00:00, run_after=2026-09-17T01:02:38.180536+00:00
[2026-09-17T01:02:38.200+0000] {processor.py:179} INFO - Processing /home/vscode/.local/lib/python3.10/site-packages/airflow/example_dags/example_short_circuit_decorator.py took 0.060 seconds
[2026-09-17T01:03:07.577+0000] {processor.py:157} INFO - Started process (PID=26583) to work on /home/vscode/.local/lib/python3.10/site-packages/airflow/example_dags/example_short_circuit_decorator.py
[2026-09-17T01:03:07.578+0000] {processor.py:826} INFO - Processing file /home/vscode/.local/lib/python3.10/site-packages/airflow/example_dags/example_short_circuit_decorator.py for tasks to queue
[2026-09-17T01:03:07.579+0000] {logging_mixin.py:150} INFO - [2026-09-17T01:03:07.578+0000] {dagbag.py:541} INFO - Filling up the DagBag from /home/vscode/.local/lib/python3.10/site-packages/airflow/example_dags/example_short_circuit_decorator.py
[2026-09-17T01:03:07.590+0000] {processor.py:836} INFO - DAG(s) dict_keys(['example_short_circuit_decorator']) retrieved from /home/vscode/.local/lib/python3.10/site-packages/airflow/example_dags/example_short_circuit_decorator.py
[2026-09-17T01:03:07.608+0000] {logging_mixin.py:150} INFO - [2026-09-17T01:03:07.608+0000] {dag.py:2742} INFO - Sync 1 DAGs
[2026-09-17T01:03:07.625+0000] {logging_mixin.py:150} INFO - [2026-09-17T01:03:07.625+0000] {dag.py:3504} INFO - Setting next_dagrun for example_short_circuit_decorator to 2026-09-16T01:03:07.624857+00:00, run_after=2026-09-17T01:03:07.624857+00:00
[2026-09-17T01:03:07.641+0000] {processor.py:179} INFO - Processing /home/vscode/.local/lib/python3.10/site-packages/airflow/example_dags/example_short_circuit_decorator.py took 0.066 seconds
[2026-09-17T01:03:26.414+0000] {processor.py:157} INFO - Started process (PID=26740) to work on /home/vscode/.local/lib/python3.10/site-packages/airflow/example_dags/example_short_circuit_decorator.py
[2026-09-17T01:03:26.415+0000] {processor.py:826} INFO - Processing file /home/vscode/.local/lib/python3.10/site-packages/airflow/example_dags/example_short_circuit_decorator.py for tasks to queue
[2026-09-17T01:03:26.416+0000] {logging_mixin.py:150} INFO - [2026-09-17T01:03:26.416+0000] {dagbag.py:541} INFO - Filling up the DagBag from /home/vscode/.local/lib/python3.10/site-packages/airflow/example_dags/example_short_circuit_decorator.py
[2026-09-17T01:03:26.427+0000] {processor.py:836} INFO - DAG(s) dict_keys(['example_short_circuit_decorator']) retrieved from /home/vscode/.local/lib/python3.10/site-packages/airflow/example_dags/example_short_circuit_decorator.py
[2026-09-17T01:03:26.445+0000] {logging_mixin.py:150} INFO - [2026-09-17T01:03:26.445+0000] {dag.py:2742} INFO - Sync 1 DAGs
[2026-09-17T01:03:26.459+0000] {logging_mixin.py:150} INFO - [2026-09-17T01:03:26.459+0000] {dag.py:3504} INFO - Setting next_dagrun for example_short_circuit_decorator to 2026-09-16T01:03:26.459613+00:00, run_after=2026-09-17T01:03:26.459613+00:00
[2026-09-17T01:03:26.477+0000] {processor.py:179} INFO - Processing /home/vscode/.local/lib/python3.10/site-packages/airflow/example_dags/example_short_circuit_decorator.py took 0.066 seconds
[2026-09-17T01:03:57.309+0000] {processor.py:157} INFO - Started process (PID=27007) to work on /home/vscode/.local/lib/python3.10/site-packages/airflow/example_dags/example_short_circuit_decorator.py
[2026-09-17T01:03:57.310+0000] {processor.py:826} INFO - Processing file /home/vscode/.local/lib/python3.10/site-packages/airflow/example_dags/example_short_circuit_decorator.py for tasks to queue
[2026-09-17T01:03:57.311+0000] {logging_mixin.py:150} INFO - [2026-09-17T01:03:57.310+0000] {dagbag.py:541} INFO - Filling up the DagBag from /home/vscode/.local/lib/python3.10/site-packages/airflow/example_dags/example_short_circuit_decorator.py
[2026-09-17T01:03:57.318+0000] {processor.py:836} INFO - DAG(s) dict_keys(['example_short_circuit_decorator']) retrieved from /home/vscode/.local/lib/python3.10/site-packages/airflow/example_dags/example_short_circuit_decorator.py
[2026-09-17T01:03:57.336+0000] {logging_mixin.py:150} INFO - [2026-09-17T01:03:57.336+0000] {dag.py:2742} INFO - Sync 1 DAGs
[2026-09-17T01:03:57.351+0000] {logging_mixin.py:150} INFO - [2026-09-17T01:03:57.351+0000] {dag.py:3504} INFO - Setting next_dagrun for example_short_circuit_decorator to 2026-09-16T01:03:57.350980+00:00, run_after=2026-09-17T01:03:57.350980+00:00
[2026-09-17T01:03:57.368+0000] {processor.py:179} INFO - Processing /home/vscode/.local/lib/python3.10/site-packages/airflow/example_dags/example_short_circuit_decorator.py took 0.062 seconds
[2026-09-17T01:04:18.053+0000] {processor.py:157} INFO - Started process (PID=27176) to work on /home/vscode/.local/lib/python3.10/site-packages/airflow/example_dags/example_short_circuit_decorator.py
[2026-09-17T01:04:18.054+0000] {processor.py:826} INFO - Processing file /home/vscode/.local/lib/python3.10/site-packages/airflow/example_dags/example_short_circuit_decorator.py for tasks to queue
[2026-09-17T01:04:18.054+0000] {logging_mixin.py:150} INFO - [2026-09-17T01:04:18.054+0000] {dagbag.py:541} INFO - Filling up the DagBag from /home/vscode/.local/lib/python3.10/site-packages/airflow/example_dags/example_short_circuit_decorator.py
[2026-09-17T01:04:18.062+0000] {processor.py:836} INFO - DAG(s) dict_keys(['example_short_circuit_decorator']) retrieved from /home/vscode/.local/lib/python3.10/site-packages/airflow/example_dags/example_short_circuit_decorator.py
[2026-09-17T01:04:18.079+0000] {logging_mixin.py:150} INFO - [2026-09-17T01:04:18.079+0000] {dag.py:2742} INFO - Sync 1 DAGs
[2026-09-17T01:04:18.113+0000] {logging_mixin.py:150} INFO - [2026-09-17T01:04:18.112+0000] {dag.py:3504} INFO - Setting next_dagrun for example_short_circuit_decorator to 2026-09-16T01:04:18.112742+00:00, run_after=2026-09-17T01:04:18.112742+00:00
[2026-09-17T01:04:18.137+0000] {processor.py:179} INFO - Processing /home/vscode/.local/lib/python3.10/site-packages/airflow/example_dags/example_short_circuit_decorator.py took 0.086 seconds
[2026-09-17T01:04:46.784+0000] {processor.py:157} INFO - Started process (PID=27422) to work on /home/vscode/.local/lib/python3.10/site-packages/airflow/example_dags/example_short_circuit_decorator.py
[2026-09-17T01:04:46.785+0000] {processor.py:826} INFO - Processing file /home/vscode/.local/lib/python3.10/site-packages/airflow/example_dags/example_short_circuit_decorator.py for tasks to queue
[2026-09-17T01:04:46.785+0000] {logging_mixin.py:150} INFO - [2026-09-17T01:04:46.785+0000] {dagbag.py:541} INFO - Filling up the DagBag from /home/vscode/.local/lib/python3.10/site-packages/airflow/example_dags/example_short_circuit_decorator.py
[2026-09-17T01:04:46.795+0000] {processor.py:836} INFO - DAG(s) dict_keys(['example_short_circuit_decorator']) retrieved from /home/vscode/.local/lib/python3.10/site-packages/airflow/example_dags/example_short_circuit_decorator.py
[2026-09-17T01:04:46.810+0000] {logging_mixin.py:150} INFO - [2026-09-17T01:04:46.810+0000] {dag.py:2742} INFO - Sync 1 DAGs
[2026-09-17T01:04:46.825+0000] {logging_mixin.py:150} INFO - [2026-09-17T01:04:46.825+0000] {dag.py:3504} INFO - Setting next_dagrun for example_short_circuit_decorator to 2026-09-16T01:04:46.824856+00:00, run_after=2026-09-17T01:04:46.824856+00:00
[2026-09-17T01:04:46.842+0000] {processor.py:179} INFO - Processing /home/vscode/.local/lib/python3.10/site-packages/airflow/example_dags/example_short_circuit_decorator.py took 0.062 seconds
[2026-09-17T01:05:08.909+0000] {processor.py:157} INFO - Started process (PID=27605) to work on /home/vscode/.local/lib/python3.10/site-packages/airflow/example_dags/example_short_circuit_decorator.py
[2026-09-17T01:05:08.912+0000] {processor.py:826} INFO - Processing file /home/vscode/.local/lib/python3.10/site-packages/airflow/example_dags/example_short_circuit_decorator.py for tasks to queue
[2026-09-17T01:05:08.913+0000] {logging_mixin.py:150} INFO - [2026-09-17T01:05:08.913+0000] {dagbag.py:541} INFO - Filling up the DagBag from /home/vscode/.local/lib/python3.10/site-packages/airflow/example_dags/example_short_circuit_decorator.py
[2026-09-17T01:05:08.925+0000] {processor.py:836} INFO - DAG(s) dict_keys(['example_short_circuit_decorator']) retrieved from /home/vscode/.local/lib/python3.10/site-packages/airflow/example_dags/example_short_circuit_decorator.py
[2026-09-17T01:05:08.948+0000] {logging_mixin.py:150} INFO - [2026-09-17T01:05:08.948+0000] {dag.py:2742} INFO - Sync 1 DAGs
[2026-09-17T01:05:08.973+0000] {logging_mixin.py:150} INFO - [2026-09-17T01:05:08.973+0000] {dag.py:3504} INFO - Setting next_dagrun for example_short_circuit_decorator to 2026-09-16T01:05:08.973316+00:00, run_after=2026-09-17T01:05:08.973316+00:00
[2026-09-17T01:05:09.002+0000] {processor.py:179} INFO - Processing /home/vscode/.local/lib/python3.10/site-packages/airflow/example_dags/example_short_circuit_decorator.py took 0.096 seconds
[2026-09-17T01:05:36.090+0000] {processor.py:157} INFO - Started process (PID=27836) to work on /home/vscode/.local/lib/python3.10/site-packages/airflow/example_dags/example_short_circuit_decorator.py
[2026-09-17T01:05:36.090+0000] {processor.py:826} INFO - Processing file /home/vscode/.local/lib/python3.10/site-packages/airflow/example_dags/example_short_circuit_decorator.py for tasks to queue
[2026-09-17T01:05:36.091+0000] {logging_mixin.py:150} INFO - [2026-09-17T01:05:36.091+0000] {dagbag.py:541} INFO - Filling up the DagBag from /home/vscode/.local/lib/python3.10/site-packages/airflow/example_dags/example_short_circuit_decorator.py
[2026-09-17T01:05:36.101+0000] {processor.py:836} INFO - DAG(s) dict_keys(['example_short_circuit_decorator']) retrieved from /home/vscode/.local/lib/python3.10/site-packages/airflow/example_dags/example_short_circuit_decorator.py
[2026-09-17T01:05:36.115+0000] {logging_mixin.py:150} INFO - [2026-09-17T01:05:36.115+0000] {dag.py:2742} INFO - Sync 1 DAGs
[2026-09-17T01:05:36.129+0000] {logging_mixin.py:150} INFO - [2026-09-17T01:05:36.129+0000] {dag.py:3504} INFO - Setting next_dagrun for example_short_circuit_decorator to 2026-09-16T01:05:36.129318+00:00, run_after=2026-09-17T01:05:36.129318+00:00
[2026-09-17T01:05:36.146+0000] {processor.py:179} INFO - Processing /home/vscode/.local/lib/python3.10/site-packages/airflow/example_dags/example_short_circuit_decorator.py took 0.059 seconds
[2026-09-17T01:05:59.253+0000] {processor.py:157} INFO - Started process (PID=28067) to work on /home/vscode/.local/lib/python3.10/site-packages/airflow/example_dags/example_short_circuit_decorator.py
[2026-09-17T01:05:59.254+0000] {processor.py:826} INFO - Processing file /home/vscode/.local/lib/python3.10/site-packages/airflow/example_dags/example_short_circuit_decorator.py for tasks to queue
[2026-09-17T01:05:59.254+0000] {logging_mixin.py:150} INFO - [2026-09-17T01:05:59.254+0000] {dagbag.py:541} INFO - Filling up the DagBag from /home/vscode/.local/lib/python3.10/site-packages/airflow/example_dags/example_short_circuit_decorator.py
[2026-09-17T01:05:59.262+0000] {processor.py:836} INFO - DAG(s) dict_keys(['example_short_circuit_decorator']) retrieved from /home/vscode/.local/lib/python3.10/site-packages/airflow/example_dags/example_short_circuit_decorator.py
[2026-09-17T01:05:59.276+0000] {logging_mixin.py:150} INFO - [2026-09-17T01:05:59.276+0000] {dag.py:2742} INFO - Sync 1 DAGs
[2026-09-17T01:05:59.294+0000] {logging_mixin.py:150} INFO - [2026-09-17T01:05:59.294+0000] {dag.py:3504} INFO - Setting next_dagrun for example_short_circuit_decorator to 2026-09-16T01:05:59.293846+00:00, run_after=2026-09-17T01:05:59.293846+00:00
[2026-09-17T01:05:59.313+0000] {processor.py:179} INFO - Processing /home/vscode/.local/lib/python3.10/site-packages/airflow/example_dags/example_short_circuit_decorator.py took 0.063 seconds
[2026-09-17T01:06:23.571+0000] {processor.py:157} INFO - Started process (PID=28268) to work on /home/vscode/.local/lib/python3.10/site-packages/airflow/example_dags/example_short_circuit_decorator.py
[2026-09-17T01:06:23.572+0000] {processor.py:826} INFO - Processing file /home/vscode/.local/lib/python3.10/site-packages/airflow/example_dags/example_short_circuit_decorator.py for tasks to queue
[2026-09-17T01:06:23.573+0000] {logging_mixin.py:150} INFO - [2026-09-17T01:06:23.572+0000] {dagbag.py:541} INFO - Filling up the DagBag from /home/vscode/.local/lib/python3.10/site-packages/airflow/example_dags/example_short_circuit_decorator.py
[2026-09-17T01:06:23.585+0000] {processor.py:836} INFO - DAG(s) dict_keys(['example_short_circuit_decorator']) retrieved from /home/vscode/.local/lib/python3.10/site-packages/airflow/example_dags/example_short_circuit_decorator.py
[2026-09-17T01:06:23.628+0000] {logging_mixin.py:150} INFO - [2026-09-17T01:06:23.628+0000] {dag.py:2742} INFO - Sync 1 DAGs
[2026-09-17T01:06:23.670+0000] {logging_mixin.py:150} INFO - [2026-09-17T01:06:23.670+0000] {dag.py:3504} INFO - Setting next_dagrun for example_short_circuit_decorator to 2026-09-16T01:06:23.670000+00:00, run_after=2026-09-17T01:06:23.670000+00:00
[2026-09-17T01:06:23.697+0000] {processor.py:179} INFO - Processing /home/vscode/.local/lib/python3.10/site-packages/airflow/example_dags/example_short_circuit_decorator.py took 0.130 seconds
[2026-09-17T01:06:46.965+0000] {processor.py:157} INFO - Started process (PID=28469) to work on /home/vscode/.local/lib/python3.10/site-packages/airflow/example_dags/example_short_circuit_decorator.py
[2026-09-17T01:06:46.966+0000] {processor.py:826} INFO - Processing file /home/vscode/.local/lib/python3.10/site-packages/airflow/example_dags/example_short_circuit_decorator.py for tasks to queue
[2026-09-17T01:06:46.967+0000] {logging_mixin.py:150} INFO - [2026-09-17T01:06:46.967+0000] {dagbag.py:541} INFO - Filling up the DagBag from /home/vscode/.local/lib/python3.10/site-packages/airflow/example_dags/example_short_circuit_decorator.py
[2026-09-17T01:06:46.981+0000] {processor.py:836} INFO - DAG(s) dict_keys(['example_short_circuit_decorator']) retrieved from /home/vscode/.local/lib/python3.10/site-packages/airflow/example_dags/example_short_circuit_decorator.py
[2026-09-17T01:06:47.005+0000] {logging_mixin.py:150} INFO - [2026-09-17T01:06:47.005+0000] {dag.py:2742} INFO - Sync 1 DAGs
[2026-09-17T01:06:47.034+0000] {logging_mixin.py:150} INFO - [2026-09-17T01:06:47.034+0000] {dag.py:3504} INFO - Setting next_dagrun for example_short_circuit_decorator to 2026-09-16T01:06:47.034513+00:00, run_after=2026-09-17T01:06:47.034513+00:00
[2026-09-17T01:06:47.051+0000] {processor.py:179} INFO - Processing /home/vscode/.local/lib/python3.10/site-packages/airflow/example_dags/example_short_circuit_decorator.py took 0.089 seconds
[2026-09-17T01:07:14.752+0000] {processor.py:157} INFO - Started process (PID=28712) to work on /home/vscode/.local/lib/python3.10/site-packages/airflow/example_dags/example_short_circuit_decorator.py
[2026-09-17T01:07:14.752+0000] {processor.py:826} INFO - Processing file /home/vscode/.local/lib/python3.10/site-packages/airflow/example_dags/example_short_circuit_decorator.py for tasks to queue
[2026-09-17T01:07:14.753+0000] {logging_mixin.py:150} INFO - [2026-09-17T01:07:14.753+0000] {dagbag.py:541} INFO - Filling up the DagBag from /home/vscode/.local/lib/python3.10/site-packages/airflow/example_dags/example_short_circuit_decorator.py
[2026-09-17T01:07:14.761+0000] {processor.py:836} INFO - DAG(s) dict_keys(['example_short_circuit_decorator']) retrieved from /home/vscode/.local/lib/python3.10/site-packages/airflow/example_dags/example_short_circuit_decorator.py
[2026-09-17T01:07:14.774+0000] {logging_mixin.py:150} INFO - [2026-09-17T01:07:14.774+0000] {dag.py:2742} INFO - Sync 1 DAGs
[2026-09-17T01:07:14.793+0000] {logging_mixin.py:150} INFO - [2026-09-17T01:07:14.792+0000] {dag.py:3504} INFO - Setting next_dagrun for example_short_circuit_decorator to 2026-09-16T01:07:14.792622+00:00, run_after=2026-09-17T01:07:14.792622+00:00
[2026-09-17T01:07:14.812+0000] {processor.py:179} INFO - Processing /home/vscode/.local/lib/python3.10/site-packages/airflow/example_dags/example_short_circuit_decorator.py took 0.063 seconds
[2026-09-17T01:07:39.571+0000] {processor.py:157} INFO - Started process (PID=28912) to work on /home/vscode/.local/lib/python3.10/site-packages/airflow/example_dags/example_short_circuit_decorator.py
[2026-09-17T01:07:39.572+0000] {processor.py:826} INFO - Processing file /home/vscode/.local/lib/python3.10/site-packages/airflow/example_dags/example_short_circuit_decorator.py for tasks to queue
[2026-09-17T01:07:39.572+0000] {logging_mixin.py:150} INFO - [2026-09-17T01:07:39.572+0000] {dagbag.py:541} INFO - Filling up the DagBag from /home/vscode/.local/lib/python3.10/site-packages/airflow/example_dags/example_short_circuit_decorator.py
[2026-09-17T01:07:39.580+0000] {processor.py:836} INFO - DAG(s) dict_keys(['example_short_circuit_decorator']) retrieved from /home/vscode/.local/lib/python3.10/site-packages/airflow/example_dags/example_short_circuit_decorator.py
[2026-09-17T01:07:39.600+0000] {logging_mixin.py:150} INFO - [2026-09-17T01:07:39.600+0000] {dag.py:2742} INFO - Sync 1 DAGs
[2026-09-17T01:07:39.622+0000] {logging_mixin.py:150} INFO - [2026-09-17T01:07:39.622+0000] {dag.py:3504} INFO - Setting next_dagrun for example_short_circuit_decorator to 2026-09-16T01:07:39.621981+00:00, run_after=2026-09-17T01:07:39.621981+00:00
[2026-09-17T01:07:39.639+0000] {processor.py:179} INFO - Processing /home/vscode/.local/lib/python3.10/site-packages/airflow/example_dags/example_short_circuit_decorator.py took 0.072 seconds
[2026-09-17T01:08:02.898+0000] {processor.py:157} INFO - Started process (PID=29104) to work on /home/vscode/.local/lib/python3.10/site-packages/airflow/example_dags/example_short_circuit_decorator.py
[2026-09-17T01:08:02.899+0000] {processor.py:826} INFO - Processing file /home/vscode/.local/lib/python3.10/site-packages/airflow/example_dags/example_short_circuit_decorator.py for tasks to queue
[2026-09-17T01:08:02.900+0000] {logging_mixin.py:150} INFO - [2026-09-17T01:08:02.900+0000] {dagbag.py:541} INFO - Filling up the DagBag from /home/vscode/.local/lib/python3.10/site-packages/airflow/example_dags/example_short_circuit_decorator.py
[2026-09-17T01:08:02.908+0000] {processor.py:836} INFO - DAG(s) dict_keys(['example_short_circuit_decorator']) retrieved from /home/vscode/.local/lib/python3.10/site-packages/airflow/example_dags/example_short_circuit_decorator.py
[2026-09-17T01:08:02.923+0000] {logging_mixin.py:150} INFO - [2026-09-17T01:08:02.923+0000] {dag.py:2742} INFO - Sync 1 DAGs
[2026-09-17T01:08:02.941+0000] {logging_mixin.py:150} INFO - [2026-09-17T01:08:02.941+0000] {dag.py:3504} INFO - Setting next_dagrun for example_short_circuit_decorator to 2026-09-16T01:08:02.940856+00:00, run_after=2026-09-17T01:08:02.940856+00:00
[2026-09-17T01:08:02.961+0000] {processor.py:179} INFO - Processing /home/vscode/.local/lib/python3.10/site-packages/airflow/example_dags/example_short_circuit_decorator.py took 0.065 seconds
[2026-09-17T01:08:28.000+0000] {processor.py:157} INFO - Started process (PID=29325) to work on /home/vscode/.local/lib/python3.10/site-packages/airflow/example_dags/example_short_circuit_decorator.py
[2026-09-17T01:08:28.001+0000] {processor.py:826} INFO - Processing file /home/vscode/.local/lib/python3.10/site-packages/airflow/example_dags/example_short_circuit_decorator.py for tasks to queue
[2026-09-17T01:08:28.002+0000] {logging_mixin.py:150} INFO - [2026-09-17T01:08:28.002+0000] {dagbag.py:541} INFO - Filling up the DagBag from /home/vscode/.local/lib/python3.10/site-packages/airflow/example_dags/example_short_circuit_decorator.py
[2026-09-17T01:08:28.010+0000] {processor.py:836} INFO - DAG(s) dict_keys(['example_short_circuit_decorator']) retrieved from /home/vscode/.local/lib/python3.10/site-packages/airflow/example_dags/example_short_circuit_decorator.py
[2026-09-17T01:08:28.025+0000] {logging_mixin.py:150} INFO - [2026-09-17T01:08:28.024+0000] {dag.py:2742} INFO - Sync 1 DAGs
[2026-09-17T01:08:28.039+0000] {logging_mixin.py:150} INFO - [2026-09-17T01:08:28.039+0000] {dag.py:3504} INFO - Setting next_dagrun for example_short_circuit_decorator to 2026-09-16T01:08:28.039187+00:00, run_after=2026-09-17T01:08:28.039187+00:00
[2026-09-17T01:08:28.057+0000] {processor.py:179} INFO - Processing /home/vscode/.local/lib/python3.10/site-packages/airflow/example_dags/example_short_circuit_decorator.py took 0.060 seconds
[2026-09-17T01:08:51.522+0000] {processor.py:157} INFO - Started process (PID=29530) to work on /home/vscode/.local/lib/python3.10/site-packages/airflow/example_dags/example_short_circuit_decorator.py
[2026-09-17T01:08:51.523+0000] {processor.py:826} INFO - Processing file /home/vscode/.local/lib/python3.10/site-packages/airflow/example_dags/example_short_circuit_decorator.py for tasks to queue
[2026-09-17T01:08:51.524+0000] {logging_mixin.py:150} INFO - [2026-09-17T01:08:51.524+0000] {dagbag.py:541} INFO - Filling up the DagBag from /home/vscode/.local/lib/python3.10/site-packages/airflow/example_dags/example_short_circuit_decorator.py
[2026-09-17T01:08:51.538+0000] {processor.py:836} INFO - DAG(s) dict_keys(['example_short_circuit_decorator']) retrieved from /home/vscode/.local/lib/python3.10/site-packages/airflow/example_dags/example_short_circuit_decorator.py
[2026-09-17T01:08:51.552+0000] {logging_mixin.py:150} INFO - [2026-09-17T01:08:51.552+0000] {dag.py:2742} INFO - Sync 1 DAGs
[2026-09-17T01:08:51.566+0000] {logging_mixin.py:150} INFO - [2026-09-17T01:08:51.566+0000] {dag.py:3504} INFO - Setting next_dagrun for example_short_circuit_decorator to 2026-09-16T01:08:51.566535+00:00, run_after=2026-09-17T01:08:51.566535+00:00
[2026-09-17T01:08:51.584+0000] {processor.py:179} INFO - Processing /home/vscode/.local/lib/python3.10/site-packages/airflow/example_dags/example_short_circuit_decorator.py took 0.069 seconds
[2026-09-17T01:09:13.966+0000] {processor.py:157} INFO - Started process (PID=29714) to work on /home/vscode/.local/lib/python3.10/site-packages/airflow/example_dags/example_short_circuit_decorator.py
[2026-09-17T01:09:13.967+0000] {processor.py:826} INFO - Processing file /home/vscode/.local/lib/python3.10/site-packages/airflow/example_dags/example_short_circuit_decorator.py for tasks to queue
[2026-09-17T01:09:13.967+0000] {logging_mixin.py:150} INFO - [2026-09-17T01:09:13.967+0000] {dagbag.py:541} INFO - Filling up the DagBag from /home/vscode/.local/lib/python3.10/site-packages/airflow/example_dags/example_short_circuit_decorator.py
[2026-09-17T01:09:13.975+0000] {processor.py:836} INFO - DAG(s) dict_keys(['example_short_circuit_decorator']) retrieved from /home/vscode/.local/lib/python3.10/site-packages/airflow/example_dags/example_short_circuit_decorator.py
[2026-09-17T01:09:13.992+0000] {logging_mixin.py:150} INFO - [2026-09-17T01:09:13.992+0000] {dag.py:2742} INFO - Sync 1 DAGs
[2026-09-17T01:09:14.009+0000] {logging_mixin.py:150} INFO - [2026-09-17T01:09:14.009+0000] {dag.py:3504} INFO - Setting next_dagrun for example_short_circuit_decorator to 2026-09-16T01:09:14.009389+00:00, run_after=2026-09-17T01:09:14.009389+00:00
[2026-09-17T01:09:14.026+0000] {processor.py:179} INFO - Processing /home/vscode/.local/lib/python3.10/site-packages/airflow/example_dags/example_short_circuit_decorator.py took 0.063 seconds
[2026-09-17T01:09:44.512+0000] {processor.py:157} INFO - Started process (PID=29982) to work on /home/vscode/.local/lib/python3.10/site-packages/airflow/example_dags/example_short_circuit_decorator.py
[2026-09-17T01:09:44.513+0000] {processor.py:826} INFO - Processing file /home/vscode/.local/lib/python3.10/site-packages/airflow/example_dags/example_short_circuit_decorator.py for tasks to queue
[2026-09-17T01:09:44.514+0000] {logging_mixin.py:150} INFO - [2026-09-17T01:09:44.513+0000] {dagbag.py:541} INFO - Filling up the DagBag from /home/vscode/.local/lib/python3.10/site-packages/airflow/example_dags/example_short_circuit_decorator.py
[2026-09-17T01:09:44.523+0000] {processor.py:836} INFO - DAG(s) dict_keys(['example_short_circuit_decorator']) retrieved from /home/vscode/.local/lib/python3.10/site-packages/airflow/example_dags/example_short_circuit_decorator.py
[2026-09-17T01:09:44.543+0000] {logging_mixin.py:150} INFO - [2026-09-17T01:09:44.543+0000] {dag.py:2742} INFO - Sync 1 DAGs
[2026-09-17T01:09:44.558+0000] {logging_mixin.py:150} INFO - [2026-09-17T01:09:44.558+0000] {dag.py:3504} INFO - Setting next_dagrun for example_short_circuit_decorator to 2026-09-16T01:09:44.558291+00:00, run_after=2026-09-17T01:09:44.558291+00:00
[2026-09-17T01:09:44.575+0000] {processor.py:179} INFO - Processing /home/vscode/.local/lib/python3.10/site-packages/airflow/example_dags/example_short_circuit_decorator.py took 0.065 seconds
[2026-09-17T01:10:01.881+0000] {processor.py:157} INFO - Started process (PID=30126) to work on /home/vscode/.local/lib/python3.10/site-packages/airflow/example_dags/example_short_circuit_decorator.py
[2026-09-17T01:10:01.883+0000] {processor.py:826} INFO - Processing file /home/vscode/.local/lib/python3.10/site-packages/airflow/example_dags/example_short_circuit_decorator.py for tasks to queue
[2026-09-17T01:10:01.884+0000] {logging_mixin.py:150} INFO - [2026-09-17T01:10:01.883+0000] {dagbag.py:541} INFO - Filling up the DagBag from /home/vscode/.local/lib/python3.10/site-packages/airflow/example_dags/example_short_circuit_decorator.py
[2026-09-17T01:10:01.894+0000] {processor.py:836} INFO - DAG(s) dict_keys(['example_short_circuit_decorator']) retrieved from /home/vscode/.local/lib/python3.10/site-packages/airflow/example_dags/example_short_circuit_decorator.py
[2026-09-17T01:10:01.918+0000] {logging_mixin.py:150} INFO - [2026-09-17T01:10:01.918+0000] {dag.py:2742} INFO - Sync 1 DAGs
[2026-09-17T01:10:01.943+0000] {logging_mixin.py:150} INFO - [2026-09-17T01:10:01.942+0000] {dag.py:3504} INFO - Setting next_dagrun for example_short_circuit_decorator to 2026-09-16T01:10:01.942741+00:00, run_after=2026-09-17T01:10:01.942741+00:00
[2026-09-17T01:10:01.963+0000] {processor.py:179} INFO - Processing /home/vscode/.local/lib/python3.10/site-packages/airflow/example_dags/example_short_circuit_decorator.py took 0.085 seconds
[2026-09-17T01:10:33.231+0000] {processor.py:157} INFO - Started process (PID=30395) to work on /home/vscode/.local/lib/python3.10/site-packages/airflow/example_dags/example_short_circuit_decorator.py
[2026-09-17T01:10:33.232+0000] {processor.py:826} INFO - Processing file /home/vscode/.local/lib/python3.10/site-packages/airflow/example_dags/example_short_circuit_decorator.py for tasks to queue
[2026-09-17T01:10:33.232+0000] {logging_mixin.py:150} INFO - [2026-09-17T01:10:33.232+0000] {dagbag.py:541} INFO - Filling up the DagBag from /home/vscode/.local/lib/python3.10/site-packages/airflow/example_dags/example_short_circuit_decorator.py
[2026-09-17T01:10:33.240+0000] {processor.py:836} INFO - DAG(s) dict_keys(['example_short_circuit_decorator']) retrieved from /home/vscode/.local/lib/python3.10/site-packages/airflow/example_dags/example_short_circuit_decorator.py
[2026-09-17T01:10:33.254+0000] {logging_mixin.py:150} INFO - [2026-09-17T01:10:33.254+0000] {dag.py:2742} INFO - Sync 1 DAGs
[2026-09-17T01:10:33.268+0000] {logging_mixin.py:150} INFO - [2026-09-17T01:10:33.268+0000] {dag.py:3504} INFO - Setting next_dagrun for example_short_circuit_decorator to 2026-09-16T01:10:33.268368+00:00, run_after=2026-09-17T01:10:33.268368+00:00
[2026-09-17T01:10:33.291+0000] {processor.py:179} INFO - Processing /home/vscode/.local/lib/python3.10/site-packages/airflow/example_dags/example_short_circuit_decorator.py took 0.063 seconds
[2026-09-17T01:10:48.916+0000] {processor.py:157} INFO - Started process (PID=30569) to work on /home/vscode/.local/lib/python3.10/site-packages/airflow/example_dags/example_short_circuit_decorator.py
[2026-09-17T01:10:48.917+0000] {processor.py:826} INFO - Processing file /home/vscode/.local/lib/python3.10/site-packages/airflow/example_dags/example_short_circuit_decorator.py for tasks to queue
[2026-09-17T01:10:48.919+0000] {logging_mixin.py:150} INFO - [2026-09-17T01:10:48.918+0000] {dagbag.py:541} INFO - Filling up the DagBag from /home/vscode/.local/lib/python3.10/site-packages/airflow/example_dags/example_short_circuit_decorator.py
[2026-09-17T01:10:48.934+0000] {processor.py:836} INFO - DAG(s) dict_keys(['example_short_circuit_decorator']) retrieved from /home/vscode/.local/lib/python3.10/site-packages/airflow/example_dags/example_short_circuit_decorator.py
[2026-09-17T01:10:48.968+0000] {logging_mixin.py:150} INFO - [2026-09-17T01:10:48.968+0000] {dag.py:2742} INFO - Sync 1 DAGs
[2026-09-17T01:10:48.994+0000] {logging_mixin.py:150} INFO - [2026-09-17T01:10:48.994+0000] {dag.py:3504} INFO - Setting next_dagrun for example_short_circuit_decorator to 2026-09-16T01:10:48.993976+00:00, run_after=2026-09-17T01:10:48.993976+00:00
[2026-09-17T01:10:49.014+0000] {processor.py:179} INFO - Processing /home/vscode/.local/lib/python3.10/site-packages/airflow/example_dags/example_short_circuit_decorator.py took 0.105 seconds
[2026-09-17T01:11:21.254+0000] {processor.py:157} INFO - Started process (PID=30843) to work on /home/vscode/.local/lib/python3.10/site-packages/airflow/example_dags/example_short_circuit_decorator.py
[2026-09-17T01:11:21.255+0000] {processor.py:826} INFO - Processing file /home/vscode/.local/lib/python3.10/site-packages/airflow/example_dags/example_short_circuit_decorator.py for tasks to queue
[2026-09-17T01:11:21.256+0000] {logging_mixin.py:150} INFO - [2026-09-17T01:11:21.255+0000] {dagbag.py:541} INFO - Filling up the DagBag from /home/vscode/.local/lib/python3.10/site-packages/airflow/example_dags/example_short_circuit_decorator.py
[2026-09-17T01:11:21.263+0000] {processor.py:836} INFO - DAG(s) dict_keys(['example_short_circuit_decorator']) retrieved from /home/vscode/.local/lib/python3.10/site-packages/airflow/example_dags/example_short_circuit_decorator.py
[2026-09-17T01:11:21.277+0000] {logging_mixin.py:150} INFO - [2026-09-17T01:11:21.277+0000] {dag.py:2742} INFO - Sync 1 DAGs
[2026-09-17T01:11:21.307+0000] {logging_mixin.py:150} INFO - [2026-09-17T01:11:21.307+0000] {dag.py:3504} INFO - Setting next_dagrun for example_short_circuit_decorator to 2026-09-16T01:11:21.306818+00:00, run_after=2026-09-17T01:11:21.306818+00:00
[2026-09-17T01:11:21.326+0000] {processor.py:179} INFO - Processing /home/vscode/.local/lib/python3.10/site-packages/airflow/example_dags/example_short_circuit_decorator.py took 0.074 seconds
[2026-09-17T01:11:40.637+0000] {processor.py:157} INFO - Started process (PID=31009) to work on /home/vscode/.local/lib/python3.10/site-packages/airflow/example_dags/example_short_circuit_decorator.py
[2026-09-17T01:11:40.637+0000] {processor.py:826} INFO - Processing file /home/vscode/.local/lib/python3.10/site-packages/airflow/example_dags/example_short_circuit_decorator.py for tasks to queue
[2026-09-17T01:11:40.638+0000] {logging_mixin.py:150} INFO - [2026-09-17T01:11:40.638+0000] {dagbag.py:541} INFO - Filling up the DagBag from /home/vscode/.local/lib/python3.10/site-packages/airflow/example_dags/example_short_circuit_decorator.py
[2026-09-17T01:11:40.646+0000] {processor.py:836} INFO - DAG(s) dict_keys(['example_short_circuit_decorator']) retrieved from /home/vscode/.local/lib/python3.10/site-packages/airflow/example_dags/example_short_circuit_decorator.py
[2026-09-17T01:11:40.660+0000] {logging_mixin.py:150} INFO - [2026-09-17T01:11:40.660+0000] {dag.py:2742} INFO - Sync 1 DAGs
[2026-09-17T01:11:40.676+0000] {logging_mixin.py:150} INFO - [2026-09-17T01:11:40.676+0000] {dag.py:3504} INFO - Setting next_dagrun for example_short_circuit_decorator to 2026-09-16T01:11:40.676405+00:00, run_after=2026-09-17T01:11:40.676405+00:00
[2026-09-17T01:11:40.700+0000] {processor.py:179} INFO - Processing /home/vscode/.local/lib/python3.10/site-packages/airflow/example_dags/example_short_circuit_decorator.py took 0.066 seconds
[2026-09-17T01:12:13.956+0000] {processor.py:157} INFO - Started process (PID=31290) to work on /home/vscode/.local/lib/python3.10/site-packages/airflow/example_dags/example_short_circuit_decorator.py
[2026-09-17T01:12:13.956+0000] {processor.py:826} INFO - Processing file /home/vscode/.local/lib/python3.10/site-packages/airflow/example_dags/example_short_circuit_decorator.py for tasks to queue
[2026-09-17T01:12:13.957+0000] {logging_mixin.py:150} INFO - [2026-09-17T01:12:13.957+0000] {dagbag.py:541} INFO - Filling up the DagBag from /home/vscode/.local/lib/python3.10/site-packages/airflow/example_dags/example_short_circuit_decorator.py
[2026-09-17T01:12:13.965+0000] {processor.py:836} INFO - DAG(s) dict_keys(['example_short_circuit_decorator']) retrieved from /home/vscode/.local/lib/python3.10/site-packages/airflow/example_dags/example_short_circuit_decorator.py
[2026-09-17T01:12:13.978+0000] {logging_mixin.py:150} INFO - [2026-09-17T01:12:13.978+0000] {dag.py:2742} INFO - Sync 1 DAGs
[2026-09-17T01:12:13.997+0000] {logging_mixin.py:150} INFO - [2026-09-17T01:12:13.997+0000] {dag.py:3504} INFO - Setting next_dagrun for example_short_circuit_decorator to 2026-09-16T01:12:13.996909+00:00, run_after=2026-09-17T01:12:13.996909+00:00
[2026-09-17T01:12:14.029+0000] {processor.py:179} INFO - Processing /home/vscode/.local/lib/python3.10/site-packages/airflow/example_dags/example_short_circuit_decorator.py took 0.075 seconds
[2026-09-17T01:12:29.329+0000] {processor.py:157} INFO - Started process (PID=31429) to work on /home/vscode/.local/lib/python3.10/site-packages/airflow/example_dags/example_short_circuit_decorator.py
[2026-09-17T01:12:29.329+0000] {processor.py:826} INFO - Processing file /home/vscode/.local/lib/python3.10/site-packages/airflow/example_dags/example_short_circuit_decorator.py for tasks to queue
[2026-09-17T01:12:29.330+0000] {logging_mixin.py:150} INFO - [2026-09-17T01:12:29.330+0000] {dagbag.py:541} INFO - Filling up the DagBag from /home/vscode/.local/lib/python3.10/site-packages/airflow/example_dags/example_short_circuit_decorator.py
[2026-09-17T01:12:29.338+0000] {processor.py:836} INFO - DAG(s) dict_keys(['example_short_circuit_decorator']) retrieved from /home/vscode/.local/lib/python3.10/site-packages/airflow/example_dags/example_short_circuit_decorator.py
[2026-09-17T01:12:29.352+0000] {logging_mixin.py:150} INFO - [2026-09-17T01:12:29.352+0000] {dag.py:2742} INFO - Sync 1 DAGs
[2026-09-17T01:12:29.367+0000] {logging_mixin.py:150} INFO - [2026-09-17T01:12:29.367+0000] {dag.py:3504} INFO - Setting next_dagrun for example_short_circuit_decorator to 2026-09-16T01:12:29.366854+00:00, run_after=2026-09-17T01:12:29.366854+00:00
[2026-09-17T01:12:29.388+0000] {processor.py:179} INFO - Processing /home/vscode/.local/lib/python3.10/site-packages/airflow/example_dags/example_short_circuit_decorator.py took 0.062 seconds
[2026-09-17T01:13:00.623+0000] {processor.py:157} INFO - Started process (PID=31698) to work on /home/vscode/.local/lib/python3.10/site-packages/airflow/example_dags/example_short_circuit_decorator.py
[2026-09-17T01:13:00.624+0000] {processor.py:826} INFO - Processing file /home/vscode/.local/lib/python3.10/site-packages/airflow/example_dags/example_short_circuit_decorator.py for tasks to queue
[2026-09-17T01:13:00.625+0000] {logging_mixin.py:150} INFO - [2026-09-17T01:13:00.625+0000] {dagbag.py:541} INFO - Filling up the DagBag from /home/vscode/.local/lib/python3.10/site-packages/airflow/example_dags/example_short_circuit_decorator.py
[2026-09-17T01:13:00.635+0000] {processor.py:836} INFO - DAG(s) dict_keys(['example_short_circuit_decorator']) retrieved from /home/vscode/.local/lib/python3.10/site-packages/airflow/example_dags/example_short_circuit_decorator.py
[2026-09-17T01:13:00.651+0000] {logging_mixin.py:150} INFO - [2026-09-17T01:13:00.651+0000] {dag.py:2742} INFO - Sync 1 DAGs
[2026-09-17T01:13:00.673+0000] {logging_mixin.py:150} INFO - [2026-09-17T01:13:00.673+0000] {dag.py:3504} INFO - Setting next_dagrun for example_short_circuit_decorator to 2026-09-16T01:13:00.672912+00:00, run_after=2026-09-17T01:13:00.672912+00:00
[2026-09-17T01:13:00.690+0000] {processor.py:179} INFO - Processing /home/vscode/.local/lib/python3.10/site-packages/airflow/example_dags/example_short_circuit_decorator.py took 0.071 seconds
[2026-09-17T01:13:16.461+0000] {processor.py:157} INFO - Started process (PID=31829) to work on /home/vscode/.local/lib/python3.10/site-packages/airflow/example_dags/example_short_circuit_decorator.py
[2026-09-17T01:13:16.461+0000] {processor.py:826} INFO - Processing file /home/vscode/.local/lib/python3.10/site-packages/airflow/example_dags/example_short_circuit_decorator.py for tasks to queue
[2026-09-17T01:13:16.462+0000] {logging_mixin.py:150} INFO - [2026-09-17T01:13:16.462+0000] {dagbag.py:541} INFO - Filling up the DagBag from /home/vscode/.local/lib/python3.10/site-packages/airflow/example_dags/example_short_circuit_decorator.py
[2026-09-17T01:13:16.474+0000] {processor.py:836} INFO - DAG(s) dict_keys(['example_short_circuit_decorator']) retrieved from /home/vscode/.local/lib/python3.10/site-packages/airflow/example_dags/example_short_circuit_decorator.py
[2026-09-17T01:13:16.499+0000] {logging_mixin.py:150} INFO - [2026-09-17T01:13:16.498+0000] {dag.py:2742} INFO - Sync 1 DAGs
[2026-09-17T01:13:16.519+0000] {logging_mixin.py:150} INFO - [2026-09-17T01:13:16.519+0000] {dag.py:3504} INFO - Setting next_dagrun for example_short_circuit_decorator to 2026-09-16T01:13:16.519553+00:00, run_after=2026-09-17T01:13:16.519553+00:00
[2026-09-17T01:13:16.538+0000] {processor.py:179} INFO - Processing /home/vscode/.local/lib/python3.10/site-packages/airflow/example_dags/example_short_circuit_decorator.py took 0.080 seconds
[2026-09-17T01:13:44.168+0000] {processor.py:157} INFO - Started process (PID=32054) to work on /home/vscode/.local/lib/python3.10/site-packages/airflow/example_dags/example_short_circuit_decorator.py
[2026-09-17T01:13:44.169+0000] {processor.py:826} INFO - Processing file /home/vscode/.local/lib/python3.10/site-packages/airflow/example_dags/example_short_circuit_decorator.py for tasks to queue
[2026-09-17T01:13:44.170+0000] {logging_mixin.py:150} INFO - [2026-09-17T01:13:44.170+0000] {dagbag.py:541} INFO - Filling up the DagBag from /home/vscode/.local/lib/python3.10/site-packages/airflow/example_dags/example_short_circuit_decorator.py
[2026-09-17T01:13:44.177+0000] {processor.py:836} INFO - DAG(s) dict_keys(['example_short_circuit_decorator']) retrieved from /home/vscode/.local/lib/python3.10/site-packages/airflow/example_dags/example_short_circuit_decorator.py
[2026-09-17T01:13:44.197+0000] {logging_mixin.py:150} INFO - [2026-09-17T01:13:44.197+0000] {dag.py:2742} INFO - Sync 1 DAGs
[2026-09-17T01:13:44.214+0000] {logging_mixin.py:150} INFO - [2026-09-17T01:13:44.214+0000] {dag.py:3504} INFO - Setting next_dagrun for example_short_circuit_decorator to 2026-09-16T01:13:44.213889+00:00, run_after=2026-09-17T01:13:44.213889+00:00
[2026-09-17T01:13:44.231+0000] {processor.py:179} INFO - Processing /home/vscode/.local/lib/python3.10/site-packages/airflow/example_dags/example_short_circuit_decorator.py took 0.065 seconds
[2026-09-17T01:14:06.911+0000] {processor.py:157} INFO - Started process (PID=32248) to work on /home/vscode/.local/lib/python3.10/site-packages/airflow/example_dags/example_short_circuit_decorator.py
[2026-09-17T01:14:06.912+0000] {processor.py:826} INFO - Processing file /home/vscode/.local/lib/python3.10/site-packages/airflow/example_dags/example_short_circuit_decorator.py for tasks to queue
[2026-09-17T01:14:06.913+0000] {logging_mixin.py:150} INFO - [2026-09-17T01:14:06.912+0000] {dagbag.py:541} INFO - Filling up the DagBag from /home/vscode/.local/lib/python3.10/site-packages/airflow/example_dags/example_short_circuit_decorator.py
[2026-09-17T01:14:06.922+0000] {processor.py:836} INFO - DAG(s) dict_keys(['example_short_circuit_decorator']) retrieved from /home/vscode/.local/lib/python3.10/site-packages/airflow/example_dags/example_short_circuit_decorator.py
[2026-09-17T01:14:06.936+0000] {logging_mixin.py:150} INFO - [2026-09-17T01:14:06.936+0000] {dag.py:2742} INFO - Sync 1 DAGs
[2026-09-17T01:14:06.951+0000] {logging_mixin.py:150} INFO - [2026-09-17T01:14:06.951+0000] {dag.py:3504} INFO - Setting next_dagrun for example_short_circuit_decorator to 2026-09-16T01:14:06.951114+00:00, run_after=2026-09-17T01:14:06.951114+00:00
[2026-09-17T01:14:06.985+0000] {processor.py:179} INFO - Processing /home/vscode/.local/lib/python3.10/site-packages/airflow/example_dags/example_short_circuit_decorator.py took 0.078 seconds
[2026-09-17T01:14:34.498+0000] {processor.py:157} INFO - Started process (PID=32481) to work on /home/vscode/.local/lib/python3.10/site-packages/airflow/example_dags/example_short_circuit_decorator.py
[2026-09-17T01:14:34.500+0000] {processor.py:826} INFO - Processing file /home/vscode/.local/lib/python3.10/site-packages/airflow/example_dags/example_short_circuit_decorator.py for tasks to queue
[2026-09-17T01:14:34.500+0000] {logging_mixin.py:150} INFO - [2026-09-17T01:14:34.500+0000] {dagbag.py:541} INFO - Filling up the DagBag from /home/vscode/.local/lib/python3.10/site-packages/airflow/example_dags/example_short_circuit_decorator.py
[2026-09-17T01:14:34.509+0000] {processor.py:836} INFO - DAG(s) dict_keys(['example_short_circuit_decorator']) retrieved from /home/vscode/.local/lib/python3.10/site-packages/airflow/example_dags/example_short_circuit_decorator.py
[2026-09-17T01:14:34.523+0000] {logging_mixin.py:150} INFO - [2026-09-17T01:14:34.523+0000] {dag.py:2742} INFO - Sync 1 DAGs
[2026-09-17T01:14:34.538+0000] {logging_mixin.py:150} INFO - [2026-09-17T01:14:34.538+0000] {dag.py:3504} INFO - Setting next_dagrun for example_short_circuit_decorator to 2026-09-16T01:14:34.538576+00:00, run_after=2026-09-17T01:14:34.538576+00:00
[2026-09-17T01:14:34.554+0000] {processor.py:179} INFO - Processing /home/vscode/.local/lib/python3.10/site-packages/airflow/example_dags/example_short_circuit_decorator.py took 0.060 seconds
[2026-09-17T01:14:59.182+0000] {processor.py:157} INFO - Started process (PID=32704) to work on /home/vscode/.local/lib/python3.10/site-packages/airflow/example_dags/example_short_circuit_decorator.py
[2026-09-17T01:14:59.183+0000] {processor.py:826} INFO - Processing file /home/vscode/.local/lib/python3.10/site-packages/airflow/example_dags/example_short_circuit_decorator.py for tasks to queue
[2026-09-17T01:14:59.184+0000] {logging_mixin.py:150} INFO - [2026-09-17T01:14:59.184+0000] {dagbag.py:541} INFO - Filling up the DagBag from /home/vscode/.local/lib/python3.10/site-packages/airflow/example_dags/example_short_circuit_decorator.py
[2026-09-17T01:14:59.194+0000] {processor.py:836} INFO - DAG(s) dict_keys(['example_short_circuit_decorator']) retrieved from /home/vscode/.local/lib/python3.10/site-packages/airflow/example_dags/example_short_circuit_decorator.py
[2026-09-17T01:14:59.210+0000] {logging_mixin.py:150} INFO - [2026-09-17T01:14:59.210+0000] {dag.py:2742} INFO - Sync 1 DAGs
[2026-09-17T01:14:59.231+0000] {logging_mixin.py:150} INFO - [2026-09-17T01:14:59.231+0000] {dag.py:3504} INFO - Setting next_dagrun for example_short_circuit_decorator to 2026-09-16T01:14:59.231414+00:00, run_after=2026-09-17T01:14:59.231414+00:00
[2026-09-17T01:14:59.250+0000] {processor.py:179} INFO - Processing /home/vscode/.local/lib/python3.10/site-packages/airflow/example_dags/example_short_circuit_decorator.py took 0.070 seconds
[2026-09-17T01:15:17.508+0000] {processor.py:157} INFO - Started process (PID=32853) to work on /home/vscode/.local/lib/python3.10/site-packages/airflow/example_dags/example_short_circuit_decorator.py
[2026-09-17T01:15:17.509+0000] {processor.py:826} INFO - Processing file /home/vscode/.local/lib/python3.10/site-packages/airflow/example_dags/example_short_circuit_decorator.py for tasks to queue
[2026-09-17T01:15:17.510+0000] {logging_mixin.py:150} INFO - [2026-09-17T01:15:17.509+0000] {dagbag.py:541} INFO - Filling up the DagBag from /home/vscode/.local/lib/python3.10/site-packages/airflow/example_dags/example_short_circuit_decorator.py
[2026-09-17T01:15:17.517+0000] {processor.py:836} INFO - DAG(s) dict_keys(['example_short_circuit_decorator']) retrieved from /home/vscode/.local/lib/python3.10/site-packages/airflow/example_dags/example_short_circuit_decorator.py
[2026-09-17T01:15:17.531+0000] {logging_mixin.py:150} INFO - [2026-09-17T01:15:17.531+0000] {dag.py:2742} INFO - Sync 1 DAGs
[2026-09-17T01:15:17.548+0000] {logging_mixin.py:150} INFO - [2026-09-17T01:15:17.548+0000] {dag.py:3504} INFO - Setting next_dagrun for example_short_circuit_decorator to 2026-09-16T01:15:17.547917+00:00, run_after=2026-09-17T01:15:17.547917+00:00
[2026-09-17T01:15:17.564+0000] {processor.py:179} INFO - Processing /home/vscode/.local/lib/python3.10/site-packages/airflow/example_dags/example_short_circuit_decorator.py took 0.058 seconds
[2026-09-17T01:15:51.112+0000] {processor.py:157} INFO - Started process (PID=33175) to work on /home/vscode/.local/lib/python3.10/site-packages/airflow/example_dags/example_short_circuit_decorator.py
[2026-09-17T01:15:51.113+0000] {processor.py:826} INFO - Processing file /home/vscode/.local/lib/python3.10/site-packages/airflow/example_dags/example_short_circuit_decorator.py for tasks to queue
[2026-09-17T01:15:51.115+0000] {logging_mixin.py:150} INFO - [2026-09-17T01:15:51.113+0000] {dagbag.py:541} INFO - Filling up the DagBag from /home/vscode/.local/lib/python3.10/site-packages/airflow/example_dags/example_short_circuit_decorator.py
[2026-09-17T01:15:51.134+0000] {processor.py:836} INFO - DAG(s) dict_keys(['example_short_circuit_decorator']) retrieved from /home/vscode/.local/lib/python3.10/site-packages/airflow/example_dags/example_short_circuit_decorator.py
[2026-09-17T01:15:51.156+0000] {logging_mixin.py:150} INFO - [2026-09-17T01:15:51.156+0000] {dag.py:2742} INFO - Sync 1 DAGs
[2026-09-17T01:15:51.171+0000] {logging_mixin.py:150} INFO - [2026-09-17T01:15:51.170+0000] {dag.py:3504} INFO - Setting next_dagrun for example_short_circuit_decorator to 2026-09-16T01:15:51.170827+00:00, run_after=2026-09-17T01:15:51.170827+00:00
[2026-09-17T01:15:51.197+0000] {processor.py:179} INFO - Processing /home/vscode/.local/lib/python3.10/site-packages/airflow/example_dags/example_short_circuit_decorator.py took 0.089 seconds
[2026-09-17T01:16:01.148+0000] {processor.py:157} INFO - Started process (PID=33258) to work on /home/vscode/.local/lib/python3.10/site-packages/airflow/example_dags/example_short_circuit_decorator.py
[2026-09-17T01:16:01.148+0000] {processor.py:826} INFO - Processing file /home/vscode/.local/lib/python3.10/site-packages/airflow/example_dags/example_short_circuit_decorator.py for tasks to queue
[2026-09-17T01:16:01.149+0000] {logging_mixin.py:150} INFO - [2026-09-17T01:16:01.149+0000] {dagbag.py:541} INFO - Filling up the DagBag from /home/vscode/.local/lib/python3.10/site-packages/airflow/example_dags/example_short_circuit_decorator.py
[2026-09-17T01:16:01.157+0000] {processor.py:836} INFO - DAG(s) dict_keys(['example_short_circuit_decorator']) retrieved from /home/vscode/.local/lib/python3.10/site-packages/airflow/example_dags/example_short_circuit_decorator.py
[2026-09-17T01:16:01.174+0000] {logging_mixin.py:150} INFO - [2026-09-17T01:16:01.173+0000] {dag.py:2742} INFO - Sync 1 DAGs
[2026-09-17T01:16:01.190+0000] {logging_mixin.py:150} INFO - [2026-09-17T01:16:01.190+0000] {dag.py:3504} INFO - Setting next_dagrun for example_short_circuit_decorator to 2026-09-16T01:16:01.190421+00:00, run_after=2026-09-17T01:16:01.190421+00:00
[2026-09-17T01:16:01.212+0000] {processor.py:179} INFO - Processing /home/vscode/.local/lib/python3.10/site-packages/airflow/example_dags/example_short_circuit_decorator.py took 0.066 seconds
[2026-09-17T01:16:43.205+0000] {processor.py:157} INFO - Started process (PID=33625) to work on /home/vscode/.local/lib/python3.10/site-packages/airflow/example_dags/example_short_circuit_decorator.py
[2026-09-17T01:16:43.206+0000] {processor.py:826} INFO - Processing file /home/vscode/.local/lib/python3.10/site-packages/airflow/example_dags/example_short_circuit_decorator.py for tasks to queue
[2026-09-17T01:16:43.207+0000] {logging_mixin.py:150} INFO - [2026-09-17T01:16:43.206+0000] {dagbag.py:541} INFO - Filling up the DagBag from /home/vscode/.local/lib/python3.10/site-packages/airflow/example_dags/example_short_circuit_decorator.py
[2026-09-17T01:16:43.215+0000] {processor.py:836} INFO - DAG(s) dict_keys(['example_short_circuit_decorator']) retrieved from /home/vscode/.local/lib/python3.10/site-packages/airflow/example_dags/example_short_circuit_decorator.py
[2026-09-17T01:16:43.236+0000] {logging_mixin.py:150} INFO - [2026-09-17T01:16:43.236+0000] {dag.py:2742} INFO - Sync 1 DAGs
[2026-09-17T01:16:43.253+0000] {logging_mixin.py:150} INFO - [2026-09-17T01:16:43.253+0000] {dag.py:3504} INFO - Setting next_dagrun for example_short_circuit_decorator to 2026-09-16T01:16:43.253195+00:00, run_after=2026-09-17T01:16:43.253195+00:00
[2026-09-17T01:16:43.272+0000] {processor.py:179} INFO - Processing /home/vscode/.local/lib/python3.10/site-packages/airflow/example_dags/example_short_circuit_decorator.py took 0.070 seconds
[2026-09-17T01:16:52.907+0000] {processor.py:157} INFO - Started process (PID=33713) to work on /home/vscode/.local/lib/python3.10/site-packages/airflow/example_dags/example_short_circuit_decorator.py
[2026-09-17T01:16:52.908+0000] {processor.py:826} INFO - Processing file /home/vscode/.local/lib/python3.10/site-packages/airflow/example_dags/example_short_circuit_decorator.py for tasks to queue
[2026-09-17T01:16:52.909+0000] {logging_mixin.py:150} INFO - [2026-09-17T01:16:52.909+0000] {dagbag.py:541} INFO - Filling up the DagBag from /home/vscode/.local/lib/python3.10/site-packages/airflow/example_dags/example_short_circuit_decorator.py
[2026-09-17T01:16:52.919+0000] {processor.py:836} INFO - DAG(s) dict_keys(['example_short_circuit_decorator']) retrieved from /home/vscode/.local/lib/python3.10/site-packages/airflow/example_dags/example_short_circuit_decorator.py
[2026-09-17T01:16:52.937+0000] {logging_mixin.py:150} INFO - [2026-09-17T01:16:52.936+0000] {dag.py:2742} INFO - Sync 1 DAGs
[2026-09-17T01:16:52.951+0000] {logging_mixin.py:150} INFO - [2026-09-17T01:16:52.951+0000] {dag.py:3504} INFO - Setting next_dagrun for example_short_circuit_decorator to 2026-09-16T01:16:52.951287+00:00, run_after=2026-09-17T01:16:52.951287+00:00
[2026-09-17T01:16:52.967+0000] {processor.py:179} INFO - Processing /home/vscode/.local/lib/python3.10/site-packages/airflow/example_dags/example_short_circuit_decorator.py took 0.064 seconds
[2026-09-17T01:17:33.417+0000] {processor.py:157} INFO - Started process (PID=34052) to work on /home/vscode/.local/lib/python3.10/site-packages/airflow/example_dags/example_short_circuit_decorator.py
[2026-09-17T01:17:33.418+0000] {processor.py:826} INFO - Processing file /home/vscode/.local/lib/python3.10/site-packages/airflow/example_dags/example_short_circuit_decorator.py for tasks to queue
[2026-09-17T01:17:33.419+0000] {logging_mixin.py:150} INFO - [2026-09-17T01:17:33.418+0000] {dagbag.py:541} INFO - Filling up the DagBag from /home/vscode/.local/lib/python3.10/site-packages/airflow/example_dags/example_short_circuit_decorator.py
[2026-09-17T01:17:33.429+0000] {processor.py:836} INFO - DAG(s) dict_keys(['example_short_circuit_decorator']) retrieved from /home/vscode/.local/lib/python3.10/site-packages/airflow/example_dags/example_short_circuit_decorator.py
[2026-09-17T01:17:33.457+0000] {logging_mixin.py:150} INFO - [2026-09-17T01:17:33.457+0000] {dag.py:2742} INFO - Sync 1 DAGs
[2026-09-17T01:17:33.475+0000] {logging_mixin.py:150} INFO - [2026-09-17T01:17:33.475+0000] {dag.py:3504} INFO - Setting next_dagrun for example_short_circuit_decorator to 2026-09-16T01:17:33.475460+00:00, run_after=2026-09-17T01:17:33.475460+00:00
[2026-09-17T01:17:33.493+0000] {processor.py:179} INFO - Processing /home/vscode/.local/lib/python3.10/site-packages/airflow/example_dags/example_short_circuit_decorator.py took 0.080 seconds
[2026-09-17T01:17:36.124+0000] {processor.py:157} INFO - Started process (PID=34068) to work on /home/vscode/.local/lib/python3.10/site-packages/airflow/example_dags/example_short_circuit_decorator.py
[2026-09-17T01:17:36.125+0000] {processor.py:826} INFO - Processing file /home/vscode/.local/lib/python3.10/site-packages/airflow/example_dags/example_short_circuit_decorator.py for tasks to queue
[2026-09-17T01:17:36.125+0000] {logging_mixin.py:150} INFO - [2026-09-17T01:17:36.125+0000] {dagbag.py:541} INFO - Filling up the DagBag from /home/vscode/.local/lib/python3.10/site-packages/airflow/example_dags/example_short_circuit_decorator.py
[2026-09-17T01:17:36.133+0000] {processor.py:836} INFO - DAG(s) dict_keys(['example_short_circuit_decorator']) retrieved from /home/vscode/.local/lib/python3.10/site-packages/airflow/example_dags/example_short_circuit_decorator.py
[2026-09-17T01:17:36.147+0000] {logging_mixin.py:150} INFO - [2026-09-17T01:17:36.146+0000] {dag.py:2742} INFO - Sync 1 DAGs
[2026-09-17T01:17:36.161+0000] {logging_mixin.py:150} INFO - [2026-09-17T01:17:36.161+0000] {dag.py:3504} INFO - Setting next_dagrun for example_short_circuit_decorator to 2026-09-16T01:17:36.161094+00:00, run_after=2026-09-17T01:17:36.161094+00:00
[2026-09-17T01:17:36.177+0000] {processor.py:179} INFO - Processing /home/vscode/.local/lib/python3.10/site-packages/airflow/example_dags/example_short_circuit_decorator.py took 0.056 seconds
[2026-09-17T01:18:19.814+0000] {processor.py:157} INFO - Started process (PID=34439) to work on /home/vscode/.local/lib/python3.10/site-packages/airflow/example_dags/example_short_circuit_decorator.py
[2026-09-17T01:18:19.816+0000] {processor.py:826} INFO - Processing file /home/vscode/.local/lib/python3.10/site-packages/airflow/example_dags/example_short_circuit_decorator.py for tasks to queue
[2026-09-17T01:18:19.816+0000] {logging_mixin.py:150} INFO - [2026-09-17T01:18:19.816+0000] {dagbag.py:541} INFO - Filling up the DagBag from /home/vscode/.local/lib/python3.10/site-packages/airflow/example_dags/example_short_circuit_decorator.py
[2026-09-17T01:18:19.827+0000] {processor.py:836} INFO - DAG(s) dict_keys(['example_short_circuit_decorator']) retrieved from /home/vscode/.local/lib/python3.10/site-packages/airflow/example_dags/example_short_circuit_decorator.py
[2026-09-17T01:18:19.842+0000] {logging_mixin.py:150} INFO - [2026-09-17T01:18:19.842+0000] {dag.py:2742} INFO - Sync 1 DAGs
[2026-09-17T01:18:19.857+0000] {logging_mixin.py:150} INFO - [2026-09-17T01:18:19.857+0000] {dag.py:3504} INFO - Setting next_dagrun for example_short_circuit_decorator to 2026-09-16T01:18:19.857141+00:00, run_after=2026-09-17T01:18:19.857141+00:00
[2026-09-17T01:18:19.874+0000] {processor.py:179} INFO - Processing /home/vscode/.local/lib/python3.10/site-packages/airflow/example_dags/example_short_circuit_decorator.py took 0.063 seconds
[2026-09-17T01:18:28.773+0000] {processor.py:157} INFO - Started process (PID=34508) to work on /home/vscode/.local/lib/python3.10/site-packages/airflow/example_dags/example_short_circuit_decorator.py
[2026-09-17T01:18:28.774+0000] {processor.py:826} INFO - Processing file /home/vscode/.local/lib/python3.10/site-packages/airflow/example_dags/example_short_circuit_decorator.py for tasks to queue
[2026-09-17T01:18:28.774+0000] {logging_mixin.py:150} INFO - [2026-09-17T01:18:28.774+0000] {dagbag.py:541} INFO - Filling up the DagBag from /home/vscode/.local/lib/python3.10/site-packages/airflow/example_dags/example_short_circuit_decorator.py
[2026-09-17T01:18:28.783+0000] {processor.py:836} INFO - DAG(s) dict_keys(['example_short_circuit_decorator']) retrieved from /home/vscode/.local/lib/python3.10/site-packages/airflow/example_dags/example_short_circuit_decorator.py
[2026-09-17T01:18:28.798+0000] {logging_mixin.py:150} INFO - [2026-09-17T01:18:28.798+0000] {dag.py:2742} INFO - Sync 1 DAGs
[2026-09-17T01:18:28.814+0000] {logging_mixin.py:150} INFO - [2026-09-17T01:18:28.814+0000] {dag.py:3504} INFO - Setting next_dagrun for example_short_circuit_decorator to 2026-09-16T01:18:28.814429+00:00, run_after=2026-09-17T01:18:28.814429+00:00
[2026-09-17T01:18:28.832+0000] {processor.py:179} INFO - Processing /home/vscode/.local/lib/python3.10/site-packages/airflow/example_dags/example_short_circuit_decorator.py took 0.062 seconds
[2026-09-17T01:19:05.075+0000] {processor.py:157} INFO - Started process (PID=34824) to work on /home/vscode/.local/lib/python3.10/site-packages/airflow/example_dags/example_short_circuit_decorator.py
[2026-09-17T01:19:05.075+0000] {processor.py:826} INFO - Processing file /home/vscode/.local/lib/python3.10/site-packages/airflow/example_dags/example_short_circuit_decorator.py for tasks to queue
[2026-09-17T01:19:05.076+0000] {logging_mixin.py:150} INFO - [2026-09-17T01:19:05.076+0000] {dagbag.py:541} INFO - Filling up the DagBag from /home/vscode/.local/lib/python3.10/site-packages/airflow/example_dags/example_short_circuit_decorator.py
[2026-09-17T01:19:05.085+0000] {processor.py:836} INFO - DAG(s) dict_keys(['example_short_circuit_decorator']) retrieved from /home/vscode/.local/lib/python3.10/site-packages/airflow/example_dags/example_short_circuit_decorator.py
[2026-09-17T01:19:05.107+0000] {logging_mixin.py:150} INFO - [2026-09-17T01:19:05.107+0000] {dag.py:2742} INFO - Sync 1 DAGs
[2026-09-17T01:19:05.123+0000] {logging_mixin.py:150} INFO - [2026-09-17T01:19:05.122+0000] {dag.py:3504} INFO - Setting next_dagrun for example_short_circuit_decorator to 2026-09-16T01:19:05.122737+00:00, run_after=2026-09-17T01:19:05.122737+00:00
[2026-09-17T01:19:05.139+0000] {processor.py:179} INFO - Processing /home/vscode/.local/lib/python3.10/site-packages/airflow/example_dags/example_short_circuit_decorator.py took 0.067 seconds
[2026-09-17T01:19:16.323+0000] {processor.py:157} INFO - Started process (PID=34911) to work on /home/vscode/.local/lib/python3.10/site-packages/airflow/example_dags/example_short_circuit_decorator.py
[2026-09-17T01:19:16.324+0000] {processor.py:826} INFO - Processing file /home/vscode/.local/lib/python3.10/site-packages/airflow/example_dags/example_short_circuit_decorator.py for tasks to queue
[2026-09-17T01:19:16.325+0000] {logging_mixin.py:150} INFO - [2026-09-17T01:19:16.324+0000] {dagbag.py:541} INFO - Filling up the DagBag from /home/vscode/.local/lib/python3.10/site-packages/airflow/example_dags/example_short_circuit_decorator.py
[2026-09-17T01:19:16.332+0000] {processor.py:836} INFO - DAG(s) dict_keys(['example_short_circuit_decorator']) retrieved from /home/vscode/.local/lib/python3.10/site-packages/airflow/example_dags/example_short_circuit_decorator.py
[2026-09-17T01:19:16.346+0000] {logging_mixin.py:150} INFO - [2026-09-17T01:19:16.346+0000] {dag.py:2742} INFO - Sync 1 DAGs
[2026-09-17T01:19:16.360+0000] {logging_mixin.py:150} INFO - [2026-09-17T01:19:16.360+0000] {dag.py:3504} INFO - Setting next_dagrun for example_short_circuit_decorator to 2026-09-16T01:19:16.360365+00:00, run_after=2026-09-17T01:19:16.360365+00:00
[2026-09-17T01:19:16.377+0000] {processor.py:179} INFO - Processing /home/vscode/.local/lib/python3.10/site-packages/airflow/example_dags/example_short_circuit_decorator.py took 0.056 seconds
[2026-09-17T01:19:55.677+0000] {processor.py:157} INFO - Started process (PID=35272) to work on /home/vscode/.local/lib/python3.10/site-packages/airflow/example_dags/example_short_circuit_decorator.py
[2026-09-17T01:19:55.677+0000] {processor.py:826} INFO - Processing file /home/vscode/.local/lib/python3.10/site-packages/airflow/example_dags/example_short_circuit_decorator.py for tasks to queue
[2026-09-17T01:19:55.678+0000] {logging_mixin.py:150} INFO - [2026-09-17T01:19:55.678+0000] {dagbag.py:541} INFO - Filling up the DagBag from /home/vscode/.local/lib/python3.10/site-packages/airflow/example_dags/example_short_circuit_decorator.py
[2026-09-17T01:19:55.688+0000] {processor.py:836} INFO - DAG(s) dict_keys(['example_short_circuit_decorator']) retrieved from /home/vscode/.local/lib/python3.10/site-packages/airflow/example_dags/example_short_circuit_decorator.py
[2026-09-17T01:19:55.706+0000] {logging_mixin.py:150} INFO - [2026-09-17T01:19:55.706+0000] {dag.py:2742} INFO - Sync 1 DAGs
[2026-09-17T01:19:55.721+0000] {logging_mixin.py:150} INFO - [2026-09-17T01:19:55.721+0000] {dag.py:3504} INFO - Setting next_dagrun for example_short_circuit_decorator to 2026-09-16T01:19:55.721057+00:00, run_after=2026-09-17T01:19:55.721057+00:00
[2026-09-17T01:19:55.737+0000] {processor.py:179} INFO - Processing /home/vscode/.local/lib/python3.10/site-packages/airflow/example_dags/example_short_circuit_decorator.py took 0.063 seconds
[2026-09-17T01:20:04.771+0000] {processor.py:157} INFO - Started process (PID=35355) to work on /home/vscode/.local/lib/python3.10/site-packages/airflow/example_dags/example_short_circuit_decorator.py
[2026-09-17T01:20:04.772+0000] {processor.py:826} INFO - Processing file /home/vscode/.local/lib/python3.10/site-packages/airflow/example_dags/example_short_circuit_decorator.py for tasks to queue
[2026-09-17T01:20:04.772+0000] {logging_mixin.py:150} INFO - [2026-09-17T01:20:04.772+0000] {dagbag.py:541} INFO - Filling up the DagBag from /home/vscode/.local/lib/python3.10/site-packages/airflow/example_dags/example_short_circuit_decorator.py
[2026-09-17T01:20:04.780+0000] {processor.py:836} INFO - DAG(s) dict_keys(['example_short_circuit_decorator']) retrieved from /home/vscode/.local/lib/python3.10/site-packages/airflow/example_dags/example_short_circuit_decorator.py
[2026-09-17T01:20:04.798+0000] {logging_mixin.py:150} INFO - [2026-09-17T01:20:04.798+0000] {dag.py:2742} INFO - Sync 1 DAGs
[2026-09-17T01:20:04.819+0000] {logging_mixin.py:150} INFO - [2026-09-17T01:20:04.819+0000] {dag.py:3504} INFO - Setting next_dagrun for example_short_circuit_decorator to 2026-09-16T01:20:04.819043+00:00, run_after=2026-09-17T01:20:04.819043+00:00
[2026-09-17T01:20:04.839+0000] {processor.py:179} INFO - Processing /home/vscode/.local/lib/python3.10/site-packages/airflow/example_dags/example_short_circuit_decorator.py took 0.071 seconds
[2026-09-17T01:20:42.113+0000] {processor.py:157} INFO - Started process (PID=35653) to work on /home/vscode/.local/lib/python3.10/site-packages/airflow/example_dags/example_short_circuit_decorator.py
[2026-09-17T01:20:42.114+0000] {processor.py:826} INFO - Processing file /home/vscode/.local/lib/python3.10/site-packages/airflow/example_dags/example_short_circuit_decorator.py for tasks to queue
[2026-09-17T01:20:42.115+0000] {logging_mixin.py:150} INFO - [2026-09-17T01:20:42.115+0000] {dagbag.py:541} INFO - Filling up the DagBag from /home/vscode/.local/lib/python3.10/site-packages/airflow/example_dags/example_short_circuit_decorator.py
[2026-09-17T01:20:42.124+0000] {processor.py:836} INFO - DAG(s) dict_keys(['example_short_circuit_decorator']) retrieved from /home/vscode/.local/lib/python3.10/site-packages/airflow/example_dags/example_short_circuit_decorator.py
[2026-09-17T01:20:42.138+0000] {logging_mixin.py:150} INFO - [2026-09-17T01:20:42.138+0000] {dag.py:2742} INFO - Sync 1 DAGs
[2026-09-17T01:20:42.152+0000] {logging_mixin.py:150} INFO - [2026-09-17T01:20:42.152+0000] {dag.py:3504} INFO - Setting next_dagrun for example_short_circuit_decorator to 2026-09-16T01:20:42.152448+00:00, run_after=2026-09-17T01:20:42.152448+00:00
[2026-09-17T01:20:42.169+0000] {processor.py:179} INFO - Processing /home/vscode/.local/lib/python3.10/site-packages/airflow/example_dags/example_short_circuit_decorator.py took 0.058 seconds
[2026-09-17T01:20:53.063+0000] {processor.py:157} INFO - Started process (PID=35785) to work on /home/vscode/.local/lib/python3.10/site-packages/airflow/example_dags/example_short_circuit_decorator.py
[2026-09-17T01:20:53.064+0000] {processor.py:826} INFO - Processing file /home/vscode/.local/lib/python3.10/site-packages/airflow/example_dags/example_short_circuit_decorator.py for tasks to queue
[2026-09-17T01:20:53.064+0000] {logging_mixin.py:150} INFO - [2026-09-17T01:20:53.064+0000] {dagbag.py:541} INFO - Filling up the DagBag from /home/vscode/.local/lib/python3.10/site-packages/airflow/example_dags/example_short_circuit_decorator.py
[2026-09-17T01:20:53.076+0000] {processor.py:836} INFO - DAG(s) dict_keys(['example_short_circuit_decorator']) retrieved from /home/vscode/.local/lib/python3.10/site-packages/airflow/example_dags/example_short_circuit_decorator.py
[2026-09-17T01:20:53.098+0000] {logging_mixin.py:150} INFO - [2026-09-17T01:20:53.097+0000] {dag.py:2742} INFO - Sync 1 DAGs
[2026-09-17T01:20:53.118+0000] {logging_mixin.py:150} INFO - [2026-09-17T01:20:53.118+0000] {dag.py:3504} INFO - Setting next_dagrun for example_short_circuit_decorator to 2026-09-16T01:20:53.118116+00:00, run_after=2026-09-17T01:20:53.118116+00:00
[2026-09-17T01:20:53.136+0000] {processor.py:179} INFO - Processing /home/vscode/.local/lib/python3.10/site-packages/airflow/example_dags/example_short_circuit_decorator.py took 0.077 seconds
[2026-09-17T01:21:33.777+0000] {processor.py:157} INFO - Started process (PID=36343) to work on /home/vscode/.local/lib/python3.10/site-packages/airflow/example_dags/example_short_circuit_decorator.py
[2026-09-17T01:21:33.778+0000] {processor.py:826} INFO - Processing file /home/vscode/.local/lib/python3.10/site-packages/airflow/example_dags/example_short_circuit_decorator.py for tasks to queue
[2026-09-17T01:21:33.778+0000] {logging_mixin.py:150} INFO - [2026-09-17T01:21:33.778+0000] {dagbag.py:541} INFO - Filling up the DagBag from /home/vscode/.local/lib/python3.10/site-packages/airflow/example_dags/example_short_circuit_decorator.py
[2026-09-17T01:21:33.792+0000] {processor.py:836} INFO - DAG(s) dict_keys(['example_short_circuit_decorator']) retrieved from /home/vscode/.local/lib/python3.10/site-packages/airflow/example_dags/example_short_circuit_decorator.py
[2026-09-17T01:21:33.827+0000] {logging_mixin.py:150} INFO - [2026-09-17T01:21:33.827+0000] {dag.py:2742} INFO - Sync 1 DAGs
[2026-09-17T01:21:33.854+0000] {logging_mixin.py:150} INFO - [2026-09-17T01:21:33.854+0000] {dag.py:3504} INFO - Setting next_dagrun for example_short_circuit_decorator to 2026-09-16T01:21:33.854589+00:00, run_after=2026-09-17T01:21:33.854589+00:00
[2026-09-17T01:21:33.870+0000] {processor.py:179} INFO - Processing /home/vscode/.local/lib/python3.10/site-packages/airflow/example_dags/example_short_circuit_decorator.py took 0.096 seconds
[2026-09-17T01:21:40.457+0000] {processor.py:157} INFO - Started process (PID=36486) to work on /home/vscode/.local/lib/python3.10/site-packages/airflow/example_dags/example_short_circuit_decorator.py
[2026-09-17T01:21:40.458+0000] {processor.py:826} INFO - Processing file /home/vscode/.local/lib/python3.10/site-packages/airflow/example_dags/example_short_circuit_decorator.py for tasks to queue
[2026-09-17T01:21:40.458+0000] {logging_mixin.py:150} INFO - [2026-09-17T01:21:40.458+0000] {dagbag.py:541} INFO - Filling up the DagBag from /home/vscode/.local/lib/python3.10/site-packages/airflow/example_dags/example_short_circuit_decorator.py
[2026-09-17T01:21:40.466+0000] {processor.py:836} INFO - DAG(s) dict_keys(['example_short_circuit_decorator']) retrieved from /home/vscode/.local/lib/python3.10/site-packages/airflow/example_dags/example_short_circuit_decorator.py
[2026-09-17T01:21:40.484+0000] {logging_mixin.py:150} INFO - [2026-09-17T01:21:40.484+0000] {dag.py:2742} INFO - Sync 1 DAGs
[2026-09-17T01:21:40.500+0000] {logging_mixin.py:150} INFO - [2026-09-17T01:21:40.500+0000] {dag.py:3504} INFO - Setting next_dagrun for example_short_circuit_decorator to 2026-09-16T01:21:40.499891+00:00, run_after=2026-09-17T01:21:40.499891+00:00
[2026-09-17T01:21:40.527+0000] {processor.py:179} INFO - Processing /home/vscode/.local/lib/python3.10/site-packages/airflow/example_dags/example_short_circuit_decorator.py took 0.072 seconds
[2026-09-17T01:22:24.454+0000] {processor.py:157} INFO - Started process (PID=37116) to work on /home/vscode/.local/lib/python3.10/site-packages/airflow/example_dags/example_short_circuit_decorator.py
[2026-09-17T01:22:24.455+0000] {processor.py:826} INFO - Processing file /home/vscode/.local/lib/python3.10/site-packages/airflow/example_dags/example_short_circuit_decorator.py for tasks to queue
[2026-09-17T01:22:24.456+0000] {logging_mixin.py:150} INFO - [2026-09-17T01:22:24.456+0000] {dagbag.py:541} INFO - Filling up the DagBag from /home/vscode/.local/lib/python3.10/site-packages/airflow/example_dags/example_short_circuit_decorator.py
[2026-09-17T01:22:24.464+0000] {processor.py:836} INFO - DAG(s) dict_keys(['example_short_circuit_decorator']) retrieved from /home/vscode/.local/lib/python3.10/site-packages/airflow/example_dags/example_short_circuit_decorator.py
[2026-09-17T01:22:24.478+0000] {logging_mixin.py:150} INFO - [2026-09-17T01:22:24.478+0000] {dag.py:2742} INFO - Sync 1 DAGs
[2026-09-17T01:22:24.498+0000] {logging_mixin.py:150} INFO - [2026-09-17T01:22:24.498+0000] {dag.py:3504} INFO - Setting next_dagrun for example_short_circuit_decorator to 2026-09-16T01:22:24.497785+00:00, run_after=2026-09-17T01:22:24.497785+00:00
[2026-09-17T01:22:24.529+0000] {processor.py:179} INFO - Processing /home/vscode/.local/lib/python3.10/site-packages/airflow/example_dags/example_short_circuit_decorator.py took 0.077 seconds
[2026-09-17T01:22:30.129+0000] {processor.py:157} INFO - Started process (PID=37161) to work on /home/vscode/.local/lib/python3.10/site-packages/airflow/example_dags/example_short_circuit_decorator.py
[2026-09-17T01:22:30.130+0000] {processor.py:826} INFO - Processing file /home/vscode/.local/lib/python3.10/site-packages/airflow/example_dags/example_short_circuit_decorator.py for tasks to queue
[2026-09-17T01:22:30.131+0000] {logging_mixin.py:150} INFO - [2026-09-17T01:22:30.130+0000] {dagbag.py:541} INFO - Filling up the DagBag from /home/vscode/.local/lib/python3.10/site-packages/airflow/example_dags/example_short_circuit_decorator.py
[2026-09-17T01:22:30.138+0000] {processor.py:836} INFO - DAG(s) dict_keys(['example_short_circuit_decorator']) retrieved from /home/vscode/.local/lib/python3.10/site-packages/airflow/example_dags/example_short_circuit_decorator.py
[2026-09-17T01:22:30.153+0000] {logging_mixin.py:150} INFO - [2026-09-17T01:22:30.153+0000] {dag.py:2742} INFO - Sync 1 DAGs
[2026-09-17T01:22:30.167+0000] {logging_mixin.py:150} INFO - [2026-09-17T01:22:30.167+0000] {dag.py:3504} INFO - Setting next_dagrun for example_short_circuit_decorator to 2026-09-16T01:22:30.167132+00:00, run_after=2026-09-17T01:22:30.167132+00:00
[2026-09-17T01:22:30.184+0000] {processor.py:179} INFO - Processing /home/vscode/.local/lib/python3.10/site-packages/airflow/example_dags/example_short_circuit_decorator.py took 0.057 seconds
[2026-09-17T01:23:09.321+0000] {processor.py:157} INFO - Started process (PID=37465) to work on /home/vscode/.local/lib/python3.10/site-packages/airflow/example_dags/example_short_circuit_decorator.py
[2026-09-17T01:23:09.322+0000] {processor.py:826} INFO - Processing file /home/vscode/.local/lib/python3.10/site-packages/airflow/example_dags/example_short_circuit_decorator.py for tasks to queue
[2026-09-17T01:23:09.323+0000] {logging_mixin.py:150} INFO - [2026-09-17T01:23:09.322+0000] {dagbag.py:541} INFO - Filling up the DagBag from /home/vscode/.local/lib/python3.10/site-packages/airflow/example_dags/example_short_circuit_decorator.py
[2026-09-17T01:23:09.330+0000] {processor.py:836} INFO - DAG(s) dict_keys(['example_short_circuit_decorator']) retrieved from /home/vscode/.local/lib/python3.10/site-packages/airflow/example_dags/example_short_circuit_decorator.py
[2026-09-17T01:23:09.344+0000] {logging_mixin.py:150} INFO - [2026-09-17T01:23:09.344+0000] {dag.py:2742} INFO - Sync 1 DAGs
[2026-09-17T01:23:09.359+0000] {logging_mixin.py:150} INFO - [2026-09-17T01:23:09.359+0000] {dag.py:3504} INFO - Setting next_dagrun for example_short_circuit_decorator to 2026-09-16T01:23:09.359035+00:00, run_after=2026-09-17T01:23:09.359035+00:00
[2026-09-17T01:23:09.382+0000] {processor.py:179} INFO - Processing /home/vscode/.local/lib/python3.10/site-packages/airflow/example_dags/example_short_circuit_decorator.py took 0.063 seconds
[2026-09-17T01:23:17.935+0000] {processor.py:157} INFO - Started process (PID=37605) to work on /home/vscode/.local/lib/python3.10/site-packages/airflow/example_dags/example_short_circuit_decorator.py
[2026-09-17T01:23:17.936+0000] {processor.py:826} INFO - Processing file /home/vscode/.local/lib/python3.10/site-packages/airflow/example_dags/example_short_circuit_decorator.py for tasks to queue
[2026-09-17T01:23:17.937+0000] {logging_mixin.py:150} INFO - [2026-09-17T01:23:17.936+0000] {dagbag.py:541} INFO - Filling up the DagBag from /home/vscode/.local/lib/python3.10/site-packages/airflow/example_dags/example_short_circuit_decorator.py
[2026-09-17T01:23:17.948+0000] {processor.py:836} INFO - DAG(s) dict_keys(['example_short_circuit_decorator']) retrieved from /home/vscode/.local/lib/python3.10/site-packages/airflow/example_dags/example_short_circuit_decorator.py
[2026-09-17T01:23:17.983+0000] {logging_mixin.py:150} INFO - [2026-09-17T01:23:17.983+0000] {dag.py:2742} INFO - Sync 1 DAGs
[2026-09-17T01:23:18.022+0000] {logging_mixin.py:150} INFO - [2026-09-17T01:23:18.021+0000] {dag.py:3504} INFO - Setting next_dagrun for example_short_circuit_decorator to 2026-09-16T01:23:18.021582+00:00, run_after=2026-09-17T01:23:18.021582+00:00
[2026-09-17T01:23:18.060+0000] {processor.py:179} INFO - Processing /home/vscode/.local/lib/python3.10/site-packages/airflow/example_dags/example_short_circuit_decorator.py took 0.129 seconds
[2026-09-17T01:24:02.315+0000] {processor.py:157} INFO - Started process (PID=37959) to work on /home/vscode/.local/lib/python3.10/site-packages/airflow/example_dags/example_short_circuit_decorator.py
[2026-09-17T01:24:02.316+0000] {processor.py:826} INFO - Processing file /home/vscode/.local/lib/python3.10/site-packages/airflow/example_dags/example_short_circuit_decorator.py for tasks to queue
[2026-09-17T01:24:02.316+0000] {logging_mixin.py:150} INFO - [2026-09-17T01:24:02.316+0000] {dagbag.py:541} INFO - Filling up the DagBag from /home/vscode/.local/lib/python3.10/site-packages/airflow/example_dags/example_short_circuit_decorator.py
[2026-09-17T01:24:02.324+0000] {processor.py:836} INFO - DAG(s) dict_keys(['example_short_circuit_decorator']) retrieved from /home/vscode/.local/lib/python3.10/site-packages/airflow/example_dags/example_short_circuit_decorator.py
[2026-09-17T01:24:02.339+0000] {logging_mixin.py:150} INFO - [2026-09-17T01:24:02.339+0000] {dag.py:2742} INFO - Sync 1 DAGs
[2026-09-17T01:24:02.354+0000] {logging_mixin.py:150} INFO - [2026-09-17T01:24:02.353+0000] {dag.py:3504} INFO - Setting next_dagrun for example_short_circuit_decorator to 2026-09-16T01:24:02.353773+00:00, run_after=2026-09-17T01:24:02.353773+00:00
[2026-09-17T01:24:02.373+0000] {processor.py:179} INFO - Processing /home/vscode/.local/lib/python3.10/site-packages/airflow/example_dags/example_short_circuit_decorator.py took 0.061 seconds
[2026-09-17T01:24:07.679+0000] {processor.py:157} INFO - Started process (PID=37998) to work on /home/vscode/.local/lib/python3.10/site-packages/airflow/example_dags/example_short_circuit_decorator.py
[2026-09-17T01:24:07.680+0000] {processor.py:826} INFO - Processing file /home/vscode/.local/lib/python3.10/site-packages/airflow/example_dags/example_short_circuit_decorator.py for tasks to queue
[2026-09-17T01:24:07.680+0000] {logging_mixin.py:150} INFO - [2026-09-17T01:24:07.680+0000] {dagbag.py:541} INFO - Filling up the DagBag from /home/vscode/.local/lib/python3.10/site-packages/airflow/example_dags/example_short_circuit_decorator.py
[2026-09-17T01:24:07.691+0000] {processor.py:836} INFO - DAG(s) dict_keys(['example_short_circuit_decorator']) retrieved from /home/vscode/.local/lib/python3.10/site-packages/airflow/example_dags/example_short_circuit_decorator.py
[2026-09-17T01:24:07.707+0000] {logging_mixin.py:150} INFO - [2026-09-17T01:24:07.707+0000] {dag.py:2742} INFO - Sync 1 DAGs
[2026-09-17T01:24:07.721+0000] {logging_mixin.py:150} INFO - [2026-09-17T01:24:07.721+0000] {dag.py:3504} INFO - Setting next_dagrun for example_short_circuit_decorator to 2026-09-16T01:24:07.721331+00:00, run_after=2026-09-17T01:24:07.721331+00:00
[2026-09-17T01:24:07.744+0000] {processor.py:179} INFO - Processing /home/vscode/.local/lib/python3.10/site-packages/airflow/example_dags/example_short_circuit_decorator.py took 0.067 seconds
