[2026-09-17T00:55:16.364+0000] {processor.py:157} INFO - Started process (PID=21841) to work on /home/vscode/.local/lib/python3.10/site-packages/airflow/example_dags/tutorial.py
[2026-09-17T00:55:16.364+0000] {processor.py:826} INFO - Processing file /home/vscode/.local/lib/python3.10/site-packages/airflow/example_dags/tutorial.py for tasks to queue
[2026-09-17T00:55:16.365+0000] {logging_mixin.py:150} INFO - [2026-09-17T00:55:16.365+0000] {dagbag.py:541} INFO - Filling up the DagBag from /home/vscode/.local/lib/python3.10/site-packages/airflow/example_dags/tutorial.py
[2026-09-17T00:55:16.373+0000] {processor.py:836} INFO - DAG(s) dict_keys(['tutorial']) retrieved from /home/vscode/.local/lib/python3.10/site-packages/airflow/example_dags/tutorial.py
[2026-09-17T00:55:16.507+0000] {logging_mixin.py:150} INFO - [2026-09-17T00:55:16.507+0000] {manager.py:504} INFO - Created Permission View: can delete on DAG:tutorial
[2026-09-17T00:55:16.520+0000] {logging_mixin.py:150} INFO - [2026-09-17T00:55:16.520+0000] {manager.py:504} INFO - Created Permission View: can edit on DAG:tutorial
[2026-09-17T00:55:16.533+0000] {logging_mixin.py:150} INFO - [2026-09-17T00:55:16.533+0000] {manager.py:504} INFO - Created Permission View: can read on DAG:tutorial
[2026-09-17T00:55:16.547+0000] {logging_mixin.py:150} INFO - [2026-09-17T00:55:16.547+0000] {dag.py:2742} INFO - Sync 1 DAGs
[2026-09-17T00:55:16.558+0000] {logging_mixin.py:150} INFO - [2026-09-17T00:55:16.558+0000] {dag.py:2763} INFO - Creating ORM DAG for tutorial
[2026-09-17T00:55:16.568+0000] {logging_mixin.py:150} INFO - [2026-09-17T00:55:16.568+0000] {dag.py:3504} INFO - Setting next_dagrun for tutorial to 2026-09-16T00:55:16.567894+00:00, run_after=2026-09-17T00:55:16.567894+00:00
[2026-09-17T00:55:16.591+0000] {processor.py:179} INFO - Processing /home/vscode/.local/lib/python3.10/site-packages/airflow/example_dags/tutorial.py took 0.229 seconds
[2026-09-17T00:55:49.148+0000] {processor.py:157} INFO - Started process (PID=22179) to work on /home/vscode/.local/lib/python3.10/site-packages/airflow/example_dags/tutorial.py
[2026-09-17T00:55:49.149+0000] {processor.py:826} INFO - Processing file /home/vscode/.local/lib/python3.10/site-packages/airflow/example_dags/tutorial.py for tasks to queue
[2026-09-17T00:55:49.150+0000] {logging_mixin.py:150} INFO - [2026-09-17T00:55:49.150+0000] {dagbag.py:541} INFO - Filling up the DagBag from /home/vscode/.local/lib/python3.10/site-packages/airflow/example_dags/tutorial.py
[2026-09-17T00:55:49.161+0000] {processor.py:836} INFO - DAG(s) dict_keys(['tutorial']) retrieved from /home/vscode/.local/lib/python3.10/site-packages/airflow/example_dags/tutorial.py
[2026-09-17T00:55:49.180+0000] {logging_mixin.py:150} INFO - [2026-09-17T00:55:49.180+0000] {dag.py:2742} INFO - Sync 1 DAGs
[2026-09-17T00:55:49.221+0000] {logging_mixin.py:150} INFO - [2026-09-17T00:55:49.221+0000] {dag.py:3504} INFO - Setting next_dagrun for tutorial to 2026-09-16T00:55:49.221086+00:00, run_after=2026-09-17T00:55:49.221086+00:00
[2026-09-17T00:55:49.243+0000] {processor.py:179} INFO - Processing /home/vscode/.local/lib/python3.10/site-packages/airflow/example_dags/tutorial.py took 0.099 seconds
[2026-09-17T00:56:14.117+0000] {processor.py:157} INFO - Started process (PID=22405) to work on /home/vscode/.local/lib/python3.10/site-packages/airflow/example_dags/tutorial.py
[2026-09-17T00:56:14.118+0000] {processor.py:826} INFO - Processing file /home/vscode/.local/lib/python3.10/site-packages/airflow/example_dags/tutorial.py for tasks to queue
[2026-09-17T00:56:14.119+0000] {logging_mixin.py:150} INFO - [2026-09-17T00:56:14.119+0000] {dagbag.py:541} INFO - Filling up the DagBag from /home/vscode/.local/lib/python3.10/site-packages/airflow/example_dags/tutorial.py
[2026-09-17T00:56:14.127+0000] {processor.py:836} INFO - DAG(s) dict_keys(['tutorial']) retrieved from /home/vscode/.local/lib/python3.10/site-packages/airflow/example_dags/tutorial.py
[2026-09-17T00:56:14.166+0000] {logging_mixin.py:150} INFO - [2026-09-17T00:56:14.166+0000] {dag.py:2742} INFO - Sync 1 DAGs
[2026-09-17T00:56:14.185+0000] {logging_mixin.py:150} INFO - [2026-09-17T00:56:14.185+0000] {dag.py:3504} INFO - Setting next_dagrun for tutorial to 2026-09-16T00:56:14.185489+00:00, run_after=2026-09-17T00:56:14.185489+00:00
[2026-09-17T00:56:14.206+0000] {processor.py:179} INFO - Processing /home/vscode/.local/lib/python3.10/site-packages/airflow/example_dags/tutorial.py took 0.092 seconds
[2026-09-17T00:56:37.022+0000] {processor.py:157} INFO - Started process (PID=22673) to work on /home/vscode/.local/lib/python3.10/site-packages/airflow/example_dags/tutorial.py
[2026-09-17T00:56:37.023+0000] {processor.py:826} INFO - Processing file /home/vscode/.local/lib/python3.10/site-packages/airflow/example_dags/tutorial.py for tasks to queue
[2026-09-17T00:56:37.024+0000] {logging_mixin.py:150} INFO - [2026-09-17T00:56:37.024+0000] {dagbag.py:541} INFO - Filling up the DagBag from /home/vscode/.local/lib/python3.10/site-packages/airflow/example_dags/tutorial.py
[2026-09-17T00:56:37.030+0000] {processor.py:836} INFO - DAG(s) dict_keys(['tutorial']) retrieved from /home/vscode/.local/lib/python3.10/site-packages/airflow/example_dags/tutorial.py
[2026-09-17T00:56:37.050+0000] {logging_mixin.py:150} INFO - [2026-09-17T00:56:37.050+0000] {dag.py:2742} INFO - Sync 1 DAGs
[2026-09-17T00:56:37.065+0000] {logging_mixin.py:150} INFO - [2026-09-17T00:56:37.065+0000] {dag.py:3504} INFO - Setting next_dagrun for tutorial to 2026-09-16T00:56:37.065281+00:00, run_after=2026-09-17T00:56:37.065281+00:00
[2026-09-17T00:56:37.083+0000] {processor.py:179} INFO - Processing /home/vscode/.local/lib/python3.10/site-packages/airflow/example_dags/tutorial.py took 0.063 seconds
[2026-09-17T00:56:58.581+0000] {processor.py:157} INFO - Started process (PID=22840) to work on /home/vscode/.local/lib/python3.10/site-packages/airflow/example_dags/tutorial.py
[2026-09-17T00:56:58.585+0000] {processor.py:826} INFO - Processing file /home/vscode/.local/lib/python3.10/site-packages/airflow/example_dags/tutorial.py for tasks to queue
[2026-09-17T00:56:58.588+0000] {logging_mixin.py:150} INFO - [2026-09-17T00:56:58.587+0000] {dagbag.py:541} INFO - Filling up the DagBag from /home/vscode/.local/lib/python3.10/site-packages/airflow/example_dags/tutorial.py
[2026-09-17T00:56:58.616+0000] {processor.py:836} INFO - DAG(s) dict_keys(['tutorial']) retrieved from /home/vscode/.local/lib/python3.10/site-packages/airflow/example_dags/tutorial.py
[2026-09-17T00:56:58.656+0000] {logging_mixin.py:150} INFO - [2026-09-17T00:56:58.655+0000] {dag.py:2742} INFO - Sync 1 DAGs
[2026-09-17T00:56:58.737+0000] {logging_mixin.py:150} INFO - [2026-09-17T00:56:58.736+0000] {dag.py:3504} INFO - Setting next_dagrun for tutorial to 2026-09-16T00:56:58.736487+00:00, run_after=2026-09-17T00:56:58.736487+00:00
[2026-09-17T00:56:58.766+0000] {processor.py:179} INFO - Processing /home/vscode/.local/lib/python3.10/site-packages/airflow/example_dags/tutorial.py took 0.193 seconds
[2026-09-17T00:57:15.480+0000] {processor.py:157} INFO - Started process (PID=22965) to work on /home/vscode/.local/lib/python3.10/site-packages/airflow/example_dags/tutorial.py
[2026-09-17T00:57:15.481+0000] {processor.py:826} INFO - Processing file /home/vscode/.local/lib/python3.10/site-packages/airflow/example_dags/tutorial.py for tasks to queue
[2026-09-17T00:57:15.482+0000] {logging_mixin.py:150} INFO - [2026-09-17T00:57:15.482+0000] {dagbag.py:541} INFO - Filling up the DagBag from /home/vscode/.local/lib/python3.10/site-packages/airflow/example_dags/tutorial.py
[2026-09-17T00:57:15.490+0000] {processor.py:836} INFO - DAG(s) dict_keys(['tutorial']) retrieved from /home/vscode/.local/lib/python3.10/site-packages/airflow/example_dags/tutorial.py
[2026-09-17T00:57:15.509+0000] {logging_mixin.py:150} INFO - [2026-09-17T00:57:15.509+0000] {dag.py:2742} INFO - Sync 1 DAGs
[2026-09-17T00:57:15.528+0000] {logging_mixin.py:150} INFO - [2026-09-17T00:57:15.528+0000] {dag.py:3504} INFO - Setting next_dagrun for tutorial to 2026-09-16T00:57:15.527792+00:00, run_after=2026-09-17T00:57:15.527792+00:00
[2026-09-17T00:57:15.613+0000] {processor.py:179} INFO - Processing /home/vscode/.local/lib/python3.10/site-packages/airflow/example_dags/tutorial.py took 0.136 seconds
[2026-09-17T00:57:37.571+0000] {processor.py:157} INFO - Started process (PID=23127) to work on /home/vscode/.local/lib/python3.10/site-packages/airflow/example_dags/tutorial.py
[2026-09-17T00:57:37.572+0000] {processor.py:826} INFO - Processing file /home/vscode/.local/lib/python3.10/site-packages/airflow/example_dags/tutorial.py for tasks to queue
[2026-09-17T00:57:37.572+0000] {logging_mixin.py:150} INFO - [2026-09-17T00:57:37.572+0000] {dagbag.py:541} INFO - Filling up the DagBag from /home/vscode/.local/lib/python3.10/site-packages/airflow/example_dags/tutorial.py
[2026-09-17T00:57:37.578+0000] {processor.py:836} INFO - DAG(s) dict_keys(['tutorial']) retrieved from /home/vscode/.local/lib/python3.10/site-packages/airflow/example_dags/tutorial.py
[2026-09-17T00:57:37.590+0000] {logging_mixin.py:150} INFO - [2026-09-17T00:57:37.590+0000] {dag.py:2742} INFO - Sync 1 DAGs
[2026-09-17T00:57:37.605+0000] {logging_mixin.py:150} INFO - [2026-09-17T00:57:37.605+0000] {dag.py:3504} INFO - Setting next_dagrun for tutorial to 2026-09-16T00:57:37.605014+00:00, run_after=2026-09-17T00:57:37.605014+00:00
[2026-09-17T00:57:37.622+0000] {processor.py:179} INFO - Processing /home/vscode/.local/lib/python3.10/site-packages/airflow/example_dags/tutorial.py took 0.053 seconds
[2026-09-17T00:57:55.815+0000] {processor.py:157} INFO - Started process (PID=23273) to work on /home/vscode/.local/lib/python3.10/site-packages/airflow/example_dags/tutorial.py
[2026-09-17T00:57:55.816+0000] {processor.py:826} INFO - Processing file /home/vscode/.local/lib/python3.10/site-packages/airflow/example_dags/tutorial.py for tasks to queue
[2026-09-17T00:57:55.816+0000] {logging_mixin.py:150} INFO - [2026-09-17T00:57:55.816+0000] {dagbag.py:541} INFO - Filling up the DagBag from /home/vscode/.local/lib/python3.10/site-packages/airflow/example_dags/tutorial.py
[2026-09-17T00:57:55.822+0000] {processor.py:836} INFO - DAG(s) dict_keys(['tutorial']) retrieved from /home/vscode/.local/lib/python3.10/site-packages/airflow/example_dags/tutorial.py
[2026-09-17T00:57:55.837+0000] {logging_mixin.py:150} INFO - [2026-09-17T00:57:55.836+0000] {dag.py:2742} INFO - Sync 1 DAGs
[2026-09-17T00:57:55.854+0000] {logging_mixin.py:150} INFO - [2026-09-17T00:57:55.854+0000] {dag.py:3504} INFO - Setting next_dagrun for tutorial to 2026-09-16T00:57:55.854284+00:00, run_after=2026-09-17T00:57:55.854284+00:00
[2026-09-17T00:57:55.879+0000] {processor.py:179} INFO - Processing /home/vscode/.local/lib/python3.10/site-packages/airflow/example_dags/tutorial.py took 0.067 seconds
[2026-09-17T00:58:23.157+0000] {processor.py:157} INFO - Started process (PID=23563) to work on /home/vscode/.local/lib/python3.10/site-packages/airflow/example_dags/tutorial.py
[2026-09-17T00:58:23.160+0000] {processor.py:826} INFO - Processing file /home/vscode/.local/lib/python3.10/site-packages/airflow/example_dags/tutorial.py for tasks to queue
[2026-09-17T00:58:23.161+0000] {logging_mixin.py:150} INFO - [2026-09-17T00:58:23.161+0000] {dagbag.py:541} INFO - Filling up the DagBag from /home/vscode/.local/lib/python3.10/site-packages/airflow/example_dags/tutorial.py
[2026-09-17T00:58:23.169+0000] {processor.py:836} INFO - DAG(s) dict_keys(['tutorial']) retrieved from /home/vscode/.local/lib/python3.10/site-packages/airflow/example_dags/tutorial.py
[2026-09-17T00:58:23.188+0000] {logging_mixin.py:150} INFO - [2026-09-17T00:58:23.188+0000] {dag.py:2742} INFO - Sync 1 DAGs
[2026-09-17T00:58:23.206+0000] {logging_mixin.py:150} INFO - [2026-09-17T00:58:23.206+0000] {dag.py:3504} INFO - Setting next_dagrun for tutorial to 2026-09-16T00:58:23.205984+00:00, run_after=2026-09-17T00:58:23.205984+00:00
[2026-09-17T00:58:23.222+0000] {processor.py:179} INFO - Processing /home/vscode/.local/lib/python3.10/site-packages/airflow/example_dags/tutorial.py took 0.069 seconds
[2026-09-17T00:58:42.096+0000] {processor.py:157} INFO - Started process (PID=23727) to work on /home/vscode/.local/lib/python3.10/site-packages/airflow/example_dags/tutorial.py
[2026-09-17T00:58:42.097+0000] {processor.py:826} INFO - Processing file /home/vscode/.local/lib/python3.10/site-packages/airflow/example_dags/tutorial.py for tasks to queue
[2026-09-17T00:58:42.098+0000] {logging_mixin.py:150} INFO - [2026-09-17T00:58:42.097+0000] {dagbag.py:541} INFO - Filling up the DagBag from /home/vscode/.local/lib/python3.10/site-packages/airflow/example_dags/tutorial.py
[2026-09-17T00:58:42.106+0000] {processor.py:836} INFO - DAG(s) dict_keys(['tutorial']) retrieved from /home/vscode/.local/lib/python3.10/site-packages/airflow/example_dags/tutorial.py
[2026-09-17T00:58:42.120+0000] {logging_mixin.py:150} INFO - [2026-09-17T00:58:42.120+0000] {dag.py:2742} INFO - Sync 1 DAGs
[2026-09-17T00:58:42.142+0000] {logging_mixin.py:150} INFO - [2026-09-17T00:58:42.141+0000] {dag.py:3504} INFO - Setting next_dagrun for tutorial to 2026-09-16T00:58:42.141660+00:00, run_after=2026-09-17T00:58:42.141660+00:00
[2026-09-17T00:58:42.163+0000] {processor.py:179} INFO - Processing /home/vscode/.local/lib/python3.10/site-packages/airflow/example_dags/tutorial.py took 0.070 seconds
[2026-09-17T00:59:11.492+0000] {processor.py:157} INFO - Started process (PID=24122) to work on /home/vscode/.local/lib/python3.10/site-packages/airflow/example_dags/tutorial.py
[2026-09-17T00:59:11.492+0000] {processor.py:826} INFO - Processing file /home/vscode/.local/lib/python3.10/site-packages/airflow/example_dags/tutorial.py for tasks to queue
[2026-09-17T00:59:11.493+0000] {logging_mixin.py:150} INFO - [2026-09-17T00:59:11.493+0000] {dagbag.py:541} INFO - Filling up the DagBag from /home/vscode/.local/lib/python3.10/site-packages/airflow/example_dags/tutorial.py
[2026-09-17T00:59:11.501+0000] {processor.py:836} INFO - DAG(s) dict_keys(['tutorial']) retrieved from /home/vscode/.local/lib/python3.10/site-packages/airflow/example_dags/tutorial.py
[2026-09-17T00:59:11.513+0000] {logging_mixin.py:150} INFO - [2026-09-17T00:59:11.513+0000] {dag.py:2742} INFO - Sync 1 DAGs
[2026-09-17T00:59:11.528+0000] {logging_mixin.py:150} INFO - [2026-09-17T00:59:11.528+0000] {dag.py:3504} INFO - Setting next_dagrun for tutorial to 2026-09-16T00:59:11.527919+00:00, run_after=2026-09-17T00:59:11.527919+00:00
[2026-09-17T00:59:11.545+0000] {processor.py:179} INFO - Processing /home/vscode/.local/lib/python3.10/site-packages/airflow/example_dags/tutorial.py took 0.056 seconds
[2026-09-17T00:59:18.232+0000] {processor.py:157} INFO - Started process (PID=24171) to work on /home/vscode/.local/lib/python3.10/site-packages/airflow/example_dags/tutorial.py
[2026-09-17T00:59:18.232+0000] {processor.py:826} INFO - Processing file /home/vscode/.local/lib/python3.10/site-packages/airflow/example_dags/tutorial.py for tasks to queue
[2026-09-17T00:59:18.233+0000] {logging_mixin.py:150} INFO - [2026-09-17T00:59:18.233+0000] {dagbag.py:541} INFO - Filling up the DagBag from /home/vscode/.local/lib/python3.10/site-packages/airflow/example_dags/tutorial.py
[2026-09-17T00:59:18.238+0000] {processor.py:836} INFO - DAG(s) dict_keys(['tutorial']) retrieved from /home/vscode/.local/lib/python3.10/site-packages/airflow/example_dags/tutorial.py
[2026-09-17T00:59:18.251+0000] {logging_mixin.py:150} INFO - [2026-09-17T00:59:18.251+0000] {dag.py:2742} INFO - Sync 1 DAGs
[2026-09-17T00:59:18.265+0000] {logging_mixin.py:150} INFO - [2026-09-17T00:59:18.265+0000] {dag.py:3504} INFO - Setting next_dagrun for tutorial to 2026-09-16T00:59:18.265361+00:00, run_after=2026-09-17T00:59:18.265361+00:00
[2026-09-17T00:59:18.290+0000] {processor.py:179} INFO - Processing /home/vscode/.local/lib/python3.10/site-packages/airflow/example_dags/tutorial.py took 0.061 seconds
[2026-09-17T00:59:44.587+0000] {processor.py:157} INFO - Started process (PID=24548) to work on /home/vscode/.local/lib/python3.10/site-packages/airflow/example_dags/tutorial.py
[2026-09-17T00:59:44.588+0000] {processor.py:826} INFO - Processing file /home/vscode/.local/lib/python3.10/site-packages/airflow/example_dags/tutorial.py for tasks to queue
[2026-09-17T00:59:44.588+0000] {logging_mixin.py:150} INFO - [2026-09-17T00:59:44.588+0000] {dagbag.py:541} INFO - Filling up the DagBag from /home/vscode/.local/lib/python3.10/site-packages/airflow/example_dags/tutorial.py
[2026-09-17T00:59:44.595+0000] {processor.py:836} INFO - DAG(s) dict_keys(['tutorial']) retrieved from /home/vscode/.local/lib/python3.10/site-packages/airflow/example_dags/tutorial.py
[2026-09-17T00:59:44.626+0000] {logging_mixin.py:150} INFO - [2026-09-17T00:59:44.625+0000] {dag.py:2742} INFO - Sync 1 DAGs
[2026-09-17T00:59:44.661+0000] {logging_mixin.py:150} INFO - [2026-09-17T00:59:44.661+0000] {dag.py:3504} INFO - Setting next_dagrun for tutorial to 2026-09-16T00:59:44.660889+00:00, run_after=2026-09-17T00:59:44.660889+00:00
[2026-09-17T00:59:44.690+0000] {processor.py:179} INFO - Processing /home/vscode/.local/lib/python3.10/site-packages/airflow/example_dags/tutorial.py took 0.106 seconds
[2026-09-17T00:59:54.782+0000] {processor.py:157} INFO - Started process (PID=24721) to work on /home/vscode/.local/lib/python3.10/site-packages/airflow/example_dags/tutorial.py
[2026-09-17T00:59:54.783+0000] {processor.py:826} INFO - Processing file /home/vscode/.local/lib/python3.10/site-packages/airflow/example_dags/tutorial.py for tasks to queue
[2026-09-17T00:59:54.784+0000] {logging_mixin.py:150} INFO - [2026-09-17T00:59:54.784+0000] {dagbag.py:541} INFO - Filling up the DagBag from /home/vscode/.local/lib/python3.10/site-packages/airflow/example_dags/tutorial.py
[2026-09-17T00:59:54.791+0000] {processor.py:836} INFO - DAG(s) dict_keys(['tutorial']) retrieved from /home/vscode/.local/lib/python3.10/site-packages/airflow/example_dags/tutorial.py
[2026-09-17T00:59:54.817+0000] {logging_mixin.py:150} INFO - [2026-09-17T00:59:54.816+0000] {dag.py:2742} INFO - Sync 1 DAGs
[2026-09-17T00:59:54.837+0000] {logging_mixin.py:150} INFO - [2026-09-17T00:59:54.837+0000] {dag.py:3504} INFO - Setting next_dagrun for tutorial to 2026-09-16T00:59:54.837081+00:00, run_after=2026-09-17T00:59:54.837081+00:00
[2026-09-17T00:59:54.856+0000] {processor.py:179} INFO - Processing /home/vscode/.local/lib/python3.10/site-packages/airflow/example_dags/tutorial.py took 0.076 seconds
[2026-09-17T01:00:21.755+0000] {processor.py:157} INFO - Started process (PID=25123) to work on /home/vscode/.local/lib/python3.10/site-packages/airflow/example_dags/tutorial.py
[2026-09-17T01:00:21.756+0000] {processor.py:826} INFO - Processing file /home/vscode/.local/lib/python3.10/site-packages/airflow/example_dags/tutorial.py for tasks to queue
[2026-09-17T01:00:21.757+0000] {logging_mixin.py:150} INFO - [2026-09-17T01:00:21.756+0000] {dagbag.py:541} INFO - Filling up the DagBag from /home/vscode/.local/lib/python3.10/site-packages/airflow/example_dags/tutorial.py
[2026-09-17T01:00:21.762+0000] {processor.py:836} INFO - DAG(s) dict_keys(['tutorial']) retrieved from /home/vscode/.local/lib/python3.10/site-packages/airflow/example_dags/tutorial.py
[2026-09-17T01:00:21.774+0000] {logging_mixin.py:150} INFO - [2026-09-17T01:00:21.774+0000] {dag.py:2742} INFO - Sync 1 DAGs
[2026-09-17T01:00:21.792+0000] {logging_mixin.py:150} INFO - [2026-09-17T01:00:21.792+0000] {dag.py:3504} INFO - Setting next_dagrun for tutorial to 2026-09-16T01:00:21.792400+00:00, run_after=2026-09-17T01:00:21.792400+00:00
[2026-09-17T01:00:21.811+0000] {processor.py:179} INFO - Processing /home/vscode/.local/lib/python3.10/site-packages/airflow/example_dags/tutorial.py took 0.058 seconds
[2026-09-17T01:00:29.295+0000] {processor.py:157} INFO - Started process (PID=25226) to work on /home/vscode/.local/lib/python3.10/site-packages/airflow/example_dags/tutorial.py
[2026-09-17T01:00:29.297+0000] {processor.py:826} INFO - Processing file /home/vscode/.local/lib/python3.10/site-packages/airflow/example_dags/tutorial.py for tasks to queue
[2026-09-17T01:00:29.297+0000] {logging_mixin.py:150} INFO - [2026-09-17T01:00:29.297+0000] {dagbag.py:541} INFO - Filling up the DagBag from /home/vscode/.local/lib/python3.10/site-packages/airflow/example_dags/tutorial.py
[2026-09-17T01:00:29.304+0000] {processor.py:836} INFO - DAG(s) dict_keys(['tutorial']) retrieved from /home/vscode/.local/lib/python3.10/site-packages/airflow/example_dags/tutorial.py
[2026-09-17T01:00:29.316+0000] {logging_mixin.py:150} INFO - [2026-09-17T01:00:29.316+0000] {dag.py:2742} INFO - Sync 1 DAGs
[2026-09-17T01:00:29.330+0000] {logging_mixin.py:150} INFO - [2026-09-17T01:00:29.330+0000] {dag.py:3504} INFO - Setting next_dagrun for tutorial to 2026-09-16T01:00:29.330689+00:00, run_after=2026-09-17T01:00:29.330689+00:00
[2026-09-17T01:00:29.354+0000] {processor.py:179} INFO - Processing /home/vscode/.local/lib/python3.10/site-packages/airflow/example_dags/tutorial.py took 0.062 seconds
[2026-09-17T01:00:57.343+0000] {processor.py:157} INFO - Started process (PID=25482) to work on /home/vscode/.local/lib/python3.10/site-packages/airflow/example_dags/tutorial.py
[2026-09-17T01:00:57.344+0000] {processor.py:826} INFO - Processing file /home/vscode/.local/lib/python3.10/site-packages/airflow/example_dags/tutorial.py for tasks to queue
[2026-09-17T01:00:57.344+0000] {logging_mixin.py:150} INFO - [2026-09-17T01:00:57.344+0000] {dagbag.py:541} INFO - Filling up the DagBag from /home/vscode/.local/lib/python3.10/site-packages/airflow/example_dags/tutorial.py
[2026-09-17T01:00:57.350+0000] {processor.py:836} INFO - DAG(s) dict_keys(['tutorial']) retrieved from /home/vscode/.local/lib/python3.10/site-packages/airflow/example_dags/tutorial.py
[2026-09-17T01:00:57.362+0000] {logging_mixin.py:150} INFO - [2026-09-17T01:00:57.362+0000] {dag.py:2742} INFO - Sync 1 DAGs
[2026-09-17T01:00:57.376+0000] {logging_mixin.py:150} INFO - [2026-09-17T01:00:57.376+0000] {dag.py:3504} INFO - Setting next_dagrun for tutorial to 2026-09-16T01:00:57.376359+00:00, run_after=2026-09-17T01:00:57.376359+00:00
[2026-09-17T01:00:57.395+0000] {processor.py:179} INFO - Processing /home/vscode/.local/lib/python3.10/site-packages/airflow/example_dags/tutorial.py took 0.055 seconds
[2026-09-17T01:01:18.489+0000] {processor.py:157} INFO - Started process (PID=25661) to work on /home/vscode/.local/lib/python3.10/site-packages/airflow/example_dags/tutorial.py
[2026-09-17T01:01:18.490+0000] {processor.py:826} INFO - Processing file /home/vscode/.local/lib/python3.10/site-packages/airflow/example_dags/tutorial.py for tasks to queue
[2026-09-17T01:01:18.491+0000] {logging_mixin.py:150} INFO - [2026-09-17T01:01:18.491+0000] {dagbag.py:541} INFO - Filling up the DagBag from /home/vscode/.local/lib/python3.10/site-packages/airflow/example_dags/tutorial.py
[2026-09-17T01:01:18.498+0000] {processor.py:836} INFO - DAG(s) dict_keys(['tutorial']) retrieved from /home/vscode/.local/lib/python3.10/site-packages/airflow/example_dags/tutorial.py
[2026-09-17T01:01:18.515+0000] {logging_mixin.py:150} INFO - [2026-09-17T01:01:18.514+0000] {dag.py:2742} INFO - Sync 1 DAGs
[2026-09-17T01:01:18.529+0000] {logging_mixin.py:150} INFO - [2026-09-17T01:01:18.529+0000] {dag.py:3504} INFO - Setting next_dagrun for tutorial to 2026-09-16T01:01:18.529699+00:00, run_after=2026-09-17T01:01:18.529699+00:00
[2026-09-17T01:01:18.547+0000] {processor.py:179} INFO - Processing /home/vscode/.local/lib/python3.10/site-packages/airflow/example_dags/tutorial.py took 0.061 seconds
[2026-09-17T01:01:32.321+0000] {processor.py:157} INFO - Started process (PID=25780) to work on /home/vscode/.local/lib/python3.10/site-packages/airflow/example_dags/tutorial.py
[2026-09-17T01:01:32.322+0000] {processor.py:826} INFO - Processing file /home/vscode/.local/lib/python3.10/site-packages/airflow/example_dags/tutorial.py for tasks to queue
[2026-09-17T01:01:32.323+0000] {logging_mixin.py:150} INFO - [2026-09-17T01:01:32.323+0000] {dagbag.py:541} INFO - Filling up the DagBag from /home/vscode/.local/lib/python3.10/site-packages/airflow/example_dags/tutorial.py
[2026-09-17T01:01:32.331+0000] {processor.py:836} INFO - DAG(s) dict_keys(['tutorial']) retrieved from /home/vscode/.local/lib/python3.10/site-packages/airflow/example_dags/tutorial.py
[2026-09-17T01:01:32.353+0000] {logging_mixin.py:150} INFO - [2026-09-17T01:01:32.353+0000] {dag.py:2742} INFO - Sync 1 DAGs
[2026-09-17T01:01:32.369+0000] {logging_mixin.py:150} INFO - [2026-09-17T01:01:32.369+0000] {dag.py:3504} INFO - Setting next_dagrun for tutorial to 2026-09-16T01:01:32.369448+00:00, run_after=2026-09-17T01:01:32.369448+00:00
[2026-09-17T01:01:32.398+0000] {processor.py:179} INFO - Processing /home/vscode/.local/lib/python3.10/site-packages/airflow/example_dags/tutorial.py took 0.084 seconds
[2026-09-17T01:02:04.011+0000] {processor.py:157} INFO - Started process (PID=26037) to work on /home/vscode/.local/lib/python3.10/site-packages/airflow/example_dags/tutorial.py
[2026-09-17T01:02:04.011+0000] {processor.py:826} INFO - Processing file /home/vscode/.local/lib/python3.10/site-packages/airflow/example_dags/tutorial.py for tasks to queue
[2026-09-17T01:02:04.012+0000] {logging_mixin.py:150} INFO - [2026-09-17T01:02:04.012+0000] {dagbag.py:541} INFO - Filling up the DagBag from /home/vscode/.local/lib/python3.10/site-packages/airflow/example_dags/tutorial.py
[2026-09-17T01:02:04.017+0000] {processor.py:836} INFO - DAG(s) dict_keys(['tutorial']) retrieved from /home/vscode/.local/lib/python3.10/site-packages/airflow/example_dags/tutorial.py
[2026-09-17T01:02:04.031+0000] {logging_mixin.py:150} INFO - [2026-09-17T01:02:04.031+0000] {dag.py:2742} INFO - Sync 1 DAGs
[2026-09-17T01:02:04.048+0000] {logging_mixin.py:150} INFO - [2026-09-17T01:02:04.048+0000] {dag.py:3504} INFO - Setting next_dagrun for tutorial to 2026-09-16T01:02:04.048482+00:00, run_after=2026-09-17T01:02:04.048482+00:00
[2026-09-17T01:02:04.066+0000] {processor.py:179} INFO - Processing /home/vscode/.local/lib/python3.10/site-packages/airflow/example_dags/tutorial.py took 0.058 seconds
[2026-09-17T01:02:08.009+0000] {processor.py:157} INFO - Started process (PID=26072) to work on /home/vscode/.local/lib/python3.10/site-packages/airflow/example_dags/tutorial.py
[2026-09-17T01:02:08.010+0000] {processor.py:826} INFO - Processing file /home/vscode/.local/lib/python3.10/site-packages/airflow/example_dags/tutorial.py for tasks to queue
[2026-09-17T01:02:08.010+0000] {logging_mixin.py:150} INFO - [2026-09-17T01:02:08.010+0000] {dagbag.py:541} INFO - Filling up the DagBag from /home/vscode/.local/lib/python3.10/site-packages/airflow/example_dags/tutorial.py
[2026-09-17T01:02:08.016+0000] {processor.py:836} INFO - DAG(s) dict_keys(['tutorial']) retrieved from /home/vscode/.local/lib/python3.10/site-packages/airflow/example_dags/tutorial.py
[2026-09-17T01:02:08.027+0000] {logging_mixin.py:150} INFO - [2026-09-17T01:02:08.027+0000] {dag.py:2742} INFO - Sync 1 DAGs
[2026-09-17T01:02:08.042+0000] {logging_mixin.py:150} INFO - [2026-09-17T01:02:08.042+0000] {dag.py:3504} INFO - Setting next_dagrun for tutorial to 2026-09-16T01:02:08.042622+00:00, run_after=2026-09-17T01:02:08.042622+00:00
[2026-09-17T01:02:08.059+0000] {processor.py:179} INFO - Processing /home/vscode/.local/lib/python3.10/site-packages/airflow/example_dags/tutorial.py took 0.052 seconds
[2026-09-17T01:02:42.205+0000] {processor.py:157} INFO - Started process (PID=26368) to work on /home/vscode/.local/lib/python3.10/site-packages/airflow/example_dags/tutorial.py
[2026-09-17T01:02:42.206+0000] {processor.py:826} INFO - Processing file /home/vscode/.local/lib/python3.10/site-packages/airflow/example_dags/tutorial.py for tasks to queue
[2026-09-17T01:02:42.207+0000] {logging_mixin.py:150} INFO - [2026-09-17T01:02:42.206+0000] {dagbag.py:541} INFO - Filling up the DagBag from /home/vscode/.local/lib/python3.10/site-packages/airflow/example_dags/tutorial.py
[2026-09-17T01:02:42.214+0000] {processor.py:836} INFO - DAG(s) dict_keys(['tutorial']) retrieved from /home/vscode/.local/lib/python3.10/site-packages/airflow/example_dags/tutorial.py
[2026-09-17T01:02:42.228+0000] {logging_mixin.py:150} INFO - [2026-09-17T01:02:42.228+0000] {dag.py:2742} INFO - Sync 1 DAGs
[2026-09-17T01:02:42.243+0000] {logging_mixin.py:150} INFO - [2026-09-17T01:02:42.243+0000] {dag.py:3504} INFO - Setting next_dagrun for tutorial to 2026-09-16T01:02:42.243258+00:00, run_after=2026-09-17T01:02:42.243258+00:00
[2026-09-17T01:02:42.259+0000] {processor.py:179} INFO - Processing /home/vscode/.local/lib/python3.10/site-packages/airflow/example_dags/tutorial.py took 0.058 seconds
[2026-09-17T01:02:48.296+0000] {processor.py:157} INFO - Started process (PID=26415) to work on /home/vscode/.local/lib/python3.10/site-packages/airflow/example_dags/tutorial.py
[2026-09-17T01:02:48.297+0000] {processor.py:826} INFO - Processing file /home/vscode/.local/lib/python3.10/site-packages/airflow/example_dags/tutorial.py for tasks to queue
[2026-09-17T01:02:48.298+0000] {logging_mixin.py:150} INFO - [2026-09-17T01:02:48.297+0000] {dagbag.py:541} INFO - Filling up the DagBag from /home/vscode/.local/lib/python3.10/site-packages/airflow/example_dags/tutorial.py
[2026-09-17T01:02:48.305+0000] {processor.py:836} INFO - DAG(s) dict_keys(['tutorial']) retrieved from /home/vscode/.local/lib/python3.10/site-packages/airflow/example_dags/tutorial.py
[2026-09-17T01:02:48.320+0000] {logging_mixin.py:150} INFO - [2026-09-17T01:02:48.320+0000] {dag.py:2742} INFO - Sync 1 DAGs
[2026-09-17T01:02:48.335+0000] {logging_mixin.py:150} INFO - [2026-09-17T01:02:48.334+0000] {dag.py:3504} INFO - Setting next_dagrun for tutorial to 2026-09-16T01:02:48.334800+00:00, run_after=2026-09-17T01:02:48.334800+00:00
[2026-09-17T01:02:48.354+0000] {processor.py:179} INFO - Processing /home/vscode/.local/lib/python3.10/site-packages/airflow/example_dags/tutorial.py took 0.061 seconds
[2026-09-17T01:03:17.723+0000] {processor.py:157} INFO - Started process (PID=26667) to work on /home/vscode/.local/lib/python3.10/site-packages/airflow/example_dags/tutorial.py
[2026-09-17T01:03:17.724+0000] {processor.py:826} INFO - Processing file /home/vscode/.local/lib/python3.10/site-packages/airflow/example_dags/tutorial.py for tasks to queue
[2026-09-17T01:03:17.725+0000] {logging_mixin.py:150} INFO - [2026-09-17T01:03:17.724+0000] {dagbag.py:541} INFO - Filling up the DagBag from /home/vscode/.local/lib/python3.10/site-packages/airflow/example_dags/tutorial.py
[2026-09-17T01:03:17.730+0000] {processor.py:836} INFO - DAG(s) dict_keys(['tutorial']) retrieved from /home/vscode/.local/lib/python3.10/site-packages/airflow/example_dags/tutorial.py
[2026-09-17T01:03:17.744+0000] {logging_mixin.py:150} INFO - [2026-09-17T01:03:17.744+0000] {dag.py:2742} INFO - Sync 1 DAGs
[2026-09-17T01:03:17.759+0000] {logging_mixin.py:150} INFO - [2026-09-17T01:03:17.758+0000] {dag.py:3504} INFO - Setting next_dagrun for tutorial to 2026-09-16T01:03:17.758764+00:00, run_after=2026-09-17T01:03:17.758764+00:00
[2026-09-17T01:03:17.776+0000] {processor.py:179} INFO - Processing /home/vscode/.local/lib/python3.10/site-packages/airflow/example_dags/tutorial.py took 0.056 seconds
[2026-09-17T01:03:21.271+0000] {processor.py:157} INFO - Started process (PID=26696) to work on /home/vscode/.local/lib/python3.10/site-packages/airflow/example_dags/tutorial.py
[2026-09-17T01:03:21.272+0000] {processor.py:826} INFO - Processing file /home/vscode/.local/lib/python3.10/site-packages/airflow/example_dags/tutorial.py for tasks to queue
[2026-09-17T01:03:21.272+0000] {logging_mixin.py:150} INFO - [2026-09-17T01:03:21.272+0000] {dagbag.py:541} INFO - Filling up the DagBag from /home/vscode/.local/lib/python3.10/site-packages/airflow/example_dags/tutorial.py
[2026-09-17T01:03:21.278+0000] {processor.py:836} INFO - DAG(s) dict_keys(['tutorial']) retrieved from /home/vscode/.local/lib/python3.10/site-packages/airflow/example_dags/tutorial.py
[2026-09-17T01:03:21.293+0000] {logging_mixin.py:150} INFO - [2026-09-17T01:03:21.293+0000] {dag.py:2742} INFO - Sync 1 DAGs
[2026-09-17T01:03:21.310+0000] {logging_mixin.py:150} INFO - [2026-09-17T01:03:21.310+0000] {dag.py:3504} INFO - Setting next_dagrun for tutorial to 2026-09-16T01:03:21.309887+00:00, run_after=2026-09-17T01:03:21.309887+00:00
[2026-09-17T01:03:21.327+0000] {processor.py:179} INFO - Processing /home/vscode/.local/lib/python3.10/site-packages/airflow/example_dags/tutorial.py took 0.059 seconds
[2026-09-17T01:03:51.649+0000] {processor.py:157} INFO - Started process (PID=26954) to work on /home/vscode/.local/lib/python3.10/site-packages/airflow/example_dags/tutorial.py
[2026-09-17T01:03:51.650+0000] {processor.py:826} INFO - Processing file /home/vscode/.local/lib/python3.10/site-packages/airflow/example_dags/tutorial.py for tasks to queue
[2026-09-17T01:03:51.651+0000] {logging_mixin.py:150} INFO - [2026-09-17T01:03:51.651+0000] {dagbag.py:541} INFO - Filling up the DagBag from /home/vscode/.local/lib/python3.10/site-packages/airflow/example_dags/tutorial.py
[2026-09-17T01:03:51.659+0000] {processor.py:836} INFO - DAG(s) dict_keys(['tutorial']) retrieved from /home/vscode/.local/lib/python3.10/site-packages/airflow/example_dags/tutorial.py
[2026-09-17T01:03:51.674+0000] {logging_mixin.py:150} INFO - [2026-09-17T01:03:51.674+0000] {dag.py:2742} INFO - Sync 1 DAGs
[2026-09-17T01:03:51.692+0000] {logging_mixin.py:150} INFO - [2026-09-17T01:03:51.692+0000] {dag.py:3504} INFO - Setting next_dagrun for tutorial to 2026-09-16T01:03:51.692412+00:00, run_after=2026-09-17T01:03:51.692412+00:00
[2026-09-17T01:03:51.709+0000] {processor.py:179} INFO - Processing /home/vscode/.local/lib/python3.10/site-packages/airflow/example_dags/tutorial.py took 0.062 seconds
[2026-09-17T01:03:56.617+0000] {processor.py:157} INFO - Started process (PID=27003) to work on /home/vscode/.local/lib/python3.10/site-packages/airflow/example_dags/tutorial.py
[2026-09-17T01:03:56.618+0000] {processor.py:826} INFO - Processing file /home/vscode/.local/lib/python3.10/site-packages/airflow/example_dags/tutorial.py for tasks to queue
[2026-09-17T01:03:56.619+0000] {logging_mixin.py:150} INFO - [2026-09-17T01:03:56.618+0000] {dagbag.py:541} INFO - Filling up the DagBag from /home/vscode/.local/lib/python3.10/site-packages/airflow/example_dags/tutorial.py
[2026-09-17T01:03:56.633+0000] {processor.py:836} INFO - DAG(s) dict_keys(['tutorial']) retrieved from /home/vscode/.local/lib/python3.10/site-packages/airflow/example_dags/tutorial.py
[2026-09-17T01:03:56.649+0000] {logging_mixin.py:150} INFO - [2026-09-17T01:03:56.649+0000] {dag.py:2742} INFO - Sync 1 DAGs
[2026-09-17T01:03:56.663+0000] {logging_mixin.py:150} INFO - [2026-09-17T01:03:56.663+0000] {dag.py:3504} INFO - Setting next_dagrun for tutorial to 2026-09-16T01:03:56.663473+00:00, run_after=2026-09-17T01:03:56.663473+00:00
[2026-09-17T01:03:56.680+0000] {processor.py:179} INFO - Processing /home/vscode/.local/lib/python3.10/site-packages/airflow/example_dags/tutorial.py took 0.068 seconds
[2026-09-17T01:04:26.580+0000] {processor.py:157} INFO - Started process (PID=27254) to work on /home/vscode/.local/lib/python3.10/site-packages/airflow/example_dags/tutorial.py
[2026-09-17T01:04:26.581+0000] {processor.py:826} INFO - Processing file /home/vscode/.local/lib/python3.10/site-packages/airflow/example_dags/tutorial.py for tasks to queue
[2026-09-17T01:04:26.582+0000] {logging_mixin.py:150} INFO - [2026-09-17T01:04:26.581+0000] {dagbag.py:541} INFO - Filling up the DagBag from /home/vscode/.local/lib/python3.10/site-packages/airflow/example_dags/tutorial.py
[2026-09-17T01:04:26.587+0000] {processor.py:836} INFO - DAG(s) dict_keys(['tutorial']) retrieved from /home/vscode/.local/lib/python3.10/site-packages/airflow/example_dags/tutorial.py
[2026-09-17T01:04:26.599+0000] {logging_mixin.py:150} INFO - [2026-09-17T01:04:26.598+0000] {dag.py:2742} INFO - Sync 1 DAGs
[2026-09-17T01:04:26.613+0000] {logging_mixin.py:150} INFO - [2026-09-17T01:04:26.613+0000] {dag.py:3504} INFO - Setting next_dagrun for tutorial to 2026-09-16T01:04:26.612929+00:00, run_after=2026-09-17T01:04:26.612929+00:00
[2026-09-17T01:04:26.629+0000] {processor.py:179} INFO - Processing /home/vscode/.local/lib/python3.10/site-packages/airflow/example_dags/tutorial.py took 0.051 seconds
[2026-09-17T01:04:31.476+0000] {processor.py:157} INFO - Started process (PID=27288) to work on /home/vscode/.local/lib/python3.10/site-packages/airflow/example_dags/tutorial.py
[2026-09-17T01:04:31.477+0000] {processor.py:826} INFO - Processing file /home/vscode/.local/lib/python3.10/site-packages/airflow/example_dags/tutorial.py for tasks to queue
[2026-09-17T01:04:31.477+0000] {logging_mixin.py:150} INFO - [2026-09-17T01:04:31.477+0000] {dagbag.py:541} INFO - Filling up the DagBag from /home/vscode/.local/lib/python3.10/site-packages/airflow/example_dags/tutorial.py
[2026-09-17T01:04:31.484+0000] {processor.py:836} INFO - DAG(s) dict_keys(['tutorial']) retrieved from /home/vscode/.local/lib/python3.10/site-packages/airflow/example_dags/tutorial.py
[2026-09-17T01:04:31.500+0000] {logging_mixin.py:150} INFO - [2026-09-17T01:04:31.499+0000] {dag.py:2742} INFO - Sync 1 DAGs
[2026-09-17T01:04:31.514+0000] {logging_mixin.py:150} INFO - [2026-09-17T01:04:31.514+0000] {dag.py:3504} INFO - Setting next_dagrun for tutorial to 2026-09-16T01:04:31.513983+00:00, run_after=2026-09-17T01:04:31.513983+00:00
[2026-09-17T01:04:31.531+0000] {processor.py:179} INFO - Processing /home/vscode/.local/lib/python3.10/site-packages/airflow/example_dags/tutorial.py took 0.058 seconds
[2026-09-17T01:05:05.463+0000] {processor.py:157} INFO - Started process (PID=27572) to work on /home/vscode/.local/lib/python3.10/site-packages/airflow/example_dags/tutorial.py
[2026-09-17T01:05:05.464+0000] {processor.py:826} INFO - Processing file /home/vscode/.local/lib/python3.10/site-packages/airflow/example_dags/tutorial.py for tasks to queue
[2026-09-17T01:05:05.465+0000] {logging_mixin.py:150} INFO - [2026-09-17T01:05:05.464+0000] {dagbag.py:541} INFO - Filling up the DagBag from /home/vscode/.local/lib/python3.10/site-packages/airflow/example_dags/tutorial.py
[2026-09-17T01:05:05.472+0000] {processor.py:836} INFO - DAG(s) dict_keys(['tutorial']) retrieved from /home/vscode/.local/lib/python3.10/site-packages/airflow/example_dags/tutorial.py
[2026-09-17T01:05:05.491+0000] {logging_mixin.py:150} INFO - [2026-09-17T01:05:05.491+0000] {dag.py:2742} INFO - Sync 1 DAGs
[2026-09-17T01:05:05.515+0000] {logging_mixin.py:150} INFO - [2026-09-17T01:05:05.515+0000] {dag.py:3504} INFO - Setting next_dagrun for tutorial to 2026-09-16T01:05:05.514922+00:00, run_after=2026-09-17T01:05:05.514922+00:00
[2026-09-17T01:05:05.540+0000] {processor.py:179} INFO - Processing /home/vscode/.local/lib/python3.10/site-packages/airflow/example_dags/tutorial.py took 0.080 seconds
[2026-09-17T01:05:14.394+0000] {processor.py:157} INFO - Started process (PID=27657) to work on /home/vscode/.local/lib/python3.10/site-packages/airflow/example_dags/tutorial.py
[2026-09-17T01:05:14.395+0000] {processor.py:826} INFO - Processing file /home/vscode/.local/lib/python3.10/site-packages/airflow/example_dags/tutorial.py for tasks to queue
[2026-09-17T01:05:14.396+0000] {logging_mixin.py:150} INFO - [2026-09-17T01:05:14.396+0000] {dagbag.py:541} INFO - Filling up the DagBag from /home/vscode/.local/lib/python3.10/site-packages/airflow/example_dags/tutorial.py
[2026-09-17T01:05:14.402+0000] {processor.py:836} INFO - DAG(s) dict_keys(['tutorial']) retrieved from /home/vscode/.local/lib/python3.10/site-packages/airflow/example_dags/tutorial.py
[2026-09-17T01:05:14.414+0000] {logging_mixin.py:150} INFO - [2026-09-17T01:05:14.414+0000] {dag.py:2742} INFO - Sync 1 DAGs
[2026-09-17T01:05:14.429+0000] {logging_mixin.py:150} INFO - [2026-09-17T01:05:14.428+0000] {dag.py:3504} INFO - Setting next_dagrun for tutorial to 2026-09-16T01:05:14.428842+00:00, run_after=2026-09-17T01:05:14.428842+00:00
[2026-09-17T01:05:14.445+0000] {processor.py:179} INFO - Processing /home/vscode/.local/lib/python3.10/site-packages/airflow/example_dags/tutorial.py took 0.054 seconds
[2026-09-17T01:05:55.245+0000] {processor.py:157} INFO - Started process (PID=28037) to work on /home/vscode/.local/lib/python3.10/site-packages/airflow/example_dags/tutorial.py
[2026-09-17T01:05:55.246+0000] {processor.py:826} INFO - Processing file /home/vscode/.local/lib/python3.10/site-packages/airflow/example_dags/tutorial.py for tasks to queue
[2026-09-17T01:05:55.247+0000] {logging_mixin.py:150} INFO - [2026-09-17T01:05:55.246+0000] {dagbag.py:541} INFO - Filling up the DagBag from /home/vscode/.local/lib/python3.10/site-packages/airflow/example_dags/tutorial.py
[2026-09-17T01:05:55.252+0000] {processor.py:836} INFO - DAG(s) dict_keys(['tutorial']) retrieved from /home/vscode/.local/lib/python3.10/site-packages/airflow/example_dags/tutorial.py
[2026-09-17T01:05:55.267+0000] {logging_mixin.py:150} INFO - [2026-09-17T01:05:55.267+0000] {dag.py:2742} INFO - Sync 1 DAGs
[2026-09-17T01:05:55.285+0000] {logging_mixin.py:150} INFO - [2026-09-17T01:05:55.285+0000] {dag.py:3504} INFO - Setting next_dagrun for tutorial to 2026-09-16T01:05:55.285491+00:00, run_after=2026-09-17T01:05:55.285491+00:00
[2026-09-17T01:05:55.306+0000] {processor.py:179} INFO - Processing /home/vscode/.local/lib/python3.10/site-packages/airflow/example_dags/tutorial.py took 0.063 seconds
[2026-09-17T01:06:00.680+0000] {processor.py:157} INFO - Started process (PID=28083) to work on /home/vscode/.local/lib/python3.10/site-packages/airflow/example_dags/tutorial.py
[2026-09-17T01:06:00.681+0000] {processor.py:826} INFO - Processing file /home/vscode/.local/lib/python3.10/site-packages/airflow/example_dags/tutorial.py for tasks to queue
[2026-09-17T01:06:00.682+0000] {logging_mixin.py:150} INFO - [2026-09-17T01:06:00.681+0000] {dagbag.py:541} INFO - Filling up the DagBag from /home/vscode/.local/lib/python3.10/site-packages/airflow/example_dags/tutorial.py
[2026-09-17T01:06:00.689+0000] {processor.py:836} INFO - DAG(s) dict_keys(['tutorial']) retrieved from /home/vscode/.local/lib/python3.10/site-packages/airflow/example_dags/tutorial.py
[2026-09-17T01:06:00.703+0000] {logging_mixin.py:150} INFO - [2026-09-17T01:06:00.703+0000] {dag.py:2742} INFO - Sync 1 DAGs
[2026-09-17T01:06:00.718+0000] {logging_mixin.py:150} INFO - [2026-09-17T01:06:00.718+0000] {dag.py:3504} INFO - Setting next_dagrun for tutorial to 2026-09-16T01:06:00.718158+00:00, run_after=2026-09-17T01:06:00.718158+00:00
[2026-09-17T01:06:00.735+0000] {processor.py:179} INFO - Processing /home/vscode/.local/lib/python3.10/site-packages/airflow/example_dags/tutorial.py took 0.058 seconds
[2026-09-17T01:06:36.087+0000] {processor.py:157} INFO - Started process (PID=28383) to work on /home/vscode/.local/lib/python3.10/site-packages/airflow/example_dags/tutorial.py
[2026-09-17T01:06:36.089+0000] {processor.py:826} INFO - Processing file /home/vscode/.local/lib/python3.10/site-packages/airflow/example_dags/tutorial.py for tasks to queue
[2026-09-17T01:06:36.092+0000] {logging_mixin.py:150} INFO - [2026-09-17T01:06:36.090+0000] {dagbag.py:541} INFO - Filling up the DagBag from /home/vscode/.local/lib/python3.10/site-packages/airflow/example_dags/tutorial.py
[2026-09-17T01:06:36.106+0000] {processor.py:836} INFO - DAG(s) dict_keys(['tutorial']) retrieved from /home/vscode/.local/lib/python3.10/site-packages/airflow/example_dags/tutorial.py
[2026-09-17T01:06:36.125+0000] {logging_mixin.py:150} INFO - [2026-09-17T01:06:36.124+0000] {dag.py:2742} INFO - Sync 1 DAGs
[2026-09-17T01:06:36.146+0000] {logging_mixin.py:150} INFO - [2026-09-17T01:06:36.146+0000] {dag.py:3504} INFO - Setting next_dagrun for tutorial to 2026-09-16T01:06:36.145829+00:00, run_after=2026-09-17T01:06:36.145829+00:00
[2026-09-17T01:06:36.170+0000] {processor.py:179} INFO - Processing /home/vscode/.local/lib/python3.10/site-packages/airflow/example_dags/tutorial.py took 0.088 seconds
[2026-09-17T01:06:43.303+0000] {processor.py:157} INFO - Started process (PID=28435) to work on /home/vscode/.local/lib/python3.10/site-packages/airflow/example_dags/tutorial.py
[2026-09-17T01:06:43.303+0000] {processor.py:826} INFO - Processing file /home/vscode/.local/lib/python3.10/site-packages/airflow/example_dags/tutorial.py for tasks to queue
[2026-09-17T01:06:43.304+0000] {logging_mixin.py:150} INFO - [2026-09-17T01:06:43.304+0000] {dagbag.py:541} INFO - Filling up the DagBag from /home/vscode/.local/lib/python3.10/site-packages/airflow/example_dags/tutorial.py
[2026-09-17T01:06:43.310+0000] {processor.py:836} INFO - DAG(s) dict_keys(['tutorial']) retrieved from /home/vscode/.local/lib/python3.10/site-packages/airflow/example_dags/tutorial.py
[2026-09-17T01:06:43.322+0000] {logging_mixin.py:150} INFO - [2026-09-17T01:06:43.322+0000] {dag.py:2742} INFO - Sync 1 DAGs
[2026-09-17T01:06:43.337+0000] {logging_mixin.py:150} INFO - [2026-09-17T01:06:43.336+0000] {dag.py:3504} INFO - Setting next_dagrun for tutorial to 2026-09-16T01:06:43.336826+00:00, run_after=2026-09-17T01:06:43.336826+00:00
[2026-09-17T01:06:43.353+0000] {processor.py:179} INFO - Processing /home/vscode/.local/lib/python3.10/site-packages/airflow/example_dags/tutorial.py took 0.054 seconds
[2026-09-17T01:07:10.318+0000] {processor.py:157} INFO - Started process (PID=28669) to work on /home/vscode/.local/lib/python3.10/site-packages/airflow/example_dags/tutorial.py
[2026-09-17T01:07:10.319+0000] {processor.py:826} INFO - Processing file /home/vscode/.local/lib/python3.10/site-packages/airflow/example_dags/tutorial.py for tasks to queue
[2026-09-17T01:07:10.320+0000] {logging_mixin.py:150} INFO - [2026-09-17T01:07:10.319+0000] {dagbag.py:541} INFO - Filling up the DagBag from /home/vscode/.local/lib/python3.10/site-packages/airflow/example_dags/tutorial.py
[2026-09-17T01:07:10.326+0000] {processor.py:836} INFO - DAG(s) dict_keys(['tutorial']) retrieved from /home/vscode/.local/lib/python3.10/site-packages/airflow/example_dags/tutorial.py
[2026-09-17T01:07:10.338+0000] {logging_mixin.py:150} INFO - [2026-09-17T01:07:10.338+0000] {dag.py:2742} INFO - Sync 1 DAGs
[2026-09-17T01:07:10.352+0000] {logging_mixin.py:150} INFO - [2026-09-17T01:07:10.352+0000] {dag.py:3504} INFO - Setting next_dagrun for tutorial to 2026-09-16T01:07:10.352273+00:00, run_after=2026-09-17T01:07:10.352273+00:00
[2026-09-17T01:07:10.368+0000] {processor.py:179} INFO - Processing /home/vscode/.local/lib/python3.10/site-packages/airflow/example_dags/tutorial.py took 0.053 seconds
[2026-09-17T01:07:17.943+0000] {processor.py:157} INFO - Started process (PID=28739) to work on /home/vscode/.local/lib/python3.10/site-packages/airflow/example_dags/tutorial.py
[2026-09-17T01:07:17.945+0000] {processor.py:826} INFO - Processing file /home/vscode/.local/lib/python3.10/site-packages/airflow/example_dags/tutorial.py for tasks to queue
[2026-09-17T01:07:17.946+0000] {logging_mixin.py:150} INFO - [2026-09-17T01:07:17.945+0000] {dagbag.py:541} INFO - Filling up the DagBag from /home/vscode/.local/lib/python3.10/site-packages/airflow/example_dags/tutorial.py
[2026-09-17T01:07:17.953+0000] {processor.py:836} INFO - DAG(s) dict_keys(['tutorial']) retrieved from /home/vscode/.local/lib/python3.10/site-packages/airflow/example_dags/tutorial.py
[2026-09-17T01:07:17.967+0000] {logging_mixin.py:150} INFO - [2026-09-17T01:07:17.966+0000] {dag.py:2742} INFO - Sync 1 DAGs
[2026-09-17T01:07:17.981+0000] {logging_mixin.py:150} INFO - [2026-09-17T01:07:17.981+0000] {dag.py:3504} INFO - Setting next_dagrun for tutorial to 2026-09-16T01:07:17.981342+00:00, run_after=2026-09-17T01:07:17.981342+00:00
[2026-09-17T01:07:18.002+0000] {processor.py:179} INFO - Processing /home/vscode/.local/lib/python3.10/site-packages/airflow/example_dags/tutorial.py took 0.063 seconds
[2026-09-17T01:07:52.785+0000] {processor.py:157} INFO - Started process (PID=29020) to work on /home/vscode/.local/lib/python3.10/site-packages/airflow/example_dags/tutorial.py
[2026-09-17T01:07:52.787+0000] {processor.py:826} INFO - Processing file /home/vscode/.local/lib/python3.10/site-packages/airflow/example_dags/tutorial.py for tasks to queue
[2026-09-17T01:07:52.788+0000] {logging_mixin.py:150} INFO - [2026-09-17T01:07:52.788+0000] {dagbag.py:541} INFO - Filling up the DagBag from /home/vscode/.local/lib/python3.10/site-packages/airflow/example_dags/tutorial.py
[2026-09-17T01:07:52.827+0000] {processor.py:836} INFO - DAG(s) dict_keys(['tutorial']) retrieved from /home/vscode/.local/lib/python3.10/site-packages/airflow/example_dags/tutorial.py
[2026-09-17T01:07:52.851+0000] {logging_mixin.py:150} INFO - [2026-09-17T01:07:52.851+0000] {dag.py:2742} INFO - Sync 1 DAGs
[2026-09-17T01:07:52.877+0000] {logging_mixin.py:150} INFO - [2026-09-17T01:07:52.877+0000] {dag.py:3504} INFO - Setting next_dagrun for tutorial to 2026-09-16T01:07:52.877220+00:00, run_after=2026-09-17T01:07:52.877220+00:00
[2026-09-17T01:07:52.898+0000] {processor.py:179} INFO - Processing /home/vscode/.local/lib/python3.10/site-packages/airflow/example_dags/tutorial.py took 0.122 seconds
[2026-09-17T01:07:58.365+0000] {processor.py:157} INFO - Started process (PID=29072) to work on /home/vscode/.local/lib/python3.10/site-packages/airflow/example_dags/tutorial.py
[2026-09-17T01:07:58.368+0000] {processor.py:826} INFO - Processing file /home/vscode/.local/lib/python3.10/site-packages/airflow/example_dags/tutorial.py for tasks to queue
[2026-09-17T01:07:58.370+0000] {logging_mixin.py:150} INFO - [2026-09-17T01:07:58.368+0000] {dagbag.py:541} INFO - Filling up the DagBag from /home/vscode/.local/lib/python3.10/site-packages/airflow/example_dags/tutorial.py
[2026-09-17T01:07:58.393+0000] {processor.py:836} INFO - DAG(s) dict_keys(['tutorial']) retrieved from /home/vscode/.local/lib/python3.10/site-packages/airflow/example_dags/tutorial.py
[2026-09-17T01:07:58.470+0000] {logging_mixin.py:150} INFO - [2026-09-17T01:07:58.470+0000] {dag.py:2742} INFO - Sync 1 DAGs
[2026-09-17T01:07:58.564+0000] {logging_mixin.py:150} INFO - [2026-09-17T01:07:58.563+0000] {dag.py:3504} INFO - Setting next_dagrun for tutorial to 2026-09-16T01:07:58.563728+00:00, run_after=2026-09-17T01:07:58.563728+00:00
[2026-09-17T01:07:58.623+0000] {processor.py:179} INFO - Processing /home/vscode/.local/lib/python3.10/site-packages/airflow/example_dags/tutorial.py took 0.264 seconds
[2026-09-17T01:08:40.007+0000] {processor.py:157} INFO - Started process (PID=29432) to work on /home/vscode/.local/lib/python3.10/site-packages/airflow/example_dags/tutorial.py
[2026-09-17T01:08:40.008+0000] {processor.py:826} INFO - Processing file /home/vscode/.local/lib/python3.10/site-packages/airflow/example_dags/tutorial.py for tasks to queue
[2026-09-17T01:08:40.009+0000] {logging_mixin.py:150} INFO - [2026-09-17T01:08:40.008+0000] {dagbag.py:541} INFO - Filling up the DagBag from /home/vscode/.local/lib/python3.10/site-packages/airflow/example_dags/tutorial.py
[2026-09-17T01:08:40.014+0000] {processor.py:836} INFO - DAG(s) dict_keys(['tutorial']) retrieved from /home/vscode/.local/lib/python3.10/site-packages/airflow/example_dags/tutorial.py
[2026-09-17T01:08:40.026+0000] {logging_mixin.py:150} INFO - [2026-09-17T01:08:40.026+0000] {dag.py:2742} INFO - Sync 1 DAGs
[2026-09-17T01:08:40.041+0000] {logging_mixin.py:150} INFO - [2026-09-17T01:08:40.041+0000] {dag.py:3504} INFO - Setting next_dagrun for tutorial to 2026-09-16T01:08:40.041415+00:00, run_after=2026-09-17T01:08:40.041415+00:00
[2026-09-17T01:08:40.059+0000] {processor.py:179} INFO - Processing /home/vscode/.local/lib/python3.10/site-packages/airflow/example_dags/tutorial.py took 0.054 seconds
[2026-09-17T01:08:46.464+0000] {processor.py:157} INFO - Started process (PID=29488) to work on /home/vscode/.local/lib/python3.10/site-packages/airflow/example_dags/tutorial.py
[2026-09-17T01:08:46.464+0000] {processor.py:826} INFO - Processing file /home/vscode/.local/lib/python3.10/site-packages/airflow/example_dags/tutorial.py for tasks to queue
[2026-09-17T01:08:46.465+0000] {logging_mixin.py:150} INFO - [2026-09-17T01:08:46.465+0000] {dagbag.py:541} INFO - Filling up the DagBag from /home/vscode/.local/lib/python3.10/site-packages/airflow/example_dags/tutorial.py
[2026-09-17T01:08:46.470+0000] {processor.py:836} INFO - DAG(s) dict_keys(['tutorial']) retrieved from /home/vscode/.local/lib/python3.10/site-packages/airflow/example_dags/tutorial.py
[2026-09-17T01:08:46.483+0000] {logging_mixin.py:150} INFO - [2026-09-17T01:08:46.483+0000] {dag.py:2742} INFO - Sync 1 DAGs
[2026-09-17T01:08:46.502+0000] {logging_mixin.py:150} INFO - [2026-09-17T01:08:46.502+0000] {dag.py:3504} INFO - Setting next_dagrun for tutorial to 2026-09-16T01:08:46.502173+00:00, run_after=2026-09-17T01:08:46.502173+00:00
[2026-09-17T01:08:46.518+0000] {processor.py:179} INFO - Processing /home/vscode/.local/lib/python3.10/site-packages/airflow/example_dags/tutorial.py took 0.057 seconds
[2026-09-17T01:09:21.334+0000] {processor.py:157} INFO - Started process (PID=29788) to work on /home/vscode/.local/lib/python3.10/site-packages/airflow/example_dags/tutorial.py
[2026-09-17T01:09:21.335+0000] {processor.py:826} INFO - Processing file /home/vscode/.local/lib/python3.10/site-packages/airflow/example_dags/tutorial.py for tasks to queue
[2026-09-17T01:09:21.336+0000] {logging_mixin.py:150} INFO - [2026-09-17T01:09:21.335+0000] {dagbag.py:541} INFO - Filling up the DagBag from /home/vscode/.local/lib/python3.10/site-packages/airflow/example_dags/tutorial.py
[2026-09-17T01:09:21.341+0000] {processor.py:836} INFO - DAG(s) dict_keys(['tutorial']) retrieved from /home/vscode/.local/lib/python3.10/site-packages/airflow/example_dags/tutorial.py
[2026-09-17T01:09:21.355+0000] {logging_mixin.py:150} INFO - [2026-09-17T01:09:21.355+0000] {dag.py:2742} INFO - Sync 1 DAGs
[2026-09-17T01:09:21.370+0000] {logging_mixin.py:150} INFO - [2026-09-17T01:09:21.370+0000] {dag.py:3504} INFO - Setting next_dagrun for tutorial to 2026-09-16T01:09:21.370309+00:00, run_after=2026-09-17T01:09:21.370309+00:00
[2026-09-17T01:09:21.387+0000] {processor.py:179} INFO - Processing /home/vscode/.local/lib/python3.10/site-packages/airflow/example_dags/tutorial.py took 0.055 seconds
[2026-09-17T01:09:28.625+0000] {processor.py:157} INFO - Started process (PID=29843) to work on /home/vscode/.local/lib/python3.10/site-packages/airflow/example_dags/tutorial.py
[2026-09-17T01:09:28.625+0000] {processor.py:826} INFO - Processing file /home/vscode/.local/lib/python3.10/site-packages/airflow/example_dags/tutorial.py for tasks to queue
[2026-09-17T01:09:28.626+0000] {logging_mixin.py:150} INFO - [2026-09-17T01:09:28.626+0000] {dagbag.py:541} INFO - Filling up the DagBag from /home/vscode/.local/lib/python3.10/site-packages/airflow/example_dags/tutorial.py
[2026-09-17T01:09:28.631+0000] {processor.py:836} INFO - DAG(s) dict_keys(['tutorial']) retrieved from /home/vscode/.local/lib/python3.10/site-packages/airflow/example_dags/tutorial.py
[2026-09-17T01:09:28.646+0000] {logging_mixin.py:150} INFO - [2026-09-17T01:09:28.646+0000] {dag.py:2742} INFO - Sync 1 DAGs
[2026-09-17T01:09:28.662+0000] {logging_mixin.py:150} INFO - [2026-09-17T01:09:28.662+0000] {dag.py:3504} INFO - Setting next_dagrun for tutorial to 2026-09-16T01:09:28.662241+00:00, run_after=2026-09-17T01:09:28.662241+00:00
[2026-09-17T01:09:28.679+0000] {processor.py:179} INFO - Processing /home/vscode/.local/lib/python3.10/site-packages/airflow/example_dags/tutorial.py took 0.057 seconds
[2026-09-17T01:09:55.894+0000] {processor.py:157} INFO - Started process (PID=30080) to work on /home/vscode/.local/lib/python3.10/site-packages/airflow/example_dags/tutorial.py
[2026-09-17T01:09:55.895+0000] {processor.py:826} INFO - Processing file /home/vscode/.local/lib/python3.10/site-packages/airflow/example_dags/tutorial.py for tasks to queue
[2026-09-17T01:09:55.897+0000] {logging_mixin.py:150} INFO - [2026-09-17T01:09:55.896+0000] {dagbag.py:541} INFO - Filling up the DagBag from /home/vscode/.local/lib/python3.10/site-packages/airflow/example_dags/tutorial.py
[2026-09-17T01:09:55.905+0000] {processor.py:836} INFO - DAG(s) dict_keys(['tutorial']) retrieved from /home/vscode/.local/lib/python3.10/site-packages/airflow/example_dags/tutorial.py
[2026-09-17T01:09:55.925+0000] {logging_mixin.py:150} INFO - [2026-09-17T01:09:55.925+0000] {dag.py:2742} INFO - Sync 1 DAGs
[2026-09-17T01:09:55.947+0000] {logging_mixin.py:150} INFO - [2026-09-17T01:09:55.947+0000] {dag.py:3504} INFO - Setting next_dagrun for tutorial to 2026-09-16T01:09:55.947341+00:00, run_after=2026-09-17T01:09:55.947341+00:00
[2026-09-17T01:09:55.967+0000] {processor.py:179} INFO - Processing /home/vscode/.local/lib/python3.10/site-packages/airflow/example_dags/tutorial.py took 0.076 seconds
[2026-09-17T01:10:12.191+0000] {processor.py:157} INFO - Started process (PID=30218) to work on /home/vscode/.local/lib/python3.10/site-packages/airflow/example_dags/tutorial.py
[2026-09-17T01:10:12.192+0000] {processor.py:826} INFO - Processing file /home/vscode/.local/lib/python3.10/site-packages/airflow/example_dags/tutorial.py for tasks to queue
[2026-09-17T01:10:12.193+0000] {logging_mixin.py:150} INFO - [2026-09-17T01:10:12.193+0000] {dagbag.py:541} INFO - Filling up the DagBag from /home/vscode/.local/lib/python3.10/site-packages/airflow/example_dags/tutorial.py
[2026-09-17T01:10:12.201+0000] {processor.py:836} INFO - DAG(s) dict_keys(['tutorial']) retrieved from /home/vscode/.local/lib/python3.10/site-packages/airflow/example_dags/tutorial.py
[2026-09-17T01:10:12.226+0000] {logging_mixin.py:150} INFO - [2026-09-17T01:10:12.226+0000] {dag.py:2742} INFO - Sync 1 DAGs
[2026-09-17T01:10:12.249+0000] {logging_mixin.py:150} INFO - [2026-09-17T01:10:12.249+0000] {dag.py:3504} INFO - Setting next_dagrun for tutorial to 2026-09-16T01:10:12.249511+00:00, run_after=2026-09-17T01:10:12.249511+00:00
[2026-09-17T01:10:12.274+0000] {processor.py:179} INFO - Processing /home/vscode/.local/lib/python3.10/site-packages/airflow/example_dags/tutorial.py took 0.086 seconds
[2026-09-17T01:10:45.323+0000] {processor.py:157} INFO - Started process (PID=30535) to work on /home/vscode/.local/lib/python3.10/site-packages/airflow/example_dags/tutorial.py
[2026-09-17T01:10:45.323+0000] {processor.py:826} INFO - Processing file /home/vscode/.local/lib/python3.10/site-packages/airflow/example_dags/tutorial.py for tasks to queue
[2026-09-17T01:10:45.324+0000] {logging_mixin.py:150} INFO - [2026-09-17T01:10:45.324+0000] {dagbag.py:541} INFO - Filling up the DagBag from /home/vscode/.local/lib/python3.10/site-packages/airflow/example_dags/tutorial.py
[2026-09-17T01:10:45.329+0000] {processor.py:836} INFO - DAG(s) dict_keys(['tutorial']) retrieved from /home/vscode/.local/lib/python3.10/site-packages/airflow/example_dags/tutorial.py
[2026-09-17T01:10:45.341+0000] {logging_mixin.py:150} INFO - [2026-09-17T01:10:45.341+0000] {dag.py:2742} INFO - Sync 1 DAGs
[2026-09-17T01:10:45.358+0000] {logging_mixin.py:150} INFO - [2026-09-17T01:10:45.358+0000] {dag.py:3504} INFO - Setting next_dagrun for tutorial to 2026-09-16T01:10:45.358336+00:00, run_after=2026-09-17T01:10:45.358336+00:00
[2026-09-17T01:10:45.375+0000] {processor.py:179} INFO - Processing /home/vscode/.local/lib/python3.10/site-packages/airflow/example_dags/tutorial.py took 0.055 seconds
[2026-09-17T01:10:46.308+0000] {processor.py:157} INFO - Started process (PID=30543) to work on /home/vscode/.local/lib/python3.10/site-packages/airflow/example_dags/tutorial.py
[2026-09-17T01:10:46.309+0000] {processor.py:826} INFO - Processing file /home/vscode/.local/lib/python3.10/site-packages/airflow/example_dags/tutorial.py for tasks to queue
[2026-09-17T01:10:46.310+0000] {logging_mixin.py:150} INFO - [2026-09-17T01:10:46.309+0000] {dagbag.py:541} INFO - Filling up the DagBag from /home/vscode/.local/lib/python3.10/site-packages/airflow/example_dags/tutorial.py
[2026-09-17T01:10:46.315+0000] {processor.py:836} INFO - DAG(s) dict_keys(['tutorial']) retrieved from /home/vscode/.local/lib/python3.10/site-packages/airflow/example_dags/tutorial.py
[2026-09-17T01:10:46.327+0000] {logging_mixin.py:150} INFO - [2026-09-17T01:10:46.327+0000] {dag.py:2742} INFO - Sync 1 DAGs
[2026-09-17T01:10:46.341+0000] {logging_mixin.py:150} INFO - [2026-09-17T01:10:46.341+0000] {dag.py:3504} INFO - Setting next_dagrun for tutorial to 2026-09-16T01:10:46.341624+00:00, run_after=2026-09-17T01:10:46.341624+00:00
[2026-09-17T01:10:46.360+0000] {processor.py:179} INFO - Processing /home/vscode/.local/lib/python3.10/site-packages/airflow/example_dags/tutorial.py took 0.055 seconds
[2026-09-17T01:11:21.187+0000] {processor.py:157} INFO - Started process (PID=30842) to work on /home/vscode/.local/lib/python3.10/site-packages/airflow/example_dags/tutorial.py
[2026-09-17T01:11:21.187+0000] {processor.py:826} INFO - Processing file /home/vscode/.local/lib/python3.10/site-packages/airflow/example_dags/tutorial.py for tasks to queue
[2026-09-17T01:11:21.188+0000] {logging_mixin.py:150} INFO - [2026-09-17T01:11:21.188+0000] {dagbag.py:541} INFO - Filling up the DagBag from /home/vscode/.local/lib/python3.10/site-packages/airflow/example_dags/tutorial.py
[2026-09-17T01:11:21.196+0000] {processor.py:836} INFO - DAG(s) dict_keys(['tutorial']) retrieved from /home/vscode/.local/lib/python3.10/site-packages/airflow/example_dags/tutorial.py
[2026-09-17T01:11:21.209+0000] {logging_mixin.py:150} INFO - [2026-09-17T01:11:21.209+0000] {dag.py:2742} INFO - Sync 1 DAGs
[2026-09-17T01:11:21.224+0000] {logging_mixin.py:150} INFO - [2026-09-17T01:11:21.223+0000] {dag.py:3504} INFO - Setting next_dagrun for tutorial to 2026-09-16T01:11:21.223775+00:00, run_after=2026-09-17T01:11:21.223775+00:00
[2026-09-17T01:11:21.244+0000] {processor.py:179} INFO - Processing /home/vscode/.local/lib/python3.10/site-packages/airflow/example_dags/tutorial.py took 0.060 seconds
[2026-09-17T01:11:33.704+0000] {processor.py:157} INFO - Started process (PID=30953) to work on /home/vscode/.local/lib/python3.10/site-packages/airflow/example_dags/tutorial.py
[2026-09-17T01:11:33.705+0000] {processor.py:826} INFO - Processing file /home/vscode/.local/lib/python3.10/site-packages/airflow/example_dags/tutorial.py for tasks to queue
[2026-09-17T01:11:33.705+0000] {logging_mixin.py:150} INFO - [2026-09-17T01:11:33.705+0000] {dagbag.py:541} INFO - Filling up the DagBag from /home/vscode/.local/lib/python3.10/site-packages/airflow/example_dags/tutorial.py
[2026-09-17T01:11:33.711+0000] {processor.py:836} INFO - DAG(s) dict_keys(['tutorial']) retrieved from /home/vscode/.local/lib/python3.10/site-packages/airflow/example_dags/tutorial.py
[2026-09-17T01:11:33.723+0000] {logging_mixin.py:150} INFO - [2026-09-17T01:11:33.723+0000] {dag.py:2742} INFO - Sync 1 DAGs
[2026-09-17T01:11:33.737+0000] {logging_mixin.py:150} INFO - [2026-09-17T01:11:33.737+0000] {dag.py:3504} INFO - Setting next_dagrun for tutorial to 2026-09-16T01:11:33.737012+00:00, run_after=2026-09-17T01:11:33.737012+00:00
[2026-09-17T01:11:33.756+0000] {processor.py:179} INFO - Processing /home/vscode/.local/lib/python3.10/site-packages/airflow/example_dags/tutorial.py took 0.056 seconds
[2026-09-17T01:12:07.653+0000] {processor.py:157} INFO - Started process (PID=31244) to work on /home/vscode/.local/lib/python3.10/site-packages/airflow/example_dags/tutorial.py
[2026-09-17T01:12:07.654+0000] {processor.py:826} INFO - Processing file /home/vscode/.local/lib/python3.10/site-packages/airflow/example_dags/tutorial.py for tasks to queue
[2026-09-17T01:12:07.655+0000] {logging_mixin.py:150} INFO - [2026-09-17T01:12:07.654+0000] {dagbag.py:541} INFO - Filling up the DagBag from /home/vscode/.local/lib/python3.10/site-packages/airflow/example_dags/tutorial.py
[2026-09-17T01:12:07.663+0000] {processor.py:836} INFO - DAG(s) dict_keys(['tutorial']) retrieved from /home/vscode/.local/lib/python3.10/site-packages/airflow/example_dags/tutorial.py
[2026-09-17T01:12:07.702+0000] {logging_mixin.py:150} INFO - [2026-09-17T01:12:07.702+0000] {dag.py:2742} INFO - Sync 1 DAGs
[2026-09-17T01:12:07.745+0000] {logging_mixin.py:150} INFO - [2026-09-17T01:12:07.745+0000] {dag.py:3504} INFO - Setting next_dagrun for tutorial to 2026-09-16T01:12:07.744892+00:00, run_after=2026-09-17T01:12:07.744892+00:00
[2026-09-17T01:12:07.770+0000] {processor.py:179} INFO - Processing /home/vscode/.local/lib/python3.10/site-packages/airflow/example_dags/tutorial.py took 0.120 seconds
[2026-09-17T01:12:09.910+0000] {processor.py:157} INFO - Started process (PID=31261) to work on /home/vscode/.local/lib/python3.10/site-packages/airflow/example_dags/tutorial.py
[2026-09-17T01:12:09.910+0000] {processor.py:826} INFO - Processing file /home/vscode/.local/lib/python3.10/site-packages/airflow/example_dags/tutorial.py for tasks to queue
[2026-09-17T01:12:09.911+0000] {logging_mixin.py:150} INFO - [2026-09-17T01:12:09.911+0000] {dagbag.py:541} INFO - Filling up the DagBag from /home/vscode/.local/lib/python3.10/site-packages/airflow/example_dags/tutorial.py
[2026-09-17T01:12:09.917+0000] {processor.py:836} INFO - DAG(s) dict_keys(['tutorial']) retrieved from /home/vscode/.local/lib/python3.10/site-packages/airflow/example_dags/tutorial.py
[2026-09-17T01:12:09.930+0000] {logging_mixin.py:150} INFO - [2026-09-17T01:12:09.930+0000] {dag.py:2742} INFO - Sync 1 DAGs
[2026-09-17T01:12:09.950+0000] {logging_mixin.py:150} INFO - [2026-09-17T01:12:09.950+0000] {dag.py:3504} INFO - Setting next_dagrun for tutorial to 2026-09-16T01:12:09.949438+00:00, run_after=2026-09-17T01:12:09.949438+00:00
[2026-09-17T01:12:09.971+0000] {processor.py:179} INFO - Processing /home/vscode/.local/lib/python3.10/site-packages/airflow/example_dags/tutorial.py took 0.065 seconds
[2026-09-17T01:12:54.221+0000] {processor.py:157} INFO - Started process (PID=31639) to work on /home/vscode/.local/lib/python3.10/site-packages/airflow/example_dags/tutorial.py
[2026-09-17T01:12:54.222+0000] {processor.py:826} INFO - Processing file /home/vscode/.local/lib/python3.10/site-packages/airflow/example_dags/tutorial.py for tasks to queue
[2026-09-17T01:12:54.223+0000] {logging_mixin.py:150} INFO - [2026-09-17T01:12:54.222+0000] {dagbag.py:541} INFO - Filling up the DagBag from /home/vscode/.local/lib/python3.10/site-packages/airflow/example_dags/tutorial.py
[2026-09-17T01:12:54.230+0000] {processor.py:836} INFO - DAG(s) dict_keys(['tutorial']) retrieved from /home/vscode/.local/lib/python3.10/site-packages/airflow/example_dags/tutorial.py
[2026-09-17T01:12:54.244+0000] {logging_mixin.py:150} INFO - [2026-09-17T01:12:54.243+0000] {dag.py:2742} INFO - Sync 1 DAGs
[2026-09-17T01:12:54.258+0000] {logging_mixin.py:150} INFO - [2026-09-17T01:12:54.258+0000] {dag.py:3504} INFO - Setting next_dagrun for tutorial to 2026-09-16T01:12:54.257946+00:00, run_after=2026-09-17T01:12:54.257946+00:00
[2026-09-17T01:12:54.278+0000] {processor.py:179} INFO - Processing /home/vscode/.local/lib/python3.10/site-packages/airflow/example_dags/tutorial.py took 0.061 seconds
[2026-09-17T01:12:57.323+0000] {processor.py:157} INFO - Started process (PID=31672) to work on /home/vscode/.local/lib/python3.10/site-packages/airflow/example_dags/tutorial.py
[2026-09-17T01:12:57.324+0000] {processor.py:826} INFO - Processing file /home/vscode/.local/lib/python3.10/site-packages/airflow/example_dags/tutorial.py for tasks to queue
[2026-09-17T01:12:57.324+0000] {logging_mixin.py:150} INFO - [2026-09-17T01:12:57.324+0000] {dagbag.py:541} INFO - Filling up the DagBag from /home/vscode/.local/lib/python3.10/site-packages/airflow/example_dags/tutorial.py
[2026-09-17T01:12:57.330+0000] {processor.py:836} INFO - DAG(s) dict_keys(['tutorial']) retrieved from /home/vscode/.local/lib/python3.10/site-packages/airflow/example_dags/tutorial.py
[2026-09-17T01:12:57.345+0000] {logging_mixin.py:150} INFO - [2026-09-17T01:12:57.345+0000] {dag.py:2742} INFO - Sync 1 DAGs
[2026-09-17T01:12:57.363+0000] {logging_mixin.py:150} INFO - [2026-09-17T01:12:57.363+0000] {dag.py:3504} INFO - Setting next_dagrun for tutorial to 2026-09-16T01:12:57.363005+00:00, run_after=2026-09-17T01:12:57.363005+00:00
[2026-09-17T01:12:57.382+0000] {processor.py:179} INFO - Processing /home/vscode/.local/lib/python3.10/site-packages/airflow/example_dags/tutorial.py took 0.061 seconds
[2026-09-17T01:13:33.477+0000] {processor.py:157} INFO - Started process (PID=31969) to work on /home/vscode/.local/lib/python3.10/site-packages/airflow/example_dags/tutorial.py
[2026-09-17T01:13:33.478+0000] {processor.py:826} INFO - Processing file /home/vscode/.local/lib/python3.10/site-packages/airflow/example_dags/tutorial.py for tasks to queue
[2026-09-17T01:13:33.479+0000] {logging_mixin.py:150} INFO - [2026-09-17T01:13:33.478+0000] {dagbag.py:541} INFO - Filling up the DagBag from /home/vscode/.local/lib/python3.10/site-packages/airflow/example_dags/tutorial.py
[2026-09-17T01:13:33.486+0000] {processor.py:836} INFO - DAG(s) dict_keys(['tutorial']) retrieved from /home/vscode/.local/lib/python3.10/site-packages/airflow/example_dags/tutorial.py
[2026-09-17T01:13:33.503+0000] {logging_mixin.py:150} INFO - [2026-09-17T01:13:33.503+0000] {dag.py:2742} INFO - Sync 1 DAGs
[2026-09-17T01:13:33.517+0000] {logging_mixin.py:150} INFO - [2026-09-17T01:13:33.517+0000] {dag.py:3504} INFO - Setting next_dagrun for tutorial to 2026-09-16T01:13:33.517681+00:00, run_after=2026-09-17T01:13:33.517681+00:00
[2026-09-17T01:13:33.534+0000] {processor.py:179} INFO - Processing /home/vscode/.local/lib/python3.10/site-packages/airflow/example_dags/tutorial.py took 0.059 seconds
[2026-09-17T01:13:37.845+0000] {processor.py:157} INFO - Started process (PID=32006) to work on /home/vscode/.local/lib/python3.10/site-packages/airflow/example_dags/tutorial.py
[2026-09-17T01:13:37.846+0000] {processor.py:826} INFO - Processing file /home/vscode/.local/lib/python3.10/site-packages/airflow/example_dags/tutorial.py for tasks to queue
[2026-09-17T01:13:37.847+0000] {logging_mixin.py:150} INFO - [2026-09-17T01:13:37.846+0000] {dagbag.py:541} INFO - Filling up the DagBag from /home/vscode/.local/lib/python3.10/site-packages/airflow/example_dags/tutorial.py
[2026-09-17T01:13:37.852+0000] {processor.py:836} INFO - DAG(s) dict_keys(['tutorial']) retrieved from /home/vscode/.local/lib/python3.10/site-packages/airflow/example_dags/tutorial.py
[2026-09-17T01:13:37.864+0000] {logging_mixin.py:150} INFO - [2026-09-17T01:13:37.864+0000] {dag.py:2742} INFO - Sync 1 DAGs
[2026-09-17T01:13:37.878+0000] {logging_mixin.py:150} INFO - [2026-09-17T01:13:37.878+0000] {dag.py:3504} INFO - Setting next_dagrun for tutorial to 2026-09-16T01:13:37.878375+00:00, run_after=2026-09-17T01:13:37.878375+00:00
[2026-09-17T01:13:37.899+0000] {processor.py:179} INFO - Processing /home/vscode/.local/lib/python3.10/site-packages/airflow/example_dags/tutorial.py took 0.056 seconds
[2026-09-17T01:14:11.534+0000] {processor.py:157} INFO - Started process (PID=32293) to work on /home/vscode/.local/lib/python3.10/site-packages/airflow/example_dags/tutorial.py
[2026-09-17T01:14:11.535+0000] {processor.py:826} INFO - Processing file /home/vscode/.local/lib/python3.10/site-packages/airflow/example_dags/tutorial.py for tasks to queue
[2026-09-17T01:14:11.535+0000] {logging_mixin.py:150} INFO - [2026-09-17T01:14:11.535+0000] {dagbag.py:541} INFO - Filling up the DagBag from /home/vscode/.local/lib/python3.10/site-packages/airflow/example_dags/tutorial.py
[2026-09-17T01:14:11.541+0000] {processor.py:836} INFO - DAG(s) dict_keys(['tutorial']) retrieved from /home/vscode/.local/lib/python3.10/site-packages/airflow/example_dags/tutorial.py
[2026-09-17T01:14:11.553+0000] {logging_mixin.py:150} INFO - [2026-09-17T01:14:11.553+0000] {dag.py:2742} INFO - Sync 1 DAGs
[2026-09-17T01:14:11.567+0000] {logging_mixin.py:150} INFO - [2026-09-17T01:14:11.567+0000] {dag.py:3504} INFO - Setting next_dagrun for tutorial to 2026-09-16T01:14:11.567002+00:00, run_after=2026-09-17T01:14:11.567002+00:00
[2026-09-17T01:14:11.584+0000] {processor.py:179} INFO - Processing /home/vscode/.local/lib/python3.10/site-packages/airflow/example_dags/tutorial.py took 0.052 seconds
[2026-09-17T01:14:20.517+0000] {processor.py:157} INFO - Started process (PID=32377) to work on /home/vscode/.local/lib/python3.10/site-packages/airflow/example_dags/tutorial.py
[2026-09-17T01:14:20.518+0000] {processor.py:826} INFO - Processing file /home/vscode/.local/lib/python3.10/site-packages/airflow/example_dags/tutorial.py for tasks to queue
[2026-09-17T01:14:20.519+0000] {logging_mixin.py:150} INFO - [2026-09-17T01:14:20.518+0000] {dagbag.py:541} INFO - Filling up the DagBag from /home/vscode/.local/lib/python3.10/site-packages/airflow/example_dags/tutorial.py
[2026-09-17T01:14:20.525+0000] {processor.py:836} INFO - DAG(s) dict_keys(['tutorial']) retrieved from /home/vscode/.local/lib/python3.10/site-packages/airflow/example_dags/tutorial.py
[2026-09-17T01:14:20.538+0000] {logging_mixin.py:150} INFO - [2026-09-17T01:14:20.538+0000] {dag.py:2742} INFO - Sync 1 DAGs
[2026-09-17T01:14:20.553+0000] {logging_mixin.py:150} INFO - [2026-09-17T01:14:20.553+0000] {dag.py:3504} INFO - Setting next_dagrun for tutorial to 2026-09-16T01:14:20.553059+00:00, run_after=2026-09-17T01:14:20.553059+00:00
[2026-09-17T01:14:20.570+0000] {processor.py:179} INFO - Processing /home/vscode/.local/lib/python3.10/site-packages/airflow/example_dags/tutorial.py took 0.056 seconds
[2026-09-17T01:14:55.760+0000] {processor.py:157} INFO - Started process (PID=32667) to work on /home/vscode/.local/lib/python3.10/site-packages/airflow/example_dags/tutorial.py
[2026-09-17T01:14:55.761+0000] {processor.py:826} INFO - Processing file /home/vscode/.local/lib/python3.10/site-packages/airflow/example_dags/tutorial.py for tasks to queue
[2026-09-17T01:14:55.762+0000] {logging_mixin.py:150} INFO - [2026-09-17T01:14:55.762+0000] {dagbag.py:541} INFO - Filling up the DagBag from /home/vscode/.local/lib/python3.10/site-packages/airflow/example_dags/tutorial.py
[2026-09-17T01:14:55.783+0000] {processor.py:836} INFO - DAG(s) dict_keys(['tutorial']) retrieved from /home/vscode/.local/lib/python3.10/site-packages/airflow/example_dags/tutorial.py
[2026-09-17T01:14:55.827+0000] {logging_mixin.py:150} INFO - [2026-09-17T01:14:55.827+0000] {dag.py:2742} INFO - Sync 1 DAGs
[2026-09-17T01:14:55.898+0000] {logging_mixin.py:150} INFO - [2026-09-17T01:14:55.897+0000] {dag.py:3504} INFO - Setting next_dagrun for tutorial to 2026-09-16T01:14:55.893549+00:00, run_after=2026-09-17T01:14:55.893549+00:00
[2026-09-17T01:14:55.957+0000] {processor.py:179} INFO - Processing /home/vscode/.local/lib/python3.10/site-packages/airflow/example_dags/tutorial.py took 0.200 seconds
[2026-09-17T01:14:59.112+0000] {processor.py:157} INFO - Started process (PID=32703) to work on /home/vscode/.local/lib/python3.10/site-packages/airflow/example_dags/tutorial.py
[2026-09-17T01:14:59.113+0000] {processor.py:826} INFO - Processing file /home/vscode/.local/lib/python3.10/site-packages/airflow/example_dags/tutorial.py for tasks to queue
[2026-09-17T01:14:59.113+0000] {logging_mixin.py:150} INFO - [2026-09-17T01:14:59.113+0000] {dagbag.py:541} INFO - Filling up the DagBag from /home/vscode/.local/lib/python3.10/site-packages/airflow/example_dags/tutorial.py
[2026-09-17T01:14:59.119+0000] {processor.py:836} INFO - DAG(s) dict_keys(['tutorial']) retrieved from /home/vscode/.local/lib/python3.10/site-packages/airflow/example_dags/tutorial.py
[2026-09-17T01:14:59.131+0000] {logging_mixin.py:150} INFO - [2026-09-17T01:14:59.131+0000] {dag.py:2742} INFO - Sync 1 DAGs
[2026-09-17T01:14:59.146+0000] {logging_mixin.py:150} INFO - [2026-09-17T01:14:59.146+0000] {dag.py:3504} INFO - Setting next_dagrun for tutorial to 2026-09-16T01:14:59.146304+00:00, run_after=2026-09-17T01:14:59.146304+00:00
[2026-09-17T01:14:59.163+0000] {processor.py:179} INFO - Processing /home/vscode/.local/lib/python3.10/site-packages/airflow/example_dags/tutorial.py took 0.054 seconds
[2026-09-17T01:15:30.912+0000] {processor.py:157} INFO - Started process (PID=32972) to work on /home/vscode/.local/lib/python3.10/site-packages/airflow/example_dags/tutorial.py
[2026-09-17T01:15:30.913+0000] {processor.py:826} INFO - Processing file /home/vscode/.local/lib/python3.10/site-packages/airflow/example_dags/tutorial.py for tasks to queue
[2026-09-17T01:15:30.913+0000] {logging_mixin.py:150} INFO - [2026-09-17T01:15:30.913+0000] {dagbag.py:541} INFO - Filling up the DagBag from /home/vscode/.local/lib/python3.10/site-packages/airflow/example_dags/tutorial.py
[2026-09-17T01:15:30.919+0000] {processor.py:836} INFO - DAG(s) dict_keys(['tutorial']) retrieved from /home/vscode/.local/lib/python3.10/site-packages/airflow/example_dags/tutorial.py
[2026-09-17T01:15:30.932+0000] {logging_mixin.py:150} INFO - [2026-09-17T01:15:30.932+0000] {dag.py:2742} INFO - Sync 1 DAGs
[2026-09-17T01:15:30.947+0000] {logging_mixin.py:150} INFO - [2026-09-17T01:15:30.946+0000] {dag.py:3504} INFO - Setting next_dagrun for tutorial to 2026-09-16T01:15:30.946831+00:00, run_after=2026-09-17T01:15:30.946831+00:00
[2026-09-17T01:15:30.964+0000] {processor.py:179} INFO - Processing /home/vscode/.local/lib/python3.10/site-packages/airflow/example_dags/tutorial.py took 0.055 seconds
[2026-09-17T01:15:39.696+0000] {processor.py:157} INFO - Started process (PID=33039) to work on /home/vscode/.local/lib/python3.10/site-packages/airflow/example_dags/tutorial.py
[2026-09-17T01:15:39.697+0000] {processor.py:826} INFO - Processing file /home/vscode/.local/lib/python3.10/site-packages/airflow/example_dags/tutorial.py for tasks to queue
[2026-09-17T01:15:39.698+0000] {logging_mixin.py:150} INFO - [2026-09-17T01:15:39.697+0000] {dagbag.py:541} INFO - Filling up the DagBag from /home/vscode/.local/lib/python3.10/site-packages/airflow/example_dags/tutorial.py
[2026-09-17T01:15:39.705+0000] {processor.py:836} INFO - DAG(s) dict_keys(['tutorial']) retrieved from /home/vscode/.local/lib/python3.10/site-packages/airflow/example_dags/tutorial.py
[2026-09-17T01:15:39.722+0000] {logging_mixin.py:150} INFO - [2026-09-17T01:15:39.722+0000] {dag.py:2742} INFO - Sync 1 DAGs
[2026-09-17T01:15:39.737+0000] {logging_mixin.py:150} INFO - [2026-09-17T01:15:39.737+0000] {dag.py:3504} INFO - Setting next_dagrun for tutorial to 2026-09-16T01:15:39.737498+00:00, run_after=2026-09-17T01:15:39.737498+00:00
[2026-09-17T01:15:39.756+0000] {processor.py:179} INFO - Processing /home/vscode/.local/lib/python3.10/site-packages/airflow/example_dags/tutorial.py took 0.064 seconds
[2026-09-17T01:16:05.458+0000] {processor.py:157} INFO - Started process (PID=33294) to work on /home/vscode/.local/lib/python3.10/site-packages/airflow/example_dags/tutorial.py
[2026-09-17T01:16:05.461+0000] {processor.py:826} INFO - Processing file /home/vscode/.local/lib/python3.10/site-packages/airflow/example_dags/tutorial.py for tasks to queue
[2026-09-17T01:16:05.461+0000] {logging_mixin.py:150} INFO - [2026-09-17T01:16:05.461+0000] {dagbag.py:541} INFO - Filling up the DagBag from /home/vscode/.local/lib/python3.10/site-packages/airflow/example_dags/tutorial.py
[2026-09-17T01:16:05.467+0000] {processor.py:836} INFO - DAG(s) dict_keys(['tutorial']) retrieved from /home/vscode/.local/lib/python3.10/site-packages/airflow/example_dags/tutorial.py
[2026-09-17T01:16:05.479+0000] {logging_mixin.py:150} INFO - [2026-09-17T01:16:05.479+0000] {dag.py:2742} INFO - Sync 1 DAGs
[2026-09-17T01:16:05.498+0000] {logging_mixin.py:150} INFO - [2026-09-17T01:16:05.498+0000] {dag.py:3504} INFO - Setting next_dagrun for tutorial to 2026-09-16T01:16:05.497989+00:00, run_after=2026-09-17T01:16:05.497989+00:00
[2026-09-17T01:16:05.515+0000] {processor.py:179} INFO - Processing /home/vscode/.local/lib/python3.10/site-packages/airflow/example_dags/tutorial.py took 0.061 seconds
[2026-09-17T01:16:16.530+0000] {processor.py:157} INFO - Started process (PID=33386) to work on /home/vscode/.local/lib/python3.10/site-packages/airflow/example_dags/tutorial.py
[2026-09-17T01:16:16.531+0000] {processor.py:826} INFO - Processing file /home/vscode/.local/lib/python3.10/site-packages/airflow/example_dags/tutorial.py for tasks to queue
[2026-09-17T01:16:16.531+0000] {logging_mixin.py:150} INFO - [2026-09-17T01:16:16.531+0000] {dagbag.py:541} INFO - Filling up the DagBag from /home/vscode/.local/lib/python3.10/site-packages/airflow/example_dags/tutorial.py
[2026-09-17T01:16:16.537+0000] {processor.py:836} INFO - DAG(s) dict_keys(['tutorial']) retrieved from /home/vscode/.local/lib/python3.10/site-packages/airflow/example_dags/tutorial.py
[2026-09-17T01:16:16.549+0000] {logging_mixin.py:150} INFO - [2026-09-17T01:16:16.549+0000] {dag.py:2742} INFO - Sync 1 DAGs
[2026-09-17T01:16:16.563+0000] {logging_mixin.py:150} INFO - [2026-09-17T01:16:16.563+0000] {dag.py:3504} INFO - Setting next_dagrun for tutorial to 2026-09-16T01:16:16.563612+00:00, run_after=2026-09-17T01:16:16.563612+00:00
[2026-09-17T01:16:16.580+0000] {processor.py:179} INFO - Processing /home/vscode/.local/lib/python3.10/site-packages/airflow/example_dags/tutorial.py took 0.052 seconds
[2026-09-17T01:16:39.655+0000] {processor.py:157} INFO - Started process (PID=33590) to work on /home/vscode/.local/lib/python3.10/site-packages/airflow/example_dags/tutorial.py
[2026-09-17T01:16:39.656+0000] {processor.py:826} INFO - Processing file /home/vscode/.local/lib/python3.10/site-packages/airflow/example_dags/tutorial.py for tasks to queue
[2026-09-17T01:16:39.657+0000] {logging_mixin.py:150} INFO - [2026-09-17T01:16:39.656+0000] {dagbag.py:541} INFO - Filling up the DagBag from /home/vscode/.local/lib/python3.10/site-packages/airflow/example_dags/tutorial.py
[2026-09-17T01:16:39.662+0000] {processor.py:836} INFO - DAG(s) dict_keys(['tutorial']) retrieved from /home/vscode/.local/lib/python3.10/site-packages/airflow/example_dags/tutorial.py
[2026-09-17T01:16:39.680+0000] {logging_mixin.py:150} INFO - [2026-09-17T01:16:39.680+0000] {dag.py:2742} INFO - Sync 1 DAGs
[2026-09-17T01:16:39.711+0000] {logging_mixin.py:150} INFO - [2026-09-17T01:16:39.711+0000] {dag.py:3504} INFO - Setting next_dagrun for tutorial to 2026-09-16T01:16:39.711094+00:00, run_after=2026-09-17T01:16:39.711094+00:00
[2026-09-17T01:16:39.729+0000] {processor.py:179} INFO - Processing /home/vscode/.local/lib/python3.10/site-packages/airflow/example_dags/tutorial.py took 0.076 seconds
[2026-09-17T01:17:04.729+0000] {processor.py:157} INFO - Started process (PID=33804) to work on /home/vscode/.local/lib/python3.10/site-packages/airflow/example_dags/tutorial.py
[2026-09-17T01:17:04.730+0000] {processor.py:826} INFO - Processing file /home/vscode/.local/lib/python3.10/site-packages/airflow/example_dags/tutorial.py for tasks to queue
[2026-09-17T01:17:04.731+0000] {logging_mixin.py:150} INFO - [2026-09-17T01:17:04.731+0000] {dagbag.py:541} INFO - Filling up the DagBag from /home/vscode/.local/lib/python3.10/site-packages/airflow/example_dags/tutorial.py
[2026-09-17T01:17:04.738+0000] {processor.py:836} INFO - DAG(s) dict_keys(['tutorial']) retrieved from /home/vscode/.local/lib/python3.10/site-packages/airflow/example_dags/tutorial.py
[2026-09-17T01:17:04.752+0000] {logging_mixin.py:150} INFO - [2026-09-17T01:17:04.752+0000] {dag.py:2742} INFO - Sync 1 DAGs
[2026-09-17T01:17:04.774+0000] {logging_mixin.py:150} INFO - [2026-09-17T01:17:04.773+0000] {dag.py:3504} INFO - Setting next_dagrun for tutorial to 2026-09-16T01:17:04.773598+00:00, run_after=2026-09-17T01:17:04.773598+00:00
[2026-09-17T01:17:04.808+0000] {processor.py:179} INFO - Processing /home/vscode/.local/lib/python3.10/site-packages/airflow/example_dags/tutorial.py took 0.081 seconds
[2026-09-17T01:17:12.554+0000] {processor.py:157} INFO - Started process (PID=33872) to work on /home/vscode/.local/lib/python3.10/site-packages/airflow/example_dags/tutorial.py
[2026-09-17T01:17:12.554+0000] {processor.py:826} INFO - Processing file /home/vscode/.local/lib/python3.10/site-packages/airflow/example_dags/tutorial.py for tasks to queue
[2026-09-17T01:17:12.555+0000] {logging_mixin.py:150} INFO - [2026-09-17T01:17:12.555+0000] {dagbag.py:541} INFO - Filling up the DagBag from /home/vscode/.local/lib/python3.10/site-packages/airflow/example_dags/tutorial.py
[2026-09-17T01:17:12.560+0000] {processor.py:836} INFO - DAG(s) dict_keys(['tutorial']) retrieved from /home/vscode/.local/lib/python3.10/site-packages/airflow/example_dags/tutorial.py
[2026-09-17T01:17:12.573+0000] {logging_mixin.py:150} INFO - [2026-09-17T01:17:12.573+0000] {dag.py:2742} INFO - Sync 1 DAGs
[2026-09-17T01:17:12.588+0000] {logging_mixin.py:150} INFO - [2026-09-17T01:17:12.588+0000] {dag.py:3504} INFO - Setting next_dagrun for tutorial to 2026-09-16T01:17:12.588446+00:00, run_after=2026-09-17T01:17:12.588446+00:00
[2026-09-17T01:17:12.606+0000] {processor.py:179} INFO - Processing /home/vscode/.local/lib/python3.10/site-packages/airflow/example_dags/tutorial.py took 0.054 seconds
[2026-09-17T01:17:46.006+0000] {processor.py:157} INFO - Started process (PID=34157) to work on /home/vscode/.local/lib/python3.10/site-packages/airflow/example_dags/tutorial.py
[2026-09-17T01:17:46.007+0000] {processor.py:826} INFO - Processing file /home/vscode/.local/lib/python3.10/site-packages/airflow/example_dags/tutorial.py for tasks to queue
[2026-09-17T01:17:46.008+0000] {logging_mixin.py:150} INFO - [2026-09-17T01:17:46.007+0000] {dagbag.py:541} INFO - Filling up the DagBag from /home/vscode/.local/lib/python3.10/site-packages/airflow/example_dags/tutorial.py
[2026-09-17T01:17:46.016+0000] {processor.py:836} INFO - DAG(s) dict_keys(['tutorial']) retrieved from /home/vscode/.local/lib/python3.10/site-packages/airflow/example_dags/tutorial.py
[2026-09-17T01:17:46.034+0000] {logging_mixin.py:150} INFO - [2026-09-17T01:17:46.034+0000] {dag.py:2742} INFO - Sync 1 DAGs
[2026-09-17T01:17:46.057+0000] {logging_mixin.py:150} INFO - [2026-09-17T01:17:46.057+0000] {dag.py:3504} INFO - Setting next_dagrun for tutorial to 2026-09-16T01:17:46.057149+00:00, run_after=2026-09-17T01:17:46.057149+00:00
[2026-09-17T01:17:46.075+0000] {processor.py:179} INFO - Processing /home/vscode/.local/lib/python3.10/site-packages/airflow/example_dags/tutorial.py took 0.072 seconds
[2026-09-17T01:17:47.558+0000] {processor.py:157} INFO - Started process (PID=34167) to work on /home/vscode/.local/lib/python3.10/site-packages/airflow/example_dags/tutorial.py
[2026-09-17T01:17:47.559+0000] {processor.py:826} INFO - Processing file /home/vscode/.local/lib/python3.10/site-packages/airflow/example_dags/tutorial.py for tasks to queue
[2026-09-17T01:17:47.559+0000] {logging_mixin.py:150} INFO - [2026-09-17T01:17:47.559+0000] {dagbag.py:541} INFO - Filling up the DagBag from /home/vscode/.local/lib/python3.10/site-packages/airflow/example_dags/tutorial.py
[2026-09-17T01:17:47.565+0000] {processor.py:836} INFO - DAG(s) dict_keys(['tutorial']) retrieved from /home/vscode/.local/lib/python3.10/site-packages/airflow/example_dags/tutorial.py
[2026-09-17T01:17:47.578+0000] {logging_mixin.py:150} INFO - [2026-09-17T01:17:47.578+0000] {dag.py:2742} INFO - Sync 1 DAGs
[2026-09-17T01:17:47.597+0000] {logging_mixin.py:150} INFO - [2026-09-17T01:17:47.597+0000] {dag.py:3504} INFO - Setting next_dagrun for tutorial to 2026-09-16T01:17:47.597327+00:00, run_after=2026-09-17T01:17:47.597327+00:00
[2026-09-17T01:17:47.616+0000] {processor.py:179} INFO - Processing /home/vscode/.local/lib/python3.10/site-packages/airflow/example_dags/tutorial.py took 0.060 seconds
[2026-09-17T01:18:22.456+0000] {processor.py:157} INFO - Started process (PID=34461) to work on /home/vscode/.local/lib/python3.10/site-packages/airflow/example_dags/tutorial.py
[2026-09-17T01:18:22.457+0000] {processor.py:826} INFO - Processing file /home/vscode/.local/lib/python3.10/site-packages/airflow/example_dags/tutorial.py for tasks to queue
[2026-09-17T01:18:22.457+0000] {logging_mixin.py:150} INFO - [2026-09-17T01:18:22.457+0000] {dagbag.py:541} INFO - Filling up the DagBag from /home/vscode/.local/lib/python3.10/site-packages/airflow/example_dags/tutorial.py
[2026-09-17T01:18:22.463+0000] {processor.py:836} INFO - DAG(s) dict_keys(['tutorial']) retrieved from /home/vscode/.local/lib/python3.10/site-packages/airflow/example_dags/tutorial.py
[2026-09-17T01:18:22.475+0000] {logging_mixin.py:150} INFO - [2026-09-17T01:18:22.475+0000] {dag.py:2742} INFO - Sync 1 DAGs
[2026-09-17T01:18:22.493+0000] {logging_mixin.py:150} INFO - [2026-09-17T01:18:22.493+0000] {dag.py:3504} INFO - Setting next_dagrun for tutorial to 2026-09-16T01:18:22.493042+00:00, run_after=2026-09-17T01:18:22.493042+00:00
[2026-09-17T01:18:22.513+0000] {processor.py:179} INFO - Processing /home/vscode/.local/lib/python3.10/site-packages/airflow/example_dags/tutorial.py took 0.060 seconds
[2026-09-17T01:18:31.228+0000] {processor.py:157} INFO - Started process (PID=34539) to work on /home/vscode/.local/lib/python3.10/site-packages/airflow/example_dags/tutorial.py
[2026-09-17T01:18:31.229+0000] {processor.py:826} INFO - Processing file /home/vscode/.local/lib/python3.10/site-packages/airflow/example_dags/tutorial.py for tasks to queue
[2026-09-17T01:18:31.230+0000] {logging_mixin.py:150} INFO - [2026-09-17T01:18:31.230+0000] {dagbag.py:541} INFO - Filling up the DagBag from /home/vscode/.local/lib/python3.10/site-packages/airflow/example_dags/tutorial.py
[2026-09-17T01:18:31.239+0000] {processor.py:836} INFO - DAG(s) dict_keys(['tutorial']) retrieved from /home/vscode/.local/lib/python3.10/site-packages/airflow/example_dags/tutorial.py
[2026-09-17T01:18:31.256+0000] {logging_mixin.py:150} INFO - [2026-09-17T01:18:31.256+0000] {dag.py:2742} INFO - Sync 1 DAGs
[2026-09-17T01:18:31.278+0000] {logging_mixin.py:150} INFO - [2026-09-17T01:18:31.278+0000] {dag.py:3504} INFO - Setting next_dagrun for tutorial to 2026-09-16T01:18:31.278450+00:00, run_after=2026-09-17T01:18:31.278450+00:00
[2026-09-17T01:18:31.303+0000] {processor.py:179} INFO - Processing /home/vscode/.local/lib/python3.10/site-packages/airflow/example_dags/tutorial.py took 0.077 seconds
[2026-09-17T01:18:54.628+0000] {processor.py:157} INFO - Started process (PID=34740) to work on /home/vscode/.local/lib/python3.10/site-packages/airflow/example_dags/tutorial.py
[2026-09-17T01:18:54.629+0000] {processor.py:826} INFO - Processing file /home/vscode/.local/lib/python3.10/site-packages/airflow/example_dags/tutorial.py for tasks to queue
[2026-09-17T01:18:54.629+0000] {logging_mixin.py:150} INFO - [2026-09-17T01:18:54.629+0000] {dagbag.py:541} INFO - Filling up the DagBag from /home/vscode/.local/lib/python3.10/site-packages/airflow/example_dags/tutorial.py
[2026-09-17T01:18:54.636+0000] {processor.py:836} INFO - DAG(s) dict_keys(['tutorial']) retrieved from /home/vscode/.local/lib/python3.10/site-packages/airflow/example_dags/tutorial.py
[2026-09-17T01:18:54.648+0000] {logging_mixin.py:150} INFO - [2026-09-17T01:18:54.648+0000] {dag.py:2742} INFO - Sync 1 DAGs
[2026-09-17T01:18:54.663+0000] {logging_mixin.py:150} INFO - [2026-09-17T01:18:54.663+0000] {dag.py:3504} INFO - Setting next_dagrun for tutorial to 2026-09-16T01:18:54.663116+00:00, run_after=2026-09-17T01:18:54.663116+00:00
[2026-09-17T01:18:54.679+0000] {processor.py:179} INFO - Processing /home/vscode/.local/lib/python3.10/site-packages/airflow/example_dags/tutorial.py took 0.054 seconds
[2026-09-17T01:19:20.641+0000] {processor.py:157} INFO - Started process (PID=34942) to work on /home/vscode/.local/lib/python3.10/site-packages/airflow/example_dags/tutorial.py
[2026-09-17T01:19:20.642+0000] {processor.py:826} INFO - Processing file /home/vscode/.local/lib/python3.10/site-packages/airflow/example_dags/tutorial.py for tasks to queue
[2026-09-17T01:19:20.642+0000] {logging_mixin.py:150} INFO - [2026-09-17T01:19:20.642+0000] {dagbag.py:541} INFO - Filling up the DagBag from /home/vscode/.local/lib/python3.10/site-packages/airflow/example_dags/tutorial.py
[2026-09-17T01:19:20.648+0000] {processor.py:836} INFO - DAG(s) dict_keys(['tutorial']) retrieved from /home/vscode/.local/lib/python3.10/site-packages/airflow/example_dags/tutorial.py
[2026-09-17T01:19:20.660+0000] {logging_mixin.py:150} INFO - [2026-09-17T01:19:20.660+0000] {dag.py:2742} INFO - Sync 1 DAGs
[2026-09-17T01:19:20.674+0000] {logging_mixin.py:150} INFO - [2026-09-17T01:19:20.674+0000] {dag.py:3504} INFO - Setting next_dagrun for tutorial to 2026-09-16T01:19:20.674259+00:00, run_after=2026-09-17T01:19:20.674259+00:00
[2026-09-17T01:19:20.703+0000] {processor.py:179} INFO - Processing /home/vscode/.local/lib/python3.10/site-packages/airflow/example_dags/tutorial.py took 0.064 seconds
[2026-09-17T01:19:42.079+0000] {processor.py:157} INFO - Started process (PID=35107) to work on /home/vscode/.local/lib/python3.10/site-packages/airflow/example_dags/tutorial.py
[2026-09-17T01:19:42.080+0000] {processor.py:826} INFO - Processing file /home/vscode/.local/lib/python3.10/site-packages/airflow/example_dags/tutorial.py for tasks to queue
[2026-09-17T01:19:42.081+0000] {logging_mixin.py:150} INFO - [2026-09-17T01:19:42.080+0000] {dagbag.py:541} INFO - Filling up the DagBag from /home/vscode/.local/lib/python3.10/site-packages/airflow/example_dags/tutorial.py
[2026-09-17T01:19:42.090+0000] {processor.py:836} INFO - DAG(s) dict_keys(['tutorial']) retrieved from /home/vscode/.local/lib/python3.10/site-packages/airflow/example_dags/tutorial.py
[2026-09-17T01:19:42.106+0000] {logging_mixin.py:150} INFO - [2026-09-17T01:19:42.106+0000] {dag.py:2742} INFO - Sync 1 DAGs
[2026-09-17T01:19:42.172+0000] {logging_mixin.py:150} INFO - [2026-09-17T01:19:42.172+0000] {dag.py:3504} INFO - Setting next_dagrun for tutorial to 2026-09-16T01:19:42.172080+00:00, run_after=2026-09-17T01:19:42.172080+00:00
[2026-09-17T01:19:42.215+0000] {processor.py:179} INFO - Processing /home/vscode/.local/lib/python3.10/site-packages/airflow/example_dags/tutorial.py took 0.139 seconds
[2026-09-17T01:19:55.046+0000] {processor.py:157} INFO - Started process (PID=35251) to work on /home/vscode/.local/lib/python3.10/site-packages/airflow/example_dags/tutorial.py
[2026-09-17T01:19:55.046+0000] {processor.py:826} INFO - Processing file /home/vscode/.local/lib/python3.10/site-packages/airflow/example_dags/tutorial.py for tasks to queue
[2026-09-17T01:19:55.047+0000] {logging_mixin.py:150} INFO - [2026-09-17T01:19:55.047+0000] {dagbag.py:541} INFO - Filling up the DagBag from /home/vscode/.local/lib/python3.10/site-packages/airflow/example_dags/tutorial.py
[2026-09-17T01:19:55.052+0000] {processor.py:836} INFO - DAG(s) dict_keys(['tutorial']) retrieved from /home/vscode/.local/lib/python3.10/site-packages/airflow/example_dags/tutorial.py
[2026-09-17T01:19:55.064+0000] {logging_mixin.py:150} INFO - [2026-09-17T01:19:55.064+0000] {dag.py:2742} INFO - Sync 1 DAGs
[2026-09-17T01:19:55.079+0000] {logging_mixin.py:150} INFO - [2026-09-17T01:19:55.079+0000] {dag.py:3504} INFO - Setting next_dagrun for tutorial to 2026-09-16T01:19:55.079133+00:00, run_after=2026-09-17T01:19:55.079133+00:00
[2026-09-17T01:19:55.104+0000] {processor.py:179} INFO - Processing /home/vscode/.local/lib/python3.10/site-packages/airflow/example_dags/tutorial.py took 0.061 seconds
[2026-09-17T01:20:17.009+0000] {processor.py:157} INFO - Started process (PID=35457) to work on /home/vscode/.local/lib/python3.10/site-packages/airflow/example_dags/tutorial.py
[2026-09-17T01:20:17.010+0000] {processor.py:826} INFO - Processing file /home/vscode/.local/lib/python3.10/site-packages/airflow/example_dags/tutorial.py for tasks to queue
[2026-09-17T01:20:17.011+0000] {logging_mixin.py:150} INFO - [2026-09-17T01:20:17.010+0000] {dagbag.py:541} INFO - Filling up the DagBag from /home/vscode/.local/lib/python3.10/site-packages/airflow/example_dags/tutorial.py
[2026-09-17T01:20:17.016+0000] {processor.py:836} INFO - DAG(s) dict_keys(['tutorial']) retrieved from /home/vscode/.local/lib/python3.10/site-packages/airflow/example_dags/tutorial.py
[2026-09-17T01:20:17.029+0000] {logging_mixin.py:150} INFO - [2026-09-17T01:20:17.029+0000] {dag.py:2742} INFO - Sync 1 DAGs
[2026-09-17T01:20:17.047+0000] {logging_mixin.py:150} INFO - [2026-09-17T01:20:17.047+0000] {dag.py:3504} INFO - Setting next_dagrun for tutorial to 2026-09-16T01:20:17.047363+00:00, run_after=2026-09-17T01:20:17.047363+00:00
[2026-09-17T01:20:17.064+0000] {processor.py:179} INFO - Processing /home/vscode/.local/lib/python3.10/site-packages/airflow/example_dags/tutorial.py took 0.057 seconds
[2026-09-17T01:20:41.250+0000] {processor.py:157} INFO - Started process (PID=35650) to work on /home/vscode/.local/lib/python3.10/site-packages/airflow/example_dags/tutorial.py
[2026-09-17T01:20:41.250+0000] {processor.py:826} INFO - Processing file /home/vscode/.local/lib/python3.10/site-packages/airflow/example_dags/tutorial.py for tasks to queue
[2026-09-17T01:20:41.251+0000] {logging_mixin.py:150} INFO - [2026-09-17T01:20:41.251+0000] {dagbag.py:541} INFO - Filling up the DagBag from /home/vscode/.local/lib/python3.10/site-packages/airflow/example_dags/tutorial.py
[2026-09-17T01:20:41.256+0000] {processor.py:836} INFO - DAG(s) dict_keys(['tutorial']) retrieved from /home/vscode/.local/lib/python3.10/site-packages/airflow/example_dags/tutorial.py
[2026-09-17T01:20:41.269+0000] {logging_mixin.py:150} INFO - [2026-09-17T01:20:41.269+0000] {dag.py:2742} INFO - Sync 1 DAGs
[2026-09-17T01:20:41.284+0000] {logging_mixin.py:150} INFO - [2026-09-17T01:20:41.283+0000] {dag.py:3504} INFO - Setting next_dagrun for tutorial to 2026-09-16T01:20:41.283707+00:00, run_after=2026-09-17T01:20:41.283707+00:00
[2026-09-17T01:20:41.301+0000] {processor.py:179} INFO - Processing /home/vscode/.local/lib/python3.10/site-packages/airflow/example_dags/tutorial.py took 0.054 seconds
[2026-09-17T01:21:06.078+0000] {processor.py:157} INFO - Started process (PID=36069) to work on /home/vscode/.local/lib/python3.10/site-packages/airflow/example_dags/tutorial.py
[2026-09-17T01:21:06.083+0000] {processor.py:826} INFO - Processing file /home/vscode/.local/lib/python3.10/site-packages/airflow/example_dags/tutorial.py for tasks to queue
[2026-09-17T01:21:06.084+0000] {logging_mixin.py:150} INFO - [2026-09-17T01:21:06.084+0000] {dagbag.py:541} INFO - Filling up the DagBag from /home/vscode/.local/lib/python3.10/site-packages/airflow/example_dags/tutorial.py
[2026-09-17T01:21:06.094+0000] {processor.py:836} INFO - DAG(s) dict_keys(['tutorial']) retrieved from /home/vscode/.local/lib/python3.10/site-packages/airflow/example_dags/tutorial.py
[2026-09-17T01:21:06.131+0000] {logging_mixin.py:150} INFO - [2026-09-17T01:21:06.131+0000] {dag.py:2742} INFO - Sync 1 DAGs
[2026-09-17T01:21:06.164+0000] {logging_mixin.py:150} INFO - [2026-09-17T01:21:06.164+0000] {dag.py:3504} INFO - Setting next_dagrun for tutorial to 2026-09-16T01:21:06.164437+00:00, run_after=2026-09-17T01:21:06.164437+00:00
[2026-09-17T01:21:06.256+0000] {processor.py:179} INFO - Processing /home/vscode/.local/lib/python3.10/site-packages/airflow/example_dags/tutorial.py took 0.186 seconds
[2026-09-17T01:21:32.064+0000] {processor.py:157} INFO - Started process (PID=36324) to work on /home/vscode/.local/lib/python3.10/site-packages/airflow/example_dags/tutorial.py
[2026-09-17T01:21:32.064+0000] {processor.py:826} INFO - Processing file /home/vscode/.local/lib/python3.10/site-packages/airflow/example_dags/tutorial.py for tasks to queue
[2026-09-17T01:21:32.065+0000] {logging_mixin.py:150} INFO - [2026-09-17T01:21:32.065+0000] {dagbag.py:541} INFO - Filling up the DagBag from /home/vscode/.local/lib/python3.10/site-packages/airflow/example_dags/tutorial.py
[2026-09-17T01:21:32.071+0000] {processor.py:836} INFO - DAG(s) dict_keys(['tutorial']) retrieved from /home/vscode/.local/lib/python3.10/site-packages/airflow/example_dags/tutorial.py
[2026-09-17T01:21:32.089+0000] {logging_mixin.py:150} INFO - [2026-09-17T01:21:32.089+0000] {dag.py:2742} INFO - Sync 1 DAGs
[2026-09-17T01:21:32.109+0000] {logging_mixin.py:150} INFO - [2026-09-17T01:21:32.108+0000] {dag.py:3504} INFO - Setting next_dagrun for tutorial to 2026-09-16T01:21:32.108828+00:00, run_after=2026-09-17T01:21:32.108828+00:00
[2026-09-17T01:21:32.126+0000] {processor.py:179} INFO - Processing /home/vscode/.local/lib/python3.10/site-packages/airflow/example_dags/tutorial.py took 0.065 seconds
[2026-09-17T01:21:54.461+0000] {processor.py:157} INFO - Started process (PID=36641) to work on /home/vscode/.local/lib/python3.10/site-packages/airflow/example_dags/tutorial.py
[2026-09-17T01:21:54.461+0000] {processor.py:826} INFO - Processing file /home/vscode/.local/lib/python3.10/site-packages/airflow/example_dags/tutorial.py for tasks to queue
[2026-09-17T01:21:54.462+0000] {logging_mixin.py:150} INFO - [2026-09-17T01:21:54.462+0000] {dagbag.py:541} INFO - Filling up the DagBag from /home/vscode/.local/lib/python3.10/site-packages/airflow/example_dags/tutorial.py
[2026-09-17T01:21:54.469+0000] {processor.py:836} INFO - DAG(s) dict_keys(['tutorial']) retrieved from /home/vscode/.local/lib/python3.10/site-packages/airflow/example_dags/tutorial.py
[2026-09-17T01:21:54.496+0000] {logging_mixin.py:150} INFO - [2026-09-17T01:21:54.496+0000] {dag.py:2742} INFO - Sync 1 DAGs
[2026-09-17T01:21:54.513+0000] {logging_mixin.py:150} INFO - [2026-09-17T01:21:54.513+0000] {dag.py:3504} INFO - Setting next_dagrun for tutorial to 2026-09-16T01:21:54.513251+00:00, run_after=2026-09-17T01:21:54.513251+00:00
[2026-09-17T01:21:54.542+0000] {processor.py:179} INFO - Processing /home/vscode/.local/lib/python3.10/site-packages/airflow/example_dags/tutorial.py took 0.084 seconds
[2026-09-17T01:22:21.024+0000] {processor.py:157} INFO - Started process (PID=37069) to work on /home/vscode/.local/lib/python3.10/site-packages/airflow/example_dags/tutorial.py
[2026-09-17T01:22:21.024+0000] {processor.py:826} INFO - Processing file /home/vscode/.local/lib/python3.10/site-packages/airflow/example_dags/tutorial.py for tasks to queue
[2026-09-17T01:22:21.025+0000] {logging_mixin.py:150} INFO - [2026-09-17T01:22:21.025+0000] {dagbag.py:541} INFO - Filling up the DagBag from /home/vscode/.local/lib/python3.10/site-packages/airflow/example_dags/tutorial.py
[2026-09-17T01:22:21.033+0000] {processor.py:836} INFO - DAG(s) dict_keys(['tutorial']) retrieved from /home/vscode/.local/lib/python3.10/site-packages/airflow/example_dags/tutorial.py
[2026-09-17T01:22:21.058+0000] {logging_mixin.py:150} INFO - [2026-09-17T01:22:21.058+0000] {dag.py:2742} INFO - Sync 1 DAGs
[2026-09-17T01:22:21.082+0000] {logging_mixin.py:150} INFO - [2026-09-17T01:22:21.082+0000] {dag.py:3504} INFO - Setting next_dagrun for tutorial to 2026-09-16T01:22:21.081856+00:00, run_after=2026-09-17T01:22:21.081856+00:00
[2026-09-17T01:22:21.108+0000] {processor.py:179} INFO - Processing /home/vscode/.local/lib/python3.10/site-packages/airflow/example_dags/tutorial.py took 0.088 seconds
[2026-09-17T01:22:40.416+0000] {processor.py:157} INFO - Started process (PID=37239) to work on /home/vscode/.local/lib/python3.10/site-packages/airflow/example_dags/tutorial.py
[2026-09-17T01:22:40.418+0000] {processor.py:826} INFO - Processing file /home/vscode/.local/lib/python3.10/site-packages/airflow/example_dags/tutorial.py for tasks to queue
[2026-09-17T01:22:40.418+0000] {logging_mixin.py:150} INFO - [2026-09-17T01:22:40.418+0000] {dagbag.py:541} INFO - Filling up the DagBag from /home/vscode/.local/lib/python3.10/site-packages/airflow/example_dags/tutorial.py
[2026-09-17T01:22:40.426+0000] {processor.py:836} INFO - DAG(s) dict_keys(['tutorial']) retrieved from /home/vscode/.local/lib/python3.10/site-packages/airflow/example_dags/tutorial.py
[2026-09-17T01:22:40.438+0000] {logging_mixin.py:150} INFO - [2026-09-17T01:22:40.438+0000] {dag.py:2742} INFO - Sync 1 DAGs
[2026-09-17T01:22:40.453+0000] {logging_mixin.py:150} INFO - [2026-09-17T01:22:40.453+0000] {dag.py:3504} INFO - Setting next_dagrun for tutorial to 2026-09-16T01:22:40.453016+00:00, run_after=2026-09-17T01:22:40.453016+00:00
[2026-09-17T01:22:40.472+0000] {processor.py:179} INFO - Processing /home/vscode/.local/lib/python3.10/site-packages/airflow/example_dags/tutorial.py took 0.059 seconds
[2026-09-17T01:22:55.308+0000] {processor.py:157} INFO - Started process (PID=37362) to work on /home/vscode/.local/lib/python3.10/site-packages/airflow/example_dags/tutorial.py
[2026-09-17T01:22:55.309+0000] {processor.py:826} INFO - Processing file /home/vscode/.local/lib/python3.10/site-packages/airflow/example_dags/tutorial.py for tasks to queue
[2026-09-17T01:22:55.309+0000] {logging_mixin.py:150} INFO - [2026-09-17T01:22:55.309+0000] {dagbag.py:541} INFO - Filling up the DagBag from /home/vscode/.local/lib/python3.10/site-packages/airflow/example_dags/tutorial.py
[2026-09-17T01:22:55.315+0000] {processor.py:836} INFO - DAG(s) dict_keys(['tutorial']) retrieved from /home/vscode/.local/lib/python3.10/site-packages/airflow/example_dags/tutorial.py
[2026-09-17T01:22:55.328+0000] {logging_mixin.py:150} INFO - [2026-09-17T01:22:55.328+0000] {dag.py:2742} INFO - Sync 1 DAGs
[2026-09-17T01:22:55.343+0000] {logging_mixin.py:150} INFO - [2026-09-17T01:22:55.343+0000] {dag.py:3504} INFO - Setting next_dagrun for tutorial to 2026-09-16T01:22:55.342911+00:00, run_after=2026-09-17T01:22:55.342911+00:00
[2026-09-17T01:22:55.359+0000] {processor.py:179} INFO - Processing /home/vscode/.local/lib/python3.10/site-packages/airflow/example_dags/tutorial.py took 0.054 seconds
[2026-09-17T01:23:27.072+0000] {processor.py:157} INFO - Started process (PID=37687) to work on /home/vscode/.local/lib/python3.10/site-packages/airflow/example_dags/tutorial.py
[2026-09-17T01:23:27.073+0000] {processor.py:826} INFO - Processing file /home/vscode/.local/lib/python3.10/site-packages/airflow/example_dags/tutorial.py for tasks to queue
[2026-09-17T01:23:27.074+0000] {logging_mixin.py:150} INFO - [2026-09-17T01:23:27.074+0000] {dagbag.py:541} INFO - Filling up the DagBag from /home/vscode/.local/lib/python3.10/site-packages/airflow/example_dags/tutorial.py
[2026-09-17T01:23:27.082+0000] {processor.py:836} INFO - DAG(s) dict_keys(['tutorial']) retrieved from /home/vscode/.local/lib/python3.10/site-packages/airflow/example_dags/tutorial.py
[2026-09-17T01:23:27.099+0000] {logging_mixin.py:150} INFO - [2026-09-17T01:23:27.098+0000] {dag.py:2742} INFO - Sync 1 DAGs
[2026-09-17T01:23:27.119+0000] {logging_mixin.py:150} INFO - [2026-09-17T01:23:27.119+0000] {dag.py:3504} INFO - Setting next_dagrun for tutorial to 2026-09-16T01:23:27.119324+00:00, run_after=2026-09-17T01:23:27.119324+00:00
[2026-09-17T01:23:27.136+0000] {processor.py:179} INFO - Processing /home/vscode/.local/lib/python3.10/site-packages/airflow/example_dags/tutorial.py took 0.068 seconds
[2026-09-17T01:23:42.429+0000] {processor.py:157} INFO - Started process (PID=37803) to work on /home/vscode/.local/lib/python3.10/site-packages/airflow/example_dags/tutorial.py
[2026-09-17T01:23:42.429+0000] {processor.py:826} INFO - Processing file /home/vscode/.local/lib/python3.10/site-packages/airflow/example_dags/tutorial.py for tasks to queue
[2026-09-17T01:23:42.430+0000] {logging_mixin.py:150} INFO - [2026-09-17T01:23:42.430+0000] {dagbag.py:541} INFO - Filling up the DagBag from /home/vscode/.local/lib/python3.10/site-packages/airflow/example_dags/tutorial.py
[2026-09-17T01:23:42.435+0000] {processor.py:836} INFO - DAG(s) dict_keys(['tutorial']) retrieved from /home/vscode/.local/lib/python3.10/site-packages/airflow/example_dags/tutorial.py
[2026-09-17T01:23:42.448+0000] {logging_mixin.py:150} INFO - [2026-09-17T01:23:42.448+0000] {dag.py:2742} INFO - Sync 1 DAGs
[2026-09-17T01:23:42.464+0000] {logging_mixin.py:150} INFO - [2026-09-17T01:23:42.464+0000] {dag.py:3504} INFO - Setting next_dagrun for tutorial to 2026-09-16T01:23:42.464125+00:00, run_after=2026-09-17T01:23:42.464125+00:00
[2026-09-17T01:23:42.481+0000] {processor.py:179} INFO - Processing /home/vscode/.local/lib/python3.10/site-packages/airflow/example_dags/tutorial.py took 0.055 seconds
[2026-09-17T01:24:02.486+0000] {processor.py:157} INFO - Started process (PID=37960) to work on /home/vscode/.local/lib/python3.10/site-packages/airflow/example_dags/tutorial.py
[2026-09-17T01:24:02.487+0000] {processor.py:826} INFO - Processing file /home/vscode/.local/lib/python3.10/site-packages/airflow/example_dags/tutorial.py for tasks to queue
[2026-09-17T01:24:02.488+0000] {logging_mixin.py:150} INFO - [2026-09-17T01:24:02.488+0000] {dagbag.py:541} INFO - Filling up the DagBag from /home/vscode/.local/lib/python3.10/site-packages/airflow/example_dags/tutorial.py
[2026-09-17T01:24:02.495+0000] {processor.py:836} INFO - DAG(s) dict_keys(['tutorial']) retrieved from /home/vscode/.local/lib/python3.10/site-packages/airflow/example_dags/tutorial.py
[2026-09-17T01:24:02.509+0000] {logging_mixin.py:150} INFO - [2026-09-17T01:24:02.509+0000] {dag.py:2742} INFO - Sync 1 DAGs
[2026-09-17T01:24:02.523+0000] {logging_mixin.py:150} INFO - [2026-09-17T01:24:02.523+0000] {dag.py:3504} INFO - Setting next_dagrun for tutorial to 2026-09-16T01:24:02.523549+00:00, run_after=2026-09-17T01:24:02.523549+00:00
[2026-09-17T01:24:02.542+0000] {processor.py:179} INFO - Processing /home/vscode/.local/lib/python3.10/site-packages/airflow/example_dags/tutorial.py took 0.059 seconds
[2026-09-17T01:24:18.086+0000] {processor.py:157} INFO - Started process (PID=38250) to work on /home/vscode/.local/lib/python3.10/site-packages/airflow/example_dags/tutorial.py
[2026-09-17T01:24:18.087+0000] {processor.py:826} INFO - Processing file /home/vscode/.local/lib/python3.10/site-packages/airflow/example_dags/tutorial.py for tasks to queue
[2026-09-17T01:24:18.088+0000] {logging_mixin.py:150} INFO - [2026-09-17T01:24:18.087+0000] {dagbag.py:541} INFO - Filling up the DagBag from /home/vscode/.local/lib/python3.10/site-packages/airflow/example_dags/tutorial.py
[2026-09-17T01:24:18.095+0000] {processor.py:836} INFO - DAG(s) dict_keys(['tutorial']) retrieved from /home/vscode/.local/lib/python3.10/site-packages/airflow/example_dags/tutorial.py
[2026-09-17T01:24:18.111+0000] {logging_mixin.py:150} INFO - [2026-09-17T01:24:18.111+0000] {dag.py:2742} INFO - Sync 1 DAGs
[2026-09-17T01:24:18.125+0000] {logging_mixin.py:150} INFO - [2026-09-17T01:24:18.125+0000] {dag.py:3504} INFO - Setting next_dagrun for tutorial to 2026-09-16T01:24:18.125519+00:00, run_after=2026-09-17T01:24:18.125519+00:00
[2026-09-17T01:24:18.142+0000] {processor.py:179} INFO - Processing /home/vscode/.local/lib/python3.10/site-packages/airflow/example_dags/tutorial.py took 0.059 seconds
