[2026-09-17T00:55:15.118+0000] {processor.py:157} INFO - Started process (PID=21839) to work on /home/vscode/.local/lib/python3.10/site-packages/airflow/example_dags/tutorial_taskflow_api.py
[2026-09-17T00:55:15.119+0000] {processor.py:826} INFO - Processing file /home/vscode/.local/lib/python3.10/site-packages/airflow/example_dags/tutorial_taskflow_api.py for tasks to queue
[2026-09-17T00:55:15.120+0000] {logging_mixin.py:150} INFO - [2026-09-17T00:55:15.119+0000] {dagbag.py:541} INFO - Filling up the DagBag from /home/vscode/.local/lib/python3.10/site-packages/airflow/example_dags/tutorial_taskflow_api.py
[2026-09-17T00:55:15.126+0000] {processor.py:836} INFO - DAG(s) dict_keys(['tutorial_taskflow_api']) retrieved from /home/vscode/.local/lib/python3.10/site-packages/airflow/example_dags/tutorial_taskflow_api.py
[2026-09-17T00:55:15.211+0000] {logging_mixin.py:150} INFO - [2026-09-17T00:55:15.210+0000] {manager.py:504} INFO - Created Permission View: can delete on DAG:tutorial_taskflow_api
[2026-09-17T00:55:15.220+0000] {logging_mixin.py:150} INFO - [2026-09-17T00:55:15.220+0000] {manager.py:504} INFO - Created Permission View: can edit on DAG:tutorial_taskflow_api
[2026-09-17T00:55:15.228+0000] {logging_mixin.py:150} INFO - [2026-09-17T00:55:15.228+0000] {manager.py:504} INFO - Created Permission View: can read on DAG:tutorial_taskflow_api
[2026-09-17T00:55:15.240+0000] {logging_mixin.py:150} INFO - [2026-09-17T00:55:15.240+0000] {dag.py:2742} INFO - Sync 1 DAGs
[2026-09-17T00:55:15.247+0000] {logging_mixin.py:150} INFO - [2026-09-17T00:55:15.247+0000] {dag.py:2763} INFO - Creating ORM DAG for tutorial_taskflow_api
[2026-09-17T00:55:15.253+0000] {logging_mixin.py:150} INFO - [2026-09-17T00:55:15.253+0000] {dag.py:3504} INFO - Setting next_dagrun for tutorial_taskflow_api to None, run_after=None
[2026-09-17T00:55:15.277+0000] {processor.py:179} INFO - Processing /home/vscode/.local/lib/python3.10/site-packages/airflow/example_dags/tutorial_taskflow_api.py took 0.163 seconds
[2026-09-17T00:55:47.998+0000] {processor.py:157} INFO - Started process (PID=22171) to work on /home/vscode/.local/lib/python3.10/site-packages/airflow/example_dags/tutorial_taskflow_api.py
[2026-09-17T00:55:47.999+0000] {processor.py:826} INFO - Processing file /home/vscode/.local/lib/python3.10/site-packages/airflow/example_dags/tutorial_taskflow_api.py for tasks to queue
[2026-09-17T00:55:48.000+0000] {logging_mixin.py:150} INFO - [2026-09-17T00:55:47.999+0000] {dagbag.py:541} INFO - Filling up the DagBag from /home/vscode/.local/lib/python3.10/site-packages/airflow/example_dags/tutorial_taskflow_api.py
[2026-09-17T00:55:48.015+0000] {processor.py:836} INFO - DAG(s) dict_keys(['tutorial_taskflow_api']) retrieved from /home/vscode/.local/lib/python3.10/site-packages/airflow/example_dags/tutorial_taskflow_api.py
[2026-09-17T00:55:48.037+0000] {logging_mixin.py:150} INFO - [2026-09-17T00:55:48.036+0000] {dag.py:2742} INFO - Sync 1 DAGs
[2026-09-17T00:55:48.059+0000] {logging_mixin.py:150} INFO - [2026-09-17T00:55:48.058+0000] {dag.py:3504} INFO - Setting next_dagrun for tutorial_taskflow_api to None, run_after=None
[2026-09-17T00:55:48.082+0000] {processor.py:179} INFO - Processing /home/vscode/.local/lib/python3.10/site-packages/airflow/example_dags/tutorial_taskflow_api.py took 0.087 seconds
[2026-09-17T00:56:12.868+0000] {processor.py:157} INFO - Started process (PID=22388) to work on /home/vscode/.local/lib/python3.10/site-packages/airflow/example_dags/tutorial_taskflow_api.py
[2026-09-17T00:56:12.871+0000] {processor.py:826} INFO - Processing file /home/vscode/.local/lib/python3.10/site-packages/airflow/example_dags/tutorial_taskflow_api.py for tasks to queue
[2026-09-17T00:56:12.871+0000] {logging_mixin.py:150} INFO - [2026-09-17T00:56:12.871+0000] {dagbag.py:541} INFO - Filling up the DagBag from /home/vscode/.local/lib/python3.10/site-packages/airflow/example_dags/tutorial_taskflow_api.py
[2026-09-17T00:56:12.882+0000] {processor.py:836} INFO - DAG(s) dict_keys(['tutorial_taskflow_api']) retrieved from /home/vscode/.local/lib/python3.10/site-packages/airflow/example_dags/tutorial_taskflow_api.py
[2026-09-17T00:56:12.901+0000] {logging_mixin.py:150} INFO - [2026-09-17T00:56:12.900+0000] {dag.py:2742} INFO - Sync 1 DAGs
[2026-09-17T00:56:12.941+0000] {logging_mixin.py:150} INFO - [2026-09-17T00:56:12.941+0000] {dag.py:3504} INFO - Setting next_dagrun for tutorial_taskflow_api to None, run_after=None
[2026-09-17T00:56:12.968+0000] {processor.py:179} INFO - Processing /home/vscode/.local/lib/python3.10/site-packages/airflow/example_dags/tutorial_taskflow_api.py took 0.106 seconds
[2026-09-17T00:56:35.885+0000] {processor.py:157} INFO - Started process (PID=22663) to work on /home/vscode/.local/lib/python3.10/site-packages/airflow/example_dags/tutorial_taskflow_api.py
[2026-09-17T00:56:35.886+0000] {processor.py:826} INFO - Processing file /home/vscode/.local/lib/python3.10/site-packages/airflow/example_dags/tutorial_taskflow_api.py for tasks to queue
[2026-09-17T00:56:35.887+0000] {logging_mixin.py:150} INFO - [2026-09-17T00:56:35.886+0000] {dagbag.py:541} INFO - Filling up the DagBag from /home/vscode/.local/lib/python3.10/site-packages/airflow/example_dags/tutorial_taskflow_api.py
[2026-09-17T00:56:35.892+0000] {processor.py:836} INFO - DAG(s) dict_keys(['tutorial_taskflow_api']) retrieved from /home/vscode/.local/lib/python3.10/site-packages/airflow/example_dags/tutorial_taskflow_api.py
[2026-09-17T00:56:35.913+0000] {logging_mixin.py:150} INFO - [2026-09-17T00:56:35.913+0000] {dag.py:2742} INFO - Sync 1 DAGs
[2026-09-17T00:56:35.936+0000] {logging_mixin.py:150} INFO - [2026-09-17T00:56:35.935+0000] {dag.py:3504} INFO - Setting next_dagrun for tutorial_taskflow_api to None, run_after=None
[2026-09-17T00:56:35.955+0000] {processor.py:179} INFO - Processing /home/vscode/.local/lib/python3.10/site-packages/airflow/example_dags/tutorial_taskflow_api.py took 0.074 seconds
[2026-09-17T00:56:57.311+0000] {processor.py:157} INFO - Started process (PID=22825) to work on /home/vscode/.local/lib/python3.10/site-packages/airflow/example_dags/tutorial_taskflow_api.py
[2026-09-17T00:56:57.313+0000] {processor.py:826} INFO - Processing file /home/vscode/.local/lib/python3.10/site-packages/airflow/example_dags/tutorial_taskflow_api.py for tasks to queue
[2026-09-17T00:56:57.314+0000] {logging_mixin.py:150} INFO - [2026-09-17T00:56:57.314+0000] {dagbag.py:541} INFO - Filling up the DagBag from /home/vscode/.local/lib/python3.10/site-packages/airflow/example_dags/tutorial_taskflow_api.py
[2026-09-17T00:56:57.328+0000] {processor.py:836} INFO - DAG(s) dict_keys(['tutorial_taskflow_api']) retrieved from /home/vscode/.local/lib/python3.10/site-packages/airflow/example_dags/tutorial_taskflow_api.py
[2026-09-17T00:56:57.356+0000] {logging_mixin.py:150} INFO - [2026-09-17T00:56:57.356+0000] {dag.py:2742} INFO - Sync 1 DAGs
[2026-09-17T00:56:57.382+0000] {logging_mixin.py:150} INFO - [2026-09-17T00:56:57.381+0000] {dag.py:3504} INFO - Setting next_dagrun for tutorial_taskflow_api to None, run_after=None
[2026-09-17T00:56:57.408+0000] {processor.py:179} INFO - Processing /home/vscode/.local/lib/python3.10/site-packages/airflow/example_dags/tutorial_taskflow_api.py took 0.102 seconds
[2026-09-17T00:57:14.208+0000] {processor.py:157} INFO - Started process (PID=22950) to work on /home/vscode/.local/lib/python3.10/site-packages/airflow/example_dags/tutorial_taskflow_api.py
[2026-09-17T00:57:14.209+0000] {processor.py:826} INFO - Processing file /home/vscode/.local/lib/python3.10/site-packages/airflow/example_dags/tutorial_taskflow_api.py for tasks to queue
[2026-09-17T00:57:14.210+0000] {logging_mixin.py:150} INFO - [2026-09-17T00:57:14.209+0000] {dagbag.py:541} INFO - Filling up the DagBag from /home/vscode/.local/lib/python3.10/site-packages/airflow/example_dags/tutorial_taskflow_api.py
[2026-09-17T00:57:14.215+0000] {processor.py:836} INFO - DAG(s) dict_keys(['tutorial_taskflow_api']) retrieved from /home/vscode/.local/lib/python3.10/site-packages/airflow/example_dags/tutorial_taskflow_api.py
[2026-09-17T00:57:14.243+0000] {logging_mixin.py:150} INFO - [2026-09-17T00:57:14.243+0000] {dag.py:2742} INFO - Sync 1 DAGs
[2026-09-17T00:57:14.271+0000] {logging_mixin.py:150} INFO - [2026-09-17T00:57:14.271+0000] {dag.py:3504} INFO - Setting next_dagrun for tutorial_taskflow_api to None, run_after=None
[2026-09-17T00:57:14.313+0000] {processor.py:179} INFO - Processing /home/vscode/.local/lib/python3.10/site-packages/airflow/example_dags/tutorial_taskflow_api.py took 0.107 seconds
[2026-09-17T00:57:36.337+0000] {processor.py:157} INFO - Started process (PID=23117) to work on /home/vscode/.local/lib/python3.10/site-packages/airflow/example_dags/tutorial_taskflow_api.py
[2026-09-17T00:57:36.340+0000] {processor.py:826} INFO - Processing file /home/vscode/.local/lib/python3.10/site-packages/airflow/example_dags/tutorial_taskflow_api.py for tasks to queue
[2026-09-17T00:57:36.340+0000] {logging_mixin.py:150} INFO - [2026-09-17T00:57:36.340+0000] {dagbag.py:541} INFO - Filling up the DagBag from /home/vscode/.local/lib/python3.10/site-packages/airflow/example_dags/tutorial_taskflow_api.py
[2026-09-17T00:57:36.347+0000] {processor.py:836} INFO - DAG(s) dict_keys(['tutorial_taskflow_api']) retrieved from /home/vscode/.local/lib/python3.10/site-packages/airflow/example_dags/tutorial_taskflow_api.py
[2026-09-17T00:57:36.384+0000] {logging_mixin.py:150} INFO - [2026-09-17T00:57:36.384+0000] {dag.py:2742} INFO - Sync 1 DAGs
[2026-09-17T00:57:36.421+0000] {logging_mixin.py:150} INFO - [2026-09-17T00:57:36.420+0000] {dag.py:3504} INFO - Setting next_dagrun for tutorial_taskflow_api to None, run_after=None
[2026-09-17T00:57:36.447+0000] {processor.py:179} INFO - Processing /home/vscode/.local/lib/python3.10/site-packages/airflow/example_dags/tutorial_taskflow_api.py took 0.112 seconds
[2026-09-17T00:57:54.909+0000] {processor.py:157} INFO - Started process (PID=23263) to work on /home/vscode/.local/lib/python3.10/site-packages/airflow/example_dags/tutorial_taskflow_api.py
[2026-09-17T00:57:54.910+0000] {processor.py:826} INFO - Processing file /home/vscode/.local/lib/python3.10/site-packages/airflow/example_dags/tutorial_taskflow_api.py for tasks to queue
[2026-09-17T00:57:54.911+0000] {logging_mixin.py:150} INFO - [2026-09-17T00:57:54.910+0000] {dagbag.py:541} INFO - Filling up the DagBag from /home/vscode/.local/lib/python3.10/site-packages/airflow/example_dags/tutorial_taskflow_api.py
[2026-09-17T00:57:54.918+0000] {processor.py:836} INFO - DAG(s) dict_keys(['tutorial_taskflow_api']) retrieved from /home/vscode/.local/lib/python3.10/site-packages/airflow/example_dags/tutorial_taskflow_api.py
[2026-09-17T00:57:54.937+0000] {logging_mixin.py:150} INFO - [2026-09-17T00:57:54.937+0000] {dag.py:2742} INFO - Sync 1 DAGs
[2026-09-17T00:57:54.959+0000] {logging_mixin.py:150} INFO - [2026-09-17T00:57:54.959+0000] {dag.py:3504} INFO - Setting next_dagrun for tutorial_taskflow_api to None, run_after=None
[2026-09-17T00:57:54.996+0000] {processor.py:179} INFO - Processing /home/vscode/.local/lib/python3.10/site-packages/airflow/example_dags/tutorial_taskflow_api.py took 0.090 seconds
[2026-09-17T00:58:22.833+0000] {processor.py:157} INFO - Started process (PID=23550) to work on /home/vscode/.local/lib/python3.10/site-packages/airflow/example_dags/tutorial_taskflow_api.py
[2026-09-17T00:58:22.833+0000] {processor.py:826} INFO - Processing file /home/vscode/.local/lib/python3.10/site-packages/airflow/example_dags/tutorial_taskflow_api.py for tasks to queue
[2026-09-17T00:58:22.834+0000] {logging_mixin.py:150} INFO - [2026-09-17T00:58:22.834+0000] {dagbag.py:541} INFO - Filling up the DagBag from /home/vscode/.local/lib/python3.10/site-packages/airflow/example_dags/tutorial_taskflow_api.py
[2026-09-17T00:58:22.839+0000] {processor.py:836} INFO - DAG(s) dict_keys(['tutorial_taskflow_api']) retrieved from /home/vscode/.local/lib/python3.10/site-packages/airflow/example_dags/tutorial_taskflow_api.py
[2026-09-17T00:58:22.851+0000] {logging_mixin.py:150} INFO - [2026-09-17T00:58:22.851+0000] {dag.py:2742} INFO - Sync 1 DAGs
[2026-09-17T00:58:22.867+0000] {logging_mixin.py:150} INFO - [2026-09-17T00:58:22.867+0000] {dag.py:3504} INFO - Setting next_dagrun for tutorial_taskflow_api to None, run_after=None
[2026-09-17T00:58:22.900+0000] {processor.py:179} INFO - Processing /home/vscode/.local/lib/python3.10/site-packages/airflow/example_dags/tutorial_taskflow_api.py took 0.070 seconds
[2026-09-17T00:58:40.893+0000] {processor.py:157} INFO - Started process (PID=23712) to work on /home/vscode/.local/lib/python3.10/site-packages/airflow/example_dags/tutorial_taskflow_api.py
[2026-09-17T00:58:40.894+0000] {processor.py:826} INFO - Processing file /home/vscode/.local/lib/python3.10/site-packages/airflow/example_dags/tutorial_taskflow_api.py for tasks to queue
[2026-09-17T00:58:40.895+0000] {logging_mixin.py:150} INFO - [2026-09-17T00:58:40.894+0000] {dagbag.py:541} INFO - Filling up the DagBag from /home/vscode/.local/lib/python3.10/site-packages/airflow/example_dags/tutorial_taskflow_api.py
[2026-09-17T00:58:40.901+0000] {processor.py:836} INFO - DAG(s) dict_keys(['tutorial_taskflow_api']) retrieved from /home/vscode/.local/lib/python3.10/site-packages/airflow/example_dags/tutorial_taskflow_api.py
[2026-09-17T00:58:40.944+0000] {logging_mixin.py:150} INFO - [2026-09-17T00:58:40.944+0000] {dag.py:2742} INFO - Sync 1 DAGs
[2026-09-17T00:58:40.963+0000] {logging_mixin.py:150} INFO - [2026-09-17T00:58:40.963+0000] {dag.py:3504} INFO - Setting next_dagrun for tutorial_taskflow_api to None, run_after=None
[2026-09-17T00:58:40.994+0000] {processor.py:179} INFO - Processing /home/vscode/.local/lib/python3.10/site-packages/airflow/example_dags/tutorial_taskflow_api.py took 0.104 seconds
[2026-09-17T00:59:10.480+0000] {processor.py:157} INFO - Started process (PID=24113) to work on /home/vscode/.local/lib/python3.10/site-packages/airflow/example_dags/tutorial_taskflow_api.py
[2026-09-17T00:59:10.481+0000] {processor.py:826} INFO - Processing file /home/vscode/.local/lib/python3.10/site-packages/airflow/example_dags/tutorial_taskflow_api.py for tasks to queue
[2026-09-17T00:59:10.481+0000] {logging_mixin.py:150} INFO - [2026-09-17T00:59:10.481+0000] {dagbag.py:541} INFO - Filling up the DagBag from /home/vscode/.local/lib/python3.10/site-packages/airflow/example_dags/tutorial_taskflow_api.py
[2026-09-17T00:59:10.486+0000] {processor.py:836} INFO - DAG(s) dict_keys(['tutorial_taskflow_api']) retrieved from /home/vscode/.local/lib/python3.10/site-packages/airflow/example_dags/tutorial_taskflow_api.py
[2026-09-17T00:59:10.500+0000] {logging_mixin.py:150} INFO - [2026-09-17T00:59:10.500+0000] {dag.py:2742} INFO - Sync 1 DAGs
[2026-09-17T00:59:10.515+0000] {logging_mixin.py:150} INFO - [2026-09-17T00:59:10.514+0000] {dag.py:3504} INFO - Setting next_dagrun for tutorial_taskflow_api to None, run_after=None
[2026-09-17T00:59:10.535+0000] {processor.py:179} INFO - Processing /home/vscode/.local/lib/python3.10/site-packages/airflow/example_dags/tutorial_taskflow_api.py took 0.057 seconds
[2026-09-17T00:59:17.522+0000] {processor.py:157} INFO - Started process (PID=24169) to work on /home/vscode/.local/lib/python3.10/site-packages/airflow/example_dags/tutorial_taskflow_api.py
[2026-09-17T00:59:17.523+0000] {processor.py:826} INFO - Processing file /home/vscode/.local/lib/python3.10/site-packages/airflow/example_dags/tutorial_taskflow_api.py for tasks to queue
[2026-09-17T00:59:17.524+0000] {logging_mixin.py:150} INFO - [2026-09-17T00:59:17.524+0000] {dagbag.py:541} INFO - Filling up the DagBag from /home/vscode/.local/lib/python3.10/site-packages/airflow/example_dags/tutorial_taskflow_api.py
[2026-09-17T00:59:17.529+0000] {processor.py:836} INFO - DAG(s) dict_keys(['tutorial_taskflow_api']) retrieved from /home/vscode/.local/lib/python3.10/site-packages/airflow/example_dags/tutorial_taskflow_api.py
[2026-09-17T00:59:17.542+0000] {logging_mixin.py:150} INFO - [2026-09-17T00:59:17.542+0000] {dag.py:2742} INFO - Sync 1 DAGs
[2026-09-17T00:59:17.556+0000] {logging_mixin.py:150} INFO - [2026-09-17T00:59:17.556+0000] {dag.py:3504} INFO - Setting next_dagrun for tutorial_taskflow_api to None, run_after=None
[2026-09-17T00:59:17.576+0000] {processor.py:179} INFO - Processing /home/vscode/.local/lib/python3.10/site-packages/airflow/example_dags/tutorial_taskflow_api.py took 0.056 seconds
[2026-09-17T00:59:44.252+0000] {processor.py:157} INFO - Started process (PID=24543) to work on /home/vscode/.local/lib/python3.10/site-packages/airflow/example_dags/tutorial_taskflow_api.py
[2026-09-17T00:59:44.253+0000] {processor.py:826} INFO - Processing file /home/vscode/.local/lib/python3.10/site-packages/airflow/example_dags/tutorial_taskflow_api.py for tasks to queue
[2026-09-17T00:59:44.253+0000] {logging_mixin.py:150} INFO - [2026-09-17T00:59:44.253+0000] {dagbag.py:541} INFO - Filling up the DagBag from /home/vscode/.local/lib/python3.10/site-packages/airflow/example_dags/tutorial_taskflow_api.py
[2026-09-17T00:59:44.259+0000] {processor.py:836} INFO - DAG(s) dict_keys(['tutorial_taskflow_api']) retrieved from /home/vscode/.local/lib/python3.10/site-packages/airflow/example_dags/tutorial_taskflow_api.py
[2026-09-17T00:59:44.282+0000] {logging_mixin.py:150} INFO - [2026-09-17T00:59:44.281+0000] {dag.py:2742} INFO - Sync 1 DAGs
[2026-09-17T00:59:44.306+0000] {logging_mixin.py:150} INFO - [2026-09-17T00:59:44.306+0000] {dag.py:3504} INFO - Setting next_dagrun for tutorial_taskflow_api to None, run_after=None
[2026-09-17T00:59:44.325+0000] {processor.py:179} INFO - Processing /home/vscode/.local/lib/python3.10/site-packages/airflow/example_dags/tutorial_taskflow_api.py took 0.075 seconds
[2026-09-17T00:59:54.435+0000] {processor.py:157} INFO - Started process (PID=24707) to work on /home/vscode/.local/lib/python3.10/site-packages/airflow/example_dags/tutorial_taskflow_api.py
[2026-09-17T00:59:54.437+0000] {processor.py:826} INFO - Processing file /home/vscode/.local/lib/python3.10/site-packages/airflow/example_dags/tutorial_taskflow_api.py for tasks to queue
[2026-09-17T00:59:54.438+0000] {logging_mixin.py:150} INFO - [2026-09-17T00:59:54.438+0000] {dagbag.py:541} INFO - Filling up the DagBag from /home/vscode/.local/lib/python3.10/site-packages/airflow/example_dags/tutorial_taskflow_api.py
[2026-09-17T00:59:54.448+0000] {processor.py:836} INFO - DAG(s) dict_keys(['tutorial_taskflow_api']) retrieved from /home/vscode/.local/lib/python3.10/site-packages/airflow/example_dags/tutorial_taskflow_api.py
[2026-09-17T00:59:54.467+0000] {logging_mixin.py:150} INFO - [2026-09-17T00:59:54.466+0000] {dag.py:2742} INFO - Sync 1 DAGs
[2026-09-17T00:59:54.501+0000] {logging_mixin.py:150} INFO - [2026-09-17T00:59:54.501+0000] {dag.py:3504} INFO - Setting next_dagrun for tutorial_taskflow_api to None, run_after=None
[2026-09-17T00:59:54.531+0000] {processor.py:179} INFO - Processing /home/vscode/.local/lib/python3.10/site-packages/airflow/example_dags/tutorial_taskflow_api.py took 0.103 seconds
[2026-09-17T01:00:20.562+0000] {processor.py:157} INFO - Started process (PID=25087) to work on /home/vscode/.local/lib/python3.10/site-packages/airflow/example_dags/tutorial_taskflow_api.py
[2026-09-17T01:00:20.563+0000] {processor.py:826} INFO - Processing file /home/vscode/.local/lib/python3.10/site-packages/airflow/example_dags/tutorial_taskflow_api.py for tasks to queue
[2026-09-17T01:00:20.564+0000] {logging_mixin.py:150} INFO - [2026-09-17T01:00:20.564+0000] {dagbag.py:541} INFO - Filling up the DagBag from /home/vscode/.local/lib/python3.10/site-packages/airflow/example_dags/tutorial_taskflow_api.py
[2026-09-17T01:00:20.571+0000] {processor.py:836} INFO - DAG(s) dict_keys(['tutorial_taskflow_api']) retrieved from /home/vscode/.local/lib/python3.10/site-packages/airflow/example_dags/tutorial_taskflow_api.py
[2026-09-17T01:00:20.601+0000] {logging_mixin.py:150} INFO - [2026-09-17T01:00:20.600+0000] {dag.py:2742} INFO - Sync 1 DAGs
[2026-09-17T01:00:20.621+0000] {logging_mixin.py:150} INFO - [2026-09-17T01:00:20.621+0000] {dag.py:3504} INFO - Setting next_dagrun for tutorial_taskflow_api to None, run_after=None
[2026-09-17T01:00:20.638+0000] {processor.py:179} INFO - Processing /home/vscode/.local/lib/python3.10/site-packages/airflow/example_dags/tutorial_taskflow_api.py took 0.079 seconds
[2026-09-17T01:00:28.144+0000] {processor.py:157} INFO - Started process (PID=25217) to work on /home/vscode/.local/lib/python3.10/site-packages/airflow/example_dags/tutorial_taskflow_api.py
[2026-09-17T01:00:28.145+0000] {processor.py:826} INFO - Processing file /home/vscode/.local/lib/python3.10/site-packages/airflow/example_dags/tutorial_taskflow_api.py for tasks to queue
[2026-09-17T01:00:28.146+0000] {logging_mixin.py:150} INFO - [2026-09-17T01:00:28.146+0000] {dagbag.py:541} INFO - Filling up the DagBag from /home/vscode/.local/lib/python3.10/site-packages/airflow/example_dags/tutorial_taskflow_api.py
[2026-09-17T01:00:28.153+0000] {processor.py:836} INFO - DAG(s) dict_keys(['tutorial_taskflow_api']) retrieved from /home/vscode/.local/lib/python3.10/site-packages/airflow/example_dags/tutorial_taskflow_api.py
[2026-09-17T01:00:28.174+0000] {logging_mixin.py:150} INFO - [2026-09-17T01:00:28.174+0000] {dag.py:2742} INFO - Sync 1 DAGs
[2026-09-17T01:00:28.195+0000] {logging_mixin.py:150} INFO - [2026-09-17T01:00:28.194+0000] {dag.py:3504} INFO - Setting next_dagrun for tutorial_taskflow_api to None, run_after=None
[2026-09-17T01:00:28.223+0000] {processor.py:179} INFO - Processing /home/vscode/.local/lib/python3.10/site-packages/airflow/example_dags/tutorial_taskflow_api.py took 0.081 seconds
[2026-09-17T01:00:56.762+0000] {processor.py:157} INFO - Started process (PID=25480) to work on /home/vscode/.local/lib/python3.10/site-packages/airflow/example_dags/tutorial_taskflow_api.py
[2026-09-17T01:00:56.762+0000] {processor.py:826} INFO - Processing file /home/vscode/.local/lib/python3.10/site-packages/airflow/example_dags/tutorial_taskflow_api.py for tasks to queue
[2026-09-17T01:00:56.763+0000] {logging_mixin.py:150} INFO - [2026-09-17T01:00:56.763+0000] {dagbag.py:541} INFO - Filling up the DagBag from /home/vscode/.local/lib/python3.10/site-packages/airflow/example_dags/tutorial_taskflow_api.py
[2026-09-17T01:00:56.768+0000] {processor.py:836} INFO - DAG(s) dict_keys(['tutorial_taskflow_api']) retrieved from /home/vscode/.local/lib/python3.10/site-packages/airflow/example_dags/tutorial_taskflow_api.py
[2026-09-17T01:00:56.787+0000] {logging_mixin.py:150} INFO - [2026-09-17T01:00:56.787+0000] {dag.py:2742} INFO - Sync 1 DAGs
[2026-09-17T01:00:56.808+0000] {logging_mixin.py:150} INFO - [2026-09-17T01:00:56.807+0000] {dag.py:3504} INFO - Setting next_dagrun for tutorial_taskflow_api to None, run_after=None
[2026-09-17T01:00:56.833+0000] {processor.py:179} INFO - Processing /home/vscode/.local/lib/python3.10/site-packages/airflow/example_dags/tutorial_taskflow_api.py took 0.074 seconds
[2026-09-17T01:01:01.922+0000] {processor.py:157} INFO - Started process (PID=25524) to work on /home/vscode/.local/lib/python3.10/site-packages/airflow/example_dags/tutorial_taskflow_api.py
[2026-09-17T01:01:01.926+0000] {processor.py:826} INFO - Processing file /home/vscode/.local/lib/python3.10/site-packages/airflow/example_dags/tutorial_taskflow_api.py for tasks to queue
[2026-09-17T01:01:01.926+0000] {logging_mixin.py:150} INFO - [2026-09-17T01:01:01.926+0000] {dagbag.py:541} INFO - Filling up the DagBag from /home/vscode/.local/lib/python3.10/site-packages/airflow/example_dags/tutorial_taskflow_api.py
[2026-09-17T01:01:01.934+0000] {processor.py:836} INFO - DAG(s) dict_keys(['tutorial_taskflow_api']) retrieved from /home/vscode/.local/lib/python3.10/site-packages/airflow/example_dags/tutorial_taskflow_api.py
[2026-09-17T01:01:01.952+0000] {logging_mixin.py:150} INFO - [2026-09-17T01:01:01.952+0000] {dag.py:2742} INFO - Sync 1 DAGs
[2026-09-17T01:01:01.974+0000] {logging_mixin.py:150} INFO - [2026-09-17T01:01:01.974+0000] {dag.py:3504} INFO - Setting next_dagrun for tutorial_taskflow_api to None, run_after=None
[2026-09-17T01:01:01.998+0000] {processor.py:179} INFO - Processing /home/vscode/.local/lib/python3.10/site-packages/airflow/example_dags/tutorial_taskflow_api.py took 0.079 seconds
[2026-09-17T01:01:31.169+0000] {processor.py:157} INFO - Started process (PID=25771) to work on /home/vscode/.local/lib/python3.10/site-packages/airflow/example_dags/tutorial_taskflow_api.py
[2026-09-17T01:01:31.170+0000] {processor.py:826} INFO - Processing file /home/vscode/.local/lib/python3.10/site-packages/airflow/example_dags/tutorial_taskflow_api.py for tasks to queue
[2026-09-17T01:01:31.171+0000] {logging_mixin.py:150} INFO - [2026-09-17T01:01:31.171+0000] {dagbag.py:541} INFO - Filling up the DagBag from /home/vscode/.local/lib/python3.10/site-packages/airflow/example_dags/tutorial_taskflow_api.py
[2026-09-17T01:01:31.178+0000] {processor.py:836} INFO - DAG(s) dict_keys(['tutorial_taskflow_api']) retrieved from /home/vscode/.local/lib/python3.10/site-packages/airflow/example_dags/tutorial_taskflow_api.py
[2026-09-17T01:01:31.199+0000] {logging_mixin.py:150} INFO - [2026-09-17T01:01:31.199+0000] {dag.py:2742} INFO - Sync 1 DAGs
[2026-09-17T01:01:31.220+0000] {logging_mixin.py:150} INFO - [2026-09-17T01:01:31.219+0000] {dag.py:3504} INFO - Setting next_dagrun for tutorial_taskflow_api to None, run_after=None
[2026-09-17T01:01:31.242+0000] {processor.py:179} INFO - Processing /home/vscode/.local/lib/python3.10/site-packages/airflow/example_dags/tutorial_taskflow_api.py took 0.076 seconds
[2026-09-17T01:01:36.263+0000] {processor.py:157} INFO - Started process (PID=25809) to work on /home/vscode/.local/lib/python3.10/site-packages/airflow/example_dags/tutorial_taskflow_api.py
[2026-09-17T01:01:36.264+0000] {processor.py:826} INFO - Processing file /home/vscode/.local/lib/python3.10/site-packages/airflow/example_dags/tutorial_taskflow_api.py for tasks to queue
[2026-09-17T01:01:36.265+0000] {logging_mixin.py:150} INFO - [2026-09-17T01:01:36.264+0000] {dagbag.py:541} INFO - Filling up the DagBag from /home/vscode/.local/lib/python3.10/site-packages/airflow/example_dags/tutorial_taskflow_api.py
[2026-09-17T01:01:36.270+0000] {processor.py:836} INFO - DAG(s) dict_keys(['tutorial_taskflow_api']) retrieved from /home/vscode/.local/lib/python3.10/site-packages/airflow/example_dags/tutorial_taskflow_api.py
[2026-09-17T01:01:36.283+0000] {logging_mixin.py:150} INFO - [2026-09-17T01:01:36.283+0000] {dag.py:2742} INFO - Sync 1 DAGs
[2026-09-17T01:01:36.302+0000] {logging_mixin.py:150} INFO - [2026-09-17T01:01:36.302+0000] {dag.py:3504} INFO - Setting next_dagrun for tutorial_taskflow_api to None, run_after=None
[2026-09-17T01:01:36.319+0000] {processor.py:179} INFO - Processing /home/vscode/.local/lib/python3.10/site-packages/airflow/example_dags/tutorial_taskflow_api.py took 0.058 seconds
[2026-09-17T01:02:06.870+0000] {processor.py:157} INFO - Started process (PID=26063) to work on /home/vscode/.local/lib/python3.10/site-packages/airflow/example_dags/tutorial_taskflow_api.py
[2026-09-17T01:02:06.870+0000] {processor.py:826} INFO - Processing file /home/vscode/.local/lib/python3.10/site-packages/airflow/example_dags/tutorial_taskflow_api.py for tasks to queue
[2026-09-17T01:02:06.871+0000] {logging_mixin.py:150} INFO - [2026-09-17T01:02:06.871+0000] {dagbag.py:541} INFO - Filling up the DagBag from /home/vscode/.local/lib/python3.10/site-packages/airflow/example_dags/tutorial_taskflow_api.py
[2026-09-17T01:02:06.877+0000] {processor.py:836} INFO - DAG(s) dict_keys(['tutorial_taskflow_api']) retrieved from /home/vscode/.local/lib/python3.10/site-packages/airflow/example_dags/tutorial_taskflow_api.py
[2026-09-17T01:02:06.889+0000] {logging_mixin.py:150} INFO - [2026-09-17T01:02:06.889+0000] {dag.py:2742} INFO - Sync 1 DAGs
[2026-09-17T01:02:06.903+0000] {logging_mixin.py:150} INFO - [2026-09-17T01:02:06.903+0000] {dag.py:3504} INFO - Setting next_dagrun for tutorial_taskflow_api to None, run_after=None
[2026-09-17T01:02:06.920+0000] {processor.py:179} INFO - Processing /home/vscode/.local/lib/python3.10/site-packages/airflow/example_dags/tutorial_taskflow_api.py took 0.053 seconds
[2026-09-17T01:02:20.560+0000] {processor.py:157} INFO - Started process (PID=26175) to work on /home/vscode/.local/lib/python3.10/site-packages/airflow/example_dags/tutorial_taskflow_api.py
[2026-09-17T01:02:20.561+0000] {processor.py:826} INFO - Processing file /home/vscode/.local/lib/python3.10/site-packages/airflow/example_dags/tutorial_taskflow_api.py for tasks to queue
[2026-09-17T01:02:20.561+0000] {logging_mixin.py:150} INFO - [2026-09-17T01:02:20.561+0000] {dagbag.py:541} INFO - Filling up the DagBag from /home/vscode/.local/lib/python3.10/site-packages/airflow/example_dags/tutorial_taskflow_api.py
[2026-09-17T01:02:20.567+0000] {processor.py:836} INFO - DAG(s) dict_keys(['tutorial_taskflow_api']) retrieved from /home/vscode/.local/lib/python3.10/site-packages/airflow/example_dags/tutorial_taskflow_api.py
[2026-09-17T01:02:20.582+0000] {logging_mixin.py:150} INFO - [2026-09-17T01:02:20.580+0000] {dag.py:2742} INFO - Sync 1 DAGs
[2026-09-17T01:02:20.603+0000] {logging_mixin.py:150} INFO - [2026-09-17T01:02:20.603+0000] {dag.py:3504} INFO - Setting next_dagrun for tutorial_taskflow_api to None, run_after=None
[2026-09-17T01:02:20.621+0000] {processor.py:179} INFO - Processing /home/vscode/.local/lib/python3.10/site-packages/airflow/example_dags/tutorial_taskflow_api.py took 0.063 seconds
[2026-09-17T01:02:41.056+0000] {processor.py:157} INFO - Started process (PID=26352) to work on /home/vscode/.local/lib/python3.10/site-packages/airflow/example_dags/tutorial_taskflow_api.py
[2026-09-17T01:02:41.056+0000] {processor.py:826} INFO - Processing file /home/vscode/.local/lib/python3.10/site-packages/airflow/example_dags/tutorial_taskflow_api.py for tasks to queue
[2026-09-17T01:02:41.057+0000] {logging_mixin.py:150} INFO - [2026-09-17T01:02:41.057+0000] {dagbag.py:541} INFO - Filling up the DagBag from /home/vscode/.local/lib/python3.10/site-packages/airflow/example_dags/tutorial_taskflow_api.py
[2026-09-17T01:02:41.062+0000] {processor.py:836} INFO - DAG(s) dict_keys(['tutorial_taskflow_api']) retrieved from /home/vscode/.local/lib/python3.10/site-packages/airflow/example_dags/tutorial_taskflow_api.py
[2026-09-17T01:02:41.075+0000] {logging_mixin.py:150} INFO - [2026-09-17T01:02:41.075+0000] {dag.py:2742} INFO - Sync 1 DAGs
[2026-09-17T01:02:41.092+0000] {logging_mixin.py:150} INFO - [2026-09-17T01:02:41.092+0000] {dag.py:3504} INFO - Setting next_dagrun for tutorial_taskflow_api to None, run_after=None
[2026-09-17T01:02:41.109+0000] {processor.py:179} INFO - Processing /home/vscode/.local/lib/python3.10/site-packages/airflow/example_dags/tutorial_taskflow_api.py took 0.056 seconds
[2026-09-17T01:03:07.439+0000] {processor.py:157} INFO - Started process (PID=26582) to work on /home/vscode/.local/lib/python3.10/site-packages/airflow/example_dags/tutorial_taskflow_api.py
[2026-09-17T01:03:07.441+0000] {processor.py:826} INFO - Processing file /home/vscode/.local/lib/python3.10/site-packages/airflow/example_dags/tutorial_taskflow_api.py for tasks to queue
[2026-09-17T01:03:07.442+0000] {logging_mixin.py:150} INFO - [2026-09-17T01:03:07.442+0000] {dagbag.py:541} INFO - Filling up the DagBag from /home/vscode/.local/lib/python3.10/site-packages/airflow/example_dags/tutorial_taskflow_api.py
[2026-09-17T01:03:07.450+0000] {processor.py:836} INFO - DAG(s) dict_keys(['tutorial_taskflow_api']) retrieved from /home/vscode/.local/lib/python3.10/site-packages/airflow/example_dags/tutorial_taskflow_api.py
[2026-09-17T01:03:07.463+0000] {logging_mixin.py:150} INFO - [2026-09-17T01:03:07.463+0000] {dag.py:2742} INFO - Sync 1 DAGs
[2026-09-17T01:03:07.477+0000] {logging_mixin.py:150} INFO - [2026-09-17T01:03:07.477+0000] {dag.py:3504} INFO - Setting next_dagrun for tutorial_taskflow_api to None, run_after=None
[2026-09-17T01:03:07.509+0000] {processor.py:179} INFO - Processing /home/vscode/.local/lib/python3.10/site-packages/airflow/example_dags/tutorial_taskflow_api.py took 0.074 seconds
[2026-09-17T01:03:17.185+0000] {processor.py:157} INFO - Started process (PID=26659) to work on /home/vscode/.local/lib/python3.10/site-packages/airflow/example_dags/tutorial_taskflow_api.py
[2026-09-17T01:03:17.186+0000] {processor.py:826} INFO - Processing file /home/vscode/.local/lib/python3.10/site-packages/airflow/example_dags/tutorial_taskflow_api.py for tasks to queue
[2026-09-17T01:03:17.187+0000] {logging_mixin.py:150} INFO - [2026-09-17T01:03:17.186+0000] {dagbag.py:541} INFO - Filling up the DagBag from /home/vscode/.local/lib/python3.10/site-packages/airflow/example_dags/tutorial_taskflow_api.py
[2026-09-17T01:03:17.193+0000] {processor.py:836} INFO - DAG(s) dict_keys(['tutorial_taskflow_api']) retrieved from /home/vscode/.local/lib/python3.10/site-packages/airflow/example_dags/tutorial_taskflow_api.py
[2026-09-17T01:03:17.208+0000] {logging_mixin.py:150} INFO - [2026-09-17T01:03:17.208+0000] {dag.py:2742} INFO - Sync 1 DAGs
[2026-09-17T01:03:17.223+0000] {logging_mixin.py:150} INFO - [2026-09-17T01:03:17.223+0000] {dag.py:3504} INFO - Setting next_dagrun for tutorial_taskflow_api to None, run_after=None
[2026-09-17T01:03:17.240+0000] {processor.py:179} INFO - Processing /home/vscode/.local/lib/python3.10/site-packages/airflow/example_dags/tutorial_taskflow_api.py took 0.059 seconds
[2026-09-17T01:03:50.419+0000] {processor.py:157} INFO - Started process (PID=26946) to work on /home/vscode/.local/lib/python3.10/site-packages/airflow/example_dags/tutorial_taskflow_api.py
[2026-09-17T01:03:50.420+0000] {processor.py:826} INFO - Processing file /home/vscode/.local/lib/python3.10/site-packages/airflow/example_dags/tutorial_taskflow_api.py for tasks to queue
[2026-09-17T01:03:50.423+0000] {logging_mixin.py:150} INFO - [2026-09-17T01:03:50.423+0000] {dagbag.py:541} INFO - Filling up the DagBag from /home/vscode/.local/lib/python3.10/site-packages/airflow/example_dags/tutorial_taskflow_api.py
[2026-09-17T01:03:50.437+0000] {processor.py:836} INFO - DAG(s) dict_keys(['tutorial_taskflow_api']) retrieved from /home/vscode/.local/lib/python3.10/site-packages/airflow/example_dags/tutorial_taskflow_api.py
[2026-09-17T01:03:50.478+0000] {logging_mixin.py:150} INFO - [2026-09-17T01:03:50.478+0000] {dag.py:2742} INFO - Sync 1 DAGs
[2026-09-17T01:03:50.511+0000] {logging_mixin.py:150} INFO - [2026-09-17T01:03:50.510+0000] {dag.py:3504} INFO - Setting next_dagrun for tutorial_taskflow_api to None, run_after=None
[2026-09-17T01:03:50.531+0000] {processor.py:179} INFO - Processing /home/vscode/.local/lib/python3.10/site-packages/airflow/example_dags/tutorial_taskflow_api.py took 0.119 seconds
[2026-09-17T01:03:55.464+0000] {processor.py:157} INFO - Started process (PID=26988) to work on /home/vscode/.local/lib/python3.10/site-packages/airflow/example_dags/tutorial_taskflow_api.py
[2026-09-17T01:03:55.464+0000] {processor.py:826} INFO - Processing file /home/vscode/.local/lib/python3.10/site-packages/airflow/example_dags/tutorial_taskflow_api.py for tasks to queue
[2026-09-17T01:03:55.465+0000] {logging_mixin.py:150} INFO - [2026-09-17T01:03:55.465+0000] {dagbag.py:541} INFO - Filling up the DagBag from /home/vscode/.local/lib/python3.10/site-packages/airflow/example_dags/tutorial_taskflow_api.py
[2026-09-17T01:03:55.470+0000] {processor.py:836} INFO - DAG(s) dict_keys(['tutorial_taskflow_api']) retrieved from /home/vscode/.local/lib/python3.10/site-packages/airflow/example_dags/tutorial_taskflow_api.py
[2026-09-17T01:03:55.488+0000] {logging_mixin.py:150} INFO - [2026-09-17T01:03:55.488+0000] {dag.py:2742} INFO - Sync 1 DAGs
[2026-09-17T01:03:55.508+0000] {logging_mixin.py:150} INFO - [2026-09-17T01:03:55.508+0000] {dag.py:3504} INFO - Setting next_dagrun for tutorial_taskflow_api to None, run_after=None
[2026-09-17T01:03:55.524+0000] {processor.py:179} INFO - Processing /home/vscode/.local/lib/python3.10/site-packages/airflow/example_dags/tutorial_taskflow_api.py took 0.063 seconds
[2026-09-17T01:04:25.440+0000] {processor.py:157} INFO - Started process (PID=27240) to work on /home/vscode/.local/lib/python3.10/site-packages/airflow/example_dags/tutorial_taskflow_api.py
[2026-09-17T01:04:25.441+0000] {processor.py:826} INFO - Processing file /home/vscode/.local/lib/python3.10/site-packages/airflow/example_dags/tutorial_taskflow_api.py for tasks to queue
[2026-09-17T01:04:25.441+0000] {logging_mixin.py:150} INFO - [2026-09-17T01:04:25.441+0000] {dagbag.py:541} INFO - Filling up the DagBag from /home/vscode/.local/lib/python3.10/site-packages/airflow/example_dags/tutorial_taskflow_api.py
[2026-09-17T01:04:25.446+0000] {processor.py:836} INFO - DAG(s) dict_keys(['tutorial_taskflow_api']) retrieved from /home/vscode/.local/lib/python3.10/site-packages/airflow/example_dags/tutorial_taskflow_api.py
[2026-09-17T01:04:25.459+0000] {logging_mixin.py:150} INFO - [2026-09-17T01:04:25.459+0000] {dag.py:2742} INFO - Sync 1 DAGs
[2026-09-17T01:04:25.475+0000] {logging_mixin.py:150} INFO - [2026-09-17T01:04:25.474+0000] {dag.py:3504} INFO - Setting next_dagrun for tutorial_taskflow_api to None, run_after=None
[2026-09-17T01:04:25.499+0000] {processor.py:179} INFO - Processing /home/vscode/.local/lib/python3.10/site-packages/airflow/example_dags/tutorial_taskflow_api.py took 0.061 seconds
[2026-09-17T01:04:30.340+0000] {processor.py:157} INFO - Started process (PID=27285) to work on /home/vscode/.local/lib/python3.10/site-packages/airflow/example_dags/tutorial_taskflow_api.py
[2026-09-17T01:04:30.341+0000] {processor.py:826} INFO - Processing file /home/vscode/.local/lib/python3.10/site-packages/airflow/example_dags/tutorial_taskflow_api.py for tasks to queue
[2026-09-17T01:04:30.342+0000] {logging_mixin.py:150} INFO - [2026-09-17T01:04:30.341+0000] {dagbag.py:541} INFO - Filling up the DagBag from /home/vscode/.local/lib/python3.10/site-packages/airflow/example_dags/tutorial_taskflow_api.py
[2026-09-17T01:04:30.347+0000] {processor.py:836} INFO - DAG(s) dict_keys(['tutorial_taskflow_api']) retrieved from /home/vscode/.local/lib/python3.10/site-packages/airflow/example_dags/tutorial_taskflow_api.py
[2026-09-17T01:04:30.360+0000] {logging_mixin.py:150} INFO - [2026-09-17T01:04:30.359+0000] {dag.py:2742} INFO - Sync 1 DAGs
[2026-09-17T01:04:30.374+0000] {logging_mixin.py:150} INFO - [2026-09-17T01:04:30.374+0000] {dag.py:3504} INFO - Setting next_dagrun for tutorial_taskflow_api to None, run_after=None
[2026-09-17T01:04:30.393+0000] {processor.py:179} INFO - Processing /home/vscode/.local/lib/python3.10/site-packages/airflow/example_dags/tutorial_taskflow_api.py took 0.055 seconds
[2026-09-17T01:05:04.317+0000] {processor.py:157} INFO - Started process (PID=27569) to work on /home/vscode/.local/lib/python3.10/site-packages/airflow/example_dags/tutorial_taskflow_api.py
[2026-09-17T01:05:04.317+0000] {processor.py:826} INFO - Processing file /home/vscode/.local/lib/python3.10/site-packages/airflow/example_dags/tutorial_taskflow_api.py for tasks to queue
[2026-09-17T01:05:04.318+0000] {logging_mixin.py:150} INFO - [2026-09-17T01:05:04.318+0000] {dagbag.py:541} INFO - Filling up the DagBag from /home/vscode/.local/lib/python3.10/site-packages/airflow/example_dags/tutorial_taskflow_api.py
[2026-09-17T01:05:04.327+0000] {processor.py:836} INFO - DAG(s) dict_keys(['tutorial_taskflow_api']) retrieved from /home/vscode/.local/lib/python3.10/site-packages/airflow/example_dags/tutorial_taskflow_api.py
[2026-09-17T01:05:04.349+0000] {logging_mixin.py:150} INFO - [2026-09-17T01:05:04.349+0000] {dag.py:2742} INFO - Sync 1 DAGs
[2026-09-17T01:05:04.364+0000] {logging_mixin.py:150} INFO - [2026-09-17T01:05:04.364+0000] {dag.py:3504} INFO - Setting next_dagrun for tutorial_taskflow_api to None, run_after=None
[2026-09-17T01:05:04.381+0000] {processor.py:179} INFO - Processing /home/vscode/.local/lib/python3.10/site-packages/airflow/example_dags/tutorial_taskflow_api.py took 0.067 seconds
[2026-09-17T01:05:13.807+0000] {processor.py:157} INFO - Started process (PID=27648) to work on /home/vscode/.local/lib/python3.10/site-packages/airflow/example_dags/tutorial_taskflow_api.py
[2026-09-17T01:05:13.807+0000] {processor.py:826} INFO - Processing file /home/vscode/.local/lib/python3.10/site-packages/airflow/example_dags/tutorial_taskflow_api.py for tasks to queue
[2026-09-17T01:05:13.808+0000] {logging_mixin.py:150} INFO - [2026-09-17T01:05:13.808+0000] {dagbag.py:541} INFO - Filling up the DagBag from /home/vscode/.local/lib/python3.10/site-packages/airflow/example_dags/tutorial_taskflow_api.py
[2026-09-17T01:05:13.813+0000] {processor.py:836} INFO - DAG(s) dict_keys(['tutorial_taskflow_api']) retrieved from /home/vscode/.local/lib/python3.10/site-packages/airflow/example_dags/tutorial_taskflow_api.py
[2026-09-17T01:05:13.826+0000] {logging_mixin.py:150} INFO - [2026-09-17T01:05:13.826+0000] {dag.py:2742} INFO - Sync 1 DAGs
[2026-09-17T01:05:13.840+0000] {logging_mixin.py:150} INFO - [2026-09-17T01:05:13.840+0000] {dag.py:3504} INFO - Setting next_dagrun for tutorial_taskflow_api to None, run_after=None
[2026-09-17T01:05:13.856+0000] {processor.py:179} INFO - Processing /home/vscode/.local/lib/python3.10/site-packages/airflow/example_dags/tutorial_taskflow_api.py took 0.051 seconds
[2026-09-17T01:05:37.581+0000] {processor.py:157} INFO - Started process (PID=27852) to work on /home/vscode/.local/lib/python3.10/site-packages/airflow/example_dags/tutorial_taskflow_api.py
[2026-09-17T01:05:37.581+0000] {processor.py:826} INFO - Processing file /home/vscode/.local/lib/python3.10/site-packages/airflow/example_dags/tutorial_taskflow_api.py for tasks to queue
[2026-09-17T01:05:37.582+0000] {logging_mixin.py:150} INFO - [2026-09-17T01:05:37.582+0000] {dagbag.py:541} INFO - Filling up the DagBag from /home/vscode/.local/lib/python3.10/site-packages/airflow/example_dags/tutorial_taskflow_api.py
[2026-09-17T01:05:37.589+0000] {processor.py:836} INFO - DAG(s) dict_keys(['tutorial_taskflow_api']) retrieved from /home/vscode/.local/lib/python3.10/site-packages/airflow/example_dags/tutorial_taskflow_api.py
[2026-09-17T01:05:37.605+0000] {logging_mixin.py:150} INFO - [2026-09-17T01:05:37.605+0000] {dag.py:2742} INFO - Sync 1 DAGs
[2026-09-17T01:05:37.619+0000] {logging_mixin.py:150} INFO - [2026-09-17T01:05:37.619+0000] {dag.py:3504} INFO - Setting next_dagrun for tutorial_taskflow_api to None, run_after=None
[2026-09-17T01:05:37.636+0000] {processor.py:179} INFO - Processing /home/vscode/.local/lib/python3.10/site-packages/airflow/example_dags/tutorial_taskflow_api.py took 0.058 seconds
[2026-09-17T01:06:00.045+0000] {processor.py:157} INFO - Started process (PID=28081) to work on /home/vscode/.local/lib/python3.10/site-packages/airflow/example_dags/tutorial_taskflow_api.py
[2026-09-17T01:06:00.046+0000] {processor.py:826} INFO - Processing file /home/vscode/.local/lib/python3.10/site-packages/airflow/example_dags/tutorial_taskflow_api.py for tasks to queue
[2026-09-17T01:06:00.047+0000] {logging_mixin.py:150} INFO - [2026-09-17T01:06:00.047+0000] {dagbag.py:541} INFO - Filling up the DagBag from /home/vscode/.local/lib/python3.10/site-packages/airflow/example_dags/tutorial_taskflow_api.py
[2026-09-17T01:06:00.055+0000] {processor.py:836} INFO - DAG(s) dict_keys(['tutorial_taskflow_api']) retrieved from /home/vscode/.local/lib/python3.10/site-packages/airflow/example_dags/tutorial_taskflow_api.py
[2026-09-17T01:06:00.075+0000] {logging_mixin.py:150} INFO - [2026-09-17T01:06:00.074+0000] {dag.py:2742} INFO - Sync 1 DAGs
[2026-09-17T01:06:00.092+0000] {logging_mixin.py:150} INFO - [2026-09-17T01:06:00.092+0000] {dag.py:3504} INFO - Setting next_dagrun for tutorial_taskflow_api to None, run_after=None
[2026-09-17T01:06:00.109+0000] {processor.py:179} INFO - Processing /home/vscode/.local/lib/python3.10/site-packages/airflow/example_dags/tutorial_taskflow_api.py took 0.066 seconds
[2026-09-17T01:06:11.147+0000] {processor.py:157} INFO - Started process (PID=28167) to work on /home/vscode/.local/lib/python3.10/site-packages/airflow/example_dags/tutorial_taskflow_api.py
[2026-09-17T01:06:11.147+0000] {processor.py:826} INFO - Processing file /home/vscode/.local/lib/python3.10/site-packages/airflow/example_dags/tutorial_taskflow_api.py for tasks to queue
[2026-09-17T01:06:11.148+0000] {logging_mixin.py:150} INFO - [2026-09-17T01:06:11.148+0000] {dagbag.py:541} INFO - Filling up the DagBag from /home/vscode/.local/lib/python3.10/site-packages/airflow/example_dags/tutorial_taskflow_api.py
[2026-09-17T01:06:11.153+0000] {processor.py:836} INFO - DAG(s) dict_keys(['tutorial_taskflow_api']) retrieved from /home/vscode/.local/lib/python3.10/site-packages/airflow/example_dags/tutorial_taskflow_api.py
[2026-09-17T01:06:11.166+0000] {logging_mixin.py:150} INFO - [2026-09-17T01:06:11.166+0000] {dag.py:2742} INFO - Sync 1 DAGs
[2026-09-17T01:06:11.181+0000] {logging_mixin.py:150} INFO - [2026-09-17T01:06:11.181+0000] {dag.py:3504} INFO - Setting next_dagrun for tutorial_taskflow_api to None, run_after=None
[2026-09-17T01:06:11.202+0000] {processor.py:179} INFO - Processing /home/vscode/.local/lib/python3.10/site-packages/airflow/example_dags/tutorial_taskflow_api.py took 0.058 seconds
[2026-09-17T01:06:34.940+0000] {processor.py:157} INFO - Started process (PID=28363) to work on /home/vscode/.local/lib/python3.10/site-packages/airflow/example_dags/tutorial_taskflow_api.py
[2026-09-17T01:06:34.941+0000] {processor.py:826} INFO - Processing file /home/vscode/.local/lib/python3.10/site-packages/airflow/example_dags/tutorial_taskflow_api.py for tasks to queue
[2026-09-17T01:06:34.942+0000] {logging_mixin.py:150} INFO - [2026-09-17T01:06:34.941+0000] {dagbag.py:541} INFO - Filling up the DagBag from /home/vscode/.local/lib/python3.10/site-packages/airflow/example_dags/tutorial_taskflow_api.py
[2026-09-17T01:06:34.949+0000] {processor.py:836} INFO - DAG(s) dict_keys(['tutorial_taskflow_api']) retrieved from /home/vscode/.local/lib/python3.10/site-packages/airflow/example_dags/tutorial_taskflow_api.py
[2026-09-17T01:06:34.972+0000] {logging_mixin.py:150} INFO - [2026-09-17T01:06:34.971+0000] {dag.py:2742} INFO - Sync 1 DAGs
[2026-09-17T01:06:34.992+0000] {logging_mixin.py:150} INFO - [2026-09-17T01:06:34.992+0000] {dag.py:3504} INFO - Setting next_dagrun for tutorial_taskflow_api to None, run_after=None
[2026-09-17T01:06:35.014+0000] {processor.py:179} INFO - Processing /home/vscode/.local/lib/python3.10/site-packages/airflow/example_dags/tutorial_taskflow_api.py took 0.076 seconds
[2026-09-17T01:06:58.518+0000] {processor.py:157} INFO - Started process (PID=28573) to work on /home/vscode/.local/lib/python3.10/site-packages/airflow/example_dags/tutorial_taskflow_api.py
[2026-09-17T01:06:58.520+0000] {processor.py:826} INFO - Processing file /home/vscode/.local/lib/python3.10/site-packages/airflow/example_dags/tutorial_taskflow_api.py for tasks to queue
[2026-09-17T01:06:58.521+0000] {logging_mixin.py:150} INFO - [2026-09-17T01:06:58.520+0000] {dagbag.py:541} INFO - Filling up the DagBag from /home/vscode/.local/lib/python3.10/site-packages/airflow/example_dags/tutorial_taskflow_api.py
[2026-09-17T01:06:58.527+0000] {processor.py:836} INFO - DAG(s) dict_keys(['tutorial_taskflow_api']) retrieved from /home/vscode/.local/lib/python3.10/site-packages/airflow/example_dags/tutorial_taskflow_api.py
[2026-09-17T01:06:58.540+0000] {logging_mixin.py:150} INFO - [2026-09-17T01:06:58.540+0000] {dag.py:2742} INFO - Sync 1 DAGs
[2026-09-17T01:06:58.554+0000] {logging_mixin.py:150} INFO - [2026-09-17T01:06:58.554+0000] {dag.py:3504} INFO - Setting next_dagrun for tutorial_taskflow_api to None, run_after=None
[2026-09-17T01:06:58.571+0000] {processor.py:179} INFO - Processing /home/vscode/.local/lib/python3.10/site-packages/airflow/example_dags/tutorial_taskflow_api.py took 0.059 seconds
[2026-09-17T01:07:09.176+0000] {processor.py:157} INFO - Started process (PID=28666) to work on /home/vscode/.local/lib/python3.10/site-packages/airflow/example_dags/tutorial_taskflow_api.py
[2026-09-17T01:07:09.177+0000] {processor.py:826} INFO - Processing file /home/vscode/.local/lib/python3.10/site-packages/airflow/example_dags/tutorial_taskflow_api.py for tasks to queue
[2026-09-17T01:07:09.177+0000] {logging_mixin.py:150} INFO - [2026-09-17T01:07:09.177+0000] {dagbag.py:541} INFO - Filling up the DagBag from /home/vscode/.local/lib/python3.10/site-packages/airflow/example_dags/tutorial_taskflow_api.py
[2026-09-17T01:07:09.184+0000] {processor.py:836} INFO - DAG(s) dict_keys(['tutorial_taskflow_api']) retrieved from /home/vscode/.local/lib/python3.10/site-packages/airflow/example_dags/tutorial_taskflow_api.py
[2026-09-17T01:07:09.201+0000] {logging_mixin.py:150} INFO - [2026-09-17T01:07:09.201+0000] {dag.py:2742} INFO - Sync 1 DAGs
[2026-09-17T01:07:09.218+0000] {logging_mixin.py:150} INFO - [2026-09-17T01:07:09.218+0000] {dag.py:3504} INFO - Setting next_dagrun for tutorial_taskflow_api to None, run_after=None
[2026-09-17T01:07:09.257+0000] {processor.py:179} INFO - Processing /home/vscode/.local/lib/python3.10/site-packages/airflow/example_dags/tutorial_taskflow_api.py took 0.084 seconds
[2026-09-17T01:07:33.267+0000] {processor.py:157} INFO - Started process (PID=28860) to work on /home/vscode/.local/lib/python3.10/site-packages/airflow/example_dags/tutorial_taskflow_api.py
[2026-09-17T01:07:33.267+0000] {processor.py:826} INFO - Processing file /home/vscode/.local/lib/python3.10/site-packages/airflow/example_dags/tutorial_taskflow_api.py for tasks to queue
[2026-09-17T01:07:33.268+0000] {logging_mixin.py:150} INFO - [2026-09-17T01:07:33.268+0000] {dagbag.py:541} INFO - Filling up the DagBag from /home/vscode/.local/lib/python3.10/site-packages/airflow/example_dags/tutorial_taskflow_api.py
[2026-09-17T01:07:33.275+0000] {processor.py:836} INFO - DAG(s) dict_keys(['tutorial_taskflow_api']) retrieved from /home/vscode/.local/lib/python3.10/site-packages/airflow/example_dags/tutorial_taskflow_api.py
[2026-09-17T01:07:33.292+0000] {logging_mixin.py:150} INFO - [2026-09-17T01:07:33.292+0000] {dag.py:2742} INFO - Sync 1 DAGs
[2026-09-17T01:07:33.309+0000] {logging_mixin.py:150} INFO - [2026-09-17T01:07:33.308+0000] {dag.py:3504} INFO - Setting next_dagrun for tutorial_taskflow_api to None, run_after=None
[2026-09-17T01:07:33.325+0000] {processor.py:179} INFO - Processing /home/vscode/.local/lib/python3.10/site-packages/airflow/example_dags/tutorial_taskflow_api.py took 0.061 seconds
[2026-09-17T01:07:57.181+0000] {processor.py:157} INFO - Started process (PID=29064) to work on /home/vscode/.local/lib/python3.10/site-packages/airflow/example_dags/tutorial_taskflow_api.py
[2026-09-17T01:07:57.182+0000] {processor.py:826} INFO - Processing file /home/vscode/.local/lib/python3.10/site-packages/airflow/example_dags/tutorial_taskflow_api.py for tasks to queue
[2026-09-17T01:07:57.183+0000] {logging_mixin.py:150} INFO - [2026-09-17T01:07:57.182+0000] {dagbag.py:541} INFO - Filling up the DagBag from /home/vscode/.local/lib/python3.10/site-packages/airflow/example_dags/tutorial_taskflow_api.py
[2026-09-17T01:07:57.189+0000] {processor.py:836} INFO - DAG(s) dict_keys(['tutorial_taskflow_api']) retrieved from /home/vscode/.local/lib/python3.10/site-packages/airflow/example_dags/tutorial_taskflow_api.py
[2026-09-17T01:07:57.207+0000] {logging_mixin.py:150} INFO - [2026-09-17T01:07:57.207+0000] {dag.py:2742} INFO - Sync 1 DAGs
[2026-09-17T01:07:57.225+0000] {logging_mixin.py:150} INFO - [2026-09-17T01:07:57.225+0000] {dag.py:3504} INFO - Setting next_dagrun for tutorial_taskflow_api to None, run_after=None
[2026-09-17T01:07:57.244+0000] {processor.py:179} INFO - Processing /home/vscode/.local/lib/python3.10/site-packages/airflow/example_dags/tutorial_taskflow_api.py took 0.066 seconds
[2026-09-17T01:08:07.415+0000] {processor.py:157} INFO - Started process (PID=29145) to work on /home/vscode/.local/lib/python3.10/site-packages/airflow/example_dags/tutorial_taskflow_api.py
[2026-09-17T01:08:07.416+0000] {processor.py:826} INFO - Processing file /home/vscode/.local/lib/python3.10/site-packages/airflow/example_dags/tutorial_taskflow_api.py for tasks to queue
[2026-09-17T01:08:07.417+0000] {logging_mixin.py:150} INFO - [2026-09-17T01:08:07.417+0000] {dagbag.py:541} INFO - Filling up the DagBag from /home/vscode/.local/lib/python3.10/site-packages/airflow/example_dags/tutorial_taskflow_api.py
[2026-09-17T01:08:07.422+0000] {processor.py:836} INFO - DAG(s) dict_keys(['tutorial_taskflow_api']) retrieved from /home/vscode/.local/lib/python3.10/site-packages/airflow/example_dags/tutorial_taskflow_api.py
[2026-09-17T01:08:07.435+0000] {logging_mixin.py:150} INFO - [2026-09-17T01:08:07.435+0000] {dag.py:2742} INFO - Sync 1 DAGs
[2026-09-17T01:08:07.453+0000] {logging_mixin.py:150} INFO - [2026-09-17T01:08:07.452+0000] {dag.py:3504} INFO - Setting next_dagrun for tutorial_taskflow_api to None, run_after=None
[2026-09-17T01:08:07.482+0000] {processor.py:179} INFO - Processing /home/vscode/.local/lib/python3.10/site-packages/airflow/example_dags/tutorial_taskflow_api.py took 0.069 seconds
[2026-09-17T01:08:31.022+0000] {processor.py:157} INFO - Started process (PID=29352) to work on /home/vscode/.local/lib/python3.10/site-packages/airflow/example_dags/tutorial_taskflow_api.py
[2026-09-17T01:08:31.022+0000] {processor.py:826} INFO - Processing file /home/vscode/.local/lib/python3.10/site-packages/airflow/example_dags/tutorial_taskflow_api.py for tasks to queue
[2026-09-17T01:08:31.023+0000] {logging_mixin.py:150} INFO - [2026-09-17T01:08:31.023+0000] {dagbag.py:541} INFO - Filling up the DagBag from /home/vscode/.local/lib/python3.10/site-packages/airflow/example_dags/tutorial_taskflow_api.py
[2026-09-17T01:08:31.028+0000] {processor.py:836} INFO - DAG(s) dict_keys(['tutorial_taskflow_api']) retrieved from /home/vscode/.local/lib/python3.10/site-packages/airflow/example_dags/tutorial_taskflow_api.py
[2026-09-17T01:08:31.041+0000] {logging_mixin.py:150} INFO - [2026-09-17T01:08:31.041+0000] {dag.py:2742} INFO - Sync 1 DAGs
[2026-09-17T01:08:31.056+0000] {logging_mixin.py:150} INFO - [2026-09-17T01:08:31.056+0000] {dag.py:3504} INFO - Setting next_dagrun for tutorial_taskflow_api to None, run_after=None
[2026-09-17T01:08:31.072+0000] {processor.py:179} INFO - Processing /home/vscode/.local/lib/python3.10/site-packages/airflow/example_dags/tutorial_taskflow_api.py took 0.053 seconds
[2026-09-17T01:08:54.821+0000] {processor.py:157} INFO - Started process (PID=29564) to work on /home/vscode/.local/lib/python3.10/site-packages/airflow/example_dags/tutorial_taskflow_api.py
[2026-09-17T01:08:54.822+0000] {processor.py:826} INFO - Processing file /home/vscode/.local/lib/python3.10/site-packages/airflow/example_dags/tutorial_taskflow_api.py for tasks to queue
[2026-09-17T01:08:54.822+0000] {logging_mixin.py:150} INFO - [2026-09-17T01:08:54.822+0000] {dagbag.py:541} INFO - Filling up the DagBag from /home/vscode/.local/lib/python3.10/site-packages/airflow/example_dags/tutorial_taskflow_api.py
[2026-09-17T01:08:54.827+0000] {processor.py:836} INFO - DAG(s) dict_keys(['tutorial_taskflow_api']) retrieved from /home/vscode/.local/lib/python3.10/site-packages/airflow/example_dags/tutorial_taskflow_api.py
[2026-09-17T01:08:54.840+0000] {logging_mixin.py:150} INFO - [2026-09-17T01:08:54.840+0000] {dag.py:2742} INFO - Sync 1 DAGs
[2026-09-17T01:08:54.855+0000] {logging_mixin.py:150} INFO - [2026-09-17T01:08:54.855+0000] {dag.py:3504} INFO - Setting next_dagrun for tutorial_taskflow_api to None, run_after=None
[2026-09-17T01:08:54.872+0000] {processor.py:179} INFO - Processing /home/vscode/.local/lib/python3.10/site-packages/airflow/example_dags/tutorial_taskflow_api.py took 0.054 seconds
[2026-09-17T01:09:20.551+0000] {processor.py:157} INFO - Started process (PID=29773) to work on /home/vscode/.local/lib/python3.10/site-packages/airflow/example_dags/tutorial_taskflow_api.py
[2026-09-17T01:09:20.552+0000] {processor.py:826} INFO - Processing file /home/vscode/.local/lib/python3.10/site-packages/airflow/example_dags/tutorial_taskflow_api.py for tasks to queue
[2026-09-17T01:09:20.553+0000] {logging_mixin.py:150} INFO - [2026-09-17T01:09:20.552+0000] {dagbag.py:541} INFO - Filling up the DagBag from /home/vscode/.local/lib/python3.10/site-packages/airflow/example_dags/tutorial_taskflow_api.py
[2026-09-17T01:09:20.560+0000] {processor.py:836} INFO - DAG(s) dict_keys(['tutorial_taskflow_api']) retrieved from /home/vscode/.local/lib/python3.10/site-packages/airflow/example_dags/tutorial_taskflow_api.py
[2026-09-17T01:09:20.592+0000] {logging_mixin.py:150} INFO - [2026-09-17T01:09:20.592+0000] {dag.py:2742} INFO - Sync 1 DAGs
[2026-09-17T01:09:20.622+0000] {logging_mixin.py:150} INFO - [2026-09-17T01:09:20.621+0000] {dag.py:3504} INFO - Setting next_dagrun for tutorial_taskflow_api to None, run_after=None
[2026-09-17T01:09:20.641+0000] {processor.py:179} INFO - Processing /home/vscode/.local/lib/python3.10/site-packages/airflow/example_dags/tutorial_taskflow_api.py took 0.094 seconds
[2026-09-17T01:09:41.775+0000] {processor.py:157} INFO - Started process (PID=29960) to work on /home/vscode/.local/lib/python3.10/site-packages/airflow/example_dags/tutorial_taskflow_api.py
[2026-09-17T01:09:41.776+0000] {processor.py:826} INFO - Processing file /home/vscode/.local/lib/python3.10/site-packages/airflow/example_dags/tutorial_taskflow_api.py for tasks to queue
[2026-09-17T01:09:41.777+0000] {logging_mixin.py:150} INFO - [2026-09-17T01:09:41.776+0000] {dagbag.py:541} INFO - Filling up the DagBag from /home/vscode/.local/lib/python3.10/site-packages/airflow/example_dags/tutorial_taskflow_api.py
[2026-09-17T01:09:41.783+0000] {processor.py:836} INFO - DAG(s) dict_keys(['tutorial_taskflow_api']) retrieved from /home/vscode/.local/lib/python3.10/site-packages/airflow/example_dags/tutorial_taskflow_api.py
[2026-09-17T01:09:41.800+0000] {logging_mixin.py:150} INFO - [2026-09-17T01:09:41.800+0000] {dag.py:2742} INFO - Sync 1 DAGs
[2026-09-17T01:09:41.817+0000] {logging_mixin.py:150} INFO - [2026-09-17T01:09:41.817+0000] {dag.py:3504} INFO - Setting next_dagrun for tutorial_taskflow_api to None, run_after=None
[2026-09-17T01:09:41.847+0000] {processor.py:179} INFO - Processing /home/vscode/.local/lib/python3.10/site-packages/airflow/example_dags/tutorial_taskflow_api.py took 0.074 seconds
[2026-09-17T01:09:54.655+0000] {processor.py:157} INFO - Started process (PID=30071) to work on /home/vscode/.local/lib/python3.10/site-packages/airflow/example_dags/tutorial_taskflow_api.py
[2026-09-17T01:09:54.656+0000] {processor.py:826} INFO - Processing file /home/vscode/.local/lib/python3.10/site-packages/airflow/example_dags/tutorial_taskflow_api.py for tasks to queue
[2026-09-17T01:09:54.657+0000] {logging_mixin.py:150} INFO - [2026-09-17T01:09:54.656+0000] {dagbag.py:541} INFO - Filling up the DagBag from /home/vscode/.local/lib/python3.10/site-packages/airflow/example_dags/tutorial_taskflow_api.py
[2026-09-17T01:09:54.664+0000] {processor.py:836} INFO - DAG(s) dict_keys(['tutorial_taskflow_api']) retrieved from /home/vscode/.local/lib/python3.10/site-packages/airflow/example_dags/tutorial_taskflow_api.py
[2026-09-17T01:09:54.738+0000] {logging_mixin.py:150} INFO - [2026-09-17T01:09:54.737+0000] {dag.py:2742} INFO - Sync 1 DAGs
[2026-09-17T01:09:54.753+0000] {logging_mixin.py:150} INFO - [2026-09-17T01:09:54.753+0000] {dag.py:3504} INFO - Setting next_dagrun for tutorial_taskflow_api to None, run_after=None
[2026-09-17T01:09:54.769+0000] {processor.py:179} INFO - Processing /home/vscode/.local/lib/python3.10/site-packages/airflow/example_dags/tutorial_taskflow_api.py took 0.117 seconds
[2026-09-17T01:10:27.158+0000] {processor.py:157} INFO - Started process (PID=30341) to work on /home/vscode/.local/lib/python3.10/site-packages/airflow/example_dags/tutorial_taskflow_api.py
[2026-09-17T01:10:27.158+0000] {processor.py:826} INFO - Processing file /home/vscode/.local/lib/python3.10/site-packages/airflow/example_dags/tutorial_taskflow_api.py for tasks to queue
[2026-09-17T01:10:27.159+0000] {logging_mixin.py:150} INFO - [2026-09-17T01:10:27.159+0000] {dagbag.py:541} INFO - Filling up the DagBag from /home/vscode/.local/lib/python3.10/site-packages/airflow/example_dags/tutorial_taskflow_api.py
[2026-09-17T01:10:27.164+0000] {processor.py:836} INFO - DAG(s) dict_keys(['tutorial_taskflow_api']) retrieved from /home/vscode/.local/lib/python3.10/site-packages/airflow/example_dags/tutorial_taskflow_api.py
[2026-09-17T01:10:27.176+0000] {logging_mixin.py:150} INFO - [2026-09-17T01:10:27.176+0000] {dag.py:2742} INFO - Sync 1 DAGs
[2026-09-17T01:10:27.190+0000] {logging_mixin.py:150} INFO - [2026-09-17T01:10:27.190+0000] {dag.py:3504} INFO - Setting next_dagrun for tutorial_taskflow_api to None, run_after=None
[2026-09-17T01:10:27.207+0000] {processor.py:179} INFO - Processing /home/vscode/.local/lib/python3.10/site-packages/airflow/example_dags/tutorial_taskflow_api.py took 0.052 seconds
[2026-09-17T01:10:44.175+0000] {processor.py:157} INFO - Started process (PID=30526) to work on /home/vscode/.local/lib/python3.10/site-packages/airflow/example_dags/tutorial_taskflow_api.py
[2026-09-17T01:10:44.175+0000] {processor.py:826} INFO - Processing file /home/vscode/.local/lib/python3.10/site-packages/airflow/example_dags/tutorial_taskflow_api.py for tasks to queue
[2026-09-17T01:10:44.176+0000] {logging_mixin.py:150} INFO - [2026-09-17T01:10:44.176+0000] {dagbag.py:541} INFO - Filling up the DagBag from /home/vscode/.local/lib/python3.10/site-packages/airflow/example_dags/tutorial_taskflow_api.py
[2026-09-17T01:10:44.183+0000] {processor.py:836} INFO - DAG(s) dict_keys(['tutorial_taskflow_api']) retrieved from /home/vscode/.local/lib/python3.10/site-packages/airflow/example_dags/tutorial_taskflow_api.py
[2026-09-17T01:10:44.199+0000] {logging_mixin.py:150} INFO - [2026-09-17T01:10:44.199+0000] {dag.py:2742} INFO - Sync 1 DAGs
[2026-09-17T01:10:44.213+0000] {logging_mixin.py:150} INFO - [2026-09-17T01:10:44.212+0000] {dag.py:3504} INFO - Setting next_dagrun for tutorial_taskflow_api to None, run_after=None
[2026-09-17T01:10:44.230+0000] {processor.py:179} INFO - Processing /home/vscode/.local/lib/python3.10/site-packages/airflow/example_dags/tutorial_taskflow_api.py took 0.058 seconds
[2026-09-17T01:11:02.755+0000] {processor.py:157} INFO - Started process (PID=30685) to work on /home/vscode/.local/lib/python3.10/site-packages/airflow/example_dags/tutorial_taskflow_api.py
[2026-09-17T01:11:02.756+0000] {processor.py:826} INFO - Processing file /home/vscode/.local/lib/python3.10/site-packages/airflow/example_dags/tutorial_taskflow_api.py for tasks to queue
[2026-09-17T01:11:02.757+0000] {logging_mixin.py:150} INFO - [2026-09-17T01:11:02.757+0000] {dagbag.py:541} INFO - Filling up the DagBag from /home/vscode/.local/lib/python3.10/site-packages/airflow/example_dags/tutorial_taskflow_api.py
[2026-09-17T01:11:02.763+0000] {processor.py:836} INFO - DAG(s) dict_keys(['tutorial_taskflow_api']) retrieved from /home/vscode/.local/lib/python3.10/site-packages/airflow/example_dags/tutorial_taskflow_api.py
[2026-09-17T01:11:02.782+0000] {logging_mixin.py:150} INFO - [2026-09-17T01:11:02.781+0000] {dag.py:2742} INFO - Sync 1 DAGs
[2026-09-17T01:11:02.804+0000] {logging_mixin.py:150} INFO - [2026-09-17T01:11:02.804+0000] {dag.py:3504} INFO - Setting next_dagrun for tutorial_taskflow_api to None, run_after=None
[2026-09-17T01:11:02.822+0000] {processor.py:179} INFO - Processing /home/vscode/.local/lib/python3.10/site-packages/airflow/example_dags/tutorial_taskflow_api.py took 0.069 seconds
[2026-09-17T01:11:32.688+0000] {processor.py:157} INFO - Started process (PID=30937) to work on /home/vscode/.local/lib/python3.10/site-packages/airflow/example_dags/tutorial_taskflow_api.py
[2026-09-17T01:11:32.689+0000] {processor.py:826} INFO - Processing file /home/vscode/.local/lib/python3.10/site-packages/airflow/example_dags/tutorial_taskflow_api.py for tasks to queue
[2026-09-17T01:11:32.690+0000] {logging_mixin.py:150} INFO - [2026-09-17T01:11:32.689+0000] {dagbag.py:541} INFO - Filling up the DagBag from /home/vscode/.local/lib/python3.10/site-packages/airflow/example_dags/tutorial_taskflow_api.py
[2026-09-17T01:11:32.697+0000] {processor.py:836} INFO - DAG(s) dict_keys(['tutorial_taskflow_api']) retrieved from /home/vscode/.local/lib/python3.10/site-packages/airflow/example_dags/tutorial_taskflow_api.py
[2026-09-17T01:11:32.716+0000] {logging_mixin.py:150} INFO - [2026-09-17T01:11:32.716+0000] {dag.py:2742} INFO - Sync 1 DAGs
[2026-09-17T01:11:32.740+0000] {logging_mixin.py:150} INFO - [2026-09-17T01:11:32.740+0000] {dag.py:3504} INFO - Setting next_dagrun for tutorial_taskflow_api to None, run_after=None
[2026-09-17T01:11:32.764+0000] {processor.py:179} INFO - Processing /home/vscode/.local/lib/python3.10/site-packages/airflow/example_dags/tutorial_taskflow_api.py took 0.080 seconds
[2026-09-17T01:11:35.493+0000] {processor.py:157} INFO - Started process (PID=30966) to work on /home/vscode/.local/lib/python3.10/site-packages/airflow/example_dags/tutorial_taskflow_api.py
[2026-09-17T01:11:35.493+0000] {processor.py:826} INFO - Processing file /home/vscode/.local/lib/python3.10/site-packages/airflow/example_dags/tutorial_taskflow_api.py for tasks to queue
[2026-09-17T01:11:35.494+0000] {logging_mixin.py:150} INFO - [2026-09-17T01:11:35.494+0000] {dagbag.py:541} INFO - Filling up the DagBag from /home/vscode/.local/lib/python3.10/site-packages/airflow/example_dags/tutorial_taskflow_api.py
[2026-09-17T01:11:35.501+0000] {processor.py:836} INFO - DAG(s) dict_keys(['tutorial_taskflow_api']) retrieved from /home/vscode/.local/lib/python3.10/site-packages/airflow/example_dags/tutorial_taskflow_api.py
[2026-09-17T01:11:35.514+0000] {logging_mixin.py:150} INFO - [2026-09-17T01:11:35.514+0000] {dag.py:2742} INFO - Sync 1 DAGs
[2026-09-17T01:11:35.531+0000] {logging_mixin.py:150} INFO - [2026-09-17T01:11:35.531+0000] {dag.py:3504} INFO - Setting next_dagrun for tutorial_taskflow_api to None, run_after=None
[2026-09-17T01:11:35.553+0000] {processor.py:179} INFO - Processing /home/vscode/.local/lib/python3.10/site-packages/airflow/example_dags/tutorial_taskflow_api.py took 0.063 seconds
[2026-09-17T01:12:06.504+0000] {processor.py:157} INFO - Started process (PID=31241) to work on /home/vscode/.local/lib/python3.10/site-packages/airflow/example_dags/tutorial_taskflow_api.py
[2026-09-17T01:12:06.505+0000] {processor.py:826} INFO - Processing file /home/vscode/.local/lib/python3.10/site-packages/airflow/example_dags/tutorial_taskflow_api.py for tasks to queue
[2026-09-17T01:12:06.506+0000] {logging_mixin.py:150} INFO - [2026-09-17T01:12:06.505+0000] {dagbag.py:541} INFO - Filling up the DagBag from /home/vscode/.local/lib/python3.10/site-packages/airflow/example_dags/tutorial_taskflow_api.py
[2026-09-17T01:12:06.511+0000] {processor.py:836} INFO - DAG(s) dict_keys(['tutorial_taskflow_api']) retrieved from /home/vscode/.local/lib/python3.10/site-packages/airflow/example_dags/tutorial_taskflow_api.py
[2026-09-17T01:12:06.524+0000] {logging_mixin.py:150} INFO - [2026-09-17T01:12:06.523+0000] {dag.py:2742} INFO - Sync 1 DAGs
[2026-09-17T01:12:06.538+0000] {logging_mixin.py:150} INFO - [2026-09-17T01:12:06.538+0000] {dag.py:3504} INFO - Setting next_dagrun for tutorial_taskflow_api to None, run_after=None
[2026-09-17T01:12:06.560+0000] {processor.py:179} INFO - Processing /home/vscode/.local/lib/python3.10/site-packages/airflow/example_dags/tutorial_taskflow_api.py took 0.058 seconds
[2026-09-17T01:12:08.768+0000] {processor.py:157} INFO - Started process (PID=31252) to work on /home/vscode/.local/lib/python3.10/site-packages/airflow/example_dags/tutorial_taskflow_api.py
[2026-09-17T01:12:08.768+0000] {processor.py:826} INFO - Processing file /home/vscode/.local/lib/python3.10/site-packages/airflow/example_dags/tutorial_taskflow_api.py for tasks to queue
[2026-09-17T01:12:08.769+0000] {logging_mixin.py:150} INFO - [2026-09-17T01:12:08.769+0000] {dagbag.py:541} INFO - Filling up the DagBag from /home/vscode/.local/lib/python3.10/site-packages/airflow/example_dags/tutorial_taskflow_api.py
[2026-09-17T01:12:08.775+0000] {processor.py:836} INFO - DAG(s) dict_keys(['tutorial_taskflow_api']) retrieved from /home/vscode/.local/lib/python3.10/site-packages/airflow/example_dags/tutorial_taskflow_api.py
[2026-09-17T01:12:08.791+0000] {logging_mixin.py:150} INFO - [2026-09-17T01:12:08.791+0000] {dag.py:2742} INFO - Sync 1 DAGs
[2026-09-17T01:12:08.809+0000] {logging_mixin.py:150} INFO - [2026-09-17T01:12:08.808+0000] {dag.py:3504} INFO - Setting next_dagrun for tutorial_taskflow_api to None, run_after=None
[2026-09-17T01:12:08.825+0000] {processor.py:179} INFO - Processing /home/vscode/.local/lib/python3.10/site-packages/airflow/example_dags/tutorial_taskflow_api.py took 0.060 seconds
[2026-09-17T01:12:39.799+0000] {processor.py:157} INFO - Started process (PID=31525) to work on /home/vscode/.local/lib/python3.10/site-packages/airflow/example_dags/tutorial_taskflow_api.py
[2026-09-17T01:12:39.800+0000] {processor.py:826} INFO - Processing file /home/vscode/.local/lib/python3.10/site-packages/airflow/example_dags/tutorial_taskflow_api.py for tasks to queue
[2026-09-17T01:12:39.801+0000] {logging_mixin.py:150} INFO - [2026-09-17T01:12:39.801+0000] {dagbag.py:541} INFO - Filling up the DagBag from /home/vscode/.local/lib/python3.10/site-packages/airflow/example_dags/tutorial_taskflow_api.py
[2026-09-17T01:12:39.806+0000] {processor.py:836} INFO - DAG(s) dict_keys(['tutorial_taskflow_api']) retrieved from /home/vscode/.local/lib/python3.10/site-packages/airflow/example_dags/tutorial_taskflow_api.py
[2026-09-17T01:12:39.822+0000] {logging_mixin.py:150} INFO - [2026-09-17T01:12:39.822+0000] {dag.py:2742} INFO - Sync 1 DAGs
[2026-09-17T01:12:39.843+0000] {logging_mixin.py:150} INFO - [2026-09-17T01:12:39.843+0000] {dag.py:3504} INFO - Setting next_dagrun for tutorial_taskflow_api to None, run_after=None
[2026-09-17T01:12:39.859+0000] {processor.py:179} INFO - Processing /home/vscode/.local/lib/python3.10/site-packages/airflow/example_dags/tutorial_taskflow_api.py took 0.063 seconds
[2026-09-17T01:12:42.582+0000] {processor.py:157} INFO - Started process (PID=31539) to work on /home/vscode/.local/lib/python3.10/site-packages/airflow/example_dags/tutorial_taskflow_api.py
[2026-09-17T01:12:42.583+0000] {processor.py:826} INFO - Processing file /home/vscode/.local/lib/python3.10/site-packages/airflow/example_dags/tutorial_taskflow_api.py for tasks to queue
[2026-09-17T01:12:42.584+0000] {logging_mixin.py:150} INFO - [2026-09-17T01:12:42.583+0000] {dagbag.py:541} INFO - Filling up the DagBag from /home/vscode/.local/lib/python3.10/site-packages/airflow/example_dags/tutorial_taskflow_api.py
[2026-09-17T01:12:42.590+0000] {processor.py:836} INFO - DAG(s) dict_keys(['tutorial_taskflow_api']) retrieved from /home/vscode/.local/lib/python3.10/site-packages/airflow/example_dags/tutorial_taskflow_api.py
[2026-09-17T01:12:42.607+0000] {logging_mixin.py:150} INFO - [2026-09-17T01:12:42.606+0000] {dag.py:2742} INFO - Sync 1 DAGs
[2026-09-17T01:12:42.621+0000] {logging_mixin.py:150} INFO - [2026-09-17T01:12:42.621+0000] {dag.py:3504} INFO - Setting next_dagrun for tutorial_taskflow_api to None, run_after=None
[2026-09-17T01:12:42.638+0000] {processor.py:179} INFO - Processing /home/vscode/.local/lib/python3.10/site-packages/airflow/example_dags/tutorial_taskflow_api.py took 0.058 seconds
[2026-09-17T01:13:26.362+0000] {processor.py:157} INFO - Started process (PID=31914) to work on /home/vscode/.local/lib/python3.10/site-packages/airflow/example_dags/tutorial_taskflow_api.py
[2026-09-17T01:13:26.363+0000] {processor.py:826} INFO - Processing file /home/vscode/.local/lib/python3.10/site-packages/airflow/example_dags/tutorial_taskflow_api.py for tasks to queue
[2026-09-17T01:13:26.363+0000] {logging_mixin.py:150} INFO - [2026-09-17T01:13:26.363+0000] {dagbag.py:541} INFO - Filling up the DagBag from /home/vscode/.local/lib/python3.10/site-packages/airflow/example_dags/tutorial_taskflow_api.py
[2026-09-17T01:13:26.374+0000] {processor.py:836} INFO - DAG(s) dict_keys(['tutorial_taskflow_api']) retrieved from /home/vscode/.local/lib/python3.10/site-packages/airflow/example_dags/tutorial_taskflow_api.py
[2026-09-17T01:13:26.398+0000] {logging_mixin.py:150} INFO - [2026-09-17T01:13:26.397+0000] {dag.py:2742} INFO - Sync 1 DAGs
[2026-09-17T01:13:26.421+0000] {logging_mixin.py:150} INFO - [2026-09-17T01:13:26.421+0000] {dag.py:3504} INFO - Setting next_dagrun for tutorial_taskflow_api to None, run_after=None
[2026-09-17T01:13:26.445+0000] {processor.py:179} INFO - Processing /home/vscode/.local/lib/python3.10/site-packages/airflow/example_dags/tutorial_taskflow_api.py took 0.086 seconds
[2026-09-17T01:13:32.343+0000] {processor.py:157} INFO - Started process (PID=31965) to work on /home/vscode/.local/lib/python3.10/site-packages/airflow/example_dags/tutorial_taskflow_api.py
[2026-09-17T01:13:32.344+0000] {processor.py:826} INFO - Processing file /home/vscode/.local/lib/python3.10/site-packages/airflow/example_dags/tutorial_taskflow_api.py for tasks to queue
[2026-09-17T01:13:32.345+0000] {logging_mixin.py:150} INFO - [2026-09-17T01:13:32.345+0000] {dagbag.py:541} INFO - Filling up the DagBag from /home/vscode/.local/lib/python3.10/site-packages/airflow/example_dags/tutorial_taskflow_api.py
[2026-09-17T01:13:32.350+0000] {processor.py:836} INFO - DAG(s) dict_keys(['tutorial_taskflow_api']) retrieved from /home/vscode/.local/lib/python3.10/site-packages/airflow/example_dags/tutorial_taskflow_api.py
[2026-09-17T01:13:32.362+0000] {logging_mixin.py:150} INFO - [2026-09-17T01:13:32.362+0000] {dag.py:2742} INFO - Sync 1 DAGs
[2026-09-17T01:13:32.377+0000] {logging_mixin.py:150} INFO - [2026-09-17T01:13:32.377+0000] {dag.py:3504} INFO - Setting next_dagrun for tutorial_taskflow_api to None, run_after=None
[2026-09-17T01:13:32.408+0000] {processor.py:179} INFO - Processing /home/vscode/.local/lib/python3.10/site-packages/airflow/example_dags/tutorial_taskflow_api.py took 0.066 seconds
[2026-09-17T01:14:10.387+0000] {processor.py:157} INFO - Started process (PID=32289) to work on /home/vscode/.local/lib/python3.10/site-packages/airflow/example_dags/tutorial_taskflow_api.py
[2026-09-17T01:14:10.388+0000] {processor.py:826} INFO - Processing file /home/vscode/.local/lib/python3.10/site-packages/airflow/example_dags/tutorial_taskflow_api.py for tasks to queue
[2026-09-17T01:14:10.389+0000] {logging_mixin.py:150} INFO - [2026-09-17T01:14:10.389+0000] {dagbag.py:541} INFO - Filling up the DagBag from /home/vscode/.local/lib/python3.10/site-packages/airflow/example_dags/tutorial_taskflow_api.py
[2026-09-17T01:14:10.395+0000] {processor.py:836} INFO - DAG(s) dict_keys(['tutorial_taskflow_api']) retrieved from /home/vscode/.local/lib/python3.10/site-packages/airflow/example_dags/tutorial_taskflow_api.py
[2026-09-17T01:14:10.409+0000] {logging_mixin.py:150} INFO - [2026-09-17T01:14:10.409+0000] {dag.py:2742} INFO - Sync 1 DAGs
[2026-09-17T01:14:10.423+0000] {logging_mixin.py:150} INFO - [2026-09-17T01:14:10.423+0000] {dag.py:3504} INFO - Setting next_dagrun for tutorial_taskflow_api to None, run_after=None
[2026-09-17T01:14:10.439+0000] {processor.py:179} INFO - Processing /home/vscode/.local/lib/python3.10/site-packages/airflow/example_dags/tutorial_taskflow_api.py took 0.058 seconds
[2026-09-17T01:14:19.756+0000] {processor.py:157} INFO - Started process (PID=32363) to work on /home/vscode/.local/lib/python3.10/site-packages/airflow/example_dags/tutorial_taskflow_api.py
[2026-09-17T01:14:19.757+0000] {processor.py:826} INFO - Processing file /home/vscode/.local/lib/python3.10/site-packages/airflow/example_dags/tutorial_taskflow_api.py for tasks to queue
[2026-09-17T01:14:19.758+0000] {logging_mixin.py:150} INFO - [2026-09-17T01:14:19.757+0000] {dagbag.py:541} INFO - Filling up the DagBag from /home/vscode/.local/lib/python3.10/site-packages/airflow/example_dags/tutorial_taskflow_api.py
[2026-09-17T01:14:19.764+0000] {processor.py:836} INFO - DAG(s) dict_keys(['tutorial_taskflow_api']) retrieved from /home/vscode/.local/lib/python3.10/site-packages/airflow/example_dags/tutorial_taskflow_api.py
[2026-09-17T01:14:19.781+0000] {logging_mixin.py:150} INFO - [2026-09-17T01:14:19.781+0000] {dag.py:2742} INFO - Sync 1 DAGs
[2026-09-17T01:14:19.799+0000] {logging_mixin.py:150} INFO - [2026-09-17T01:14:19.798+0000] {dag.py:3504} INFO - Setting next_dagrun for tutorial_taskflow_api to None, run_after=None
[2026-09-17T01:14:19.819+0000] {processor.py:179} INFO - Processing /home/vscode/.local/lib/python3.10/site-packages/airflow/example_dags/tutorial_taskflow_api.py took 0.066 seconds
[2026-09-17T01:14:44.800+0000] {processor.py:157} INFO - Started process (PID=32571) to work on /home/vscode/.local/lib/python3.10/site-packages/airflow/example_dags/tutorial_taskflow_api.py
[2026-09-17T01:14:44.801+0000] {processor.py:826} INFO - Processing file /home/vscode/.local/lib/python3.10/site-packages/airflow/example_dags/tutorial_taskflow_api.py for tasks to queue
[2026-09-17T01:14:44.802+0000] {logging_mixin.py:150} INFO - [2026-09-17T01:14:44.801+0000] {dagbag.py:541} INFO - Filling up the DagBag from /home/vscode/.local/lib/python3.10/site-packages/airflow/example_dags/tutorial_taskflow_api.py
[2026-09-17T01:14:44.807+0000] {processor.py:836} INFO - DAG(s) dict_keys(['tutorial_taskflow_api']) retrieved from /home/vscode/.local/lib/python3.10/site-packages/airflow/example_dags/tutorial_taskflow_api.py
[2026-09-17T01:14:44.821+0000] {logging_mixin.py:150} INFO - [2026-09-17T01:14:44.821+0000] {dag.py:2742} INFO - Sync 1 DAGs
[2026-09-17T01:14:44.835+0000] {logging_mixin.py:150} INFO - [2026-09-17T01:14:44.835+0000] {dag.py:3504} INFO - Setting next_dagrun for tutorial_taskflow_api to None, run_after=None
[2026-09-17T01:14:44.851+0000] {processor.py:179} INFO - Processing /home/vscode/.local/lib/python3.10/site-packages/airflow/example_dags/tutorial_taskflow_api.py took 0.054 seconds
[2026-09-17T01:14:54.618+0000] {processor.py:157} INFO - Started process (PID=32661) to work on /home/vscode/.local/lib/python3.10/site-packages/airflow/example_dags/tutorial_taskflow_api.py
[2026-09-17T01:14:54.618+0000] {processor.py:826} INFO - Processing file /home/vscode/.local/lib/python3.10/site-packages/airflow/example_dags/tutorial_taskflow_api.py for tasks to queue
[2026-09-17T01:14:54.619+0000] {logging_mixin.py:150} INFO - [2026-09-17T01:14:54.619+0000] {dagbag.py:541} INFO - Filling up the DagBag from /home/vscode/.local/lib/python3.10/site-packages/airflow/example_dags/tutorial_taskflow_api.py
[2026-09-17T01:14:54.624+0000] {processor.py:836} INFO - DAG(s) dict_keys(['tutorial_taskflow_api']) retrieved from /home/vscode/.local/lib/python3.10/site-packages/airflow/example_dags/tutorial_taskflow_api.py
[2026-09-17T01:14:54.640+0000] {logging_mixin.py:150} INFO - [2026-09-17T01:14:54.640+0000] {dag.py:2742} INFO - Sync 1 DAGs
[2026-09-17T01:14:54.655+0000] {logging_mixin.py:150} INFO - [2026-09-17T01:14:54.654+0000] {dag.py:3504} INFO - Setting next_dagrun for tutorial_taskflow_api to None, run_after=None
[2026-09-17T01:14:54.671+0000] {processor.py:179} INFO - Processing /home/vscode/.local/lib/python3.10/site-packages/airflow/example_dags/tutorial_taskflow_api.py took 0.056 seconds
[2026-09-17T01:15:27.237+0000] {processor.py:157} INFO - Started process (PID=32937) to work on /home/vscode/.local/lib/python3.10/site-packages/airflow/example_dags/tutorial_taskflow_api.py
[2026-09-17T01:15:27.238+0000] {processor.py:826} INFO - Processing file /home/vscode/.local/lib/python3.10/site-packages/airflow/example_dags/tutorial_taskflow_api.py for tasks to queue
[2026-09-17T01:15:27.239+0000] {logging_mixin.py:150} INFO - [2026-09-17T01:15:27.238+0000] {dagbag.py:541} INFO - Filling up the DagBag from /home/vscode/.local/lib/python3.10/site-packages/airflow/example_dags/tutorial_taskflow_api.py
[2026-09-17T01:15:27.246+0000] {processor.py:836} INFO - DAG(s) dict_keys(['tutorial_taskflow_api']) retrieved from /home/vscode/.local/lib/python3.10/site-packages/airflow/example_dags/tutorial_taskflow_api.py
[2026-09-17T01:15:27.265+0000] {logging_mixin.py:150} INFO - [2026-09-17T01:15:27.264+0000] {dag.py:2742} INFO - Sync 1 DAGs
[2026-09-17T01:15:27.286+0000] {logging_mixin.py:150} INFO - [2026-09-17T01:15:27.286+0000] {dag.py:3504} INFO - Setting next_dagrun for tutorial_taskflow_api to None, run_after=None
[2026-09-17T01:15:27.308+0000] {processor.py:179} INFO - Processing /home/vscode/.local/lib/python3.10/site-packages/airflow/example_dags/tutorial_taskflow_api.py took 0.075 seconds
[2026-09-17T01:15:29.769+0000] {processor.py:157} INFO - Started process (PID=32958) to work on /home/vscode/.local/lib/python3.10/site-packages/airflow/example_dags/tutorial_taskflow_api.py
[2026-09-17T01:15:29.770+0000] {processor.py:826} INFO - Processing file /home/vscode/.local/lib/python3.10/site-packages/airflow/example_dags/tutorial_taskflow_api.py for tasks to queue
[2026-09-17T01:15:29.770+0000] {logging_mixin.py:150} INFO - [2026-09-17T01:15:29.770+0000] {dagbag.py:541} INFO - Filling up the DagBag from /home/vscode/.local/lib/python3.10/site-packages/airflow/example_dags/tutorial_taskflow_api.py
[2026-09-17T01:15:29.777+0000] {processor.py:836} INFO - DAG(s) dict_keys(['tutorial_taskflow_api']) retrieved from /home/vscode/.local/lib/python3.10/site-packages/airflow/example_dags/tutorial_taskflow_api.py
[2026-09-17T01:15:29.795+0000] {logging_mixin.py:150} INFO - [2026-09-17T01:15:29.795+0000] {dag.py:2742} INFO - Sync 1 DAGs
[2026-09-17T01:15:29.817+0000] {logging_mixin.py:150} INFO - [2026-09-17T01:15:29.816+0000] {dag.py:3504} INFO - Setting next_dagrun for tutorial_taskflow_api to None, run_after=None
[2026-09-17T01:15:29.838+0000] {processor.py:179} INFO - Processing /home/vscode/.local/lib/python3.10/site-packages/airflow/example_dags/tutorial_taskflow_api.py took 0.073 seconds
[2026-09-17T01:16:04.319+0000] {processor.py:157} INFO - Started process (PID=33285) to work on /home/vscode/.local/lib/python3.10/site-packages/airflow/example_dags/tutorial_taskflow_api.py
[2026-09-17T01:16:04.320+0000] {processor.py:826} INFO - Processing file /home/vscode/.local/lib/python3.10/site-packages/airflow/example_dags/tutorial_taskflow_api.py for tasks to queue
[2026-09-17T01:16:04.320+0000] {logging_mixin.py:150} INFO - [2026-09-17T01:16:04.320+0000] {dagbag.py:541} INFO - Filling up the DagBag from /home/vscode/.local/lib/python3.10/site-packages/airflow/example_dags/tutorial_taskflow_api.py
[2026-09-17T01:16:04.325+0000] {processor.py:836} INFO - DAG(s) dict_keys(['tutorial_taskflow_api']) retrieved from /home/vscode/.local/lib/python3.10/site-packages/airflow/example_dags/tutorial_taskflow_api.py
[2026-09-17T01:16:04.338+0000] {logging_mixin.py:150} INFO - [2026-09-17T01:16:04.338+0000] {dag.py:2742} INFO - Sync 1 DAGs
[2026-09-17T01:16:04.353+0000] {logging_mixin.py:150} INFO - [2026-09-17T01:16:04.353+0000] {dag.py:3504} INFO - Setting next_dagrun for tutorial_taskflow_api to None, run_after=None
[2026-09-17T01:16:04.372+0000] {processor.py:179} INFO - Processing /home/vscode/.local/lib/python3.10/site-packages/airflow/example_dags/tutorial_taskflow_api.py took 0.055 seconds
[2026-09-17T01:16:15.391+0000] {processor.py:157} INFO - Started process (PID=33383) to work on /home/vscode/.local/lib/python3.10/site-packages/airflow/example_dags/tutorial_taskflow_api.py
[2026-09-17T01:16:15.392+0000] {processor.py:826} INFO - Processing file /home/vscode/.local/lib/python3.10/site-packages/airflow/example_dags/tutorial_taskflow_api.py for tasks to queue
[2026-09-17T01:16:15.393+0000] {logging_mixin.py:150} INFO - [2026-09-17T01:16:15.392+0000] {dagbag.py:541} INFO - Filling up the DagBag from /home/vscode/.local/lib/python3.10/site-packages/airflow/example_dags/tutorial_taskflow_api.py
[2026-09-17T01:16:15.399+0000] {processor.py:836} INFO - DAG(s) dict_keys(['tutorial_taskflow_api']) retrieved from /home/vscode/.local/lib/python3.10/site-packages/airflow/example_dags/tutorial_taskflow_api.py
[2026-09-17T01:16:15.412+0000] {logging_mixin.py:150} INFO - [2026-09-17T01:16:15.412+0000] {dag.py:2742} INFO - Sync 1 DAGs
[2026-09-17T01:16:15.427+0000] {logging_mixin.py:150} INFO - [2026-09-17T01:16:15.426+0000] {dag.py:3504} INFO - Setting next_dagrun for tutorial_taskflow_api to None, run_after=None
[2026-09-17T01:16:15.443+0000] {processor.py:179} INFO - Processing /home/vscode/.local/lib/python3.10/site-packages/airflow/example_dags/tutorial_taskflow_api.py took 0.056 seconds
[2026-09-17T01:16:39.335+0000] {processor.py:157} INFO - Started process (PID=33588) to work on /home/vscode/.local/lib/python3.10/site-packages/airflow/example_dags/tutorial_taskflow_api.py
[2026-09-17T01:16:39.336+0000] {processor.py:826} INFO - Processing file /home/vscode/.local/lib/python3.10/site-packages/airflow/example_dags/tutorial_taskflow_api.py for tasks to queue
[2026-09-17T01:16:39.336+0000] {logging_mixin.py:150} INFO - [2026-09-17T01:16:39.336+0000] {dagbag.py:541} INFO - Filling up the DagBag from /home/vscode/.local/lib/python3.10/site-packages/airflow/example_dags/tutorial_taskflow_api.py
[2026-09-17T01:16:39.341+0000] {processor.py:836} INFO - DAG(s) dict_keys(['tutorial_taskflow_api']) retrieved from /home/vscode/.local/lib/python3.10/site-packages/airflow/example_dags/tutorial_taskflow_api.py
[2026-09-17T01:16:39.354+0000] {logging_mixin.py:150} INFO - [2026-09-17T01:16:39.354+0000] {dag.py:2742} INFO - Sync 1 DAGs
[2026-09-17T01:16:39.368+0000] {logging_mixin.py:150} INFO - [2026-09-17T01:16:39.368+0000] {dag.py:3504} INFO - Setting next_dagrun for tutorial_taskflow_api to None, run_after=None
[2026-09-17T01:16:39.385+0000] {processor.py:179} INFO - Processing /home/vscode/.local/lib/python3.10/site-packages/airflow/example_dags/tutorial_taskflow_api.py took 0.053 seconds
[2026-09-17T01:17:03.592+0000] {processor.py:157} INFO - Started process (PID=33802) to work on /home/vscode/.local/lib/python3.10/site-packages/airflow/example_dags/tutorial_taskflow_api.py
[2026-09-17T01:17:03.593+0000] {processor.py:826} INFO - Processing file /home/vscode/.local/lib/python3.10/site-packages/airflow/example_dags/tutorial_taskflow_api.py for tasks to queue
[2026-09-17T01:17:03.594+0000] {logging_mixin.py:150} INFO - [2026-09-17T01:17:03.593+0000] {dagbag.py:541} INFO - Filling up the DagBag from /home/vscode/.local/lib/python3.10/site-packages/airflow/example_dags/tutorial_taskflow_api.py
[2026-09-17T01:17:03.602+0000] {processor.py:836} INFO - DAG(s) dict_keys(['tutorial_taskflow_api']) retrieved from /home/vscode/.local/lib/python3.10/site-packages/airflow/example_dags/tutorial_taskflow_api.py
[2026-09-17T01:17:03.628+0000] {logging_mixin.py:150} INFO - [2026-09-17T01:17:03.628+0000] {dag.py:2742} INFO - Sync 1 DAGs
[2026-09-17T01:17:03.649+0000] {logging_mixin.py:150} INFO - [2026-09-17T01:17:03.649+0000] {dag.py:3504} INFO - Setting next_dagrun for tutorial_taskflow_api to None, run_after=None
[2026-09-17T01:17:03.668+0000] {processor.py:179} INFO - Processing /home/vscode/.local/lib/python3.10/site-packages/airflow/example_dags/tutorial_taskflow_api.py took 0.079 seconds
[2026-09-17T01:17:11.420+0000] {processor.py:157} INFO - Started process (PID=33863) to work on /home/vscode/.local/lib/python3.10/site-packages/airflow/example_dags/tutorial_taskflow_api.py
[2026-09-17T01:17:11.420+0000] {processor.py:826} INFO - Processing file /home/vscode/.local/lib/python3.10/site-packages/airflow/example_dags/tutorial_taskflow_api.py for tasks to queue
[2026-09-17T01:17:11.421+0000] {logging_mixin.py:150} INFO - [2026-09-17T01:17:11.421+0000] {dagbag.py:541} INFO - Filling up the DagBag from /home/vscode/.local/lib/python3.10/site-packages/airflow/example_dags/tutorial_taskflow_api.py
[2026-09-17T01:17:11.426+0000] {processor.py:836} INFO - DAG(s) dict_keys(['tutorial_taskflow_api']) retrieved from /home/vscode/.local/lib/python3.10/site-packages/airflow/example_dags/tutorial_taskflow_api.py
[2026-09-17T01:17:11.439+0000] {logging_mixin.py:150} INFO - [2026-09-17T01:17:11.439+0000] {dag.py:2742} INFO - Sync 1 DAGs
[2026-09-17T01:17:11.454+0000] {logging_mixin.py:150} INFO - [2026-09-17T01:17:11.453+0000] {dag.py:3504} INFO - Setting next_dagrun for tutorial_taskflow_api to None, run_after=None
[2026-09-17T01:17:11.471+0000] {processor.py:179} INFO - Processing /home/vscode/.local/lib/python3.10/site-packages/airflow/example_dags/tutorial_taskflow_api.py took 0.054 seconds
[2026-09-17T01:17:44.869+0000] {processor.py:157} INFO - Started process (PID=34147) to work on /home/vscode/.local/lib/python3.10/site-packages/airflow/example_dags/tutorial_taskflow_api.py
[2026-09-17T01:17:44.870+0000] {processor.py:826} INFO - Processing file /home/vscode/.local/lib/python3.10/site-packages/airflow/example_dags/tutorial_taskflow_api.py for tasks to queue
[2026-09-17T01:17:44.870+0000] {logging_mixin.py:150} INFO - [2026-09-17T01:17:44.870+0000] {dagbag.py:541} INFO - Filling up the DagBag from /home/vscode/.local/lib/python3.10/site-packages/airflow/example_dags/tutorial_taskflow_api.py
[2026-09-17T01:17:44.875+0000] {processor.py:836} INFO - DAG(s) dict_keys(['tutorial_taskflow_api']) retrieved from /home/vscode/.local/lib/python3.10/site-packages/airflow/example_dags/tutorial_taskflow_api.py
[2026-09-17T01:17:44.891+0000] {logging_mixin.py:150} INFO - [2026-09-17T01:17:44.891+0000] {dag.py:2742} INFO - Sync 1 DAGs
[2026-09-17T01:17:44.910+0000] {logging_mixin.py:150} INFO - [2026-09-17T01:17:44.909+0000] {dag.py:3504} INFO - Setting next_dagrun for tutorial_taskflow_api to None, run_after=None
[2026-09-17T01:17:44.926+0000] {processor.py:179} INFO - Processing /home/vscode/.local/lib/python3.10/site-packages/airflow/example_dags/tutorial_taskflow_api.py took 0.059 seconds
[2026-09-17T01:17:46.416+0000] {processor.py:157} INFO - Started process (PID=34158) to work on /home/vscode/.local/lib/python3.10/site-packages/airflow/example_dags/tutorial_taskflow_api.py
[2026-09-17T01:17:46.417+0000] {processor.py:826} INFO - Processing file /home/vscode/.local/lib/python3.10/site-packages/airflow/example_dags/tutorial_taskflow_api.py for tasks to queue
[2026-09-17T01:17:46.417+0000] {logging_mixin.py:150} INFO - [2026-09-17T01:17:46.417+0000] {dagbag.py:541} INFO - Filling up the DagBag from /home/vscode/.local/lib/python3.10/site-packages/airflow/example_dags/tutorial_taskflow_api.py
[2026-09-17T01:17:46.422+0000] {processor.py:836} INFO - DAG(s) dict_keys(['tutorial_taskflow_api']) retrieved from /home/vscode/.local/lib/python3.10/site-packages/airflow/example_dags/tutorial_taskflow_api.py
[2026-09-17T01:17:46.435+0000] {logging_mixin.py:150} INFO - [2026-09-17T01:17:46.435+0000] {dag.py:2742} INFO - Sync 1 DAGs
[2026-09-17T01:17:46.449+0000] {logging_mixin.py:150} INFO - [2026-09-17T01:17:46.449+0000] {dag.py:3504} INFO - Setting next_dagrun for tutorial_taskflow_api to None, run_after=None
[2026-09-17T01:17:46.465+0000] {processor.py:179} INFO - Processing /home/vscode/.local/lib/python3.10/site-packages/airflow/example_dags/tutorial_taskflow_api.py took 0.052 seconds
[2026-09-17T01:18:22.245+0000] {processor.py:157} INFO - Started process (PID=34459) to work on /home/vscode/.local/lib/python3.10/site-packages/airflow/example_dags/tutorial_taskflow_api.py
[2026-09-17T01:18:22.246+0000] {processor.py:826} INFO - Processing file /home/vscode/.local/lib/python3.10/site-packages/airflow/example_dags/tutorial_taskflow_api.py for tasks to queue
[2026-09-17T01:18:22.246+0000] {logging_mixin.py:150} INFO - [2026-09-17T01:18:22.246+0000] {dagbag.py:541} INFO - Filling up the DagBag from /home/vscode/.local/lib/python3.10/site-packages/airflow/example_dags/tutorial_taskflow_api.py
[2026-09-17T01:18:22.251+0000] {processor.py:836} INFO - DAG(s) dict_keys(['tutorial_taskflow_api']) retrieved from /home/vscode/.local/lib/python3.10/site-packages/airflow/example_dags/tutorial_taskflow_api.py
[2026-09-17T01:18:22.264+0000] {logging_mixin.py:150} INFO - [2026-09-17T01:18:22.264+0000] {dag.py:2742} INFO - Sync 1 DAGs
[2026-09-17T01:18:22.278+0000] {logging_mixin.py:150} INFO - [2026-09-17T01:18:22.278+0000] {dag.py:3504} INFO - Setting next_dagrun for tutorial_taskflow_api to None, run_after=None
[2026-09-17T01:18:22.309+0000] {processor.py:179} INFO - Processing /home/vscode/.local/lib/python3.10/site-packages/airflow/example_dags/tutorial_taskflow_api.py took 0.066 seconds
[2026-09-17T01:18:30.095+0000] {processor.py:157} INFO - Started process (PID=34525) to work on /home/vscode/.local/lib/python3.10/site-packages/airflow/example_dags/tutorial_taskflow_api.py
[2026-09-17T01:18:30.096+0000] {processor.py:826} INFO - Processing file /home/vscode/.local/lib/python3.10/site-packages/airflow/example_dags/tutorial_taskflow_api.py for tasks to queue
[2026-09-17T01:18:30.096+0000] {logging_mixin.py:150} INFO - [2026-09-17T01:18:30.096+0000] {dagbag.py:541} INFO - Filling up the DagBag from /home/vscode/.local/lib/python3.10/site-packages/airflow/example_dags/tutorial_taskflow_api.py
[2026-09-17T01:18:30.103+0000] {processor.py:836} INFO - DAG(s) dict_keys(['tutorial_taskflow_api']) retrieved from /home/vscode/.local/lib/python3.10/site-packages/airflow/example_dags/tutorial_taskflow_api.py
[2026-09-17T01:18:30.117+0000] {logging_mixin.py:150} INFO - [2026-09-17T01:18:30.117+0000] {dag.py:2742} INFO - Sync 1 DAGs
[2026-09-17T01:18:30.133+0000] {logging_mixin.py:150} INFO - [2026-09-17T01:18:30.133+0000] {dag.py:3504} INFO - Setting next_dagrun for tutorial_taskflow_api to None, run_after=None
[2026-09-17T01:18:30.150+0000] {processor.py:179} INFO - Processing /home/vscode/.local/lib/python3.10/site-packages/airflow/example_dags/tutorial_taskflow_api.py took 0.058 seconds
[2026-09-17T01:18:53.479+0000] {processor.py:157} INFO - Started process (PID=34725) to work on /home/vscode/.local/lib/python3.10/site-packages/airflow/example_dags/tutorial_taskflow_api.py
[2026-09-17T01:18:53.480+0000] {processor.py:826} INFO - Processing file /home/vscode/.local/lib/python3.10/site-packages/airflow/example_dags/tutorial_taskflow_api.py for tasks to queue
[2026-09-17T01:18:53.481+0000] {logging_mixin.py:150} INFO - [2026-09-17T01:18:53.481+0000] {dagbag.py:541} INFO - Filling up the DagBag from /home/vscode/.local/lib/python3.10/site-packages/airflow/example_dags/tutorial_taskflow_api.py
[2026-09-17T01:18:53.489+0000] {processor.py:836} INFO - DAG(s) dict_keys(['tutorial_taskflow_api']) retrieved from /home/vscode/.local/lib/python3.10/site-packages/airflow/example_dags/tutorial_taskflow_api.py
[2026-09-17T01:18:53.506+0000] {logging_mixin.py:150} INFO - [2026-09-17T01:18:53.506+0000] {dag.py:2742} INFO - Sync 1 DAGs
[2026-09-17T01:18:53.525+0000] {logging_mixin.py:150} INFO - [2026-09-17T01:18:53.525+0000] {dag.py:3504} INFO - Setting next_dagrun for tutorial_taskflow_api to None, run_after=None
[2026-09-17T01:18:53.543+0000] {processor.py:179} INFO - Processing /home/vscode/.local/lib/python3.10/site-packages/airflow/example_dags/tutorial_taskflow_api.py took 0.067 seconds
[2026-09-17T01:19:19.461+0000] {processor.py:157} INFO - Started process (PID=34933) to work on /home/vscode/.local/lib/python3.10/site-packages/airflow/example_dags/tutorial_taskflow_api.py
[2026-09-17T01:19:19.461+0000] {processor.py:826} INFO - Processing file /home/vscode/.local/lib/python3.10/site-packages/airflow/example_dags/tutorial_taskflow_api.py for tasks to queue
[2026-09-17T01:19:19.462+0000] {logging_mixin.py:150} INFO - [2026-09-17T01:19:19.462+0000] {dagbag.py:541} INFO - Filling up the DagBag from /home/vscode/.local/lib/python3.10/site-packages/airflow/example_dags/tutorial_taskflow_api.py
[2026-09-17T01:19:19.467+0000] {processor.py:836} INFO - DAG(s) dict_keys(['tutorial_taskflow_api']) retrieved from /home/vscode/.local/lib/python3.10/site-packages/airflow/example_dags/tutorial_taskflow_api.py
[2026-09-17T01:19:19.480+0000] {logging_mixin.py:150} INFO - [2026-09-17T01:19:19.480+0000] {dag.py:2742} INFO - Sync 1 DAGs
[2026-09-17T01:19:19.497+0000] {logging_mixin.py:150} INFO - [2026-09-17T01:19:19.496+0000] {dag.py:3504} INFO - Setting next_dagrun for tutorial_taskflow_api to None, run_after=None
[2026-09-17T01:19:19.514+0000] {processor.py:179} INFO - Processing /home/vscode/.local/lib/python3.10/site-packages/airflow/example_dags/tutorial_taskflow_api.py took 0.056 seconds
[2026-09-17T01:19:27.765+0000] {processor.py:157} INFO - Started process (PID=35000) to work on /home/vscode/.local/lib/python3.10/site-packages/airflow/example_dags/tutorial_taskflow_api.py
[2026-09-17T01:19:27.765+0000] {processor.py:826} INFO - Processing file /home/vscode/.local/lib/python3.10/site-packages/airflow/example_dags/tutorial_taskflow_api.py for tasks to queue
[2026-09-17T01:19:27.766+0000] {logging_mixin.py:150} INFO - [2026-09-17T01:19:27.766+0000] {dagbag.py:541} INFO - Filling up the DagBag from /home/vscode/.local/lib/python3.10/site-packages/airflow/example_dags/tutorial_taskflow_api.py
[2026-09-17T01:19:27.771+0000] {processor.py:836} INFO - DAG(s) dict_keys(['tutorial_taskflow_api']) retrieved from /home/vscode/.local/lib/python3.10/site-packages/airflow/example_dags/tutorial_taskflow_api.py
[2026-09-17T01:19:27.787+0000] {logging_mixin.py:150} INFO - [2026-09-17T01:19:27.787+0000] {dag.py:2742} INFO - Sync 1 DAGs
[2026-09-17T01:19:27.805+0000] {logging_mixin.py:150} INFO - [2026-09-17T01:19:27.805+0000] {dag.py:3504} INFO - Setting next_dagrun for tutorial_taskflow_api to None, run_after=None
[2026-09-17T01:19:27.822+0000] {processor.py:179} INFO - Processing /home/vscode/.local/lib/python3.10/site-packages/airflow/example_dags/tutorial_taskflow_api.py took 0.060 seconds
[2026-09-17T01:19:53.912+0000] {processor.py:157} INFO - Started process (PID=35236) to work on /home/vscode/.local/lib/python3.10/site-packages/airflow/example_dags/tutorial_taskflow_api.py
[2026-09-17T01:19:53.913+0000] {processor.py:826} INFO - Processing file /home/vscode/.local/lib/python3.10/site-packages/airflow/example_dags/tutorial_taskflow_api.py for tasks to queue
[2026-09-17T01:19:53.914+0000] {logging_mixin.py:150} INFO - [2026-09-17T01:19:53.914+0000] {dagbag.py:541} INFO - Filling up the DagBag from /home/vscode/.local/lib/python3.10/site-packages/airflow/example_dags/tutorial_taskflow_api.py
[2026-09-17T01:19:53.920+0000] {processor.py:836} INFO - DAG(s) dict_keys(['tutorial_taskflow_api']) retrieved from /home/vscode/.local/lib/python3.10/site-packages/airflow/example_dags/tutorial_taskflow_api.py
[2026-09-17T01:19:53.932+0000] {logging_mixin.py:150} INFO - [2026-09-17T01:19:53.932+0000] {dag.py:2742} INFO - Sync 1 DAGs
[2026-09-17T01:19:53.948+0000] {logging_mixin.py:150} INFO - [2026-09-17T01:19:53.947+0000] {dag.py:3504} INFO - Setting next_dagrun for tutorial_taskflow_api to None, run_after=None
[2026-09-17T01:19:53.965+0000] {processor.py:179} INFO - Processing /home/vscode/.local/lib/python3.10/site-packages/airflow/example_dags/tutorial_taskflow_api.py took 0.056 seconds
[2026-09-17T01:20:15.864+0000] {processor.py:157} INFO - Started process (PID=35447) to work on /home/vscode/.local/lib/python3.10/site-packages/airflow/example_dags/tutorial_taskflow_api.py
[2026-09-17T01:20:15.865+0000] {processor.py:826} INFO - Processing file /home/vscode/.local/lib/python3.10/site-packages/airflow/example_dags/tutorial_taskflow_api.py for tasks to queue
[2026-09-17T01:20:15.866+0000] {logging_mixin.py:150} INFO - [2026-09-17T01:20:15.865+0000] {dagbag.py:541} INFO - Filling up the DagBag from /home/vscode/.local/lib/python3.10/site-packages/airflow/example_dags/tutorial_taskflow_api.py
[2026-09-17T01:20:15.871+0000] {processor.py:836} INFO - DAG(s) dict_keys(['tutorial_taskflow_api']) retrieved from /home/vscode/.local/lib/python3.10/site-packages/airflow/example_dags/tutorial_taskflow_api.py
[2026-09-17T01:20:15.884+0000] {logging_mixin.py:150} INFO - [2026-09-17T01:20:15.884+0000] {dag.py:2742} INFO - Sync 1 DAGs
[2026-09-17T01:20:15.898+0000] {logging_mixin.py:150} INFO - [2026-09-17T01:20:15.898+0000] {dag.py:3504} INFO - Setting next_dagrun for tutorial_taskflow_api to None, run_after=None
[2026-09-17T01:20:15.921+0000] {processor.py:179} INFO - Processing /home/vscode/.local/lib/python3.10/site-packages/airflow/example_dags/tutorial_taskflow_api.py took 0.059 seconds
[2026-09-17T01:20:40.391+0000] {processor.py:157} INFO - Started process (PID=35642) to work on /home/vscode/.local/lib/python3.10/site-packages/airflow/example_dags/tutorial_taskflow_api.py
[2026-09-17T01:20:40.392+0000] {processor.py:826} INFO - Processing file /home/vscode/.local/lib/python3.10/site-packages/airflow/example_dags/tutorial_taskflow_api.py for tasks to queue
[2026-09-17T01:20:40.393+0000] {logging_mixin.py:150} INFO - [2026-09-17T01:20:40.392+0000] {dagbag.py:541} INFO - Filling up the DagBag from /home/vscode/.local/lib/python3.10/site-packages/airflow/example_dags/tutorial_taskflow_api.py
[2026-09-17T01:20:40.398+0000] {processor.py:836} INFO - DAG(s) dict_keys(['tutorial_taskflow_api']) retrieved from /home/vscode/.local/lib/python3.10/site-packages/airflow/example_dags/tutorial_taskflow_api.py
[2026-09-17T01:20:40.414+0000] {logging_mixin.py:150} INFO - [2026-09-17T01:20:40.414+0000] {dag.py:2742} INFO - Sync 1 DAGs
[2026-09-17T01:20:40.430+0000] {logging_mixin.py:150} INFO - [2026-09-17T01:20:40.430+0000] {dag.py:3504} INFO - Setting next_dagrun for tutorial_taskflow_api to None, run_after=None
[2026-09-17T01:20:40.447+0000] {processor.py:179} INFO - Processing /home/vscode/.local/lib/python3.10/site-packages/airflow/example_dags/tutorial_taskflow_api.py took 0.058 seconds
[2026-09-17T01:21:04.922+0000] {processor.py:157} INFO - Started process (PID=36048) to work on /home/vscode/.local/lib/python3.10/site-packages/airflow/example_dags/tutorial_taskflow_api.py
[2026-09-17T01:21:04.923+0000] {processor.py:826} INFO - Processing file /home/vscode/.local/lib/python3.10/site-packages/airflow/example_dags/tutorial_taskflow_api.py for tasks to queue
[2026-09-17T01:21:04.924+0000] {logging_mixin.py:150} INFO - [2026-09-17T01:21:04.923+0000] {dagbag.py:541} INFO - Filling up the DagBag from /home/vscode/.local/lib/python3.10/site-packages/airflow/example_dags/tutorial_taskflow_api.py
[2026-09-17T01:21:04.932+0000] {processor.py:836} INFO - DAG(s) dict_keys(['tutorial_taskflow_api']) retrieved from /home/vscode/.local/lib/python3.10/site-packages/airflow/example_dags/tutorial_taskflow_api.py
[2026-09-17T01:21:04.953+0000] {logging_mixin.py:150} INFO - [2026-09-17T01:21:04.952+0000] {dag.py:2742} INFO - Sync 1 DAGs
[2026-09-17T01:21:04.974+0000] {logging_mixin.py:150} INFO - [2026-09-17T01:21:04.974+0000] {dag.py:3504} INFO - Setting next_dagrun for tutorial_taskflow_api to None, run_after=None
[2026-09-17T01:21:05.003+0000] {processor.py:179} INFO - Processing /home/vscode/.local/lib/python3.10/site-packages/airflow/example_dags/tutorial_taskflow_api.py took 0.085 seconds
[2026-09-17T01:21:12.953+0000] {processor.py:157} INFO - Started process (PID=36174) to work on /home/vscode/.local/lib/python3.10/site-packages/airflow/example_dags/tutorial_taskflow_api.py
[2026-09-17T01:21:12.954+0000] {processor.py:826} INFO - Processing file /home/vscode/.local/lib/python3.10/site-packages/airflow/example_dags/tutorial_taskflow_api.py for tasks to queue
[2026-09-17T01:21:12.954+0000] {logging_mixin.py:150} INFO - [2026-09-17T01:21:12.954+0000] {dagbag.py:541} INFO - Filling up the DagBag from /home/vscode/.local/lib/python3.10/site-packages/airflow/example_dags/tutorial_taskflow_api.py
[2026-09-17T01:21:12.961+0000] {processor.py:836} INFO - DAG(s) dict_keys(['tutorial_taskflow_api']) retrieved from /home/vscode/.local/lib/python3.10/site-packages/airflow/example_dags/tutorial_taskflow_api.py
[2026-09-17T01:21:12.975+0000] {logging_mixin.py:150} INFO - [2026-09-17T01:21:12.974+0000] {dag.py:2742} INFO - Sync 1 DAGs
[2026-09-17T01:21:12.996+0000] {logging_mixin.py:150} INFO - [2026-09-17T01:21:12.995+0000] {dag.py:3504} INFO - Setting next_dagrun for tutorial_taskflow_api to None, run_after=None
[2026-09-17T01:21:13.022+0000] {processor.py:179} INFO - Processing /home/vscode/.local/lib/python3.10/site-packages/airflow/example_dags/tutorial_taskflow_api.py took 0.072 seconds
[2026-09-17T01:21:45.427+0000] {processor.py:157} INFO - Started process (PID=36569) to work on /home/vscode/.local/lib/python3.10/site-packages/airflow/example_dags/tutorial_taskflow_api.py
[2026-09-17T01:21:45.428+0000] {processor.py:826} INFO - Processing file /home/vscode/.local/lib/python3.10/site-packages/airflow/example_dags/tutorial_taskflow_api.py for tasks to queue
[2026-09-17T01:21:45.428+0000] {logging_mixin.py:150} INFO - [2026-09-17T01:21:45.428+0000] {dagbag.py:541} INFO - Filling up the DagBag from /home/vscode/.local/lib/python3.10/site-packages/airflow/example_dags/tutorial_taskflow_api.py
[2026-09-17T01:21:45.433+0000] {processor.py:836} INFO - DAG(s) dict_keys(['tutorial_taskflow_api']) retrieved from /home/vscode/.local/lib/python3.10/site-packages/airflow/example_dags/tutorial_taskflow_api.py
[2026-09-17T01:21:45.446+0000] {logging_mixin.py:150} INFO - [2026-09-17T01:21:45.446+0000] {dag.py:2742} INFO - Sync 1 DAGs
[2026-09-17T01:21:45.460+0000] {logging_mixin.py:150} INFO - [2026-09-17T01:21:45.460+0000] {dag.py:3504} INFO - Setting next_dagrun for tutorial_taskflow_api to None, run_after=None
[2026-09-17T01:21:45.476+0000] {processor.py:179} INFO - Processing /home/vscode/.local/lib/python3.10/site-packages/airflow/example_dags/tutorial_taskflow_api.py took 0.051 seconds
[2026-09-17T01:21:54.081+0000] {processor.py:157} INFO - Started process (PID=36636) to work on /home/vscode/.local/lib/python3.10/site-packages/airflow/example_dags/tutorial_taskflow_api.py
[2026-09-17T01:21:54.082+0000] {processor.py:826} INFO - Processing file /home/vscode/.local/lib/python3.10/site-packages/airflow/example_dags/tutorial_taskflow_api.py for tasks to queue
[2026-09-17T01:21:54.082+0000] {logging_mixin.py:150} INFO - [2026-09-17T01:21:54.082+0000] {dagbag.py:541} INFO - Filling up the DagBag from /home/vscode/.local/lib/python3.10/site-packages/airflow/example_dags/tutorial_taskflow_api.py
[2026-09-17T01:21:54.089+0000] {processor.py:836} INFO - DAG(s) dict_keys(['tutorial_taskflow_api']) retrieved from /home/vscode/.local/lib/python3.10/site-packages/airflow/example_dags/tutorial_taskflow_api.py
[2026-09-17T01:21:54.105+0000] {logging_mixin.py:150} INFO - [2026-09-17T01:21:54.104+0000] {dag.py:2742} INFO - Sync 1 DAGs
[2026-09-17T01:21:54.119+0000] {logging_mixin.py:150} INFO - [2026-09-17T01:21:54.119+0000] {dag.py:3504} INFO - Setting next_dagrun for tutorial_taskflow_api to None, run_after=None
[2026-09-17T01:21:54.136+0000] {processor.py:179} INFO - Processing /home/vscode/.local/lib/python3.10/site-packages/airflow/example_dags/tutorial_taskflow_api.py took 0.058 seconds
[2026-09-17T01:22:19.869+0000] {processor.py:157} INFO - Started process (PID=37042) to work on /home/vscode/.local/lib/python3.10/site-packages/airflow/example_dags/tutorial_taskflow_api.py
[2026-09-17T01:22:19.870+0000] {processor.py:826} INFO - Processing file /home/vscode/.local/lib/python3.10/site-packages/airflow/example_dags/tutorial_taskflow_api.py for tasks to queue
[2026-09-17T01:22:19.871+0000] {logging_mixin.py:150} INFO - [2026-09-17T01:22:19.870+0000] {dagbag.py:541} INFO - Filling up the DagBag from /home/vscode/.local/lib/python3.10/site-packages/airflow/example_dags/tutorial_taskflow_api.py
[2026-09-17T01:22:19.879+0000] {processor.py:836} INFO - DAG(s) dict_keys(['tutorial_taskflow_api']) retrieved from /home/vscode/.local/lib/python3.10/site-packages/airflow/example_dags/tutorial_taskflow_api.py
[2026-09-17T01:22:19.897+0000] {logging_mixin.py:150} INFO - [2026-09-17T01:22:19.896+0000] {dag.py:2742} INFO - Sync 1 DAGs
[2026-09-17T01:22:19.918+0000] {logging_mixin.py:150} INFO - [2026-09-17T01:22:19.918+0000] {dag.py:3504} INFO - Setting next_dagrun for tutorial_taskflow_api to None, run_after=None
[2026-09-17T01:22:19.942+0000] {processor.py:179} INFO - Processing /home/vscode/.local/lib/python3.10/site-packages/airflow/example_dags/tutorial_taskflow_api.py took 0.077 seconds
[2026-09-17T01:22:26.130+0000] {processor.py:157} INFO - Started process (PID=37131) to work on /home/vscode/.local/lib/python3.10/site-packages/airflow/example_dags/tutorial_taskflow_api.py
[2026-09-17T01:22:26.131+0000] {processor.py:826} INFO - Processing file /home/vscode/.local/lib/python3.10/site-packages/airflow/example_dags/tutorial_taskflow_api.py for tasks to queue
[2026-09-17T01:22:26.131+0000] {logging_mixin.py:150} INFO - [2026-09-17T01:22:26.131+0000] {dagbag.py:541} INFO - Filling up the DagBag from /home/vscode/.local/lib/python3.10/site-packages/airflow/example_dags/tutorial_taskflow_api.py
[2026-09-17T01:22:26.137+0000] {processor.py:836} INFO - DAG(s) dict_keys(['tutorial_taskflow_api']) retrieved from /home/vscode/.local/lib/python3.10/site-packages/airflow/example_dags/tutorial_taskflow_api.py
[2026-09-17T01:22:26.150+0000] {logging_mixin.py:150} INFO - [2026-09-17T01:22:26.150+0000] {dag.py:2742} INFO - Sync 1 DAGs
[2026-09-17T01:22:26.164+0000] {logging_mixin.py:150} INFO - [2026-09-17T01:22:26.164+0000] {dag.py:3504} INFO - Setting next_dagrun for tutorial_taskflow_api to None, run_after=None
[2026-09-17T01:22:26.180+0000] {processor.py:179} INFO - Processing /home/vscode/.local/lib/python3.10/site-packages/airflow/example_dags/tutorial_taskflow_api.py took 0.053 seconds
[2026-09-17T01:22:55.045+0000] {processor.py:157} INFO - Started process (PID=37361) to work on /home/vscode/.local/lib/python3.10/site-packages/airflow/example_dags/tutorial_taskflow_api.py
[2026-09-17T01:22:55.046+0000] {processor.py:826} INFO - Processing file /home/vscode/.local/lib/python3.10/site-packages/airflow/example_dags/tutorial_taskflow_api.py for tasks to queue
[2026-09-17T01:22:55.047+0000] {logging_mixin.py:150} INFO - [2026-09-17T01:22:55.047+0000] {dagbag.py:541} INFO - Filling up the DagBag from /home/vscode/.local/lib/python3.10/site-packages/airflow/example_dags/tutorial_taskflow_api.py
[2026-09-17T01:22:55.061+0000] {processor.py:836} INFO - DAG(s) dict_keys(['tutorial_taskflow_api']) retrieved from /home/vscode/.local/lib/python3.10/site-packages/airflow/example_dags/tutorial_taskflow_api.py
[2026-09-17T01:22:55.108+0000] {logging_mixin.py:150} INFO - [2026-09-17T01:22:55.108+0000] {dag.py:2742} INFO - Sync 1 DAGs
[2026-09-17T01:22:55.127+0000] {logging_mixin.py:150} INFO - [2026-09-17T01:22:55.127+0000] {dag.py:3504} INFO - Setting next_dagrun for tutorial_taskflow_api to None, run_after=None
[2026-09-17T01:22:55.143+0000] {processor.py:179} INFO - Processing /home/vscode/.local/lib/python3.10/site-packages/airflow/example_dags/tutorial_taskflow_api.py took 0.102 seconds
[2026-09-17T01:23:15.109+0000] {processor.py:157} INFO - Started process (PID=37550) to work on /home/vscode/.local/lib/python3.10/site-packages/airflow/example_dags/tutorial_taskflow_api.py
[2026-09-17T01:23:15.109+0000] {processor.py:826} INFO - Processing file /home/vscode/.local/lib/python3.10/site-packages/airflow/example_dags/tutorial_taskflow_api.py for tasks to queue
[2026-09-17T01:23:15.110+0000] {logging_mixin.py:150} INFO - [2026-09-17T01:23:15.110+0000] {dagbag.py:541} INFO - Filling up the DagBag from /home/vscode/.local/lib/python3.10/site-packages/airflow/example_dags/tutorial_taskflow_api.py
[2026-09-17T01:23:15.117+0000] {processor.py:836} INFO - DAG(s) dict_keys(['tutorial_taskflow_api']) retrieved from /home/vscode/.local/lib/python3.10/site-packages/airflow/example_dags/tutorial_taskflow_api.py
[2026-09-17T01:23:15.136+0000] {logging_mixin.py:150} INFO - [2026-09-17T01:23:15.136+0000] {dag.py:2742} INFO - Sync 1 DAGs
[2026-09-17T01:23:15.158+0000] {logging_mixin.py:150} INFO - [2026-09-17T01:23:15.158+0000] {dag.py:3504} INFO - Setting next_dagrun for tutorial_taskflow_api to None, run_after=None
[2026-09-17T01:23:15.185+0000] {processor.py:179} INFO - Processing /home/vscode/.local/lib/python3.10/site-packages/airflow/example_dags/tutorial_taskflow_api.py took 0.079 seconds
[2026-09-17T01:23:41.799+0000] {processor.py:157} INFO - Started process (PID=37802) to work on /home/vscode/.local/lib/python3.10/site-packages/airflow/example_dags/tutorial_taskflow_api.py
[2026-09-17T01:23:41.800+0000] {processor.py:826} INFO - Processing file /home/vscode/.local/lib/python3.10/site-packages/airflow/example_dags/tutorial_taskflow_api.py for tasks to queue
[2026-09-17T01:23:41.800+0000] {logging_mixin.py:150} INFO - [2026-09-17T01:23:41.800+0000] {dagbag.py:541} INFO - Filling up the DagBag from /home/vscode/.local/lib/python3.10/site-packages/airflow/example_dags/tutorial_taskflow_api.py
[2026-09-17T01:23:41.806+0000] {processor.py:836} INFO - DAG(s) dict_keys(['tutorial_taskflow_api']) retrieved from /home/vscode/.local/lib/python3.10/site-packages/airflow/example_dags/tutorial_taskflow_api.py
[2026-09-17T01:23:41.818+0000] {logging_mixin.py:150} INFO - [2026-09-17T01:23:41.818+0000] {dag.py:2742} INFO - Sync 1 DAGs
[2026-09-17T01:23:41.833+0000] {logging_mixin.py:150} INFO - [2026-09-17T01:23:41.833+0000] {dag.py:3504} INFO - Setting next_dagrun for tutorial_taskflow_api to None, run_after=None
[2026-09-17T01:23:41.849+0000] {processor.py:179} INFO - Processing /home/vscode/.local/lib/python3.10/site-packages/airflow/example_dags/tutorial_taskflow_api.py took 0.053 seconds
[2026-09-17T01:24:01.351+0000] {processor.py:157} INFO - Started process (PID=37939) to work on /home/vscode/.local/lib/python3.10/site-packages/airflow/example_dags/tutorial_taskflow_api.py
[2026-09-17T01:24:01.351+0000] {processor.py:826} INFO - Processing file /home/vscode/.local/lib/python3.10/site-packages/airflow/example_dags/tutorial_taskflow_api.py for tasks to queue
[2026-09-17T01:24:01.352+0000] {logging_mixin.py:150} INFO - [2026-09-17T01:24:01.352+0000] {dagbag.py:541} INFO - Filling up the DagBag from /home/vscode/.local/lib/python3.10/site-packages/airflow/example_dags/tutorial_taskflow_api.py
[2026-09-17T01:24:01.357+0000] {processor.py:836} INFO - DAG(s) dict_keys(['tutorial_taskflow_api']) retrieved from /home/vscode/.local/lib/python3.10/site-packages/airflow/example_dags/tutorial_taskflow_api.py
[2026-09-17T01:24:01.370+0000] {logging_mixin.py:150} INFO - [2026-09-17T01:24:01.370+0000] {dag.py:2742} INFO - Sync 1 DAGs
[2026-09-17T01:24:01.386+0000] {logging_mixin.py:150} INFO - [2026-09-17T01:24:01.385+0000] {dag.py:3504} INFO - Setting next_dagrun for tutorial_taskflow_api to None, run_after=None
[2026-09-17T01:24:01.404+0000] {processor.py:179} INFO - Processing /home/vscode/.local/lib/python3.10/site-packages/airflow/example_dags/tutorial_taskflow_api.py took 0.055 seconds
[2026-09-17T01:24:16.949+0000] {processor.py:157} INFO - Started process (PID=38247) to work on /home/vscode/.local/lib/python3.10/site-packages/airflow/example_dags/tutorial_taskflow_api.py
[2026-09-17T01:24:16.950+0000] {processor.py:826} INFO - Processing file /home/vscode/.local/lib/python3.10/site-packages/airflow/example_dags/tutorial_taskflow_api.py for tasks to queue
[2026-09-17T01:24:16.951+0000] {logging_mixin.py:150} INFO - [2026-09-17T01:24:16.951+0000] {dagbag.py:541} INFO - Filling up the DagBag from /home/vscode/.local/lib/python3.10/site-packages/airflow/example_dags/tutorial_taskflow_api.py
[2026-09-17T01:24:16.956+0000] {processor.py:836} INFO - DAG(s) dict_keys(['tutorial_taskflow_api']) retrieved from /home/vscode/.local/lib/python3.10/site-packages/airflow/example_dags/tutorial_taskflow_api.py
[2026-09-17T01:24:16.968+0000] {logging_mixin.py:150} INFO - [2026-09-17T01:24:16.968+0000] {dag.py:2742} INFO - Sync 1 DAGs
[2026-09-17T01:24:16.983+0000] {logging_mixin.py:150} INFO - [2026-09-17T01:24:16.983+0000] {dag.py:3504} INFO - Setting next_dagrun for tutorial_taskflow_api to None, run_after=None
[2026-09-17T01:24:17.005+0000] {processor.py:179} INFO - Processing /home/vscode/.local/lib/python3.10/site-packages/airflow/example_dags/tutorial_taskflow_api.py took 0.058 seconds
[2026-09-17T01:24:36.267+0000] {processor.py:157} INFO - Started process (PID=38543) to work on /home/vscode/.local/lib/python3.10/site-packages/airflow/example_dags/tutorial_taskflow_api.py
[2026-09-17T01:24:36.268+0000] {processor.py:826} INFO - Processing file /home/vscode/.local/lib/python3.10/site-packages/airflow/example_dags/tutorial_taskflow_api.py for tasks to queue
[2026-09-17T01:24:36.269+0000] {logging_mixin.py:150} INFO - [2026-09-17T01:24:36.269+0000] {dagbag.py:541} INFO - Filling up the DagBag from /home/vscode/.local/lib/python3.10/site-packages/airflow/example_dags/tutorial_taskflow_api.py
[2026-09-17T01:24:36.274+0000] {processor.py:836} INFO - DAG(s) dict_keys(['tutorial_taskflow_api']) retrieved from /home/vscode/.local/lib/python3.10/site-packages/airflow/example_dags/tutorial_taskflow_api.py
[2026-09-17T01:24:36.288+0000] {logging_mixin.py:150} INFO - [2026-09-17T01:24:36.288+0000] {dag.py:2742} INFO - Sync 1 DAGs
[2026-09-17T01:24:36.305+0000] {logging_mixin.py:150} INFO - [2026-09-17T01:24:36.305+0000] {dag.py:3504} INFO - Setting next_dagrun for tutorial_taskflow_api to None, run_after=None
[2026-09-17T01:24:36.320+0000] {processor.py:179} INFO - Processing /home/vscode/.local/lib/python3.10/site-packages/airflow/example_dags/tutorial_taskflow_api.py took 0.055 seconds
