[2026-09-17T00:55:13.779+0000] {processor.py:157} INFO - Started process (PID=21831) to work on /home/vscode/.local/lib/python3.10/site-packages/airflow/example_dags/tutorial_taskflow_api_virtualenv.py
[2026-09-17T00:55:13.780+0000] {processor.py:826} INFO - Processing file /home/vscode/.local/lib/python3.10/site-packages/airflow/example_dags/tutorial_taskflow_api_virtualenv.py for tasks to queue
[2026-09-17T00:55:13.781+0000] {logging_mixin.py:150} INFO - [2026-09-17T00:55:13.781+0000] {dagbag.py:541} INFO - Filling up the DagBag from /home/vscode/.local/lib/python3.10/site-packages/airflow/example_dags/tutorial_taskflow_api_virtualenv.py
[2026-09-17T00:55:13.791+0000] {processor.py:836} INFO - DAG(s) dict_keys(['tutorial_taskflow_api_virtualenv']) retrieved from /home/vscode/.local/lib/python3.10/site-packages/airflow/example_dags/tutorial_taskflow_api_virtualenv.py
[2026-09-17T00:55:13.924+0000] {logging_mixin.py:150} INFO - [2026-09-17T00:55:13.924+0000] {manager.py:504} INFO - Created Permission View: can delete on DAG:tutorial_taskflow_api_virtualenv
[2026-09-17T00:55:13.937+0000] {logging_mixin.py:150} INFO - [2026-09-17T00:55:13.937+0000] {manager.py:504} INFO - Created Permission View: can edit on DAG:tutorial_taskflow_api_virtualenv
[2026-09-17T00:55:13.947+0000] {logging_mixin.py:150} INFO - [2026-09-17T00:55:13.947+0000] {manager.py:504} INFO - Created Permission View: can read on DAG:tutorial_taskflow_api_virtualenv
[2026-09-17T00:55:13.961+0000] {logging_mixin.py:150} INFO - [2026-09-17T00:55:13.960+0000] {dag.py:2742} INFO - Sync 1 DAGs
[2026-09-17T00:55:13.974+0000] {logging_mixin.py:150} INFO - [2026-09-17T00:55:13.974+0000] {dag.py:2763} INFO - Creating ORM DAG for tutorial_taskflow_api_virtualenv
[2026-09-17T00:55:13.986+0000] {logging_mixin.py:150} INFO - [2026-09-17T00:55:13.986+0000] {dag.py:3504} INFO - Setting next_dagrun for tutorial_taskflow_api_virtualenv to None, run_after=None
[2026-09-17T00:55:14.012+0000] {processor.py:179} INFO - Processing /home/vscode/.local/lib/python3.10/site-packages/airflow/example_dags/tutorial_taskflow_api_virtualenv.py took 0.236 seconds
[2026-09-17T00:55:46.852+0000] {processor.py:157} INFO - Started process (PID=22156) to work on /home/vscode/.local/lib/python3.10/site-packages/airflow/example_dags/tutorial_taskflow_api_virtualenv.py
[2026-09-17T00:55:46.853+0000] {processor.py:826} INFO - Processing file /home/vscode/.local/lib/python3.10/site-packages/airflow/example_dags/tutorial_taskflow_api_virtualenv.py for tasks to queue
[2026-09-17T00:55:46.854+0000] {logging_mixin.py:150} INFO - [2026-09-17T00:55:46.854+0000] {dagbag.py:541} INFO - Filling up the DagBag from /home/vscode/.local/lib/python3.10/site-packages/airflow/example_dags/tutorial_taskflow_api_virtualenv.py
[2026-09-17T00:55:46.865+0000] {processor.py:836} INFO - DAG(s) dict_keys(['tutorial_taskflow_api_virtualenv']) retrieved from /home/vscode/.local/lib/python3.10/site-packages/airflow/example_dags/tutorial_taskflow_api_virtualenv.py
[2026-09-17T00:55:46.889+0000] {logging_mixin.py:150} INFO - [2026-09-17T00:55:46.889+0000] {dag.py:2742} INFO - Sync 1 DAGs
[2026-09-17T00:55:46.913+0000] {logging_mixin.py:150} INFO - [2026-09-17T00:55:46.912+0000] {dag.py:3504} INFO - Setting next_dagrun for tutorial_taskflow_api_virtualenv to None, run_after=None
[2026-09-17T00:55:46.938+0000] {processor.py:179} INFO - Processing /home/vscode/.local/lib/python3.10/site-packages/airflow/example_dags/tutorial_taskflow_api_virtualenv.py took 0.089 seconds
[2026-09-17T00:56:11.715+0000] {processor.py:157} INFO - Started process (PID=22385) to work on /home/vscode/.local/lib/python3.10/site-packages/airflow/example_dags/tutorial_taskflow_api_virtualenv.py
[2026-09-17T00:56:11.716+0000] {processor.py:826} INFO - Processing file /home/vscode/.local/lib/python3.10/site-packages/airflow/example_dags/tutorial_taskflow_api_virtualenv.py for tasks to queue
[2026-09-17T00:56:11.717+0000] {logging_mixin.py:150} INFO - [2026-09-17T00:56:11.716+0000] {dagbag.py:541} INFO - Filling up the DagBag from /home/vscode/.local/lib/python3.10/site-packages/airflow/example_dags/tutorial_taskflow_api_virtualenv.py
[2026-09-17T00:56:11.724+0000] {processor.py:836} INFO - DAG(s) dict_keys(['tutorial_taskflow_api_virtualenv']) retrieved from /home/vscode/.local/lib/python3.10/site-packages/airflow/example_dags/tutorial_taskflow_api_virtualenv.py
[2026-09-17T00:56:11.742+0000] {logging_mixin.py:150} INFO - [2026-09-17T00:56:11.742+0000] {dag.py:2742} INFO - Sync 1 DAGs
[2026-09-17T00:56:11.768+0000] {logging_mixin.py:150} INFO - [2026-09-17T00:56:11.768+0000] {dag.py:3504} INFO - Setting next_dagrun for tutorial_taskflow_api_virtualenv to None, run_after=None
[2026-09-17T00:56:11.788+0000] {processor.py:179} INFO - Processing /home/vscode/.local/lib/python3.10/site-packages/airflow/example_dags/tutorial_taskflow_api_virtualenv.py took 0.076 seconds
[2026-09-17T00:56:34.733+0000] {processor.py:157} INFO - Started process (PID=22649) to work on /home/vscode/.local/lib/python3.10/site-packages/airflow/example_dags/tutorial_taskflow_api_virtualenv.py
[2026-09-17T00:56:34.733+0000] {processor.py:826} INFO - Processing file /home/vscode/.local/lib/python3.10/site-packages/airflow/example_dags/tutorial_taskflow_api_virtualenv.py for tasks to queue
[2026-09-17T00:56:34.734+0000] {logging_mixin.py:150} INFO - [2026-09-17T00:56:34.734+0000] {dagbag.py:541} INFO - Filling up the DagBag from /home/vscode/.local/lib/python3.10/site-packages/airflow/example_dags/tutorial_taskflow_api_virtualenv.py
[2026-09-17T00:56:34.740+0000] {processor.py:836} INFO - DAG(s) dict_keys(['tutorial_taskflow_api_virtualenv']) retrieved from /home/vscode/.local/lib/python3.10/site-packages/airflow/example_dags/tutorial_taskflow_api_virtualenv.py
[2026-09-17T00:56:34.753+0000] {logging_mixin.py:150} INFO - [2026-09-17T00:56:34.753+0000] {dag.py:2742} INFO - Sync 1 DAGs
[2026-09-17T00:56:34.767+0000] {logging_mixin.py:150} INFO - [2026-09-17T00:56:34.767+0000] {dag.py:3504} INFO - Setting next_dagrun for tutorial_taskflow_api_virtualenv to None, run_after=None
[2026-09-17T00:56:34.784+0000] {processor.py:179} INFO - Processing /home/vscode/.local/lib/python3.10/site-packages/airflow/example_dags/tutorial_taskflow_api_virtualenv.py took 0.054 seconds
[2026-09-17T00:56:56.051+0000] {processor.py:157} INFO - Started process (PID=22822) to work on /home/vscode/.local/lib/python3.10/site-packages/airflow/example_dags/tutorial_taskflow_api_virtualenv.py
[2026-09-17T00:56:56.056+0000] {processor.py:826} INFO - Processing file /home/vscode/.local/lib/python3.10/site-packages/airflow/example_dags/tutorial_taskflow_api_virtualenv.py for tasks to queue
[2026-09-17T00:56:56.057+0000] {logging_mixin.py:150} INFO - [2026-09-17T00:56:56.056+0000] {dagbag.py:541} INFO - Filling up the DagBag from /home/vscode/.local/lib/python3.10/site-packages/airflow/example_dags/tutorial_taskflow_api_virtualenv.py
[2026-09-17T00:56:56.076+0000] {processor.py:836} INFO - DAG(s) dict_keys(['tutorial_taskflow_api_virtualenv']) retrieved from /home/vscode/.local/lib/python3.10/site-packages/airflow/example_dags/tutorial_taskflow_api_virtualenv.py
[2026-09-17T00:56:56.122+0000] {logging_mixin.py:150} INFO - [2026-09-17T00:56:56.121+0000] {dag.py:2742} INFO - Sync 1 DAGs
[2026-09-17T00:56:56.158+0000] {logging_mixin.py:150} INFO - [2026-09-17T00:56:56.158+0000] {dag.py:3504} INFO - Setting next_dagrun for tutorial_taskflow_api_virtualenv to None, run_after=None
[2026-09-17T00:56:56.188+0000] {processor.py:179} INFO - Processing /home/vscode/.local/lib/python3.10/site-packages/airflow/example_dags/tutorial_taskflow_api_virtualenv.py took 0.147 seconds
[2026-09-17T00:57:13.067+0000] {processor.py:157} INFO - Started process (PID=22946) to work on /home/vscode/.local/lib/python3.10/site-packages/airflow/example_dags/tutorial_taskflow_api_virtualenv.py
[2026-09-17T00:57:13.068+0000] {processor.py:826} INFO - Processing file /home/vscode/.local/lib/python3.10/site-packages/airflow/example_dags/tutorial_taskflow_api_virtualenv.py for tasks to queue
[2026-09-17T00:57:13.068+0000] {logging_mixin.py:150} INFO - [2026-09-17T00:57:13.068+0000] {dagbag.py:541} INFO - Filling up the DagBag from /home/vscode/.local/lib/python3.10/site-packages/airflow/example_dags/tutorial_taskflow_api_virtualenv.py
[2026-09-17T00:57:13.075+0000] {processor.py:836} INFO - DAG(s) dict_keys(['tutorial_taskflow_api_virtualenv']) retrieved from /home/vscode/.local/lib/python3.10/site-packages/airflow/example_dags/tutorial_taskflow_api_virtualenv.py
[2026-09-17T00:57:13.097+0000] {logging_mixin.py:150} INFO - [2026-09-17T00:57:13.097+0000] {dag.py:2742} INFO - Sync 1 DAGs
[2026-09-17T00:57:13.118+0000] {logging_mixin.py:150} INFO - [2026-09-17T00:57:13.117+0000] {dag.py:3504} INFO - Setting next_dagrun for tutorial_taskflow_api_virtualenv to None, run_after=None
[2026-09-17T00:57:13.140+0000] {processor.py:179} INFO - Processing /home/vscode/.local/lib/python3.10/site-packages/airflow/example_dags/tutorial_taskflow_api_virtualenv.py took 0.076 seconds
[2026-09-17T00:57:35.187+0000] {processor.py:157} INFO - Started process (PID=23108) to work on /home/vscode/.local/lib/python3.10/site-packages/airflow/example_dags/tutorial_taskflow_api_virtualenv.py
[2026-09-17T00:57:35.188+0000] {processor.py:826} INFO - Processing file /home/vscode/.local/lib/python3.10/site-packages/airflow/example_dags/tutorial_taskflow_api_virtualenv.py for tasks to queue
[2026-09-17T00:57:35.189+0000] {logging_mixin.py:150} INFO - [2026-09-17T00:57:35.189+0000] {dagbag.py:541} INFO - Filling up the DagBag from /home/vscode/.local/lib/python3.10/site-packages/airflow/example_dags/tutorial_taskflow_api_virtualenv.py
[2026-09-17T00:57:35.196+0000] {processor.py:836} INFO - DAG(s) dict_keys(['tutorial_taskflow_api_virtualenv']) retrieved from /home/vscode/.local/lib/python3.10/site-packages/airflow/example_dags/tutorial_taskflow_api_virtualenv.py
[2026-09-17T00:57:35.211+0000] {logging_mixin.py:150} INFO - [2026-09-17T00:57:35.211+0000] {dag.py:2742} INFO - Sync 1 DAGs
[2026-09-17T00:57:35.229+0000] {logging_mixin.py:150} INFO - [2026-09-17T00:57:35.229+0000] {dag.py:3504} INFO - Setting next_dagrun for tutorial_taskflow_api_virtualenv to None, run_after=None
[2026-09-17T00:57:35.249+0000] {processor.py:179} INFO - Processing /home/vscode/.local/lib/python3.10/site-packages/airflow/example_dags/tutorial_taskflow_api_virtualenv.py took 0.064 seconds
[2026-09-17T00:57:53.750+0000] {processor.py:157} INFO - Started process (PID=23260) to work on /home/vscode/.local/lib/python3.10/site-packages/airflow/example_dags/tutorial_taskflow_api_virtualenv.py
[2026-09-17T00:57:53.751+0000] {processor.py:826} INFO - Processing file /home/vscode/.local/lib/python3.10/site-packages/airflow/example_dags/tutorial_taskflow_api_virtualenv.py for tasks to queue
[2026-09-17T00:57:53.752+0000] {logging_mixin.py:150} INFO - [2026-09-17T00:57:53.751+0000] {dagbag.py:541} INFO - Filling up the DagBag from /home/vscode/.local/lib/python3.10/site-packages/airflow/example_dags/tutorial_taskflow_api_virtualenv.py
[2026-09-17T00:57:53.759+0000] {processor.py:836} INFO - DAG(s) dict_keys(['tutorial_taskflow_api_virtualenv']) retrieved from /home/vscode/.local/lib/python3.10/site-packages/airflow/example_dags/tutorial_taskflow_api_virtualenv.py
[2026-09-17T00:57:53.777+0000] {logging_mixin.py:150} INFO - [2026-09-17T00:57:53.777+0000] {dag.py:2742} INFO - Sync 1 DAGs
[2026-09-17T00:57:53.799+0000] {logging_mixin.py:150} INFO - [2026-09-17T00:57:53.799+0000] {dag.py:3504} INFO - Setting next_dagrun for tutorial_taskflow_api_virtualenv to None, run_after=None
[2026-09-17T00:57:53.830+0000] {processor.py:179} INFO - Processing /home/vscode/.local/lib/python3.10/site-packages/airflow/example_dags/tutorial_taskflow_api_virtualenv.py took 0.084 seconds
[2026-09-17T00:58:21.684+0000] {processor.py:157} INFO - Started process (PID=23541) to work on /home/vscode/.local/lib/python3.10/site-packages/airflow/example_dags/tutorial_taskflow_api_virtualenv.py
[2026-09-17T00:58:21.685+0000] {processor.py:826} INFO - Processing file /home/vscode/.local/lib/python3.10/site-packages/airflow/example_dags/tutorial_taskflow_api_virtualenv.py for tasks to queue
[2026-09-17T00:58:21.686+0000] {logging_mixin.py:150} INFO - [2026-09-17T00:58:21.685+0000] {dagbag.py:541} INFO - Filling up the DagBag from /home/vscode/.local/lib/python3.10/site-packages/airflow/example_dags/tutorial_taskflow_api_virtualenv.py
[2026-09-17T00:58:21.693+0000] {processor.py:836} INFO - DAG(s) dict_keys(['tutorial_taskflow_api_virtualenv']) retrieved from /home/vscode/.local/lib/python3.10/site-packages/airflow/example_dags/tutorial_taskflow_api_virtualenv.py
[2026-09-17T00:58:21.710+0000] {logging_mixin.py:150} INFO - [2026-09-17T00:58:21.710+0000] {dag.py:2742} INFO - Sync 1 DAGs
[2026-09-17T00:58:21.729+0000] {logging_mixin.py:150} INFO - [2026-09-17T00:58:21.729+0000] {dag.py:3504} INFO - Setting next_dagrun for tutorial_taskflow_api_virtualenv to None, run_after=None
[2026-09-17T00:58:21.759+0000] {processor.py:179} INFO - Processing /home/vscode/.local/lib/python3.10/site-packages/airflow/example_dags/tutorial_taskflow_api_virtualenv.py took 0.079 seconds
[2026-09-17T00:58:40.377+0000] {processor.py:157} INFO - Started process (PID=23710) to work on /home/vscode/.local/lib/python3.10/site-packages/airflow/example_dags/tutorial_taskflow_api_virtualenv.py
[2026-09-17T00:58:40.378+0000] {processor.py:826} INFO - Processing file /home/vscode/.local/lib/python3.10/site-packages/airflow/example_dags/tutorial_taskflow_api_virtualenv.py for tasks to queue
[2026-09-17T00:58:40.379+0000] {logging_mixin.py:150} INFO - [2026-09-17T00:58:40.379+0000] {dagbag.py:541} INFO - Filling up the DagBag from /home/vscode/.local/lib/python3.10/site-packages/airflow/example_dags/tutorial_taskflow_api_virtualenv.py
[2026-09-17T00:58:40.386+0000] {processor.py:836} INFO - DAG(s) dict_keys(['tutorial_taskflow_api_virtualenv']) retrieved from /home/vscode/.local/lib/python3.10/site-packages/airflow/example_dags/tutorial_taskflow_api_virtualenv.py
[2026-09-17T00:58:40.402+0000] {logging_mixin.py:150} INFO - [2026-09-17T00:58:40.402+0000] {dag.py:2742} INFO - Sync 1 DAGs
[2026-09-17T00:58:40.416+0000] {logging_mixin.py:150} INFO - [2026-09-17T00:58:40.416+0000] {dag.py:3504} INFO - Setting next_dagrun for tutorial_taskflow_api_virtualenv to None, run_after=None
[2026-09-17T00:58:40.433+0000] {processor.py:179} INFO - Processing /home/vscode/.local/lib/python3.10/site-packages/airflow/example_dags/tutorial_taskflow_api_virtualenv.py took 0.058 seconds
[2026-09-17T00:58:55.019+0000] {processor.py:157} INFO - Started process (PID=23915) to work on /home/vscode/.local/lib/python3.10/site-packages/airflow/example_dags/tutorial_taskflow_api_virtualenv.py
[2026-09-17T00:58:55.024+0000] {processor.py:826} INFO - Processing file /home/vscode/.local/lib/python3.10/site-packages/airflow/example_dags/tutorial_taskflow_api_virtualenv.py for tasks to queue
[2026-09-17T00:58:55.031+0000] {logging_mixin.py:150} INFO - [2026-09-17T00:58:55.024+0000] {dagbag.py:541} INFO - Filling up the DagBag from /home/vscode/.local/lib/python3.10/site-packages/airflow/example_dags/tutorial_taskflow_api_virtualenv.py
[2026-09-17T00:58:55.048+0000] {processor.py:836} INFO - DAG(s) dict_keys(['tutorial_taskflow_api_virtualenv']) retrieved from /home/vscode/.local/lib/python3.10/site-packages/airflow/example_dags/tutorial_taskflow_api_virtualenv.py
[2026-09-17T00:58:55.078+0000] {logging_mixin.py:150} INFO - [2026-09-17T00:58:55.077+0000] {dag.py:2742} INFO - Sync 1 DAGs
[2026-09-17T00:58:55.101+0000] {logging_mixin.py:150} INFO - [2026-09-17T00:58:55.100+0000] {dag.py:3504} INFO - Setting next_dagrun for tutorial_taskflow_api_virtualenv to None, run_after=None
[2026-09-17T00:58:55.121+0000] {processor.py:179} INFO - Processing /home/vscode/.local/lib/python3.10/site-packages/airflow/example_dags/tutorial_taskflow_api_virtualenv.py took 0.110 seconds
[2026-09-17T00:59:16.367+0000] {processor.py:157} INFO - Started process (PID=24158) to work on /home/vscode/.local/lib/python3.10/site-packages/airflow/example_dags/tutorial_taskflow_api_virtualenv.py
[2026-09-17T00:59:16.367+0000] {processor.py:826} INFO - Processing file /home/vscode/.local/lib/python3.10/site-packages/airflow/example_dags/tutorial_taskflow_api_virtualenv.py for tasks to queue
[2026-09-17T00:59:16.368+0000] {logging_mixin.py:150} INFO - [2026-09-17T00:59:16.368+0000] {dagbag.py:541} INFO - Filling up the DagBag from /home/vscode/.local/lib/python3.10/site-packages/airflow/example_dags/tutorial_taskflow_api_virtualenv.py
[2026-09-17T00:59:16.375+0000] {processor.py:836} INFO - DAG(s) dict_keys(['tutorial_taskflow_api_virtualenv']) retrieved from /home/vscode/.local/lib/python3.10/site-packages/airflow/example_dags/tutorial_taskflow_api_virtualenv.py
[2026-09-17T00:59:16.388+0000] {logging_mixin.py:150} INFO - [2026-09-17T00:59:16.388+0000] {dag.py:2742} INFO - Sync 1 DAGs
[2026-09-17T00:59:16.411+0000] {logging_mixin.py:150} INFO - [2026-09-17T00:59:16.410+0000] {dag.py:3504} INFO - Setting next_dagrun for tutorial_taskflow_api_virtualenv to None, run_after=None
[2026-09-17T00:59:16.452+0000] {processor.py:179} INFO - Processing /home/vscode/.local/lib/python3.10/site-packages/airflow/example_dags/tutorial_taskflow_api_virtualenv.py took 0.087 seconds
[2026-09-17T00:59:28.834+0000] {processor.py:157} INFO - Started process (PID=24332) to work on /home/vscode/.local/lib/python3.10/site-packages/airflow/example_dags/tutorial_taskflow_api_virtualenv.py
[2026-09-17T00:59:28.834+0000] {processor.py:826} INFO - Processing file /home/vscode/.local/lib/python3.10/site-packages/airflow/example_dags/tutorial_taskflow_api_virtualenv.py for tasks to queue
[2026-09-17T00:59:28.835+0000] {logging_mixin.py:150} INFO - [2026-09-17T00:59:28.835+0000] {dagbag.py:541} INFO - Filling up the DagBag from /home/vscode/.local/lib/python3.10/site-packages/airflow/example_dags/tutorial_taskflow_api_virtualenv.py
[2026-09-17T00:59:28.843+0000] {processor.py:836} INFO - DAG(s) dict_keys(['tutorial_taskflow_api_virtualenv']) retrieved from /home/vscode/.local/lib/python3.10/site-packages/airflow/example_dags/tutorial_taskflow_api_virtualenv.py
[2026-09-17T00:59:28.862+0000] {logging_mixin.py:150} INFO - [2026-09-17T00:59:28.862+0000] {dag.py:2742} INFO - Sync 1 DAGs
[2026-09-17T00:59:28.883+0000] {logging_mixin.py:150} INFO - [2026-09-17T00:59:28.883+0000] {dag.py:3504} INFO - Setting next_dagrun for tutorial_taskflow_api_virtualenv to None, run_after=None
[2026-09-17T00:59:28.903+0000] {processor.py:179} INFO - Processing /home/vscode/.local/lib/python3.10/site-packages/airflow/example_dags/tutorial_taskflow_api_virtualenv.py took 0.073 seconds
[2026-09-17T00:59:53.142+0000] {processor.py:157} INFO - Started process (PID=24682) to work on /home/vscode/.local/lib/python3.10/site-packages/airflow/example_dags/tutorial_taskflow_api_virtualenv.py
[2026-09-17T00:59:53.144+0000] {processor.py:826} INFO - Processing file /home/vscode/.local/lib/python3.10/site-packages/airflow/example_dags/tutorial_taskflow_api_virtualenv.py for tasks to queue
[2026-09-17T00:59:53.147+0000] {logging_mixin.py:150} INFO - [2026-09-17T00:59:53.145+0000] {dagbag.py:541} INFO - Filling up the DagBag from /home/vscode/.local/lib/python3.10/site-packages/airflow/example_dags/tutorial_taskflow_api_virtualenv.py
[2026-09-17T00:59:53.166+0000] {processor.py:836} INFO - DAG(s) dict_keys(['tutorial_taskflow_api_virtualenv']) retrieved from /home/vscode/.local/lib/python3.10/site-packages/airflow/example_dags/tutorial_taskflow_api_virtualenv.py
[2026-09-17T00:59:53.207+0000] {logging_mixin.py:150} INFO - [2026-09-17T00:59:53.206+0000] {dag.py:2742} INFO - Sync 1 DAGs
[2026-09-17T00:59:53.254+0000] {logging_mixin.py:150} INFO - [2026-09-17T00:59:53.253+0000] {dag.py:3504} INFO - Setting next_dagrun for tutorial_taskflow_api_virtualenv to None, run_after=None
[2026-09-17T00:59:53.283+0000] {processor.py:179} INFO - Processing /home/vscode/.local/lib/python3.10/site-packages/airflow/example_dags/tutorial_taskflow_api_virtualenv.py took 0.147 seconds
[2026-09-17T01:00:04.740+0000] {processor.py:157} INFO - Started process (PID=24873) to work on /home/vscode/.local/lib/python3.10/site-packages/airflow/example_dags/tutorial_taskflow_api_virtualenv.py
[2026-09-17T01:00:04.741+0000] {processor.py:826} INFO - Processing file /home/vscode/.local/lib/python3.10/site-packages/airflow/example_dags/tutorial_taskflow_api_virtualenv.py for tasks to queue
[2026-09-17T01:00:04.741+0000] {logging_mixin.py:150} INFO - [2026-09-17T01:00:04.741+0000] {dagbag.py:541} INFO - Filling up the DagBag from /home/vscode/.local/lib/python3.10/site-packages/airflow/example_dags/tutorial_taskflow_api_virtualenv.py
[2026-09-17T01:00:04.747+0000] {processor.py:836} INFO - DAG(s) dict_keys(['tutorial_taskflow_api_virtualenv']) retrieved from /home/vscode/.local/lib/python3.10/site-packages/airflow/example_dags/tutorial_taskflow_api_virtualenv.py
[2026-09-17T01:00:04.759+0000] {logging_mixin.py:150} INFO - [2026-09-17T01:00:04.759+0000] {dag.py:2742} INFO - Sync 1 DAGs
[2026-09-17T01:00:04.773+0000] {logging_mixin.py:150} INFO - [2026-09-17T01:00:04.773+0000] {dag.py:3504} INFO - Setting next_dagrun for tutorial_taskflow_api_virtualenv to None, run_after=None
[2026-09-17T01:00:04.797+0000] {processor.py:179} INFO - Processing /home/vscode/.local/lib/python3.10/site-packages/airflow/example_dags/tutorial_taskflow_api_virtualenv.py took 0.060 seconds
[2026-09-17T01:00:27.197+0000] {processor.py:157} INFO - Started process (PID=25209) to work on /home/vscode/.local/lib/python3.10/site-packages/airflow/example_dags/tutorial_taskflow_api_virtualenv.py
[2026-09-17T01:00:27.198+0000] {processor.py:826} INFO - Processing file /home/vscode/.local/lib/python3.10/site-packages/airflow/example_dags/tutorial_taskflow_api_virtualenv.py for tasks to queue
[2026-09-17T01:00:27.199+0000] {logging_mixin.py:150} INFO - [2026-09-17T01:00:27.198+0000] {dagbag.py:541} INFO - Filling up the DagBag from /home/vscode/.local/lib/python3.10/site-packages/airflow/example_dags/tutorial_taskflow_api_virtualenv.py
[2026-09-17T01:00:27.206+0000] {processor.py:836} INFO - DAG(s) dict_keys(['tutorial_taskflow_api_virtualenv']) retrieved from /home/vscode/.local/lib/python3.10/site-packages/airflow/example_dags/tutorial_taskflow_api_virtualenv.py
[2026-09-17T01:00:27.219+0000] {logging_mixin.py:150} INFO - [2026-09-17T01:00:27.219+0000] {dag.py:2742} INFO - Sync 1 DAGs
[2026-09-17T01:00:27.237+0000] {logging_mixin.py:150} INFO - [2026-09-17T01:00:27.237+0000] {dag.py:3504} INFO - Setting next_dagrun for tutorial_taskflow_api_virtualenv to None, run_after=None
[2026-09-17T01:00:27.259+0000] {processor.py:179} INFO - Processing /home/vscode/.local/lib/python3.10/site-packages/airflow/example_dags/tutorial_taskflow_api_virtualenv.py took 0.068 seconds
[2026-09-17T01:00:40.777+0000] {processor.py:157} INFO - Started process (PID=25315) to work on /home/vscode/.local/lib/python3.10/site-packages/airflow/example_dags/tutorial_taskflow_api_virtualenv.py
[2026-09-17T01:00:40.778+0000] {processor.py:826} INFO - Processing file /home/vscode/.local/lib/python3.10/site-packages/airflow/example_dags/tutorial_taskflow_api_virtualenv.py for tasks to queue
[2026-09-17T01:00:40.778+0000] {logging_mixin.py:150} INFO - [2026-09-17T01:00:40.778+0000] {dagbag.py:541} INFO - Filling up the DagBag from /home/vscode/.local/lib/python3.10/site-packages/airflow/example_dags/tutorial_taskflow_api_virtualenv.py
[2026-09-17T01:00:40.786+0000] {processor.py:836} INFO - DAG(s) dict_keys(['tutorial_taskflow_api_virtualenv']) retrieved from /home/vscode/.local/lib/python3.10/site-packages/airflow/example_dags/tutorial_taskflow_api_virtualenv.py
[2026-09-17T01:00:40.804+0000] {logging_mixin.py:150} INFO - [2026-09-17T01:00:40.804+0000] {dag.py:2742} INFO - Sync 1 DAGs
[2026-09-17T01:00:40.826+0000] {logging_mixin.py:150} INFO - [2026-09-17T01:00:40.826+0000] {dag.py:3504} INFO - Setting next_dagrun for tutorial_taskflow_api_virtualenv to None, run_after=None
[2026-09-17T01:00:40.842+0000] {processor.py:179} INFO - Processing /home/vscode/.local/lib/python3.10/site-packages/airflow/example_dags/tutorial_taskflow_api_virtualenv.py took 0.068 seconds
[2026-09-17T01:01:00.760+0000] {processor.py:157} INFO - Started process (PID=25515) to work on /home/vscode/.local/lib/python3.10/site-packages/airflow/example_dags/tutorial_taskflow_api_virtualenv.py
[2026-09-17T01:01:00.761+0000] {processor.py:826} INFO - Processing file /home/vscode/.local/lib/python3.10/site-packages/airflow/example_dags/tutorial_taskflow_api_virtualenv.py for tasks to queue
[2026-09-17T01:01:00.762+0000] {logging_mixin.py:150} INFO - [2026-09-17T01:01:00.761+0000] {dagbag.py:541} INFO - Filling up the DagBag from /home/vscode/.local/lib/python3.10/site-packages/airflow/example_dags/tutorial_taskflow_api_virtualenv.py
[2026-09-17T01:01:00.768+0000] {processor.py:836} INFO - DAG(s) dict_keys(['tutorial_taskflow_api_virtualenv']) retrieved from /home/vscode/.local/lib/python3.10/site-packages/airflow/example_dags/tutorial_taskflow_api_virtualenv.py
[2026-09-17T01:01:00.788+0000] {logging_mixin.py:150} INFO - [2026-09-17T01:01:00.788+0000] {dag.py:2742} INFO - Sync 1 DAGs
[2026-09-17T01:01:00.819+0000] {logging_mixin.py:150} INFO - [2026-09-17T01:01:00.819+0000] {dag.py:3504} INFO - Setting next_dagrun for tutorial_taskflow_api_virtualenv to None, run_after=None
[2026-09-17T01:01:00.844+0000] {processor.py:179} INFO - Processing /home/vscode/.local/lib/python3.10/site-packages/airflow/example_dags/tutorial_taskflow_api_virtualenv.py took 0.086 seconds
[2026-09-17T01:01:14.643+0000] {processor.py:157} INFO - Started process (PID=25626) to work on /home/vscode/.local/lib/python3.10/site-packages/airflow/example_dags/tutorial_taskflow_api_virtualenv.py
[2026-09-17T01:01:14.644+0000] {processor.py:826} INFO - Processing file /home/vscode/.local/lib/python3.10/site-packages/airflow/example_dags/tutorial_taskflow_api_virtualenv.py for tasks to queue
[2026-09-17T01:01:14.645+0000] {logging_mixin.py:150} INFO - [2026-09-17T01:01:14.644+0000] {dagbag.py:541} INFO - Filling up the DagBag from /home/vscode/.local/lib/python3.10/site-packages/airflow/example_dags/tutorial_taskflow_api_virtualenv.py
[2026-09-17T01:01:14.650+0000] {processor.py:836} INFO - DAG(s) dict_keys(['tutorial_taskflow_api_virtualenv']) retrieved from /home/vscode/.local/lib/python3.10/site-packages/airflow/example_dags/tutorial_taskflow_api_virtualenv.py
[2026-09-17T01:01:14.663+0000] {logging_mixin.py:150} INFO - [2026-09-17T01:01:14.663+0000] {dag.py:2742} INFO - Sync 1 DAGs
[2026-09-17T01:01:14.677+0000] {logging_mixin.py:150} INFO - [2026-09-17T01:01:14.676+0000] {dag.py:3504} INFO - Setting next_dagrun for tutorial_taskflow_api_virtualenv to None, run_after=None
[2026-09-17T01:01:14.699+0000] {processor.py:179} INFO - Processing /home/vscode/.local/lib/python3.10/site-packages/airflow/example_dags/tutorial_taskflow_api_virtualenv.py took 0.058 seconds
[2026-09-17T01:01:35.223+0000] {processor.py:157} INFO - Started process (PID=25800) to work on /home/vscode/.local/lib/python3.10/site-packages/airflow/example_dags/tutorial_taskflow_api_virtualenv.py
[2026-09-17T01:01:35.224+0000] {processor.py:826} INFO - Processing file /home/vscode/.local/lib/python3.10/site-packages/airflow/example_dags/tutorial_taskflow_api_virtualenv.py for tasks to queue
[2026-09-17T01:01:35.225+0000] {logging_mixin.py:150} INFO - [2026-09-17T01:01:35.224+0000] {dagbag.py:541} INFO - Filling up the DagBag from /home/vscode/.local/lib/python3.10/site-packages/airflow/example_dags/tutorial_taskflow_api_virtualenv.py
[2026-09-17T01:01:35.230+0000] {processor.py:836} INFO - DAG(s) dict_keys(['tutorial_taskflow_api_virtualenv']) retrieved from /home/vscode/.local/lib/python3.10/site-packages/airflow/example_dags/tutorial_taskflow_api_virtualenv.py
[2026-09-17T01:01:35.243+0000] {logging_mixin.py:150} INFO - [2026-09-17T01:01:35.243+0000] {dag.py:2742} INFO - Sync 1 DAGs
[2026-09-17T01:01:35.257+0000] {logging_mixin.py:150} INFO - [2026-09-17T01:01:35.257+0000] {dag.py:3504} INFO - Setting next_dagrun for tutorial_taskflow_api_virtualenv to None, run_after=None
[2026-09-17T01:01:35.276+0000] {processor.py:179} INFO - Processing /home/vscode/.local/lib/python3.10/site-packages/airflow/example_dags/tutorial_taskflow_api_virtualenv.py took 0.055 seconds
[2026-09-17T01:01:49.472+0000] {processor.py:157} INFO - Started process (PID=25910) to work on /home/vscode/.local/lib/python3.10/site-packages/airflow/example_dags/tutorial_taskflow_api_virtualenv.py
[2026-09-17T01:01:49.473+0000] {processor.py:826} INFO - Processing file /home/vscode/.local/lib/python3.10/site-packages/airflow/example_dags/tutorial_taskflow_api_virtualenv.py for tasks to queue
[2026-09-17T01:01:49.474+0000] {logging_mixin.py:150} INFO - [2026-09-17T01:01:49.473+0000] {dagbag.py:541} INFO - Filling up the DagBag from /home/vscode/.local/lib/python3.10/site-packages/airflow/example_dags/tutorial_taskflow_api_virtualenv.py
[2026-09-17T01:01:49.479+0000] {processor.py:836} INFO - DAG(s) dict_keys(['tutorial_taskflow_api_virtualenv']) retrieved from /home/vscode/.local/lib/python3.10/site-packages/airflow/example_dags/tutorial_taskflow_api_virtualenv.py
[2026-09-17T01:01:49.496+0000] {logging_mixin.py:150} INFO - [2026-09-17T01:01:49.495+0000] {dag.py:2742} INFO - Sync 1 DAGs
[2026-09-17T01:01:49.518+0000] {logging_mixin.py:150} INFO - [2026-09-17T01:01:49.518+0000] {dag.py:3504} INFO - Setting next_dagrun for tutorial_taskflow_api_virtualenv to None, run_after=None
[2026-09-17T01:01:49.542+0000] {processor.py:179} INFO - Processing /home/vscode/.local/lib/python3.10/site-packages/airflow/example_dags/tutorial_taskflow_api_virtualenv.py took 0.072 seconds
[2026-09-17T01:02:19.415+0000] {processor.py:157} INFO - Started process (PID=26166) to work on /home/vscode/.local/lib/python3.10/site-packages/airflow/example_dags/tutorial_taskflow_api_virtualenv.py
[2026-09-17T01:02:19.415+0000] {processor.py:826} INFO - Processing file /home/vscode/.local/lib/python3.10/site-packages/airflow/example_dags/tutorial_taskflow_api_virtualenv.py for tasks to queue
[2026-09-17T01:02:19.416+0000] {logging_mixin.py:150} INFO - [2026-09-17T01:02:19.416+0000] {dagbag.py:541} INFO - Filling up the DagBag from /home/vscode/.local/lib/python3.10/site-packages/airflow/example_dags/tutorial_taskflow_api_virtualenv.py
[2026-09-17T01:02:19.422+0000] {processor.py:836} INFO - DAG(s) dict_keys(['tutorial_taskflow_api_virtualenv']) retrieved from /home/vscode/.local/lib/python3.10/site-packages/airflow/example_dags/tutorial_taskflow_api_virtualenv.py
[2026-09-17T01:02:19.435+0000] {logging_mixin.py:150} INFO - [2026-09-17T01:02:19.435+0000] {dag.py:2742} INFO - Sync 1 DAGs
[2026-09-17T01:02:19.453+0000] {logging_mixin.py:150} INFO - [2026-09-17T01:02:19.453+0000] {dag.py:3504} INFO - Setting next_dagrun for tutorial_taskflow_api_virtualenv to None, run_after=None
[2026-09-17T01:02:19.470+0000] {processor.py:179} INFO - Processing /home/vscode/.local/lib/python3.10/site-packages/airflow/example_dags/tutorial_taskflow_api_virtualenv.py took 0.058 seconds
[2026-09-17T01:02:25.474+0000] {processor.py:157} INFO - Started process (PID=26218) to work on /home/vscode/.local/lib/python3.10/site-packages/airflow/example_dags/tutorial_taskflow_api_virtualenv.py
[2026-09-17T01:02:25.474+0000] {processor.py:826} INFO - Processing file /home/vscode/.local/lib/python3.10/site-packages/airflow/example_dags/tutorial_taskflow_api_virtualenv.py for tasks to queue
[2026-09-17T01:02:25.475+0000] {logging_mixin.py:150} INFO - [2026-09-17T01:02:25.475+0000] {dagbag.py:541} INFO - Filling up the DagBag from /home/vscode/.local/lib/python3.10/site-packages/airflow/example_dags/tutorial_taskflow_api_virtualenv.py
[2026-09-17T01:02:25.481+0000] {processor.py:836} INFO - DAG(s) dict_keys(['tutorial_taskflow_api_virtualenv']) retrieved from /home/vscode/.local/lib/python3.10/site-packages/airflow/example_dags/tutorial_taskflow_api_virtualenv.py
[2026-09-17T01:02:25.498+0000] {logging_mixin.py:150} INFO - [2026-09-17T01:02:25.497+0000] {dag.py:2742} INFO - Sync 1 DAGs
[2026-09-17T01:02:25.513+0000] {logging_mixin.py:150} INFO - [2026-09-17T01:02:25.512+0000] {dag.py:3504} INFO - Setting next_dagrun for tutorial_taskflow_api_virtualenv to None, run_after=None
[2026-09-17T01:02:25.529+0000] {processor.py:179} INFO - Processing /home/vscode/.local/lib/python3.10/site-packages/airflow/example_dags/tutorial_taskflow_api_virtualenv.py took 0.058 seconds
[2026-09-17T01:03:00.546+0000] {processor.py:157} INFO - Started process (PID=26515) to work on /home/vscode/.local/lib/python3.10/site-packages/airflow/example_dags/tutorial_taskflow_api_virtualenv.py
[2026-09-17T01:03:00.547+0000] {processor.py:826} INFO - Processing file /home/vscode/.local/lib/python3.10/site-packages/airflow/example_dags/tutorial_taskflow_api_virtualenv.py for tasks to queue
[2026-09-17T01:03:00.548+0000] {logging_mixin.py:150} INFO - [2026-09-17T01:03:00.547+0000] {dagbag.py:541} INFO - Filling up the DagBag from /home/vscode/.local/lib/python3.10/site-packages/airflow/example_dags/tutorial_taskflow_api_virtualenv.py
[2026-09-17T01:03:00.553+0000] {processor.py:836} INFO - DAG(s) dict_keys(['tutorial_taskflow_api_virtualenv']) retrieved from /home/vscode/.local/lib/python3.10/site-packages/airflow/example_dags/tutorial_taskflow_api_virtualenv.py
[2026-09-17T01:03:00.566+0000] {logging_mixin.py:150} INFO - [2026-09-17T01:03:00.566+0000] {dag.py:2742} INFO - Sync 1 DAGs
[2026-09-17T01:03:00.581+0000] {logging_mixin.py:150} INFO - [2026-09-17T01:03:00.580+0000] {dag.py:3504} INFO - Setting next_dagrun for tutorial_taskflow_api_virtualenv to None, run_after=None
[2026-09-17T01:03:00.610+0000] {processor.py:179} INFO - Processing /home/vscode/.local/lib/python3.10/site-packages/airflow/example_dags/tutorial_taskflow_api_virtualenv.py took 0.066 seconds
[2026-09-17T01:03:06.910+0000] {processor.py:157} INFO - Started process (PID=26569) to work on /home/vscode/.local/lib/python3.10/site-packages/airflow/example_dags/tutorial_taskflow_api_virtualenv.py
[2026-09-17T01:03:06.911+0000] {processor.py:826} INFO - Processing file /home/vscode/.local/lib/python3.10/site-packages/airflow/example_dags/tutorial_taskflow_api_virtualenv.py for tasks to queue
[2026-09-17T01:03:06.912+0000] {logging_mixin.py:150} INFO - [2026-09-17T01:03:06.912+0000] {dagbag.py:541} INFO - Filling up the DagBag from /home/vscode/.local/lib/python3.10/site-packages/airflow/example_dags/tutorial_taskflow_api_virtualenv.py
[2026-09-17T01:03:06.920+0000] {processor.py:836} INFO - DAG(s) dict_keys(['tutorial_taskflow_api_virtualenv']) retrieved from /home/vscode/.local/lib/python3.10/site-packages/airflow/example_dags/tutorial_taskflow_api_virtualenv.py
[2026-09-17T01:03:06.936+0000] {logging_mixin.py:150} INFO - [2026-09-17T01:03:06.936+0000] {dag.py:2742} INFO - Sync 1 DAGs
[2026-09-17T01:03:06.950+0000] {logging_mixin.py:150} INFO - [2026-09-17T01:03:06.950+0000] {dag.py:3504} INFO - Setting next_dagrun for tutorial_taskflow_api_virtualenv to None, run_after=None
[2026-09-17T01:03:06.970+0000] {processor.py:179} INFO - Processing /home/vscode/.local/lib/python3.10/site-packages/airflow/example_dags/tutorial_taskflow_api_virtualenv.py took 0.063 seconds
[2026-09-17T01:03:36.020+0000] {processor.py:157} INFO - Started process (PID=26826) to work on /home/vscode/.local/lib/python3.10/site-packages/airflow/example_dags/tutorial_taskflow_api_virtualenv.py
[2026-09-17T01:03:36.021+0000] {processor.py:826} INFO - Processing file /home/vscode/.local/lib/python3.10/site-packages/airflow/example_dags/tutorial_taskflow_api_virtualenv.py for tasks to queue
[2026-09-17T01:03:36.022+0000] {logging_mixin.py:150} INFO - [2026-09-17T01:03:36.021+0000] {dagbag.py:541} INFO - Filling up the DagBag from /home/vscode/.local/lib/python3.10/site-packages/airflow/example_dags/tutorial_taskflow_api_virtualenv.py
[2026-09-17T01:03:36.028+0000] {processor.py:836} INFO - DAG(s) dict_keys(['tutorial_taskflow_api_virtualenv']) retrieved from /home/vscode/.local/lib/python3.10/site-packages/airflow/example_dags/tutorial_taskflow_api_virtualenv.py
[2026-09-17T01:03:36.044+0000] {logging_mixin.py:150} INFO - [2026-09-17T01:03:36.044+0000] {dag.py:2742} INFO - Sync 1 DAGs
[2026-09-17T01:03:36.058+0000] {logging_mixin.py:150} INFO - [2026-09-17T01:03:36.058+0000] {dag.py:3504} INFO - Setting next_dagrun for tutorial_taskflow_api_virtualenv to None, run_after=None
[2026-09-17T01:03:36.075+0000] {processor.py:179} INFO - Processing /home/vscode/.local/lib/python3.10/site-packages/airflow/example_dags/tutorial_taskflow_api_virtualenv.py took 0.057 seconds
[2026-09-17T01:03:54.325+0000] {processor.py:157} INFO - Started process (PID=26980) to work on /home/vscode/.local/lib/python3.10/site-packages/airflow/example_dags/tutorial_taskflow_api_virtualenv.py
[2026-09-17T01:03:54.326+0000] {processor.py:826} INFO - Processing file /home/vscode/.local/lib/python3.10/site-packages/airflow/example_dags/tutorial_taskflow_api_virtualenv.py for tasks to queue
[2026-09-17T01:03:54.327+0000] {logging_mixin.py:150} INFO - [2026-09-17T01:03:54.327+0000] {dagbag.py:541} INFO - Filling up the DagBag from /home/vscode/.local/lib/python3.10/site-packages/airflow/example_dags/tutorial_taskflow_api_virtualenv.py
[2026-09-17T01:03:54.333+0000] {processor.py:836} INFO - DAG(s) dict_keys(['tutorial_taskflow_api_virtualenv']) retrieved from /home/vscode/.local/lib/python3.10/site-packages/airflow/example_dags/tutorial_taskflow_api_virtualenv.py
[2026-09-17T01:03:54.347+0000] {logging_mixin.py:150} INFO - [2026-09-17T01:03:54.347+0000] {dag.py:2742} INFO - Sync 1 DAGs
[2026-09-17T01:03:54.361+0000] {logging_mixin.py:150} INFO - [2026-09-17T01:03:54.361+0000] {dag.py:3504} INFO - Setting next_dagrun for tutorial_taskflow_api_virtualenv to None, run_after=None
[2026-09-17T01:03:54.378+0000] {processor.py:179} INFO - Processing /home/vscode/.local/lib/python3.10/site-packages/airflow/example_dags/tutorial_taskflow_api_virtualenv.py took 0.055 seconds
[2026-09-17T01:04:24.305+0000] {processor.py:157} INFO - Started process (PID=27237) to work on /home/vscode/.local/lib/python3.10/site-packages/airflow/example_dags/tutorial_taskflow_api_virtualenv.py
[2026-09-17T01:04:24.306+0000] {processor.py:826} INFO - Processing file /home/vscode/.local/lib/python3.10/site-packages/airflow/example_dags/tutorial_taskflow_api_virtualenv.py for tasks to queue
[2026-09-17T01:04:24.306+0000] {logging_mixin.py:150} INFO - [2026-09-17T01:04:24.306+0000] {dagbag.py:541} INFO - Filling up the DagBag from /home/vscode/.local/lib/python3.10/site-packages/airflow/example_dags/tutorial_taskflow_api_virtualenv.py
[2026-09-17T01:04:24.312+0000] {processor.py:836} INFO - DAG(s) dict_keys(['tutorial_taskflow_api_virtualenv']) retrieved from /home/vscode/.local/lib/python3.10/site-packages/airflow/example_dags/tutorial_taskflow_api_virtualenv.py
[2026-09-17T01:04:24.324+0000] {logging_mixin.py:150} INFO - [2026-09-17T01:04:24.324+0000] {dag.py:2742} INFO - Sync 1 DAGs
[2026-09-17T01:04:24.342+0000] {logging_mixin.py:150} INFO - [2026-09-17T01:04:24.342+0000] {dag.py:3504} INFO - Setting next_dagrun for tutorial_taskflow_api_virtualenv to None, run_after=None
[2026-09-17T01:04:24.369+0000] {processor.py:179} INFO - Processing /home/vscode/.local/lib/python3.10/site-packages/airflow/example_dags/tutorial_taskflow_api_virtualenv.py took 0.066 seconds
[2026-09-17T01:04:29.663+0000] {processor.py:157} INFO - Started process (PID=27278) to work on /home/vscode/.local/lib/python3.10/site-packages/airflow/example_dags/tutorial_taskflow_api_virtualenv.py
[2026-09-17T01:04:29.664+0000] {processor.py:826} INFO - Processing file /home/vscode/.local/lib/python3.10/site-packages/airflow/example_dags/tutorial_taskflow_api_virtualenv.py for tasks to queue
[2026-09-17T01:04:29.665+0000] {logging_mixin.py:150} INFO - [2026-09-17T01:04:29.665+0000] {dagbag.py:541} INFO - Filling up the DagBag from /home/vscode/.local/lib/python3.10/site-packages/airflow/example_dags/tutorial_taskflow_api_virtualenv.py
[2026-09-17T01:04:29.674+0000] {processor.py:836} INFO - DAG(s) dict_keys(['tutorial_taskflow_api_virtualenv']) retrieved from /home/vscode/.local/lib/python3.10/site-packages/airflow/example_dags/tutorial_taskflow_api_virtualenv.py
[2026-09-17T01:04:29.692+0000] {logging_mixin.py:150} INFO - [2026-09-17T01:04:29.692+0000] {dag.py:2742} INFO - Sync 1 DAGs
[2026-09-17T01:04:29.714+0000] {logging_mixin.py:150} INFO - [2026-09-17T01:04:29.714+0000] {dag.py:3504} INFO - Setting next_dagrun for tutorial_taskflow_api_virtualenv to None, run_after=None
[2026-09-17T01:04:29.747+0000] {processor.py:179} INFO - Processing /home/vscode/.local/lib/python3.10/site-packages/airflow/example_dags/tutorial_taskflow_api_virtualenv.py took 0.087 seconds
[2026-09-17T01:04:57.532+0000] {processor.py:157} INFO - Started process (PID=27511) to work on /home/vscode/.local/lib/python3.10/site-packages/airflow/example_dags/tutorial_taskflow_api_virtualenv.py
[2026-09-17T01:04:57.533+0000] {processor.py:826} INFO - Processing file /home/vscode/.local/lib/python3.10/site-packages/airflow/example_dags/tutorial_taskflow_api_virtualenv.py for tasks to queue
[2026-09-17T01:04:57.534+0000] {logging_mixin.py:150} INFO - [2026-09-17T01:04:57.533+0000] {dagbag.py:541} INFO - Filling up the DagBag from /home/vscode/.local/lib/python3.10/site-packages/airflow/example_dags/tutorial_taskflow_api_virtualenv.py
[2026-09-17T01:04:57.544+0000] {processor.py:836} INFO - DAG(s) dict_keys(['tutorial_taskflow_api_virtualenv']) retrieved from /home/vscode/.local/lib/python3.10/site-packages/airflow/example_dags/tutorial_taskflow_api_virtualenv.py
[2026-09-17T01:04:57.558+0000] {logging_mixin.py:150} INFO - [2026-09-17T01:04:57.558+0000] {dag.py:2742} INFO - Sync 1 DAGs
[2026-09-17T01:04:57.580+0000] {logging_mixin.py:150} INFO - [2026-09-17T01:04:57.580+0000] {dag.py:3504} INFO - Setting next_dagrun for tutorial_taskflow_api_virtualenv to None, run_after=None
[2026-09-17T01:04:57.600+0000] {processor.py:179} INFO - Processing /home/vscode/.local/lib/python3.10/site-packages/airflow/example_dags/tutorial_taskflow_api_virtualenv.py took 0.071 seconds
[2026-09-17T01:05:04.048+0000] {processor.py:157} INFO - Started process (PID=27566) to work on /home/vscode/.local/lib/python3.10/site-packages/airflow/example_dags/tutorial_taskflow_api_virtualenv.py
[2026-09-17T01:05:04.049+0000] {processor.py:826} INFO - Processing file /home/vscode/.local/lib/python3.10/site-packages/airflow/example_dags/tutorial_taskflow_api_virtualenv.py for tasks to queue
[2026-09-17T01:05:04.049+0000] {logging_mixin.py:150} INFO - [2026-09-17T01:05:04.049+0000] {dagbag.py:541} INFO - Filling up the DagBag from /home/vscode/.local/lib/python3.10/site-packages/airflow/example_dags/tutorial_taskflow_api_virtualenv.py
[2026-09-17T01:05:04.055+0000] {processor.py:836} INFO - DAG(s) dict_keys(['tutorial_taskflow_api_virtualenv']) retrieved from /home/vscode/.local/lib/python3.10/site-packages/airflow/example_dags/tutorial_taskflow_api_virtualenv.py
[2026-09-17T01:05:04.068+0000] {logging_mixin.py:150} INFO - [2026-09-17T01:05:04.068+0000] {dag.py:2742} INFO - Sync 1 DAGs
[2026-09-17T01:05:04.083+0000] {logging_mixin.py:150} INFO - [2026-09-17T01:05:04.083+0000] {dag.py:3504} INFO - Setting next_dagrun for tutorial_taskflow_api_virtualenv to None, run_after=None
[2026-09-17T01:05:04.109+0000] {processor.py:179} INFO - Processing /home/vscode/.local/lib/python3.10/site-packages/airflow/example_dags/tutorial_taskflow_api_virtualenv.py took 0.063 seconds
[2026-09-17T01:05:29.639+0000] {processor.py:157} INFO - Started process (PID=27776) to work on /home/vscode/.local/lib/python3.10/site-packages/airflow/example_dags/tutorial_taskflow_api_virtualenv.py
[2026-09-17T01:05:29.639+0000] {processor.py:826} INFO - Processing file /home/vscode/.local/lib/python3.10/site-packages/airflow/example_dags/tutorial_taskflow_api_virtualenv.py for tasks to queue
[2026-09-17T01:05:29.640+0000] {logging_mixin.py:150} INFO - [2026-09-17T01:05:29.640+0000] {dagbag.py:541} INFO - Filling up the DagBag from /home/vscode/.local/lib/python3.10/site-packages/airflow/example_dags/tutorial_taskflow_api_virtualenv.py
[2026-09-17T01:05:29.645+0000] {processor.py:836} INFO - DAG(s) dict_keys(['tutorial_taskflow_api_virtualenv']) retrieved from /home/vscode/.local/lib/python3.10/site-packages/airflow/example_dags/tutorial_taskflow_api_virtualenv.py
[2026-09-17T01:05:29.658+0000] {logging_mixin.py:150} INFO - [2026-09-17T01:05:29.658+0000] {dag.py:2742} INFO - Sync 1 DAGs
[2026-09-17T01:05:29.672+0000] {logging_mixin.py:150} INFO - [2026-09-17T01:05:29.671+0000] {dag.py:3504} INFO - Setting next_dagrun for tutorial_taskflow_api_virtualenv to None, run_after=None
[2026-09-17T01:05:29.694+0000] {processor.py:179} INFO - Processing /home/vscode/.local/lib/python3.10/site-packages/airflow/example_dags/tutorial_taskflow_api_virtualenv.py took 0.058 seconds
[2026-09-17T01:05:36.444+0000] {processor.py:157} INFO - Started process (PID=27843) to work on /home/vscode/.local/lib/python3.10/site-packages/airflow/example_dags/tutorial_taskflow_api_virtualenv.py
[2026-09-17T01:05:36.445+0000] {processor.py:826} INFO - Processing file /home/vscode/.local/lib/python3.10/site-packages/airflow/example_dags/tutorial_taskflow_api_virtualenv.py for tasks to queue
[2026-09-17T01:05:36.446+0000] {logging_mixin.py:150} INFO - [2026-09-17T01:05:36.446+0000] {dagbag.py:541} INFO - Filling up the DagBag from /home/vscode/.local/lib/python3.10/site-packages/airflow/example_dags/tutorial_taskflow_api_virtualenv.py
[2026-09-17T01:05:36.451+0000] {processor.py:836} INFO - DAG(s) dict_keys(['tutorial_taskflow_api_virtualenv']) retrieved from /home/vscode/.local/lib/python3.10/site-packages/airflow/example_dags/tutorial_taskflow_api_virtualenv.py
[2026-09-17T01:05:36.464+0000] {logging_mixin.py:150} INFO - [2026-09-17T01:05:36.464+0000] {dag.py:2742} INFO - Sync 1 DAGs
[2026-09-17T01:05:36.478+0000] {logging_mixin.py:150} INFO - [2026-09-17T01:05:36.478+0000] {dag.py:3504} INFO - Setting next_dagrun for tutorial_taskflow_api_virtualenv to None, run_after=None
[2026-09-17T01:05:36.498+0000] {processor.py:179} INFO - Processing /home/vscode/.local/lib/python3.10/site-packages/airflow/example_dags/tutorial_taskflow_api_virtualenv.py took 0.056 seconds
[2026-09-17T01:06:10.010+0000] {processor.py:157} INFO - Started process (PID=28157) to work on /home/vscode/.local/lib/python3.10/site-packages/airflow/example_dags/tutorial_taskflow_api_virtualenv.py
[2026-09-17T01:06:10.011+0000] {processor.py:826} INFO - Processing file /home/vscode/.local/lib/python3.10/site-packages/airflow/example_dags/tutorial_taskflow_api_virtualenv.py for tasks to queue
[2026-09-17T01:06:10.011+0000] {logging_mixin.py:150} INFO - [2026-09-17T01:06:10.011+0000] {dagbag.py:541} INFO - Filling up the DagBag from /home/vscode/.local/lib/python3.10/site-packages/airflow/example_dags/tutorial_taskflow_api_virtualenv.py
[2026-09-17T01:06:10.017+0000] {processor.py:836} INFO - DAG(s) dict_keys(['tutorial_taskflow_api_virtualenv']) retrieved from /home/vscode/.local/lib/python3.10/site-packages/airflow/example_dags/tutorial_taskflow_api_virtualenv.py
[2026-09-17T01:06:10.030+0000] {logging_mixin.py:150} INFO - [2026-09-17T01:06:10.030+0000] {dag.py:2742} INFO - Sync 1 DAGs
[2026-09-17T01:06:10.045+0000] {logging_mixin.py:150} INFO - [2026-09-17T01:06:10.044+0000] {dag.py:3504} INFO - Setting next_dagrun for tutorial_taskflow_api_virtualenv to None, run_after=None
[2026-09-17T01:06:10.062+0000] {processor.py:179} INFO - Processing /home/vscode/.local/lib/python3.10/site-packages/airflow/example_dags/tutorial_taskflow_api_virtualenv.py took 0.054 seconds
[2026-09-17T01:06:16.116+0000] {processor.py:157} INFO - Started process (PID=28210) to work on /home/vscode/.local/lib/python3.10/site-packages/airflow/example_dags/tutorial_taskflow_api_virtualenv.py
[2026-09-17T01:06:16.117+0000] {processor.py:826} INFO - Processing file /home/vscode/.local/lib/python3.10/site-packages/airflow/example_dags/tutorial_taskflow_api_virtualenv.py for tasks to queue
[2026-09-17T01:06:16.118+0000] {logging_mixin.py:150} INFO - [2026-09-17T01:06:16.117+0000] {dagbag.py:541} INFO - Filling up the DagBag from /home/vscode/.local/lib/python3.10/site-packages/airflow/example_dags/tutorial_taskflow_api_virtualenv.py
[2026-09-17T01:06:16.123+0000] {processor.py:836} INFO - DAG(s) dict_keys(['tutorial_taskflow_api_virtualenv']) retrieved from /home/vscode/.local/lib/python3.10/site-packages/airflow/example_dags/tutorial_taskflow_api_virtualenv.py
[2026-09-17T01:06:16.135+0000] {logging_mixin.py:150} INFO - [2026-09-17T01:06:16.135+0000] {dag.py:2742} INFO - Sync 1 DAGs
[2026-09-17T01:06:16.150+0000] {logging_mixin.py:150} INFO - [2026-09-17T01:06:16.150+0000] {dag.py:3504} INFO - Setting next_dagrun for tutorial_taskflow_api_virtualenv to None, run_after=None
[2026-09-17T01:06:16.167+0000] {processor.py:179} INFO - Processing /home/vscode/.local/lib/python3.10/site-packages/airflow/example_dags/tutorial_taskflow_api_virtualenv.py took 0.053 seconds
[2026-09-17T01:06:42.160+0000] {processor.py:157} INFO - Started process (PID=28432) to work on /home/vscode/.local/lib/python3.10/site-packages/airflow/example_dags/tutorial_taskflow_api_virtualenv.py
[2026-09-17T01:06:42.161+0000] {processor.py:826} INFO - Processing file /home/vscode/.local/lib/python3.10/site-packages/airflow/example_dags/tutorial_taskflow_api_virtualenv.py for tasks to queue
[2026-09-17T01:06:42.161+0000] {logging_mixin.py:150} INFO - [2026-09-17T01:06:42.161+0000] {dagbag.py:541} INFO - Filling up the DagBag from /home/vscode/.local/lib/python3.10/site-packages/airflow/example_dags/tutorial_taskflow_api_virtualenv.py
[2026-09-17T01:06:42.167+0000] {processor.py:836} INFO - DAG(s) dict_keys(['tutorial_taskflow_api_virtualenv']) retrieved from /home/vscode/.local/lib/python3.10/site-packages/airflow/example_dags/tutorial_taskflow_api_virtualenv.py
[2026-09-17T01:06:42.180+0000] {logging_mixin.py:150} INFO - [2026-09-17T01:06:42.180+0000] {dag.py:2742} INFO - Sync 1 DAGs
[2026-09-17T01:06:42.198+0000] {logging_mixin.py:150} INFO - [2026-09-17T01:06:42.198+0000] {dag.py:3504} INFO - Setting next_dagrun for tutorial_taskflow_api_virtualenv to None, run_after=None
[2026-09-17T01:06:42.214+0000] {processor.py:179} INFO - Processing /home/vscode/.local/lib/python3.10/site-packages/airflow/example_dags/tutorial_taskflow_api_virtualenv.py took 0.057 seconds
[2026-09-17T01:06:51.867+0000] {processor.py:157} INFO - Started process (PID=28507) to work on /home/vscode/.local/lib/python3.10/site-packages/airflow/example_dags/tutorial_taskflow_api_virtualenv.py
[2026-09-17T01:06:51.868+0000] {processor.py:826} INFO - Processing file /home/vscode/.local/lib/python3.10/site-packages/airflow/example_dags/tutorial_taskflow_api_virtualenv.py for tasks to queue
[2026-09-17T01:06:51.869+0000] {logging_mixin.py:150} INFO - [2026-09-17T01:06:51.869+0000] {dagbag.py:541} INFO - Filling up the DagBag from /home/vscode/.local/lib/python3.10/site-packages/airflow/example_dags/tutorial_taskflow_api_virtualenv.py
[2026-09-17T01:06:51.877+0000] {processor.py:836} INFO - DAG(s) dict_keys(['tutorial_taskflow_api_virtualenv']) retrieved from /home/vscode/.local/lib/python3.10/site-packages/airflow/example_dags/tutorial_taskflow_api_virtualenv.py
[2026-09-17T01:06:51.899+0000] {logging_mixin.py:150} INFO - [2026-09-17T01:06:51.899+0000] {dag.py:2742} INFO - Sync 1 DAGs
[2026-09-17T01:06:51.920+0000] {logging_mixin.py:150} INFO - [2026-09-17T01:06:51.920+0000] {dag.py:3504} INFO - Setting next_dagrun for tutorial_taskflow_api_virtualenv to None, run_after=None
[2026-09-17T01:06:51.944+0000] {processor.py:179} INFO - Processing /home/vscode/.local/lib/python3.10/site-packages/airflow/example_dags/tutorial_taskflow_api_virtualenv.py took 0.080 seconds
[2026-09-17T01:07:16.963+0000] {processor.py:157} INFO - Started process (PID=28724) to work on /home/vscode/.local/lib/python3.10/site-packages/airflow/example_dags/tutorial_taskflow_api_virtualenv.py
[2026-09-17T01:07:16.964+0000] {processor.py:826} INFO - Processing file /home/vscode/.local/lib/python3.10/site-packages/airflow/example_dags/tutorial_taskflow_api_virtualenv.py for tasks to queue
[2026-09-17T01:07:16.965+0000] {logging_mixin.py:150} INFO - [2026-09-17T01:07:16.964+0000] {dagbag.py:541} INFO - Filling up the DagBag from /home/vscode/.local/lib/python3.10/site-packages/airflow/example_dags/tutorial_taskflow_api_virtualenv.py
[2026-09-17T01:07:16.970+0000] {processor.py:836} INFO - DAG(s) dict_keys(['tutorial_taskflow_api_virtualenv']) retrieved from /home/vscode/.local/lib/python3.10/site-packages/airflow/example_dags/tutorial_taskflow_api_virtualenv.py
[2026-09-17T01:07:16.983+0000] {logging_mixin.py:150} INFO - [2026-09-17T01:07:16.983+0000] {dag.py:2742} INFO - Sync 1 DAGs
[2026-09-17T01:07:17.002+0000] {logging_mixin.py:150} INFO - [2026-09-17T01:07:17.002+0000] {dag.py:3504} INFO - Setting next_dagrun for tutorial_taskflow_api_virtualenv to None, run_after=None
[2026-09-17T01:07:17.019+0000] {processor.py:179} INFO - Processing /home/vscode/.local/lib/python3.10/site-packages/airflow/example_dags/tutorial_taskflow_api_virtualenv.py took 0.058 seconds
[2026-09-17T01:07:25.045+0000] {processor.py:157} INFO - Started process (PID=28793) to work on /home/vscode/.local/lib/python3.10/site-packages/airflow/example_dags/tutorial_taskflow_api_virtualenv.py
[2026-09-17T01:07:25.045+0000] {processor.py:826} INFO - Processing file /home/vscode/.local/lib/python3.10/site-packages/airflow/example_dags/tutorial_taskflow_api_virtualenv.py for tasks to queue
[2026-09-17T01:07:25.046+0000] {logging_mixin.py:150} INFO - [2026-09-17T01:07:25.046+0000] {dagbag.py:541} INFO - Filling up the DagBag from /home/vscode/.local/lib/python3.10/site-packages/airflow/example_dags/tutorial_taskflow_api_virtualenv.py
[2026-09-17T01:07:25.056+0000] {processor.py:836} INFO - DAG(s) dict_keys(['tutorial_taskflow_api_virtualenv']) retrieved from /home/vscode/.local/lib/python3.10/site-packages/airflow/example_dags/tutorial_taskflow_api_virtualenv.py
[2026-09-17T01:07:25.073+0000] {logging_mixin.py:150} INFO - [2026-09-17T01:07:25.073+0000] {dag.py:2742} INFO - Sync 1 DAGs
[2026-09-17T01:07:25.088+0000] {logging_mixin.py:150} INFO - [2026-09-17T01:07:25.088+0000] {dag.py:3504} INFO - Setting next_dagrun for tutorial_taskflow_api_virtualenv to None, run_after=None
[2026-09-17T01:07:25.108+0000] {processor.py:179} INFO - Processing /home/vscode/.local/lib/python3.10/site-packages/airflow/example_dags/tutorial_taskflow_api_virtualenv.py took 0.069 seconds
[2026-09-17T01:07:51.622+0000] {processor.py:157} INFO - Started process (PID=29013) to work on /home/vscode/.local/lib/python3.10/site-packages/airflow/example_dags/tutorial_taskflow_api_virtualenv.py
[2026-09-17T01:07:51.622+0000] {processor.py:826} INFO - Processing file /home/vscode/.local/lib/python3.10/site-packages/airflow/example_dags/tutorial_taskflow_api_virtualenv.py for tasks to queue
[2026-09-17T01:07:51.623+0000] {logging_mixin.py:150} INFO - [2026-09-17T01:07:51.623+0000] {dagbag.py:541} INFO - Filling up the DagBag from /home/vscode/.local/lib/python3.10/site-packages/airflow/example_dags/tutorial_taskflow_api_virtualenv.py
[2026-09-17T01:07:51.632+0000] {processor.py:836} INFO - DAG(s) dict_keys(['tutorial_taskflow_api_virtualenv']) retrieved from /home/vscode/.local/lib/python3.10/site-packages/airflow/example_dags/tutorial_taskflow_api_virtualenv.py
[2026-09-17T01:07:51.650+0000] {logging_mixin.py:150} INFO - [2026-09-17T01:07:51.650+0000] {dag.py:2742} INFO - Sync 1 DAGs
[2026-09-17T01:07:51.676+0000] {logging_mixin.py:150} INFO - [2026-09-17T01:07:51.676+0000] {dag.py:3504} INFO - Setting next_dagrun for tutorial_taskflow_api_virtualenv to None, run_after=None
[2026-09-17T01:07:51.705+0000] {processor.py:179} INFO - Processing /home/vscode/.local/lib/python3.10/site-packages/airflow/example_dags/tutorial_taskflow_api_virtualenv.py took 0.087 seconds
[2026-09-17T01:08:13.038+0000] {processor.py:157} INFO - Started process (PID=29192) to work on /home/vscode/.local/lib/python3.10/site-packages/airflow/example_dags/tutorial_taskflow_api_virtualenv.py
[2026-09-17T01:08:13.039+0000] {processor.py:826} INFO - Processing file /home/vscode/.local/lib/python3.10/site-packages/airflow/example_dags/tutorial_taskflow_api_virtualenv.py for tasks to queue
[2026-09-17T01:08:13.039+0000] {logging_mixin.py:150} INFO - [2026-09-17T01:08:13.039+0000] {dagbag.py:541} INFO - Filling up the DagBag from /home/vscode/.local/lib/python3.10/site-packages/airflow/example_dags/tutorial_taskflow_api_virtualenv.py
[2026-09-17T01:08:13.045+0000] {processor.py:836} INFO - DAG(s) dict_keys(['tutorial_taskflow_api_virtualenv']) retrieved from /home/vscode/.local/lib/python3.10/site-packages/airflow/example_dags/tutorial_taskflow_api_virtualenv.py
[2026-09-17T01:08:13.058+0000] {logging_mixin.py:150} INFO - [2026-09-17T01:08:13.058+0000] {dag.py:2742} INFO - Sync 1 DAGs
[2026-09-17T01:08:13.079+0000] {logging_mixin.py:150} INFO - [2026-09-17T01:08:13.078+0000] {dag.py:3504} INFO - Setting next_dagrun for tutorial_taskflow_api_virtualenv to None, run_after=None
[2026-09-17T01:08:13.115+0000] {processor.py:179} INFO - Processing /home/vscode/.local/lib/python3.10/site-packages/airflow/example_dags/tutorial_taskflow_api_virtualenv.py took 0.079 seconds
[2026-09-17T01:08:39.425+0000] {processor.py:157} INFO - Started process (PID=29429) to work on /home/vscode/.local/lib/python3.10/site-packages/airflow/example_dags/tutorial_taskflow_api_virtualenv.py
[2026-09-17T01:08:39.426+0000] {processor.py:826} INFO - Processing file /home/vscode/.local/lib/python3.10/site-packages/airflow/example_dags/tutorial_taskflow_api_virtualenv.py for tasks to queue
[2026-09-17T01:08:39.427+0000] {logging_mixin.py:150} INFO - [2026-09-17T01:08:39.427+0000] {dagbag.py:541} INFO - Filling up the DagBag from /home/vscode/.local/lib/python3.10/site-packages/airflow/example_dags/tutorial_taskflow_api_virtualenv.py
[2026-09-17T01:08:39.436+0000] {processor.py:836} INFO - DAG(s) dict_keys(['tutorial_taskflow_api_virtualenv']) retrieved from /home/vscode/.local/lib/python3.10/site-packages/airflow/example_dags/tutorial_taskflow_api_virtualenv.py
[2026-09-17T01:08:39.450+0000] {logging_mixin.py:150} INFO - [2026-09-17T01:08:39.449+0000] {dag.py:2742} INFO - Sync 1 DAGs
[2026-09-17T01:08:39.464+0000] {logging_mixin.py:150} INFO - [2026-09-17T01:08:39.464+0000] {dag.py:3504} INFO - Setting next_dagrun for tutorial_taskflow_api_virtualenv to None, run_after=None
[2026-09-17T01:08:39.481+0000] {processor.py:179} INFO - Processing /home/vscode/.local/lib/python3.10/site-packages/airflow/example_dags/tutorial_taskflow_api_virtualenv.py took 0.060 seconds
[2026-09-17T01:08:45.310+0000] {processor.py:157} INFO - Started process (PID=29485) to work on /home/vscode/.local/lib/python3.10/site-packages/airflow/example_dags/tutorial_taskflow_api_virtualenv.py
[2026-09-17T01:08:45.311+0000] {processor.py:826} INFO - Processing file /home/vscode/.local/lib/python3.10/site-packages/airflow/example_dags/tutorial_taskflow_api_virtualenv.py for tasks to queue
[2026-09-17T01:08:45.311+0000] {logging_mixin.py:150} INFO - [2026-09-17T01:08:45.311+0000] {dagbag.py:541} INFO - Filling up the DagBag from /home/vscode/.local/lib/python3.10/site-packages/airflow/example_dags/tutorial_taskflow_api_virtualenv.py
[2026-09-17T01:08:45.317+0000] {processor.py:836} INFO - DAG(s) dict_keys(['tutorial_taskflow_api_virtualenv']) retrieved from /home/vscode/.local/lib/python3.10/site-packages/airflow/example_dags/tutorial_taskflow_api_virtualenv.py
[2026-09-17T01:08:45.331+0000] {logging_mixin.py:150} INFO - [2026-09-17T01:08:45.331+0000] {dag.py:2742} INFO - Sync 1 DAGs
[2026-09-17T01:08:45.346+0000] {logging_mixin.py:150} INFO - [2026-09-17T01:08:45.346+0000] {dag.py:3504} INFO - Setting next_dagrun for tutorial_taskflow_api_virtualenv to None, run_after=None
[2026-09-17T01:08:45.362+0000] {processor.py:179} INFO - Processing /home/vscode/.local/lib/python3.10/site-packages/airflow/example_dags/tutorial_taskflow_api_virtualenv.py took 0.055 seconds
[2026-09-17T01:09:19.400+0000] {processor.py:157} INFO - Started process (PID=29770) to work on /home/vscode/.local/lib/python3.10/site-packages/airflow/example_dags/tutorial_taskflow_api_virtualenv.py
[2026-09-17T01:09:19.403+0000] {processor.py:826} INFO - Processing file /home/vscode/.local/lib/python3.10/site-packages/airflow/example_dags/tutorial_taskflow_api_virtualenv.py for tasks to queue
[2026-09-17T01:09:19.404+0000] {logging_mixin.py:150} INFO - [2026-09-17T01:09:19.404+0000] {dagbag.py:541} INFO - Filling up the DagBag from /home/vscode/.local/lib/python3.10/site-packages/airflow/example_dags/tutorial_taskflow_api_virtualenv.py
[2026-09-17T01:09:19.412+0000] {processor.py:836} INFO - DAG(s) dict_keys(['tutorial_taskflow_api_virtualenv']) retrieved from /home/vscode/.local/lib/python3.10/site-packages/airflow/example_dags/tutorial_taskflow_api_virtualenv.py
[2026-09-17T01:09:19.434+0000] {logging_mixin.py:150} INFO - [2026-09-17T01:09:19.434+0000] {dag.py:2742} INFO - Sync 1 DAGs
[2026-09-17T01:09:19.454+0000] {logging_mixin.py:150} INFO - [2026-09-17T01:09:19.454+0000] {dag.py:3504} INFO - Setting next_dagrun for tutorial_taskflow_api_virtualenv to None, run_after=None
[2026-09-17T01:09:19.490+0000] {processor.py:179} INFO - Processing /home/vscode/.local/lib/python3.10/site-packages/airflow/example_dags/tutorial_taskflow_api_virtualenv.py took 0.094 seconds
[2026-09-17T01:09:27.486+0000] {processor.py:157} INFO - Started process (PID=29840) to work on /home/vscode/.local/lib/python3.10/site-packages/airflow/example_dags/tutorial_taskflow_api_virtualenv.py
[2026-09-17T01:09:27.487+0000] {processor.py:826} INFO - Processing file /home/vscode/.local/lib/python3.10/site-packages/airflow/example_dags/tutorial_taskflow_api_virtualenv.py for tasks to queue
[2026-09-17T01:09:27.488+0000] {logging_mixin.py:150} INFO - [2026-09-17T01:09:27.487+0000] {dagbag.py:541} INFO - Filling up the DagBag from /home/vscode/.local/lib/python3.10/site-packages/airflow/example_dags/tutorial_taskflow_api_virtualenv.py
[2026-09-17T01:09:27.495+0000] {processor.py:836} INFO - DAG(s) dict_keys(['tutorial_taskflow_api_virtualenv']) retrieved from /home/vscode/.local/lib/python3.10/site-packages/airflow/example_dags/tutorial_taskflow_api_virtualenv.py
[2026-09-17T01:09:27.511+0000] {logging_mixin.py:150} INFO - [2026-09-17T01:09:27.510+0000] {dag.py:2742} INFO - Sync 1 DAGs
[2026-09-17T01:09:27.525+0000] {logging_mixin.py:150} INFO - [2026-09-17T01:09:27.525+0000] {dag.py:3504} INFO - Setting next_dagrun for tutorial_taskflow_api_virtualenv to None, run_after=None
[2026-09-17T01:09:27.541+0000] {processor.py:179} INFO - Processing /home/vscode/.local/lib/python3.10/site-packages/airflow/example_dags/tutorial_taskflow_api_virtualenv.py took 0.058 seconds
[2026-09-17T01:09:53.468+0000] {processor.py:157} INFO - Started process (PID=30056) to work on /home/vscode/.local/lib/python3.10/site-packages/airflow/example_dags/tutorial_taskflow_api_virtualenv.py
[2026-09-17T01:09:53.469+0000] {processor.py:826} INFO - Processing file /home/vscode/.local/lib/python3.10/site-packages/airflow/example_dags/tutorial_taskflow_api_virtualenv.py for tasks to queue
[2026-09-17T01:09:53.470+0000] {logging_mixin.py:150} INFO - [2026-09-17T01:09:53.469+0000] {dagbag.py:541} INFO - Filling up the DagBag from /home/vscode/.local/lib/python3.10/site-packages/airflow/example_dags/tutorial_taskflow_api_virtualenv.py
[2026-09-17T01:09:53.475+0000] {processor.py:836} INFO - DAG(s) dict_keys(['tutorial_taskflow_api_virtualenv']) retrieved from /home/vscode/.local/lib/python3.10/site-packages/airflow/example_dags/tutorial_taskflow_api_virtualenv.py
[2026-09-17T01:09:53.490+0000] {logging_mixin.py:150} INFO - [2026-09-17T01:09:53.490+0000] {dag.py:2742} INFO - Sync 1 DAGs
[2026-09-17T01:09:53.506+0000] {logging_mixin.py:150} INFO - [2026-09-17T01:09:53.506+0000] {dag.py:3504} INFO - Setting next_dagrun for tutorial_taskflow_api_virtualenv to None, run_after=None
[2026-09-17T01:09:53.522+0000] {processor.py:179} INFO - Processing /home/vscode/.local/lib/python3.10/site-packages/airflow/example_dags/tutorial_taskflow_api_virtualenv.py took 0.057 seconds
[2026-09-17T01:10:11.045+0000] {processor.py:157} INFO - Started process (PID=30208) to work on /home/vscode/.local/lib/python3.10/site-packages/airflow/example_dags/tutorial_taskflow_api_virtualenv.py
[2026-09-17T01:10:11.046+0000] {processor.py:826} INFO - Processing file /home/vscode/.local/lib/python3.10/site-packages/airflow/example_dags/tutorial_taskflow_api_virtualenv.py for tasks to queue
[2026-09-17T01:10:11.047+0000] {logging_mixin.py:150} INFO - [2026-09-17T01:10:11.046+0000] {dagbag.py:541} INFO - Filling up the DagBag from /home/vscode/.local/lib/python3.10/site-packages/airflow/example_dags/tutorial_taskflow_api_virtualenv.py
[2026-09-17T01:10:11.052+0000] {processor.py:836} INFO - DAG(s) dict_keys(['tutorial_taskflow_api_virtualenv']) retrieved from /home/vscode/.local/lib/python3.10/site-packages/airflow/example_dags/tutorial_taskflow_api_virtualenv.py
[2026-09-17T01:10:11.064+0000] {logging_mixin.py:150} INFO - [2026-09-17T01:10:11.064+0000] {dag.py:2742} INFO - Sync 1 DAGs
[2026-09-17T01:10:11.079+0000] {logging_mixin.py:150} INFO - [2026-09-17T01:10:11.079+0000] {dag.py:3504} INFO - Setting next_dagrun for tutorial_taskflow_api_virtualenv to None, run_after=None
[2026-09-17T01:10:11.099+0000] {processor.py:179} INFO - Processing /home/vscode/.local/lib/python3.10/site-packages/airflow/example_dags/tutorial_taskflow_api_virtualenv.py took 0.056 seconds
[2026-09-17T01:10:26.165+0000] {processor.py:157} INFO - Started process (PID=30339) to work on /home/vscode/.local/lib/python3.10/site-packages/airflow/example_dags/tutorial_taskflow_api_virtualenv.py
[2026-09-17T01:10:26.165+0000] {processor.py:826} INFO - Processing file /home/vscode/.local/lib/python3.10/site-packages/airflow/example_dags/tutorial_taskflow_api_virtualenv.py for tasks to queue
[2026-09-17T01:10:26.166+0000] {logging_mixin.py:150} INFO - [2026-09-17T01:10:26.166+0000] {dagbag.py:541} INFO - Filling up the DagBag from /home/vscode/.local/lib/python3.10/site-packages/airflow/example_dags/tutorial_taskflow_api_virtualenv.py
[2026-09-17T01:10:26.171+0000] {processor.py:836} INFO - DAG(s) dict_keys(['tutorial_taskflow_api_virtualenv']) retrieved from /home/vscode/.local/lib/python3.10/site-packages/airflow/example_dags/tutorial_taskflow_api_virtualenv.py
[2026-09-17T01:10:26.185+0000] {logging_mixin.py:150} INFO - [2026-09-17T01:10:26.185+0000] {dag.py:2742} INFO - Sync 1 DAGs
[2026-09-17T01:10:26.201+0000] {logging_mixin.py:150} INFO - [2026-09-17T01:10:26.201+0000] {dag.py:3504} INFO - Setting next_dagrun for tutorial_taskflow_api_virtualenv to None, run_after=None
[2026-09-17T01:10:26.220+0000] {processor.py:179} INFO - Processing /home/vscode/.local/lib/python3.10/site-packages/airflow/example_dags/tutorial_taskflow_api_virtualenv.py took 0.057 seconds
[2026-09-17T01:10:45.171+0000] {processor.py:157} INFO - Started process (PID=30534) to work on /home/vscode/.local/lib/python3.10/site-packages/airflow/example_dags/tutorial_taskflow_api_virtualenv.py
[2026-09-17T01:10:45.172+0000] {processor.py:826} INFO - Processing file /home/vscode/.local/lib/python3.10/site-packages/airflow/example_dags/tutorial_taskflow_api_virtualenv.py for tasks to queue
[2026-09-17T01:10:45.173+0000] {logging_mixin.py:150} INFO - [2026-09-17T01:10:45.172+0000] {dagbag.py:541} INFO - Filling up the DagBag from /home/vscode/.local/lib/python3.10/site-packages/airflow/example_dags/tutorial_taskflow_api_virtualenv.py
[2026-09-17T01:10:45.178+0000] {processor.py:836} INFO - DAG(s) dict_keys(['tutorial_taskflow_api_virtualenv']) retrieved from /home/vscode/.local/lib/python3.10/site-packages/airflow/example_dags/tutorial_taskflow_api_virtualenv.py
[2026-09-17T01:10:45.195+0000] {logging_mixin.py:150} INFO - [2026-09-17T01:10:45.195+0000] {dag.py:2742} INFO - Sync 1 DAGs
[2026-09-17T01:10:45.211+0000] {logging_mixin.py:150} INFO - [2026-09-17T01:10:45.211+0000] {dag.py:3504} INFO - Setting next_dagrun for tutorial_taskflow_api_virtualenv to None, run_after=None
[2026-09-17T01:10:45.229+0000] {processor.py:179} INFO - Processing /home/vscode/.local/lib/python3.10/site-packages/airflow/example_dags/tutorial_taskflow_api_virtualenv.py took 0.061 seconds
[2026-09-17T01:10:59.132+0000] {processor.py:157} INFO - Started process (PID=30652) to work on /home/vscode/.local/lib/python3.10/site-packages/airflow/example_dags/tutorial_taskflow_api_virtualenv.py
[2026-09-17T01:10:59.133+0000] {processor.py:826} INFO - Processing file /home/vscode/.local/lib/python3.10/site-packages/airflow/example_dags/tutorial_taskflow_api_virtualenv.py for tasks to queue
[2026-09-17T01:10:59.134+0000] {logging_mixin.py:150} INFO - [2026-09-17T01:10:59.133+0000] {dagbag.py:541} INFO - Filling up the DagBag from /home/vscode/.local/lib/python3.10/site-packages/airflow/example_dags/tutorial_taskflow_api_virtualenv.py
[2026-09-17T01:10:59.148+0000] {processor.py:836} INFO - DAG(s) dict_keys(['tutorial_taskflow_api_virtualenv']) retrieved from /home/vscode/.local/lib/python3.10/site-packages/airflow/example_dags/tutorial_taskflow_api_virtualenv.py
[2026-09-17T01:10:59.198+0000] {logging_mixin.py:150} INFO - [2026-09-17T01:10:59.198+0000] {dag.py:2742} INFO - Sync 1 DAGs
[2026-09-17T01:10:59.221+0000] {logging_mixin.py:150} INFO - [2026-09-17T01:10:59.221+0000] {dag.py:3504} INFO - Setting next_dagrun for tutorial_taskflow_api_virtualenv to None, run_after=None
[2026-09-17T01:10:59.250+0000] {processor.py:179} INFO - Processing /home/vscode/.local/lib/python3.10/site-packages/airflow/example_dags/tutorial_taskflow_api_virtualenv.py took 0.122 seconds
[2026-09-17T01:11:20.031+0000] {processor.py:157} INFO - Started process (PID=30833) to work on /home/vscode/.local/lib/python3.10/site-packages/airflow/example_dags/tutorial_taskflow_api_virtualenv.py
[2026-09-17T01:11:20.032+0000] {processor.py:826} INFO - Processing file /home/vscode/.local/lib/python3.10/site-packages/airflow/example_dags/tutorial_taskflow_api_virtualenv.py for tasks to queue
[2026-09-17T01:11:20.033+0000] {logging_mixin.py:150} INFO - [2026-09-17T01:11:20.032+0000] {dagbag.py:541} INFO - Filling up the DagBag from /home/vscode/.local/lib/python3.10/site-packages/airflow/example_dags/tutorial_taskflow_api_virtualenv.py
[2026-09-17T01:11:20.040+0000] {processor.py:836} INFO - DAG(s) dict_keys(['tutorial_taskflow_api_virtualenv']) retrieved from /home/vscode/.local/lib/python3.10/site-packages/airflow/example_dags/tutorial_taskflow_api_virtualenv.py
[2026-09-17T01:11:20.070+0000] {logging_mixin.py:150} INFO - [2026-09-17T01:11:20.070+0000] {dag.py:2742} INFO - Sync 1 DAGs
[2026-09-17T01:11:20.101+0000] {logging_mixin.py:150} INFO - [2026-09-17T01:11:20.101+0000] {dag.py:3504} INFO - Setting next_dagrun for tutorial_taskflow_api_virtualenv to None, run_after=None
[2026-09-17T01:11:20.123+0000] {processor.py:179} INFO - Processing /home/vscode/.local/lib/python3.10/site-packages/airflow/example_dags/tutorial_taskflow_api_virtualenv.py took 0.095 seconds
[2026-09-17T01:11:31.547+0000] {processor.py:157} INFO - Started process (PID=30931) to work on /home/vscode/.local/lib/python3.10/site-packages/airflow/example_dags/tutorial_taskflow_api_virtualenv.py
[2026-09-17T01:11:31.548+0000] {processor.py:826} INFO - Processing file /home/vscode/.local/lib/python3.10/site-packages/airflow/example_dags/tutorial_taskflow_api_virtualenv.py for tasks to queue
[2026-09-17T01:11:31.549+0000] {logging_mixin.py:150} INFO - [2026-09-17T01:11:31.549+0000] {dagbag.py:541} INFO - Filling up the DagBag from /home/vscode/.local/lib/python3.10/site-packages/airflow/example_dags/tutorial_taskflow_api_virtualenv.py
[2026-09-17T01:11:31.558+0000] {processor.py:836} INFO - DAG(s) dict_keys(['tutorial_taskflow_api_virtualenv']) retrieved from /home/vscode/.local/lib/python3.10/site-packages/airflow/example_dags/tutorial_taskflow_api_virtualenv.py
[2026-09-17T01:11:31.577+0000] {logging_mixin.py:150} INFO - [2026-09-17T01:11:31.577+0000] {dag.py:2742} INFO - Sync 1 DAGs
[2026-09-17T01:11:31.601+0000] {logging_mixin.py:150} INFO - [2026-09-17T01:11:31.601+0000] {dag.py:3504} INFO - Setting next_dagrun for tutorial_taskflow_api_virtualenv to None, run_after=None
[2026-09-17T01:11:31.622+0000] {processor.py:179} INFO - Processing /home/vscode/.local/lib/python3.10/site-packages/airflow/example_dags/tutorial_taskflow_api_virtualenv.py took 0.078 seconds
[2026-09-17T01:11:53.266+0000] {processor.py:157} INFO - Started process (PID=31113) to work on /home/vscode/.local/lib/python3.10/site-packages/airflow/example_dags/tutorial_taskflow_api_virtualenv.py
[2026-09-17T01:11:53.267+0000] {processor.py:826} INFO - Processing file /home/vscode/.local/lib/python3.10/site-packages/airflow/example_dags/tutorial_taskflow_api_virtualenv.py for tasks to queue
[2026-09-17T01:11:53.268+0000] {logging_mixin.py:150} INFO - [2026-09-17T01:11:53.267+0000] {dagbag.py:541} INFO - Filling up the DagBag from /home/vscode/.local/lib/python3.10/site-packages/airflow/example_dags/tutorial_taskflow_api_virtualenv.py
[2026-09-17T01:11:53.273+0000] {processor.py:836} INFO - DAG(s) dict_keys(['tutorial_taskflow_api_virtualenv']) retrieved from /home/vscode/.local/lib/python3.10/site-packages/airflow/example_dags/tutorial_taskflow_api_virtualenv.py
[2026-09-17T01:11:53.288+0000] {logging_mixin.py:150} INFO - [2026-09-17T01:11:53.288+0000] {dag.py:2742} INFO - Sync 1 DAGs
[2026-09-17T01:11:53.309+0000] {logging_mixin.py:150} INFO - [2026-09-17T01:11:53.309+0000] {dag.py:3504} INFO - Setting next_dagrun for tutorial_taskflow_api_virtualenv to None, run_after=None
[2026-09-17T01:11:53.330+0000] {processor.py:179} INFO - Processing /home/vscode/.local/lib/python3.10/site-packages/airflow/example_dags/tutorial_taskflow_api_virtualenv.py took 0.066 seconds
[2026-09-17T01:12:05.365+0000] {processor.py:157} INFO - Started process (PID=31220) to work on /home/vscode/.local/lib/python3.10/site-packages/airflow/example_dags/tutorial_taskflow_api_virtualenv.py
[2026-09-17T01:12:05.366+0000] {processor.py:826} INFO - Processing file /home/vscode/.local/lib/python3.10/site-packages/airflow/example_dags/tutorial_taskflow_api_virtualenv.py for tasks to queue
[2026-09-17T01:12:05.367+0000] {logging_mixin.py:150} INFO - [2026-09-17T01:12:05.367+0000] {dagbag.py:541} INFO - Filling up the DagBag from /home/vscode/.local/lib/python3.10/site-packages/airflow/example_dags/tutorial_taskflow_api_virtualenv.py
[2026-09-17T01:12:05.375+0000] {processor.py:836} INFO - DAG(s) dict_keys(['tutorial_taskflow_api_virtualenv']) retrieved from /home/vscode/.local/lib/python3.10/site-packages/airflow/example_dags/tutorial_taskflow_api_virtualenv.py
[2026-09-17T01:12:05.395+0000] {logging_mixin.py:150} INFO - [2026-09-17T01:12:05.395+0000] {dag.py:2742} INFO - Sync 1 DAGs
[2026-09-17T01:12:05.419+0000] {logging_mixin.py:150} INFO - [2026-09-17T01:12:05.419+0000] {dag.py:3504} INFO - Setting next_dagrun for tutorial_taskflow_api_virtualenv to None, run_after=None
[2026-09-17T01:12:05.450+0000] {processor.py:179} INFO - Processing /home/vscode/.local/lib/python3.10/site-packages/airflow/example_dags/tutorial_taskflow_api_virtualenv.py took 0.088 seconds
[2026-09-17T01:12:38.659+0000] {processor.py:157} INFO - Started process (PID=31505) to work on /home/vscode/.local/lib/python3.10/site-packages/airflow/example_dags/tutorial_taskflow_api_virtualenv.py
[2026-09-17T01:12:38.660+0000] {processor.py:826} INFO - Processing file /home/vscode/.local/lib/python3.10/site-packages/airflow/example_dags/tutorial_taskflow_api_virtualenv.py for tasks to queue
[2026-09-17T01:12:38.661+0000] {logging_mixin.py:150} INFO - [2026-09-17T01:12:38.660+0000] {dagbag.py:541} INFO - Filling up the DagBag from /home/vscode/.local/lib/python3.10/site-packages/airflow/example_dags/tutorial_taskflow_api_virtualenv.py
[2026-09-17T01:12:38.666+0000] {processor.py:836} INFO - DAG(s) dict_keys(['tutorial_taskflow_api_virtualenv']) retrieved from /home/vscode/.local/lib/python3.10/site-packages/airflow/example_dags/tutorial_taskflow_api_virtualenv.py
[2026-09-17T01:12:38.679+0000] {logging_mixin.py:150} INFO - [2026-09-17T01:12:38.679+0000] {dag.py:2742} INFO - Sync 1 DAGs
[2026-09-17T01:12:38.702+0000] {logging_mixin.py:150} INFO - [2026-09-17T01:12:38.702+0000] {dag.py:3504} INFO - Setting next_dagrun for tutorial_taskflow_api_virtualenv to None, run_after=None
[2026-09-17T01:12:38.722+0000] {processor.py:179} INFO - Processing /home/vscode/.local/lib/python3.10/site-packages/airflow/example_dags/tutorial_taskflow_api_virtualenv.py took 0.065 seconds
[2026-09-17T01:12:42.007+0000] {processor.py:157} INFO - Started process (PID=31536) to work on /home/vscode/.local/lib/python3.10/site-packages/airflow/example_dags/tutorial_taskflow_api_virtualenv.py
[2026-09-17T01:12:42.007+0000] {processor.py:826} INFO - Processing file /home/vscode/.local/lib/python3.10/site-packages/airflow/example_dags/tutorial_taskflow_api_virtualenv.py for tasks to queue
[2026-09-17T01:12:42.008+0000] {logging_mixin.py:150} INFO - [2026-09-17T01:12:42.008+0000] {dagbag.py:541} INFO - Filling up the DagBag from /home/vscode/.local/lib/python3.10/site-packages/airflow/example_dags/tutorial_taskflow_api_virtualenv.py
[2026-09-17T01:12:42.014+0000] {processor.py:836} INFO - DAG(s) dict_keys(['tutorial_taskflow_api_virtualenv']) retrieved from /home/vscode/.local/lib/python3.10/site-packages/airflow/example_dags/tutorial_taskflow_api_virtualenv.py
[2026-09-17T01:12:42.028+0000] {logging_mixin.py:150} INFO - [2026-09-17T01:12:42.028+0000] {dag.py:2742} INFO - Sync 1 DAGs
[2026-09-17T01:12:42.043+0000] {logging_mixin.py:150} INFO - [2026-09-17T01:12:42.042+0000] {dag.py:3504} INFO - Setting next_dagrun for tutorial_taskflow_api_virtualenv to None, run_after=None
[2026-09-17T01:12:42.059+0000] {processor.py:179} INFO - Processing /home/vscode/.local/lib/python3.10/site-packages/airflow/example_dags/tutorial_taskflow_api_virtualenv.py took 0.054 seconds
[2026-09-17T01:13:25.220+0000] {processor.py:157} INFO - Started process (PID=31900) to work on /home/vscode/.local/lib/python3.10/site-packages/airflow/example_dags/tutorial_taskflow_api_virtualenv.py
[2026-09-17T01:13:25.221+0000] {processor.py:826} INFO - Processing file /home/vscode/.local/lib/python3.10/site-packages/airflow/example_dags/tutorial_taskflow_api_virtualenv.py for tasks to queue
[2026-09-17T01:13:25.222+0000] {logging_mixin.py:150} INFO - [2026-09-17T01:13:25.221+0000] {dagbag.py:541} INFO - Filling up the DagBag from /home/vscode/.local/lib/python3.10/site-packages/airflow/example_dags/tutorial_taskflow_api_virtualenv.py
[2026-09-17T01:13:25.227+0000] {processor.py:836} INFO - DAG(s) dict_keys(['tutorial_taskflow_api_virtualenv']) retrieved from /home/vscode/.local/lib/python3.10/site-packages/airflow/example_dags/tutorial_taskflow_api_virtualenv.py
[2026-09-17T01:13:25.240+0000] {logging_mixin.py:150} INFO - [2026-09-17T01:13:25.240+0000] {dag.py:2742} INFO - Sync 1 DAGs
[2026-09-17T01:13:25.254+0000] {logging_mixin.py:150} INFO - [2026-09-17T01:13:25.254+0000] {dag.py:3504} INFO - Setting next_dagrun for tutorial_taskflow_api_virtualenv to None, run_after=None
[2026-09-17T01:13:25.271+0000] {processor.py:179} INFO - Processing /home/vscode/.local/lib/python3.10/site-packages/airflow/example_dags/tutorial_taskflow_api_virtualenv.py took 0.053 seconds
[2026-09-17T01:13:31.206+0000] {processor.py:157} INFO - Started process (PID=31956) to work on /home/vscode/.local/lib/python3.10/site-packages/airflow/example_dags/tutorial_taskflow_api_virtualenv.py
[2026-09-17T01:13:31.207+0000] {processor.py:826} INFO - Processing file /home/vscode/.local/lib/python3.10/site-packages/airflow/example_dags/tutorial_taskflow_api_virtualenv.py for tasks to queue
[2026-09-17T01:13:31.210+0000] {logging_mixin.py:150} INFO - [2026-09-17T01:13:31.210+0000] {dagbag.py:541} INFO - Filling up the DagBag from /home/vscode/.local/lib/python3.10/site-packages/airflow/example_dags/tutorial_taskflow_api_virtualenv.py
[2026-09-17T01:13:31.220+0000] {processor.py:836} INFO - DAG(s) dict_keys(['tutorial_taskflow_api_virtualenv']) retrieved from /home/vscode/.local/lib/python3.10/site-packages/airflow/example_dags/tutorial_taskflow_api_virtualenv.py
[2026-09-17T01:13:31.233+0000] {logging_mixin.py:150} INFO - [2026-09-17T01:13:31.232+0000] {dag.py:2742} INFO - Sync 1 DAGs
[2026-09-17T01:13:31.247+0000] {logging_mixin.py:150} INFO - [2026-09-17T01:13:31.247+0000] {dag.py:3504} INFO - Setting next_dagrun for tutorial_taskflow_api_virtualenv to None, run_after=None
[2026-09-17T01:13:31.264+0000] {processor.py:179} INFO - Processing /home/vscode/.local/lib/python3.10/site-packages/airflow/example_dags/tutorial_taskflow_api_virtualenv.py took 0.061 seconds
[2026-09-17T01:14:05.079+0000] {processor.py:157} INFO - Started process (PID=32236) to work on /home/vscode/.local/lib/python3.10/site-packages/airflow/example_dags/tutorial_taskflow_api_virtualenv.py
[2026-09-17T01:14:05.080+0000] {processor.py:826} INFO - Processing file /home/vscode/.local/lib/python3.10/site-packages/airflow/example_dags/tutorial_taskflow_api_virtualenv.py for tasks to queue
[2026-09-17T01:14:05.081+0000] {logging_mixin.py:150} INFO - [2026-09-17T01:14:05.080+0000] {dagbag.py:541} INFO - Filling up the DagBag from /home/vscode/.local/lib/python3.10/site-packages/airflow/example_dags/tutorial_taskflow_api_virtualenv.py
[2026-09-17T01:14:05.088+0000] {processor.py:836} INFO - DAG(s) dict_keys(['tutorial_taskflow_api_virtualenv']) retrieved from /home/vscode/.local/lib/python3.10/site-packages/airflow/example_dags/tutorial_taskflow_api_virtualenv.py
[2026-09-17T01:14:05.104+0000] {logging_mixin.py:150} INFO - [2026-09-17T01:14:05.104+0000] {dag.py:2742} INFO - Sync 1 DAGs
[2026-09-17T01:14:05.119+0000] {logging_mixin.py:150} INFO - [2026-09-17T01:14:05.118+0000] {dag.py:3504} INFO - Setting next_dagrun for tutorial_taskflow_api_virtualenv to None, run_after=None
[2026-09-17T01:14:05.137+0000] {processor.py:179} INFO - Processing /home/vscode/.local/lib/python3.10/site-packages/airflow/example_dags/tutorial_taskflow_api_virtualenv.py took 0.061 seconds
[2026-09-17T01:14:10.144+0000] {processor.py:157} INFO - Started process (PID=32287) to work on /home/vscode/.local/lib/python3.10/site-packages/airflow/example_dags/tutorial_taskflow_api_virtualenv.py
[2026-09-17T01:14:10.144+0000] {processor.py:826} INFO - Processing file /home/vscode/.local/lib/python3.10/site-packages/airflow/example_dags/tutorial_taskflow_api_virtualenv.py for tasks to queue
[2026-09-17T01:14:10.145+0000] {logging_mixin.py:150} INFO - [2026-09-17T01:14:10.145+0000] {dagbag.py:541} INFO - Filling up the DagBag from /home/vscode/.local/lib/python3.10/site-packages/airflow/example_dags/tutorial_taskflow_api_virtualenv.py
[2026-09-17T01:14:10.152+0000] {processor.py:836} INFO - DAG(s) dict_keys(['tutorial_taskflow_api_virtualenv']) retrieved from /home/vscode/.local/lib/python3.10/site-packages/airflow/example_dags/tutorial_taskflow_api_virtualenv.py
[2026-09-17T01:14:10.168+0000] {logging_mixin.py:150} INFO - [2026-09-17T01:14:10.168+0000] {dag.py:2742} INFO - Sync 1 DAGs
[2026-09-17T01:14:10.183+0000] {logging_mixin.py:150} INFO - [2026-09-17T01:14:10.183+0000] {dag.py:3504} INFO - Setting next_dagrun for tutorial_taskflow_api_virtualenv to None, run_after=None
[2026-09-17T01:14:10.202+0000] {processor.py:179} INFO - Processing /home/vscode/.local/lib/python3.10/site-packages/airflow/example_dags/tutorial_taskflow_api_virtualenv.py took 0.061 seconds
[2026-09-17T01:14:37.200+0000] {processor.py:157} INFO - Started process (PID=32513) to work on /home/vscode/.local/lib/python3.10/site-packages/airflow/example_dags/tutorial_taskflow_api_virtualenv.py
[2026-09-17T01:14:37.201+0000] {processor.py:826} INFO - Processing file /home/vscode/.local/lib/python3.10/site-packages/airflow/example_dags/tutorial_taskflow_api_virtualenv.py for tasks to queue
[2026-09-17T01:14:37.201+0000] {logging_mixin.py:150} INFO - [2026-09-17T01:14:37.201+0000] {dagbag.py:541} INFO - Filling up the DagBag from /home/vscode/.local/lib/python3.10/site-packages/airflow/example_dags/tutorial_taskflow_api_virtualenv.py
[2026-09-17T01:14:37.207+0000] {processor.py:836} INFO - DAG(s) dict_keys(['tutorial_taskflow_api_virtualenv']) retrieved from /home/vscode/.local/lib/python3.10/site-packages/airflow/example_dags/tutorial_taskflow_api_virtualenv.py
[2026-09-17T01:14:37.220+0000] {logging_mixin.py:150} INFO - [2026-09-17T01:14:37.220+0000] {dag.py:2742} INFO - Sync 1 DAGs
[2026-09-17T01:14:37.239+0000] {logging_mixin.py:150} INFO - [2026-09-17T01:14:37.238+0000] {dag.py:3504} INFO - Setting next_dagrun for tutorial_taskflow_api_virtualenv to None, run_after=None
[2026-09-17T01:14:37.256+0000] {processor.py:179} INFO - Processing /home/vscode/.local/lib/python3.10/site-packages/airflow/example_dags/tutorial_taskflow_api_virtualenv.py took 0.059 seconds
[2026-09-17T01:14:43.664+0000] {processor.py:157} INFO - Started process (PID=32568) to work on /home/vscode/.local/lib/python3.10/site-packages/airflow/example_dags/tutorial_taskflow_api_virtualenv.py
[2026-09-17T01:14:43.664+0000] {processor.py:826} INFO - Processing file /home/vscode/.local/lib/python3.10/site-packages/airflow/example_dags/tutorial_taskflow_api_virtualenv.py for tasks to queue
[2026-09-17T01:14:43.665+0000] {logging_mixin.py:150} INFO - [2026-09-17T01:14:43.665+0000] {dagbag.py:541} INFO - Filling up the DagBag from /home/vscode/.local/lib/python3.10/site-packages/airflow/example_dags/tutorial_taskflow_api_virtualenv.py
[2026-09-17T01:14:43.673+0000] {processor.py:836} INFO - DAG(s) dict_keys(['tutorial_taskflow_api_virtualenv']) retrieved from /home/vscode/.local/lib/python3.10/site-packages/airflow/example_dags/tutorial_taskflow_api_virtualenv.py
[2026-09-17T01:14:43.689+0000] {logging_mixin.py:150} INFO - [2026-09-17T01:14:43.689+0000] {dag.py:2742} INFO - Sync 1 DAGs
[2026-09-17T01:14:43.706+0000] {logging_mixin.py:150} INFO - [2026-09-17T01:14:43.706+0000] {dag.py:3504} INFO - Setting next_dagrun for tutorial_taskflow_api_virtualenv to None, run_after=None
[2026-09-17T01:14:43.722+0000] {processor.py:179} INFO - Processing /home/vscode/.local/lib/python3.10/site-packages/airflow/example_dags/tutorial_taskflow_api_virtualenv.py took 0.061 seconds
[2026-09-17T01:15:14.065+0000] {processor.py:157} INFO - Started process (PID=32831) to work on /home/vscode/.local/lib/python3.10/site-packages/airflow/example_dags/tutorial_taskflow_api_virtualenv.py
[2026-09-17T01:15:14.066+0000] {processor.py:826} INFO - Processing file /home/vscode/.local/lib/python3.10/site-packages/airflow/example_dags/tutorial_taskflow_api_virtualenv.py for tasks to queue
[2026-09-17T01:15:14.066+0000] {logging_mixin.py:150} INFO - [2026-09-17T01:15:14.066+0000] {dagbag.py:541} INFO - Filling up the DagBag from /home/vscode/.local/lib/python3.10/site-packages/airflow/example_dags/tutorial_taskflow_api_virtualenv.py
[2026-09-17T01:15:14.072+0000] {processor.py:836} INFO - DAG(s) dict_keys(['tutorial_taskflow_api_virtualenv']) retrieved from /home/vscode/.local/lib/python3.10/site-packages/airflow/example_dags/tutorial_taskflow_api_virtualenv.py
[2026-09-17T01:15:14.085+0000] {logging_mixin.py:150} INFO - [2026-09-17T01:15:14.085+0000] {dag.py:2742} INFO - Sync 1 DAGs
[2026-09-17T01:15:14.099+0000] {logging_mixin.py:150} INFO - [2026-09-17T01:15:14.099+0000] {dag.py:3504} INFO - Setting next_dagrun for tutorial_taskflow_api_virtualenv to None, run_after=None
[2026-09-17T01:15:14.116+0000] {processor.py:179} INFO - Processing /home/vscode/.local/lib/python3.10/site-packages/airflow/example_dags/tutorial_taskflow_api_virtualenv.py took 0.053 seconds
[2026-09-17T01:15:26.093+0000] {processor.py:157} INFO - Started process (PID=32927) to work on /home/vscode/.local/lib/python3.10/site-packages/airflow/example_dags/tutorial_taskflow_api_virtualenv.py
[2026-09-17T01:15:26.094+0000] {processor.py:826} INFO - Processing file /home/vscode/.local/lib/python3.10/site-packages/airflow/example_dags/tutorial_taskflow_api_virtualenv.py for tasks to queue
[2026-09-17T01:15:26.094+0000] {logging_mixin.py:150} INFO - [2026-09-17T01:15:26.094+0000] {dagbag.py:541} INFO - Filling up the DagBag from /home/vscode/.local/lib/python3.10/site-packages/airflow/example_dags/tutorial_taskflow_api_virtualenv.py
[2026-09-17T01:15:26.100+0000] {processor.py:836} INFO - DAG(s) dict_keys(['tutorial_taskflow_api_virtualenv']) retrieved from /home/vscode/.local/lib/python3.10/site-packages/airflow/example_dags/tutorial_taskflow_api_virtualenv.py
[2026-09-17T01:15:26.115+0000] {logging_mixin.py:150} INFO - [2026-09-17T01:15:26.115+0000] {dag.py:2742} INFO - Sync 1 DAGs
[2026-09-17T01:15:26.130+0000] {logging_mixin.py:150} INFO - [2026-09-17T01:15:26.130+0000] {dag.py:3504} INFO - Setting next_dagrun for tutorial_taskflow_api_virtualenv to None, run_after=None
[2026-09-17T01:15:26.146+0000] {processor.py:179} INFO - Processing /home/vscode/.local/lib/python3.10/site-packages/airflow/example_dags/tutorial_taskflow_api_virtualenv.py took 0.055 seconds
[2026-09-17T01:15:48.802+0000] {processor.py:157} INFO - Started process (PID=33159) to work on /home/vscode/.local/lib/python3.10/site-packages/airflow/example_dags/tutorial_taskflow_api_virtualenv.py
[2026-09-17T01:15:48.805+0000] {processor.py:826} INFO - Processing file /home/vscode/.local/lib/python3.10/site-packages/airflow/example_dags/tutorial_taskflow_api_virtualenv.py for tasks to queue
[2026-09-17T01:15:48.806+0000] {logging_mixin.py:150} INFO - [2026-09-17T01:15:48.806+0000] {dagbag.py:541} INFO - Filling up the DagBag from /home/vscode/.local/lib/python3.10/site-packages/airflow/example_dags/tutorial_taskflow_api_virtualenv.py
[2026-09-17T01:15:48.814+0000] {processor.py:836} INFO - DAG(s) dict_keys(['tutorial_taskflow_api_virtualenv']) retrieved from /home/vscode/.local/lib/python3.10/site-packages/airflow/example_dags/tutorial_taskflow_api_virtualenv.py
[2026-09-17T01:15:48.829+0000] {logging_mixin.py:150} INFO - [2026-09-17T01:15:48.829+0000] {dag.py:2742} INFO - Sync 1 DAGs
[2026-09-17T01:15:48.845+0000] {logging_mixin.py:150} INFO - [2026-09-17T01:15:48.845+0000] {dag.py:3504} INFO - Setting next_dagrun for tutorial_taskflow_api_virtualenv to None, run_after=None
[2026-09-17T01:15:48.862+0000] {processor.py:179} INFO - Processing /home/vscode/.local/lib/python3.10/site-packages/airflow/example_dags/tutorial_taskflow_api_virtualenv.py took 0.063 seconds
[2026-09-17T01:16:14.246+0000] {processor.py:157} INFO - Started process (PID=33374) to work on /home/vscode/.local/lib/python3.10/site-packages/airflow/example_dags/tutorial_taskflow_api_virtualenv.py
[2026-09-17T01:16:14.246+0000] {processor.py:826} INFO - Processing file /home/vscode/.local/lib/python3.10/site-packages/airflow/example_dags/tutorial_taskflow_api_virtualenv.py for tasks to queue
[2026-09-17T01:16:14.247+0000] {logging_mixin.py:150} INFO - [2026-09-17T01:16:14.247+0000] {dagbag.py:541} INFO - Filling up the DagBag from /home/vscode/.local/lib/python3.10/site-packages/airflow/example_dags/tutorial_taskflow_api_virtualenv.py
[2026-09-17T01:16:14.254+0000] {processor.py:836} INFO - DAG(s) dict_keys(['tutorial_taskflow_api_virtualenv']) retrieved from /home/vscode/.local/lib/python3.10/site-packages/airflow/example_dags/tutorial_taskflow_api_virtualenv.py
[2026-09-17T01:16:14.270+0000] {logging_mixin.py:150} INFO - [2026-09-17T01:16:14.270+0000] {dag.py:2742} INFO - Sync 1 DAGs
[2026-09-17T01:16:14.287+0000] {logging_mixin.py:150} INFO - [2026-09-17T01:16:14.287+0000] {dag.py:3504} INFO - Setting next_dagrun for tutorial_taskflow_api_virtualenv to None, run_after=None
[2026-09-17T01:16:14.305+0000] {processor.py:179} INFO - Processing /home/vscode/.local/lib/python3.10/site-packages/airflow/example_dags/tutorial_taskflow_api_virtualenv.py took 0.062 seconds
[2026-09-17T01:16:23.125+0000] {processor.py:157} INFO - Started process (PID=33447) to work on /home/vscode/.local/lib/python3.10/site-packages/airflow/example_dags/tutorial_taskflow_api_virtualenv.py
[2026-09-17T01:16:23.126+0000] {processor.py:826} INFO - Processing file /home/vscode/.local/lib/python3.10/site-packages/airflow/example_dags/tutorial_taskflow_api_virtualenv.py for tasks to queue
[2026-09-17T01:16:23.127+0000] {logging_mixin.py:150} INFO - [2026-09-17T01:16:23.127+0000] {dagbag.py:541} INFO - Filling up the DagBag from /home/vscode/.local/lib/python3.10/site-packages/airflow/example_dags/tutorial_taskflow_api_virtualenv.py
[2026-09-17T01:16:23.133+0000] {processor.py:836} INFO - DAG(s) dict_keys(['tutorial_taskflow_api_virtualenv']) retrieved from /home/vscode/.local/lib/python3.10/site-packages/airflow/example_dags/tutorial_taskflow_api_virtualenv.py
[2026-09-17T01:16:23.146+0000] {logging_mixin.py:150} INFO - [2026-09-17T01:16:23.146+0000] {dag.py:2742} INFO - Sync 1 DAGs
[2026-09-17T01:16:23.161+0000] {logging_mixin.py:150} INFO - [2026-09-17T01:16:23.161+0000] {dag.py:3504} INFO - Setting next_dagrun for tutorial_taskflow_api_virtualenv to None, run_after=None
[2026-09-17T01:16:23.177+0000] {processor.py:179} INFO - Processing /home/vscode/.local/lib/python3.10/site-packages/airflow/example_dags/tutorial_taskflow_api_virtualenv.py took 0.054 seconds
[2026-09-17T01:16:49.274+0000] {processor.py:157} INFO - Started process (PID=33678) to work on /home/vscode/.local/lib/python3.10/site-packages/airflow/example_dags/tutorial_taskflow_api_virtualenv.py
[2026-09-17T01:16:49.274+0000] {processor.py:826} INFO - Processing file /home/vscode/.local/lib/python3.10/site-packages/airflow/example_dags/tutorial_taskflow_api_virtualenv.py for tasks to queue
[2026-09-17T01:16:49.275+0000] {logging_mixin.py:150} INFO - [2026-09-17T01:16:49.275+0000] {dagbag.py:541} INFO - Filling up the DagBag from /home/vscode/.local/lib/python3.10/site-packages/airflow/example_dags/tutorial_taskflow_api_virtualenv.py
[2026-09-17T01:16:49.281+0000] {processor.py:836} INFO - DAG(s) dict_keys(['tutorial_taskflow_api_virtualenv']) retrieved from /home/vscode/.local/lib/python3.10/site-packages/airflow/example_dags/tutorial_taskflow_api_virtualenv.py
[2026-09-17T01:16:49.297+0000] {logging_mixin.py:150} INFO - [2026-09-17T01:16:49.297+0000] {dag.py:2742} INFO - Sync 1 DAGs
[2026-09-17T01:16:49.311+0000] {logging_mixin.py:150} INFO - [2026-09-17T01:16:49.311+0000] {dag.py:3504} INFO - Setting next_dagrun for tutorial_taskflow_api_virtualenv to None, run_after=None
[2026-09-17T01:16:49.328+0000] {processor.py:179} INFO - Processing /home/vscode/.local/lib/python3.10/site-packages/airflow/example_dags/tutorial_taskflow_api_virtualenv.py took 0.057 seconds
[2026-09-17T01:16:55.961+0000] {processor.py:157} INFO - Started process (PID=33728) to work on /home/vscode/.local/lib/python3.10/site-packages/airflow/example_dags/tutorial_taskflow_api_virtualenv.py
[2026-09-17T01:16:55.962+0000] {processor.py:826} INFO - Processing file /home/vscode/.local/lib/python3.10/site-packages/airflow/example_dags/tutorial_taskflow_api_virtualenv.py for tasks to queue
[2026-09-17T01:16:55.962+0000] {logging_mixin.py:150} INFO - [2026-09-17T01:16:55.962+0000] {dagbag.py:541} INFO - Filling up the DagBag from /home/vscode/.local/lib/python3.10/site-packages/airflow/example_dags/tutorial_taskflow_api_virtualenv.py
[2026-09-17T01:16:55.968+0000] {processor.py:836} INFO - DAG(s) dict_keys(['tutorial_taskflow_api_virtualenv']) retrieved from /home/vscode/.local/lib/python3.10/site-packages/airflow/example_dags/tutorial_taskflow_api_virtualenv.py
[2026-09-17T01:16:55.980+0000] {logging_mixin.py:150} INFO - [2026-09-17T01:16:55.980+0000] {dag.py:2742} INFO - Sync 1 DAGs
[2026-09-17T01:16:55.995+0000] {logging_mixin.py:150} INFO - [2026-09-17T01:16:55.995+0000] {dag.py:3504} INFO - Setting next_dagrun for tutorial_taskflow_api_virtualenv to None, run_after=None
[2026-09-17T01:16:56.018+0000] {processor.py:179} INFO - Processing /home/vscode/.local/lib/python3.10/site-packages/airflow/example_dags/tutorial_taskflow_api_virtualenv.py took 0.059 seconds
[2026-09-17T01:17:30.265+0000] {processor.py:157} INFO - Started process (PID=34021) to work on /home/vscode/.local/lib/python3.10/site-packages/airflow/example_dags/tutorial_taskflow_api_virtualenv.py
[2026-09-17T01:17:30.266+0000] {processor.py:826} INFO - Processing file /home/vscode/.local/lib/python3.10/site-packages/airflow/example_dags/tutorial_taskflow_api_virtualenv.py for tasks to queue
[2026-09-17T01:17:30.266+0000] {logging_mixin.py:150} INFO - [2026-09-17T01:17:30.266+0000] {dagbag.py:541} INFO - Filling up the DagBag from /home/vscode/.local/lib/python3.10/site-packages/airflow/example_dags/tutorial_taskflow_api_virtualenv.py
[2026-09-17T01:17:30.272+0000] {processor.py:836} INFO - DAG(s) dict_keys(['tutorial_taskflow_api_virtualenv']) retrieved from /home/vscode/.local/lib/python3.10/site-packages/airflow/example_dags/tutorial_taskflow_api_virtualenv.py
[2026-09-17T01:17:30.285+0000] {logging_mixin.py:150} INFO - [2026-09-17T01:17:30.285+0000] {dag.py:2742} INFO - Sync 1 DAGs
[2026-09-17T01:17:30.299+0000] {logging_mixin.py:150} INFO - [2026-09-17T01:17:30.299+0000] {dag.py:3504} INFO - Setting next_dagrun for tutorial_taskflow_api_virtualenv to None, run_after=None
[2026-09-17T01:17:30.322+0000] {processor.py:179} INFO - Processing /home/vscode/.local/lib/python3.10/site-packages/airflow/example_dags/tutorial_taskflow_api_virtualenv.py took 0.060 seconds
[2026-09-17T01:17:32.121+0000] {processor.py:157} INFO - Started process (PID=34039) to work on /home/vscode/.local/lib/python3.10/site-packages/airflow/example_dags/tutorial_taskflow_api_virtualenv.py
[2026-09-17T01:17:32.122+0000] {processor.py:826} INFO - Processing file /home/vscode/.local/lib/python3.10/site-packages/airflow/example_dags/tutorial_taskflow_api_virtualenv.py for tasks to queue
[2026-09-17T01:17:32.122+0000] {logging_mixin.py:150} INFO - [2026-09-17T01:17:32.122+0000] {dagbag.py:541} INFO - Filling up the DagBag from /home/vscode/.local/lib/python3.10/site-packages/airflow/example_dags/tutorial_taskflow_api_virtualenv.py
[2026-09-17T01:17:32.128+0000] {processor.py:836} INFO - DAG(s) dict_keys(['tutorial_taskflow_api_virtualenv']) retrieved from /home/vscode/.local/lib/python3.10/site-packages/airflow/example_dags/tutorial_taskflow_api_virtualenv.py
[2026-09-17T01:17:32.149+0000] {logging_mixin.py:150} INFO - [2026-09-17T01:17:32.149+0000] {dag.py:2742} INFO - Sync 1 DAGs
[2026-09-17T01:17:32.174+0000] {logging_mixin.py:150} INFO - [2026-09-17T01:17:32.174+0000] {dag.py:3504} INFO - Setting next_dagrun for tutorial_taskflow_api_virtualenv to None, run_after=None
[2026-09-17T01:17:32.204+0000] {processor.py:179} INFO - Processing /home/vscode/.local/lib/python3.10/site-packages/airflow/example_dags/tutorial_taskflow_api_virtualenv.py took 0.085 seconds
[2026-09-17T01:18:07.458+0000] {processor.py:157} INFO - Started process (PID=34332) to work on /home/vscode/.local/lib/python3.10/site-packages/airflow/example_dags/tutorial_taskflow_api_virtualenv.py
[2026-09-17T01:18:07.458+0000] {processor.py:826} INFO - Processing file /home/vscode/.local/lib/python3.10/site-packages/airflow/example_dags/tutorial_taskflow_api_virtualenv.py for tasks to queue
[2026-09-17T01:18:07.459+0000] {logging_mixin.py:150} INFO - [2026-09-17T01:18:07.459+0000] {dagbag.py:541} INFO - Filling up the DagBag from /home/vscode/.local/lib/python3.10/site-packages/airflow/example_dags/tutorial_taskflow_api_virtualenv.py
[2026-09-17T01:18:07.465+0000] {processor.py:836} INFO - DAG(s) dict_keys(['tutorial_taskflow_api_virtualenv']) retrieved from /home/vscode/.local/lib/python3.10/site-packages/airflow/example_dags/tutorial_taskflow_api_virtualenv.py
[2026-09-17T01:18:07.479+0000] {logging_mixin.py:150} INFO - [2026-09-17T01:18:07.479+0000] {dag.py:2742} INFO - Sync 1 DAGs
[2026-09-17T01:18:07.499+0000] {logging_mixin.py:150} INFO - [2026-09-17T01:18:07.498+0000] {dag.py:3504} INFO - Setting next_dagrun for tutorial_taskflow_api_virtualenv to None, run_after=None
[2026-09-17T01:18:07.517+0000] {processor.py:179} INFO - Processing /home/vscode/.local/lib/python3.10/site-packages/airflow/example_dags/tutorial_taskflow_api_virtualenv.py took 0.062 seconds
[2026-09-17T01:18:16.941+0000] {processor.py:157} INFO - Started process (PID=34413) to work on /home/vscode/.local/lib/python3.10/site-packages/airflow/example_dags/tutorial_taskflow_api_virtualenv.py
[2026-09-17T01:18:16.942+0000] {processor.py:826} INFO - Processing file /home/vscode/.local/lib/python3.10/site-packages/airflow/example_dags/tutorial_taskflow_api_virtualenv.py for tasks to queue
[2026-09-17T01:18:16.943+0000] {logging_mixin.py:150} INFO - [2026-09-17T01:18:16.943+0000] {dagbag.py:541} INFO - Filling up the DagBag from /home/vscode/.local/lib/python3.10/site-packages/airflow/example_dags/tutorial_taskflow_api_virtualenv.py
[2026-09-17T01:18:16.949+0000] {processor.py:836} INFO - DAG(s) dict_keys(['tutorial_taskflow_api_virtualenv']) retrieved from /home/vscode/.local/lib/python3.10/site-packages/airflow/example_dags/tutorial_taskflow_api_virtualenv.py
[2026-09-17T01:18:16.962+0000] {logging_mixin.py:150} INFO - [2026-09-17T01:18:16.962+0000] {dag.py:2742} INFO - Sync 1 DAGs
[2026-09-17T01:18:16.976+0000] {logging_mixin.py:150} INFO - [2026-09-17T01:18:16.976+0000] {dag.py:3504} INFO - Setting next_dagrun for tutorial_taskflow_api_virtualenv to None, run_after=None
[2026-09-17T01:18:17.000+0000] {processor.py:179} INFO - Processing /home/vscode/.local/lib/python3.10/site-packages/airflow/example_dags/tutorial_taskflow_api_virtualenv.py took 0.062 seconds
[2026-09-17T01:18:52.768+0000] {processor.py:157} INFO - Started process (PID=34721) to work on /home/vscode/.local/lib/python3.10/site-packages/airflow/example_dags/tutorial_taskflow_api_virtualenv.py
[2026-09-17T01:18:52.769+0000] {processor.py:826} INFO - Processing file /home/vscode/.local/lib/python3.10/site-packages/airflow/example_dags/tutorial_taskflow_api_virtualenv.py for tasks to queue
[2026-09-17T01:18:52.770+0000] {logging_mixin.py:150} INFO - [2026-09-17T01:18:52.769+0000] {dagbag.py:541} INFO - Filling up the DagBag from /home/vscode/.local/lib/python3.10/site-packages/airflow/example_dags/tutorial_taskflow_api_virtualenv.py
[2026-09-17T01:18:52.775+0000] {processor.py:836} INFO - DAG(s) dict_keys(['tutorial_taskflow_api_virtualenv']) retrieved from /home/vscode/.local/lib/python3.10/site-packages/airflow/example_dags/tutorial_taskflow_api_virtualenv.py
[2026-09-17T01:18:52.793+0000] {logging_mixin.py:150} INFO - [2026-09-17T01:18:52.793+0000] {dag.py:2742} INFO - Sync 1 DAGs
[2026-09-17T01:18:52.814+0000] {logging_mixin.py:150} INFO - [2026-09-17T01:18:52.814+0000] {dag.py:3504} INFO - Setting next_dagrun for tutorial_taskflow_api_virtualenv to None, run_after=None
[2026-09-17T01:18:52.830+0000] {processor.py:179} INFO - Processing /home/vscode/.local/lib/python3.10/site-packages/airflow/example_dags/tutorial_taskflow_api_virtualenv.py took 0.064 seconds
[2026-09-17T01:19:01.875+0000] {processor.py:157} INFO - Started process (PID=34797) to work on /home/vscode/.local/lib/python3.10/site-packages/airflow/example_dags/tutorial_taskflow_api_virtualenv.py
[2026-09-17T01:19:01.876+0000] {processor.py:826} INFO - Processing file /home/vscode/.local/lib/python3.10/site-packages/airflow/example_dags/tutorial_taskflow_api_virtualenv.py for tasks to queue
[2026-09-17T01:19:01.876+0000] {logging_mixin.py:150} INFO - [2026-09-17T01:19:01.876+0000] {dagbag.py:541} INFO - Filling up the DagBag from /home/vscode/.local/lib/python3.10/site-packages/airflow/example_dags/tutorial_taskflow_api_virtualenv.py
[2026-09-17T01:19:01.882+0000] {processor.py:836} INFO - DAG(s) dict_keys(['tutorial_taskflow_api_virtualenv']) retrieved from /home/vscode/.local/lib/python3.10/site-packages/airflow/example_dags/tutorial_taskflow_api_virtualenv.py
[2026-09-17T01:19:01.899+0000] {logging_mixin.py:150} INFO - [2026-09-17T01:19:01.898+0000] {dag.py:2742} INFO - Sync 1 DAGs
[2026-09-17T01:19:01.915+0000] {logging_mixin.py:150} INFO - [2026-09-17T01:19:01.915+0000] {dag.py:3504} INFO - Setting next_dagrun for tutorial_taskflow_api_virtualenv to None, run_after=None
[2026-09-17T01:19:01.937+0000] {processor.py:179} INFO - Processing /home/vscode/.local/lib/python3.10/site-packages/airflow/example_dags/tutorial_taskflow_api_virtualenv.py took 0.065 seconds
[2026-09-17T01:19:26.610+0000] {processor.py:157} INFO - Started process (PID=34985) to work on /home/vscode/.local/lib/python3.10/site-packages/airflow/example_dags/tutorial_taskflow_api_virtualenv.py
[2026-09-17T01:19:26.610+0000] {processor.py:826} INFO - Processing file /home/vscode/.local/lib/python3.10/site-packages/airflow/example_dags/tutorial_taskflow_api_virtualenv.py for tasks to queue
[2026-09-17T01:19:26.611+0000] {logging_mixin.py:150} INFO - [2026-09-17T01:19:26.611+0000] {dagbag.py:541} INFO - Filling up the DagBag from /home/vscode/.local/lib/python3.10/site-packages/airflow/example_dags/tutorial_taskflow_api_virtualenv.py
[2026-09-17T01:19:26.618+0000] {processor.py:836} INFO - DAG(s) dict_keys(['tutorial_taskflow_api_virtualenv']) retrieved from /home/vscode/.local/lib/python3.10/site-packages/airflow/example_dags/tutorial_taskflow_api_virtualenv.py
[2026-09-17T01:19:26.637+0000] {logging_mixin.py:150} INFO - [2026-09-17T01:19:26.637+0000] {dag.py:2742} INFO - Sync 1 DAGs
[2026-09-17T01:19:26.658+0000] {logging_mixin.py:150} INFO - [2026-09-17T01:19:26.658+0000] {dag.py:3504} INFO - Setting next_dagrun for tutorial_taskflow_api_virtualenv to None, run_after=None
[2026-09-17T01:19:26.705+0000] {processor.py:179} INFO - Processing /home/vscode/.local/lib/python3.10/site-packages/airflow/example_dags/tutorial_taskflow_api_virtualenv.py took 0.098 seconds
[2026-09-17T01:19:36.140+0000] {processor.py:157} INFO - Started process (PID=35062) to work on /home/vscode/.local/lib/python3.10/site-packages/airflow/example_dags/tutorial_taskflow_api_virtualenv.py
[2026-09-17T01:19:36.145+0000] {processor.py:826} INFO - Processing file /home/vscode/.local/lib/python3.10/site-packages/airflow/example_dags/tutorial_taskflow_api_virtualenv.py for tasks to queue
[2026-09-17T01:19:36.146+0000] {logging_mixin.py:150} INFO - [2026-09-17T01:19:36.146+0000] {dagbag.py:541} INFO - Filling up the DagBag from /home/vscode/.local/lib/python3.10/site-packages/airflow/example_dags/tutorial_taskflow_api_virtualenv.py
[2026-09-17T01:19:36.156+0000] {processor.py:836} INFO - DAG(s) dict_keys(['tutorial_taskflow_api_virtualenv']) retrieved from /home/vscode/.local/lib/python3.10/site-packages/airflow/example_dags/tutorial_taskflow_api_virtualenv.py
[2026-09-17T01:19:36.178+0000] {logging_mixin.py:150} INFO - [2026-09-17T01:19:36.178+0000] {dag.py:2742} INFO - Sync 1 DAGs
[2026-09-17T01:19:36.230+0000] {logging_mixin.py:150} INFO - [2026-09-17T01:19:36.230+0000] {dag.py:3504} INFO - Setting next_dagrun for tutorial_taskflow_api_virtualenv to None, run_after=None
[2026-09-17T01:19:36.249+0000] {processor.py:179} INFO - Processing /home/vscode/.local/lib/python3.10/site-packages/airflow/example_dags/tutorial_taskflow_api_virtualenv.py took 0.119 seconds
[2026-09-17T01:20:09.050+0000] {processor.py:157} INFO - Started process (PID=35385) to work on /home/vscode/.local/lib/python3.10/site-packages/airflow/example_dags/tutorial_taskflow_api_virtualenv.py
[2026-09-17T01:20:09.051+0000] {processor.py:826} INFO - Processing file /home/vscode/.local/lib/python3.10/site-packages/airflow/example_dags/tutorial_taskflow_api_virtualenv.py for tasks to queue
[2026-09-17T01:20:09.051+0000] {logging_mixin.py:150} INFO - [2026-09-17T01:20:09.051+0000] {dagbag.py:541} INFO - Filling up the DagBag from /home/vscode/.local/lib/python3.10/site-packages/airflow/example_dags/tutorial_taskflow_api_virtualenv.py
[2026-09-17T01:20:09.057+0000] {processor.py:836} INFO - DAG(s) dict_keys(['tutorial_taskflow_api_virtualenv']) retrieved from /home/vscode/.local/lib/python3.10/site-packages/airflow/example_dags/tutorial_taskflow_api_virtualenv.py
[2026-09-17T01:20:09.072+0000] {logging_mixin.py:150} INFO - [2026-09-17T01:20:09.072+0000] {dag.py:2742} INFO - Sync 1 DAGs
[2026-09-17T01:20:09.087+0000] {logging_mixin.py:150} INFO - [2026-09-17T01:20:09.087+0000] {dag.py:3504} INFO - Setting next_dagrun for tutorial_taskflow_api_virtualenv to None, run_after=None
[2026-09-17T01:20:09.104+0000] {processor.py:179} INFO - Processing /home/vscode/.local/lib/python3.10/site-packages/airflow/example_dags/tutorial_taskflow_api_virtualenv.py took 0.056 seconds
[2026-09-17T01:20:14.930+0000] {processor.py:157} INFO - Started process (PID=35438) to work on /home/vscode/.local/lib/python3.10/site-packages/airflow/example_dags/tutorial_taskflow_api_virtualenv.py
[2026-09-17T01:20:14.931+0000] {processor.py:826} INFO - Processing file /home/vscode/.local/lib/python3.10/site-packages/airflow/example_dags/tutorial_taskflow_api_virtualenv.py for tasks to queue
[2026-09-17T01:20:14.932+0000] {logging_mixin.py:150} INFO - [2026-09-17T01:20:14.931+0000] {dagbag.py:541} INFO - Filling up the DagBag from /home/vscode/.local/lib/python3.10/site-packages/airflow/example_dags/tutorial_taskflow_api_virtualenv.py
[2026-09-17T01:20:14.939+0000] {processor.py:836} INFO - DAG(s) dict_keys(['tutorial_taskflow_api_virtualenv']) retrieved from /home/vscode/.local/lib/python3.10/site-packages/airflow/example_dags/tutorial_taskflow_api_virtualenv.py
[2026-09-17T01:20:14.958+0000] {logging_mixin.py:150} INFO - [2026-09-17T01:20:14.958+0000] {dag.py:2742} INFO - Sync 1 DAGs
[2026-09-17T01:20:14.977+0000] {logging_mixin.py:150} INFO - [2026-09-17T01:20:14.977+0000] {dag.py:3504} INFO - Setting next_dagrun for tutorial_taskflow_api_virtualenv to None, run_after=None
[2026-09-17T01:20:15.011+0000] {processor.py:179} INFO - Processing /home/vscode/.local/lib/python3.10/site-packages/airflow/example_dags/tutorial_taskflow_api_virtualenv.py took 0.085 seconds
[2026-09-17T01:20:46.751+0000] {processor.py:157} INFO - Started process (PID=35731) to work on /home/vscode/.local/lib/python3.10/site-packages/airflow/example_dags/tutorial_taskflow_api_virtualenv.py
[2026-09-17T01:20:46.752+0000] {processor.py:826} INFO - Processing file /home/vscode/.local/lib/python3.10/site-packages/airflow/example_dags/tutorial_taskflow_api_virtualenv.py for tasks to queue
[2026-09-17T01:20:46.752+0000] {logging_mixin.py:150} INFO - [2026-09-17T01:20:46.752+0000] {dagbag.py:541} INFO - Filling up the DagBag from /home/vscode/.local/lib/python3.10/site-packages/airflow/example_dags/tutorial_taskflow_api_virtualenv.py
[2026-09-17T01:20:46.763+0000] {processor.py:836} INFO - DAG(s) dict_keys(['tutorial_taskflow_api_virtualenv']) retrieved from /home/vscode/.local/lib/python3.10/site-packages/airflow/example_dags/tutorial_taskflow_api_virtualenv.py
[2026-09-17T01:20:46.782+0000] {logging_mixin.py:150} INFO - [2026-09-17T01:20:46.782+0000] {dag.py:2742} INFO - Sync 1 DAGs
[2026-09-17T01:20:46.803+0000] {logging_mixin.py:150} INFO - [2026-09-17T01:20:46.803+0000] {dag.py:3504} INFO - Setting next_dagrun for tutorial_taskflow_api_virtualenv to None, run_after=None
[2026-09-17T01:20:46.821+0000] {processor.py:179} INFO - Processing /home/vscode/.local/lib/python3.10/site-packages/airflow/example_dags/tutorial_taskflow_api_virtualenv.py took 0.074 seconds
[2026-09-17T01:20:56.702+0000] {processor.py:157} INFO - Started process (PID=35856) to work on /home/vscode/.local/lib/python3.10/site-packages/airflow/example_dags/tutorial_taskflow_api_virtualenv.py
[2026-09-17T01:20:56.703+0000] {processor.py:826} INFO - Processing file /home/vscode/.local/lib/python3.10/site-packages/airflow/example_dags/tutorial_taskflow_api_virtualenv.py for tasks to queue
[2026-09-17T01:20:56.704+0000] {logging_mixin.py:150} INFO - [2026-09-17T01:20:56.704+0000] {dagbag.py:541} INFO - Filling up the DagBag from /home/vscode/.local/lib/python3.10/site-packages/airflow/example_dags/tutorial_taskflow_api_virtualenv.py
[2026-09-17T01:20:56.711+0000] {processor.py:836} INFO - DAG(s) dict_keys(['tutorial_taskflow_api_virtualenv']) retrieved from /home/vscode/.local/lib/python3.10/site-packages/airflow/example_dags/tutorial_taskflow_api_virtualenv.py
[2026-09-17T01:20:56.729+0000] {logging_mixin.py:150} INFO - [2026-09-17T01:20:56.728+0000] {dag.py:2742} INFO - Sync 1 DAGs
[2026-09-17T01:20:56.747+0000] {logging_mixin.py:150} INFO - [2026-09-17T01:20:56.747+0000] {dag.py:3504} INFO - Setting next_dagrun for tutorial_taskflow_api_virtualenv to None, run_after=None
[2026-09-17T01:20:56.769+0000] {processor.py:179} INFO - Processing /home/vscode/.local/lib/python3.10/site-packages/airflow/example_dags/tutorial_taskflow_api_virtualenv.py took 0.069 seconds
[2026-09-17T01:21:19.888+0000] {processor.py:157} INFO - Started process (PID=36220) to work on /home/vscode/.local/lib/python3.10/site-packages/airflow/example_dags/tutorial_taskflow_api_virtualenv.py
[2026-09-17T01:21:19.889+0000] {processor.py:826} INFO - Processing file /home/vscode/.local/lib/python3.10/site-packages/airflow/example_dags/tutorial_taskflow_api_virtualenv.py for tasks to queue
[2026-09-17T01:21:19.890+0000] {logging_mixin.py:150} INFO - [2026-09-17T01:21:19.890+0000] {dagbag.py:541} INFO - Filling up the DagBag from /home/vscode/.local/lib/python3.10/site-packages/airflow/example_dags/tutorial_taskflow_api_virtualenv.py
[2026-09-17T01:21:19.898+0000] {processor.py:836} INFO - DAG(s) dict_keys(['tutorial_taskflow_api_virtualenv']) retrieved from /home/vscode/.local/lib/python3.10/site-packages/airflow/example_dags/tutorial_taskflow_api_virtualenv.py
[2026-09-17T01:21:19.916+0000] {logging_mixin.py:150} INFO - [2026-09-17T01:21:19.915+0000] {dag.py:2742} INFO - Sync 1 DAGs
[2026-09-17T01:21:19.934+0000] {logging_mixin.py:150} INFO - [2026-09-17T01:21:19.934+0000] {dag.py:3504} INFO - Setting next_dagrun for tutorial_taskflow_api_virtualenv to None, run_after=None
[2026-09-17T01:21:19.950+0000] {processor.py:179} INFO - Processing /home/vscode/.local/lib/python3.10/site-packages/airflow/example_dags/tutorial_taskflow_api_virtualenv.py took 0.065 seconds
[2026-09-17T01:21:30.916+0000] {processor.py:157} INFO - Started process (PID=36309) to work on /home/vscode/.local/lib/python3.10/site-packages/airflow/example_dags/tutorial_taskflow_api_virtualenv.py
[2026-09-17T01:21:30.917+0000] {processor.py:826} INFO - Processing file /home/vscode/.local/lib/python3.10/site-packages/airflow/example_dags/tutorial_taskflow_api_virtualenv.py for tasks to queue
[2026-09-17T01:21:30.917+0000] {logging_mixin.py:150} INFO - [2026-09-17T01:21:30.917+0000] {dagbag.py:541} INFO - Filling up the DagBag from /home/vscode/.local/lib/python3.10/site-packages/airflow/example_dags/tutorial_taskflow_api_virtualenv.py
[2026-09-17T01:21:30.923+0000] {processor.py:836} INFO - DAG(s) dict_keys(['tutorial_taskflow_api_virtualenv']) retrieved from /home/vscode/.local/lib/python3.10/site-packages/airflow/example_dags/tutorial_taskflow_api_virtualenv.py
[2026-09-17T01:21:30.936+0000] {logging_mixin.py:150} INFO - [2026-09-17T01:21:30.936+0000] {dag.py:2742} INFO - Sync 1 DAGs
[2026-09-17T01:21:30.951+0000] {logging_mixin.py:150} INFO - [2026-09-17T01:21:30.950+0000] {dag.py:3504} INFO - Setting next_dagrun for tutorial_taskflow_api_virtualenv to None, run_after=None
[2026-09-17T01:21:30.967+0000] {processor.py:179} INFO - Processing /home/vscode/.local/lib/python3.10/site-packages/airflow/example_dags/tutorial_taskflow_api_virtualenv.py took 0.054 seconds
[2026-09-17T01:21:53.505+0000] {processor.py:157} INFO - Started process (PID=36633) to work on /home/vscode/.local/lib/python3.10/site-packages/airflow/example_dags/tutorial_taskflow_api_virtualenv.py
[2026-09-17T01:21:53.506+0000] {processor.py:826} INFO - Processing file /home/vscode/.local/lib/python3.10/site-packages/airflow/example_dags/tutorial_taskflow_api_virtualenv.py for tasks to queue
[2026-09-17T01:21:53.507+0000] {logging_mixin.py:150} INFO - [2026-09-17T01:21:53.507+0000] {dagbag.py:541} INFO - Filling up the DagBag from /home/vscode/.local/lib/python3.10/site-packages/airflow/example_dags/tutorial_taskflow_api_virtualenv.py
[2026-09-17T01:21:53.512+0000] {processor.py:836} INFO - DAG(s) dict_keys(['tutorial_taskflow_api_virtualenv']) retrieved from /home/vscode/.local/lib/python3.10/site-packages/airflow/example_dags/tutorial_taskflow_api_virtualenv.py
[2026-09-17T01:21:53.525+0000] {logging_mixin.py:150} INFO - [2026-09-17T01:21:53.525+0000] {dag.py:2742} INFO - Sync 1 DAGs
[2026-09-17T01:21:53.540+0000] {logging_mixin.py:150} INFO - [2026-09-17T01:21:53.540+0000] {dag.py:3504} INFO - Setting next_dagrun for tutorial_taskflow_api_virtualenv to None, run_after=None
[2026-09-17T01:21:53.558+0000] {processor.py:179} INFO - Processing /home/vscode/.local/lib/python3.10/site-packages/airflow/example_dags/tutorial_taskflow_api_virtualenv.py took 0.055 seconds
[2026-09-17T01:22:19.293+0000] {processor.py:157} INFO - Started process (PID=37033) to work on /home/vscode/.local/lib/python3.10/site-packages/airflow/example_dags/tutorial_taskflow_api_virtualenv.py
[2026-09-17T01:22:19.294+0000] {processor.py:826} INFO - Processing file /home/vscode/.local/lib/python3.10/site-packages/airflow/example_dags/tutorial_taskflow_api_virtualenv.py for tasks to queue
[2026-09-17T01:22:19.295+0000] {logging_mixin.py:150} INFO - [2026-09-17T01:22:19.295+0000] {dagbag.py:541} INFO - Filling up the DagBag from /home/vscode/.local/lib/python3.10/site-packages/airflow/example_dags/tutorial_taskflow_api_virtualenv.py
[2026-09-17T01:22:19.304+0000] {processor.py:836} INFO - DAG(s) dict_keys(['tutorial_taskflow_api_virtualenv']) retrieved from /home/vscode/.local/lib/python3.10/site-packages/airflow/example_dags/tutorial_taskflow_api_virtualenv.py
[2026-09-17T01:22:19.320+0000] {logging_mixin.py:150} INFO - [2026-09-17T01:22:19.320+0000] {dag.py:2742} INFO - Sync 1 DAGs
[2026-09-17T01:22:19.335+0000] {logging_mixin.py:150} INFO - [2026-09-17T01:22:19.334+0000] {dag.py:3504} INFO - Setting next_dagrun for tutorial_taskflow_api_virtualenv to None, run_after=None
[2026-09-17T01:22:19.356+0000] {processor.py:179} INFO - Processing /home/vscode/.local/lib/python3.10/site-packages/airflow/example_dags/tutorial_taskflow_api_virtualenv.py took 0.067 seconds
[2026-09-17T01:22:24.984+0000] {processor.py:157} INFO - Started process (PID=37122) to work on /home/vscode/.local/lib/python3.10/site-packages/airflow/example_dags/tutorial_taskflow_api_virtualenv.py
[2026-09-17T01:22:24.985+0000] {processor.py:826} INFO - Processing file /home/vscode/.local/lib/python3.10/site-packages/airflow/example_dags/tutorial_taskflow_api_virtualenv.py for tasks to queue
[2026-09-17T01:22:24.985+0000] {logging_mixin.py:150} INFO - [2026-09-17T01:22:24.985+0000] {dagbag.py:541} INFO - Filling up the DagBag from /home/vscode/.local/lib/python3.10/site-packages/airflow/example_dags/tutorial_taskflow_api_virtualenv.py
[2026-09-17T01:22:24.992+0000] {processor.py:836} INFO - DAG(s) dict_keys(['tutorial_taskflow_api_virtualenv']) retrieved from /home/vscode/.local/lib/python3.10/site-packages/airflow/example_dags/tutorial_taskflow_api_virtualenv.py
[2026-09-17T01:22:25.010+0000] {logging_mixin.py:150} INFO - [2026-09-17T01:22:25.010+0000] {dag.py:2742} INFO - Sync 1 DAGs
[2026-09-17T01:22:25.027+0000] {logging_mixin.py:150} INFO - [2026-09-17T01:22:25.026+0000] {dag.py:3504} INFO - Setting next_dagrun for tutorial_taskflow_api_virtualenv to None, run_after=None
[2026-09-17T01:22:25.045+0000] {processor.py:179} INFO - Processing /home/vscode/.local/lib/python3.10/site-packages/airflow/example_dags/tutorial_taskflow_api_virtualenv.py took 0.063 seconds
[2026-09-17T01:22:53.886+0000] {processor.py:157} INFO - Started process (PID=37346) to work on /home/vscode/.local/lib/python3.10/site-packages/airflow/example_dags/tutorial_taskflow_api_virtualenv.py
[2026-09-17T01:22:53.886+0000] {processor.py:826} INFO - Processing file /home/vscode/.local/lib/python3.10/site-packages/airflow/example_dags/tutorial_taskflow_api_virtualenv.py for tasks to queue
[2026-09-17T01:22:53.887+0000] {logging_mixin.py:150} INFO - [2026-09-17T01:22:53.887+0000] {dagbag.py:541} INFO - Filling up the DagBag from /home/vscode/.local/lib/python3.10/site-packages/airflow/example_dags/tutorial_taskflow_api_virtualenv.py
[2026-09-17T01:22:53.894+0000] {processor.py:836} INFO - DAG(s) dict_keys(['tutorial_taskflow_api_virtualenv']) retrieved from /home/vscode/.local/lib/python3.10/site-packages/airflow/example_dags/tutorial_taskflow_api_virtualenv.py
[2026-09-17T01:22:53.908+0000] {logging_mixin.py:150} INFO - [2026-09-17T01:22:53.908+0000] {dag.py:2742} INFO - Sync 1 DAGs
[2026-09-17T01:22:53.922+0000] {logging_mixin.py:150} INFO - [2026-09-17T01:22:53.922+0000] {dag.py:3504} INFO - Setting next_dagrun for tutorial_taskflow_api_virtualenv to None, run_after=None
[2026-09-17T01:22:53.941+0000] {processor.py:179} INFO - Processing /home/vscode/.local/lib/python3.10/site-packages/airflow/example_dags/tutorial_taskflow_api_virtualenv.py took 0.059 seconds
[2026-09-17T01:23:13.962+0000] {processor.py:157} INFO - Started process (PID=37547) to work on /home/vscode/.local/lib/python3.10/site-packages/airflow/example_dags/tutorial_taskflow_api_virtualenv.py
[2026-09-17T01:23:13.963+0000] {processor.py:826} INFO - Processing file /home/vscode/.local/lib/python3.10/site-packages/airflow/example_dags/tutorial_taskflow_api_virtualenv.py for tasks to queue
[2026-09-17T01:23:13.964+0000] {logging_mixin.py:150} INFO - [2026-09-17T01:23:13.963+0000] {dagbag.py:541} INFO - Filling up the DagBag from /home/vscode/.local/lib/python3.10/site-packages/airflow/example_dags/tutorial_taskflow_api_virtualenv.py
[2026-09-17T01:23:13.971+0000] {processor.py:836} INFO - DAG(s) dict_keys(['tutorial_taskflow_api_virtualenv']) retrieved from /home/vscode/.local/lib/python3.10/site-packages/airflow/example_dags/tutorial_taskflow_api_virtualenv.py
[2026-09-17T01:23:13.988+0000] {logging_mixin.py:150} INFO - [2026-09-17T01:23:13.987+0000] {dag.py:2742} INFO - Sync 1 DAGs
[2026-09-17T01:23:14.005+0000] {logging_mixin.py:150} INFO - [2026-09-17T01:23:14.005+0000] {dag.py:3504} INFO - Setting next_dagrun for tutorial_taskflow_api_virtualenv to None, run_after=None
[2026-09-17T01:23:14.021+0000] {processor.py:179} INFO - Processing /home/vscode/.local/lib/python3.10/site-packages/airflow/example_dags/tutorial_taskflow_api_virtualenv.py took 0.062 seconds
[2026-09-17T01:23:40.715+0000] {processor.py:157} INFO - Started process (PID=37786) to work on /home/vscode/.local/lib/python3.10/site-packages/airflow/example_dags/tutorial_taskflow_api_virtualenv.py
[2026-09-17T01:23:40.716+0000] {processor.py:826} INFO - Processing file /home/vscode/.local/lib/python3.10/site-packages/airflow/example_dags/tutorial_taskflow_api_virtualenv.py for tasks to queue
[2026-09-17T01:23:40.717+0000] {logging_mixin.py:150} INFO - [2026-09-17T01:23:40.717+0000] {dagbag.py:541} INFO - Filling up the DagBag from /home/vscode/.local/lib/python3.10/site-packages/airflow/example_dags/tutorial_taskflow_api_virtualenv.py
[2026-09-17T01:23:40.722+0000] {processor.py:836} INFO - DAG(s) dict_keys(['tutorial_taskflow_api_virtualenv']) retrieved from /home/vscode/.local/lib/python3.10/site-packages/airflow/example_dags/tutorial_taskflow_api_virtualenv.py
[2026-09-17T01:23:40.735+0000] {logging_mixin.py:150} INFO - [2026-09-17T01:23:40.735+0000] {dag.py:2742} INFO - Sync 1 DAGs
[2026-09-17T01:23:40.749+0000] {logging_mixin.py:150} INFO - [2026-09-17T01:23:40.749+0000] {dag.py:3504} INFO - Setting next_dagrun for tutorial_taskflow_api_virtualenv to None, run_after=None
[2026-09-17T01:23:40.766+0000] {processor.py:179} INFO - Processing /home/vscode/.local/lib/python3.10/site-packages/airflow/example_dags/tutorial_taskflow_api_virtualenv.py took 0.053 seconds
[2026-09-17T01:24:00.214+0000] {processor.py:157} INFO - Started process (PID=37936) to work on /home/vscode/.local/lib/python3.10/site-packages/airflow/example_dags/tutorial_taskflow_api_virtualenv.py
[2026-09-17T01:24:00.215+0000] {processor.py:826} INFO - Processing file /home/vscode/.local/lib/python3.10/site-packages/airflow/example_dags/tutorial_taskflow_api_virtualenv.py for tasks to queue
[2026-09-17T01:24:00.216+0000] {logging_mixin.py:150} INFO - [2026-09-17T01:24:00.216+0000] {dagbag.py:541} INFO - Filling up the DagBag from /home/vscode/.local/lib/python3.10/site-packages/airflow/example_dags/tutorial_taskflow_api_virtualenv.py
[2026-09-17T01:24:00.222+0000] {processor.py:836} INFO - DAG(s) dict_keys(['tutorial_taskflow_api_virtualenv']) retrieved from /home/vscode/.local/lib/python3.10/site-packages/airflow/example_dags/tutorial_taskflow_api_virtualenv.py
[2026-09-17T01:24:00.235+0000] {logging_mixin.py:150} INFO - [2026-09-17T01:24:00.234+0000] {dag.py:2742} INFO - Sync 1 DAGs
[2026-09-17T01:24:00.249+0000] {logging_mixin.py:150} INFO - [2026-09-17T01:24:00.249+0000] {dag.py:3504} INFO - Setting next_dagrun for tutorial_taskflow_api_virtualenv to None, run_after=None
[2026-09-17T01:24:00.271+0000] {processor.py:179} INFO - Processing /home/vscode/.local/lib/python3.10/site-packages/airflow/example_dags/tutorial_taskflow_api_virtualenv.py took 0.059 seconds
[2026-09-17T01:24:16.596+0000] {processor.py:157} INFO - Started process (PID=38238) to work on /home/vscode/.local/lib/python3.10/site-packages/airflow/example_dags/tutorial_taskflow_api_virtualenv.py
[2026-09-17T01:24:16.597+0000] {processor.py:826} INFO - Processing file /home/vscode/.local/lib/python3.10/site-packages/airflow/example_dags/tutorial_taskflow_api_virtualenv.py for tasks to queue
[2026-09-17T01:24:16.598+0000] {logging_mixin.py:150} INFO - [2026-09-17T01:24:16.597+0000] {dagbag.py:541} INFO - Filling up the DagBag from /home/vscode/.local/lib/python3.10/site-packages/airflow/example_dags/tutorial_taskflow_api_virtualenv.py
[2026-09-17T01:24:16.605+0000] {processor.py:836} INFO - DAG(s) dict_keys(['tutorial_taskflow_api_virtualenv']) retrieved from /home/vscode/.local/lib/python3.10/site-packages/airflow/example_dags/tutorial_taskflow_api_virtualenv.py
[2026-09-17T01:24:16.617+0000] {logging_mixin.py:150} INFO - [2026-09-17T01:24:16.617+0000] {dag.py:2742} INFO - Sync 1 DAGs
[2026-09-17T01:24:16.632+0000] {logging_mixin.py:150} INFO - [2026-09-17T01:24:16.632+0000] {dag.py:3504} INFO - Setting next_dagrun for tutorial_taskflow_api_virtualenv to None, run_after=None
[2026-09-17T01:24:16.653+0000] {processor.py:179} INFO - Processing /home/vscode/.local/lib/python3.10/site-packages/airflow/example_dags/tutorial_taskflow_api_virtualenv.py took 0.060 seconds
[2026-09-17T01:24:35.128+0000] {processor.py:157} INFO - Started process (PID=38523) to work on /home/vscode/.local/lib/python3.10/site-packages/airflow/example_dags/tutorial_taskflow_api_virtualenv.py
[2026-09-17T01:24:35.128+0000] {processor.py:826} INFO - Processing file /home/vscode/.local/lib/python3.10/site-packages/airflow/example_dags/tutorial_taskflow_api_virtualenv.py for tasks to queue
[2026-09-17T01:24:35.129+0000] {logging_mixin.py:150} INFO - [2026-09-17T01:24:35.129+0000] {dagbag.py:541} INFO - Filling up the DagBag from /home/vscode/.local/lib/python3.10/site-packages/airflow/example_dags/tutorial_taskflow_api_virtualenv.py
[2026-09-17T01:24:35.136+0000] {processor.py:836} INFO - DAG(s) dict_keys(['tutorial_taskflow_api_virtualenv']) retrieved from /home/vscode/.local/lib/python3.10/site-packages/airflow/example_dags/tutorial_taskflow_api_virtualenv.py
[2026-09-17T01:24:35.149+0000] {logging_mixin.py:150} INFO - [2026-09-17T01:24:35.149+0000] {dag.py:2742} INFO - Sync 1 DAGs
[2026-09-17T01:24:35.172+0000] {logging_mixin.py:150} INFO - [2026-09-17T01:24:35.172+0000] {dag.py:3504} INFO - Setting next_dagrun for tutorial_taskflow_api_virtualenv to None, run_after=None
[2026-09-17T01:24:35.208+0000] {processor.py:179} INFO - Processing /home/vscode/.local/lib/python3.10/site-packages/airflow/example_dags/tutorial_taskflow_api_virtualenv.py took 0.083 seconds
