[2026-09-17T00:55:12.410+0000] {processor.py:157} INFO - Started process (PID=21813) to work on /home/vscode/.local/lib/python3.10/site-packages/airflow/example_dags/tutorial_dag.py
[2026-09-17T00:55:12.411+0000] {processor.py:826} INFO - Processing file /home/vscode/.local/lib/python3.10/site-packages/airflow/example_dags/tutorial_dag.py for tasks to queue
[2026-09-17T00:55:12.412+0000] {logging_mixin.py:150} INFO - [2026-09-17T00:55:12.412+0000] {dagbag.py:541} INFO - Filling up the DagBag from /home/vscode/.local/lib/python3.10/site-packages/airflow/example_dags/tutorial_dag.py
[2026-09-17T00:55:12.429+0000] {processor.py:836} INFO - DAG(s) dict_keys(['tutorial_dag']) retrieved from /home/vscode/.local/lib/python3.10/site-packages/airflow/example_dags/tutorial_dag.py
[2026-09-17T00:55:12.584+0000] {logging_mixin.py:150} INFO - [2026-09-17T00:55:12.584+0000] {manager.py:504} INFO - Created Permission View: can delete on DAG:tutorial_dag
[2026-09-17T00:55:12.593+0000] {logging_mixin.py:150} INFO - [2026-09-17T00:55:12.593+0000] {manager.py:504} INFO - Created Permission View: can edit on DAG:tutorial_dag
[2026-09-17T00:55:12.605+0000] {logging_mixin.py:150} INFO - [2026-09-17T00:55:12.605+0000] {manager.py:504} INFO - Created Permission View: can read on DAG:tutorial_dag
[2026-09-17T00:55:12.613+0000] {logging_mixin.py:150} INFO - [2026-09-17T00:55:12.612+0000] {dag.py:2742} INFO - Sync 1 DAGs
[2026-09-17T00:55:12.622+0000] {logging_mixin.py:150} INFO - [2026-09-17T00:55:12.622+0000] {dag.py:2763} INFO - Creating ORM DAG for tutorial_dag
[2026-09-17T00:55:12.631+0000] {logging_mixin.py:150} INFO - [2026-09-17T00:55:12.630+0000] {dag.py:3504} INFO - Setting next_dagrun for tutorial_dag to None, run_after=None
[2026-09-17T00:55:12.655+0000] {processor.py:179} INFO - Processing /home/vscode/.local/lib/python3.10/site-packages/airflow/example_dags/tutorial_dag.py took 0.248 seconds
[2026-09-17T00:55:45.588+0000] {processor.py:157} INFO - Started process (PID=22146) to work on /home/vscode/.local/lib/python3.10/site-packages/airflow/example_dags/tutorial_dag.py
[2026-09-17T00:55:45.589+0000] {processor.py:826} INFO - Processing file /home/vscode/.local/lib/python3.10/site-packages/airflow/example_dags/tutorial_dag.py for tasks to queue
[2026-09-17T00:55:45.590+0000] {logging_mixin.py:150} INFO - [2026-09-17T00:55:45.590+0000] {dagbag.py:541} INFO - Filling up the DagBag from /home/vscode/.local/lib/python3.10/site-packages/airflow/example_dags/tutorial_dag.py
[2026-09-17T00:55:45.619+0000] {processor.py:836} INFO - DAG(s) dict_keys(['tutorial_dag']) retrieved from /home/vscode/.local/lib/python3.10/site-packages/airflow/example_dags/tutorial_dag.py
[2026-09-17T00:55:45.687+0000] {logging_mixin.py:150} INFO - [2026-09-17T00:55:45.687+0000] {dag.py:2742} INFO - Sync 1 DAGs
[2026-09-17T00:55:45.710+0000] {logging_mixin.py:150} INFO - [2026-09-17T00:55:45.710+0000] {dag.py:3504} INFO - Setting next_dagrun for tutorial_dag to None, run_after=None
[2026-09-17T00:55:45.736+0000] {processor.py:179} INFO - Processing /home/vscode/.local/lib/python3.10/site-packages/airflow/example_dags/tutorial_dag.py took 0.152 seconds
[2026-09-17T00:56:10.872+0000] {processor.py:157} INFO - Started process (PID=22376) to work on /home/vscode/.local/lib/python3.10/site-packages/airflow/example_dags/tutorial_dag.py
[2026-09-17T00:56:10.873+0000] {processor.py:826} INFO - Processing file /home/vscode/.local/lib/python3.10/site-packages/airflow/example_dags/tutorial_dag.py for tasks to queue
[2026-09-17T00:56:10.873+0000] {logging_mixin.py:150} INFO - [2026-09-17T00:56:10.873+0000] {dagbag.py:541} INFO - Filling up the DagBag from /home/vscode/.local/lib/python3.10/site-packages/airflow/example_dags/tutorial_dag.py
[2026-09-17T00:56:10.877+0000] {processor.py:836} INFO - DAG(s) dict_keys(['tutorial_dag']) retrieved from /home/vscode/.local/lib/python3.10/site-packages/airflow/example_dags/tutorial_dag.py
[2026-09-17T00:56:10.891+0000] {logging_mixin.py:150} INFO - [2026-09-17T00:56:10.891+0000] {dag.py:2742} INFO - Sync 1 DAGs
[2026-09-17T00:56:10.905+0000] {logging_mixin.py:150} INFO - [2026-09-17T00:56:10.905+0000] {dag.py:3504} INFO - Setting next_dagrun for tutorial_dag to None, run_after=None
[2026-09-17T00:56:10.923+0000] {processor.py:179} INFO - Processing /home/vscode/.local/lib/python3.10/site-packages/airflow/example_dags/tutorial_dag.py took 0.053 seconds
[2026-09-17T00:56:33.595+0000] {processor.py:157} INFO - Started process (PID=22617) to work on /home/vscode/.local/lib/python3.10/site-packages/airflow/example_dags/tutorial_dag.py
[2026-09-17T00:56:33.596+0000] {processor.py:826} INFO - Processing file /home/vscode/.local/lib/python3.10/site-packages/airflow/example_dags/tutorial_dag.py for tasks to queue
[2026-09-17T00:56:33.597+0000] {logging_mixin.py:150} INFO - [2026-09-17T00:56:33.596+0000] {dagbag.py:541} INFO - Filling up the DagBag from /home/vscode/.local/lib/python3.10/site-packages/airflow/example_dags/tutorial_dag.py
[2026-09-17T00:56:33.601+0000] {processor.py:836} INFO - DAG(s) dict_keys(['tutorial_dag']) retrieved from /home/vscode/.local/lib/python3.10/site-packages/airflow/example_dags/tutorial_dag.py
[2026-09-17T00:56:33.614+0000] {logging_mixin.py:150} INFO - [2026-09-17T00:56:33.614+0000] {dag.py:2742} INFO - Sync 1 DAGs
[2026-09-17T00:56:33.628+0000] {logging_mixin.py:150} INFO - [2026-09-17T00:56:33.628+0000] {dag.py:3504} INFO - Setting next_dagrun for tutorial_dag to None, run_after=None
[2026-09-17T00:56:33.646+0000] {processor.py:179} INFO - Processing /home/vscode/.local/lib/python3.10/site-packages/airflow/example_dags/tutorial_dag.py took 0.053 seconds
[2026-09-17T00:56:54.868+0000] {processor.py:157} INFO - Started process (PID=22812) to work on /home/vscode/.local/lib/python3.10/site-packages/airflow/example_dags/tutorial_dag.py
[2026-09-17T00:56:54.869+0000] {processor.py:826} INFO - Processing file /home/vscode/.local/lib/python3.10/site-packages/airflow/example_dags/tutorial_dag.py for tasks to queue
[2026-09-17T00:56:54.870+0000] {logging_mixin.py:150} INFO - [2026-09-17T00:56:54.869+0000] {dagbag.py:541} INFO - Filling up the DagBag from /home/vscode/.local/lib/python3.10/site-packages/airflow/example_dags/tutorial_dag.py
[2026-09-17T00:56:54.875+0000] {processor.py:836} INFO - DAG(s) dict_keys(['tutorial_dag']) retrieved from /home/vscode/.local/lib/python3.10/site-packages/airflow/example_dags/tutorial_dag.py
[2026-09-17T00:56:54.894+0000] {logging_mixin.py:150} INFO - [2026-09-17T00:56:54.894+0000] {dag.py:2742} INFO - Sync 1 DAGs
[2026-09-17T00:56:54.917+0000] {logging_mixin.py:150} INFO - [2026-09-17T00:56:54.917+0000] {dag.py:3504} INFO - Setting next_dagrun for tutorial_dag to None, run_after=None
[2026-09-17T00:56:54.960+0000] {processor.py:179} INFO - Processing /home/vscode/.local/lib/python3.10/site-packages/airflow/example_dags/tutorial_dag.py took 0.096 seconds
[2026-09-17T00:57:11.909+0000] {processor.py:157} INFO - Started process (PID=22937) to work on /home/vscode/.local/lib/python3.10/site-packages/airflow/example_dags/tutorial_dag.py
[2026-09-17T00:57:11.909+0000] {processor.py:826} INFO - Processing file /home/vscode/.local/lib/python3.10/site-packages/airflow/example_dags/tutorial_dag.py for tasks to queue
[2026-09-17T00:57:11.910+0000] {logging_mixin.py:150} INFO - [2026-09-17T00:57:11.910+0000] {dagbag.py:541} INFO - Filling up the DagBag from /home/vscode/.local/lib/python3.10/site-packages/airflow/example_dags/tutorial_dag.py
[2026-09-17T00:57:11.914+0000] {processor.py:836} INFO - DAG(s) dict_keys(['tutorial_dag']) retrieved from /home/vscode/.local/lib/python3.10/site-packages/airflow/example_dags/tutorial_dag.py
[2026-09-17T00:57:11.930+0000] {logging_mixin.py:150} INFO - [2026-09-17T00:57:11.930+0000] {dag.py:2742} INFO - Sync 1 DAGs
[2026-09-17T00:57:11.950+0000] {logging_mixin.py:150} INFO - [2026-09-17T00:57:11.950+0000] {dag.py:3504} INFO - Setting next_dagrun for tutorial_dag to None, run_after=None
[2026-09-17T00:57:11.973+0000] {processor.py:179} INFO - Processing /home/vscode/.local/lib/python3.10/site-packages/airflow/example_dags/tutorial_dag.py took 0.067 seconds
[2026-09-17T00:57:34.571+0000] {processor.py:157} INFO - Started process (PID=23105) to work on /home/vscode/.local/lib/python3.10/site-packages/airflow/example_dags/tutorial_dag.py
[2026-09-17T00:57:34.572+0000] {processor.py:826} INFO - Processing file /home/vscode/.local/lib/python3.10/site-packages/airflow/example_dags/tutorial_dag.py for tasks to queue
[2026-09-17T00:57:34.573+0000] {logging_mixin.py:150} INFO - [2026-09-17T00:57:34.572+0000] {dagbag.py:541} INFO - Filling up the DagBag from /home/vscode/.local/lib/python3.10/site-packages/airflow/example_dags/tutorial_dag.py
[2026-09-17T00:57:34.579+0000] {processor.py:836} INFO - DAG(s) dict_keys(['tutorial_dag']) retrieved from /home/vscode/.local/lib/python3.10/site-packages/airflow/example_dags/tutorial_dag.py
[2026-09-17T00:57:34.597+0000] {logging_mixin.py:150} INFO - [2026-09-17T00:57:34.597+0000] {dag.py:2742} INFO - Sync 1 DAGs
[2026-09-17T00:57:34.619+0000] {logging_mixin.py:150} INFO - [2026-09-17T00:57:34.619+0000] {dag.py:3504} INFO - Setting next_dagrun for tutorial_dag to None, run_after=None
[2026-09-17T00:57:34.640+0000] {processor.py:179} INFO - Processing /home/vscode/.local/lib/python3.10/site-packages/airflow/example_dags/tutorial_dag.py took 0.073 seconds
[2026-09-17T00:57:52.584+0000] {processor.py:157} INFO - Started process (PID=23245) to work on /home/vscode/.local/lib/python3.10/site-packages/airflow/example_dags/tutorial_dag.py
[2026-09-17T00:57:52.585+0000] {processor.py:826} INFO - Processing file /home/vscode/.local/lib/python3.10/site-packages/airflow/example_dags/tutorial_dag.py for tasks to queue
[2026-09-17T00:57:52.588+0000] {logging_mixin.py:150} INFO - [2026-09-17T00:57:52.588+0000] {dagbag.py:541} INFO - Filling up the DagBag from /home/vscode/.local/lib/python3.10/site-packages/airflow/example_dags/tutorial_dag.py
[2026-09-17T00:57:52.597+0000] {processor.py:836} INFO - DAG(s) dict_keys(['tutorial_dag']) retrieved from /home/vscode/.local/lib/python3.10/site-packages/airflow/example_dags/tutorial_dag.py
[2026-09-17T00:57:52.616+0000] {logging_mixin.py:150} INFO - [2026-09-17T00:57:52.616+0000] {dag.py:2742} INFO - Sync 1 DAGs
[2026-09-17T00:57:52.637+0000] {logging_mixin.py:150} INFO - [2026-09-17T00:57:52.637+0000] {dag.py:3504} INFO - Setting next_dagrun for tutorial_dag to None, run_after=None
[2026-09-17T00:57:52.662+0000] {processor.py:179} INFO - Processing /home/vscode/.local/lib/python3.10/site-packages/airflow/example_dags/tutorial_dag.py took 0.081 seconds
[2026-09-17T00:58:21.114+0000] {processor.py:157} INFO - Started process (PID=23538) to work on /home/vscode/.local/lib/python3.10/site-packages/airflow/example_dags/tutorial_dag.py
[2026-09-17T00:58:21.115+0000] {processor.py:826} INFO - Processing file /home/vscode/.local/lib/python3.10/site-packages/airflow/example_dags/tutorial_dag.py for tasks to queue
[2026-09-17T00:58:21.116+0000] {logging_mixin.py:150} INFO - [2026-09-17T00:58:21.116+0000] {dagbag.py:541} INFO - Filling up the DagBag from /home/vscode/.local/lib/python3.10/site-packages/airflow/example_dags/tutorial_dag.py
[2026-09-17T00:58:21.120+0000] {processor.py:836} INFO - DAG(s) dict_keys(['tutorial_dag']) retrieved from /home/vscode/.local/lib/python3.10/site-packages/airflow/example_dags/tutorial_dag.py
[2026-09-17T00:58:21.136+0000] {logging_mixin.py:150} INFO - [2026-09-17T00:58:21.136+0000] {dag.py:2742} INFO - Sync 1 DAGs
[2026-09-17T00:58:21.155+0000] {logging_mixin.py:150} INFO - [2026-09-17T00:58:21.154+0000] {dag.py:3504} INFO - Setting next_dagrun for tutorial_dag to None, run_after=None
[2026-09-17T00:58:21.171+0000] {processor.py:179} INFO - Processing /home/vscode/.local/lib/python3.10/site-packages/airflow/example_dags/tutorial_dag.py took 0.059 seconds
[2026-09-17T00:58:26.590+0000] {processor.py:157} INFO - Started process (PID=23606) to work on /home/vscode/.local/lib/python3.10/site-packages/airflow/example_dags/tutorial_dag.py
[2026-09-17T00:58:26.591+0000] {processor.py:826} INFO - Processing file /home/vscode/.local/lib/python3.10/site-packages/airflow/example_dags/tutorial_dag.py for tasks to queue
[2026-09-17T00:58:26.592+0000] {logging_mixin.py:150} INFO - [2026-09-17T00:58:26.592+0000] {dagbag.py:541} INFO - Filling up the DagBag from /home/vscode/.local/lib/python3.10/site-packages/airflow/example_dags/tutorial_dag.py
[2026-09-17T00:58:26.597+0000] {processor.py:836} INFO - DAG(s) dict_keys(['tutorial_dag']) retrieved from /home/vscode/.local/lib/python3.10/site-packages/airflow/example_dags/tutorial_dag.py
[2026-09-17T00:58:26.612+0000] {logging_mixin.py:150} INFO - [2026-09-17T00:58:26.612+0000] {dag.py:2742} INFO - Sync 1 DAGs
[2026-09-17T00:58:26.627+0000] {logging_mixin.py:150} INFO - [2026-09-17T00:58:26.626+0000] {dag.py:3504} INFO - Setting next_dagrun for tutorial_dag to None, run_after=None
[2026-09-17T00:58:26.643+0000] {processor.py:179} INFO - Processing /home/vscode/.local/lib/python3.10/site-packages/airflow/example_dags/tutorial_dag.py took 0.056 seconds
[2026-09-17T00:58:53.613+0000] {processor.py:157} INFO - Started process (PID=23893) to work on /home/vscode/.local/lib/python3.10/site-packages/airflow/example_dags/tutorial_dag.py
[2026-09-17T00:58:53.629+0000] {processor.py:826} INFO - Processing file /home/vscode/.local/lib/python3.10/site-packages/airflow/example_dags/tutorial_dag.py for tasks to queue
[2026-09-17T00:58:53.636+0000] {logging_mixin.py:150} INFO - [2026-09-17T00:58:53.635+0000] {dagbag.py:541} INFO - Filling up the DagBag from /home/vscode/.local/lib/python3.10/site-packages/airflow/example_dags/tutorial_dag.py
[2026-09-17T00:58:53.684+0000] {processor.py:836} INFO - DAG(s) dict_keys(['tutorial_dag']) retrieved from /home/vscode/.local/lib/python3.10/site-packages/airflow/example_dags/tutorial_dag.py
[2026-09-17T00:58:53.774+0000] {logging_mixin.py:150} INFO - [2026-09-17T00:58:53.774+0000] {dag.py:2742} INFO - Sync 1 DAGs
[2026-09-17T00:58:53.834+0000] {logging_mixin.py:150} INFO - [2026-09-17T00:58:53.833+0000] {dag.py:3504} INFO - Setting next_dagrun for tutorial_dag to None, run_after=None
[2026-09-17T00:58:53.859+0000] {processor.py:179} INFO - Processing /home/vscode/.local/lib/python3.10/site-packages/airflow/example_dags/tutorial_dag.py took 0.267 seconds
[2026-09-17T00:59:01.132+0000] {processor.py:157} INFO - Started process (PID=24020) to work on /home/vscode/.local/lib/python3.10/site-packages/airflow/example_dags/tutorial_dag.py
[2026-09-17T00:59:01.132+0000] {processor.py:826} INFO - Processing file /home/vscode/.local/lib/python3.10/site-packages/airflow/example_dags/tutorial_dag.py for tasks to queue
[2026-09-17T00:59:01.133+0000] {logging_mixin.py:150} INFO - [2026-09-17T00:59:01.133+0000] {dagbag.py:541} INFO - Filling up the DagBag from /home/vscode/.local/lib/python3.10/site-packages/airflow/example_dags/tutorial_dag.py
[2026-09-17T00:59:01.139+0000] {processor.py:836} INFO - DAG(s) dict_keys(['tutorial_dag']) retrieved from /home/vscode/.local/lib/python3.10/site-packages/airflow/example_dags/tutorial_dag.py
[2026-09-17T00:59:01.156+0000] {logging_mixin.py:150} INFO - [2026-09-17T00:59:01.156+0000] {dag.py:2742} INFO - Sync 1 DAGs
[2026-09-17T00:59:01.181+0000] {logging_mixin.py:150} INFO - [2026-09-17T00:59:01.178+0000] {dag.py:3504} INFO - Setting next_dagrun for tutorial_dag to None, run_after=None
[2026-09-17T00:59:01.203+0000] {processor.py:179} INFO - Processing /home/vscode/.local/lib/python3.10/site-packages/airflow/example_dags/tutorial_dag.py took 0.075 seconds
[2026-09-17T00:59:27.687+0000] {processor.py:157} INFO - Started process (PID=24323) to work on /home/vscode/.local/lib/python3.10/site-packages/airflow/example_dags/tutorial_dag.py
[2026-09-17T00:59:27.687+0000] {processor.py:826} INFO - Processing file /home/vscode/.local/lib/python3.10/site-packages/airflow/example_dags/tutorial_dag.py for tasks to queue
[2026-09-17T00:59:27.688+0000] {logging_mixin.py:150} INFO - [2026-09-17T00:59:27.688+0000] {dagbag.py:541} INFO - Filling up the DagBag from /home/vscode/.local/lib/python3.10/site-packages/airflow/example_dags/tutorial_dag.py
[2026-09-17T00:59:27.694+0000] {processor.py:836} INFO - DAG(s) dict_keys(['tutorial_dag']) retrieved from /home/vscode/.local/lib/python3.10/site-packages/airflow/example_dags/tutorial_dag.py
[2026-09-17T00:59:27.707+0000] {logging_mixin.py:150} INFO - [2026-09-17T00:59:27.707+0000] {dag.py:2742} INFO - Sync 1 DAGs
[2026-09-17T00:59:27.722+0000] {logging_mixin.py:150} INFO - [2026-09-17T00:59:27.722+0000] {dag.py:3504} INFO - Setting next_dagrun for tutorial_dag to None, run_after=None
[2026-09-17T00:59:27.739+0000] {processor.py:179} INFO - Processing /home/vscode/.local/lib/python3.10/site-packages/airflow/example_dags/tutorial_dag.py took 0.055 seconds
[2026-09-17T00:59:40.137+0000] {processor.py:157} INFO - Started process (PID=24489) to work on /home/vscode/.local/lib/python3.10/site-packages/airflow/example_dags/tutorial_dag.py
[2026-09-17T00:59:40.138+0000] {processor.py:826} INFO - Processing file /home/vscode/.local/lib/python3.10/site-packages/airflow/example_dags/tutorial_dag.py for tasks to queue
[2026-09-17T00:59:40.139+0000] {logging_mixin.py:150} INFO - [2026-09-17T00:59:40.139+0000] {dagbag.py:541} INFO - Filling up the DagBag from /home/vscode/.local/lib/python3.10/site-packages/airflow/example_dags/tutorial_dag.py
[2026-09-17T00:59:40.143+0000] {processor.py:836} INFO - DAG(s) dict_keys(['tutorial_dag']) retrieved from /home/vscode/.local/lib/python3.10/site-packages/airflow/example_dags/tutorial_dag.py
[2026-09-17T00:59:40.160+0000] {logging_mixin.py:150} INFO - [2026-09-17T00:59:40.160+0000] {dag.py:2742} INFO - Sync 1 DAGs
[2026-09-17T00:59:40.184+0000] {logging_mixin.py:150} INFO - [2026-09-17T00:59:40.184+0000] {dag.py:3504} INFO - Setting next_dagrun for tutorial_dag to None, run_after=None
[2026-09-17T00:59:40.211+0000] {processor.py:179} INFO - Processing /home/vscode/.local/lib/python3.10/site-packages/airflow/example_dags/tutorial_dag.py took 0.077 seconds
[2026-09-17T01:00:03.606+0000] {processor.py:157} INFO - Started process (PID=24843) to work on /home/vscode/.local/lib/python3.10/site-packages/airflow/example_dags/tutorial_dag.py
[2026-09-17T01:00:03.607+0000] {processor.py:826} INFO - Processing file /home/vscode/.local/lib/python3.10/site-packages/airflow/example_dags/tutorial_dag.py for tasks to queue
[2026-09-17T01:00:03.608+0000] {logging_mixin.py:150} INFO - [2026-09-17T01:00:03.607+0000] {dagbag.py:541} INFO - Filling up the DagBag from /home/vscode/.local/lib/python3.10/site-packages/airflow/example_dags/tutorial_dag.py
[2026-09-17T01:00:03.612+0000] {processor.py:836} INFO - DAG(s) dict_keys(['tutorial_dag']) retrieved from /home/vscode/.local/lib/python3.10/site-packages/airflow/example_dags/tutorial_dag.py
[2026-09-17T01:00:03.625+0000] {logging_mixin.py:150} INFO - [2026-09-17T01:00:03.625+0000] {dag.py:2742} INFO - Sync 1 DAGs
[2026-09-17T01:00:03.639+0000] {logging_mixin.py:150} INFO - [2026-09-17T01:00:03.639+0000] {dag.py:3504} INFO - Setting next_dagrun for tutorial_dag to None, run_after=None
[2026-09-17T01:00:03.656+0000] {processor.py:179} INFO - Processing /home/vscode/.local/lib/python3.10/site-packages/airflow/example_dags/tutorial_dag.py took 0.052 seconds
[2026-09-17T01:00:25.931+0000] {processor.py:157} INFO - Started process (PID=25176) to work on /home/vscode/.local/lib/python3.10/site-packages/airflow/example_dags/tutorial_dag.py
[2026-09-17T01:00:25.932+0000] {processor.py:826} INFO - Processing file /home/vscode/.local/lib/python3.10/site-packages/airflow/example_dags/tutorial_dag.py for tasks to queue
[2026-09-17T01:00:25.932+0000] {logging_mixin.py:150} INFO - [2026-09-17T01:00:25.932+0000] {dagbag.py:541} INFO - Filling up the DagBag from /home/vscode/.local/lib/python3.10/site-packages/airflow/example_dags/tutorial_dag.py
[2026-09-17T01:00:25.938+0000] {processor.py:836} INFO - DAG(s) dict_keys(['tutorial_dag']) retrieved from /home/vscode/.local/lib/python3.10/site-packages/airflow/example_dags/tutorial_dag.py
[2026-09-17T01:00:25.957+0000] {logging_mixin.py:150} INFO - [2026-09-17T01:00:25.957+0000] {dag.py:2742} INFO - Sync 1 DAGs
[2026-09-17T01:00:25.996+0000] {logging_mixin.py:150} INFO - [2026-09-17T01:00:25.996+0000] {dag.py:3504} INFO - Setting next_dagrun for tutorial_dag to None, run_after=None
[2026-09-17T01:00:26.029+0000] {processor.py:179} INFO - Processing /home/vscode/.local/lib/python3.10/site-packages/airflow/example_dags/tutorial_dag.py took 0.101 seconds
[2026-09-17T01:00:39.610+0000] {processor.py:157} INFO - Started process (PID=25298) to work on /home/vscode/.local/lib/python3.10/site-packages/airflow/example_dags/tutorial_dag.py
[2026-09-17T01:00:39.610+0000] {processor.py:826} INFO - Processing file /home/vscode/.local/lib/python3.10/site-packages/airflow/example_dags/tutorial_dag.py for tasks to queue
[2026-09-17T01:00:39.611+0000] {logging_mixin.py:150} INFO - [2026-09-17T01:00:39.611+0000] {dagbag.py:541} INFO - Filling up the DagBag from /home/vscode/.local/lib/python3.10/site-packages/airflow/example_dags/tutorial_dag.py
[2026-09-17T01:00:39.616+0000] {processor.py:836} INFO - DAG(s) dict_keys(['tutorial_dag']) retrieved from /home/vscode/.local/lib/python3.10/site-packages/airflow/example_dags/tutorial_dag.py
[2026-09-17T01:00:39.629+0000] {logging_mixin.py:150} INFO - [2026-09-17T01:00:39.629+0000] {dag.py:2742} INFO - Sync 1 DAGs
[2026-09-17T01:00:39.645+0000] {logging_mixin.py:150} INFO - [2026-09-17T01:00:39.644+0000] {dag.py:3504} INFO - Setting next_dagrun for tutorial_dag to None, run_after=None
[2026-09-17T01:00:39.668+0000] {processor.py:179} INFO - Processing /home/vscode/.local/lib/python3.10/site-packages/airflow/example_dags/tutorial_dag.py took 0.061 seconds
[2026-09-17T01:00:59.606+0000] {processor.py:157} INFO - Started process (PID=25499) to work on /home/vscode/.local/lib/python3.10/site-packages/airflow/example_dags/tutorial_dag.py
[2026-09-17T01:00:59.607+0000] {processor.py:826} INFO - Processing file /home/vscode/.local/lib/python3.10/site-packages/airflow/example_dags/tutorial_dag.py for tasks to queue
[2026-09-17T01:00:59.608+0000] {logging_mixin.py:150} INFO - [2026-09-17T01:00:59.607+0000] {dagbag.py:541} INFO - Filling up the DagBag from /home/vscode/.local/lib/python3.10/site-packages/airflow/example_dags/tutorial_dag.py
[2026-09-17T01:00:59.613+0000] {processor.py:836} INFO - DAG(s) dict_keys(['tutorial_dag']) retrieved from /home/vscode/.local/lib/python3.10/site-packages/airflow/example_dags/tutorial_dag.py
[2026-09-17T01:00:59.631+0000] {logging_mixin.py:150} INFO - [2026-09-17T01:00:59.631+0000] {dag.py:2742} INFO - Sync 1 DAGs
[2026-09-17T01:00:59.657+0000] {logging_mixin.py:150} INFO - [2026-09-17T01:00:59.657+0000] {dag.py:3504} INFO - Setting next_dagrun for tutorial_dag to None, run_after=None
[2026-09-17T01:00:59.688+0000] {processor.py:179} INFO - Processing /home/vscode/.local/lib/python3.10/site-packages/airflow/example_dags/tutorial_dag.py took 0.084 seconds
[2026-09-17T01:01:13.494+0000] {processor.py:157} INFO - Started process (PID=25623) to work on /home/vscode/.local/lib/python3.10/site-packages/airflow/example_dags/tutorial_dag.py
[2026-09-17T01:01:13.495+0000] {processor.py:826} INFO - Processing file /home/vscode/.local/lib/python3.10/site-packages/airflow/example_dags/tutorial_dag.py for tasks to queue
[2026-09-17T01:01:13.496+0000] {logging_mixin.py:150} INFO - [2026-09-17T01:01:13.496+0000] {dagbag.py:541} INFO - Filling up the DagBag from /home/vscode/.local/lib/python3.10/site-packages/airflow/example_dags/tutorial_dag.py
[2026-09-17T01:01:13.501+0000] {processor.py:836} INFO - DAG(s) dict_keys(['tutorial_dag']) retrieved from /home/vscode/.local/lib/python3.10/site-packages/airflow/example_dags/tutorial_dag.py
[2026-09-17T01:01:13.514+0000] {logging_mixin.py:150} INFO - [2026-09-17T01:01:13.514+0000] {dag.py:2742} INFO - Sync 1 DAGs
[2026-09-17T01:01:13.532+0000] {logging_mixin.py:150} INFO - [2026-09-17T01:01:13.531+0000] {dag.py:3504} INFO - Setting next_dagrun for tutorial_dag to None, run_after=None
[2026-09-17T01:01:13.552+0000] {processor.py:179} INFO - Processing /home/vscode/.local/lib/python3.10/site-packages/airflow/example_dags/tutorial_dag.py took 0.060 seconds
[2026-09-17T01:01:34.087+0000] {processor.py:157} INFO - Started process (PID=25798) to work on /home/vscode/.local/lib/python3.10/site-packages/airflow/example_dags/tutorial_dag.py
[2026-09-17T01:01:34.088+0000] {processor.py:826} INFO - Processing file /home/vscode/.local/lib/python3.10/site-packages/airflow/example_dags/tutorial_dag.py for tasks to queue
[2026-09-17T01:01:34.089+0000] {logging_mixin.py:150} INFO - [2026-09-17T01:01:34.088+0000] {dagbag.py:541} INFO - Filling up the DagBag from /home/vscode/.local/lib/python3.10/site-packages/airflow/example_dags/tutorial_dag.py
[2026-09-17T01:01:34.096+0000] {processor.py:836} INFO - DAG(s) dict_keys(['tutorial_dag']) retrieved from /home/vscode/.local/lib/python3.10/site-packages/airflow/example_dags/tutorial_dag.py
[2026-09-17T01:01:34.114+0000] {logging_mixin.py:150} INFO - [2026-09-17T01:01:34.114+0000] {dag.py:2742} INFO - Sync 1 DAGs
[2026-09-17T01:01:34.137+0000] {logging_mixin.py:150} INFO - [2026-09-17T01:01:34.137+0000] {dag.py:3504} INFO - Setting next_dagrun for tutorial_dag to None, run_after=None
[2026-09-17T01:01:34.173+0000] {processor.py:179} INFO - Processing /home/vscode/.local/lib/python3.10/site-packages/airflow/example_dags/tutorial_dag.py took 0.092 seconds
[2026-09-17T01:01:48.329+0000] {processor.py:157} INFO - Started process (PID=25900) to work on /home/vscode/.local/lib/python3.10/site-packages/airflow/example_dags/tutorial_dag.py
[2026-09-17T01:01:48.330+0000] {processor.py:826} INFO - Processing file /home/vscode/.local/lib/python3.10/site-packages/airflow/example_dags/tutorial_dag.py for tasks to queue
[2026-09-17T01:01:48.331+0000] {logging_mixin.py:150} INFO - [2026-09-17T01:01:48.330+0000] {dagbag.py:541} INFO - Filling up the DagBag from /home/vscode/.local/lib/python3.10/site-packages/airflow/example_dags/tutorial_dag.py
[2026-09-17T01:01:48.335+0000] {processor.py:836} INFO - DAG(s) dict_keys(['tutorial_dag']) retrieved from /home/vscode/.local/lib/python3.10/site-packages/airflow/example_dags/tutorial_dag.py
[2026-09-17T01:01:48.350+0000] {logging_mixin.py:150} INFO - [2026-09-17T01:01:48.350+0000] {dag.py:2742} INFO - Sync 1 DAGs
[2026-09-17T01:01:48.374+0000] {logging_mixin.py:150} INFO - [2026-09-17T01:01:48.374+0000] {dag.py:3504} INFO - Setting next_dagrun for tutorial_dag to None, run_after=None
[2026-09-17T01:01:48.408+0000] {processor.py:179} INFO - Processing /home/vscode/.local/lib/python3.10/site-packages/airflow/example_dags/tutorial_dag.py took 0.081 seconds
[2026-09-17T01:02:19.108+0000] {processor.py:157} INFO - Started process (PID=26164) to work on /home/vscode/.local/lib/python3.10/site-packages/airflow/example_dags/tutorial_dag.py
[2026-09-17T01:02:19.109+0000] {processor.py:826} INFO - Processing file /home/vscode/.local/lib/python3.10/site-packages/airflow/example_dags/tutorial_dag.py for tasks to queue
[2026-09-17T01:02:19.109+0000] {logging_mixin.py:150} INFO - [2026-09-17T01:02:19.109+0000] {dagbag.py:541} INFO - Filling up the DagBag from /home/vscode/.local/lib/python3.10/site-packages/airflow/example_dags/tutorial_dag.py
[2026-09-17T01:02:19.114+0000] {processor.py:836} INFO - DAG(s) dict_keys(['tutorial_dag']) retrieved from /home/vscode/.local/lib/python3.10/site-packages/airflow/example_dags/tutorial_dag.py
[2026-09-17T01:02:19.128+0000] {logging_mixin.py:150} INFO - [2026-09-17T01:02:19.128+0000] {dag.py:2742} INFO - Sync 1 DAGs
[2026-09-17T01:02:19.143+0000] {logging_mixin.py:150} INFO - [2026-09-17T01:02:19.143+0000] {dag.py:3504} INFO - Setting next_dagrun for tutorial_dag to None, run_after=None
[2026-09-17T01:02:19.161+0000] {processor.py:179} INFO - Processing /home/vscode/.local/lib/python3.10/site-packages/airflow/example_dags/tutorial_dag.py took 0.056 seconds
[2026-09-17T01:02:24.325+0000] {processor.py:157} INFO - Started process (PID=26215) to work on /home/vscode/.local/lib/python3.10/site-packages/airflow/example_dags/tutorial_dag.py
[2026-09-17T01:02:24.326+0000] {processor.py:826} INFO - Processing file /home/vscode/.local/lib/python3.10/site-packages/airflow/example_dags/tutorial_dag.py for tasks to queue
[2026-09-17T01:02:24.326+0000] {logging_mixin.py:150} INFO - [2026-09-17T01:02:24.326+0000] {dagbag.py:541} INFO - Filling up the DagBag from /home/vscode/.local/lib/python3.10/site-packages/airflow/example_dags/tutorial_dag.py
[2026-09-17T01:02:24.331+0000] {processor.py:836} INFO - DAG(s) dict_keys(['tutorial_dag']) retrieved from /home/vscode/.local/lib/python3.10/site-packages/airflow/example_dags/tutorial_dag.py
[2026-09-17T01:02:24.343+0000] {logging_mixin.py:150} INFO - [2026-09-17T01:02:24.343+0000] {dag.py:2742} INFO - Sync 1 DAGs
[2026-09-17T01:02:24.360+0000] {logging_mixin.py:150} INFO - [2026-09-17T01:02:24.360+0000] {dag.py:3504} INFO - Setting next_dagrun for tutorial_dag to None, run_after=None
[2026-09-17T01:02:24.376+0000] {processor.py:179} INFO - Processing /home/vscode/.local/lib/python3.10/site-packages/airflow/example_dags/tutorial_dag.py took 0.054 seconds
[2026-09-17T01:02:59.467+0000] {processor.py:157} INFO - Started process (PID=26506) to work on /home/vscode/.local/lib/python3.10/site-packages/airflow/example_dags/tutorial_dag.py
[2026-09-17T01:02:59.468+0000] {processor.py:826} INFO - Processing file /home/vscode/.local/lib/python3.10/site-packages/airflow/example_dags/tutorial_dag.py for tasks to queue
[2026-09-17T01:02:59.469+0000] {logging_mixin.py:150} INFO - [2026-09-17T01:02:59.468+0000] {dagbag.py:541} INFO - Filling up the DagBag from /home/vscode/.local/lib/python3.10/site-packages/airflow/example_dags/tutorial_dag.py
[2026-09-17T01:02:59.473+0000] {processor.py:836} INFO - DAG(s) dict_keys(['tutorial_dag']) retrieved from /home/vscode/.local/lib/python3.10/site-packages/airflow/example_dags/tutorial_dag.py
[2026-09-17T01:02:59.490+0000] {logging_mixin.py:150} INFO - [2026-09-17T01:02:59.489+0000] {dag.py:2742} INFO - Sync 1 DAGs
[2026-09-17T01:02:59.507+0000] {logging_mixin.py:150} INFO - [2026-09-17T01:02:59.507+0000] {dag.py:3504} INFO - Setting next_dagrun for tutorial_dag to None, run_after=None
[2026-09-17T01:02:59.525+0000] {processor.py:179} INFO - Processing /home/vscode/.local/lib/python3.10/site-packages/airflow/example_dags/tutorial_dag.py took 0.060 seconds
[2026-09-17T01:03:05.762+0000] {processor.py:157} INFO - Started process (PID=26560) to work on /home/vscode/.local/lib/python3.10/site-packages/airflow/example_dags/tutorial_dag.py
[2026-09-17T01:03:05.762+0000] {processor.py:826} INFO - Processing file /home/vscode/.local/lib/python3.10/site-packages/airflow/example_dags/tutorial_dag.py for tasks to queue
[2026-09-17T01:03:05.763+0000] {logging_mixin.py:150} INFO - [2026-09-17T01:03:05.763+0000] {dagbag.py:541} INFO - Filling up the DagBag from /home/vscode/.local/lib/python3.10/site-packages/airflow/example_dags/tutorial_dag.py
[2026-09-17T01:03:05.769+0000] {processor.py:836} INFO - DAG(s) dict_keys(['tutorial_dag']) retrieved from /home/vscode/.local/lib/python3.10/site-packages/airflow/example_dags/tutorial_dag.py
[2026-09-17T01:03:05.785+0000] {logging_mixin.py:150} INFO - [2026-09-17T01:03:05.784+0000] {dag.py:2742} INFO - Sync 1 DAGs
[2026-09-17T01:03:05.805+0000] {logging_mixin.py:150} INFO - [2026-09-17T01:03:05.804+0000] {dag.py:3504} INFO - Setting next_dagrun for tutorial_dag to None, run_after=None
[2026-09-17T01:03:05.825+0000] {processor.py:179} INFO - Processing /home/vscode/.local/lib/python3.10/site-packages/airflow/example_dags/tutorial_dag.py took 0.067 seconds
[2026-09-17T01:03:34.883+0000] {processor.py:157} INFO - Started process (PID=26817) to work on /home/vscode/.local/lib/python3.10/site-packages/airflow/example_dags/tutorial_dag.py
[2026-09-17T01:03:34.883+0000] {processor.py:826} INFO - Processing file /home/vscode/.local/lib/python3.10/site-packages/airflow/example_dags/tutorial_dag.py for tasks to queue
[2026-09-17T01:03:34.884+0000] {logging_mixin.py:150} INFO - [2026-09-17T01:03:34.884+0000] {dagbag.py:541} INFO - Filling up the DagBag from /home/vscode/.local/lib/python3.10/site-packages/airflow/example_dags/tutorial_dag.py
[2026-09-17T01:03:34.889+0000] {processor.py:836} INFO - DAG(s) dict_keys(['tutorial_dag']) retrieved from /home/vscode/.local/lib/python3.10/site-packages/airflow/example_dags/tutorial_dag.py
[2026-09-17T01:03:34.905+0000] {logging_mixin.py:150} INFO - [2026-09-17T01:03:34.905+0000] {dag.py:2742} INFO - Sync 1 DAGs
[2026-09-17T01:03:34.920+0000] {logging_mixin.py:150} INFO - [2026-09-17T01:03:34.920+0000] {dag.py:3504} INFO - Setting next_dagrun for tutorial_dag to None, run_after=None
[2026-09-17T01:03:34.937+0000] {processor.py:179} INFO - Processing /home/vscode/.local/lib/python3.10/site-packages/airflow/example_dags/tutorial_dag.py took 0.057 seconds
[2026-09-17T01:03:37.859+0000] {processor.py:157} INFO - Started process (PID=26839) to work on /home/vscode/.local/lib/python3.10/site-packages/airflow/example_dags/tutorial_dag.py
[2026-09-17T01:03:37.860+0000] {processor.py:826} INFO - Processing file /home/vscode/.local/lib/python3.10/site-packages/airflow/example_dags/tutorial_dag.py for tasks to queue
[2026-09-17T01:03:37.862+0000] {logging_mixin.py:150} INFO - [2026-09-17T01:03:37.860+0000] {dagbag.py:541} INFO - Filling up the DagBag from /home/vscode/.local/lib/python3.10/site-packages/airflow/example_dags/tutorial_dag.py
[2026-09-17T01:03:37.868+0000] {processor.py:836} INFO - DAG(s) dict_keys(['tutorial_dag']) retrieved from /home/vscode/.local/lib/python3.10/site-packages/airflow/example_dags/tutorial_dag.py
[2026-09-17T01:03:37.888+0000] {logging_mixin.py:150} INFO - [2026-09-17T01:03:37.888+0000] {dag.py:2742} INFO - Sync 1 DAGs
[2026-09-17T01:03:37.911+0000] {logging_mixin.py:150} INFO - [2026-09-17T01:03:37.910+0000] {dag.py:3504} INFO - Setting next_dagrun for tutorial_dag to None, run_after=None
[2026-09-17T01:03:37.938+0000] {processor.py:179} INFO - Processing /home/vscode/.local/lib/python3.10/site-packages/airflow/example_dags/tutorial_dag.py took 0.082 seconds
[2026-09-17T01:04:07.677+0000] {processor.py:157} INFO - Started process (PID=27095) to work on /home/vscode/.local/lib/python3.10/site-packages/airflow/example_dags/tutorial_dag.py
[2026-09-17T01:04:07.678+0000] {processor.py:826} INFO - Processing file /home/vscode/.local/lib/python3.10/site-packages/airflow/example_dags/tutorial_dag.py for tasks to queue
[2026-09-17T01:04:07.679+0000] {logging_mixin.py:150} INFO - [2026-09-17T01:04:07.679+0000] {dagbag.py:541} INFO - Filling up the DagBag from /home/vscode/.local/lib/python3.10/site-packages/airflow/example_dags/tutorial_dag.py
[2026-09-17T01:04:07.685+0000] {processor.py:836} INFO - DAG(s) dict_keys(['tutorial_dag']) retrieved from /home/vscode/.local/lib/python3.10/site-packages/airflow/example_dags/tutorial_dag.py
[2026-09-17T01:04:07.713+0000] {logging_mixin.py:150} INFO - [2026-09-17T01:04:07.713+0000] {dag.py:2742} INFO - Sync 1 DAGs
[2026-09-17T01:04:07.729+0000] {logging_mixin.py:150} INFO - [2026-09-17T01:04:07.729+0000] {dag.py:3504} INFO - Setting next_dagrun for tutorial_dag to None, run_after=None
[2026-09-17T01:04:07.752+0000] {processor.py:179} INFO - Processing /home/vscode/.local/lib/python3.10/site-packages/airflow/example_dags/tutorial_dag.py took 0.078 seconds
[2026-09-17T01:04:11.723+0000] {processor.py:157} INFO - Started process (PID=27124) to work on /home/vscode/.local/lib/python3.10/site-packages/airflow/example_dags/tutorial_dag.py
[2026-09-17T01:04:11.724+0000] {processor.py:826} INFO - Processing file /home/vscode/.local/lib/python3.10/site-packages/airflow/example_dags/tutorial_dag.py for tasks to queue
[2026-09-17T01:04:11.724+0000] {logging_mixin.py:150} INFO - [2026-09-17T01:04:11.724+0000] {dagbag.py:541} INFO - Filling up the DagBag from /home/vscode/.local/lib/python3.10/site-packages/airflow/example_dags/tutorial_dag.py
[2026-09-17T01:04:11.728+0000] {processor.py:836} INFO - DAG(s) dict_keys(['tutorial_dag']) retrieved from /home/vscode/.local/lib/python3.10/site-packages/airflow/example_dags/tutorial_dag.py
[2026-09-17T01:04:11.742+0000] {logging_mixin.py:150} INFO - [2026-09-17T01:04:11.742+0000] {dag.py:2742} INFO - Sync 1 DAGs
[2026-09-17T01:04:11.756+0000] {logging_mixin.py:150} INFO - [2026-09-17T01:04:11.756+0000] {dag.py:3504} INFO - Setting next_dagrun for tutorial_dag to None, run_after=None
[2026-09-17T01:04:11.774+0000] {processor.py:179} INFO - Processing /home/vscode/.local/lib/python3.10/site-packages/airflow/example_dags/tutorial_dag.py took 0.053 seconds
[2026-09-17T01:04:39.973+0000] {processor.py:157} INFO - Started process (PID=27349) to work on /home/vscode/.local/lib/python3.10/site-packages/airflow/example_dags/tutorial_dag.py
[2026-09-17T01:04:39.974+0000] {processor.py:826} INFO - Processing file /home/vscode/.local/lib/python3.10/site-packages/airflow/example_dags/tutorial_dag.py for tasks to queue
[2026-09-17T01:04:39.974+0000] {logging_mixin.py:150} INFO - [2026-09-17T01:04:39.974+0000] {dagbag.py:541} INFO - Filling up the DagBag from /home/vscode/.local/lib/python3.10/site-packages/airflow/example_dags/tutorial_dag.py
[2026-09-17T01:04:39.978+0000] {processor.py:836} INFO - DAG(s) dict_keys(['tutorial_dag']) retrieved from /home/vscode/.local/lib/python3.10/site-packages/airflow/example_dags/tutorial_dag.py
[2026-09-17T01:04:39.995+0000] {logging_mixin.py:150} INFO - [2026-09-17T01:04:39.995+0000] {dag.py:2742} INFO - Sync 1 DAGs
[2026-09-17T01:04:40.011+0000] {logging_mixin.py:150} INFO - [2026-09-17T01:04:40.011+0000] {dag.py:3504} INFO - Setting next_dagrun for tutorial_dag to None, run_after=None
[2026-09-17T01:04:40.030+0000] {processor.py:179} INFO - Processing /home/vscode/.local/lib/python3.10/site-packages/airflow/example_dags/tutorial_dag.py took 0.059 seconds
[2026-09-17T01:04:47.764+0000] {processor.py:157} INFO - Started process (PID=27424) to work on /home/vscode/.local/lib/python3.10/site-packages/airflow/example_dags/tutorial_dag.py
[2026-09-17T01:04:47.765+0000] {processor.py:826} INFO - Processing file /home/vscode/.local/lib/python3.10/site-packages/airflow/example_dags/tutorial_dag.py for tasks to queue
[2026-09-17T01:04:47.766+0000] {logging_mixin.py:150} INFO - [2026-09-17T01:04:47.765+0000] {dagbag.py:541} INFO - Filling up the DagBag from /home/vscode/.local/lib/python3.10/site-packages/airflow/example_dags/tutorial_dag.py
[2026-09-17T01:04:47.770+0000] {processor.py:836} INFO - DAG(s) dict_keys(['tutorial_dag']) retrieved from /home/vscode/.local/lib/python3.10/site-packages/airflow/example_dags/tutorial_dag.py
[2026-09-17T01:04:47.783+0000] {logging_mixin.py:150} INFO - [2026-09-17T01:04:47.783+0000] {dag.py:2742} INFO - Sync 1 DAGs
[2026-09-17T01:04:47.802+0000] {logging_mixin.py:150} INFO - [2026-09-17T01:04:47.802+0000] {dag.py:3504} INFO - Setting next_dagrun for tutorial_dag to None, run_after=None
[2026-09-17T01:04:47.818+0000] {processor.py:179} INFO - Processing /home/vscode/.local/lib/python3.10/site-packages/airflow/example_dags/tutorial_dag.py took 0.056 seconds
[2026-09-17T01:05:12.672+0000] {processor.py:157} INFO - Started process (PID=27634) to work on /home/vscode/.local/lib/python3.10/site-packages/airflow/example_dags/tutorial_dag.py
[2026-09-17T01:05:12.672+0000] {processor.py:826} INFO - Processing file /home/vscode/.local/lib/python3.10/site-packages/airflow/example_dags/tutorial_dag.py for tasks to queue
[2026-09-17T01:05:12.673+0000] {logging_mixin.py:150} INFO - [2026-09-17T01:05:12.673+0000] {dagbag.py:541} INFO - Filling up the DagBag from /home/vscode/.local/lib/python3.10/site-packages/airflow/example_dags/tutorial_dag.py
[2026-09-17T01:05:12.677+0000] {processor.py:836} INFO - DAG(s) dict_keys(['tutorial_dag']) retrieved from /home/vscode/.local/lib/python3.10/site-packages/airflow/example_dags/tutorial_dag.py
[2026-09-17T01:05:12.693+0000] {logging_mixin.py:150} INFO - [2026-09-17T01:05:12.693+0000] {dag.py:2742} INFO - Sync 1 DAGs
[2026-09-17T01:05:12.709+0000] {logging_mixin.py:150} INFO - [2026-09-17T01:05:12.708+0000] {dag.py:3504} INFO - Setting next_dagrun for tutorial_dag to None, run_after=None
[2026-09-17T01:05:12.729+0000] {processor.py:179} INFO - Processing /home/vscode/.local/lib/python3.10/site-packages/airflow/example_dags/tutorial_dag.py took 0.060 seconds
[2026-09-17T01:05:19.748+0000] {processor.py:157} INFO - Started process (PID=27695) to work on /home/vscode/.local/lib/python3.10/site-packages/airflow/example_dags/tutorial_dag.py
[2026-09-17T01:05:19.750+0000] {processor.py:826} INFO - Processing file /home/vscode/.local/lib/python3.10/site-packages/airflow/example_dags/tutorial_dag.py for tasks to queue
[2026-09-17T01:05:19.751+0000] {logging_mixin.py:150} INFO - [2026-09-17T01:05:19.751+0000] {dagbag.py:541} INFO - Filling up the DagBag from /home/vscode/.local/lib/python3.10/site-packages/airflow/example_dags/tutorial_dag.py
[2026-09-17T01:05:19.755+0000] {processor.py:836} INFO - DAG(s) dict_keys(['tutorial_dag']) retrieved from /home/vscode/.local/lib/python3.10/site-packages/airflow/example_dags/tutorial_dag.py
[2026-09-17T01:05:19.768+0000] {logging_mixin.py:150} INFO - [2026-09-17T01:05:19.768+0000] {dag.py:2742} INFO - Sync 1 DAGs
[2026-09-17T01:05:19.784+0000] {logging_mixin.py:150} INFO - [2026-09-17T01:05:19.784+0000] {dag.py:3504} INFO - Setting next_dagrun for tutorial_dag to None, run_after=None
[2026-09-17T01:05:19.809+0000] {processor.py:179} INFO - Processing /home/vscode/.local/lib/python3.10/site-packages/airflow/example_dags/tutorial_dag.py took 0.063 seconds
[2026-09-17T01:05:44.941+0000] {processor.py:157} INFO - Started process (PID=27949) to work on /home/vscode/.local/lib/python3.10/site-packages/airflow/example_dags/tutorial_dag.py
[2026-09-17T01:05:44.942+0000] {processor.py:826} INFO - Processing file /home/vscode/.local/lib/python3.10/site-packages/airflow/example_dags/tutorial_dag.py for tasks to queue
[2026-09-17T01:05:44.942+0000] {logging_mixin.py:150} INFO - [2026-09-17T01:05:44.942+0000] {dagbag.py:541} INFO - Filling up the DagBag from /home/vscode/.local/lib/python3.10/site-packages/airflow/example_dags/tutorial_dag.py
[2026-09-17T01:05:44.946+0000] {processor.py:836} INFO - DAG(s) dict_keys(['tutorial_dag']) retrieved from /home/vscode/.local/lib/python3.10/site-packages/airflow/example_dags/tutorial_dag.py
[2026-09-17T01:05:44.959+0000] {logging_mixin.py:150} INFO - [2026-09-17T01:05:44.958+0000] {dag.py:2742} INFO - Sync 1 DAGs
[2026-09-17T01:05:44.973+0000] {logging_mixin.py:150} INFO - [2026-09-17T01:05:44.973+0000] {dag.py:3504} INFO - Setting next_dagrun for tutorial_dag to None, run_after=None
[2026-09-17T01:05:44.994+0000] {processor.py:179} INFO - Processing /home/vscode/.local/lib/python3.10/site-packages/airflow/example_dags/tutorial_dag.py took 0.056 seconds
[2026-09-17T01:05:54.115+0000] {processor.py:157} INFO - Started process (PID=28029) to work on /home/vscode/.local/lib/python3.10/site-packages/airflow/example_dags/tutorial_dag.py
[2026-09-17T01:05:54.116+0000] {processor.py:826} INFO - Processing file /home/vscode/.local/lib/python3.10/site-packages/airflow/example_dags/tutorial_dag.py for tasks to queue
[2026-09-17T01:05:54.117+0000] {logging_mixin.py:150} INFO - [2026-09-17T01:05:54.117+0000] {dagbag.py:541} INFO - Filling up the DagBag from /home/vscode/.local/lib/python3.10/site-packages/airflow/example_dags/tutorial_dag.py
[2026-09-17T01:05:54.123+0000] {processor.py:836} INFO - DAG(s) dict_keys(['tutorial_dag']) retrieved from /home/vscode/.local/lib/python3.10/site-packages/airflow/example_dags/tutorial_dag.py
[2026-09-17T01:05:54.146+0000] {logging_mixin.py:150} INFO - [2026-09-17T01:05:54.146+0000] {dag.py:2742} INFO - Sync 1 DAGs
[2026-09-17T01:05:54.169+0000] {logging_mixin.py:150} INFO - [2026-09-17T01:05:54.169+0000] {dag.py:3504} INFO - Setting next_dagrun for tutorial_dag to None, run_after=None
[2026-09-17T01:05:54.186+0000] {processor.py:179} INFO - Processing /home/vscode/.local/lib/python3.10/site-packages/airflow/example_dags/tutorial_dag.py took 0.077 seconds
[2026-09-17T01:06:33.800+0000] {processor.py:157} INFO - Started process (PID=28360) to work on /home/vscode/.local/lib/python3.10/site-packages/airflow/example_dags/tutorial_dag.py
[2026-09-17T01:06:33.801+0000] {processor.py:826} INFO - Processing file /home/vscode/.local/lib/python3.10/site-packages/airflow/example_dags/tutorial_dag.py for tasks to queue
[2026-09-17T01:06:33.801+0000] {logging_mixin.py:150} INFO - [2026-09-17T01:06:33.801+0000] {dagbag.py:541} INFO - Filling up the DagBag from /home/vscode/.local/lib/python3.10/site-packages/airflow/example_dags/tutorial_dag.py
[2026-09-17T01:06:33.807+0000] {processor.py:836} INFO - DAG(s) dict_keys(['tutorial_dag']) retrieved from /home/vscode/.local/lib/python3.10/site-packages/airflow/example_dags/tutorial_dag.py
[2026-09-17T01:06:33.824+0000] {logging_mixin.py:150} INFO - [2026-09-17T01:06:33.824+0000] {dag.py:2742} INFO - Sync 1 DAGs
[2026-09-17T01:06:33.846+0000] {logging_mixin.py:150} INFO - [2026-09-17T01:06:33.846+0000] {dag.py:3504} INFO - Setting next_dagrun for tutorial_dag to None, run_after=None
[2026-09-17T01:06:33.868+0000] {processor.py:179} INFO - Processing /home/vscode/.local/lib/python3.10/site-packages/airflow/example_dags/tutorial_dag.py took 0.071 seconds
[2026-09-17T01:06:41.686+0000] {processor.py:157} INFO - Started process (PID=28427) to work on /home/vscode/.local/lib/python3.10/site-packages/airflow/example_dags/tutorial_dag.py
[2026-09-17T01:06:41.687+0000] {processor.py:826} INFO - Processing file /home/vscode/.local/lib/python3.10/site-packages/airflow/example_dags/tutorial_dag.py for tasks to queue
[2026-09-17T01:06:41.690+0000] {logging_mixin.py:150} INFO - [2026-09-17T01:06:41.687+0000] {dagbag.py:541} INFO - Filling up the DagBag from /home/vscode/.local/lib/python3.10/site-packages/airflow/example_dags/tutorial_dag.py
[2026-09-17T01:06:41.702+0000] {processor.py:836} INFO - DAG(s) dict_keys(['tutorial_dag']) retrieved from /home/vscode/.local/lib/python3.10/site-packages/airflow/example_dags/tutorial_dag.py
[2026-09-17T01:06:41.742+0000] {logging_mixin.py:150} INFO - [2026-09-17T01:06:41.742+0000] {dag.py:2742} INFO - Sync 1 DAGs
[2026-09-17T01:06:41.770+0000] {logging_mixin.py:150} INFO - [2026-09-17T01:06:41.770+0000] {dag.py:3504} INFO - Setting next_dagrun for tutorial_dag to None, run_after=None
[2026-09-17T01:06:41.794+0000] {processor.py:179} INFO - Processing /home/vscode/.local/lib/python3.10/site-packages/airflow/example_dags/tutorial_dag.py took 0.111 seconds
[2026-09-17T01:07:09.036+0000] {processor.py:157} INFO - Started process (PID=28665) to work on /home/vscode/.local/lib/python3.10/site-packages/airflow/example_dags/tutorial_dag.py
[2026-09-17T01:07:09.037+0000] {processor.py:826} INFO - Processing file /home/vscode/.local/lib/python3.10/site-packages/airflow/example_dags/tutorial_dag.py for tasks to queue
[2026-09-17T01:07:09.038+0000] {logging_mixin.py:150} INFO - [2026-09-17T01:07:09.037+0000] {dagbag.py:541} INFO - Filling up the DagBag from /home/vscode/.local/lib/python3.10/site-packages/airflow/example_dags/tutorial_dag.py
[2026-09-17T01:07:09.042+0000] {processor.py:836} INFO - DAG(s) dict_keys(['tutorial_dag']) retrieved from /home/vscode/.local/lib/python3.10/site-packages/airflow/example_dags/tutorial_dag.py
[2026-09-17T01:07:09.055+0000] {logging_mixin.py:150} INFO - [2026-09-17T01:07:09.055+0000] {dag.py:2742} INFO - Sync 1 DAGs
[2026-09-17T01:07:09.070+0000] {logging_mixin.py:150} INFO - [2026-09-17T01:07:09.070+0000] {dag.py:3504} INFO - Setting next_dagrun for tutorial_dag to None, run_after=None
[2026-09-17T01:07:09.088+0000] {processor.py:179} INFO - Processing /home/vscode/.local/lib/python3.10/site-packages/airflow/example_dags/tutorial_dag.py took 0.055 seconds
[2026-09-17T01:07:16.222+0000] {processor.py:157} INFO - Started process (PID=28722) to work on /home/vscode/.local/lib/python3.10/site-packages/airflow/example_dags/tutorial_dag.py
[2026-09-17T01:07:16.222+0000] {processor.py:826} INFO - Processing file /home/vscode/.local/lib/python3.10/site-packages/airflow/example_dags/tutorial_dag.py for tasks to queue
[2026-09-17T01:07:16.223+0000] {logging_mixin.py:150} INFO - [2026-09-17T01:07:16.223+0000] {dagbag.py:541} INFO - Filling up the DagBag from /home/vscode/.local/lib/python3.10/site-packages/airflow/example_dags/tutorial_dag.py
[2026-09-17T01:07:16.227+0000] {processor.py:836} INFO - DAG(s) dict_keys(['tutorial_dag']) retrieved from /home/vscode/.local/lib/python3.10/site-packages/airflow/example_dags/tutorial_dag.py
[2026-09-17T01:07:16.240+0000] {logging_mixin.py:150} INFO - [2026-09-17T01:07:16.240+0000] {dag.py:2742} INFO - Sync 1 DAGs
[2026-09-17T01:07:16.257+0000] {logging_mixin.py:150} INFO - [2026-09-17T01:07:16.256+0000] {dag.py:3504} INFO - Setting next_dagrun for tutorial_dag to None, run_after=None
[2026-09-17T01:07:16.275+0000] {processor.py:179} INFO - Processing /home/vscode/.local/lib/python3.10/site-packages/airflow/example_dags/tutorial_dag.py took 0.055 seconds
[2026-09-17T01:07:50.827+0000] {processor.py:157} INFO - Started process (PID=29010) to work on /home/vscode/.local/lib/python3.10/site-packages/airflow/example_dags/tutorial_dag.py
[2026-09-17T01:07:50.828+0000] {processor.py:826} INFO - Processing file /home/vscode/.local/lib/python3.10/site-packages/airflow/example_dags/tutorial_dag.py for tasks to queue
[2026-09-17T01:07:50.829+0000] {logging_mixin.py:150} INFO - [2026-09-17T01:07:50.829+0000] {dagbag.py:541} INFO - Filling up the DagBag from /home/vscode/.local/lib/python3.10/site-packages/airflow/example_dags/tutorial_dag.py
[2026-09-17T01:07:50.833+0000] {processor.py:836} INFO - DAG(s) dict_keys(['tutorial_dag']) retrieved from /home/vscode/.local/lib/python3.10/site-packages/airflow/example_dags/tutorial_dag.py
[2026-09-17T01:07:50.847+0000] {logging_mixin.py:150} INFO - [2026-09-17T01:07:50.847+0000] {dag.py:2742} INFO - Sync 1 DAGs
[2026-09-17T01:07:50.868+0000] {logging_mixin.py:150} INFO - [2026-09-17T01:07:50.868+0000] {dag.py:3504} INFO - Setting next_dagrun for tutorial_dag to None, run_after=None
[2026-09-17T01:07:50.892+0000] {processor.py:179} INFO - Processing /home/vscode/.local/lib/python3.10/site-packages/airflow/example_dags/tutorial_dag.py took 0.067 seconds
[2026-09-17T01:07:56.033+0000] {processor.py:157} INFO - Started process (PID=29055) to work on /home/vscode/.local/lib/python3.10/site-packages/airflow/example_dags/tutorial_dag.py
[2026-09-17T01:07:56.034+0000] {processor.py:826} INFO - Processing file /home/vscode/.local/lib/python3.10/site-packages/airflow/example_dags/tutorial_dag.py for tasks to queue
[2026-09-17T01:07:56.035+0000] {logging_mixin.py:150} INFO - [2026-09-17T01:07:56.035+0000] {dagbag.py:541} INFO - Filling up the DagBag from /home/vscode/.local/lib/python3.10/site-packages/airflow/example_dags/tutorial_dag.py
[2026-09-17T01:07:56.039+0000] {processor.py:836} INFO - DAG(s) dict_keys(['tutorial_dag']) retrieved from /home/vscode/.local/lib/python3.10/site-packages/airflow/example_dags/tutorial_dag.py
[2026-09-17T01:07:56.053+0000] {logging_mixin.py:150} INFO - [2026-09-17T01:07:56.052+0000] {dag.py:2742} INFO - Sync 1 DAGs
[2026-09-17T01:07:56.072+0000] {logging_mixin.py:150} INFO - [2026-09-17T01:07:56.072+0000] {dag.py:3504} INFO - Setting next_dagrun for tutorial_dag to None, run_after=None
[2026-09-17T01:07:56.093+0000] {processor.py:179} INFO - Processing /home/vscode/.local/lib/python3.10/site-packages/airflow/example_dags/tutorial_dag.py took 0.062 seconds
[2026-09-17T01:08:23.229+0000] {processor.py:157} INFO - Started process (PID=29280) to work on /home/vscode/.local/lib/python3.10/site-packages/airflow/example_dags/tutorial_dag.py
[2026-09-17T01:08:23.230+0000] {processor.py:826} INFO - Processing file /home/vscode/.local/lib/python3.10/site-packages/airflow/example_dags/tutorial_dag.py for tasks to queue
[2026-09-17T01:08:23.230+0000] {logging_mixin.py:150} INFO - [2026-09-17T01:08:23.230+0000] {dagbag.py:541} INFO - Filling up the DagBag from /home/vscode/.local/lib/python3.10/site-packages/airflow/example_dags/tutorial_dag.py
[2026-09-17T01:08:23.234+0000] {processor.py:836} INFO - DAG(s) dict_keys(['tutorial_dag']) retrieved from /home/vscode/.local/lib/python3.10/site-packages/airflow/example_dags/tutorial_dag.py
[2026-09-17T01:08:23.247+0000] {logging_mixin.py:150} INFO - [2026-09-17T01:08:23.247+0000] {dag.py:2742} INFO - Sync 1 DAGs
[2026-09-17T01:08:23.262+0000] {logging_mixin.py:150} INFO - [2026-09-17T01:08:23.262+0000] {dag.py:3504} INFO - Setting next_dagrun for tutorial_dag to None, run_after=None
[2026-09-17T01:08:23.284+0000] {processor.py:179} INFO - Processing /home/vscode/.local/lib/python3.10/site-packages/airflow/example_dags/tutorial_dag.py took 0.058 seconds
[2026-09-17T01:08:29.876+0000] {processor.py:157} INFO - Started process (PID=29343) to work on /home/vscode/.local/lib/python3.10/site-packages/airflow/example_dags/tutorial_dag.py
[2026-09-17T01:08:29.877+0000] {processor.py:826} INFO - Processing file /home/vscode/.local/lib/python3.10/site-packages/airflow/example_dags/tutorial_dag.py for tasks to queue
[2026-09-17T01:08:29.877+0000] {logging_mixin.py:150} INFO - [2026-09-17T01:08:29.877+0000] {dagbag.py:541} INFO - Filling up the DagBag from /home/vscode/.local/lib/python3.10/site-packages/airflow/example_dags/tutorial_dag.py
[2026-09-17T01:08:29.882+0000] {processor.py:836} INFO - DAG(s) dict_keys(['tutorial_dag']) retrieved from /home/vscode/.local/lib/python3.10/site-packages/airflow/example_dags/tutorial_dag.py
[2026-09-17T01:08:29.900+0000] {logging_mixin.py:150} INFO - [2026-09-17T01:08:29.900+0000] {dag.py:2742} INFO - Sync 1 DAGs
[2026-09-17T01:08:29.917+0000] {logging_mixin.py:150} INFO - [2026-09-17T01:08:29.917+0000] {dag.py:3504} INFO - Setting next_dagrun for tutorial_dag to None, run_after=None
[2026-09-17T01:08:29.933+0000] {processor.py:179} INFO - Processing /home/vscode/.local/lib/python3.10/site-packages/airflow/example_dags/tutorial_dag.py took 0.060 seconds
[2026-09-17T01:09:01.787+0000] {processor.py:157} INFO - Started process (PID=29614) to work on /home/vscode/.local/lib/python3.10/site-packages/airflow/example_dags/tutorial_dag.py
[2026-09-17T01:09:01.788+0000] {processor.py:826} INFO - Processing file /home/vscode/.local/lib/python3.10/site-packages/airflow/example_dags/tutorial_dag.py for tasks to queue
[2026-09-17T01:09:01.789+0000] {logging_mixin.py:150} INFO - [2026-09-17T01:09:01.789+0000] {dagbag.py:541} INFO - Filling up the DagBag from /home/vscode/.local/lib/python3.10/site-packages/airflow/example_dags/tutorial_dag.py
[2026-09-17T01:09:01.795+0000] {processor.py:836} INFO - DAG(s) dict_keys(['tutorial_dag']) retrieved from /home/vscode/.local/lib/python3.10/site-packages/airflow/example_dags/tutorial_dag.py
[2026-09-17T01:09:01.817+0000] {logging_mixin.py:150} INFO - [2026-09-17T01:09:01.816+0000] {dag.py:2742} INFO - Sync 1 DAGs
[2026-09-17T01:09:01.833+0000] {logging_mixin.py:150} INFO - [2026-09-17T01:09:01.833+0000] {dag.py:3504} INFO - Setting next_dagrun for tutorial_dag to None, run_after=None
[2026-09-17T01:09:01.850+0000] {processor.py:179} INFO - Processing /home/vscode/.local/lib/python3.10/site-packages/airflow/example_dags/tutorial_dag.py took 0.066 seconds
[2026-09-17T01:09:09.168+0000] {processor.py:157} INFO - Started process (PID=29678) to work on /home/vscode/.local/lib/python3.10/site-packages/airflow/example_dags/tutorial_dag.py
[2026-09-17T01:09:09.168+0000] {processor.py:826} INFO - Processing file /home/vscode/.local/lib/python3.10/site-packages/airflow/example_dags/tutorial_dag.py for tasks to queue
[2026-09-17T01:09:09.169+0000] {logging_mixin.py:150} INFO - [2026-09-17T01:09:09.169+0000] {dagbag.py:541} INFO - Filling up the DagBag from /home/vscode/.local/lib/python3.10/site-packages/airflow/example_dags/tutorial_dag.py
[2026-09-17T01:09:09.175+0000] {processor.py:836} INFO - DAG(s) dict_keys(['tutorial_dag']) retrieved from /home/vscode/.local/lib/python3.10/site-packages/airflow/example_dags/tutorial_dag.py
[2026-09-17T01:09:09.193+0000] {logging_mixin.py:150} INFO - [2026-09-17T01:09:09.193+0000] {dag.py:2742} INFO - Sync 1 DAGs
[2026-09-17T01:09:09.216+0000] {logging_mixin.py:150} INFO - [2026-09-17T01:09:09.216+0000] {dag.py:3504} INFO - Setting next_dagrun for tutorial_dag to None, run_after=None
[2026-09-17T01:09:09.268+0000] {processor.py:179} INFO - Processing /home/vscode/.local/lib/python3.10/site-packages/airflow/example_dags/tutorial_dag.py took 0.104 seconds
[2026-09-17T01:09:36.882+0000] {processor.py:157} INFO - Started process (PID=29917) to work on /home/vscode/.local/lib/python3.10/site-packages/airflow/example_dags/tutorial_dag.py
[2026-09-17T01:09:36.883+0000] {processor.py:826} INFO - Processing file /home/vscode/.local/lib/python3.10/site-packages/airflow/example_dags/tutorial_dag.py for tasks to queue
[2026-09-17T01:09:36.884+0000] {logging_mixin.py:150} INFO - [2026-09-17T01:09:36.884+0000] {dagbag.py:541} INFO - Filling up the DagBag from /home/vscode/.local/lib/python3.10/site-packages/airflow/example_dags/tutorial_dag.py
[2026-09-17T01:09:36.891+0000] {processor.py:836} INFO - DAG(s) dict_keys(['tutorial_dag']) retrieved from /home/vscode/.local/lib/python3.10/site-packages/airflow/example_dags/tutorial_dag.py
[2026-09-17T01:09:36.908+0000] {logging_mixin.py:150} INFO - [2026-09-17T01:09:36.908+0000] {dag.py:2742} INFO - Sync 1 DAGs
[2026-09-17T01:09:36.923+0000] {logging_mixin.py:150} INFO - [2026-09-17T01:09:36.923+0000] {dag.py:3504} INFO - Setting next_dagrun for tutorial_dag to None, run_after=None
[2026-09-17T01:09:36.942+0000] {processor.py:179} INFO - Processing /home/vscode/.local/lib/python3.10/site-packages/airflow/example_dags/tutorial_dag.py took 0.063 seconds
[2026-09-17T01:09:41.422+0000] {processor.py:157} INFO - Started process (PID=29947) to work on /home/vscode/.local/lib/python3.10/site-packages/airflow/example_dags/tutorial_dag.py
[2026-09-17T01:09:41.423+0000] {processor.py:826} INFO - Processing file /home/vscode/.local/lib/python3.10/site-packages/airflow/example_dags/tutorial_dag.py for tasks to queue
[2026-09-17T01:09:41.424+0000] {logging_mixin.py:150} INFO - [2026-09-17T01:09:41.423+0000] {dagbag.py:541} INFO - Filling up the DagBag from /home/vscode/.local/lib/python3.10/site-packages/airflow/example_dags/tutorial_dag.py
[2026-09-17T01:09:41.428+0000] {processor.py:836} INFO - DAG(s) dict_keys(['tutorial_dag']) retrieved from /home/vscode/.local/lib/python3.10/site-packages/airflow/example_dags/tutorial_dag.py
[2026-09-17T01:09:41.441+0000] {logging_mixin.py:150} INFO - [2026-09-17T01:09:41.441+0000] {dag.py:2742} INFO - Sync 1 DAGs
[2026-09-17T01:09:41.460+0000] {logging_mixin.py:150} INFO - [2026-09-17T01:09:41.460+0000] {dag.py:3504} INFO - Setting next_dagrun for tutorial_dag to None, run_after=None
[2026-09-17T01:09:41.491+0000] {processor.py:179} INFO - Processing /home/vscode/.local/lib/python3.10/site-packages/airflow/example_dags/tutorial_dag.py took 0.072 seconds
[2026-09-17T01:10:09.453+0000] {processor.py:157} INFO - Started process (PID=30197) to work on /home/vscode/.local/lib/python3.10/site-packages/airflow/example_dags/tutorial_dag.py
[2026-09-17T01:10:09.454+0000] {processor.py:826} INFO - Processing file /home/vscode/.local/lib/python3.10/site-packages/airflow/example_dags/tutorial_dag.py for tasks to queue
[2026-09-17T01:10:09.454+0000] {logging_mixin.py:150} INFO - [2026-09-17T01:10:09.454+0000] {dagbag.py:541} INFO - Filling up the DagBag from /home/vscode/.local/lib/python3.10/site-packages/airflow/example_dags/tutorial_dag.py
[2026-09-17T01:10:09.458+0000] {processor.py:836} INFO - DAG(s) dict_keys(['tutorial_dag']) retrieved from /home/vscode/.local/lib/python3.10/site-packages/airflow/example_dags/tutorial_dag.py
[2026-09-17T01:10:09.472+0000] {logging_mixin.py:150} INFO - [2026-09-17T01:10:09.472+0000] {dag.py:2742} INFO - Sync 1 DAGs
[2026-09-17T01:10:09.488+0000] {logging_mixin.py:150} INFO - [2026-09-17T01:10:09.488+0000] {dag.py:3504} INFO - Setting next_dagrun for tutorial_dag to None, run_after=None
[2026-09-17T01:10:09.511+0000] {processor.py:179} INFO - Processing /home/vscode/.local/lib/python3.10/site-packages/airflow/example_dags/tutorial_dag.py took 0.061 seconds
[2026-09-17T01:10:26.024+0000] {processor.py:157} INFO - Started process (PID=30338) to work on /home/vscode/.local/lib/python3.10/site-packages/airflow/example_dags/tutorial_dag.py
[2026-09-17T01:10:26.024+0000] {processor.py:826} INFO - Processing file /home/vscode/.local/lib/python3.10/site-packages/airflow/example_dags/tutorial_dag.py for tasks to queue
[2026-09-17T01:10:26.025+0000] {logging_mixin.py:150} INFO - [2026-09-17T01:10:26.025+0000] {dagbag.py:541} INFO - Filling up the DagBag from /home/vscode/.local/lib/python3.10/site-packages/airflow/example_dags/tutorial_dag.py
[2026-09-17T01:10:26.030+0000] {processor.py:836} INFO - DAG(s) dict_keys(['tutorial_dag']) retrieved from /home/vscode/.local/lib/python3.10/site-packages/airflow/example_dags/tutorial_dag.py
[2026-09-17T01:10:26.043+0000] {logging_mixin.py:150} INFO - [2026-09-17T01:10:26.043+0000] {dag.py:2742} INFO - Sync 1 DAGs
[2026-09-17T01:10:26.058+0000] {logging_mixin.py:150} INFO - [2026-09-17T01:10:26.058+0000] {dag.py:3504} INFO - Setting next_dagrun for tutorial_dag to None, run_after=None
[2026-09-17T01:10:26.075+0000] {processor.py:179} INFO - Processing /home/vscode/.local/lib/python3.10/site-packages/airflow/example_dags/tutorial_dag.py took 0.054 seconds
[2026-09-17T01:10:43.522+0000] {processor.py:157} INFO - Started process (PID=30516) to work on /home/vscode/.local/lib/python3.10/site-packages/airflow/example_dags/tutorial_dag.py
[2026-09-17T01:10:43.523+0000] {processor.py:826} INFO - Processing file /home/vscode/.local/lib/python3.10/site-packages/airflow/example_dags/tutorial_dag.py for tasks to queue
[2026-09-17T01:10:43.524+0000] {logging_mixin.py:150} INFO - [2026-09-17T01:10:43.523+0000] {dagbag.py:541} INFO - Filling up the DagBag from /home/vscode/.local/lib/python3.10/site-packages/airflow/example_dags/tutorial_dag.py
[2026-09-17T01:10:43.528+0000] {processor.py:836} INFO - DAG(s) dict_keys(['tutorial_dag']) retrieved from /home/vscode/.local/lib/python3.10/site-packages/airflow/example_dags/tutorial_dag.py
[2026-09-17T01:10:43.540+0000] {logging_mixin.py:150} INFO - [2026-09-17T01:10:43.540+0000] {dag.py:2742} INFO - Sync 1 DAGs
[2026-09-17T01:10:43.554+0000] {logging_mixin.py:150} INFO - [2026-09-17T01:10:43.554+0000] {dag.py:3504} INFO - Setting next_dagrun for tutorial_dag to None, run_after=None
[2026-09-17T01:10:43.575+0000] {processor.py:179} INFO - Processing /home/vscode/.local/lib/python3.10/site-packages/airflow/example_dags/tutorial_dag.py took 0.055 seconds
[2026-09-17T01:11:01.598+0000] {processor.py:157} INFO - Started process (PID=30677) to work on /home/vscode/.local/lib/python3.10/site-packages/airflow/example_dags/tutorial_dag.py
[2026-09-17T01:11:01.599+0000] {processor.py:826} INFO - Processing file /home/vscode/.local/lib/python3.10/site-packages/airflow/example_dags/tutorial_dag.py for tasks to queue
[2026-09-17T01:11:01.599+0000] {logging_mixin.py:150} INFO - [2026-09-17T01:11:01.599+0000] {dagbag.py:541} INFO - Filling up the DagBag from /home/vscode/.local/lib/python3.10/site-packages/airflow/example_dags/tutorial_dag.py
[2026-09-17T01:11:01.605+0000] {processor.py:836} INFO - DAG(s) dict_keys(['tutorial_dag']) retrieved from /home/vscode/.local/lib/python3.10/site-packages/airflow/example_dags/tutorial_dag.py
[2026-09-17T01:11:01.622+0000] {logging_mixin.py:150} INFO - [2026-09-17T01:11:01.622+0000] {dag.py:2742} INFO - Sync 1 DAGs
[2026-09-17T01:11:01.643+0000] {logging_mixin.py:150} INFO - [2026-09-17T01:11:01.643+0000] {dag.py:3504} INFO - Setting next_dagrun for tutorial_dag to None, run_after=None
[2026-09-17T01:11:01.660+0000] {processor.py:179} INFO - Processing /home/vscode/.local/lib/python3.10/site-packages/airflow/example_dags/tutorial_dag.py took 0.066 seconds
[2026-09-17T01:11:14.843+0000] {processor.py:157} INFO - Started process (PID=30787) to work on /home/vscode/.local/lib/python3.10/site-packages/airflow/example_dags/tutorial_dag.py
[2026-09-17T01:11:14.844+0000] {processor.py:826} INFO - Processing file /home/vscode/.local/lib/python3.10/site-packages/airflow/example_dags/tutorial_dag.py for tasks to queue
[2026-09-17T01:11:14.845+0000] {logging_mixin.py:150} INFO - [2026-09-17T01:11:14.845+0000] {dagbag.py:541} INFO - Filling up the DagBag from /home/vscode/.local/lib/python3.10/site-packages/airflow/example_dags/tutorial_dag.py
[2026-09-17T01:11:14.849+0000] {processor.py:836} INFO - DAG(s) dict_keys(['tutorial_dag']) retrieved from /home/vscode/.local/lib/python3.10/site-packages/airflow/example_dags/tutorial_dag.py
[2026-09-17T01:11:14.867+0000] {logging_mixin.py:150} INFO - [2026-09-17T01:11:14.866+0000] {dag.py:2742} INFO - Sync 1 DAGs
[2026-09-17T01:11:14.889+0000] {logging_mixin.py:150} INFO - [2026-09-17T01:11:14.889+0000] {dag.py:3504} INFO - Setting next_dagrun for tutorial_dag to None, run_after=None
[2026-09-17T01:11:14.920+0000] {processor.py:179} INFO - Processing /home/vscode/.local/lib/python3.10/site-packages/airflow/example_dags/tutorial_dag.py took 0.078 seconds
[2026-09-17T01:11:34.603+0000] {processor.py:157} INFO - Started process (PID=30957) to work on /home/vscode/.local/lib/python3.10/site-packages/airflow/example_dags/tutorial_dag.py
[2026-09-17T01:11:34.603+0000] {processor.py:826} INFO - Processing file /home/vscode/.local/lib/python3.10/site-packages/airflow/example_dags/tutorial_dag.py for tasks to queue
[2026-09-17T01:11:34.604+0000] {logging_mixin.py:150} INFO - [2026-09-17T01:11:34.604+0000] {dagbag.py:541} INFO - Filling up the DagBag from /home/vscode/.local/lib/python3.10/site-packages/airflow/example_dags/tutorial_dag.py
[2026-09-17T01:11:34.608+0000] {processor.py:836} INFO - DAG(s) dict_keys(['tutorial_dag']) retrieved from /home/vscode/.local/lib/python3.10/site-packages/airflow/example_dags/tutorial_dag.py
[2026-09-17T01:11:34.621+0000] {logging_mixin.py:150} INFO - [2026-09-17T01:11:34.621+0000] {dag.py:2742} INFO - Sync 1 DAGs
[2026-09-17T01:11:34.635+0000] {logging_mixin.py:150} INFO - [2026-09-17T01:11:34.635+0000] {dag.py:3504} INFO - Setting next_dagrun for tutorial_dag to None, run_after=None
[2026-09-17T01:11:34.651+0000] {processor.py:179} INFO - Processing /home/vscode/.local/lib/python3.10/site-packages/airflow/example_dags/tutorial_dag.py took 0.051 seconds
[2026-09-17T01:11:48.856+0000] {processor.py:157} INFO - Started process (PID=31081) to work on /home/vscode/.local/lib/python3.10/site-packages/airflow/example_dags/tutorial_dag.py
[2026-09-17T01:11:48.857+0000] {processor.py:826} INFO - Processing file /home/vscode/.local/lib/python3.10/site-packages/airflow/example_dags/tutorial_dag.py for tasks to queue
[2026-09-17T01:11:48.857+0000] {logging_mixin.py:150} INFO - [2026-09-17T01:11:48.857+0000] {dagbag.py:541} INFO - Filling up the DagBag from /home/vscode/.local/lib/python3.10/site-packages/airflow/example_dags/tutorial_dag.py
[2026-09-17T01:11:48.861+0000] {processor.py:836} INFO - DAG(s) dict_keys(['tutorial_dag']) retrieved from /home/vscode/.local/lib/python3.10/site-packages/airflow/example_dags/tutorial_dag.py
[2026-09-17T01:11:48.874+0000] {logging_mixin.py:150} INFO - [2026-09-17T01:11:48.874+0000] {dag.py:2742} INFO - Sync 1 DAGs
[2026-09-17T01:11:48.891+0000] {logging_mixin.py:150} INFO - [2026-09-17T01:11:48.891+0000] {dag.py:3504} INFO - Setting next_dagrun for tutorial_dag to None, run_after=None
[2026-09-17T01:11:48.911+0000] {processor.py:179} INFO - Processing /home/vscode/.local/lib/python3.10/site-packages/airflow/example_dags/tutorial_dag.py took 0.057 seconds
[2026-09-17T01:12:07.615+0000] {processor.py:157} INFO - Started process (PID=31243) to work on /home/vscode/.local/lib/python3.10/site-packages/airflow/example_dags/tutorial_dag.py
[2026-09-17T01:12:07.615+0000] {processor.py:826} INFO - Processing file /home/vscode/.local/lib/python3.10/site-packages/airflow/example_dags/tutorial_dag.py for tasks to queue
[2026-09-17T01:12:07.616+0000] {logging_mixin.py:150} INFO - [2026-09-17T01:12:07.616+0000] {dagbag.py:541} INFO - Filling up the DagBag from /home/vscode/.local/lib/python3.10/site-packages/airflow/example_dags/tutorial_dag.py
[2026-09-17T01:12:07.622+0000] {processor.py:836} INFO - DAG(s) dict_keys(['tutorial_dag']) retrieved from /home/vscode/.local/lib/python3.10/site-packages/airflow/example_dags/tutorial_dag.py
[2026-09-17T01:12:07.640+0000] {logging_mixin.py:150} INFO - [2026-09-17T01:12:07.640+0000] {dag.py:2742} INFO - Sync 1 DAGs
[2026-09-17T01:12:07.661+0000] {logging_mixin.py:150} INFO - [2026-09-17T01:12:07.661+0000] {dag.py:3504} INFO - Setting next_dagrun for tutorial_dag to None, run_after=None
[2026-09-17T01:12:07.697+0000] {processor.py:179} INFO - Processing /home/vscode/.local/lib/python3.10/site-packages/airflow/example_dags/tutorial_dag.py took 0.085 seconds
[2026-09-17T01:12:23.099+0000] {processor.py:157} INFO - Started process (PID=31375) to work on /home/vscode/.local/lib/python3.10/site-packages/airflow/example_dags/tutorial_dag.py
[2026-09-17T01:12:23.100+0000] {processor.py:826} INFO - Processing file /home/vscode/.local/lib/python3.10/site-packages/airflow/example_dags/tutorial_dag.py for tasks to queue
[2026-09-17T01:12:23.100+0000] {logging_mixin.py:150} INFO - [2026-09-17T01:12:23.100+0000] {dagbag.py:541} INFO - Filling up the DagBag from /home/vscode/.local/lib/python3.10/site-packages/airflow/example_dags/tutorial_dag.py
[2026-09-17T01:12:23.106+0000] {processor.py:836} INFO - DAG(s) dict_keys(['tutorial_dag']) retrieved from /home/vscode/.local/lib/python3.10/site-packages/airflow/example_dags/tutorial_dag.py
[2026-09-17T01:12:23.120+0000] {logging_mixin.py:150} INFO - [2026-09-17T01:12:23.120+0000] {dag.py:2742} INFO - Sync 1 DAGs
[2026-09-17T01:12:23.135+0000] {logging_mixin.py:150} INFO - [2026-09-17T01:12:23.135+0000] {dag.py:3504} INFO - Setting next_dagrun for tutorial_dag to None, run_after=None
[2026-09-17T01:12:23.154+0000] {processor.py:179} INFO - Processing /home/vscode/.local/lib/python3.10/site-packages/airflow/example_dags/tutorial_dag.py took 0.059 seconds
[2026-09-17T01:12:40.866+0000] {processor.py:157} INFO - Started process (PID=31527) to work on /home/vscode/.local/lib/python3.10/site-packages/airflow/example_dags/tutorial_dag.py
[2026-09-17T01:12:40.867+0000] {processor.py:826} INFO - Processing file /home/vscode/.local/lib/python3.10/site-packages/airflow/example_dags/tutorial_dag.py for tasks to queue
[2026-09-17T01:12:40.868+0000] {logging_mixin.py:150} INFO - [2026-09-17T01:12:40.868+0000] {dagbag.py:541} INFO - Filling up the DagBag from /home/vscode/.local/lib/python3.10/site-packages/airflow/example_dags/tutorial_dag.py
[2026-09-17T01:12:40.872+0000] {processor.py:836} INFO - DAG(s) dict_keys(['tutorial_dag']) retrieved from /home/vscode/.local/lib/python3.10/site-packages/airflow/example_dags/tutorial_dag.py
[2026-09-17T01:12:40.886+0000] {logging_mixin.py:150} INFO - [2026-09-17T01:12:40.886+0000] {dag.py:2742} INFO - Sync 1 DAGs
[2026-09-17T01:12:40.904+0000] {logging_mixin.py:150} INFO - [2026-09-17T01:12:40.904+0000] {dag.py:3504} INFO - Setting next_dagrun for tutorial_dag to None, run_after=None
[2026-09-17T01:12:40.922+0000] {processor.py:179} INFO - Processing /home/vscode/.local/lib/python3.10/site-packages/airflow/example_dags/tutorial_dag.py took 0.058 seconds
[2026-09-17T01:13:09.780+0000] {processor.py:157} INFO - Started process (PID=31773) to work on /home/vscode/.local/lib/python3.10/site-packages/airflow/example_dags/tutorial_dag.py
[2026-09-17T01:13:09.782+0000] {processor.py:826} INFO - Processing file /home/vscode/.local/lib/python3.10/site-packages/airflow/example_dags/tutorial_dag.py for tasks to queue
[2026-09-17T01:13:09.783+0000] {logging_mixin.py:150} INFO - [2026-09-17T01:13:09.782+0000] {dagbag.py:541} INFO - Filling up the DagBag from /home/vscode/.local/lib/python3.10/site-packages/airflow/example_dags/tutorial_dag.py
[2026-09-17T01:13:09.789+0000] {processor.py:836} INFO - DAG(s) dict_keys(['tutorial_dag']) retrieved from /home/vscode/.local/lib/python3.10/site-packages/airflow/example_dags/tutorial_dag.py
[2026-09-17T01:13:09.806+0000] {logging_mixin.py:150} INFO - [2026-09-17T01:13:09.806+0000] {dag.py:2742} INFO - Sync 1 DAGs
[2026-09-17T01:13:09.827+0000] {logging_mixin.py:150} INFO - [2026-09-17T01:13:09.827+0000] {dag.py:3504} INFO - Setting next_dagrun for tutorial_dag to None, run_after=None
[2026-09-17T01:13:09.844+0000] {processor.py:179} INFO - Processing /home/vscode/.local/lib/python3.10/site-packages/airflow/example_dags/tutorial_dag.py took 0.067 seconds
[2026-09-17T01:13:30.060+0000] {processor.py:157} INFO - Started process (PID=31948) to work on /home/vscode/.local/lib/python3.10/site-packages/airflow/example_dags/tutorial_dag.py
[2026-09-17T01:13:30.060+0000] {processor.py:826} INFO - Processing file /home/vscode/.local/lib/python3.10/site-packages/airflow/example_dags/tutorial_dag.py for tasks to queue
[2026-09-17T01:13:30.061+0000] {logging_mixin.py:150} INFO - [2026-09-17T01:13:30.061+0000] {dagbag.py:541} INFO - Filling up the DagBag from /home/vscode/.local/lib/python3.10/site-packages/airflow/example_dags/tutorial_dag.py
[2026-09-17T01:13:30.065+0000] {processor.py:836} INFO - DAG(s) dict_keys(['tutorial_dag']) retrieved from /home/vscode/.local/lib/python3.10/site-packages/airflow/example_dags/tutorial_dag.py
[2026-09-17T01:13:30.078+0000] {logging_mixin.py:150} INFO - [2026-09-17T01:13:30.077+0000] {dag.py:2742} INFO - Sync 1 DAGs
[2026-09-17T01:13:30.095+0000] {logging_mixin.py:150} INFO - [2026-09-17T01:13:30.095+0000] {dag.py:3504} INFO - Setting next_dagrun for tutorial_dag to None, run_after=None
[2026-09-17T01:13:30.114+0000] {processor.py:179} INFO - Processing /home/vscode/.local/lib/python3.10/site-packages/airflow/example_dags/tutorial_dag.py took 0.056 seconds
[2026-09-17T01:13:53.507+0000] {processor.py:157} INFO - Started process (PID=32141) to work on /home/vscode/.local/lib/python3.10/site-packages/airflow/example_dags/tutorial_dag.py
[2026-09-17T01:13:53.508+0000] {processor.py:826} INFO - Processing file /home/vscode/.local/lib/python3.10/site-packages/airflow/example_dags/tutorial_dag.py for tasks to queue
[2026-09-17T01:13:53.508+0000] {logging_mixin.py:150} INFO - [2026-09-17T01:13:53.508+0000] {dagbag.py:541} INFO - Filling up the DagBag from /home/vscode/.local/lib/python3.10/site-packages/airflow/example_dags/tutorial_dag.py
[2026-09-17T01:13:53.513+0000] {processor.py:836} INFO - DAG(s) dict_keys(['tutorial_dag']) retrieved from /home/vscode/.local/lib/python3.10/site-packages/airflow/example_dags/tutorial_dag.py
[2026-09-17T01:13:53.525+0000] {logging_mixin.py:150} INFO - [2026-09-17T01:13:53.525+0000] {dag.py:2742} INFO - Sync 1 DAGs
[2026-09-17T01:13:53.540+0000] {logging_mixin.py:150} INFO - [2026-09-17T01:13:53.540+0000] {dag.py:3504} INFO - Setting next_dagrun for tutorial_dag to None, run_after=None
[2026-09-17T01:13:53.556+0000] {processor.py:179} INFO - Processing /home/vscode/.local/lib/python3.10/site-packages/airflow/example_dags/tutorial_dag.py took 0.051 seconds
[2026-09-17T01:14:04.504+0000] {processor.py:157} INFO - Started process (PID=32229) to work on /home/vscode/.local/lib/python3.10/site-packages/airflow/example_dags/tutorial_dag.py
[2026-09-17T01:14:04.505+0000] {processor.py:826} INFO - Processing file /home/vscode/.local/lib/python3.10/site-packages/airflow/example_dags/tutorial_dag.py for tasks to queue
[2026-09-17T01:14:04.506+0000] {logging_mixin.py:150} INFO - [2026-09-17T01:14:04.505+0000] {dagbag.py:541} INFO - Filling up the DagBag from /home/vscode/.local/lib/python3.10/site-packages/airflow/example_dags/tutorial_dag.py
[2026-09-17T01:14:04.510+0000] {processor.py:836} INFO - DAG(s) dict_keys(['tutorial_dag']) retrieved from /home/vscode/.local/lib/python3.10/site-packages/airflow/example_dags/tutorial_dag.py
[2026-09-17T01:14:04.523+0000] {logging_mixin.py:150} INFO - [2026-09-17T01:14:04.523+0000] {dag.py:2742} INFO - Sync 1 DAGs
[2026-09-17T01:14:04.538+0000] {logging_mixin.py:150} INFO - [2026-09-17T01:14:04.537+0000] {dag.py:3504} INFO - Setting next_dagrun for tutorial_dag to None, run_after=None
[2026-09-17T01:14:04.553+0000] {processor.py:179} INFO - Processing /home/vscode/.local/lib/python3.10/site-packages/airflow/example_dags/tutorial_dag.py took 0.052 seconds
[2026-09-17T01:14:26.968+0000] {processor.py:157} INFO - Started process (PID=32425) to work on /home/vscode/.local/lib/python3.10/site-packages/airflow/example_dags/tutorial_dag.py
[2026-09-17T01:14:26.968+0000] {processor.py:826} INFO - Processing file /home/vscode/.local/lib/python3.10/site-packages/airflow/example_dags/tutorial_dag.py for tasks to queue
[2026-09-17T01:14:26.969+0000] {logging_mixin.py:150} INFO - [2026-09-17T01:14:26.969+0000] {dagbag.py:541} INFO - Filling up the DagBag from /home/vscode/.local/lib/python3.10/site-packages/airflow/example_dags/tutorial_dag.py
[2026-09-17T01:14:26.973+0000] {processor.py:836} INFO - DAG(s) dict_keys(['tutorial_dag']) retrieved from /home/vscode/.local/lib/python3.10/site-packages/airflow/example_dags/tutorial_dag.py
[2026-09-17T01:14:26.989+0000] {logging_mixin.py:150} INFO - [2026-09-17T01:14:26.988+0000] {dag.py:2742} INFO - Sync 1 DAGs
[2026-09-17T01:14:27.007+0000] {logging_mixin.py:150} INFO - [2026-09-17T01:14:27.006+0000] {dag.py:3504} INFO - Setting next_dagrun for tutorial_dag to None, run_after=None
[2026-09-17T01:14:27.023+0000] {processor.py:179} INFO - Processing /home/vscode/.local/lib/python3.10/site-packages/airflow/example_dags/tutorial_dag.py took 0.058 seconds
[2026-09-17T01:14:36.058+0000] {processor.py:157} INFO - Started process (PID=32501) to work on /home/vscode/.local/lib/python3.10/site-packages/airflow/example_dags/tutorial_dag.py
[2026-09-17T01:14:36.060+0000] {processor.py:826} INFO - Processing file /home/vscode/.local/lib/python3.10/site-packages/airflow/example_dags/tutorial_dag.py for tasks to queue
[2026-09-17T01:14:36.060+0000] {logging_mixin.py:150} INFO - [2026-09-17T01:14:36.060+0000] {dagbag.py:541} INFO - Filling up the DagBag from /home/vscode/.local/lib/python3.10/site-packages/airflow/example_dags/tutorial_dag.py
[2026-09-17T01:14:36.066+0000] {processor.py:836} INFO - DAG(s) dict_keys(['tutorial_dag']) retrieved from /home/vscode/.local/lib/python3.10/site-packages/airflow/example_dags/tutorial_dag.py
[2026-09-17T01:14:36.084+0000] {logging_mixin.py:150} INFO - [2026-09-17T01:14:36.084+0000] {dag.py:2742} INFO - Sync 1 DAGs
[2026-09-17T01:14:36.119+0000] {logging_mixin.py:150} INFO - [2026-09-17T01:14:36.118+0000] {dag.py:3504} INFO - Setting next_dagrun for tutorial_dag to None, run_after=None
[2026-09-17T01:14:36.147+0000] {processor.py:179} INFO - Processing /home/vscode/.local/lib/python3.10/site-packages/airflow/example_dags/tutorial_dag.py took 0.095 seconds
[2026-09-17T01:15:10.281+0000] {processor.py:157} INFO - Started process (PID=32797) to work on /home/vscode/.local/lib/python3.10/site-packages/airflow/example_dags/tutorial_dag.py
[2026-09-17T01:15:10.282+0000] {processor.py:826} INFO - Processing file /home/vscode/.local/lib/python3.10/site-packages/airflow/example_dags/tutorial_dag.py for tasks to queue
[2026-09-17T01:15:10.283+0000] {logging_mixin.py:150} INFO - [2026-09-17T01:15:10.283+0000] {dagbag.py:541} INFO - Filling up the DagBag from /home/vscode/.local/lib/python3.10/site-packages/airflow/example_dags/tutorial_dag.py
[2026-09-17T01:15:10.288+0000] {processor.py:836} INFO - DAG(s) dict_keys(['tutorial_dag']) retrieved from /home/vscode/.local/lib/python3.10/site-packages/airflow/example_dags/tutorial_dag.py
[2026-09-17T01:15:10.308+0000] {logging_mixin.py:150} INFO - [2026-09-17T01:15:10.307+0000] {dag.py:2742} INFO - Sync 1 DAGs
[2026-09-17T01:15:10.322+0000] {logging_mixin.py:150} INFO - [2026-09-17T01:15:10.322+0000] {dag.py:3504} INFO - Setting next_dagrun for tutorial_dag to None, run_after=None
[2026-09-17T01:15:10.338+0000] {processor.py:179} INFO - Processing /home/vscode/.local/lib/python3.10/site-packages/airflow/example_dags/tutorial_dag.py took 0.060 seconds
[2026-09-17T01:15:12.918+0000] {processor.py:157} INFO - Started process (PID=32822) to work on /home/vscode/.local/lib/python3.10/site-packages/airflow/example_dags/tutorial_dag.py
[2026-09-17T01:15:12.919+0000] {processor.py:826} INFO - Processing file /home/vscode/.local/lib/python3.10/site-packages/airflow/example_dags/tutorial_dag.py for tasks to queue
[2026-09-17T01:15:12.920+0000] {logging_mixin.py:150} INFO - [2026-09-17T01:15:12.919+0000] {dagbag.py:541} INFO - Filling up the DagBag from /home/vscode/.local/lib/python3.10/site-packages/airflow/example_dags/tutorial_dag.py
[2026-09-17T01:15:12.924+0000] {processor.py:836} INFO - DAG(s) dict_keys(['tutorial_dag']) retrieved from /home/vscode/.local/lib/python3.10/site-packages/airflow/example_dags/tutorial_dag.py
[2026-09-17T01:15:12.937+0000] {logging_mixin.py:150} INFO - [2026-09-17T01:15:12.937+0000] {dag.py:2742} INFO - Sync 1 DAGs
[2026-09-17T01:15:12.952+0000] {logging_mixin.py:150} INFO - [2026-09-17T01:15:12.952+0000] {dag.py:3504} INFO - Setting next_dagrun for tutorial_dag to None, run_after=None
[2026-09-17T01:15:12.981+0000] {processor.py:179} INFO - Processing /home/vscode/.local/lib/python3.10/site-packages/airflow/example_dags/tutorial_dag.py took 0.065 seconds
[2026-09-17T01:15:47.806+0000] {processor.py:157} INFO - Started process (PID=33143) to work on /home/vscode/.local/lib/python3.10/site-packages/airflow/example_dags/tutorial_dag.py
[2026-09-17T01:15:47.808+0000] {processor.py:826} INFO - Processing file /home/vscode/.local/lib/python3.10/site-packages/airflow/example_dags/tutorial_dag.py for tasks to queue
[2026-09-17T01:15:47.808+0000] {logging_mixin.py:150} INFO - [2026-09-17T01:15:47.808+0000] {dagbag.py:541} INFO - Filling up the DagBag from /home/vscode/.local/lib/python3.10/site-packages/airflow/example_dags/tutorial_dag.py
[2026-09-17T01:15:47.814+0000] {processor.py:836} INFO - DAG(s) dict_keys(['tutorial_dag']) retrieved from /home/vscode/.local/lib/python3.10/site-packages/airflow/example_dags/tutorial_dag.py
[2026-09-17T01:15:47.831+0000] {logging_mixin.py:150} INFO - [2026-09-17T01:15:47.830+0000] {dag.py:2742} INFO - Sync 1 DAGs
[2026-09-17T01:15:47.845+0000] {logging_mixin.py:150} INFO - [2026-09-17T01:15:47.845+0000] {dag.py:3504} INFO - Setting next_dagrun for tutorial_dag to None, run_after=None
[2026-09-17T01:15:47.862+0000] {processor.py:179} INFO - Processing /home/vscode/.local/lib/python3.10/site-packages/airflow/example_dags/tutorial_dag.py took 0.059 seconds
[2026-09-17T01:15:53.561+0000] {processor.py:157} INFO - Started process (PID=33195) to work on /home/vscode/.local/lib/python3.10/site-packages/airflow/example_dags/tutorial_dag.py
[2026-09-17T01:15:53.564+0000] {processor.py:826} INFO - Processing file /home/vscode/.local/lib/python3.10/site-packages/airflow/example_dags/tutorial_dag.py for tasks to queue
[2026-09-17T01:15:53.564+0000] {logging_mixin.py:150} INFO - [2026-09-17T01:15:53.564+0000] {dagbag.py:541} INFO - Filling up the DagBag from /home/vscode/.local/lib/python3.10/site-packages/airflow/example_dags/tutorial_dag.py
[2026-09-17T01:15:53.572+0000] {processor.py:836} INFO - DAG(s) dict_keys(['tutorial_dag']) retrieved from /home/vscode/.local/lib/python3.10/site-packages/airflow/example_dags/tutorial_dag.py
[2026-09-17T01:15:53.591+0000] {logging_mixin.py:150} INFO - [2026-09-17T01:15:53.591+0000] {dag.py:2742} INFO - Sync 1 DAGs
[2026-09-17T01:15:53.614+0000] {logging_mixin.py:150} INFO - [2026-09-17T01:15:53.614+0000] {dag.py:3504} INFO - Setting next_dagrun for tutorial_dag to None, run_after=None
[2026-09-17T01:15:53.638+0000] {processor.py:179} INFO - Processing /home/vscode/.local/lib/python3.10/site-packages/airflow/example_dags/tutorial_dag.py took 0.079 seconds
[2026-09-17T01:16:21.983+0000] {processor.py:157} INFO - Started process (PID=33444) to work on /home/vscode/.local/lib/python3.10/site-packages/airflow/example_dags/tutorial_dag.py
[2026-09-17T01:16:21.984+0000] {processor.py:826} INFO - Processing file /home/vscode/.local/lib/python3.10/site-packages/airflow/example_dags/tutorial_dag.py for tasks to queue
[2026-09-17T01:16:21.985+0000] {logging_mixin.py:150} INFO - [2026-09-17T01:16:21.985+0000] {dagbag.py:541} INFO - Filling up the DagBag from /home/vscode/.local/lib/python3.10/site-packages/airflow/example_dags/tutorial_dag.py
[2026-09-17T01:16:21.993+0000] {processor.py:836} INFO - DAG(s) dict_keys(['tutorial_dag']) retrieved from /home/vscode/.local/lib/python3.10/site-packages/airflow/example_dags/tutorial_dag.py
[2026-09-17T01:16:22.017+0000] {logging_mixin.py:150} INFO - [2026-09-17T01:16:22.017+0000] {dag.py:2742} INFO - Sync 1 DAGs
[2026-09-17T01:16:22.034+0000] {logging_mixin.py:150} INFO - [2026-09-17T01:16:22.034+0000] {dag.py:3504} INFO - Setting next_dagrun for tutorial_dag to None, run_after=None
[2026-09-17T01:16:22.051+0000] {processor.py:179} INFO - Processing /home/vscode/.local/lib/python3.10/site-packages/airflow/example_dags/tutorial_dag.py took 0.071 seconds
[2026-09-17T01:16:27.831+0000] {processor.py:157} INFO - Started process (PID=33490) to work on /home/vscode/.local/lib/python3.10/site-packages/airflow/example_dags/tutorial_dag.py
[2026-09-17T01:16:27.832+0000] {processor.py:826} INFO - Processing file /home/vscode/.local/lib/python3.10/site-packages/airflow/example_dags/tutorial_dag.py for tasks to queue
[2026-09-17T01:16:27.832+0000] {logging_mixin.py:150} INFO - [2026-09-17T01:16:27.832+0000] {dagbag.py:541} INFO - Filling up the DagBag from /home/vscode/.local/lib/python3.10/site-packages/airflow/example_dags/tutorial_dag.py
[2026-09-17T01:16:27.836+0000] {processor.py:836} INFO - DAG(s) dict_keys(['tutorial_dag']) retrieved from /home/vscode/.local/lib/python3.10/site-packages/airflow/example_dags/tutorial_dag.py
[2026-09-17T01:16:27.849+0000] {logging_mixin.py:150} INFO - [2026-09-17T01:16:27.849+0000] {dag.py:2742} INFO - Sync 1 DAGs
[2026-09-17T01:16:27.863+0000] {logging_mixin.py:150} INFO - [2026-09-17T01:16:27.863+0000] {dag.py:3504} INFO - Setting next_dagrun for tutorial_dag to None, run_after=None
[2026-09-17T01:16:27.878+0000] {processor.py:179} INFO - Processing /home/vscode/.local/lib/python3.10/site-packages/airflow/example_dags/tutorial_dag.py took 0.050 seconds
[2026-09-17T01:16:54.781+0000] {processor.py:157} INFO - Started process (PID=33718) to work on /home/vscode/.local/lib/python3.10/site-packages/airflow/example_dags/tutorial_dag.py
[2026-09-17T01:16:54.781+0000] {processor.py:826} INFO - Processing file /home/vscode/.local/lib/python3.10/site-packages/airflow/example_dags/tutorial_dag.py for tasks to queue
[2026-09-17T01:16:54.782+0000] {logging_mixin.py:150} INFO - [2026-09-17T01:16:54.782+0000] {dagbag.py:541} INFO - Filling up the DagBag from /home/vscode/.local/lib/python3.10/site-packages/airflow/example_dags/tutorial_dag.py
[2026-09-17T01:16:54.788+0000] {processor.py:836} INFO - DAG(s) dict_keys(['tutorial_dag']) retrieved from /home/vscode/.local/lib/python3.10/site-packages/airflow/example_dags/tutorial_dag.py
[2026-09-17T01:16:54.804+0000] {logging_mixin.py:150} INFO - [2026-09-17T01:16:54.804+0000] {dag.py:2742} INFO - Sync 1 DAGs
[2026-09-17T01:16:54.821+0000] {logging_mixin.py:150} INFO - [2026-09-17T01:16:54.820+0000] {dag.py:3504} INFO - Setting next_dagrun for tutorial_dag to None, run_after=None
[2026-09-17T01:16:54.845+0000] {processor.py:179} INFO - Processing /home/vscode/.local/lib/python3.10/site-packages/airflow/example_dags/tutorial_dag.py took 0.067 seconds
[2026-09-17T01:17:02.437+0000] {processor.py:157} INFO - Started process (PID=33783) to work on /home/vscode/.local/lib/python3.10/site-packages/airflow/example_dags/tutorial_dag.py
[2026-09-17T01:17:02.438+0000] {processor.py:826} INFO - Processing file /home/vscode/.local/lib/python3.10/site-packages/airflow/example_dags/tutorial_dag.py for tasks to queue
[2026-09-17T01:17:02.438+0000] {logging_mixin.py:150} INFO - [2026-09-17T01:17:02.438+0000] {dagbag.py:541} INFO - Filling up the DagBag from /home/vscode/.local/lib/python3.10/site-packages/airflow/example_dags/tutorial_dag.py
[2026-09-17T01:17:02.443+0000] {processor.py:836} INFO - DAG(s) dict_keys(['tutorial_dag']) retrieved from /home/vscode/.local/lib/python3.10/site-packages/airflow/example_dags/tutorial_dag.py
[2026-09-17T01:17:02.455+0000] {logging_mixin.py:150} INFO - [2026-09-17T01:17:02.455+0000] {dag.py:2742} INFO - Sync 1 DAGs
[2026-09-17T01:17:02.482+0000] {logging_mixin.py:150} INFO - [2026-09-17T01:17:02.482+0000] {dag.py:3504} INFO - Setting next_dagrun for tutorial_dag to None, run_after=None
[2026-09-17T01:17:02.516+0000] {processor.py:179} INFO - Processing /home/vscode/.local/lib/python3.10/site-packages/airflow/example_dags/tutorial_dag.py took 0.082 seconds
[2026-09-17T01:17:29.401+0000] {processor.py:157} INFO - Started process (PID=34019) to work on /home/vscode/.local/lib/python3.10/site-packages/airflow/example_dags/tutorial_dag.py
[2026-09-17T01:17:29.401+0000] {processor.py:826} INFO - Processing file /home/vscode/.local/lib/python3.10/site-packages/airflow/example_dags/tutorial_dag.py for tasks to queue
[2026-09-17T01:17:29.402+0000] {logging_mixin.py:150} INFO - [2026-09-17T01:17:29.402+0000] {dagbag.py:541} INFO - Filling up the DagBag from /home/vscode/.local/lib/python3.10/site-packages/airflow/example_dags/tutorial_dag.py
[2026-09-17T01:17:29.407+0000] {processor.py:836} INFO - DAG(s) dict_keys(['tutorial_dag']) retrieved from /home/vscode/.local/lib/python3.10/site-packages/airflow/example_dags/tutorial_dag.py
[2026-09-17T01:17:29.424+0000] {logging_mixin.py:150} INFO - [2026-09-17T01:17:29.424+0000] {dag.py:2742} INFO - Sync 1 DAGs
[2026-09-17T01:17:29.439+0000] {logging_mixin.py:150} INFO - [2026-09-17T01:17:29.438+0000] {dag.py:3504} INFO - Setting next_dagrun for tutorial_dag to None, run_after=None
[2026-09-17T01:17:29.455+0000] {processor.py:179} INFO - Processing /home/vscode/.local/lib/python3.10/site-packages/airflow/example_dags/tutorial_dag.py took 0.057 seconds
[2026-09-17T01:17:45.837+0000] {processor.py:157} INFO - Started process (PID=34155) to work on /home/vscode/.local/lib/python3.10/site-packages/airflow/example_dags/tutorial_dag.py
[2026-09-17T01:17:45.838+0000] {processor.py:826} INFO - Processing file /home/vscode/.local/lib/python3.10/site-packages/airflow/example_dags/tutorial_dag.py for tasks to queue
[2026-09-17T01:17:45.839+0000] {logging_mixin.py:150} INFO - [2026-09-17T01:17:45.838+0000] {dagbag.py:541} INFO - Filling up the DagBag from /home/vscode/.local/lib/python3.10/site-packages/airflow/example_dags/tutorial_dag.py
[2026-09-17T01:17:45.843+0000] {processor.py:836} INFO - DAG(s) dict_keys(['tutorial_dag']) retrieved from /home/vscode/.local/lib/python3.10/site-packages/airflow/example_dags/tutorial_dag.py
[2026-09-17T01:17:45.855+0000] {logging_mixin.py:150} INFO - [2026-09-17T01:17:45.855+0000] {dag.py:2742} INFO - Sync 1 DAGs
[2026-09-17T01:17:45.869+0000] {logging_mixin.py:150} INFO - [2026-09-17T01:17:45.869+0000] {dag.py:3504} INFO - Setting next_dagrun for tutorial_dag to None, run_after=None
[2026-09-17T01:17:45.887+0000] {processor.py:179} INFO - Processing /home/vscode/.local/lib/python3.10/site-packages/airflow/example_dags/tutorial_dag.py took 0.052 seconds
[2026-09-17T01:18:01.932+0000] {processor.py:157} INFO - Started process (PID=34292) to work on /home/vscode/.local/lib/python3.10/site-packages/airflow/example_dags/tutorial_dag.py
[2026-09-17T01:18:01.933+0000] {processor.py:826} INFO - Processing file /home/vscode/.local/lib/python3.10/site-packages/airflow/example_dags/tutorial_dag.py for tasks to queue
[2026-09-17T01:18:01.934+0000] {logging_mixin.py:150} INFO - [2026-09-17T01:18:01.934+0000] {dagbag.py:541} INFO - Filling up the DagBag from /home/vscode/.local/lib/python3.10/site-packages/airflow/example_dags/tutorial_dag.py
[2026-09-17T01:18:01.941+0000] {processor.py:836} INFO - DAG(s) dict_keys(['tutorial_dag']) retrieved from /home/vscode/.local/lib/python3.10/site-packages/airflow/example_dags/tutorial_dag.py
[2026-09-17T01:18:01.969+0000] {logging_mixin.py:150} INFO - [2026-09-17T01:18:01.969+0000] {dag.py:2742} INFO - Sync 1 DAGs
[2026-09-17T01:18:01.986+0000] {logging_mixin.py:150} INFO - [2026-09-17T01:18:01.986+0000] {dag.py:3504} INFO - Setting next_dagrun for tutorial_dag to None, run_after=None
[2026-09-17T01:18:02.005+0000] {processor.py:179} INFO - Processing /home/vscode/.local/lib/python3.10/site-packages/airflow/example_dags/tutorial_dag.py took 0.076 seconds
[2026-09-17T01:18:21.101+0000] {processor.py:157} INFO - Started process (PID=34456) to work on /home/vscode/.local/lib/python3.10/site-packages/airflow/example_dags/tutorial_dag.py
[2026-09-17T01:18:21.102+0000] {processor.py:826} INFO - Processing file /home/vscode/.local/lib/python3.10/site-packages/airflow/example_dags/tutorial_dag.py for tasks to queue
[2026-09-17T01:18:21.103+0000] {logging_mixin.py:150} INFO - [2026-09-17T01:18:21.103+0000] {dagbag.py:541} INFO - Filling up the DagBag from /home/vscode/.local/lib/python3.10/site-packages/airflow/example_dags/tutorial_dag.py
[2026-09-17T01:18:21.109+0000] {processor.py:836} INFO - DAG(s) dict_keys(['tutorial_dag']) retrieved from /home/vscode/.local/lib/python3.10/site-packages/airflow/example_dags/tutorial_dag.py
[2026-09-17T01:18:21.129+0000] {logging_mixin.py:150} INFO - [2026-09-17T01:18:21.129+0000] {dag.py:2742} INFO - Sync 1 DAGs
[2026-09-17T01:18:21.151+0000] {logging_mixin.py:150} INFO - [2026-09-17T01:18:21.150+0000] {dag.py:3504} INFO - Setting next_dagrun for tutorial_dag to None, run_after=None
[2026-09-17T01:18:21.181+0000] {processor.py:179} INFO - Processing /home/vscode/.local/lib/python3.10/site-packages/airflow/example_dags/tutorial_dag.py took 0.083 seconds
[2026-09-17T01:18:46.144+0000] {processor.py:157} INFO - Started process (PID=34667) to work on /home/vscode/.local/lib/python3.10/site-packages/airflow/example_dags/tutorial_dag.py
[2026-09-17T01:18:46.144+0000] {processor.py:826} INFO - Processing file /home/vscode/.local/lib/python3.10/site-packages/airflow/example_dags/tutorial_dag.py for tasks to queue
[2026-09-17T01:18:46.145+0000] {logging_mixin.py:150} INFO - [2026-09-17T01:18:46.145+0000] {dagbag.py:541} INFO - Filling up the DagBag from /home/vscode/.local/lib/python3.10/site-packages/airflow/example_dags/tutorial_dag.py
[2026-09-17T01:18:46.149+0000] {processor.py:836} INFO - DAG(s) dict_keys(['tutorial_dag']) retrieved from /home/vscode/.local/lib/python3.10/site-packages/airflow/example_dags/tutorial_dag.py
[2026-09-17T01:18:46.162+0000] {logging_mixin.py:150} INFO - [2026-09-17T01:18:46.162+0000] {dag.py:2742} INFO - Sync 1 DAGs
[2026-09-17T01:18:46.177+0000] {logging_mixin.py:150} INFO - [2026-09-17T01:18:46.176+0000] {dag.py:3504} INFO - Setting next_dagrun for tutorial_dag to None, run_after=None
[2026-09-17T01:18:46.196+0000] {processor.py:179} INFO - Processing /home/vscode/.local/lib/python3.10/site-packages/airflow/example_dags/tutorial_dag.py took 0.054 seconds
[2026-09-17T01:18:52.617+0000] {processor.py:157} INFO - Started process (PID=34720) to work on /home/vscode/.local/lib/python3.10/site-packages/airflow/example_dags/tutorial_dag.py
[2026-09-17T01:18:52.618+0000] {processor.py:826} INFO - Processing file /home/vscode/.local/lib/python3.10/site-packages/airflow/example_dags/tutorial_dag.py for tasks to queue
[2026-09-17T01:18:52.618+0000] {logging_mixin.py:150} INFO - [2026-09-17T01:18:52.618+0000] {dagbag.py:541} INFO - Filling up the DagBag from /home/vscode/.local/lib/python3.10/site-packages/airflow/example_dags/tutorial_dag.py
[2026-09-17T01:18:52.622+0000] {processor.py:836} INFO - DAG(s) dict_keys(['tutorial_dag']) retrieved from /home/vscode/.local/lib/python3.10/site-packages/airflow/example_dags/tutorial_dag.py
[2026-09-17T01:18:52.637+0000] {logging_mixin.py:150} INFO - [2026-09-17T01:18:52.637+0000] {dag.py:2742} INFO - Sync 1 DAGs
[2026-09-17T01:18:52.655+0000] {logging_mixin.py:150} INFO - [2026-09-17T01:18:52.655+0000] {dag.py:3504} INFO - Setting next_dagrun for tutorial_dag to None, run_after=None
[2026-09-17T01:18:52.671+0000] {processor.py:179} INFO - Processing /home/vscode/.local/lib/python3.10/site-packages/airflow/example_dags/tutorial_dag.py took 0.056 seconds
[2026-09-17T01:19:18.867+0000] {processor.py:157} INFO - Started process (PID=34924) to work on /home/vscode/.local/lib/python3.10/site-packages/airflow/example_dags/tutorial_dag.py
[2026-09-17T01:19:18.868+0000] {processor.py:826} INFO - Processing file /home/vscode/.local/lib/python3.10/site-packages/airflow/example_dags/tutorial_dag.py for tasks to queue
[2026-09-17T01:19:18.869+0000] {logging_mixin.py:150} INFO - [2026-09-17T01:19:18.868+0000] {dagbag.py:541} INFO - Filling up the DagBag from /home/vscode/.local/lib/python3.10/site-packages/airflow/example_dags/tutorial_dag.py
[2026-09-17T01:19:18.873+0000] {processor.py:836} INFO - DAG(s) dict_keys(['tutorial_dag']) retrieved from /home/vscode/.local/lib/python3.10/site-packages/airflow/example_dags/tutorial_dag.py
[2026-09-17T01:19:18.888+0000] {logging_mixin.py:150} INFO - [2026-09-17T01:19:18.888+0000] {dag.py:2742} INFO - Sync 1 DAGs
[2026-09-17T01:19:18.906+0000] {logging_mixin.py:150} INFO - [2026-09-17T01:19:18.906+0000] {dag.py:3504} INFO - Setting next_dagrun for tutorial_dag to None, run_after=None
[2026-09-17T01:19:18.930+0000] {processor.py:179} INFO - Processing /home/vscode/.local/lib/python3.10/site-packages/airflow/example_dags/tutorial_dag.py took 0.065 seconds
[2026-09-17T01:19:25.476+0000] {processor.py:157} INFO - Started process (PID=34982) to work on /home/vscode/.local/lib/python3.10/site-packages/airflow/example_dags/tutorial_dag.py
[2026-09-17T01:19:25.476+0000] {processor.py:826} INFO - Processing file /home/vscode/.local/lib/python3.10/site-packages/airflow/example_dags/tutorial_dag.py for tasks to queue
[2026-09-17T01:19:25.477+0000] {logging_mixin.py:150} INFO - [2026-09-17T01:19:25.477+0000] {dagbag.py:541} INFO - Filling up the DagBag from /home/vscode/.local/lib/python3.10/site-packages/airflow/example_dags/tutorial_dag.py
[2026-09-17T01:19:25.481+0000] {processor.py:836} INFO - DAG(s) dict_keys(['tutorial_dag']) retrieved from /home/vscode/.local/lib/python3.10/site-packages/airflow/example_dags/tutorial_dag.py
[2026-09-17T01:19:25.494+0000] {logging_mixin.py:150} INFO - [2026-09-17T01:19:25.494+0000] {dag.py:2742} INFO - Sync 1 DAGs
[2026-09-17T01:19:25.508+0000] {logging_mixin.py:150} INFO - [2026-09-17T01:19:25.508+0000] {dag.py:3504} INFO - Setting next_dagrun for tutorial_dag to None, run_after=None
[2026-09-17T01:19:25.524+0000] {processor.py:179} INFO - Processing /home/vscode/.local/lib/python3.10/site-packages/airflow/example_dags/tutorial_dag.py took 0.051 seconds
[2026-09-17T01:19:53.553+0000] {processor.py:157} INFO - Started process (PID=35235) to work on /home/vscode/.local/lib/python3.10/site-packages/airflow/example_dags/tutorial_dag.py
[2026-09-17T01:19:53.553+0000] {processor.py:826} INFO - Processing file /home/vscode/.local/lib/python3.10/site-packages/airflow/example_dags/tutorial_dag.py for tasks to queue
[2026-09-17T01:19:53.554+0000] {logging_mixin.py:150} INFO - [2026-09-17T01:19:53.554+0000] {dagbag.py:541} INFO - Filling up the DagBag from /home/vscode/.local/lib/python3.10/site-packages/airflow/example_dags/tutorial_dag.py
[2026-09-17T01:19:53.558+0000] {processor.py:836} INFO - DAG(s) dict_keys(['tutorial_dag']) retrieved from /home/vscode/.local/lib/python3.10/site-packages/airflow/example_dags/tutorial_dag.py
[2026-09-17T01:19:53.574+0000] {logging_mixin.py:150} INFO - [2026-09-17T01:19:53.573+0000] {dag.py:2742} INFO - Sync 1 DAGs
[2026-09-17T01:19:53.590+0000] {logging_mixin.py:150} INFO - [2026-09-17T01:19:53.590+0000] {dag.py:3504} INFO - Setting next_dagrun for tutorial_dag to None, run_after=None
[2026-09-17T01:19:53.606+0000] {processor.py:179} INFO - Processing /home/vscode/.local/lib/python3.10/site-packages/airflow/example_dags/tutorial_dag.py took 0.056 seconds
[2026-09-17T01:19:58.663+0000] {processor.py:157} INFO - Started process (PID=35307) to work on /home/vscode/.local/lib/python3.10/site-packages/airflow/example_dags/tutorial_dag.py
[2026-09-17T01:19:58.664+0000] {processor.py:826} INFO - Processing file /home/vscode/.local/lib/python3.10/site-packages/airflow/example_dags/tutorial_dag.py for tasks to queue
[2026-09-17T01:19:58.664+0000] {logging_mixin.py:150} INFO - [2026-09-17T01:19:58.664+0000] {dagbag.py:541} INFO - Filling up the DagBag from /home/vscode/.local/lib/python3.10/site-packages/airflow/example_dags/tutorial_dag.py
[2026-09-17T01:19:58.668+0000] {processor.py:836} INFO - DAG(s) dict_keys(['tutorial_dag']) retrieved from /home/vscode/.local/lib/python3.10/site-packages/airflow/example_dags/tutorial_dag.py
[2026-09-17T01:19:58.682+0000] {logging_mixin.py:150} INFO - [2026-09-17T01:19:58.682+0000] {dag.py:2742} INFO - Sync 1 DAGs
[2026-09-17T01:19:58.697+0000] {logging_mixin.py:150} INFO - [2026-09-17T01:19:58.697+0000] {dag.py:3504} INFO - Setting next_dagrun for tutorial_dag to None, run_after=None
[2026-09-17T01:19:58.719+0000] {processor.py:179} INFO - Processing /home/vscode/.local/lib/python3.10/site-packages/airflow/example_dags/tutorial_dag.py took 0.058 seconds
[2026-09-17T01:20:31.299+0000] {processor.py:157} INFO - Started process (PID=35572) to work on /home/vscode/.local/lib/python3.10/site-packages/airflow/example_dags/tutorial_dag.py
[2026-09-17T01:20:31.300+0000] {processor.py:826} INFO - Processing file /home/vscode/.local/lib/python3.10/site-packages/airflow/example_dags/tutorial_dag.py for tasks to queue
[2026-09-17T01:20:31.301+0000] {logging_mixin.py:150} INFO - [2026-09-17T01:20:31.301+0000] {dagbag.py:541} INFO - Filling up the DagBag from /home/vscode/.local/lib/python3.10/site-packages/airflow/example_dags/tutorial_dag.py
[2026-09-17T01:20:31.305+0000] {processor.py:836} INFO - DAG(s) dict_keys(['tutorial_dag']) retrieved from /home/vscode/.local/lib/python3.10/site-packages/airflow/example_dags/tutorial_dag.py
[2026-09-17T01:20:31.319+0000] {logging_mixin.py:150} INFO - [2026-09-17T01:20:31.318+0000] {dag.py:2742} INFO - Sync 1 DAGs
[2026-09-17T01:20:31.342+0000] {logging_mixin.py:150} INFO - [2026-09-17T01:20:31.342+0000] {dag.py:3504} INFO - Setting next_dagrun for tutorial_dag to None, run_after=None
[2026-09-17T01:20:31.371+0000] {processor.py:179} INFO - Processing /home/vscode/.local/lib/python3.10/site-packages/airflow/example_dags/tutorial_dag.py took 0.074 seconds
[2026-09-17T01:20:39.255+0000] {processor.py:157} INFO - Started process (PID=35632) to work on /home/vscode/.local/lib/python3.10/site-packages/airflow/example_dags/tutorial_dag.py
[2026-09-17T01:20:39.256+0000] {processor.py:826} INFO - Processing file /home/vscode/.local/lib/python3.10/site-packages/airflow/example_dags/tutorial_dag.py for tasks to queue
[2026-09-17T01:20:39.257+0000] {logging_mixin.py:150} INFO - [2026-09-17T01:20:39.256+0000] {dagbag.py:541} INFO - Filling up the DagBag from /home/vscode/.local/lib/python3.10/site-packages/airflow/example_dags/tutorial_dag.py
[2026-09-17T01:20:39.261+0000] {processor.py:836} INFO - DAG(s) dict_keys(['tutorial_dag']) retrieved from /home/vscode/.local/lib/python3.10/site-packages/airflow/example_dags/tutorial_dag.py
[2026-09-17T01:20:39.274+0000] {logging_mixin.py:150} INFO - [2026-09-17T01:20:39.274+0000] {dag.py:2742} INFO - Sync 1 DAGs
[2026-09-17T01:20:39.297+0000] {logging_mixin.py:150} INFO - [2026-09-17T01:20:39.297+0000] {dag.py:3504} INFO - Setting next_dagrun for tutorial_dag to None, run_after=None
[2026-09-17T01:20:39.323+0000] {processor.py:179} INFO - Processing /home/vscode/.local/lib/python3.10/site-packages/airflow/example_dags/tutorial_dag.py took 0.070 seconds
[2026-09-17T01:21:03.452+0000] {processor.py:157} INFO - Started process (PID=36001) to work on /home/vscode/.local/lib/python3.10/site-packages/airflow/example_dags/tutorial_dag.py
[2026-09-17T01:21:03.454+0000] {processor.py:826} INFO - Processing file /home/vscode/.local/lib/python3.10/site-packages/airflow/example_dags/tutorial_dag.py for tasks to queue
[2026-09-17T01:21:03.455+0000] {logging_mixin.py:150} INFO - [2026-09-17T01:21:03.454+0000] {dagbag.py:541} INFO - Filling up the DagBag from /home/vscode/.local/lib/python3.10/site-packages/airflow/example_dags/tutorial_dag.py
[2026-09-17T01:21:03.464+0000] {processor.py:836} INFO - DAG(s) dict_keys(['tutorial_dag']) retrieved from /home/vscode/.local/lib/python3.10/site-packages/airflow/example_dags/tutorial_dag.py
[2026-09-17T01:21:03.512+0000] {logging_mixin.py:150} INFO - [2026-09-17T01:21:03.512+0000] {dag.py:2742} INFO - Sync 1 DAGs
[2026-09-17T01:21:03.668+0000] {logging_mixin.py:150} INFO - [2026-09-17T01:21:03.668+0000] {dag.py:3504} INFO - Setting next_dagrun for tutorial_dag to None, run_after=None
[2026-09-17T01:21:03.752+0000] {processor.py:179} INFO - Processing /home/vscode/.local/lib/python3.10/site-packages/airflow/example_dags/tutorial_dag.py took 0.305 seconds
[2026-09-17T01:21:11.821+0000] {processor.py:157} INFO - Started process (PID=36165) to work on /home/vscode/.local/lib/python3.10/site-packages/airflow/example_dags/tutorial_dag.py
[2026-09-17T01:21:11.822+0000] {processor.py:826} INFO - Processing file /home/vscode/.local/lib/python3.10/site-packages/airflow/example_dags/tutorial_dag.py for tasks to queue
[2026-09-17T01:21:11.823+0000] {logging_mixin.py:150} INFO - [2026-09-17T01:21:11.822+0000] {dagbag.py:541} INFO - Filling up the DagBag from /home/vscode/.local/lib/python3.10/site-packages/airflow/example_dags/tutorial_dag.py
[2026-09-17T01:21:11.828+0000] {processor.py:836} INFO - DAG(s) dict_keys(['tutorial_dag']) retrieved from /home/vscode/.local/lib/python3.10/site-packages/airflow/example_dags/tutorial_dag.py
[2026-09-17T01:21:11.841+0000] {logging_mixin.py:150} INFO - [2026-09-17T01:21:11.840+0000] {dag.py:2742} INFO - Sync 1 DAGs
[2026-09-17T01:21:11.855+0000] {logging_mixin.py:150} INFO - [2026-09-17T01:21:11.855+0000] {dag.py:3504} INFO - Setting next_dagrun for tutorial_dag to None, run_after=None
[2026-09-17T01:21:11.873+0000] {processor.py:179} INFO - Processing /home/vscode/.local/lib/python3.10/site-packages/airflow/example_dags/tutorial_dag.py took 0.055 seconds
[2026-09-17T01:21:44.282+0000] {processor.py:157} INFO - Started process (PID=36561) to work on /home/vscode/.local/lib/python3.10/site-packages/airflow/example_dags/tutorial_dag.py
[2026-09-17T01:21:44.283+0000] {processor.py:826} INFO - Processing file /home/vscode/.local/lib/python3.10/site-packages/airflow/example_dags/tutorial_dag.py for tasks to queue
[2026-09-17T01:21:44.284+0000] {logging_mixin.py:150} INFO - [2026-09-17T01:21:44.284+0000] {dagbag.py:541} INFO - Filling up the DagBag from /home/vscode/.local/lib/python3.10/site-packages/airflow/example_dags/tutorial_dag.py
[2026-09-17T01:21:44.292+0000] {processor.py:836} INFO - DAG(s) dict_keys(['tutorial_dag']) retrieved from /home/vscode/.local/lib/python3.10/site-packages/airflow/example_dags/tutorial_dag.py
[2026-09-17T01:21:44.315+0000] {logging_mixin.py:150} INFO - [2026-09-17T01:21:44.311+0000] {dag.py:2742} INFO - Sync 1 DAGs
[2026-09-17T01:21:44.337+0000] {logging_mixin.py:150} INFO - [2026-09-17T01:21:44.337+0000] {dag.py:3504} INFO - Setting next_dagrun for tutorial_dag to None, run_after=None
[2026-09-17T01:21:44.365+0000] {processor.py:179} INFO - Processing /home/vscode/.local/lib/python3.10/site-packages/airflow/example_dags/tutorial_dag.py took 0.087 seconds
[2026-09-17T01:21:52.373+0000] {processor.py:157} INFO - Started process (PID=36630) to work on /home/vscode/.local/lib/python3.10/site-packages/airflow/example_dags/tutorial_dag.py
[2026-09-17T01:21:52.374+0000] {processor.py:826} INFO - Processing file /home/vscode/.local/lib/python3.10/site-packages/airflow/example_dags/tutorial_dag.py for tasks to queue
[2026-09-17T01:21:52.375+0000] {logging_mixin.py:150} INFO - [2026-09-17T01:21:52.374+0000] {dagbag.py:541} INFO - Filling up the DagBag from /home/vscode/.local/lib/python3.10/site-packages/airflow/example_dags/tutorial_dag.py
[2026-09-17T01:21:52.381+0000] {processor.py:836} INFO - DAG(s) dict_keys(['tutorial_dag']) retrieved from /home/vscode/.local/lib/python3.10/site-packages/airflow/example_dags/tutorial_dag.py
[2026-09-17T01:21:52.396+0000] {logging_mixin.py:150} INFO - [2026-09-17T01:21:52.396+0000] {dag.py:2742} INFO - Sync 1 DAGs
[2026-09-17T01:21:52.410+0000] {logging_mixin.py:150} INFO - [2026-09-17T01:21:52.410+0000] {dag.py:3504} INFO - Setting next_dagrun for tutorial_dag to None, run_after=None
[2026-09-17T01:21:52.429+0000] {processor.py:179} INFO - Processing /home/vscode/.local/lib/python3.10/site-packages/airflow/example_dags/tutorial_dag.py took 0.059 seconds
[2026-09-17T01:22:18.151+0000] {processor.py:157} INFO - Started process (PID=37025) to work on /home/vscode/.local/lib/python3.10/site-packages/airflow/example_dags/tutorial_dag.py
[2026-09-17T01:22:18.152+0000] {processor.py:826} INFO - Processing file /home/vscode/.local/lib/python3.10/site-packages/airflow/example_dags/tutorial_dag.py for tasks to queue
[2026-09-17T01:22:18.153+0000] {logging_mixin.py:150} INFO - [2026-09-17T01:22:18.153+0000] {dagbag.py:541} INFO - Filling up the DagBag from /home/vscode/.local/lib/python3.10/site-packages/airflow/example_dags/tutorial_dag.py
[2026-09-17T01:22:18.160+0000] {processor.py:836} INFO - DAG(s) dict_keys(['tutorial_dag']) retrieved from /home/vscode/.local/lib/python3.10/site-packages/airflow/example_dags/tutorial_dag.py
[2026-09-17T01:22:18.175+0000] {logging_mixin.py:150} INFO - [2026-09-17T01:22:18.174+0000] {dag.py:2742} INFO - Sync 1 DAGs
[2026-09-17T01:22:18.192+0000] {logging_mixin.py:150} INFO - [2026-09-17T01:22:18.192+0000] {dag.py:3504} INFO - Setting next_dagrun for tutorial_dag to None, run_after=None
[2026-09-17T01:22:18.214+0000] {processor.py:179} INFO - Processing /home/vscode/.local/lib/python3.10/site-packages/airflow/example_dags/tutorial_dag.py took 0.066 seconds
[2026-09-17T01:22:24.824+0000] {processor.py:157} INFO - Started process (PID=37120) to work on /home/vscode/.local/lib/python3.10/site-packages/airflow/example_dags/tutorial_dag.py
[2026-09-17T01:22:24.824+0000] {processor.py:826} INFO - Processing file /home/vscode/.local/lib/python3.10/site-packages/airflow/example_dags/tutorial_dag.py for tasks to queue
[2026-09-17T01:22:24.825+0000] {logging_mixin.py:150} INFO - [2026-09-17T01:22:24.825+0000] {dagbag.py:541} INFO - Filling up the DagBag from /home/vscode/.local/lib/python3.10/site-packages/airflow/example_dags/tutorial_dag.py
[2026-09-17T01:22:24.829+0000] {processor.py:836} INFO - DAG(s) dict_keys(['tutorial_dag']) retrieved from /home/vscode/.local/lib/python3.10/site-packages/airflow/example_dags/tutorial_dag.py
[2026-09-17T01:22:24.842+0000] {logging_mixin.py:150} INFO - [2026-09-17T01:22:24.842+0000] {dag.py:2742} INFO - Sync 1 DAGs
[2026-09-17T01:22:24.860+0000] {logging_mixin.py:150} INFO - [2026-09-17T01:22:24.860+0000] {dag.py:3504} INFO - Setting next_dagrun for tutorial_dag to None, run_after=None
[2026-09-17T01:22:24.887+0000] {processor.py:179} INFO - Processing /home/vscode/.local/lib/python3.10/site-packages/airflow/example_dags/tutorial_dag.py took 0.066 seconds
[2026-09-17T01:22:52.747+0000] {processor.py:157} INFO - Started process (PID=37337) to work on /home/vscode/.local/lib/python3.10/site-packages/airflow/example_dags/tutorial_dag.py
[2026-09-17T01:22:52.748+0000] {processor.py:826} INFO - Processing file /home/vscode/.local/lib/python3.10/site-packages/airflow/example_dags/tutorial_dag.py for tasks to queue
[2026-09-17T01:22:52.748+0000] {logging_mixin.py:150} INFO - [2026-09-17T01:22:52.748+0000] {dagbag.py:541} INFO - Filling up the DagBag from /home/vscode/.local/lib/python3.10/site-packages/airflow/example_dags/tutorial_dag.py
[2026-09-17T01:22:52.753+0000] {processor.py:836} INFO - DAG(s) dict_keys(['tutorial_dag']) retrieved from /home/vscode/.local/lib/python3.10/site-packages/airflow/example_dags/tutorial_dag.py
[2026-09-17T01:22:52.766+0000] {logging_mixin.py:150} INFO - [2026-09-17T01:22:52.766+0000] {dag.py:2742} INFO - Sync 1 DAGs
[2026-09-17T01:22:52.780+0000] {logging_mixin.py:150} INFO - [2026-09-17T01:22:52.780+0000] {dag.py:3504} INFO - Setting next_dagrun for tutorial_dag to None, run_after=None
[2026-09-17T01:22:52.797+0000] {processor.py:179} INFO - Processing /home/vscode/.local/lib/python3.10/site-packages/airflow/example_dags/tutorial_dag.py took 0.053 seconds
[2026-09-17T01:23:12.796+0000] {processor.py:157} INFO - Started process (PID=37538) to work on /home/vscode/.local/lib/python3.10/site-packages/airflow/example_dags/tutorial_dag.py
[2026-09-17T01:23:12.797+0000] {processor.py:826} INFO - Processing file /home/vscode/.local/lib/python3.10/site-packages/airflow/example_dags/tutorial_dag.py for tasks to queue
[2026-09-17T01:23:12.798+0000] {logging_mixin.py:150} INFO - [2026-09-17T01:23:12.797+0000] {dagbag.py:541} INFO - Filling up the DagBag from /home/vscode/.local/lib/python3.10/site-packages/airflow/example_dags/tutorial_dag.py
[2026-09-17T01:23:12.804+0000] {processor.py:836} INFO - DAG(s) dict_keys(['tutorial_dag']) retrieved from /home/vscode/.local/lib/python3.10/site-packages/airflow/example_dags/tutorial_dag.py
[2026-09-17T01:23:12.823+0000] {logging_mixin.py:150} INFO - [2026-09-17T01:23:12.823+0000] {dag.py:2742} INFO - Sync 1 DAGs
[2026-09-17T01:23:12.856+0000] {logging_mixin.py:150} INFO - [2026-09-17T01:23:12.856+0000] {dag.py:3504} INFO - Setting next_dagrun for tutorial_dag to None, run_after=None
[2026-09-17T01:23:12.882+0000] {processor.py:179} INFO - Processing /home/vscode/.local/lib/python3.10/site-packages/airflow/example_dags/tutorial_dag.py took 0.091 seconds
[2026-09-17T01:23:39.574+0000] {processor.py:157} INFO - Started process (PID=37776) to work on /home/vscode/.local/lib/python3.10/site-packages/airflow/example_dags/tutorial_dag.py
[2026-09-17T01:23:39.575+0000] {processor.py:826} INFO - Processing file /home/vscode/.local/lib/python3.10/site-packages/airflow/example_dags/tutorial_dag.py for tasks to queue
[2026-09-17T01:23:39.576+0000] {logging_mixin.py:150} INFO - [2026-09-17T01:23:39.575+0000] {dagbag.py:541} INFO - Filling up the DagBag from /home/vscode/.local/lib/python3.10/site-packages/airflow/example_dags/tutorial_dag.py
[2026-09-17T01:23:39.580+0000] {processor.py:836} INFO - DAG(s) dict_keys(['tutorial_dag']) retrieved from /home/vscode/.local/lib/python3.10/site-packages/airflow/example_dags/tutorial_dag.py
[2026-09-17T01:23:39.597+0000] {logging_mixin.py:150} INFO - [2026-09-17T01:23:39.596+0000] {dag.py:2742} INFO - Sync 1 DAGs
[2026-09-17T01:23:39.612+0000] {logging_mixin.py:150} INFO - [2026-09-17T01:23:39.612+0000] {dag.py:3504} INFO - Setting next_dagrun for tutorial_dag to None, run_after=None
[2026-09-17T01:23:39.632+0000] {processor.py:179} INFO - Processing /home/vscode/.local/lib/python3.10/site-packages/airflow/example_dags/tutorial_dag.py took 0.060 seconds
[2026-09-17T01:23:47.268+0000] {processor.py:157} INFO - Started process (PID=37841) to work on /home/vscode/.local/lib/python3.10/site-packages/airflow/example_dags/tutorial_dag.py
[2026-09-17T01:23:47.269+0000] {processor.py:826} INFO - Processing file /home/vscode/.local/lib/python3.10/site-packages/airflow/example_dags/tutorial_dag.py for tasks to queue
[2026-09-17T01:23:47.269+0000] {logging_mixin.py:150} INFO - [2026-09-17T01:23:47.269+0000] {dagbag.py:541} INFO - Filling up the DagBag from /home/vscode/.local/lib/python3.10/site-packages/airflow/example_dags/tutorial_dag.py
[2026-09-17T01:23:47.274+0000] {processor.py:836} INFO - DAG(s) dict_keys(['tutorial_dag']) retrieved from /home/vscode/.local/lib/python3.10/site-packages/airflow/example_dags/tutorial_dag.py
[2026-09-17T01:23:47.288+0000] {logging_mixin.py:150} INFO - [2026-09-17T01:23:47.288+0000] {dag.py:2742} INFO - Sync 1 DAGs
[2026-09-17T01:23:47.306+0000] {logging_mixin.py:150} INFO - [2026-09-17T01:23:47.306+0000] {dag.py:3504} INFO - Setting next_dagrun for tutorial_dag to None, run_after=None
[2026-09-17T01:23:47.322+0000] {processor.py:179} INFO - Processing /home/vscode/.local/lib/python3.10/site-packages/airflow/example_dags/tutorial_dag.py took 0.057 seconds
[2026-09-17T01:24:15.440+0000] {processor.py:157} INFO - Started process (PID=38235) to work on /home/vscode/.local/lib/python3.10/site-packages/airflow/example_dags/tutorial_dag.py
[2026-09-17T01:24:15.441+0000] {processor.py:826} INFO - Processing file /home/vscode/.local/lib/python3.10/site-packages/airflow/example_dags/tutorial_dag.py for tasks to queue
[2026-09-17T01:24:15.442+0000] {logging_mixin.py:150} INFO - [2026-09-17T01:24:15.441+0000] {dagbag.py:541} INFO - Filling up the DagBag from /home/vscode/.local/lib/python3.10/site-packages/airflow/example_dags/tutorial_dag.py
[2026-09-17T01:24:15.446+0000] {processor.py:836} INFO - DAG(s) dict_keys(['tutorial_dag']) retrieved from /home/vscode/.local/lib/python3.10/site-packages/airflow/example_dags/tutorial_dag.py
[2026-09-17T01:24:15.459+0000] {logging_mixin.py:150} INFO - [2026-09-17T01:24:15.459+0000] {dag.py:2742} INFO - Sync 1 DAGs
[2026-09-17T01:24:15.473+0000] {logging_mixin.py:150} INFO - [2026-09-17T01:24:15.473+0000] {dag.py:3504} INFO - Setting next_dagrun for tutorial_dag to None, run_after=None
[2026-09-17T01:24:15.493+0000] {processor.py:179} INFO - Processing /home/vscode/.local/lib/python3.10/site-packages/airflow/example_dags/tutorial_dag.py took 0.056 seconds
[2026-09-17T01:24:33.983+0000] {processor.py:157} INFO - Started process (PID=38520) to work on /home/vscode/.local/lib/python3.10/site-packages/airflow/example_dags/tutorial_dag.py
[2026-09-17T01:24:33.983+0000] {processor.py:826} INFO - Processing file /home/vscode/.local/lib/python3.10/site-packages/airflow/example_dags/tutorial_dag.py for tasks to queue
[2026-09-17T01:24:33.984+0000] {logging_mixin.py:150} INFO - [2026-09-17T01:24:33.984+0000] {dagbag.py:541} INFO - Filling up the DagBag from /home/vscode/.local/lib/python3.10/site-packages/airflow/example_dags/tutorial_dag.py
[2026-09-17T01:24:33.990+0000] {processor.py:836} INFO - DAG(s) dict_keys(['tutorial_dag']) retrieved from /home/vscode/.local/lib/python3.10/site-packages/airflow/example_dags/tutorial_dag.py
[2026-09-17T01:24:34.006+0000] {logging_mixin.py:150} INFO - [2026-09-17T01:24:34.006+0000] {dag.py:2742} INFO - Sync 1 DAGs
[2026-09-17T01:24:34.020+0000] {logging_mixin.py:150} INFO - [2026-09-17T01:24:34.020+0000] {dag.py:3504} INFO - Setting next_dagrun for tutorial_dag to None, run_after=None
[2026-09-17T01:24:34.040+0000] {processor.py:179} INFO - Processing /home/vscode/.local/lib/python3.10/site-packages/airflow/example_dags/tutorial_dag.py took 0.060 seconds
